Strategy,Return basis,path_id,method,n_source_obs,status,n_obs,annualized_return,annualized_volatility,sharpe,sortino,max_drawdown,var_95,cvar_95,terminal_wealth,reason
Equal premium,Gross before costs,0,ewma_residual_fallback_insufficient_egarch_obs,60,ok,60,-0.7028049672685684,1.4119376416182585,-0.165848233502562,-0.2619567301065429,-0.9997737334521676,0.489793106985363,0.5316731947659736,0.0023185033733419797,insufficient_egarch_obs
Equal premium,Gross before costs,1,ewma_residual_fallback_insufficient_egarch_obs,60,ok,60,-0.8298017719618251,1.2884789764873459,-0.6510833916680554,-0.908460437924608,-0.9998971718688919,0.5306089535713542,0.6307400297618514,0.00014281544298293556,insufficient_egarch_obs
Equal premium,Gross before costs,2,ewma_residual_fallback_insufficient_egarch_obs,60,ok,60,-0.6650248252185194,1.1965614685263846,-0.3318438530645958,-0.526354224561317,-0.9978662115496642,0.4112867581878264,0.5383377866999374,0.0042175778911104755,insufficient_egarch_obs
Equal premium,Gross before costs,3,ewma_residual_fallback_insufficient_egarch_obs,60,ok,60,-0.7913265099876978,1.375901215272735,-0.35121751202328777,-0.5039533185965979,-0.9998706243116648,0.5650997800992114,0.7022759960858802,0.000395672983652578,insufficient_egarch_obs
Equal premium,Gross before costs,4,ewma_residual_fallback_insufficient_egarch_obs,60,ok,60,-0.8345973085752281,1.5858246766011082,-0.20383487980117135,-0.3059752223521891,-0.9999506987573527,0.6155710713470874,0.769456720135388,0.00012379778105057337,insufficient_egarch_obs
Equal premium,Gross before costs,5,ewma_residual_fallback_insufficient_egarch_obs,60,ok,60,-0.5005229165889207,1.6062951563252466,0.34726431320887857,0.6163715034781333,-0.9862162545236051,0.5788610325217372,0.6857560817320915,0.031086930010879782,insufficient_egarch_obs
Equal premium,Gross before costs,6,ewma_residual_fallback_insufficient_egarch_obs,60,ok,60,-0.8404096563161225,1.197056251889744,-0.8082689300860237,-1.0497529653426318,-0.9999382284011373,0.44849886837118597,0.584063372513672,0.00010352209444387129,insufficient_egarch_obs
Equal premium,Gross before costs,7,ewma_residual_fallback_insufficient_egarch_obs,60,ok,60,-1.0,1.8327137498432795,-0.1424524554155043,-0.22130806073020248,-1.0002336523111657,0.6944434941687743,0.833007109413406,-3.4966750221097036e-06,insufficient_egarch_obs
Equal premium,Gross before costs,8,ewma_residual_fallback_insufficient_egarch_obs,60,ok,60,-0.9148782164031956,1.2201906137662941,-1.2006334200447542,-1.440758257056764,-0.999993171125758,0.5250345949899,0.6087768912418857,4.46893023727927e-06,insufficient_egarch_obs
Equal premium,Gross before costs,9,ewma_residual_fallback_insufficient_egarch_obs,60,ok,60,-0.7678988277900783,1.1629383743931476,-0.5502726335618181,-0.7222530625111191,-0.999295923787363,0.5319146458278796,0.6197620675658851,0.0006735761002363899,insufficient_egarch_obs
Equal premium,Gross before costs,10,ewma_residual_fallback_insufficient_egarch_obs,60,ok,60,-0.6681909152042795,1.2070610377054838,-0.3160248129903779,-0.4820628505952033,-0.9984781856192618,0.4590882891225477,0.48359955107534264,0.004021993489642503,insufficient_egarch_obs
Equal premium,Gross before costs,11,ewma_residual_fallback_insufficient_egarch_obs,60,ok,60,-0.7208311872251347,2.0655308266019468,0.4044453771109113,0.7332139618320854,-0.9990252462429932,0.6936893276013927,0.7675547244707003,0.00169564329997386,insufficient_egarch_obs
Equal premium,Gross before costs,12,ewma_residual_fallback_insufficient_egarch_obs,60,ok,60,-1.0,1.886118025460784,-0.601864117065393,-0.8284102342711233,-1.0019571667630074,0.7868619300725309,1.0199918816511693,-3.155430966999069e-11,insufficient_egarch_obs
Equal premium,Gross before costs,13,ewma_residual_fallback_insufficient_egarch_obs,60,ok,60,-0.7268133725917376,1.4445295231616153,-0.1612302292882101,-0.25254452776508435,-0.9998907791103726,0.5636732455062055,0.608246220171938,0.001521588380786858,insufficient_egarch_obs
Equal premium,Gross before costs,14,ewma_residual_fallback_insufficient_egarch_obs,60,ok,60,-0.7523655821238541,1.1103336557749843,-0.6048223822434309,-0.7939948521305363,-0.999325330429032,0.4874167516541155,0.5801811423516193,0.0009312258613061133,insufficient_egarch_obs
Equal premium,Gross before costs,15,ewma_residual_fallback_insufficient_egarch_obs,60,ok,60,-0.7924890789565585,1.196687329518006,-0.6144236610528315,-0.8152604363202691,-0.9998742453490981,0.5218633884232429,0.5960610718775124,0.0003847731778213451,insufficient_egarch_obs
Equal premium,Gross before costs,16,ewma_residual_fallback_insufficient_egarch_obs,60,ok,60,-0.9609223884531651,1.5839124074325268,-0.9212669142246767,-1.2053477322059167,-0.9999999073842456,0.7802823111934507,0.8336832432734974,9.112552790044074e-08,insufficient_egarch_obs
Equal premium,Gross before costs,17,ewma_residual_fallback_insufficient_egarch_obs,60,ok,60,-0.9548612212830387,1.3975291038506878,-0.9867621590990114,-1.1601758966163889,-0.9999997307234426,0.7085524545572189,0.8464145213403166,1.8739112684083433e-07,insufficient_egarch_obs
Equal premium,Gross before costs,18,ewma_residual_fallback_insufficient_egarch_obs,60,ok,60,-0.9417555571160826,1.726580766057824,-0.44631281925151295,-0.6135573922647483,-0.9999998686840365,0.7257139042436913,0.8372309707580188,6.703050289719648e-07,insufficient_egarch_obs
Equal premium,Gross before costs,19,ewma_residual_fallback_insufficient_egarch_obs,60,ok,60,-0.6415321503695527,1.4380690719625673,0.0693083476684758,0.10947757266523422,-0.9979171778225735,0.5449155742472133,0.6646397242606069,0.005919036977319997,insufficient_egarch_obs
Equal premium,Gross before costs,20,ewma_residual_fallback_insufficient_egarch_obs,60,ok,60,-0.754833346780644,1.7290947322324324,0.06711516542104647,0.1084417279824648,-0.9995033514024075,0.6052653978549788,0.6738154531314295,0.0008857414985472058,insufficient_egarch_obs
Equal premium,Gross before costs,21,ewma_residual_fallback_insufficient_egarch_obs,60,ok,60,-0.7657351510796951,1.1531819870242885,-0.5863225004694277,-0.7837961044008895,-0.9986733188102224,0.5178396076757484,0.5949140628938023,0.0007055627452421205,insufficient_egarch_obs
Equal premium,Gross before costs,22,ewma_residual_fallback_insufficient_egarch_obs,60,ok,60,-0.912870340633211,1.5457194612894753,-0.5786594130595227,-0.7765571085606502,-0.9999903112531338,0.638480771410221,0.7779478431549455,5.021460847364656e-06,insufficient_egarch_obs
Equal premium,Gross before costs,23,ewma_residual_fallback_insufficient_egarch_obs,60,ok,60,-0.8497128698111647,1.717973449122412,-0.1288083090912868,-0.19744974464645712,-0.9999645636418509,0.5898630890319795,0.7414591133623598,7.666708609822687e-05,insufficient_egarch_obs
Equal premium,Gross before costs,24,ewma_residual_fallback_insufficient_egarch_obs,60,ok,60,-0.8577480182330067,1.4351813602755337,-0.5930325246691555,-0.8768343353555694,-0.9999137335165241,0.4991090894042439,0.6160080804943052,5.824942292276931e-05,insufficient_egarch_obs
Equal premium,Gross before costs,25,ewma_residual_fallback_insufficient_egarch_obs,60,ok,60,-0.8771510620486858,1.512415323193403,-0.5152079844504748,-0.7381453894588264,-0.9999832839682189,0.5261886022422967,0.6860933662720732,2.798060054230257e-05,insufficient_egarch_obs
Equal premium,Gross before costs,26,ewma_residual_fallback_insufficient_egarch_obs,60,ok,60,-0.6584464903427988,1.3404899066991252,-0.13906222117022418,-0.21504298961349266,-0.9919298423427392,0.4616438884594271,0.4985137182654676,0.004648295847773649,insufficient_egarch_obs
Equal premium,Gross before costs,27,ewma_residual_fallback_insufficient_egarch_obs,60,ok,60,-0.861807529973586,1.5926636159588725,-0.3709265831407307,-0.5597991252636187,-0.9999830255490967,0.5932889127476962,0.7275255033180189,5.039899739861882e-05,insufficient_egarch_obs
Equal premium,Gross before costs,28,ewma_residual_fallback_insufficient_egarch_obs,60,ok,60,-0.6863137488625145,1.3260060662775306,-0.19256498711420525,-0.2921633081077834,-0.9996802298999974,0.45717894970374545,0.569532953004462,0.0030372281750014572,insufficient_egarch_obs
Equal premium,Gross before costs,29,ewma_residual_fallback_insufficient_egarch_obs,60,ok,60,-0.8925850242034891,1.8041041573977639,-0.10636698198153798,-0.1624413917946097,-0.9999679523695242,0.7090076252314125,0.8313773265615074,1.4299609397810952e-05,insufficient_egarch_obs
Equal premium,Gross before costs,30,ewma_residual_fallback_insufficient_egarch_obs,60,ok,60,-0.7481607422692834,1.5323284384659772,-0.13144582689112716,-0.20701656564264614,-0.9990645172880429,0.5276342913409617,0.576816967070577,0.0010130179788900749,insufficient_egarch_obs
Equal premium,Gross before costs,31,ewma_residual_fallback_insufficient_egarch_obs,60,ok,60,-0.8667383878735464,1.1676156396084119,-0.9272698614306608,-1.1433977397106225,-0.9999481954166078,0.5291131761901888,0.6467214662397535,4.2026702344339467e-05,insufficient_egarch_obs
Equal premium,Gross before costs,32,ewma_residual_fallback_insufficient_egarch_obs,60,ok,60,-0.7863346597717211,1.2579291989117651,-0.4316816798202171,-0.5850663368604776,-0.9997684965194973,0.5801861666328908,0.7423567912798652,0.0004453181472320076,insufficient_egarch_obs
Equal premium,Gross before costs,33,ewma_residual_fallback_insufficient_egarch_obs,60,ok,60,-0.5972057865113412,1.5948427506432812,0.2008430953711881,0.34345810727970605,-0.996555231223214,0.5933485512363605,0.6466051586346794,0.010602691237101452,insufficient_egarch_obs
Equal premium,Gross before costs,34,ewma_residual_fallback_insufficient_egarch_obs,60,ok,60,0.026739833466919105,1.6843091019911172,0.8028582812580255,1.5593553336106734,-0.9547004712352585,0.5757719231303153,0.6390933638467104,1.14104311901042,insufficient_egarch_obs
Equal premium,Gross before costs,35,ewma_residual_fallback_insufficient_egarch_obs,60,ok,60,-0.7331895684346572,1.4603725355231127,-0.18562020634769602,-0.29705455508171785,-0.99968801380217,0.5417013339576129,0.578969623500629,0.0013521162322981382,insufficient_egarch_obs
Equal premium,Gross before costs,36,ewma_residual_fallback_insufficient_egarch_obs,60,ok,60,-0.8052312398493139,1.293715886404543,-0.5187438334692567,-0.7437337518370832,-0.999877647584887,0.458723775937558,0.7102704068341669,0.00028028283283494074,insufficient_egarch_obs
Equal premium,Gross before costs,37,ewma_residual_fallback_insufficient_egarch_obs,60,ok,60,-0.860455743249023,1.227068601828181,-0.891405580139603,-1.1744502083985764,-0.9999114221268275,0.5151856207823505,0.5932728921997473,5.2912689184737644e-05,insufficient_egarch_obs
Equal premium,Gross before costs,38,ewma_residual_fallback_insufficient_egarch_obs,60,ok,60,-0.8762014408794895,1.3106990013398876,-0.8346418429254147,-1.1046302025959573,-0.999983767135321,0.5217588197736034,0.5451389532951262,2.9078898396632436e-05,insufficient_egarch_obs
Equal premium,Gross before costs,39,ewma_residual_fallback_insufficient_egarch_obs,60,ok,60,-0.9990001599066995,1.6313837222167253,-1.4099999009115773,-1.5792410663721423,-0.9999999999999992,0.7778823081779219,0.981909404137102,9.830039214252603e-16,insufficient_egarch_obs
Equal premium,Gross before costs,40,ewma_residual_fallback_insufficient_egarch_obs,60,ok,60,-0.7710146719229036,1.760032592412181,0.05289571156446416,0.08783653627088965,-0.9998634243517353,0.6440978229314404,0.710094057919051,0.0006295616747684111,insufficient_egarch_obs
Equal premium,Gross before costs,41,ewma_residual_fallback_insufficient_egarch_obs,60,ok,60,-0.9512680225561604,1.5860055518999445,-0.8006758697407185,-1.066463679637525,-0.9999995543415598,0.6487955389492245,0.8121160548465705,2.7483381894241893e-07,insufficient_egarch_obs
Equal premium,Gross before costs,42,ewma_residual_fallback_insufficient_egarch_obs,60,ok,60,-0.684931873540751,1.3272109784629587,-0.196909114823767,-0.3051907832551938,-0.9959225545541123,0.5232353921788755,0.57129405483894,0.00310471937738977,insufficient_egarch_obs
Equal premium,Gross before costs,43,ewma_residual_fallback_insufficient_egarch_obs,60,ok,60,-0.8740086997877651,1.436737521837967,-0.5471495010056079,-0.7438353459267468,-0.9999925786527808,0.6456503264767364,0.7298278617379191,3.1747007096471786e-05,insufficient_egarch_obs
Equal premium,Gross before costs,44,ewma_residual_fallback_insufficient_egarch_obs,60,ok,60,-0.9297094258693233,1.3986714824436082,-1.0401886540030219,-1.3509645155652703,-0.9999984028952856,0.5717670028780241,0.6369050657659642,1.7158742353954426e-06,insufficient_egarch_obs
Equal premium,Gross before costs,45,ewma_residual_fallback_insufficient_egarch_obs,60,ok,60,-0.7151394363188244,1.5247741772964314,-0.07728047262611995,-0.12470352617446887,-0.999327061455172,0.5401326571174223,0.5987569898682682,0.0018756925206861745,insufficient_egarch_obs
Equal premium,Gross before costs,46,ewma_residual_fallback_insufficient_egarch_obs,60,ok,60,-0.9559116869644582,1.5449378458464813,-1.00435840305154,-1.2990589282602572,-0.999999974213013,0.6843998338727229,0.7301692338512996,1.6657790970767404e-07,insufficient_egarch_obs
Equal premium,Gross before costs,47,ewma_residual_fallback_insufficient_egarch_obs,60,ok,60,-0.7836804956129623,1.2280081370537512,-0.5717662469146523,-0.7885301472401277,-0.9998729096441036,0.460246582734492,0.522832976982961,0.00047367274495422376,insufficient_egarch_obs
Equal premium,Gross before costs,48,ewma_residual_fallback_insufficient_egarch_obs,60,ok,60,-0.903433784584234,1.760817619967179,-0.0736682582594848,-0.11453047275699656,-0.9999982709421968,0.7134944016290758,0.8352489438543685,8.397036775573993e-06,insufficient_egarch_obs
Equal premium,Gross before costs,49,ewma_residual_fallback_insufficient_egarch_obs,60,ok,60,-0.8685431393024357,1.5557870258955568,-0.1874826366833869,-0.26970731992767305,-0.9999618112298765,0.5693838157513755,0.7760417908161282,3.925692549412146e-05,insufficient_egarch_obs
Equal premium,Gross before costs,50,ewma_residual_fallback_insufficient_egarch_obs,60,ok,60,-0.9586634340325412,1.6247454052723946,-0.7543812533234702,-1.005133757670345,-0.9999998358182365,0.5948444591510287,0.7319022084267784,1.2069019084475764e-07,insufficient_egarch_obs
Equal premium,Gross before costs,51,ewma_residual_fallback_insufficient_egarch_obs,60,ok,60,-0.7903136412945614,1.4619435827985905,-0.2880060129941591,-0.4285704085688994,-0.9999220895571923,0.5734307617470936,0.5970247161479475,0.0004053693328990348,insufficient_egarch_obs
Equal premium,Gross before costs,52,ewma_residual_fallback_insufficient_egarch_obs,60,ok,60,-0.8640663251835512,1.5045568760357209,-0.42923160580821756,-0.5940108950729883,-0.9999774868745064,0.5528240629403537,0.6856565278539493,4.6412534882637424e-05,insufficient_egarch_obs
Equal premium,Gross before costs,53,ewma_residual_fallback_insufficient_egarch_obs,60,ok,60,-0.29338740268526253,1.4320332869925756,0.4322572596965827,0.759677314497397,-0.9484847552466956,0.5115139071105775,0.5503846374632143,0.17615982829359864,insufficient_egarch_obs
Equal premium,Gross before costs,54,ewma_residual_fallback_insufficient_egarch_obs,60,ok,60,-0.8498630433090872,1.5207960963734726,-0.20657218450681208,-0.3098351287588484,-0.9999612444323753,0.5965334068439639,0.7365952801080399,7.628480525551058e-05,insufficient_egarch_obs
Equal premium,Gross before costs,55,ewma_residual_fallback_insufficient_egarch_obs,60,ok,60,-0.7476323550079471,1.2131917214753893,-0.522052851515725,-0.7740059064802318,-0.9994635016581807,0.4735870214030835,0.4960125219288574,0.001023689798175193,insufficient_egarch_obs
Equal premium,Gross before costs,56,ewma_residual_fallback_insufficient_egarch_obs,60,ok,60,-1.0,1.7763948917622234,0.8637900297680791,1.7143906702081553,-1.2065698885105973,0.5184433117119711,0.7488074898192117,-0.4809575717688524,insufficient_egarch_obs
Equal premium,Gross before costs,57,ewma_residual_fallback_insufficient_egarch_obs,60,ok,60,-0.938361969884976,1.4574713853462682,-0.9731538484398927,-1.248323725064529,-0.9999996455971559,0.5523665500898982,0.6717921908148293,8.897003336832305e-07,insufficient_egarch_obs
Equal premium,Gross before costs,58,ewma_residual_fallback_insufficient_egarch_obs,60,ok,60,-0.8804129661557895,1.3730915153166798,-0.6677271989186045,-0.8878179898445918,-0.9999704875473063,0.5605795355484449,0.7099762097752524,2.4457973514773514e-05,insufficient_egarch_obs
Equal premium,Gross before costs,59,ewma_residual_fallback_insufficient_egarch_obs,60,ok,60,-0.8280083297261307,1.6180726195915789,-0.15571958922069504,-0.2392551304539759,-0.9998813278668466,0.5413525061317525,0.7469245446570317,0.00015050019773705159,insufficient_egarch_obs
Equal premium,Gross before costs,60,ewma_residual_fallback_insufficient_egarch_obs,60,ok,60,-0.7318387831342719,1.2897627792505324,-0.27390202698346156,-0.3899423483464829,-0.9995298450329674,0.6110952694919584,0.6845432930756693,0.0013866914522466162,insufficient_egarch_obs
Equal premium,Gross before costs,61,ewma_residual_fallback_insufficient_egarch_obs,60,ok,60,-1.0,1.2227263505035688,-0.8639192921885969,-1.0581158510121793,-1.0422887347817908,0.576855684881875,0.7667017434964435,-1.199307011080017e-05,insufficient_egarch_obs
Equal premium,Gross before costs,62,ewma_residual_fallback_insufficient_egarch_obs,60,ok,60,-0.7964773436313088,1.0777789662866624,-0.8327002308907306,-1.0636519184179514,-0.9997575523727743,0.5044905799334343,0.5583299608189491,0.0003491916193184786,insufficient_egarch_obs
Equal premium,Gross before costs,63,ewma_residual_fallback_insufficient_egarch_obs,60,ok,60,-0.9460836506728143,1.2470615035666057,-1.3101660689714119,-1.5038810680155599,-0.9999991545236616,0.5533624446386429,0.7633823426571865,4.556195935641556e-07,insufficient_egarch_obs
Equal premium,Gross before costs,64,ewma_residual_fallback_insufficient_egarch_obs,60,ok,60,-0.8901113289822011,1.4831029202172157,-0.6337800315145332,-0.8786621240005897,-0.9999959162291459,0.5853684892626551,0.6634489106997918,1.6023766417762255e-05,insufficient_egarch_obs
Equal premium,Gross before costs,65,ewma_residual_fallback_insufficient_egarch_obs,60,ok,60,-0.7938727706193289,1.6148835052434836,-0.11989890802249667,-0.18359156637208396,-0.9995167103668754,0.562468660726784,0.6566343892645795,0.0003721147020262681,insufficient_egarch_obs
Equal premium,Gross before costs,66,ewma_residual_fallback_insufficient_egarch_obs,60,ok,60,-0.6812891083054323,1.3571752509966442,-0.16591579799162928,-0.2607972413459672,-0.9984393398566804,0.534710500157412,0.5638433615897708,0.0032883991479340023,insufficient_egarch_obs
Equal premium,Gross before costs,67,ewma_residual_fallback_insufficient_egarch_obs,60,ok,60,-0.6846808859894518,1.5497750736649085,0.07756562822617304,0.1210717864092332,-0.9972357302210896,0.5574916008682261,0.6889916818562362,0.003117105403674753,insufficient_egarch_obs
Equal premium,Gross before costs,68,ewma_residual_fallback_insufficient_egarch_obs,60,ok,60,-0.819072951080376,1.4953322902045367,-0.3571300574906991,-0.534431157036249,-0.9997711883832225,0.5998038913836985,0.6255728035969016,0.00019387307453026982,insufficient_egarch_obs
Equal premium,Gross before costs,69,ewma_residual_fallback_insufficient_egarch_obs,60,ok,60,-1.0,1.3060070689730345,-0.5035731749435581,-0.6923666274436406,-1.0026922755196253,0.5185789485023788,0.7162814255267476,-2.798360311680874e-06,insufficient_egarch_obs
Equal premium,Gross before costs,70,ewma_residual_fallback_insufficient_egarch_obs,60,ok,60,-0.6946742644168572,1.1818390964899461,-0.3578324452737824,-0.4956520241549458,-0.9985328421504093,0.443335323432065,0.5444796684601365,0.002653487586852865,insufficient_egarch_obs
Equal premium,Gross before costs,71,ewma_residual_fallback_insufficient_egarch_obs,60,ok,60,-0.8246885951929477,1.6377121323604222,-0.044684084399544084,-0.06713921746916311,-0.999969238630732,0.5967488075156034,0.8232268513498654,0.000165596384021148,insufficient_egarch_obs
Equal premium,Gross before costs,72,ewma_residual_fallback_insufficient_egarch_obs,60,ok,60,-0.7436108665689638,1.3763402863822205,-0.21988699608882292,-0.3270213246394533,-0.9995627544029732,0.5535566636505044,0.7065079750805202,0.0011078936480928188,insufficient_egarch_obs
Equal premium,Gross before costs,73,ewma_residual_fallback_insufficient_egarch_obs,60,ok,60,-0.8618255050883179,1.4640588223665492,-0.4217458211184307,-0.5827449477612013,-0.9999518469792419,0.5779303915785005,0.740661931743099,5.036622817044747e-05,insufficient_egarch_obs
Equal premium,Gross before costs,74,ewma_residual_fallback_insufficient_egarch_obs,60,ok,60,-0.9744049371293615,1.3932096567492038,-1.4638897197400822,-1.6856678475265003,-0.9999999882609865,0.6056053393339654,0.8194113970148561,1.09845179451557e-08,insufficient_egarch_obs
Equal premium,Gross before costs,75,ewma_residual_fallback_insufficient_egarch_obs,60,ok,60,-0.9167273705974076,1.6733933032345953,-0.3376040100294161,-0.48910189990737996,-0.9999961295800738,0.5993355769767876,0.8291027649246177,4.0041597007511535e-06,insufficient_egarch_obs
Equal premium,Gross before costs,76,ewma_residual_fallback_insufficient_egarch_obs,60,ok,60,-0.5318747687285719,1.801605071332499,0.5661450478653878,1.0743190572701178,-0.9888248295515627,0.524760183866274,0.7664890013214576,0.02248072163288133,insufficient_egarch_obs
Equal premium,Gross before costs,77,ewma_residual_fallback_insufficient_egarch_obs,60,ok,60,-0.8049021426276014,1.1983436878472995,-0.7312858430077659,-1.0358315026833353,-0.9994514862352925,0.4602734419301762,0.5037303761016564,0.0002826587924642184,insufficient_egarch_obs
Equal premium,Gross before costs,78,ewma_residual_fallback_insufficient_egarch_obs,60,ok,60,-0.9232828620678849,1.7528544770462888,-0.23759922569832936,-0.348523727536342,-0.9999992839885558,0.7058974544935318,0.8622330119305192,2.6574307846139282e-06,insufficient_egarch_obs
Equal premium,Gross before costs,79,ewma_residual_fallback_insufficient_egarch_obs,60,ok,60,-0.6073098934485437,1.371378392707451,0.028313124738297286,0.04502615667270491,-0.998219559503932,0.5288784255618366,0.605066203539912,0.009337912473945737,insufficient_egarch_obs
Equal premium,Gross before costs,80,ewma_residual_fallback_insufficient_egarch_obs,60,ok,60,-0.6337133758042188,1.2546579077952502,-0.13937247852838314,-0.20862279617833088,-0.9932059679877537,0.4818210005259569,0.5649646421662777,0.0065933373699383685,insufficient_egarch_obs
Equal premium,Gross before costs,81,ewma_residual_fallback_insufficient_egarch_obs,60,ok,60,-0.8621312768498611,1.6089863926101167,-0.23332446805111778,-0.3472130776631825,-0.9999648363542765,0.6134589510434304,0.7879252132028491,4.981140218986669e-05,insufficient_egarch_obs
Equal premium,Gross before costs,82,ewma_residual_fallback_insufficient_egarch_obs,60,ok,60,-0.8890312461167134,1.21998303226172,-0.9870051399720209,-1.2147829929554579,-0.9999898818000409,0.5325809763984036,0.6686149528844624,1.682687799704338e-05,insufficient_egarch_obs
Equal premium,Gross before costs,83,ewma_residual_fallback_insufficient_egarch_obs,60,ok,60,-0.837236473170729,1.364349705978397,-0.5276423773493543,-0.7318274993257328,-0.9999528768019712,0.5396487440824828,0.6636547235867987,0.00011423138930500301,insufficient_egarch_obs
Equal premium,Gross before costs,84,ewma_residual_fallback_insufficient_egarch_obs,60,ok,60,-0.5244642920204445,1.0543170288794117,-0.15995821264913432,-0.23928365297682339,-0.9862142424262068,0.3972459731436795,0.5083412689132654,0.02431731767702456,insufficient_egarch_obs
Equal premium,Gross before costs,85,ewma_residual_fallback_insufficient_egarch_obs,60,ok,60,-0.8591176214224968,1.7444727755877991,-0.21855937411835455,-0.3448527432756053,-0.9999588201014891,0.5803428701588956,0.6791837088105112,5.5498772414307126e-05,insufficient_egarch_obs
Equal premium,Gross before costs,86,ewma_residual_fallback_insufficient_egarch_obs,60,ok,60,-0.8501716139461485,1.7293290850990801,-0.05649478432600131,-0.08894403096124089,-0.9999902480877562,0.6672676389114712,0.7742043358224047,7.550409504519567e-05,insufficient_egarch_obs
Equal premium,Gross before costs,87,ewma_residual_fallback_insufficient_egarch_obs,60,ok,60,-0.8699312868487488,1.43867392052099,-0.5274645009475751,-0.7611613858053475,-0.9999852366568922,0.5570145727082704,0.760072673727184,3.7227529601747915e-05,insufficient_egarch_obs
Equal premium,Gross before costs,88,ewma_residual_fallback_insufficient_egarch_obs,60,ok,60,-0.9407754127089445,1.481274787096079,-0.8426861244036413,-1.1285821070578725,-0.9999989582676844,0.6289385743172504,0.7756148865125426,7.286353125083204e-07,insufficient_egarch_obs
Equal premium,Gross before costs,89,ewma_residual_fallback_insufficient_egarch_obs,60,ok,60,-0.7197359357979713,1.2029747876052583,-0.42519586602754295,-0.6076954018361482,-0.9997168257303449,0.4483497718454857,0.49523281063638036,0.001729167553859112,insufficient_egarch_obs
Equal premium,Gross before costs,90,ewma_residual_fallback_insufficient_egarch_obs,60,ok,60,-0.8058652967298421,1.4273540414900199,-0.21183188126811134,-0.31996552102096654,-0.9999214058463978,0.49923476785832355,0.7253371410273327,0.0002757502286706915,insufficient_egarch_obs
Equal premium,Gross before costs,91,ewma_residual_fallback_insufficient_egarch_obs,60,ok,60,-0.19202099482613155,1.445542115069745,0.5203429563497516,0.9622700357707709,-0.9918883441582352,0.5104910785703698,0.6071103221738053,0.34435023227096273,insufficient_egarch_obs
Equal premium,Gross before costs,92,ewma_residual_fallback_insufficient_egarch_obs,60,ok,60,-0.6692415803977947,1.0029034016803184,-0.5551111122066107,-0.7632890704225544,-0.9992785115000676,0.38562765558817236,0.5155809626488609,0.003958717771997621,insufficient_egarch_obs
Equal premium,Gross before costs,93,ewma_residual_fallback_insufficient_egarch_obs,60,ok,60,-0.8685697098644988,1.2159548273768033,-0.8746624644377413,-1.1300550874212707,-0.9999366397214062,0.5914026548488559,0.6868536591205762,3.9217267731391935e-05,insufficient_egarch_obs
Equal premium,Gross before costs,94,ewma_residual_fallback_insufficient_egarch_obs,60,ok,60,-0.8135193082930888,1.4397923900671579,-0.3823111543562807,-0.5630392653257775,-0.9999078503566068,0.5940676265336101,0.633131370089072,0.00022551184450105553,insufficient_egarch_obs
Equal premium,Gross before costs,95,ewma_residual_fallback_insufficient_egarch_obs,60,ok,60,-1.0,1.9297549681464226,0.0022739746251256156,0.0035910123838174997,-1.046094524318359,0.6619583720679184,0.7969579779350574,-1.6314753284550175e-05,insufficient_egarch_obs
Equal premium,Gross before costs,96,ewma_residual_fallback_insufficient_egarch_obs,60,ok,60,-0.5856391291233711,1.6583343156993264,0.2654880802790177,0.45639774080934886,-0.9978663618460325,0.5629153373557558,0.6357175664153295,0.012215006034161395,insufficient_egarch_obs
Equal premium,Gross before costs,97,ewma_residual_fallback_insufficient_egarch_obs,60,ok,60,-0.7873605413821689,1.4401355858157063,-0.34353655717345855,-0.5281128116958439,-0.9996117940172763,0.5457642753721834,0.6032748546717531,0.00043472967791688806,insufficient_egarch_obs
Equal premium,Gross before costs,98,ewma_residual_fallback_insufficient_egarch_obs,60,ok,60,-0.8737897079016065,1.1095778965554348,-1.149054935069988,-1.3968610050016945,-0.9999505032397668,0.5199122606097386,0.6050630711648051,3.20238733332484e-05,insufficient_egarch_obs
Equal premium,Gross before costs,99,ewma_residual_fallback_insufficient_egarch_obs,60,ok,60,-0.980780580917694,2.114587075307624,-0.23018888023697318,-0.35937177375624535,-0.9999999994100084,0.8088490936312283,0.9277467036385562,2.622414202283395e-09,insufficient_egarch_obs
Equal premium,Gross before costs,100,ewma_residual_fallback_insufficient_egarch_obs,60,ok,60,-0.990834431196351,1.6415924345953912,-0.8777762222410338,-1.0373374480492095,-1.0002790618294028,0.9364229310420858,1.0028555434018693,6.468402920697102e-11,insufficient_egarch_obs
Equal premium,Gross before costs,101,ewma_residual_fallback_insufficient_egarch_obs,60,ok,60,-1.0,2.2133499433121933,-0.08428939257779339,-0.1302750805769808,-1.004324392293773,0.7911258045733485,0.9832837855993949,-7.00308003265656e-07,insufficient_egarch_obs
Equal premium,Gross before costs,102,ewma_residual_fallback_insufficient_egarch_obs,60,ok,60,-0.8498541688815683,1.320199313341396,-0.5699417251322548,-0.7368722053254433,-0.9999606340648262,0.5923151899110194,0.7228257153090825,7.630735346829765e-05,insufficient_egarch_obs
Equal premium,Gross before costs,103,ewma_residual_fallback_insufficient_egarch_obs,60,ok,60,-0.6440617629609615,1.1877145027354308,-0.25939344831622285,-0.3840365600827611,-0.9956612810431725,0.45495538735278607,0.5197110359899172,0.005713118408953451,insufficient_egarch_obs
Equal premium,Gross before costs,104,ewma_residual_fallback_insufficient_egarch_obs,60,ok,60,-0.8126939104806945,1.3285990598164408,-0.5288029959086126,-0.7477420206947175,-0.9998002212821205,0.5063250620472934,0.582856116704982,0.00023054700507999355,insufficient_egarch_obs
Equal premium,Gross before costs,105,ewma_residual_fallback_insufficient_egarch_obs,60,ok,60,-0.928871997281776,1.658715232175956,-0.43226716239948476,-0.6074062652105346,-0.999999120401148,0.7459985090908523,0.8659509372056126,1.820551920669536e-06,insufficient_egarch_obs
Equal premium,Gross before costs,106,ewma_residual_fallback_insufficient_egarch_obs,60,ok,60,-0.8854947964938894,1.0538345311615163,-1.3535176315327688,-1.6025848691078812,-0.9999894190270665,0.5094824500761477,0.6088362922426408,1.9684578269323725e-05,insufficient_egarch_obs
Equal premium,Gross before costs,107,ewma_residual_fallback_insufficient_egarch_obs,60,ok,60,-0.8211732354434201,1.6120153594313098,-0.20925000747983521,-0.3246090961575091,-0.9998664770003568,0.6381444281631438,0.6704004777938012,0.00018287847666365503,insufficient_egarch_obs
Equal premium,Gross before costs,108,ewma_residual_fallback_insufficient_egarch_obs,60,ok,60,-1.0,1.4876222422383611,-0.7095620649551709,-0.9258886711252835,-1.0299176902500662,0.6939103128914882,0.9229052539033225,-3.2235229774959966e-06,insufficient_egarch_obs
Equal premium,Gross before costs,109,ewma_residual_fallback_insufficient_egarch_obs,60,ok,60,-0.9260989870542761,1.209270175510987,-1.306888528642505,-1.5350103613915886,-0.999998293548076,0.4973739036428044,0.6352453965776387,2.2042048624341383e-06,insufficient_egarch_obs
Equal premium,Gross before costs,110,ewma_residual_fallback_insufficient_egarch_obs,60,ok,60,-1.0,1.4761848619230495,-0.6085494060665346,-0.8125111794349766,-1.0544324838886259,0.6692701483047901,0.8885560906428692,-1.4977934060692126e-05,insufficient_egarch_obs
Equal premium,Gross before costs,111,ewma_residual_fallback_insufficient_egarch_obs,60,ok,60,-0.9212945932042599,1.480898266533368,-0.7355473961383173,-0.992056785898138,-0.9999975888044554,0.5458969773139075,0.7238067878220824,3.0201105452159923e-06,insufficient_egarch_obs
Equal premium,Gross before costs,112,ewma_residual_fallback_insufficient_egarch_obs,60,ok,60,-0.8630044860621608,1.3067104638439333,-0.7686249265847338,-1.0323991871709652,-0.9998980398400658,0.5433635131887814,0.5882903673005379,4.8253823328660274e-05,insufficient_egarch_obs
Equal premium,Gross before costs,113,ewma_residual_fallback_insufficient_egarch_obs,60,ok,60,-0.691807127382729,1.2447494936196188,-0.2580242063106539,-0.37864699350060005,-0.9972747811843616,0.529484416417024,0.6309329574408364,0.002780436328218286,insufficient_egarch_obs
Equal premium,Gross before costs,114,ewma_residual_fallback_insufficient_egarch_obs,60,ok,60,-0.9050347458462031,1.4464747842155388,-0.6872850778937095,-0.92425509032857,-0.9999837196362898,0.6717741064856647,0.7570301238896828,7.723669367608837e-06,insufficient_egarch_obs
Equal premium,Gross before costs,115,ewma_residual_fallback_insufficient_egarch_obs,60,ok,60,-1.0,1.5831327592935585,-0.1515284440329961,-0.22169317808520006,0.0,0.6359997231964626,0.8673292513616455,-1.1460087789003696e-05,insufficient_egarch_obs
Equal premium,Gross before costs,116,ewma_residual_fallback_insufficient_egarch_obs,60,ok,60,-0.8829680943603847,1.1550138981909013,-1.1178994630161956,-1.341717300874529,-0.9999909451036172,0.5086115106841548,0.5319874391382455,2.1954390450374703e-05,insufficient_egarch_obs
Equal premium,Gross before costs,117,ewma_residual_fallback_insufficient_egarch_obs,60,ok,60,-0.8160411739501636,1.3897989792290484,-0.3883297224864274,-0.5417202321593733,-0.9999630639484344,0.5790886070521397,0.7119955773066673,0.00021067021918451517,insufficient_egarch_obs
Equal premium,Gross before costs,118,ewma_residual_fallback_insufficient_egarch_obs,60,ok,60,-1.0,1.5251626385559465,-1.0551716801501128,-1.281527229221443,-1.0144619684101925,0.6548316182183408,0.8568577185377957,-4.2733155942021944e-08,insufficient_egarch_obs
Equal premium,Gross before costs,119,ewma_residual_fallback_insufficient_egarch_obs,60,ok,60,-0.8855571106783765,1.3306953241509176,-0.7200232010358771,-0.9218808902727391,-0.99997914733263,0.6040290771623552,0.725024436343524,1.963107440838663e-05,insufficient_egarch_obs
Equal premium,Gross before costs,120,ewma_residual_fallback_insufficient_egarch_obs,60,ok,60,-0.9773511816312455,1.5707402035571358,-1.1229977296338105,-1.3443296311171398,-0.9999999923351391,0.7100431106055172,0.8441220631034083,5.959745865334083e-09,insufficient_egarch_obs
Equal premium,Gross before costs,121,ewma_residual_fallback_insufficient_egarch_obs,60,ok,60,-0.6294968289357603,1.3117975090388603,-0.1006510378174285,-0.15486781811975758,-0.9907297269407986,0.4756412722547107,0.5335848900255575,0.00698167529759915,insufficient_egarch_obs
Equal premium,Gross before costs,122,ewma_residual_fallback_insufficient_egarch_obs,60,ok,60,-0.8144553001432522,1.1748724538873923,-0.7904343980563917,-1.08251298297089,-0.9998533299068877,0.494187935179776,0.51238902811727,0.00021990887940670246,insufficient_egarch_obs
Equal premium,Gross before costs,123,ewma_residual_fallback_insufficient_egarch_obs,60,ok,60,-0.9299723676432444,1.858992982609795,-0.25931446821555154,-0.3871679913979244,-0.999998528475585,0.7132173432996614,0.8110978906504255,1.6840198843787125e-06,insufficient_egarch_obs
Equal premium,Gross before costs,124,ewma_residual_fallback_insufficient_egarch_obs,60,ok,60,-0.9274150872589553,1.5681495893821555,-0.6941858899803962,-0.9670886671581698,-0.9999976243584678,0.6054077805892623,0.7555313106486383,2.014799318837136e-06,insufficient_egarch_obs
Equal premium,Gross before costs,125,ewma_residual_fallback_insufficient_egarch_obs,60,ok,60,-0.9393594450876366,1.6275617275436625,-0.5005444369345278,-0.6896743717443811,-0.999999798177357,0.6054843733864259,0.809136674144448,8.20003741548684e-07,insufficient_egarch_obs
Equal premium,Gross before costs,126,ewma_residual_fallback_insufficient_egarch_obs,60,ok,60,-0.808506530006915,1.6386171557211042,-0.16956581169357463,-0.26768808249218196,-0.9997112787865317,0.5887905813998401,0.6444156049049409,0.00025749561915943374,insufficient_egarch_obs
Equal premium,Gross before costs,127,ewma_residual_fallback_insufficient_egarch_obs,60,ok,60,-0.871524077800163,1.6486208005204013,-0.3259083352522665,-0.4852348901922532,-0.9999881869779444,0.5855591901630494,0.7174529354756176,3.500327811602738e-05,insufficient_egarch_obs
Equal premium,Gross before costs,128,ewma_residual_fallback_insufficient_egarch_obs,60,ok,60,-0.5960402755963162,1.3867835542327744,0.03575147544607141,0.05892726610603526,-0.9974436084122358,0.5457898324545103,0.6475661529053576,0.010756979381313744,insufficient_egarch_obs
Equal premium,Gross before costs,129,ewma_residual_fallback_insufficient_egarch_obs,60,ok,60,-0.8808147619170127,0.9901117631516105,-1.4416541558984137,-1.610450620513315,-0.9999703547434443,0.4573287063869115,0.5974183015053814,2.4049848326328038e-05,insufficient_egarch_obs
Equal premium,Gross before costs,130,ewma_residual_fallback_insufficient_egarch_obs,60,ok,60,-0.5424737570593143,1.147596934467357,-0.07495798859346953,-0.1127470257760098,-0.9943227508704426,0.5272516167072913,0.5867378104768983,0.020048415185648018,insufficient_egarch_obs
Equal premium,Gross before costs,131,ewma_residual_fallback_insufficient_egarch_obs,60,ok,60,-0.8817424416919154,1.8349981977069314,-0.21187549643496606,-0.3394544690604694,-0.9999920753774143,0.6053475483109003,0.7236127159041201,2.3128344035774915e-05,insufficient_egarch_obs
Equal premium,Gross before costs,132,ewma_residual_fallback_insufficient_egarch_obs,60,ok,60,-0.8934970524684336,1.5027844799035395,-0.5923696931484931,-0.8184020730196933,-0.9999867958883858,0.5872529190593964,0.6735092475182919,1.3702762689197212e-05,insufficient_egarch_obs
Equal premium,Gross before costs,133,ewma_residual_fallback_insufficient_egarch_obs,60,ok,60,-0.8175009774781772,1.400527246597641,-0.404029647066734,-0.5748274992201547,-0.9998616635612803,0.604351911104836,0.6919503111726825,0.00020244297619857138,insufficient_egarch_obs
Equal premium,Gross before costs,134,ewma_residual_fallback_insufficient_egarch_obs,60,ok,60,-0.5382615192018332,1.4834286346119658,0.16673698125202588,0.29184308154416,-0.988280849655985,0.4632757022844237,0.5642979516514388,0.0209884491040243,insufficient_egarch_obs
Equal premium,Gross before costs,135,ewma_residual_fallback_insufficient_egarch_obs,60,ok,60,-0.7869225461779183,1.1291267126469018,-0.7185488381985622,-0.957703825349776,-0.9998067084799388,0.4895277167758942,0.5598624078245811,0.0004392254461188202,insufficient_egarch_obs
Equal premium,Gross before costs,136,ewma_residual_fallback_insufficient_egarch_obs,60,ok,60,-0.9664792134987588,1.7974185701810328,-0.723450593764481,-0.9334135426901721,-1.0242960950393216,0.7958904324704517,1.1178814640286092,4.232246941669324e-08,insufficient_egarch_obs
Equal premium,Gross before costs,137,ewma_residual_fallback_insufficient_egarch_obs,60,ok,60,-0.8618310151803786,1.2729717775479317,-0.7888554949609646,-1.0480952531302445,-0.999924117480937,0.47449695884993215,0.6217045085277141,5.035618650467388e-05,insufficient_egarch_obs
Equal premium,Gross before costs,138,ewma_residual_fallback_insufficient_egarch_obs,60,ok,60,-0.8861380250863666,1.8618519899024926,-0.10526153094725074,-0.17276352167580447,-0.9999966048833703,0.6403218957649128,0.7688872268087757,1.913786829433554e-05,insufficient_egarch_obs
Equal premium,Gross before costs,139,ewma_residual_fallback_insufficient_egarch_obs,60,ok,60,-0.86871461245114,1.4915149161518224,-0.5651488157539704,-0.8218304695182538,-0.9999863825269583,0.5450238269615609,0.6097048632779334,3.9001557678576083e-05,insufficient_egarch_obs
Equal premium,Gross before costs,140,ewma_residual_fallback_insufficient_egarch_obs,60,ok,60,-0.9394463117052209,1.5898336407869715,-0.4302536534081722,-0.6251580976795628,-0.9999995602930183,0.588075159785104,0.7850394015497084,8.141473333444661e-07,insufficient_egarch_obs
Equal premium,Gross before costs,141,ewma_residual_fallback_insufficient_egarch_obs,60,ok,60,-0.5289520686987256,1.3379784490149829,0.0578332538929243,0.09765746463053777,-0.9771840610767051,0.4230596806785227,0.5019262115437103,0.02319132191062036,insufficient_egarch_obs
Equal premium,Gross before costs,142,ewma_residual_fallback_insufficient_egarch_obs,60,ok,60,-0.623678656171812,1.5674305856293447,0.12633409207755547,0.21039446881107515,-0.9992227174717854,0.5252961447072809,0.56724602100755,0.007547345901637759,insufficient_egarch_obs
Equal premium,Gross before costs,143,ewma_residual_fallback_insufficient_egarch_obs,60,ok,60,-0.6518501056421042,1.2605821207789227,-0.15570928531764505,-0.2317450440619169,-0.9941063507785765,0.4696838823530363,0.6440113339334421,0.005114831588420842,insufficient_egarch_obs
Equal premium,Gross before costs,144,ewma_residual_fallback_insufficient_egarch_obs,60,ok,60,-0.8962684304069379,1.5528752805962445,-0.3349429312030221,-0.47408027024756394,-0.999995133946045,0.6051067217380546,0.8309594122255209,1.2010324649526765e-05,insufficient_egarch_obs
Equal premium,Gross before costs,145,ewma_residual_fallback_insufficient_egarch_obs,60,ok,60,-0.7629415181024515,1.3803046308714388,-0.32357591044219325,-0.48111808227251607,-0.9997520174826667,0.49884831601795,0.5715800805356049,0.0007486476995910052,insufficient_egarch_obs
Equal premium,Gross before costs,146,ewma_residual_fallback_insufficient_egarch_obs,60,ok,60,-0.48087900773358827,1.24167404304879,0.07417664313873076,0.12166633810809978,-0.9696746281965574,0.40908181087840184,0.5239441319090345,0.03770013942880025,insufficient_egarch_obs
Equal premium,Gross before costs,147,ewma_residual_fallback_insufficient_egarch_obs,60,ok,60,-0.8134133204752119,1.3333399081060473,-0.35817596063919427,-0.501889178466865,-0.9999460002468518,0.6007622337695209,0.7991264523900985,0.00022615343084339564,insufficient_egarch_obs
Equal premium,Gross before costs,148,ewma_residual_fallback_insufficient_egarch_obs,60,ok,60,-0.8420202910081793,1.2618879978449415,-0.6930914679707973,-0.9333466889258216,-0.9999481853580248,0.499370301366952,0.649104817988286,9.840259409271155e-05,insufficient_egarch_obs
Equal premium,Gross before costs,149,ewma_residual_fallback_insufficient_egarch_obs,60,ok,60,-0.9249660773732957,1.3678987227923074,-0.958957172203575,-1.1892788159451282,-0.9999961971030683,0.5772096852575718,0.7228273205437024,2.378418397460143e-06,insufficient_egarch_obs
Equal premium,Gross before costs,150,ewma_residual_fallback_insufficient_egarch_obs,60,ok,60,-0.46355770759883674,1.1785963306637006,0.045893452778369516,0.07497939846371625,-0.9325958730768964,0.45048714178400784,0.5543613875706392,0.04442373283928699,insufficient_egarch_obs
Equal premium,Gross before costs,151,ewma_residual_fallback_insufficient_egarch_obs,60,ok,60,-1.0,1.7315059129434234,-0.03692991406698387,-0.06092182643306343,-1.031313692978307,0.6182983753869964,0.8009272934803184,-0.0003346713132808023,insufficient_egarch_obs
Equal premium,Gross before costs,152,ewma_residual_fallback_insufficient_egarch_obs,60,ok,60,-1.0,1.9924093063688861,-0.0003460006854268155,-0.000541083879207467,-1.0000156605911887,0.6520754485984284,0.9319597196677902,-3.781795654478514e-06,insufficient_egarch_obs
Equal premium,Gross before costs,153,ewma_residual_fallback_insufficient_egarch_obs,60,ok,60,-0.7573608530200864,1.1511675659369216,-0.6360436382986688,-0.9199834150400618,-0.9996611967893977,0.4263391767172882,0.5172992493778367,0.0008410161827251251,insufficient_egarch_obs
Equal premium,Gross before costs,154,ewma_residual_fallback_insufficient_egarch_obs,60,ok,60,-0.7526958876732767,1.2960862238362751,-0.39338477760191815,-0.5719300835112522,-0.999574915360801,0.4836872765618474,0.567708511178417,0.0009250318593817379,insufficient_egarch_obs
Equal premium,Gross before costs,155,ewma_residual_fallback_insufficient_egarch_obs,60,ok,60,-0.8810146881945782,1.9758950911295803,0.10452222327041875,0.1696224724445799,-0.9999648898442361,0.7054316487415997,0.828920445946084,2.3848812827946175e-05,insufficient_egarch_obs
Equal premium,Gross before costs,156,ewma_residual_fallback_insufficient_egarch_obs,60,ok,60,-0.5068261229644526,1.0858556744430763,-0.11283032230040733,-0.17394579564676266,-0.9818697494988075,0.40893828362419343,0.49673535052338175,0.029174291755861045,insufficient_egarch_obs
Equal premium,Gross before costs,157,ewma_residual_fallback_insufficient_egarch_obs,60,ok,60,-0.8153840053126598,1.1768325903961756,-0.7295889709313559,-0.9641890673963482,-0.9999214290146019,0.5708982065510683,0.6429364109380468,0.00021446015856940417,insufficient_egarch_obs
Equal premium,Gross before costs,158,ewma_residual_fallback_insufficient_egarch_obs,60,ok,60,-0.7514775271216334,1.3535607072367966,-0.2826954808132645,-0.4124296340909643,-0.9993524501626224,0.49377655946148713,0.6239657532291449,0.0009480436456243289,insufficient_egarch_obs
Equal premium,Gross before costs,159,ewma_residual_fallback_insufficient_egarch_obs,60,ok,60,-0.9294726304741374,1.5031173316782003,-0.6678505108220235,-0.8728413252133094,-0.9999980407378034,0.599917992979395,0.8124519803598864,1.7449718723960619e-06,insufficient_egarch_obs
Equal premium,Gross before costs,160,ewma_residual_fallback_insufficient_egarch_obs,60,ok,60,-1.0,1.6425212977705965,-0.4690668025404488,-0.6524081676420606,-1.0079321509782357,0.6330280810366133,0.879611716370817,-2.532147316864601e-07,insufficient_egarch_obs
Equal premium,Gross before costs,161,ewma_residual_fallback_insufficient_egarch_obs,60,ok,60,-0.8922105339437211,1.2235637531831685,-0.9923266652520764,-1.2059979207567881,-0.9999788731907899,0.5826248424593152,0.6530470373854327,1.455062348914876e-05,insufficient_egarch_obs
Equal premium,Gross before costs,162,ewma_residual_fallback_insufficient_egarch_obs,60,ok,60,-1.0,1.9624583211116602,0.1531351191939635,0.23859181321821837,-1.0000015086284078,0.7416184153822385,0.9872492074891982,-1.1728648556697883e-06,insufficient_egarch_obs
Equal premium,Gross before costs,163,ewma_residual_fallback_insufficient_egarch_obs,60,ok,60,-0.8185097027505011,1.2645035693149933,-0.6706673852493596,-0.9769564666833844,-0.999810101085111,0.4686806578478332,0.5929702300956641,0.0001969096769642883,insufficient_egarch_obs
Equal premium,Gross before costs,164,ewma_residual_fallback_insufficient_egarch_obs,60,ok,60,-0.8978325026164338,1.2255021031571558,-1.085882324677982,-1.3530286648493273,-0.9999872429563802,0.5209423540820215,0.6103573663885614,1.1131758524516883e-05,insufficient_egarch_obs
Equal premium,Gross before costs,165,ewma_residual_fallback_insufficient_egarch_obs,60,ok,60,-0.9517220458487835,1.479752203128989,-0.8914208270848736,-1.0999693317907222,-0.9999998056803959,0.6675119326953071,0.8430436644006636,2.6226738728361954e-07,insufficient_egarch_obs
Equal premium,Gross before costs,166,ewma_residual_fallback_insufficient_egarch_obs,60,ok,60,-0.6732997833265747,1.6272216381561204,0.2348543644601304,0.3833716966997611,-0.998305343454092,0.5760963641639092,0.7382594894916515,0.003721749275829587,insufficient_egarch_obs
Equal premium,Gross before costs,167,ewma_residual_fallback_insufficient_egarch_obs,60,ok,60,-0.8830469256217827,1.536025572182628,-0.49130095379392763,-0.6786977688420041,-0.9999864347862433,0.6337178227071889,0.6707486245046312,2.1880548949374168e-05,insufficient_egarch_obs
Equal premium,Gross before costs,168,ewma_residual_fallback_insufficient_egarch_obs,60,ok,60,-0.910949658883655,1.115592752870124,-1.3673308700545648,-1.5629807505038231,-0.9999880209000199,0.5259859406025393,0.6405395871901448,5.599869896921513e-06,insufficient_egarch_obs
Equal premium,Gross before costs,169,ewma_residual_fallback_insufficient_egarch_obs,60,ok,60,-0.5193714058616034,1.1505352320404105,-0.009791166114826786,-0.014680533345570946,-0.9909101705784943,0.4591936560668883,0.581277408594429,0.02564767631454646,insufficient_egarch_obs
Equal premium,Gross before costs,170,ewma_residual_fallback_insufficient_egarch_obs,60,ok,60,-0.870160256988683,1.4680061474429977,-0.4607934531072212,-0.644385757758859,-0.9999852868979155,0.5871790250325498,0.7199332548966636,3.690100855231596e-05,insufficient_egarch_obs
Equal premium,Gross before costs,171,ewma_residual_fallback_insufficient_egarch_obs,60,ok,60,-0.9667302003266979,1.3379973350108596,-1.409880147668964,-1.5944293765900805,-0.99999997172539,0.6148830379341979,0.782021529766093,4.0761572506096085e-08,insufficient_egarch_obs
Equal premium,Gross before costs,172,ewma_residual_fallback_insufficient_egarch_obs,60,ok,60,-0.8347244916658344,1.3651910713994206,-0.4288283405565604,-0.5901484719319677,-0.9998971625354669,0.5176929734926239,0.7193183478471017,0.00012332255331098544,insufficient_egarch_obs
Equal premium,Gross before costs,173,ewma_residual_fallback_insufficient_egarch_obs,60,ok,60,-0.6748128063944834,1.132943455692436,-0.4116263235958695,-0.6017308012039946,-0.9994889696445846,0.43049781308907265,0.5159721662536808,0.00363636249804713,insufficient_egarch_obs
Equal premium,Gross before costs,174,ewma_residual_fallback_insufficient_egarch_obs,60,ok,60,-0.3654092739032049,1.4483566351857649,0.3805480309366641,0.6598127109795219,-0.9681788923326458,0.4704893501210586,0.5770749881791283,0.10291261297441448,insufficient_egarch_obs
Equal premium,Gross before costs,175,ewma_residual_fallback_insufficient_egarch_obs,60,ok,60,-0.8507921064612911,1.240376793517927,-0.7141648194610791,-0.9032705534071698,-0.9999723496944684,0.58632398682531,0.6751202196219651,7.395354484303897e-05,insufficient_egarch_obs
Equal premium,Gross before costs,176,ewma_residual_fallback_insufficient_egarch_obs,60,ok,60,-0.770441857335181,0.9834942582336671,-0.915180252521212,-1.1644122372385612,-0.9994004321443484,0.4591549454636492,0.5255296890908853,0.0006374755190775606,insufficient_egarch_obs
Equal premium,Gross before costs,177,ewma_residual_fallback_insufficient_egarch_obs,60,ok,60,-0.8548407560058796,1.1663791588255368,-0.8601817790125279,-1.0554160117540177,-0.9998267082003729,0.5371950383104469,0.6985350860177526,6.445008410030915e-05,insufficient_egarch_obs
Equal premium,Gross before costs,178,ewma_residual_fallback_insufficient_egarch_obs,60,ok,60,-0.8658045138608856,1.6253646034758686,-0.3329620403070753,-0.49086282116163493,-0.9999761206997009,0.6093776368923813,0.6849126843532157,4.352006544235614e-05,insufficient_egarch_obs
Equal premium,Gross before costs,179,ewma_residual_fallback_insufficient_egarch_obs,60,ok,60,-0.6990993737236717,1.3646401692172676,-0.2051534962872611,-0.31727698355930994,-0.9993210404771086,0.5058380599953125,0.5375571545681277,0.002466695027125592,insufficient_egarch_obs
Equal premium,Gross before costs,180,ewma_residual_fallback_insufficient_egarch_obs,60,ok,60,-1.0,1.8760255589317543,-0.4919138492522324,-0.6825472378519419,-1.57023409694041,0.7546424039159809,0.9988620467452464,-6.764717884208681e-08,insufficient_egarch_obs
Equal premium,Gross before costs,181,ewma_residual_fallback_insufficient_egarch_obs,60,ok,60,-0.7141962894817998,1.465523733452165,-0.1060171599588994,-0.16658440874394723,-0.997974411269918,0.5232221419202926,0.6116161406427402,0.0019069500355472866,insufficient_egarch_obs
Equal premium,Gross before costs,182,ewma_residual_fallback_insufficient_egarch_obs,60,ok,60,-0.8024124227565101,1.5117487232624574,-0.11887959194275918,-0.1765101629450657,-0.9998660364140424,0.5611382891812023,0.7302934493487735,0.00030116061850931963,insufficient_egarch_obs
Equal premium,Gross before costs,183,ewma_residual_fallback_insufficient_egarch_obs,60,ok,60,-1.0,1.392747906723746,-0.5265069264678697,-0.6979212293010191,-1.0022345130427275,0.6202135325867706,0.8080754323211751,-3.5213372179662125e-06,insufficient_egarch_obs
Equal premium,Gross before costs,184,ewma_residual_fallback_insufficient_egarch_obs,60,ok,60,-0.9197601279684222,1.394351177716213,-0.8126446034639906,-1.049256465366549,-0.9999946816436117,0.608532342270791,0.7730426495999106,3.3262212742941846e-06,insufficient_egarch_obs
Equal premium,Gross before costs,185,ewma_residual_fallback_insufficient_egarch_obs,60,ok,60,-0.8578735537720807,1.3567718690575086,-0.641734316134175,-0.8726083991116738,-0.9999910483566059,0.531851866762344,0.654608528049611,5.799285433748726e-05,insufficient_egarch_obs
Equal premium,Gross before costs,186,ewma_residual_fallback_insufficient_egarch_obs,60,ok,60,-0.9643560950108646,1.4710551710829394,-1.2370707657797149,-1.5140555011248702,-0.9999999204277126,0.6367381554014317,0.7107872610179683,5.753424084774264e-08,insufficient_egarch_obs
Equal premium,Gross before costs,187,ewma_residual_fallback_insufficient_egarch_obs,60,ok,60,-0.8324455948843208,1.8491397422390468,-0.07129789089604459,-0.1183390737793884,-0.9999224073083761,0.5736187552076619,0.6717661970034503,0.00013206241991941715,insufficient_egarch_obs
Equal premium,Gross before costs,188,ewma_residual_fallback_insufficient_egarch_obs,60,ok,60,-0.7446484672010507,1.998659022577415,0.3284162828165032,0.5705543179578288,-0.9985436024606555,0.6690981933807336,0.7485612239444214,0.0010856562720114762,insufficient_egarch_obs
Equal premium,Gross before costs,189,ewma_residual_fallback_insufficient_egarch_obs,60,ok,60,-1.0,1.6544711805575487,-0.6509223315883156,-0.8526917406603262,-1.0037910514024815,0.6596658028324135,0.8749803817769862,-4.4685962091339575e-08,insufficient_egarch_obs
Equal premium,Gross before costs,190,ewma_residual_fallback_insufficient_egarch_obs,60,ok,60,-0.9495855673550745,1.5690372882717143,-0.892211415049473,-1.18454661279953,-0.999998784332399,0.6860815820314656,0.7407718983561561,3.2566750008424337e-07,insufficient_egarch_obs
Equal premium,Gross before costs,191,ewma_residual_fallback_insufficient_egarch_obs,60,ok,60,-0.8912047018518043,1.3101254466242707,-0.9246184310745266,-1.2339843362500837,-0.9999921347835071,0.5312064383967661,0.6323491890976148,1.5242304500109188e-05,insufficient_egarch_obs
Equal premium,Gross before costs,192,ewma_residual_fallback_insufficient_egarch_obs,60,ok,60,-1.0,2.0340721139122127,0.4205931632227531,0.7427460333243413,-1.0000211922286484,0.6297235480810742,0.8751441941283247,-9.9310681301947e-05,insufficient_egarch_obs
Equal premium,Gross before costs,193,ewma_residual_fallback_insufficient_egarch_obs,60,ok,60,-0.7063169694359701,1.3578897736846514,-0.23717219240873227,-0.3743864650392341,-0.9992150824316574,0.4481612100673366,0.5822971233079302,0.0021847123583631444,insufficient_egarch_obs
Equal premium,Gross before costs,194,ewma_residual_fallback_insufficient_egarch_obs,60,ok,60,-1.0,1.8994549272956236,0.1137451669568291,0.18873553272370983,-1.3071586268726474,0.5761640230250832,0.8904731493568345,-0.002231504594346382,insufficient_egarch_obs
Equal premium,Gross before costs,195,ewma_residual_fallback_insufficient_egarch_obs,60,ok,60,-0.7288305568898473,1.3150810192834819,-0.11297609016205669,-0.17158043026953432,-0.9997298815033867,0.4568772422943254,0.6540320632764445,0.0014662355533862383,insufficient_egarch_obs
Equal premium,Gross before costs,196,ewma_residual_fallback_insufficient_egarch_obs,60,ok,60,-0.802233926860377,1.2923651684171744,-0.546310667377967,-0.7591166807950515,-0.9995661694574143,0.5082558085192949,0.5515254086708187,0.0003025233850015748,insufficient_egarch_obs
Equal premium,Gross before costs,197,ewma_residual_fallback_insufficient_egarch_obs,60,ok,60,-0.13703134788656401,1.190062896138293,0.4530154192045911,0.7586717754350273,-0.9344366685769525,0.40577068758905854,0.5050951516918237,0.47860265103249305,insufficient_egarch_obs
Equal premium,Gross before costs,198,ewma_residual_fallback_insufficient_egarch_obs,60,ok,60,-1.0,1.9719555200572787,-0.45920956187159334,-0.650909574244791,-1.0011068096148061,0.7201294128517358,0.9614742231763209,-2.0278550339284268e-07,insufficient_egarch_obs
Equal premium,Gross before costs,199,ewma_residual_fallback_insufficient_egarch_obs,60,ok,60,-0.575323789699147,1.5602931946902316,0.47705817142162293,0.8300189191471594,-0.9986691614855443,0.5594634221273613,0.7706777015738372,0.013813052608162317,insufficient_egarch_obs
Equal premium,Gross before costs,200,ewma_residual_fallback_insufficient_egarch_obs,60,ok,60,-0.800172874476112,1.227078461521825,-0.6355108058519846,-0.882780548912902,-0.9998145915829451,0.5011923694660486,0.5392860310143783,0.00031861939297220845,insufficient_egarch_obs
Equal premium,Gross before costs,201,ewma_residual_fallback_insufficient_egarch_obs,60,ok,60,-0.9245002884404442,1.3913941678588677,-0.8982972625514639,-1.122120586923004,-0.9999982518260122,0.6254229148316246,0.7399529058583738,2.4531633187698765e-06,insufficient_egarch_obs
Equal premium,Gross before costs,202,ewma_residual_fallback_insufficient_egarch_obs,60,ok,60,-0.9304332301147171,1.8901686725298978,-0.32957140995345524,-0.494764918158107,-0.9999998041844704,0.7100563738453202,0.7501415255951033,1.6293305236967158e-06,insufficient_egarch_obs
Equal premium,Gross before costs,203,ewma_residual_fallback_insufficient_egarch_obs,60,ok,60,-0.7666537679299685,1.2520537298933607,-0.3784863614615914,-0.5319360357718155,-0.9991756010275565,0.48022299012311365,0.6925214265633564,0.0006918372836895621,insufficient_egarch_obs
Equal premium,Gross before costs,204,ewma_residual_fallback_insufficient_egarch_obs,60,ok,60,-1.0,1.5974058182663644,-0.4133597227458832,-0.5820724117482802,-1.0017951536378265,0.6833054830431649,0.8958771793579668,-7.857064728421102e-06,insufficient_egarch_obs
Equal premium,Gross before costs,205,ewma_residual_fallback_insufficient_egarch_obs,60,ok,60,-0.8898976679072118,1.482672204546312,-0.5367347715311124,-0.7540558317101144,-0.9999958822660256,0.5697362893989792,0.7543457582361784,1.6180151718644003e-05,insufficient_egarch_obs
Equal premium,Gross before costs,206,ewma_residual_fallback_insufficient_egarch_obs,60,ok,60,-0.920557775308973,1.2766102160667852,-1.080655735283484,-1.324983564715942,-0.999996618514032,0.5610499066814122,0.6789911562627445,3.164149449472995e-06,insufficient_egarch_obs
Equal premium,Gross before costs,207,ewma_residual_fallback_insufficient_egarch_obs,60,ok,60,-0.8082548975245241,1.1051756776667379,-0.8650525128171248,-1.1444264519767846,-0.9998988236953494,0.46331088072562276,0.5302687376322254,0.0002591918851443096,insufficient_egarch_obs
Equal premium,Gross before costs,208,ewma_residual_fallback_insufficient_egarch_obs,60,ok,60,-0.9362382455928873,1.4989989955034926,-0.7721765407534271,-0.9971033042159436,-0.9999996840197806,0.6416967254642201,0.8256616664572368,1.0539045777455916e-06,insufficient_egarch_obs
Equal premium,Gross before costs,209,ewma_residual_fallback_insufficient_egarch_obs,60,ok,60,-0.856967237890506,1.4905664147944084,-0.44799516700365394,-0.6526401169091413,-0.9999426814836243,0.5789505788090883,0.7255788854722104,5.9865639618182546e-05,insufficient_egarch_obs
Equal premium,Gross before costs,210,ewma_residual_fallback_insufficient_egarch_obs,60,ok,60,-0.7927039931518693,1.4021737780289032,-0.3678027679674528,-0.5426088158131022,-0.9998629180573139,0.5667747736728502,0.6150818302522958,0.0003827847979345267,insufficient_egarch_obs
Equal premium,Gross before costs,211,ewma_residual_fallback_insufficient_egarch_obs,60,ok,60,-0.7639193167569731,1.1907548566500434,-0.5022644258758282,-0.6739451159321708,-0.9994849358428596,0.5244855767338887,0.6443350582882506,0.0007333347531489524,insufficient_egarch_obs
Equal premium,Gross before costs,212,ewma_residual_fallback_insufficient_egarch_obs,60,ok,60,-1.0,1.3233151056811134,-0.09872976778638638,-0.14400921452798596,-1.005608420786076,0.5536683718118683,0.723065954989794,-0.00016592668978279506,insufficient_egarch_obs
Equal premium,Gross before costs,213,ewma_residual_fallback_insufficient_egarch_obs,60,ok,60,-0.7404033598134548,1.7317424350806414,0.2600114501473406,0.4317329709547243,-0.9998756371349,0.5855094095447507,0.7668550286976642,0.001178949863966035,insufficient_egarch_obs
Equal premium,Gross before costs,214,ewma_residual_fallback_insufficient_egarch_obs,60,ok,60,-0.7905825132115036,1.5811240849277102,-0.13851879170118303,-0.20801758550597765,-0.9995956547698547,0.5891824612201281,0.6308822688330548,0.0004027770499359316,insufficient_egarch_obs
Equal premium,Gross before costs,215,ewma_residual_fallback_insufficient_egarch_obs,60,ok,60,-0.8807855344859383,1.6468104146088445,-0.2628419558719459,-0.3777906613902036,-0.9999695683868376,0.6623536041861512,0.765842699881683,2.4079351145994973e-05,insufficient_egarch_obs
Equal premium,Gross before costs,216,ewma_residual_fallback_insufficient_egarch_obs,60,ok,60,-0.8450457000527576,1.1033785560749998,-1.0264454078896683,-1.2966519801115608,-0.9999461529670549,0.44553838858212697,0.5435298577972664,8.933428412996647e-05,insufficient_egarch_obs
Equal premium,Gross before costs,217,ewma_residual_fallback_insufficient_egarch_obs,60,ok,60,-0.8697643726651096,1.2608253120953514,-0.8322484491999207,-1.0835635498447387,-0.9999913118868664,0.4810334732452657,0.6577573000161628,3.74670096081102e-05,insufficient_egarch_obs
Equal premium,Gross before costs,218,ewma_residual_fallback_insufficient_egarch_obs,60,ok,60,-0.43558525212508914,1.221089247678413,0.13976173074337286,0.2228814970007887,-0.9941580305924343,0.48517363042868344,0.5480296287374601,0.057278517069615904,insufficient_egarch_obs
Equal premium,Gross before costs,219,ewma_residual_fallback_insufficient_egarch_obs,60,ok,60,-0.7662580929122319,1.4437531163803021,-0.29225134488435256,-0.4538901457882275,-0.9999275253076657,0.4885588988430806,0.5069502541821238,0.0006977228008831474,insufficient_egarch_obs
Equal premium,Gross before costs,220,ewma_residual_fallback_insufficient_egarch_obs,60,ok,60,-0.8479077133379475,1.761037806844685,-0.1792138065677831,-0.2867904427993126,-0.9999828719739895,0.614633933503177,0.6664932836915981,8.138342201722174e-05,insufficient_egarch_obs
Equal premium,Gross before costs,221,ewma_residual_fallback_insufficient_egarch_obs,60,ok,60,-0.9795575824931768,1.4887960159337987,-1.311024031417666,-1.5030140244068968,-0.9999999976652353,0.6849506520299983,0.8291126048849856,3.5699428416949287e-09,insufficient_egarch_obs
Equal premium,Gross before costs,222,ewma_residual_fallback_insufficient_egarch_obs,60,ok,60,-0.9685644510363456,1.5901165851811248,-0.8812476587173873,-1.0968111434433787,-0.9999999881966489,0.6866200422974813,0.882621356001808,3.069765810981462e-08,insufficient_egarch_obs
Equal premium,Gross before costs,223,ewma_residual_fallback_insufficient_egarch_obs,60,ok,60,-0.8089198377297405,1.2846457749418796,-0.5806577022102082,-0.8306364839563802,-0.9996926290349277,0.5128733885717993,0.6178010128860247,0.0002547287750357649,insufficient_egarch_obs
Equal premium,Gross before costs,224,ewma_residual_fallback_insufficient_egarch_obs,60,ok,60,-0.8608102570606918,1.1153552078716054,-1.0303208590464612,-1.2412032621433327,-0.9999623015634957,0.4614118248325872,0.5996587166074269,5.224396909044988e-05,insufficient_egarch_obs
Equal premium,Gross before costs,225,ewma_residual_fallback_insufficient_egarch_obs,60,ok,60,-0.6804815298758404,1.232058514678253,-0.25930311769255304,-0.3797601506735621,-0.998404761209194,0.48052152194476316,0.6224016471732999,0.0033302730316952843,insufficient_egarch_obs
Equal premium,Gross before costs,226,ewma_residual_fallback_insufficient_egarch_obs,60,ok,60,-0.7761364615631163,1.3907364318331945,-0.3387627890952943,-0.5057890437511423,-0.9999345420670157,0.544478949445541,0.6403230514554054,0.0005622336310360642,insufficient_egarch_obs
Equal premium,Gross before costs,227,ewma_residual_fallback_insufficient_egarch_obs,60,ok,60,-0.7682393761543926,1.3964245999657614,-0.2893609035420381,-0.431808856489202,-0.999899671650967,0.5384622447094929,0.6555808265619496,0.0006686490872221461,insufficient_egarch_obs
Equal premium,Gross before costs,228,ewma_residual_fallback_insufficient_egarch_obs,60,ok,60,-0.7841303516340999,1.2399516254034577,-0.5988307585479752,-0.8725643522316753,-0.9996615831790977,0.47683605165437193,0.5170974278683982,0.0004687679602267035,insufficient_egarch_obs
Equal premium,Gross before costs,229,ewma_residual_fallback_insufficient_egarch_obs,60,ok,60,-0.8619972952795172,1.181417373135545,-0.9010726797719294,-1.1737030672289428,-0.9999931079661114,0.5486379846623209,0.7201209640426504,5.005390801836796e-05,insufficient_egarch_obs
Equal premium,Gross before costs,230,ewma_residual_fallback_insufficient_egarch_obs,60,ok,60,-0.9749134854315706,1.4145540476033187,-1.3831717172013742,-1.5630352974151567,-0.9999999861020883,0.6300592343418818,0.8006060718573421,9.935772332611611e-09,insufficient_egarch_obs
Equal premium,Gross before costs,231,ewma_residual_fallback_insufficient_egarch_obs,60,ok,60,-1.0,1.9001102831928767,-0.6444445320742566,-0.8565254100025451,-1.0000026479266584,0.8551302773754446,0.9596761297097283,-7.371071237713018e-12,insufficient_egarch_obs
Equal premium,Gross before costs,232,ewma_residual_fallback_insufficient_egarch_obs,60,ok,60,-0.6487813851259738,1.6375300298659623,0.21611716900590075,0.3655206472301722,-0.9985406325721348,0.5563284939333419,0.7149339475273572,0.005344260621247731,insufficient_egarch_obs
Equal premium,Gross before costs,233,ewma_residual_fallback_insufficient_egarch_obs,60,ok,60,-1.0,1.8739655471766623,-0.35964393804773437,-0.5105140615516673,-1.0015072767541506,0.7791915111483994,0.9428622683565077,-5.878535919271738e-10,insufficient_egarch_obs
Equal premium,Gross before costs,234,ewma_residual_fallback_insufficient_egarch_obs,60,ok,60,-1.0,1.8449996080839282,-0.07610266217519182,-0.12354554422521585,0.0,0.5768292908190565,0.7316503345130106,-8.329493862770357e-06,insufficient_egarch_obs
Equal premium,Gross before costs,235,ewma_residual_fallback_insufficient_egarch_obs,60,ok,60,-0.3196677879776032,1.276592051067916,0.29215685458954416,0.511595373734045,-0.9883666183876834,0.4184953198235717,0.524575780241365,0.14574886150004296,insufficient_egarch_obs
Equal premium,Gross before costs,236,ewma_residual_fallback_insufficient_egarch_obs,60,ok,60,-0.9231808476584894,1.343115093637883,-1.0081773792588276,-1.252177483785415,-0.999998599398022,0.5633523651201223,0.657137793381665,2.67514639402925e-06,insufficient_egarch_obs
Equal premium,Gross before costs,237,ewma_residual_fallback_insufficient_egarch_obs,60,ok,60,-0.8642507002418632,1.5188417732260753,-0.3849755169777009,-0.5597355646323183,-0.9999640593107917,0.5937539746048633,0.7845751516667007,4.6098626952997166e-05,insufficient_egarch_obs
Equal premium,Gross before costs,238,ewma_residual_fallback_insufficient_egarch_obs,60,ok,60,-0.6514284997973383,1.501360532029755,0.013162230030073432,0.022010868202361797,-0.9965401773582379,0.5210874283226209,0.5778199154013169,0.005145876723224777,insufficient_egarch_obs
Equal premium,Gross before costs,239,ewma_residual_fallback_insufficient_egarch_obs,60,ok,60,-0.8565430911626284,1.2129366079698563,-0.8670849233046866,-1.1422437812585216,-0.9999708744274233,0.5230039262920537,0.6287929687279549,6.075854187537042e-05,insufficient_egarch_obs
Equal premium,Gross before costs,240,ewma_residual_fallback_insufficient_egarch_obs,60,ok,60,-0.6822126486312962,1.3761785442346368,-0.13919739410640028,-0.21265954501414155,-0.99965665970699,0.4597915437543533,0.5283108854549661,0.003241029893355804,insufficient_egarch_obs
Equal premium,Gross before costs,241,ewma_residual_fallback_insufficient_egarch_obs,60,ok,60,-0.8237410628665597,0.9238112281511845,-1.2768709317166034,-1.466555053513901,-0.9998766648950526,0.3981900928051755,0.49242905105968665,0.0001701201412681975,insufficient_egarch_obs
Equal premium,Gross before costs,242,ewma_residual_fallback_insufficient_egarch_obs,60,ok,60,-0.5750592389544195,1.5631039264446536,0.210443586449624,0.3511463617913061,-0.9734475119213027,0.5369205065502616,0.5846706629383238,0.013856130239009352,insufficient_egarch_obs
Equal premium,Gross before costs,243,ewma_residual_fallback_insufficient_egarch_obs,60,ok,60,-0.9522969502561018,1.5807548533196496,-0.9271056159443549,-1.2168198495323874,-0.9999998479424133,0.6654737234925001,0.7006672289992145,2.4701920848355087e-07,insufficient_egarch_obs
Equal premium,Gross before costs,244,ewma_residual_fallback_insufficient_egarch_obs,60,ok,60,-1.0,1.9212651752221135,-0.4780761609068535,-0.6671105244014672,-1.0172862959255802,0.783423083595169,0.92508755638991,-2.150134325617349e-08,insufficient_egarch_obs
Equal premium,Gross before costs,245,ewma_residual_fallback_insufficient_egarch_obs,60,ok,60,-0.9074126037451227,1.2089265115913872,-0.9779456166870291,-1.1838558811525475,-0.9999960722966887,0.5522205614187929,0.7797302017192492,6.803922452981883e-06,insufficient_egarch_obs
Equal premium,Gross before costs,246,ewma_residual_fallback_insufficient_egarch_obs,60,ok,60,-0.988438047506961,1.435599369824223,-1.6317944877113104,-1.8066513583273733,-0.9999999997202607,0.679744478066999,0.8167169120199548,2.0661214793282463e-10,insufficient_egarch_obs
Equal premium,Gross before costs,247,ewma_residual_fallback_insufficient_egarch_obs,60,ok,60,-0.9331652186278392,1.4319474797249845,-0.8782350563756137,-1.1206669823267108,-0.9999987250393919,0.6847310839687308,0.7805629750803996,1.3335603018428392e-06,insufficient_egarch_obs
Equal premium,Gross before costs,248,ewma_residual_fallback_insufficient_egarch_obs,60,ok,60,-0.7406292924219733,1.522682373511362,-0.1340541917241259,-0.21361697987716366,-0.9996738850622576,0.5630323401083432,0.5912635750436127,0.001173828457583129,insufficient_egarch_obs
Equal premium,Gross before costs,249,ewma_residual_fallback_insufficient_egarch_obs,60,ok,60,-1.0,1.5059109664572403,-0.8025819456932861,-1.0528265810355117,-1.0003517585933137,0.5995417345903347,0.7845426121210383,-4.1435140837857296e-08,insufficient_egarch_obs
Equal premium,Gross before costs,250,ewma_residual_fallback_insufficient_egarch_obs,60,ok,60,-0.7438157751587586,1.009605936777724,-0.7900820398984578,-1.0588118934501034,-0.998892620082637,0.42909355816606054,0.4876054279843927,0.0011034735242007345,insufficient_egarch_obs
Equal premium,Gross before costs,251,ewma_residual_fallback_insufficient_egarch_obs,60,ok,60,-0.7418578915933851,1.2947228750069755,-0.36854317083381793,-0.5584140935246966,-0.9982347156342603,0.47111226915458637,0.5773225746379231,0.0011462893683850642,insufficient_egarch_obs
Equal premium,Gross before costs,252,ewma_residual_fallback_insufficient_egarch_obs,60,ok,60,-0.825649316869283,1.3404294366959477,-0.5738505186118293,-0.819761499759993,-0.9999346611026547,0.5232441497545676,0.5969257899444474,0.00016110843045906805,insufficient_egarch_obs
Equal premium,Gross before costs,253,ewma_residual_fallback_insufficient_egarch_obs,60,ok,60,-0.8810766824891525,1.6558104435519037,-0.2650696669430447,-0.3947566949644361,-0.9999882776912171,0.6296214646758997,0.8007529386750455,2.3786748424879026e-05,insufficient_egarch_obs
Equal premium,Gross before costs,254,ewma_residual_fallback_insufficient_egarch_obs,60,ok,60,-0.5889413262457747,1.245131460750685,-0.08310041029596821,-0.1301548656868213,-0.9893153729621617,0.477405858778816,0.5558608970313714,0.0117359725072467,insufficient_egarch_obs
Equal premium,Gross before costs,255,ewma_residual_fallback_insufficient_egarch_obs,60,ok,60,-0.7880899833705889,1.046200016988113,-0.8614618378189385,-1.0902098778123834,-0.9994253161483112,0.454706932432089,0.5283862868274465,0.0004273241405405359,insufficient_egarch_obs
Equal premium,Gross before costs,256,ewma_residual_fallback_insufficient_egarch_obs,60,ok,60,-1.0,1.6290174100780235,-0.3373798222298258,-0.4849357629720388,-1.0040648795382643,0.6695180374967001,0.8898447799477859,-2.2756843694610977e-06,insufficient_egarch_obs
Equal premium,Gross before costs,257,ewma_residual_fallback_insufficient_egarch_obs,60,ok,60,-0.8640427816562755,1.1218106025803674,-1.0690788871699877,-1.3150633558912401,-0.999945480268328,0.5088105189482294,0.5754499245901792,4.6452741746914536e-05,insufficient_egarch_obs
Equal premium,Gross before costs,258,ewma_residual_fallback_insufficient_egarch_obs,60,ok,60,-0.36019732942605565,1.4620699274829712,0.3609392594744772,0.6569925405951157,-0.9866232412583866,0.4773332306531671,0.5738907954808068,0.10720875252432369,insufficient_egarch_obs
Equal premium,Gross before costs,259,ewma_residual_fallback_insufficient_egarch_obs,60,ok,60,-0.9240165754518003,1.9283733252519515,-0.11337076706527051,-0.17621967360414525,-0.9999993007132556,0.7668928166877954,0.8729866891801281,2.532761616059022e-06,insufficient_egarch_obs
Equal premium,Gross before costs,260,ewma_residual_fallback_insufficient_egarch_obs,60,ok,60,-0.8188870475939478,1.0087871913013846,-1.0611257350542695,-1.287434909928387,-0.9997543437084435,0.47226137941237595,0.5457289702977021,0.0001948711514586735,insufficient_egarch_obs
Equal premium,Gross before costs,261,ewma_residual_fallback_insufficient_egarch_obs,60,ok,60,-0.6884966980603893,1.2186193575869193,-0.35148754175089436,-0.5320134131001363,-0.996117261712872,0.44076423791707386,0.5087821113475345,0.002933008170084068,insufficient_egarch_obs
Equal premium,Gross before costs,262,ewma_residual_fallback_insufficient_egarch_obs,60,ok,60,-0.7496291185166427,1.5367462461612833,-0.11372722058197249,-0.17736433015339523,-0.999670741206453,0.5274675162625206,0.643558028984942,0.0009838278035483137,insufficient_egarch_obs
Equal premium,Gross before costs,263,ewma_residual_fallback_insufficient_egarch_obs,60,ok,60,-0.9709947810058086,1.470949792956613,-1.2892480357364997,-1.5055564829971966,-0.9999999787437609,0.6268168921066498,0.7220760154570428,2.0529612136160197e-08,insufficient_egarch_obs
Equal premium,Gross before costs,264,ewma_residual_fallback_insufficient_egarch_obs,60,ok,60,-1.0,1.7552431442831113,-1.5134400725958486,-1.6753370095950428,-1.0211580886974132,0.908568395671126,1.096033993372491,-1.1914375663336485e-13,insufficient_egarch_obs
Equal premium,Gross before costs,265,ewma_residual_fallback_insufficient_egarch_obs,60,ok,60,-0.7306150708236766,1.780529656097143,0.2393488247409851,0.40548258898088724,-0.9999471454652031,0.6417733453178618,0.7723789508267423,0.0014186213010569115,insufficient_egarch_obs
Equal premium,Gross before costs,266,ewma_residual_fallback_insufficient_egarch_obs,60,ok,60,-0.44123076291395846,1.1934147249415539,0.09272492960239205,0.1475879621682731,-0.994628735466701,0.4345655604664204,0.475994599183407,0.05447063530355547,insufficient_egarch_obs
Equal premium,Gross before costs,267,ewma_residual_fallback_insufficient_egarch_obs,60,ok,60,-0.7762117305401766,1.5157304441504529,-0.18218539356498678,-0.2833041822044701,-0.9998281734973157,0.5793930851976967,0.6984378347128141,0.0005612890756447412,insufficient_egarch_obs
Equal premium,Gross before costs,268,ewma_residual_fallback_insufficient_egarch_obs,60,ok,60,-0.7103548632039203,1.5268171019260028,0.058891524335450564,0.0916172283577488,-0.9992139299893831,0.5826698047334575,0.700602110111304,0.002038596174908476,insufficient_egarch_obs
Equal premium,Gross before costs,269,ewma_residual_fallback_insufficient_egarch_obs,60,ok,60,-0.9167864848649078,1.30590983337624,-1.0574157967740152,-1.3200240149990619,-0.9999933168792923,0.5305635129634847,0.6565134728590557,3.989967333902841e-06,insufficient_egarch_obs
Equal premium,Gross before costs,270,ewma_residual_fallback_insufficient_egarch_obs,60,ok,60,-0.48245964588299395,1.3844641155196973,0.1928130082212394,0.31937915662826843,-0.9982143657314771,0.5123731285674725,0.5394716217743541,0.037129670332710224,insufficient_egarch_obs
Equal premium,Gross before costs,271,ewma_residual_fallback_insufficient_egarch_obs,60,ok,60,-0.5213974289446834,1.2476493053423354,0.0016612468754983374,0.0027428799969782614,-0.994468956582534,0.5097612424429044,0.5178326761236122,0.025111643462339787,insufficient_egarch_obs
Equal premium,Gross before costs,272,ewma_residual_fallback_insufficient_egarch_obs,60,ok,60,-0.47817380349730687,1.4849164960580874,0.2797283830754334,0.4784821412021241,-0.9977161441548532,0.5400523646261212,0.6124021515739755,0.03869273134356093,insufficient_egarch_obs
Equal premium,Gross before costs,273,ewma_residual_fallback_insufficient_egarch_obs,60,ok,60,-0.7108793181532349,1.3655736769016813,-0.22288439038812233,-0.3452552292887537,-0.9989755418821452,0.5253010677265648,0.5699832418258349,0.0020202066537918085,insufficient_egarch_obs
Equal premium,Gross before costs,274,ewma_residual_fallback_insufficient_egarch_obs,60,ok,60,-1.0,1.518556960010968,-0.1919494440104631,-0.28187600834750376,-1.1145313313309206,0.5805823737864588,0.7781016586637489,-0.00013258611703594096,insufficient_egarch_obs
Equal premium,Gross before costs,275,ewma_residual_fallback_insufficient_egarch_obs,60,ok,60,-0.7396447929483594,1.1670059094247127,-0.5075326538001936,-0.7149060877464604,-0.9993254743419377,0.48036232885025376,0.5958993367455011,0.001196275861198132,insufficient_egarch_obs
Equal premium,Gross before costs,276,ewma_residual_fallback_insufficient_egarch_obs,60,ok,60,-0.7844077052457854,0.924888571375515,-1.107002093050791,-1.3436541967662732,-0.9996672032484019,0.3743102691893761,0.4237027944133591,0.000465764276606174,insufficient_egarch_obs
Equal premium,Gross before costs,277,ewma_residual_fallback_insufficient_egarch_obs,60,ok,60,-0.8044230004805463,1.3225479250034635,-0.4181327898866946,-0.5769992777442042,-0.9997344237109267,0.6105181634792771,0.7358714882930175,0.0002861468010861064,insufficient_egarch_obs
Equal premium,Gross before costs,278,ewma_residual_fallback_insufficient_egarch_obs,60,ok,60,-0.84462050114247,1.15587109974954,-0.8363468327654948,-1.0529950543576831,-0.9999400156141401,0.5993315995346398,0.6924382860034292,9.05667080125622e-05,insufficient_egarch_obs
Equal premium,Gross before costs,279,ewma_residual_fallback_insufficient_egarch_obs,60,ok,60,-0.8337029896625412,1.2704214225017865,-0.6064311534706456,-0.8038895415253874,-0.9999227593317803,0.5248685912785904,0.6440954260501356,0.00012718099197885427,insufficient_egarch_obs
Equal premium,Gross before costs,280,ewma_residual_fallback_insufficient_egarch_obs,60,ok,60,-0.8083671017290948,1.4402294228636694,-0.4011942238817055,-0.60151414134151,-0.9998926103989155,0.5048917245898791,0.584028302930697,0.00025843441070813616,insufficient_egarch_obs
Equal premium,Gross before costs,281,ewma_residual_fallback_insufficient_egarch_obs,60,ok,60,-0.6073144498836691,1.5163926739695883,0.12284379049284769,0.20734871991524212,-0.9877296909846262,0.5471983421162909,0.6275166823695293,0.009337370741364174,insufficient_egarch_obs
Equal premium,Gross before costs,282,ewma_residual_fallback_insufficient_egarch_obs,60,ok,60,-0.37772794489930717,1.029466356726779,0.06079037453678365,0.09855018777907715,-0.9545116837968782,0.36657475263512557,0.5071526583379086,0.09330426389736193,insufficient_egarch_obs
Equal premium,Gross before costs,283,ewma_residual_fallback_insufficient_egarch_obs,60,ok,60,-0.9774650004846299,1.3835795272589595,-1.4367758666463069,-1.5687492542958643,-0.9999999805183164,0.7058740483562659,0.8106972998073374,5.8114936329166905e-09,insufficient_egarch_obs
Equal premium,Gross before costs,284,ewma_residual_fallback_insufficient_egarch_obs,60,ok,60,-0.9045829273936187,1.4737889231759884,-0.7379115400933379,-1.0040945209641159,-0.9999942275606888,0.5787577523741992,0.6133181191741579,7.909161459320702e-06,insufficient_egarch_obs
Equal premium,Gross before costs,285,ewma_residual_fallback_insufficient_egarch_obs,60,ok,60,-0.8617294601931416,1.6392700564910643,-0.08480690569021142,-0.12344985463354911,-0.9999907087198417,0.6417592947907281,0.8358889967321362,5.0541519158534694e-05,insufficient_egarch_obs
Equal premium,Gross before costs,286,ewma_residual_fallback_insufficient_egarch_obs,60,ok,60,-0.7695438449396631,1.0136283190275814,-0.8099468854674411,-1.0032486801115086,-0.9995309396383887,0.4612909544456409,0.5676240403318816,0.0006500422114541866,insufficient_egarch_obs
Equal premium,Gross before costs,287,ewma_residual_fallback_insufficient_egarch_obs,60,ok,60,-0.904294633072167,1.295840600994676,-0.9787106226377005,-1.2390542112700251,-0.9999965306334909,0.5528905561993062,0.6563411211949596,8.029369856696343e-06,insufficient_egarch_obs
Equal premium,Gross before costs,288,ewma_residual_fallback_insufficient_egarch_obs,60,ok,60,-0.9383035295134022,1.3233507498255206,-0.9698126215538173,-1.1720248702755232,-0.9999994749765719,0.5865216259953683,0.8168810050191039,8.93926061292974e-07,insufficient_egarch_obs
Equal premium,Gross before costs,289,ewma_residual_fallback_insufficient_egarch_obs,60,ok,60,-0.8816672760499509,1.2700905938691693,-0.890679394348979,-1.1323509847683624,-0.9999832578401521,0.5430037930878963,0.639773049059744,2.3201940523626215e-05,insufficient_egarch_obs
Equal premium,Gross before costs,290,ewma_residual_fallback_insufficient_egarch_obs,60,ok,60,-0.8899352435446884,1.4382874406221102,-0.690394200173374,-0.9462401239424627,-0.999991521149015,0.5670329826431345,0.6360974270041303,1.6152560810166725e-05,insufficient_egarch_obs
Equal premium,Gross before costs,291,ewma_residual_fallback_insufficient_egarch_obs,60,ok,60,-0.881155591327576,1.2069398541430545,-0.7327215038984906,-0.929924601180448,-0.9999707762030395,0.5475228399794201,0.7578431910790178,2.3707937325431924e-05,insufficient_egarch_obs
Equal premium,Gross before costs,292,ewma_residual_fallback_insufficient_egarch_obs,60,ok,60,-0.6212009827272813,1.669075282150991,0.30999036823250603,0.5467670978973445,-0.9988317984524714,0.4642894356667178,0.6864348479900265,0.007799095138092346,insufficient_egarch_obs
Equal premium,Gross before costs,293,ewma_residual_fallback_insufficient_egarch_obs,60,ok,60,-0.9543443188551259,1.4809521015995035,-1.0285404102999527,-1.3120108009863158,-0.9999993498383168,0.5837038663276879,0.7558142630483334,1.9836914998693132e-07,insufficient_egarch_obs
Equal premium,Gross before costs,294,ewma_residual_fallback_insufficient_egarch_obs,60,ok,60,-0.6921636592423255,1.1907071034142156,-0.3410358539566495,-0.4864969695504621,-0.9989053461019272,0.46727000371375704,0.553203559298198,0.002764390804820329,insufficient_egarch_obs
Equal premium,Gross before costs,295,ewma_residual_fallback_insufficient_egarch_obs,60,ok,60,-0.6024723456060734,1.255899268761904,-0.12005252261270173,-0.18795020867977819,-0.9929240448027087,0.4465395313662234,0.5109421181889461,0.00992742765293315,insufficient_egarch_obs
Equal premium,Gross before costs,296,ewma_residual_fallback_insufficient_egarch_obs,60,ok,60,-0.9558419178718137,1.621619390531583,-0.5681199655368347,-0.7433519981857016,-0.9999999195751849,0.6652431907181322,0.869397483570801,1.679001229970823e-07,insufficient_egarch_obs
Equal premium,Gross before costs,297,ewma_residual_fallback_insufficient_egarch_obs,60,ok,60,-0.9760106448567664,1.7546036461300483,-0.4725975604176192,-0.6636032053126283,-0.9999999919083087,0.7818035782939632,0.9443456072106567,7.944981091411999e-09,insufficient_egarch_obs
Equal premium,Gross before costs,298,ewma_residual_fallback_insufficient_egarch_obs,60,ok,60,-0.9614193785507276,1.5232190355131867,-1.0730920264647188,-1.316578002339984,-0.9999998358712325,0.628763807559557,0.7073733680823063,8.547637480087071e-08,insufficient_egarch_obs
Equal premium,Gross before costs,299,ewma_residual_fallback_insufficient_egarch_obs,60,ok,60,-1.0,1.9411384575485295,-0.49280379549396114,-0.6795591759135504,-1.0001628533066118,0.8274090039035736,0.9768979902253481,-3.0981780491891103e-10,insufficient_egarch_obs
Equal premium,Gross before costs,300,ewma_residual_fallback_insufficient_egarch_obs,60,ok,60,-0.5116758319683052,1.2491038397640841,0.0523265719734695,0.08138180932225252,-0.9775650287310003,0.4483589022366574,0.5236581351773313,0.027767775798399657,insufficient_egarch_obs
Equal premium,Gross before costs,301,ewma_residual_fallback_insufficient_egarch_obs,60,ok,60,-1.0,1.15816968275849,-0.5563595517346591,-0.7259147718637132,0.0,0.4541627853700423,0.7031682123005106,-5.028378210056237e-05,insufficient_egarch_obs
Equal premium,Gross before costs,302,ewma_residual_fallback_insufficient_egarch_obs,60,ok,60,-0.7499354550922829,1.708467456042194,0.02581850217884401,0.04254691174609599,-0.9990369515661852,0.6044652541177864,0.6520564730344,0.000977823793841431,insufficient_egarch_obs
Equal premium,Gross before costs,303,ewma_residual_fallback_insufficient_egarch_obs,60,ok,60,-0.7733879305835926,1.1091753996667852,-0.7147041790385615,-0.9831027573523072,-0.9998109793262788,0.4363756066129635,0.6008461991195381,0.0005976063229803005,insufficient_egarch_obs
Equal premium,Gross before costs,304,ewma_residual_fallback_insufficient_egarch_obs,60,ok,60,-0.8540280029948882,1.655003026159509,-0.27679651151519513,-0.4165909369888152,-0.9998218022274352,0.6021861781400341,0.6772503620556306,6.627469651188676e-05,insufficient_egarch_obs
Equal premium,Gross before costs,305,ewma_residual_fallback_insufficient_egarch_obs,60,ok,60,-0.5715272061077598,1.3236943563080297,-0.006875564255539023,-0.011339944830164789,-0.9963484153518083,0.48538420263970916,0.5401732768681485,0.01444163142541238,insufficient_egarch_obs
Equal premium,Gross before costs,306,ewma_residual_fallback_insufficient_egarch_obs,60,ok,60,-0.7846336144417378,1.3135296113359474,-0.2923223166053693,-0.40428552630902276,-0.9995608531690563,0.5768999267638508,0.7520887485654177,0.0004633291210956296,insufficient_egarch_obs
Equal premium,Gross before costs,307,ewma_residual_fallback_insufficient_egarch_obs,60,ok,60,-0.8424038245271317,0.9981199992990104,-1.1536197912057922,-1.2931654109692141,-0.9999740013356153,0.5403977064205591,0.5616807357737634,9.721390066315578e-05,insufficient_egarch_obs
Equal premium,Gross before costs,308,ewma_residual_fallback_insufficient_egarch_obs,60,ok,60,-0.6833977545411749,1.2723065111180616,-0.1944731118879568,-0.2972391628923583,-0.9978888497132503,0.3905451555682195,0.6231635451445644,0.0031810460309679937,insufficient_egarch_obs
Equal premium,Gross before costs,309,ewma_residual_fallback_insufficient_egarch_obs,60,ok,60,-1.0,1.5789965052430786,-0.8817634235611463,-1.1103436476563697,-1.000029221560872,0.6624911466575653,0.8586933503455217,-1.1538980843318733e-08,insufficient_egarch_obs
Equal premium,Gross before costs,310,ewma_residual_fallback_insufficient_egarch_obs,60,ok,60,-1.0,1.6772284765899956,-0.12550354165775227,-0.1879618665444909,-1.000060072628709,0.5664553715165853,0.7411935600353997,-5.495509312017959e-05,insufficient_egarch_obs
Equal premium,Gross before costs,311,ewma_residual_fallback_insufficient_egarch_obs,60,ok,60,-0.8170092047253301,1.3707364430356288,0.10360249004488739,0.16459487279415863,-0.9999862167994057,0.38844137826976527,0.7569930287976513,0.00020518529023409919,insufficient_egarch_obs
Equal premium,Gross before costs,312,ewma_residual_fallback_insufficient_egarch_obs,60,ok,60,-0.736079128839983,1.3444482607203931,-0.287890370950704,-0.4394966967523751,-0.9999493470334522,0.5231359449800852,0.627321077556172,0.001280467855029111,insufficient_egarch_obs
Equal premium,Gross before costs,313,ewma_residual_fallback_insufficient_egarch_obs,60,ok,60,-0.7920731966995295,1.811657298643327,0.07099961969587268,0.12025648357153716,-0.9997982336731553,0.5795558657303158,0.7398638006237185,0.00038864437245409486,insufficient_egarch_obs
Equal premium,Gross before costs,314,ewma_residual_fallback_insufficient_egarch_obs,60,ok,60,-1.0,1.572971933788619,-0.260472536122747,-0.3927633771973172,-1.0079796887803767,0.6261419168022531,0.804324835250792,-3.5049459471484713e-05,insufficient_egarch_obs
Equal premium,Gross before costs,315,ewma_residual_fallback_insufficient_egarch_obs,60,ok,60,-0.8703461345939082,1.0111354981547676,-1.3242069537206198,-1.5256438366776044,-0.9999544365214541,0.4252833261632363,0.5806299208122053,3.6637627701208856e-05,insufficient_egarch_obs
Equal premium,Gross before costs,316,ewma_residual_fallback_insufficient_egarch_obs,60,ok,60,-0.968386996331885,2.5201959534620157,-0.05317683784460108,-0.08166934134626688,-1.0057747771117385,0.9161318905852882,1.2091320002507622,3.157394211595395e-08,insufficient_egarch_obs
Equal premium,Gross before costs,317,ewma_residual_fallback_insufficient_egarch_obs,60,ok,60,-1.0,1.9722703934165557,-1.2356304195684291,-1.5023842223132737,-1.0201974359564996,0.8778262580238755,1.0306248280936776,-1.203497508576569e-13,insufficient_egarch_obs
Equal premium,Gross before costs,318,ewma_residual_fallback_insufficient_egarch_obs,60,ok,60,-0.9410343348932568,1.9243572666594475,-0.36605900709666045,-0.5524857255383018,-0.9999995767908078,0.7301800612727075,0.8014885754726202,7.128464772875493e-07,insufficient_egarch_obs
Equal premium,Gross before costs,319,ewma_residual_fallback_insufficient_egarch_obs,60,ok,60,-0.8615390413431308,1.3531170483470194,-0.6575305639069987,-0.8940925038481127,-0.9999782624835655,0.5723809823283057,0.6521846267208242,5.089049450727813e-05,insufficient_egarch_obs
Equal premium,Gross before costs,320,ewma_residual_fallback_insufficient_egarch_obs,60,ok,60,-0.4339006165191267,1.7379905131171447,0.5408303912605429,0.9839902334401767,-0.997285409268891,0.5031737734575661,0.7343875865462426,0.058138444707829286,insufficient_egarch_obs
Equal premium,Gross before costs,321,ewma_residual_fallback_insufficient_egarch_obs,60,ok,60,-1.0,1.840505533662508,-0.23973883293936754,-0.3573566884023778,-1.000662325371339,0.7679993429946506,0.8734029877849124,-1.4385366554764255e-06,insufficient_egarch_obs
Equal premium,Gross before costs,322,ewma_residual_fallback_insufficient_egarch_obs,60,ok,60,-0.8226794414027128,1.3225223294713706,-0.5560202165562168,-0.7828146001988564,-0.9998663076008124,0.5802925052176025,0.6371443441416155,0.00017530546446548393,insufficient_egarch_obs
Equal premium,Gross before costs,323,ewma_residual_fallback_insufficient_egarch_obs,60,ok,60,-0.9456122278530134,1.376716547831882,-0.765786775847714,-0.9921157093582488,-0.9999993599749296,0.6924328849752617,0.8610845433490942,4.7588974606600577e-07,insufficient_egarch_obs
Equal premium,Gross before costs,324,ewma_residual_fallback_insufficient_egarch_obs,60,ok,60,-1.0,1.52738655311883,-0.6915383859220035,-0.934405669059922,-1.0092410762972195,0.6089096539684767,0.8278877654648321,-2.080742884392836e-06,insufficient_egarch_obs
Equal premium,Gross before costs,325,ewma_residual_fallback_insufficient_egarch_obs,60,ok,60,-1.0,1.4990223433915442,-0.3385053220967589,-0.46852661801869394,-1.0279939021043287,0.6737073356079453,0.8237362831248626,-1.752809864603973e-05,insufficient_egarch_obs
Equal premium,Gross before costs,326,ewma_residual_fallback_insufficient_egarch_obs,60,ok,60,-1.0,1.6032080465574239,-0.5267884313849851,-0.7130275431549269,-1.0007568896556973,0.641268312598781,0.9139870393169646,-1.422904581388677e-06,insufficient_egarch_obs
Equal premium,Gross before costs,327,ewma_residual_fallback_insufficient_egarch_obs,60,ok,60,-0.7956114070918274,1.6443554283398822,0.04306365710328967,0.06702801043043075,-0.9997936409067594,0.6037964888315709,0.748654834344988,0.00035668370492511486,insufficient_egarch_obs
Equal premium,Gross before costs,328,ewma_residual_fallback_insufficient_egarch_obs,60,ok,60,-0.647955373005039,1.4588736491504803,0.034640642563374756,0.05542110878133815,-0.9963899398828651,0.5142773536236249,0.6210810786644961,0.005407401309780597,insufficient_egarch_obs
Equal premium,Gross before costs,329,ewma_residual_fallback_insufficient_egarch_obs,60,ok,60,-0.7509345849534473,1.3248530312305669,-0.3632620958861286,-0.5449163656916758,-0.9992418477369881,0.4579586645583633,0.5602671709023577,0.0009584448547974527,insufficient_egarch_obs
Equal premium,Gross before costs,330,ewma_residual_fallback_insufficient_egarch_obs,60,ok,60,-0.8711126541280123,1.4020335297151538,-0.6717098459200752,-0.9427843181353451,-0.9999854956170783,0.5342806686674886,0.6306095719429113,3.5567341318086235e-05,insufficient_egarch_obs
Equal premium,Gross before costs,331,ewma_residual_fallback_insufficient_egarch_obs,60,ok,60,-1.0,1.8983991869377126,-0.5658669330073735,-0.7726512763626542,-1.0000000165665899,0.7760016474387236,0.9384831758748032,-3.6676332960475173e-10,insufficient_egarch_obs
Equal premium,Gross before costs,332,ewma_residual_fallback_insufficient_egarch_obs,60,ok,60,-0.7440425707822252,1.2250628582938994,-0.4353955720019496,-0.6110604335280717,-0.9999479441245416,0.5002210399442448,0.5780298448749807,0.001098597731186979,insufficient_egarch_obs
Equal premium,Gross before costs,333,ewma_residual_fallback_insufficient_egarch_obs,60,ok,60,-0.9719653969364378,1.4709932776619898,-1.1410636184193705,-1.3291248722112876,-0.9999999937918639,0.6229472925807888,0.8424276842730184,1.7316976041059682e-08,insufficient_egarch_obs
Equal premium,Gross before costs,334,ewma_residual_fallback_insufficient_egarch_obs,60,ok,60,-1.0,2.1756439675314336,-0.46192491425977955,-0.6429535172423888,-1.1298120698572118,0.9219518971199907,1.1364552216357688,-3.2376733197587357e-10,insufficient_egarch_obs
Equal premium,Gross before costs,335,ewma_residual_fallback_insufficient_egarch_obs,60,ok,60,-0.7322909479863213,1.628989661916633,0.004921551107922004,0.008075639843792861,-0.9983050450786436,0.526897968115627,0.634851276013455,0.001375039838226349,insufficient_egarch_obs
Equal premium,Gross before costs,336,ewma_residual_fallback_insufficient_egarch_obs,60,ok,60,-0.9336497110977313,1.458718304754271,-0.948353485213706,-1.2251404634500882,-0.999999061481095,0.5850539299360094,0.6459942238678041,1.2859204146841961e-06,insufficient_egarch_obs
Equal premium,Gross before costs,337,ewma_residual_fallback_insufficient_egarch_obs,60,ok,60,-0.8551025721886352,2.0835937160168516,0.13592806194597323,0.24504949621436262,-0.9999708437972545,0.648238617586189,0.7625600649808715,6.387095064520964e-05,insufficient_egarch_obs
Equal premium,Gross before costs,338,ewma_residual_fallback_insufficient_egarch_obs,60,ok,60,-0.3574919818590956,1.2896675213408613,0.22076154266503625,0.4080757658889541,-0.9940857680073363,0.38303847226554766,0.43972634414593825,0.10949461451248486,insufficient_egarch_obs
Equal premium,Gross before costs,339,ewma_residual_fallback_insufficient_egarch_obs,60,ok,60,-0.7441625231708229,1.329462068050437,-0.3132686420497928,-0.4610184871919556,-0.9994350051802288,0.4792365656642433,0.5884448606632685,0.001096025897942964,insufficient_egarch_obs
Equal premium,Gross before costs,340,ewma_residual_fallback_insufficient_egarch_obs,60,ok,60,-0.9516050342953093,1.6055332069987214,-0.608469148740861,-0.811037249709798,-0.999999686676879,0.7164301961645344,0.8375808264046284,2.6546112597697077e-07,insufficient_egarch_obs
Equal premium,Gross before costs,341,ewma_residual_fallback_insufficient_egarch_obs,60,ok,60,-0.7859696659240853,1.4213646384273049,-0.27954412219944863,-0.41018020417477397,-0.9999488691129473,0.5255700427402962,0.6790206391600361,0.00044913473830065706,insufficient_egarch_obs
Equal premium,Gross before costs,342,ewma_residual_fallback_insufficient_egarch_obs,60,ok,60,-0.6196588744439792,1.1864161030065186,-0.2220197437893096,-0.3344583965214409,-0.9979050631716648,0.45612546980011315,0.4885416361836515,0.007959145368920572,insufficient_egarch_obs
Equal premium,Gross before costs,343,ewma_residual_fallback_insufficient_egarch_obs,60,ok,60,-1.0,1.3579641975955212,-0.7710351408884842,-1.0152856717653753,-1.0045214458253253,0.5471036034950566,0.7621328841142595,-2.2441332083043195e-06,insufficient_egarch_obs
Equal premium,Gross before costs,344,ewma_residual_fallback_insufficient_egarch_obs,60,ok,60,-0.6505287803520401,1.3309927946945392,-0.09442053378114537,-0.14428079455561388,-0.9954643586738364,0.5263268667049821,0.5909859923238682,0.005212632150442826,insufficient_egarch_obs
Equal premium,Gross before costs,345,ewma_residual_fallback_insufficient_egarch_obs,60,ok,60,-0.48869592177995846,1.063589479011145,-0.10875008021801194,-0.16552558506951115,-0.9815330989884314,0.40307448606196666,0.44251137080883945,0.03494590432908092,insufficient_egarch_obs
Equal premium,Gross before costs,346,ewma_residual_fallback_insufficient_egarch_obs,60,ok,60,-0.6819207873034017,1.4970261588716731,-0.03266418842972563,-0.05276060660478828,-0.9997192214150432,0.5314309980530935,0.5980474602346271,0.00325594034211535,insufficient_egarch_obs
Equal premium,Gross before costs,347,ewma_residual_fallback_insufficient_egarch_obs,60,ok,60,-0.013555324574295202,1.2680299509634445,0.5763650259676316,1.0641431120179425,-0.9920690300353074,0.4387535072553841,0.5191152042325538,0.9340361062500485,insufficient_egarch_obs
Equal premium,Gross before costs,348,ewma_residual_fallback_insufficient_egarch_obs,60,ok,60,-0.9941669319713258,1.6623117505670952,-1.3101256154001448,-1.4753335573081918,-1.0052061559702923,1.0062332728337413,1.1335942374329373,6.752848924573736e-12,insufficient_egarch_obs
Equal premium,Gross before costs,349,ewma_residual_fallback_insufficient_egarch_obs,60,ok,60,-0.6158797816333763,1.5810273990459613,0.2957837714437704,0.4931974528917076,-0.9993258221714968,0.5257784651638919,0.7100982244681123,0.008362494312601353,insufficient_egarch_obs
Equal premium,Gross before costs,350,ewma_residual_fallback_insufficient_egarch_obs,60,ok,60,-0.8071488382999032,1.3061433059094139,-0.5218595898013716,-0.7324107548596696,-0.9998107297301788,0.5142902677412284,0.6327205030456341,0.0002667542187695397,insufficient_egarch_obs
Equal premium,Gross before costs,351,ewma_residual_fallback_insufficient_egarch_obs,60,ok,60,-0.8811543543964188,1.650679606604019,-0.36493842443453456,-0.5431247119235773,-0.9999889201910281,0.6069936516672085,0.7446061792072665,2.370917111073541e-05,insufficient_egarch_obs
Equal premium,Gross before costs,352,ewma_residual_fallback_insufficient_egarch_obs,60,ok,60,-1.0,1.5021653477158363,-0.9643580981549376,-1.2109586314077243,-1.0000001973907922,0.7416724587468418,0.8773976348772795,-7.483891695933555e-08,insufficient_egarch_obs
Equal premium,Gross before costs,353,ewma_residual_fallback_insufficient_egarch_obs,60,ok,60,-0.8814046561721127,1.3243165944382629,-0.7622471594910301,-0.9870734324099915,-0.9999884932332497,0.5688547212622914,0.6572417443973183,2.346055017829216e-05,insufficient_egarch_obs
Equal premium,Gross before costs,354,ewma_residual_fallback_insufficient_egarch_obs,60,ok,60,-0.6581125493197062,1.1983919762018524,-0.2651899110164609,-0.39569919144423843,-0.9978082997571539,0.5392081175853582,0.5842609919944688,0.004671063802379035,insufficient_egarch_obs
Equal premium,Gross before costs,355,ewma_residual_fallback_insufficient_egarch_obs,60,ok,60,-0.7019981637569106,1.0259711184262852,-0.6319880060895022,-0.8738638823950569,-0.9971641742983669,0.4156724715756447,0.47214145402459073,0.002350145229306377,insufficient_egarch_obs
Equal premium,Gross before costs,356,ewma_residual_fallback_insufficient_egarch_obs,60,ok,60,-0.9574957642297766,1.3090081161823417,-1.4282580388884831,-1.6269403151378201,-0.9999999402769298,0.6348908148685231,0.6928089769055262,1.3872702078554507e-07,insufficient_egarch_obs
Equal premium,Gross before costs,357,ewma_residual_fallback_insufficient_egarch_obs,60,ok,60,-0.904486697946008,1.0688028182471372,-1.4041961499936269,-1.5622161473346596,-0.9999969728617603,0.5359349654534443,0.6521226690290262,7.949124482394234e-06,insufficient_egarch_obs
Equal premium,Gross before costs,358,ewma_residual_fallback_insufficient_egarch_obs,60,ok,60,-0.7835830985873089,1.4717769981770998,-0.27426421006989915,-0.4163052633193085,-0.999150621411353,0.532642063679179,0.6181473275304356,0.00047474005229041595,insufficient_egarch_obs
Equal premium,Gross before costs,359,ewma_residual_fallback_insufficient_egarch_obs,60,ok,60,-0.6165057545530483,1.0722550320293769,-0.22608204201242746,-0.3139673651870963,-0.9967563208714881,0.40019505484592255,0.6071683680052647,0.008294577273810175,insufficient_egarch_obs
Equal premium,Gross before costs,360,ewma_residual_fallback_insufficient_egarch_obs,60,ok,60,-0.976380015778079,1.8225457192432553,-0.6370845515544579,-0.8811768724435936,-0.9999974901433466,0.713132818495178,0.9776982604159031,7.351873322510688e-09,insufficient_egarch_obs
Equal premium,Gross before costs,361,ewma_residual_fallback_insufficient_egarch_obs,60,ok,60,-0.9501977460420002,1.5560613849667184,-0.944960386477477,-1.2446334003954622,-0.9999999072660926,0.6664614633844177,0.6902542011322419,3.0636912265999584e-07,insufficient_egarch_obs
Equal premium,Gross before costs,362,ewma_residual_fallback_insufficient_egarch_obs,60,ok,60,-0.48820588097732587,1.143021134599619,-0.049827143540487825,-0.08204929463201314,-0.9932695359314451,0.4242066209291323,0.4668090546584161,0.0351136887916388,insufficient_egarch_obs
Equal premium,Gross before costs,363,ewma_residual_fallback_insufficient_egarch_obs,60,ok,60,-0.8337099608086153,1.473055914446988,-0.38176743847519834,-0.5568203238449368,-0.9999261953230932,0.5442380607662389,0.675737805752371,0.00012715433717176873,insufficient_egarch_obs
Equal premium,Gross before costs,364,ewma_residual_fallback_insufficient_egarch_obs,60,ok,60,-0.9117091842105046,1.242481649549732,-1.0931421069099794,-1.3269755028435226,-0.9999948244157867,0.5378690352777669,0.669800744030424,5.365097862538253e-06,insufficient_egarch_obs
Equal premium,Gross before costs,365,ewma_residual_fallback_insufficient_egarch_obs,60,ok,60,-0.8391500052070641,1.3355006408666759,-0.5120423044898379,-0.6904202058258849,-0.9998130637555697,0.60020304655742,0.7523327524259523,0.00010767261380602342,insufficient_egarch_obs
Equal premium,Gross before costs,366,ewma_residual_fallback_insufficient_egarch_obs,60,ok,60,-0.6983958562259364,1.216574853183437,-0.39472147648177786,-0.6103011346255175,-0.9969319605421111,0.4143412401256815,0.49314035378670834,0.002495666332765765,insufficient_egarch_obs
Equal premium,Gross before costs,367,ewma_residual_fallback_insufficient_egarch_obs,60,ok,60,-0.8205863338309053,1.4720236345764182,-0.3916138681804863,-0.5913664073260325,-0.9999820100353998,0.52293463444385,0.6616656367095868,0.00018589923546357017,insufficient_egarch_obs
Equal premium,Gross before costs,368,ewma_residual_fallback_insufficient_egarch_obs,60,ok,60,-1.0,1.6159969911722158,-0.599109230306199,-0.8096591917092725,-1.0704141913545213,0.6664993448452199,0.8436199281600514,-3.094146799371914e-06,insufficient_egarch_obs
Equal premium,Gross before costs,369,ewma_residual_fallback_insufficient_egarch_obs,60,ok,60,-0.7247072989376787,1.076184472582887,-0.6421774614377614,-0.9093356694050401,-0.9986604773109665,0.4311625374697708,0.4489100198677969,0.0015811515010283298,insufficient_egarch_obs
Equal premium,Gross before costs,370,ewma_residual_fallback_insufficient_egarch_obs,60,ok,60,-0.8507949822552097,1.2377100140861579,-0.7379189284074571,-0.9842839586648013,-0.9999089544190191,0.5882649539674308,0.7266153683758457,7.394641831137913e-05,insufficient_egarch_obs
Equal premium,Gross before costs,371,ewma_residual_fallback_insufficient_egarch_obs,60,ok,60,-0.7707123429175068,1.3557305320571165,-0.39004382916113867,-0.5845920696734069,-0.9993268359269918,0.5039085673337613,0.5653629662909716,0.0006337287106655453,insufficient_egarch_obs
Equal premium,Gross before costs,372,ewma_residual_fallback_insufficient_egarch_obs,60,ok,60,-1.0,2.0163012928232136,0.10079771277839812,0.15393524187809976,-1.0006583625103445,0.7584760257951987,0.9583657114331787,-8.463759575578838e-06,insufficient_egarch_obs
Equal premium,Gross before costs,373,ewma_residual_fallback_insufficient_egarch_obs,60,ok,60,-0.9550239559674983,1.726475667700974,-0.48880035030905017,-0.6845182255189124,-0.9999997731445911,0.8420862967903313,0.8981864672836272,1.840374755028784e-07,insufficient_egarch_obs
Equal premium,Gross before costs,374,ewma_residual_fallback_insufficient_egarch_obs,60,ok,60,-0.9021644156375507,1.2062363862708627,-1.1335069605992276,-1.3971794771065842,-0.9999882579893271,0.5188196157303974,0.6115416999503621,8.963636094728494e-06,insufficient_egarch_obs
Equal premium,Gross before costs,375,ewma_residual_fallback_insufficient_egarch_obs,60,ok,60,-0.7753118858538091,1.1260926765881536,-0.6574420422839257,-0.8782068457253137,-0.9997260040081363,0.5390082819300421,0.6206792017394185,0.0005726648086013226,insufficient_egarch_obs
Equal premium,Gross before costs,376,ewma_residual_fallback_insufficient_egarch_obs,60,ok,60,-0.7580580948639641,1.2856302203788421,-0.40093694273213576,-0.5773408296774724,-0.9998967062543184,0.529239439962332,0.6154440509503883,0.000829001813437996,insufficient_egarch_obs
Equal premium,Gross before costs,377,ewma_residual_fallback_insufficient_egarch_obs,60,ok,60,-0.9043301778327203,1.7528506486264002,-0.08357707325770461,-0.13295247455158865,-0.999995074370067,0.5971690570310643,0.8050783981572773,8.014470477413792e-06,insufficient_egarch_obs
Equal premium,Gross before costs,378,ewma_residual_fallback_insufficient_egarch_obs,60,ok,60,-1.0,1.4667920974054887,-1.2105823896003642,-1.4349922503088002,0.0,0.6253815842680563,0.7863638886369322,-4.736728317961524e-09,insufficient_egarch_obs
Equal premium,Gross before costs,379,ewma_residual_fallback_insufficient_egarch_obs,60,ok,60,-0.989066217493284,2.118500095473438,-0.7306652356870449,-0.9997551844582198,-1.0588046856191962,0.770164900606472,1.0221385716304308,1.5626153578654505e-10,insufficient_egarch_obs
Equal premium,Gross before costs,380,ewma_residual_fallback_insufficient_egarch_obs,60,ok,60,-0.5329634483084749,1.2582995316362346,0.014451222701250765,0.0231780998431421,-0.9969905218412924,0.46018011616855553,0.5520997049309132,0.022220527034070615,insufficient_egarch_obs
Equal premium,Gross before costs,381,ewma_residual_fallback_insufficient_egarch_obs,60,ok,60,-0.7895241926857569,1.3165103676979393,-0.4793087094524727,-0.7057253524440528,-0.9998554644606858,0.4772659699858523,0.5933932418800137,0.0004130578878907577,insufficient_egarch_obs
Equal premium,Gross before costs,382,ewma_residual_fallback_insufficient_egarch_obs,60,ok,60,-0.9514073832033079,1.4148876699457753,-1.123943087203787,-1.3655928506137296,-0.9999996775593726,0.5712950053407838,0.7488884238664036,2.7092646852431626e-07,insufficient_egarch_obs
Equal premium,Gross before costs,383,ewma_residual_fallback_insufficient_egarch_obs,60,ok,60,-0.7712903424369216,1.4847734310000198,-0.221749738027028,-0.33995910506825644,-0.9994841430310942,0.4893460514324764,0.6218352512154763,0.0006257812093419315,insufficient_egarch_obs
Equal premium,Gross before costs,384,ewma_residual_fallback_insufficient_egarch_obs,60,ok,60,-0.6364958785550132,1.2814031994746424,-0.1527605813406583,-0.2375244117638788,-0.9984018254103372,0.47854525103074674,0.5290380305541499,0.006346681384924643,insufficient_egarch_obs
Equal premium,Gross before costs,385,ewma_residual_fallback_insufficient_egarch_obs,60,ok,60,-0.9517379686864981,1.245133262666854,-1.4358652229748288,-1.5845794501764767,-0.9999993307491432,0.6100147428667345,0.7104640509116077,2.6183517269278833e-07,insufficient_egarch_obs
Equal premium,Gross before costs,386,ewma_residual_fallback_insufficient_egarch_obs,60,ok,60,-1.0,1.9385371614523594,-0.36358937209898257,-0.5434338420726562,-1.0068416966881246,0.6653441340410634,0.8796278138456199,-2.9558965643592125e-06,insufficient_egarch_obs
Equal premium,Gross before costs,387,ewma_residual_fallback_insufficient_egarch_obs,60,ok,60,-0.9731643869649745,1.536168677854074,-1.0548977923216099,-1.2942547372090993,-0.9999999960386496,0.7057660994726146,0.8886069765007019,1.3917383781952664e-08,insufficient_egarch_obs
Equal premium,Gross before costs,388,ewma_residual_fallback_insufficient_egarch_obs,60,ok,60,-0.9343479833573516,1.3755195886944207,-1.0621568262015044,-1.3272914339747923,-0.9999968825370195,0.6132394426686157,0.6925379762024387,1.2196644194963638e-06,insufficient_egarch_obs
Equal premium,Gross before costs,389,ewma_residual_fallback_insufficient_egarch_obs,60,ok,60,-0.8588671540976871,1.4051579106742935,-0.5719788418740867,-0.799689599019706,-0.9999623208506103,0.5392033088031032,0.6562670792769159,5.599387135906493e-05,insufficient_egarch_obs
Equal premium,Gross before costs,390,ewma_residual_fallback_insufficient_egarch_obs,60,ok,60,-0.6642687439571726,1.6287938279235796,0.19890739858089354,0.33688259885452443,-0.9996181482729517,0.593312887222372,0.7643775807384151,0.004265391275092912,insufficient_egarch_obs
Equal premium,Gross before costs,391,ewma_residual_fallback_insufficient_egarch_obs,60,ok,60,-0.9738472934795284,1.6588628456492285,-0.9266287332149268,-1.1738998439355322,-0.9999999576279424,0.7428068378266856,0.8261391305746534,1.2234414812565708e-08,insufficient_egarch_obs
Equal premium,Gross before costs,392,ewma_residual_fallback_insufficient_egarch_obs,60,ok,60,-0.8659516060657844,1.5120211461407604,-0.4823626047274196,-0.7098327211561484,-0.9999945239433928,0.5275755491521442,0.6896992516415047,4.328207515652862e-05,insufficient_egarch_obs
Equal premium,Gross before costs,393,ewma_residual_fallback_insufficient_egarch_obs,60,ok,60,-0.8762799998983277,1.2918284162784246,-0.8189146570328314,-1.0833199437963188,-0.9999900978625887,0.49485422360651427,0.6730125441915503,2.8986752238374144e-05,insufficient_egarch_obs
Equal premium,Gross before costs,394,ewma_residual_fallback_insufficient_egarch_obs,60,ok,60,-0.9392730931558444,1.7870197032978588,-0.3211876844254357,-0.46147679277556203,-0.999999846135325,0.6971777779431872,0.878548559934711,8.258588049134465e-07,insufficient_egarch_obs
Equal premium,Gross before costs,395,ewma_residual_fallback_insufficient_egarch_obs,60,ok,60,-0.6863712577264683,1.0311249149151045,-0.5643766121714036,-0.7737846314737669,-0.996740301621161,0.4188082752066509,0.496911626035,0.0030344450834797064,insufficient_egarch_obs
Equal premium,Gross before costs,396,ewma_residual_fallback_insufficient_egarch_obs,60,ok,60,0.06340848439181546,1.517938568651345,0.7126558180698805,1.4089420842302942,-0.9702748626474584,0.4698233097542993,0.5113328220148939,1.3598800577659211,insufficient_egarch_obs
Equal premium,Gross before costs,397,ewma_residual_fallback_insufficient_egarch_obs,60,ok,60,-0.8212749324690513,1.1039841744570615,-0.8186882596982032,-1.05556830843524,-0.9999261549420612,0.5270934762255881,0.7273683303684813,0.00018235906179925367,insufficient_egarch_obs
Equal premium,Gross before costs,398,ewma_residual_fallback_insufficient_egarch_obs,60,ok,60,-1.0,2.0118656523861773,-0.4617512559479631,-0.6655633132935381,-1.2099201655411185,0.7214178743922032,0.9053105298349666,-3.911463942953761e-08,insufficient_egarch_obs
Equal premium,Gross before costs,399,ewma_residual_fallback_insufficient_egarch_obs,60,ok,60,-0.8309828549266153,1.3808166133771222,-0.4627372675506187,-0.6393881277942135,-0.9998130995099792,0.5105683303791289,0.6829723681775969,0.00013792843485434586,insufficient_egarch_obs
Equal premium,Gross before costs,400,ewma_residual_fallback_insufficient_egarch_obs,60,ok,60,-0.9158178066139191,1.1930087687284956,-1.276988320695327,-1.5273370453988413,-0.9999922327320204,0.5395722524122716,0.6239606869881653,4.227671030365389e-06,insufficient_egarch_obs
Equal premium,Gross before costs,401,ewma_residual_fallback_insufficient_egarch_obs,60,ok,60,-0.8304210932181768,1.6879018874117668,-0.027764675393906514,-0.04245403918722826,-0.99974231222117,0.645471979448007,0.7688570478011775,0.00014023588382079856,insufficient_egarch_obs
Equal premium,Gross before costs,402,ewma_residual_fallback_insufficient_egarch_obs,60,ok,60,-1.0,1.670558993104803,-1.0749520273103912,-1.2968672863602848,-1.0000001583549518,0.7451518444161521,0.9196162270955458,-6.80672278209206e-10,insufficient_egarch_obs
Equal premium,Gross before costs,403,ewma_residual_fallback_insufficient_egarch_obs,60,ok,60,-0.8637579443416283,1.8502636960419825,-0.02774075940381506,-0.04483538252715095,-0.999965341942532,0.6325338072663874,0.7389262204424752,4.694138927437889e-05,insufficient_egarch_obs
Equal premium,Gross before costs,404,ewma_residual_fallback_insufficient_egarch_obs,60,ok,60,-0.8977500663928424,1.2087786646599152,-1.1067965339488186,-1.3444041804273055,-0.9999805954564684,0.48844576977944726,0.5978867709723908,1.1176740648231879e-05,insufficient_egarch_obs
Equal premium,Gross before costs,405,ewma_residual_fallback_insufficient_egarch_obs,60,ok,60,-0.07431138065108367,1.1686346404462262,0.4150166977160754,0.862153603540875,-0.9754730724248024,0.36157166966017196,0.3978714465197431,0.6797115068693149,insufficient_egarch_obs
Equal premium,Gross before costs,406,ewma_residual_fallback_insufficient_egarch_obs,60,ok,60,-1.0,1.5816945968775045,-0.38842862498436376,-0.5439020102633224,-1.0004088758925007,0.6298106125196391,0.8942437984258756,-4.931605212897091e-07,insufficient_egarch_obs
Equal premium,Gross before costs,407,ewma_residual_fallback_insufficient_egarch_obs,60,ok,60,-0.796839329235292,0.8908299847948978,-1.172228622512835,-1.3593384065534322,-0.999709019148181,0.40949371668512974,0.6025855091057868,0.0003460972832423365,insufficient_egarch_obs
Equal premium,Gross before costs,408,ewma_residual_fallback_insufficient_egarch_obs,60,ok,60,-1.0,1.3704933426222037,-0.4181233940725376,-0.5994019239689795,0.0,0.492565626996139,0.7352201255814098,-2.3766242353963618e-05,insufficient_egarch_obs
Equal premium,Gross before costs,409,ewma_residual_fallback_insufficient_egarch_obs,60,ok,60,-0.8008267518130393,1.7143548655223368,0.04007371938416268,0.06411717754608036,-0.9999786340123894,0.6277900792638633,0.7749431007482374,0.0003134404414072912,insufficient_egarch_obs
Equal premium,Gross before costs,410,ewma_residual_fallback_insufficient_egarch_obs,60,ok,60,-0.06541283946713605,1.2677181897882068,0.5057071782924327,0.9781908693338389,-0.9342468022363032,0.4251677932942948,0.458403181749675,0.713015632610061,insufficient_egarch_obs
Equal premium,Gross before costs,411,ewma_residual_fallback_insufficient_egarch_obs,60,ok,60,-0.9711310340486486,2.3300116054180955,-0.17954723535093653,-0.2718057358585205,-1.0004215217309655,0.84597828212033,1.052172562555355,2.0051928277950076e-08,insufficient_egarch_obs
Equal premium,Gross before costs,412,ewma_residual_fallback_insufficient_egarch_obs,60,ok,60,-0.5412248392886845,1.282829129123706,0.014085371699455519,0.02320544367000668,-0.9947088894004201,0.4241752058383341,0.5806498890999825,0.020323545780948384,insufficient_egarch_obs
Equal premium,Gross before costs,413,ewma_residual_fallback_insufficient_egarch_obs,60,ok,60,-0.9852433056505442,2.0421773721294687,-0.2793822915612694,-0.40877577140477983,-1.0013652244835047,0.8926865694868327,0.9871775484467866,6.997539808554519e-10,insufficient_egarch_obs
Equal premium,Gross before costs,414,ewma_residual_fallback_insufficient_egarch_obs,60,ok,60,-0.9377455558461002,1.5012023340576297,-0.8770282450486133,-1.157197032080886,-0.9999994349406527,0.6172409670661825,0.7214383211392716,9.350865259670682e-07,insufficient_egarch_obs
Equal premium,Gross before costs,415,ewma_residual_fallback_insufficient_egarch_obs,60,ok,60,-0.9291354780301735,1.4122946516306059,-0.9307792951457386,-1.2084438962390642,-0.9999993068324291,0.5349857804693672,0.7405084250514699,1.7870812954266473e-06,insufficient_egarch_obs
Equal premium,Gross before costs,416,ewma_residual_fallback_insufficient_egarch_obs,60,ok,60,-0.8985874313692037,1.316308524157591,-0.9143379820891269,-1.162277274555073,-0.9999891577003993,0.56142730940205,0.6115929480262255,1.072652167000332e-05,insufficient_egarch_obs
Equal premium,Gross before costs,417,ewma_residual_fallback_insufficient_egarch_obs,60,ok,60,-0.902849142390268,1.576591094576739,-0.47714960305168314,-0.6772241932751151,-0.9999951083763317,0.5801504170547925,0.7178839505016313,8.654324865162527e-06,insufficient_egarch_obs
Equal premium,Gross before costs,418,ewma_residual_fallback_insufficient_egarch_obs,60,ok,60,-0.3692163641769848,1.3081653968011564,0.2664889642391588,0.45662758320594,-0.9728787863580626,0.48543946293137824,0.5440661224867323,0.09986242094043263,insufficient_egarch_obs
Equal premium,Gross before costs,419,ewma_residual_fallback_insufficient_egarch_obs,60,ok,60,-1.0,1.8242268545466978,-0.5724422268138178,-0.7695559992186256,-1.000000000891317,0.7424383576693097,0.9476435310142678,-1.372451179004835e-09,insufficient_egarch_obs
Equal premium,Gross before costs,420,ewma_residual_fallback_insufficient_egarch_obs,60,ok,60,-0.8133678159730594,1.2372753407283468,-0.6769360593368967,-0.942333016043987,-0.9997267483523662,0.4497423175311566,0.5652846252972883,0.0002264293353195554,insufficient_egarch_obs
Equal premium,Gross before costs,421,ewma_residual_fallback_insufficient_egarch_obs,60,ok,60,-1.0,2.0516908164950505,-0.18561783654633504,-0.28390105594788734,-1.0000025647310347,0.7857524321017404,0.9588736455676008,-1.5481453792275894e-08,insufficient_egarch_obs
Equal premium,Gross before costs,422,ewma_residual_fallback_insufficient_egarch_obs,60,ok,60,-0.9612984802328416,1.3423659090817492,-1.318371354973634,-1.5483882889683624,-0.9999999121868434,0.5749078081816854,0.8029376124098055,8.682406161085788e-08,insufficient_egarch_obs
Equal premium,Gross before costs,423,ewma_residual_fallback_insufficient_egarch_obs,60,ok,60,-0.9104147001471734,1.3437591537265936,-1.0293042395515104,-1.378166007551279,-0.9999965069773302,0.4847078755209981,0.5670903640603427,5.770105559837319e-06,insufficient_egarch_obs
Equal premium,Gross before costs,424,ewma_residual_fallback_insufficient_egarch_obs,60,ok,60,-0.9183355114182945,1.398400718587896,-0.8974991616220978,-1.1363773023965986,-0.9999927439668623,0.5809069633176182,0.627372372652332,3.6321705546455876e-06,insufficient_egarch_obs
Equal premium,Gross before costs,425,ewma_residual_fallback_insufficient_egarch_obs,60,ok,60,-1.0,1.5287660993866716,-0.5631362367332488,-0.7852525466917775,-1.0041347299058798,0.5494132040286173,0.798073530182578,-4.107259683809705e-06,insufficient_egarch_obs
Equal premium,Gross before costs,426,ewma_residual_fallback_insufficient_egarch_obs,60,ok,60,-0.8132307655851366,1.5765044919140119,-0.08955427362128873,-0.13180296036548042,-0.9997492573395128,0.5947129208290639,0.7846564720296173,0.00022726193120695018,insufficient_egarch_obs
Equal premium,Gross before costs,427,ewma_residual_fallback_insufficient_egarch_obs,60,ok,60,-0.8994995726950327,1.2748590697557165,-0.9529763870340672,-1.1926130982557073,-0.9999891131985209,0.550823594400854,0.709549520323764,1.0252730490836772e-05,insufficient_egarch_obs
Equal premium,Gross before costs,428,ewma_residual_fallback_insufficient_egarch_obs,60,ok,60,-0.9420216145925202,1.8836649384172555,-0.17904885135229628,-0.27336315080424617,-0.9999999315087044,0.6448292300291802,0.8770710050348712,6.551346719138978e-07,insufficient_egarch_obs
Equal premium,Gross before costs,429,ewma_residual_fallback_insufficient_egarch_obs,60,ok,60,-0.789729701528793,1.1543772612226855,-0.6473872792129326,-0.8616530716515092,-0.9997349817826754,0.43357254642202236,0.6316944887042231,0.00041104527076717525,insufficient_egarch_obs
Equal premium,Gross before costs,430,ewma_residual_fallback_insufficient_egarch_obs,60,ok,60,-0.5615043000198718,1.1351954678760479,-0.17174733926557753,-0.2698856405879569,-0.9903663518188536,0.42265662988732655,0.5292113862610591,0.01621163042107752,insufficient_egarch_obs
Equal premium,Gross before costs,431,ewma_residual_fallback_insufficient_egarch_obs,60,ok,60,-0.972405422359841,1.3880501011201067,-1.3967703890804746,-1.5922271327673057,-0.9999999831721254,0.5992341153565902,0.7753702015173647,1.5999954817304717e-08,insufficient_egarch_obs
Equal premium,Gross before costs,432,ewma_residual_fallback_insufficient_egarch_obs,60,ok,60,-0.9443079554969771,1.611338220450592,-0.783056647242758,-1.0606998562286416,-0.9999997720527775,0.6666495127063263,0.7292555702113704,5.357544753697757e-07,insufficient_egarch_obs
Equal premium,Gross before costs,433,ewma_residual_fallback_insufficient_egarch_obs,60,ok,60,-0.7427101661377824,1.4644415849484957,-0.08957617710668311,-0.13345844089663556,-0.9998244468089896,0.6197377744778959,0.7275795579415142,0.0011274911266534458,insufficient_egarch_obs
Equal premium,Gross before costs,434,ewma_residual_fallback_insufficient_egarch_obs,60,ok,60,-0.799929504047784,1.1403785225456593,-0.7171775445637704,-0.9489163439624436,-0.99865970730042,0.4662216111122388,0.6336097724849774,0.0003205643653322458,insufficient_egarch_obs
Equal premium,Gross before costs,435,ewma_residual_fallback_insufficient_egarch_obs,60,ok,60,-0.6736551947030841,1.0518174035325945,-0.5394283404429543,-0.7924923144173786,-0.9950991154087409,0.3969990796869863,0.4224368292869758,0.0037015491489546916,insufficient_egarch_obs
Equal premium,Gross before costs,436,ewma_residual_fallback_insufficient_egarch_obs,60,ok,60,-0.8891528936865074,1.4942043810680457,-0.550536097693003,-0.7701382830087148,-0.9999959834829643,0.5994767749073435,0.7367410262339682,1.6734849124201886e-05,insufficient_egarch_obs
Equal premium,Gross before costs,437,ewma_residual_fallback_insufficient_egarch_obs,60,ok,60,-0.5465423717039166,1.4436437953099275,0.20865520645776256,0.3544616782266171,-0.9888457229512624,0.47854962755887465,0.6465552533988433,0.019172712550322723,insufficient_egarch_obs
Equal premium,Gross before costs,438,ewma_residual_fallback_insufficient_egarch_obs,60,ok,60,-1.0,1.2184227452792227,-0.7151737128064484,-0.9541620224345562,-1.0165611439195799,0.4678626074627594,0.6795456575974378,-2.067105256651905e-05,insufficient_egarch_obs
Equal premium,Gross before costs,439,ewma_residual_fallback_insufficient_egarch_obs,60,ok,60,-0.6558602637356648,1.7957995820671806,0.3419479623872881,0.5892898046179953,-0.9996252751168918,0.6039882402849367,0.7741395296640228,0.004826964532342801,insufficient_egarch_obs
Equal premium,Gross before costs,440,ewma_residual_fallback_insufficient_egarch_obs,60,ok,60,-1.0,1.2408185688242757,-0.06592708951001196,-0.09374704495158974,0.0,0.5268397367189619,0.7412946395214962,-0.0005818997745186079,insufficient_egarch_obs
Equal premium,Gross before costs,441,ewma_residual_fallback_insufficient_egarch_obs,60,ok,60,-0.8457939298809711,1.562777934560918,-0.22561121886519805,-0.3311036279685659,-0.9999783963682576,0.5906199916553826,0.7461166827941711,8.71981653381515e-05,insufficient_egarch_obs
Equal premium,Gross before costs,442,ewma_residual_fallback_insufficient_egarch_obs,60,ok,60,-0.8897543761771457,1.393938559882465,-0.6336042148469462,-0.844999884566113,-0.9999781928061929,0.5966153189130626,0.7674119494122106,1.628571372107129e-05,insufficient_egarch_obs
Equal premium,Gross before costs,443,ewma_residual_fallback_insufficient_egarch_obs,60,ok,60,-0.7418106210454594,1.652958751711645,0.02706575627737147,0.0433170553290803,-0.999908702876473,0.5818273431383593,0.6599287866146882,0.0011473392857210998,insufficient_egarch_obs
Equal premium,Gross before costs,444,ewma_residual_fallback_insufficient_egarch_obs,60,ok,60,-0.8788601812548779,1.34945964548689,-0.7467056660017215,-1.0123488129110056,-0.9999832269683838,0.5222898044029944,0.6496290847587471,2.6087628277655165e-05,insufficient_egarch_obs
Equal premium,Gross before costs,445,ewma_residual_fallback_insufficient_egarch_obs,60,ok,60,-0.7339213140212424,1.0222919568873063,-0.6760276464690844,-0.8597223431360052,-0.9985776264705233,0.4395326658241602,0.5649532265222272,0.001333676306184692,insufficient_egarch_obs
Equal premium,Gross before costs,446,ewma_residual_fallback_insufficient_egarch_obs,60,ok,60,-0.9738503691767083,1.7206868441203242,-0.7642674178818751,-1.0064796316816325,-0.9999999956733043,0.7590184487423143,0.8582513564121496,1.2227222311052489e-08,insufficient_egarch_obs
Equal premium,Gross before costs,447,ewma_residual_fallback_insufficient_egarch_obs,60,ok,60,-0.7730340089422557,1.2514770397006405,-0.5207587432258685,-0.7375636832510827,-0.9991838677014842,0.4720163598191012,0.5003049512398429,0.000602287616024139,insufficient_egarch_obs
Equal premium,Gross before costs,448,ewma_residual_fallback_insufficient_egarch_obs,60,ok,60,-0.8519438045380217,1.108148639441662,-1.068148776075184,-1.3811679748559387,-0.9999637386245475,0.5279334527173952,0.5619072877102549,7.114312313966289e-05,insufficient_egarch_obs
Equal premium,Gross before costs,449,ewma_residual_fallback_insufficient_egarch_obs,60,ok,60,-0.8586782918246778,1.197954317039033,-0.8131430875996144,-1.0781487301681114,-0.9999425260449929,0.5215923547441335,0.738757819290711,5.636952702850725e-05,insufficient_egarch_obs
Equal premium,Gross before costs,450,ewma_residual_fallback_insufficient_egarch_obs,60,ok,60,-0.844159736661977,1.2103703620457966,-0.844030912807093,-1.10484410336163,-0.9998488121217488,0.46328908921153894,0.527801573384739,9.191753455147639e-05,insufficient_egarch_obs
Equal premium,Gross before costs,451,ewma_residual_fallback_insufficient_egarch_obs,60,ok,60,-0.5376948518566779,1.2605757728805371,0.016577842796753083,0.026362910788388993,-0.9472572300711265,0.3988418495544398,0.5257681276902081,0.021117555703688187,insufficient_egarch_obs
Equal premium,Gross before costs,452,ewma_residual_fallback_insufficient_egarch_obs,60,ok,60,-1.0,1.8951321652967317,-0.19852145356482884,-0.3022950852002419,-1.000001691024054,0.6172157852509742,0.9075610930375673,-5.537572838336321e-07,insufficient_egarch_obs
Equal premium,Gross before costs,453,ewma_residual_fallback_insufficient_egarch_obs,60,ok,60,-0.9678795648412843,1.631573373709862,-0.8656038703967273,-1.1513382309901954,-0.9999999871943204,0.6337465556360387,0.8043652691824535,3.4190629882327344e-08,insufficient_egarch_obs
Equal premium,Gross before costs,454,ewma_residual_fallback_insufficient_egarch_obs,60,ok,60,-0.8013755445848662,1.275016035855018,-0.57077095802978,-0.8007540025879205,-0.9999365390597463,0.4743624112630352,0.5678943894491582,0.00030914597564893754,insufficient_egarch_obs
Equal premium,Gross before costs,455,ewma_residual_fallback_insufficient_egarch_obs,60,ok,60,-0.8802465991553119,1.5277634669878308,-0.48777064450013796,-0.6847101891288064,-0.9999972228125991,0.636160004410861,0.6842029923545326,2.462857465517619e-05,insufficient_egarch_obs
Equal premium,Gross before costs,456,ewma_residual_fallback_insufficient_egarch_obs,60,ok,60,-0.8700091289904566,1.4453558624695557,-0.5097373142320807,-0.7069667936928663,-0.9999890114487308,0.6156958748389215,0.7508977647977634,3.711626517598867e-05,insufficient_egarch_obs
Equal premium,Gross before costs,457,ewma_residual_fallback_insufficient_egarch_obs,60,ok,60,-0.9571482772545841,1.3332884630740967,-1.3831029150259926,-1.6098319477259082,-0.999999926959147,0.5698909150949333,0.6797684434477761,1.4449121120438245e-07,insufficient_egarch_obs
Equal premium,Gross before costs,458,ewma_residual_fallback_insufficient_egarch_obs,60,ok,60,-0.6994527358206771,1.0361327286234907,-0.6110452463162185,-0.8504550050940459,-0.9979861383114127,0.43479621308399935,0.46413890936545016,0.0024522452113934466,insufficient_egarch_obs
Equal premium,Gross before costs,459,ewma_residual_fallback_insufficient_egarch_obs,60,ok,60,-1.0,1.7776566994438496,-0.4892198118103487,-0.6655560204095783,-1.0027235483976846,0.7906168935209166,0.918096450472805,-1.8876011317198503e-07,insufficient_egarch_obs
Equal premium,Gross before costs,460,ewma_residual_fallback_insufficient_egarch_obs,60,ok,60,-0.7118469134512688,1.2603076335226833,-0.30013677036415515,-0.43507422718087335,-0.9988118821240811,0.49253310124588556,0.6159151607579133,0.001986627209493391,insufficient_egarch_obs
Equal premium,Gross before costs,461,ewma_residual_fallback_insufficient_egarch_obs,60,ok,60,-0.5570587824212567,1.0874064969518107,-0.2275946231291499,-0.3557467714952697,-0.9933624145573703,0.3920479622499064,0.423574289307125,0.017050239180216496,insufficient_egarch_obs
Equal premium,Gross before costs,462,ewma_residual_fallback_insufficient_egarch_obs,60,ok,60,-1.0,1.9839622478437453,-0.34230947963634556,-0.5136931396786287,-1.0000577914348383,0.7442516909327137,0.9231189490233381,-6.64200692539058e-07,insufficient_egarch_obs
Equal premium,Gross before costs,463,ewma_residual_fallback_insufficient_egarch_obs,60,ok,60,-0.9136932341584308,1.6572546912061454,-0.45182042022349445,-0.6484266279261698,-0.9999986450777271,0.6060039893860621,0.7479491506669614,4.788772586419591e-06,insufficient_egarch_obs
Equal premium,Gross before costs,464,ewma_residual_fallback_insufficient_egarch_obs,60,ok,60,-0.8424243054238044,1.478625100929895,-0.39840022946576964,-0.5809940149161257,-0.9999550796331037,0.5091190796512635,0.6724638820663723,9.715074841931008e-05,insufficient_egarch_obs
Equal premium,Gross before costs,465,ewma_residual_fallback_insufficient_egarch_obs,60,ok,60,-0.7717513674107683,1.5063490645220738,-0.23640461863062495,-0.3711535411336445,-0.998911333791491,0.5272976018147175,0.5643723327826194,0.0006194994455702969,insufficient_egarch_obs
Equal premium,Gross before costs,466,ewma_residual_fallback_insufficient_egarch_obs,60,ok,60,-0.7724843920551016,1.4339129062532385,-0.20214635833398784,-0.29997913375780394,-0.9986283024657043,0.6349550997920649,0.7297976969182143,0.0006096154661295461,insufficient_egarch_obs
Equal premium,Gross before costs,467,ewma_residual_fallback_insufficient_egarch_obs,60,ok,60,-0.8909586521030414,1.512014655603411,-0.5773275683610464,-0.8154763497872393,-0.9999877688595809,0.6364384058171632,0.7062720849852129,1.5415444663278336e-05,insufficient_egarch_obs
Equal premium,Gross before costs,468,ewma_residual_fallback_insufficient_egarch_obs,60,ok,60,-0.6194796757476995,1.7426331139935227,0.3173012625288514,0.554371703465357,-0.9984402782364139,0.607187834093086,0.7384379285348613,0.007977912904050977,insufficient_egarch_obs
Equal premium,Gross before costs,469,ewma_residual_fallback_insufficient_egarch_obs,60,ok,60,-0.8324673893675134,1.5099111481542933,-0.3083280069802222,-0.45091653185445313,-0.9999818834924498,0.5430947568177238,0.7309383203298357,0.00013197655277908635,insufficient_egarch_obs
Equal premium,Gross before costs,470,ewma_residual_fallback_insufficient_egarch_obs,60,ok,60,-0.6449923299377698,1.4090919283896952,0.08625286816575946,0.13893899069549806,-0.998763147347624,0.48736577443393847,0.7035632878883655,0.0056388258393661,insufficient_egarch_obs
Equal premium,Gross before costs,471,ewma_residual_fallback_insufficient_egarch_obs,60,ok,60,-0.39234904697035233,1.0829736648840744,0.059826558780962484,0.09574654427290348,-0.9924362840225925,0.40588635239893744,0.44053832119311487,0.08284588027896478,insufficient_egarch_obs
Equal premium,Gross before costs,472,ewma_residual_fallback_insufficient_egarch_obs,60,ok,60,-0.7680162888399198,1.1445415109847776,-0.6401761513889245,-0.8776393972626185,-0.9994331431030572,0.4879093282776158,0.5487159923545173,0.0006718734178439308,insufficient_egarch_obs
Equal premium,Gross before costs,473,ewma_residual_fallback_insufficient_egarch_obs,60,ok,60,-0.9349626823819226,1.4734342545032373,-0.8544123550499864,-1.0998050565306494,-0.9999997661784806,0.7275680306247986,0.7656822095427275,1.1636251656517824e-06,insufficient_egarch_obs
Equal premium,Gross before costs,474,ewma_residual_fallback_insufficient_egarch_obs,60,ok,60,-0.9357673934772072,1.455128611408011,-0.9034239332168325,-1.196224797318917,-0.9999982015584228,0.5719959077336065,0.7389424319841696,1.093396624915972e-06,insufficient_egarch_obs
Equal premium,Gross before costs,475,ewma_residual_fallback_insufficient_egarch_obs,60,ok,60,-0.9387361860312988,1.3562519108830349,-1.1660251147663858,-1.4295343747505707,-0.9999982160810479,0.5887068884503042,0.6363102652905722,8.630185908326896e-07,insufficient_egarch_obs
Equal premium,Gross before costs,476,ewma_residual_fallback_insufficient_egarch_obs,60,ok,60,-0.9000186782073022,1.4219966946734528,-0.7914810875942723,-1.0675543201607944,-0.999987405680397,0.52589091325047,0.6270198908621679,9.990664384458553e-06,insufficient_egarch_obs
Equal premium,Gross before costs,477,ewma_residual_fallback_insufficient_egarch_obs,60,ok,60,-0.34258970083452234,1.1461211951441925,0.15975462168872007,0.2779562975164631,-0.9771239482722548,0.37098548955730565,0.5028047348965694,0.12279551867495136,insufficient_egarch_obs
Equal premium,Gross before costs,478,ewma_residual_fallback_insufficient_egarch_obs,60,ok,60,-0.9586513136952628,1.8084090916515128,-0.5542051349715982,-0.7928106263468805,-0.9999998073631886,0.8132191853475967,0.8554561775336763,1.2086723311532226e-07,insufficient_egarch_obs
Equal premium,Gross before costs,479,ewma_residual_fallback_insufficient_egarch_obs,60,ok,60,-0.7145754873205667,1.1774585405618583,-0.45503365906481374,-0.6674266689697773,-0.9987545628636214,0.494310377703241,0.5345790058410924,0.0018943330709224645,insufficient_egarch_obs
Equal premium,Gross before costs,480,ewma_residual_fallback_insufficient_egarch_obs,60,ok,60,-0.3128893048969287,1.4348697813377131,0.39944429798556924,0.7199618924162022,-0.9394963529699528,0.46838162903935027,0.5811467718703157,0.15315583332222124,insufficient_egarch_obs
Equal premium,Gross before costs,481,ewma_residual_fallback_insufficient_egarch_obs,60,ok,60,-0.7943984215846284,2.9379305289762234,0.5974765220473797,1.0159012925931612,-1.2806700404746205,1.1005837937242302,1.4279913380669207,0.00036739413767204634,insufficient_egarch_obs
Equal premium,Gross before costs,482,ewma_residual_fallback_insufficient_egarch_obs,60,ok,60,-0.9729898766165844,1.4752336320689687,-1.2233125026328737,-1.4186500324583655,-0.9999999506606925,0.7091870382147487,0.8043449300548949,1.437582706085073e-08,insufficient_egarch_obs
Equal premium,Gross before costs,483,ewma_residual_fallback_insufficient_egarch_obs,60,ok,60,-0.9372005262701336,1.5231518937029187,-0.296932971750888,-0.42128511468565716,-0.9999998286672828,0.5841077751746582,0.7960657092824653,9.76742356769759e-07,insufficient_egarch_obs
Equal premium,Gross before costs,484,ewma_residual_fallback_insufficient_egarch_obs,60,ok,60,-0.950647287388465,1.3029010811340436,-1.384618472660088,-1.6216401964088116,-0.9999997239845326,0.5702162157001707,0.6325907785357313,2.927892590821209e-07,insufficient_egarch_obs
Equal premium,Gross before costs,485,ewma_residual_fallback_insufficient_egarch_obs,60,ok,60,-0.9080790725188084,1.3707957141218206,-0.8512189783554035,-1.0962469443835376,-0.9999965661538531,0.5847628472492058,0.7122513301776564,6.562540379404458e-06,insufficient_egarch_obs
Equal premium,Gross before costs,486,ewma_residual_fallback_insufficient_egarch_obs,60,ok,60,-0.7866661430559694,1.53774951266624,-0.23788448738981705,-0.38253042580799357,-0.9998390389377481,0.5698719159819065,0.6187088405202051,0.0004418744860737737,insufficient_egarch_obs
Equal premium,Gross before costs,487,ewma_residual_fallback_insufficient_egarch_obs,60,ok,60,-0.963302424349759,2.256973748821264,-0.08023648954121299,-0.12664477060683016,-1.0275554229873687,0.7979334431268257,1.0640501336110146,6.655594775150933e-08,insufficient_egarch_obs
Equal premium,Gross before costs,488,ewma_residual_fallback_insufficient_egarch_obs,60,ok,60,-0.9293188436823863,1.4668709142733702,-0.7472036067617049,-0.9444800844406075,-0.9999982766960626,0.6216920004712054,0.7299836554222349,1.7640798079327613e-06,insufficient_egarch_obs
Equal premium,Gross before costs,489,ewma_residual_fallback_insufficient_egarch_obs,60,ok,60,-0.5575293354630875,1.2373091516963661,-0.04720231251057228,-0.074954990856313,-0.9974170086306916,0.467668545232845,0.5468652827815021,0.01695986586050596,insufficient_egarch_obs
Equal premium,Gross before costs,490,ewma_residual_fallback_insufficient_egarch_obs,60,ok,60,-0.9338727974277591,1.7639718529680761,-0.42932416514255184,-0.6142741893527107,-0.9999985372782841,0.6622923368019845,0.7716731532791491,1.2644473601827855e-06,insufficient_egarch_obs
Equal premium,Gross before costs,491,ewma_residual_fallback_insufficient_egarch_obs,60,ok,60,-0.388856715010079,1.3187764872843106,0.3487908517054325,0.5427082754399646,-0.9858089120778967,0.5885060572447491,0.6742158177260266,0.08525408964517966,insufficient_egarch_obs
Equal premium,Gross before costs,492,ewma_residual_fallback_insufficient_egarch_obs,60,ok,60,-0.9912875657526671,1.7447591367352684,-0.6728287599742636,-0.8929801976869741,-0.9999999999592951,0.8522124808520414,0.9770534153995949,5.019933679476803e-11,insufficient_egarch_obs
Equal premium,Gross before costs,493,ewma_residual_fallback_insufficient_egarch_obs,60,ok,60,-0.7987455462735373,1.4161676495124402,-0.19603203411383058,-0.28245139518862294,-0.9998866881543809,0.5741746582047667,0.7104765971969792,0.0003301623142538995,insufficient_egarch_obs
Equal premium,Gross before costs,494,ewma_residual_fallback_insufficient_egarch_obs,60,ok,60,-0.9341385309270505,1.6135255775711992,-0.4644765472701495,-0.6434045057384282,-0.9999994313004882,0.6441331884490002,0.8271836751246529,1.2392446943059674e-06,insufficient_egarch_obs
Equal premium,Gross before costs,495,ewma_residual_fallback_insufficient_egarch_obs,60,ok,60,-1.0,1.463308080543277,-0.2142318407266676,-0.29545649776558713,-1.0071211510270808,0.6131592580687419,0.8677838499651371,-2.7365582295853323e-05,insufficient_egarch_obs
Equal premium,Gross before costs,496,ewma_residual_fallback_insufficient_egarch_obs,60,ok,60,-0.7699517630704533,1.319238697218348,-0.4181128261271222,-0.6013804673218285,-0.9995399172289161,0.472152448922068,0.5483538967144153,0.0006443095166914131,insufficient_egarch_obs
Equal premium,Gross before costs,497,ewma_residual_fallback_insufficient_egarch_obs,60,ok,60,-0.8394221921904915,1.6032513015163987,-0.25138502004234403,-0.3743253754697912,-0.999766855108142,0.5900949157691324,0.6977933339620813,0.00010676468508588708,insufficient_egarch_obs
Equal premium,Gross before costs,498,ewma_residual_fallback_insufficient_egarch_obs,60,ok,60,-0.8186587382295492,1.5404483064012675,-0.3429029088105444,-0.5372005036098132,-0.9998584954707098,0.5115441298167458,0.6023667622537864,0.00019610251617631155,insufficient_egarch_obs
Equal premium,Gross before costs,499,ewma_residual_fallback_insufficient_egarch_obs,60,ok,60,-0.9123000248961195,1.5952994056693153,-0.5452072410300324,-0.7674982857727674,-0.9999933135307322,0.551454466016681,0.7750137271260177,5.18796873770187e-06,insufficient_egarch_obs
Equal premium,Gross before costs,500,ewma_residual_fallback_insufficient_egarch_obs,60,ok,60,-0.7552273196140765,1.7141537516191065,0.08102510232442738,0.13653611351498657,-0.9994703873686934,0.504367363994158,0.6730673802404982,0.0008786475817929565,insufficient_egarch_obs
Equal premium,Gross before costs,501,ewma_residual_fallback_insufficient_egarch_obs,60,ok,60,-0.817197295830552,1.0411826295186832,-0.983400665387686,-1.2020725743101937,-0.9998114013989201,0.4464520432048694,0.5427156751133636,0.00020413293481216292,insufficient_egarch_obs
Equal premium,Gross before costs,502,ewma_residual_fallback_insufficient_egarch_obs,60,ok,60,-0.8261759881356081,1.5080322882846358,-0.34581220211565955,-0.5143182693962428,-0.9997911204764238,0.6160042674216958,0.6403766875161817,0.00015868973911944438,insufficient_egarch_obs
Equal premium,Gross before costs,503,ewma_residual_fallback_insufficient_egarch_obs,60,ok,60,-0.930649705592279,1.445579580250395,-0.9166484856446957,-1.1845097760213497,-0.9999981454295273,0.6044684331053676,0.716689402640939,1.6041373300555087e-06,insufficient_egarch_obs
Equal premium,Gross before costs,504,ewma_residual_fallback_insufficient_egarch_obs,60,ok,60,-0.7748806715712266,1.5968391742774488,-0.0913292143715571,-0.14928414996002512,-0.9999793872784513,0.4890223930820981,0.6606075140079515,0.0005781811419847123,insufficient_egarch_obs
Equal premium,Gross before costs,505,ewma_residual_fallback_insufficient_egarch_obs,60,ok,60,-0.9076807254917846,1.3943259614687156,-0.8335307678072486,-1.1026441980419335,-0.9999977521580786,0.5665811329788378,0.6893655138760434,6.705974761529023e-06,insufficient_egarch_obs
Equal premium,Gross before costs,506,ewma_residual_fallback_insufficient_egarch_obs,60,ok,60,-0.6616143572145662,1.411749084344859,-0.03468752701636456,-0.054422546630992386,-0.9982887156669472,0.5098313391308548,0.6543624683839485,0.004436695685701478,insufficient_egarch_obs
Equal premium,Gross before costs,507,ewma_residual_fallback_insufficient_egarch_obs,60,ok,60,-0.8484392660516431,1.2837979721507564,-0.6748645979002428,-0.8731030291037959,-0.9999655540509144,0.5748435832038918,0.6131456767462778,7.997117896895826e-05,insufficient_egarch_obs
Equal premium,Gross before costs,508,ewma_residual_fallback_insufficient_egarch_obs,60,ok,60,-0.9135416522693338,1.4173415860471856,-0.775245123054168,-1.0419787227967,-0.9999948684069915,0.5166068751574047,0.7199555191132427,4.830973534274331e-06,insufficient_egarch_obs
Equal premium,Gross before costs,509,ewma_residual_fallback_insufficient_egarch_obs,60,ok,60,-0.8159132971423958,1.1690902629112403,-0.7833856880033842,-1.0569991744609217,-0.9995252426555127,0.5350364902520832,0.5880040302337538,0.00021140346247497065,insufficient_egarch_obs
Equal premium,Gross before costs,510,ewma_residual_fallback_insufficient_egarch_obs,60,ok,60,-0.783550448426481,1.0647022473397745,-0.7749265126287247,-0.9960977726286195,-0.9993562161407544,0.5015234983133221,0.622890420016125,0.00047509827331297986,insufficient_egarch_obs
Equal premium,Gross before costs,511,ewma_residual_fallback_insufficient_egarch_obs,60,ok,60,-1.0,2.0748583935964198,0.1265509321891397,0.21371884153674464,-1.0011387648626886,0.6714378121396144,0.8612214503904436,-0.00015934458722150087,insufficient_egarch_obs
Equal premium,Gross before costs,512,ewma_residual_fallback_insufficient_egarch_obs,60,ok,60,-0.6529786475205839,1.4024259388249132,-0.09094870468313417,-0.15038508551077617,-0.9990713863108638,0.4783074532659438,0.5538496562894829,0.005032467633188492,insufficient_egarch_obs
Equal premium,Gross before costs,513,ewma_residual_fallback_insufficient_egarch_obs,60,ok,60,-1.0,1.8409797834228208,-0.0846811686950696,-0.13298422471063137,0.0,0.7094795065454529,0.8293352171917228,-3.187518320859413e-06,insufficient_egarch_obs
Equal premium,Gross before costs,514,ewma_residual_fallback_insufficient_egarch_obs,60,ok,60,-0.8931898204315629,1.5188945320324214,-0.6315779132966738,-0.8919107407753737,-0.9999945973372796,0.568167507086823,0.6039789911998993,1.3901549997433693e-05,insufficient_egarch_obs
Equal premium,Gross before costs,515,ewma_residual_fallback_insufficient_egarch_obs,60,ok,60,-0.9056251814555613,1.5464753408340064,-0.48154781753570297,-0.6544095997112339,-0.9999997469477574,0.6118653169102601,0.7885427123643255,7.486531359162142e-06,insufficient_egarch_obs
Equal premium,Gross before costs,516,ewma_residual_fallback_insufficient_egarch_obs,60,ok,60,-1.0,1.8474530905798896,0.7113790135395646,1.307817809864127,-1.4407721454224969,0.5797999827880088,0.7980949837862598,-0.1127344858513494,insufficient_egarch_obs
Equal premium,Gross before costs,517,ewma_residual_fallback_insufficient_egarch_obs,60,ok,60,-0.700324416496707,1.626072898492442,0.11339725907102341,0.19199692446022512,-0.9996433401236744,0.5317853276880664,0.6698404121247113,0.0024168895176078717,insufficient_egarch_obs
Equal premium,Gross before costs,518,ewma_residual_fallback_insufficient_egarch_obs,60,ok,60,-0.5416520855406359,1.1146567142102757,-0.12908742120787484,-0.19551314390731545,-0.9913153419308248,0.44554826598449804,0.5418027148752226,0.02022908773564835,insufficient_egarch_obs
Equal premium,Gross before costs,519,ewma_residual_fallback_insufficient_egarch_obs,60,ok,60,-0.9816885597229879,1.160744902526427,-2.03439659483233,-2.0412593188031884,-0.9999999973573998,0.5479535484301338,0.8041644449831188,2.0587922257578872e-09,insufficient_egarch_obs
Equal premium,Gross before costs,520,ewma_residual_fallback_insufficient_egarch_obs,60,ok,60,-0.6469737054838904,1.3470796661501427,-0.10742764449984586,-0.17194720789049442,-0.9946913792068786,0.48591346078899994,0.5979358999868197,0.005483214948868251,insufficient_egarch_obs
Equal premium,Gross before costs,521,ewma_residual_fallback_insufficient_egarch_obs,60,ok,60,-0.9506742092509557,1.9558005365714084,0.06097871825354579,0.0989238062063394,-0.9999997792186894,0.6616881006503721,0.7961202817734335,2.9199154842614515e-07,insufficient_egarch_obs
Equal premium,Gross before costs,522,ewma_residual_fallback_insufficient_egarch_obs,60,ok,60,-0.6477443845304507,1.4019149363489067,-0.08820261489653132,-0.14544122425033992,-0.9960987920061852,0.4703493897836486,0.4975131416376756,0.005423624646550196,insufficient_egarch_obs
Equal premium,Gross before costs,523,ewma_residual_fallback_insufficient_egarch_obs,60,ok,60,-0.5588997413245658,1.514117947380832,0.19585348872743852,0.3259398656986905,-0.9925826871966167,0.5155425428385149,0.6056454850963275,0.01669884995010521,insufficient_egarch_obs
Equal premium,Gross before costs,524,ewma_residual_fallback_insufficient_egarch_obs,60,ok,60,-0.803046214788728,1.003468082192602,-1.0089562660409073,-1.264704185604771,-0.9995448052714843,0.4865069925163762,0.5502723196808708,0.0002963614146505774,insufficient_egarch_obs
Equal premium,Gross before costs,525,ewma_residual_fallback_insufficient_egarch_obs,60,ok,60,-0.8180198578907479,1.1574745923156797,-0.762191552339385,-0.9840956059487628,-0.9998526438460039,0.49195569600236705,0.6166670137524505,0.00019958136987555363,insufficient_egarch_obs
Equal premium,Gross before costs,526,ewma_residual_fallback_insufficient_egarch_obs,60,ok,60,-0.6738568502810312,1.114388343456495,-0.3641258701698903,-0.5022743860042078,-0.9978127122707767,0.4662415907181814,0.5992237128000631,0.0036901269337091354,insufficient_egarch_obs
Equal premium,Gross before costs,527,ewma_residual_fallback_insufficient_egarch_obs,60,ok,60,-1.0,1.7442546323843184,-0.7519721097522567,-0.9888246639368952,-1.0000003375869015,0.6477589190523152,0.9086454930172274,-9.136885730580474e-09,insufficient_egarch_obs
Equal premium,Gross before costs,528,ewma_residual_fallback_insufficient_egarch_obs,60,ok,60,-0.9002585510831895,1.2237696537372778,-1.0343597441316275,-1.2527015940902047,-0.9999828617441656,0.6504421047718477,0.6959103057022143,9.871391218877353e-06,insufficient_egarch_obs
Equal premium,Gross before costs,529,ewma_residual_fallback_insufficient_egarch_obs,60,ok,60,-0.8411416913858354,1.3768509961113102,-0.5761150637169125,-0.8183999783990427,-0.9999608815249846,0.5079128174750643,0.629149499354833,0.00010116951574789191,insufficient_egarch_obs
Equal premium,Gross before costs,530,ewma_residual_fallback_insufficient_egarch_obs,60,ok,60,-0.9487069853421857,1.7629725355743235,-0.38088139585107006,-0.5522998649622042,-0.9999999156825183,0.7571097513640305,0.8391817241331448,3.550513134989152e-07,insufficient_egarch_obs
Equal premium,Gross before costs,531,ewma_residual_fallback_insufficient_egarch_obs,60,ok,60,-0.88211247445014,1.625181110924208,-0.26920944037871386,-0.39360677056348414,-0.9999932380455239,0.6400785240544448,0.8062687732215953,2.27687537405477e-05,insufficient_egarch_obs
Equal premium,Gross before costs,532,ewma_residual_fallback_insufficient_egarch_obs,60,ok,60,-0.860452673515244,1.2166772055938364,-0.8991140758603503,-1.162577568051485,-0.9999778038652385,0.5036297119140523,0.5670815786461061,5.2918509381820467e-05,insufficient_egarch_obs
Equal premium,Gross before costs,533,ewma_residual_fallback_insufficient_egarch_obs,60,ok,60,-0.8312736679766053,1.336079151313464,-0.41516715517624203,-0.5776672846620498,-0.9999505933341721,0.5722556601287769,0.6966106963058388,0.0001367459041186083,insufficient_egarch_obs
Equal premium,Gross before costs,534,ewma_residual_fallback_insufficient_egarch_obs,60,ok,60,-0.9122741359511007,1.2839261776285393,-0.8790972239014796,-1.0243003592205413,-0.9999984369234004,0.6844837212581001,0.795263436825253,5.1956306758970946e-06,insufficient_egarch_obs
Equal premium,Gross before costs,535,ewma_residual_fallback_insufficient_egarch_obs,60,ok,60,-0.8030388606243253,1.420545368379131,-0.36715034403011143,-0.5412609487251034,-0.9999683963228644,0.5486087131211845,0.6520826190678785,0.0002964167487822545,insufficient_egarch_obs
Equal premium,Gross before costs,536,ewma_residual_fallback_insufficient_egarch_obs,60,ok,60,-0.619688150912127,1.1368677578893542,-0.29236490910787744,-0.45147506203843996,-0.9940525047901024,0.4084025738310483,0.4919219825992376,0.007956082594734789,insufficient_egarch_obs
Equal premium,Gross before costs,537,ewma_residual_fallback_insufficient_egarch_obs,60,ok,60,-0.8341430810996947,1.7224517637773535,-0.19084820418180853,-0.3050862671575992,-0.9998982308305217,0.5434351874616165,0.6103032498860976,0.00012550700512758048,insufficient_egarch_obs
Equal premium,Gross before costs,538,ewma_residual_fallback_insufficient_egarch_obs,60,ok,60,-1.0,1.435598009648685,-0.7770729562433536,-1.0212263364781438,0.0,0.5888218589923372,0.8198366036410204,-3.8258116284197003e-07,insufficient_egarch_obs
Equal premium,Gross before costs,539,ewma_residual_fallback_insufficient_egarch_obs,60,ok,60,-1.0,1.8041510751915422,-0.08173869775269252,-0.13301981183561237,-1.000440312845851,0.6296581580630234,0.842666585799066,-1.8152895499317022e-05,insufficient_egarch_obs
Equal premium,Gross before costs,540,ewma_residual_fallback_insufficient_egarch_obs,60,ok,60,-1.0,1.5899545834056172,-0.7511055615332618,-0.9317266804970573,-1.0000089732107442,0.8524188112964644,0.9781850572481453,-5.718095139988004e-08,insufficient_egarch_obs
Equal premium,Gross before costs,541,ewma_residual_fallback_insufficient_egarch_obs,60,ok,60,-0.6995922357425275,1.0528730704795395,-0.5612168739130314,-0.7671963004428721,-0.996838272210035,0.45440393632770115,0.5317875200445334,0.0024465594068450386,insufficient_egarch_obs
Equal premium,Gross before costs,542,ewma_residual_fallback_insufficient_egarch_obs,60,ok,60,-0.9397804724689361,2.1313574348498814,0.05396001293559932,0.08280120625444712,-1.2096970466827337,0.860480813149537,1.0064616134931583,7.919298610425508e-07,insufficient_egarch_obs
Equal premium,Gross before costs,543,ewma_residual_fallback_insufficient_egarch_obs,60,ok,60,-1.0,1.7584056565444597,-0.5950799512910646,-0.8052326613647367,-1.0201222313511147,0.6960732224273265,0.9393207665855066,-4.6327086115922445e-07,insufficient_egarch_obs
Equal premium,Gross before costs,544,ewma_residual_fallback_insufficient_egarch_obs,60,ok,60,-1.0,1.7639521028135405,-0.869580395875827,-1.164243817373973,-1.0002601682495003,0.6271812738991396,0.8570047737524668,-3.321795567651156e-09,insufficient_egarch_obs
Equal premium,Gross before costs,545,ewma_residual_fallback_insufficient_egarch_obs,60,ok,60,-0.9789234468191128,1.3896862420566995,-1.2787917700636309,-1.4950427313969485,-0.9999999935140326,0.5823408989669517,0.7821791715107524,4.159086404551933e-09,insufficient_egarch_obs
Equal premium,Gross before costs,546,ewma_residual_fallback_insufficient_egarch_obs,60,ok,60,-0.661059219226815,1.0536025697393332,-0.5217731733065651,-0.8039315991701625,-0.9979106429025525,0.3694626078725698,0.43269182841072434,0.004473208358538326,insufficient_egarch_obs
Equal premium,Gross before costs,547,ewma_residual_fallback_insufficient_egarch_obs,60,ok,60,-0.11321000533781067,1.8720647944163473,0.7175582022289171,1.5433466371130462,-0.9884716904409726,0.5193886962947731,0.6137525535199376,0.5484081779010637,insufficient_egarch_obs
Equal premium,Gross before costs,548,ewma_residual_fallback_insufficient_egarch_obs,60,ok,60,-0.8280276302173321,1.7083879392452925,-0.12165809182199679,-0.1884562573425715,-0.9999154480165448,0.6345306710230885,0.6886161829095,0.00015041577283766793,insufficient_egarch_obs
Equal premium,Gross before costs,549,ewma_residual_fallback_insufficient_egarch_obs,60,ok,60,-0.272784659255663,1.8457770971740912,0.8810702483408746,1.6746008854673735,-0.998895504238666,0.5390208016893616,0.7251550493573905,0.20338323886802936,insufficient_egarch_obs
Equal premium,Gross before costs,550,ewma_residual_fallback_insufficient_egarch_obs,60,ok,60,-1.0,1.7020858635732303,-0.1748146629503831,-0.2648721630317543,0.0,0.593533677174787,0.7866926402591533,-6.9675037206668594e-06,insufficient_egarch_obs
Equal premium,Gross before costs,551,ewma_residual_fallback_insufficient_egarch_obs,60,ok,60,-0.8224401220649425,1.4072514518630659,-0.3123988175973631,-0.4366491251009724,-0.9999695780705803,0.6873905572483644,0.792369268940647,0.00017649166043452874,insufficient_egarch_obs
Equal premium,Gross before costs,552,ewma_residual_fallback_insufficient_egarch_obs,60,ok,60,-0.644263416562834,1.6885592995498016,0.22318885857620974,0.3776951594107182,-0.9997363365492221,0.6088467531448655,0.6697269775537903,0.00569695315703751,insufficient_egarch_obs
Equal premium,Gross before costs,553,ewma_residual_fallback_insufficient_egarch_obs,60,ok,60,-0.8318413720362399,1.437911748133443,-0.3711325529206387,-0.5207009823361888,-0.9998492672372634,0.5528011605271227,0.6871199131902198,0.00013446082638433004,insufficient_egarch_obs
Equal premium,Gross before costs,554,ewma_residual_fallback_insufficient_egarch_obs,60,ok,60,-0.6892192523836737,0.8769254221035094,-0.8535553080648017,-1.1298851875077969,-0.9992683025340269,0.35071078711792675,0.44241502911958325,0.0028991489949595542,insufficient_egarch_obs
Equal premium,Gross before costs,555,ewma_residual_fallback_insufficient_egarch_obs,60,ok,60,-0.8853031367997468,1.3771536903610677,-0.6295208465109925,-0.8240254515706105,-0.9999743476938523,0.6146861053965068,0.7600224515205353,1.9849871678442923e-05,insufficient_egarch_obs
Equal premium,Gross before costs,556,ewma_residual_fallback_insufficient_egarch_obs,60,ok,60,-0.8746730960203216,1.4803665114548463,-0.4731618515158022,-0.6580602450260404,-0.9999744488892308,0.5954625405267044,0.7494817685839811,3.0918723530973935e-05,insufficient_egarch_obs
Equal premium,Gross before costs,557,ewma_residual_fallback_insufficient_egarch_obs,60,ok,60,-0.8592152928140536,1.0842236286117137,-1.0743099843707,-1.2662540305211152,-0.9998945893214596,0.5261099559828954,0.6048038760166093,5.530665713651227e-05,insufficient_egarch_obs
Equal premium,Gross before costs,558,ewma_residual_fallback_insufficient_egarch_obs,60,ok,60,-1.0,1.0856600516441304,-0.9184334704757531,-1.1434251604873842,0.0,0.44559966657417033,0.7068617575267235,-1.175324498305732e-05,insufficient_egarch_obs
Equal premium,Gross before costs,559,ewma_residual_fallback_insufficient_egarch_obs,60,ok,60,-1.0,1.5759406710408452,0.14653759044132506,0.2428336796929718,-1.2657414277995216,0.5213386405662,0.7574752920267086,-0.0031118126452222717,insufficient_egarch_obs
Equal premium,Gross before costs,560,ewma_residual_fallback_insufficient_egarch_obs,60,ok,60,-1.0,1.457722867451566,-1.6685194791633837,-1.7747869226595754,-1.0002716061132373,0.7860216665473293,0.974643129680879,-8.440339946188507e-11,insufficient_egarch_obs
Equal premium,Gross before costs,561,ewma_residual_fallback_insufficient_egarch_obs,60,ok,60,-0.9214826268902172,1.2192785099274173,-1.1405066406191797,-1.3202462619336326,-0.9999924578883205,0.6089806471902207,0.7499614393035171,2.9842060515262397e-06,insufficient_egarch_obs
Equal premium,Gross before costs,562,ewma_residual_fallback_insufficient_egarch_obs,60,ok,60,-0.8415909047151239,1.4473761564382248,-0.45289041107653794,-0.6529523177836273,-0.9998922917721951,0.5785749608491707,0.6654513907494862,9.974716659974297e-05,insufficient_egarch_obs
Equal premium,Gross before costs,563,ewma_residual_fallback_insufficient_egarch_obs,60,ok,60,-1.0,1.37535380182785,-0.7014465939021134,-0.9143661963928376,-1.0013946164246597,0.6455550536983712,0.7784530112466422,-2.9563027958094333e-07,insufficient_egarch_obs
Equal premium,Gross before costs,564,ewma_residual_fallback_insufficient_egarch_obs,60,ok,60,-0.8036249691149252,1.1695336241260208,-0.7215955625729561,-0.96311108209469,-0.9998479377879927,0.49276173164847253,0.5814121694703898,0.0002920325977922604,insufficient_egarch_obs
Equal premium,Gross before costs,565,ewma_residual_fallback_insufficient_egarch_obs,60,ok,60,-1.0,1.7350101572815857,0.06257799558934116,0.09913448640770754,-1.0023707810411404,0.6081448819449103,0.8159879627568872,-0.0008129356665484195,insufficient_egarch_obs
Equal premium,Gross before costs,566,ewma_residual_fallback_insufficient_egarch_obs,60,ok,60,-0.7566657835256624,1.6556006936315386,-0.02547778969210171,-0.041788834951411905,-0.9999938649331526,0.6220492858085791,0.658359435961008,0.0008531313632714901,insufficient_egarch_obs
Equal premium,Gross before costs,567,ewma_residual_fallback_insufficient_egarch_obs,60,ok,60,-0.784894797370326,2.0808168708961134,0.3262056837458993,0.5863195308902488,-0.9999775163091917,0.7568525855146294,0.8056961283293096,0.0004605264437757635,insufficient_egarch_obs
Equal premium,Gross before costs,568,ewma_residual_fallback_insufficient_egarch_obs,60,ok,60,-0.4666470380635632,1.4370374134386523,0.19594237664299358,0.35985219249162265,-0.9883123498203662,0.4617421731653971,0.5001056393321391,0.04315921692277819,insufficient_egarch_obs
Equal premium,Gross before costs,569,ewma_residual_fallback_insufficient_egarch_obs,60,ok,60,-0.8246609659868889,0.9901841857608761,-1.0920808864918594,-1.2793056474900857,-0.9998345201498594,0.4950649553796061,0.5977198953589397,0.00016572691571670035,insufficient_egarch_obs
Equal premium,Gross before costs,570,ewma_residual_fallback_insufficient_egarch_obs,60,ok,60,-0.7200896182541839,1.3373392174358119,-0.22098101014144056,-0.3190881805050839,-0.9991136586837719,0.5433338606395488,0.5871038200253619,0.0017182843426134283,insufficient_egarch_obs
Equal premium,Gross before costs,571,ewma_residual_fallback_insufficient_egarch_obs,60,ok,60,-0.856314996494878,1.2865107183992905,-0.7409126057474783,-0.9755231004418292,-0.9999622597872435,0.5565306725353661,0.5996728411882103,6.124310689122704e-05,insufficient_egarch_obs
Equal premium,Gross before costs,572,ewma_residual_fallback_insufficient_egarch_obs,60,ok,60,-0.6986481945551717,1.3144536061243455,-0.20366899143137332,-0.30061095398266496,-0.9991777878236385,0.5700557981213106,0.6313901554894189,0.0024852437408118973,insufficient_egarch_obs
Equal premium,Gross before costs,573,ewma_residual_fallback_insufficient_egarch_obs,60,ok,60,-0.6912948356629887,1.681555382783874,0.17705507180221097,0.3000984077551297,-0.9987878405551796,0.5202764889976106,0.736363058544702,0.00280362209750812,insufficient_egarch_obs
Equal premium,Gross before costs,574,ewma_residual_fallback_insufficient_egarch_obs,60,ok,60,-0.9634382454218008,1.44536715421105,-1.2181844105064463,-1.4964143225978708,-0.9999999196826138,0.5531177826132101,0.7849991257353134,6.533338286536264e-08,insufficient_egarch_obs
Equal premium,Gross before costs,575,ewma_residual_fallback_insufficient_egarch_obs,60,ok,60,-0.802078076049,1.3681301675974127,-0.43987678349375287,-0.628141827227966,-0.9998139718268734,0.54350430361136,0.5783247102014485,0.00030371729263752663,insufficient_egarch_obs
Equal premium,Gross before costs,576,ewma_residual_fallback_insufficient_egarch_obs,60,ok,60,-0.5372240364130147,1.4324794610616813,0.21644670210493003,0.3573054024370622,-0.9992955262704561,0.5072427184695114,0.6870574205205363,0.02122530642877305,insufficient_egarch_obs
Equal premium,Gross before costs,577,ewma_residual_fallback_insufficient_egarch_obs,60,ok,60,-0.541114895523571,1.057167096519842,-0.15244448438973798,-0.21933212557864526,-0.9831539907250217,0.4098756544132248,0.5948719355261683,0.020347909767337326,insufficient_egarch_obs
Equal premium,Gross before costs,578,ewma_residual_fallback_insufficient_egarch_obs,60,ok,60,-0.91399389713066,1.275872686764487,-0.9838475797251003,-1.2030892003142613,-0.9999951312090594,0.5429561069392425,0.7913860073567701,4.705939572578052e-06,insufficient_egarch_obs
Equal premium,Gross before costs,579,ewma_residual_fallback_insufficient_egarch_obs,60,ok,60,-0.8073513113476599,1.39068584899593,-0.33050975796661514,-0.481178206125956,-0.9998084289575151,0.5483445533331315,0.6961739970669507,0.0002653568393695071,insufficient_egarch_obs
Equal premium,Gross before costs,580,ewma_residual_fallback_insufficient_egarch_obs,60,ok,60,-0.7069432199848006,1.6526758760374083,0.12931678071234562,0.20766039472369285,-0.9998508051365089,0.6086365842340014,0.6910615275228715,0.0021615180537822754,insufficient_egarch_obs
Equal premium,Gross before costs,581,ewma_residual_fallback_insufficient_egarch_obs,60,ok,60,-0.7315091873387376,1.1651373486385097,-0.48611678196441327,-0.6826625301164518,-0.9977967381198166,0.46670479382494806,0.5840806452559771,0.0013952343088556648,insufficient_egarch_obs
Equal premium,Gross before costs,582,ewma_residual_fallback_insufficient_egarch_obs,60,ok,60,-0.9064152889358206,1.6842891863459435,-0.24743661851769827,-0.37354060328884275,-0.9999877046962594,0.6403400164870043,0.9036207410090031,7.1783481729118405e-06,insufficient_egarch_obs
Equal premium,Gross before costs,583,ewma_residual_fallback_insufficient_egarch_obs,60,ok,60,-1.0,1.7430492870306513,-0.5081600782776621,-0.7051408308230085,-1.0041885890394289,0.6189767133511811,0.7633197455132232,-3.909840415994909e-07,insufficient_egarch_obs
Equal premium,Gross before costs,584,ewma_residual_fallback_insufficient_egarch_obs,60,ok,60,-0.44268424800541595,1.2692668643365674,0.14707203703316205,0.2452399099271012,-0.9875794747537961,0.4442644261172405,0.5190434463345066,0.053765859241594265,insufficient_egarch_obs
Equal premium,Gross before costs,585,ewma_residual_fallback_insufficient_egarch_obs,60,ok,60,-0.7788337953814474,1.1998263923496182,-0.5341188532611219,-0.7148715239111942,-0.9993045372784767,0.48588249609070416,0.6678784570130464,0.0005291683074906967,insufficient_egarch_obs
Equal premium,Gross before costs,586,ewma_residual_fallback_insufficient_egarch_obs,60,ok,60,-0.520327578557009,1.7900175661239595,0.5561219602189589,1.0009459682253408,-0.9994237170887199,0.6990220696461044,0.8063660480117599,0.02539356923011776,insufficient_egarch_obs
Equal premium,Gross before costs,587,ewma_residual_fallback_insufficient_egarch_obs,60,ok,60,-0.9376811346038364,1.2667247815726836,-1.2780461164326717,-1.4963250323663646,-0.9999995306338234,0.6205782145154426,0.6720231118436905,9.399347129987098e-07,insufficient_egarch_obs
Equal premium,Gross before costs,588,ewma_residual_fallback_insufficient_egarch_obs,60,ok,60,-0.7915841285410625,1.8619002886695573,0.1737086194729915,0.28404571138662854,-0.9997838833630213,0.6176677182842775,0.7748074170543213,0.0003932366097400444,insufficient_egarch_obs
Equal premium,Gross before costs,589,ewma_residual_fallback_insufficient_egarch_obs,60,ok,60,-0.9560237066929538,1.5191775971622714,-1.0232694940020612,-1.2793578009718503,-0.9999997144505288,0.6052073162055301,0.7167505730821794,1.644724276376396e-07,insufficient_egarch_obs
Equal premium,Gross before costs,590,ewma_residual_fallback_insufficient_egarch_obs,60,ok,60,-1.0,1.7332993542187989,-0.23453235295045127,-0.3418040377797606,-1.0147132302576092,0.6644298939786392,0.8368930699937378,-2.1729160528860987e-06,insufficient_egarch_obs
Equal premium,Gross before costs,591,ewma_residual_fallback_insufficient_egarch_obs,60,ok,60,-0.8056325330596568,1.521235485902516,-0.2441386729378821,-0.3677164062966569,-0.9998953967970459,0.5524773388738917,0.6798286721167929,0.0002774072928395375,insufficient_egarch_obs
Equal premium,Gross before costs,592,ewma_residual_fallback_insufficient_egarch_obs,60,ok,60,-0.8335712925964015,1.5564990157020553,-0.05036836698691915,-0.07539769478209438,-0.99996882448381,0.6102495201170814,0.7804389045484389,0.00012768538810240755,insufficient_egarch_obs
Equal premium,Gross before costs,593,ewma_residual_fallback_insufficient_egarch_obs,60,ok,60,-0.8582814488866565,1.2452105393885882,-0.6124132959614591,-0.8258254313612262,-0.9999577932612035,0.5325545087311138,0.7375865350348789,5.716543570487695e-05,insufficient_egarch_obs
Equal premium,Gross before costs,594,ewma_residual_fallback_insufficient_egarch_obs,60,ok,60,-0.7704634572264604,2.1482904551224693,0.32558340680740905,0.5905494385407871,-0.999936102457429,0.643408974591033,0.7023596201198008,0.0006371756645228259,insufficient_egarch_obs
Equal premium,Gross before costs,595,ewma_residual_fallback_insufficient_egarch_obs,60,ok,60,-1.0,2.0007601986416907,0.23084195122352785,0.3603623408617128,-1.052314562003053,0.7448945111701407,0.9512587381716356,-1.8576195956845117e-05,insufficient_egarch_obs
Equal premium,Gross before costs,596,ewma_residual_fallback_insufficient_egarch_obs,60,ok,60,-0.8498201899859272,1.5574475981424616,-0.3321999575830934,-0.48304885466231845,-0.9998110919002966,0.605607187743829,0.7053388690559174,7.639373659986156e-05,insufficient_egarch_obs
Equal premium,Gross before costs,597,ewma_residual_fallback_insufficient_egarch_obs,60,ok,60,-0.9696187726788172,1.4078800848525983,-1.0916201849489124,-1.2790294294189726,-0.9999999702892941,0.7281227026507577,0.8453269005415818,2.5883712694538598e-08,insufficient_egarch_obs
Equal premium,Gross before costs,598,ewma_residual_fallback_insufficient_egarch_obs,60,ok,60,-0.05790691024235317,1.1841335056116056,0.48328956471756085,0.885736829731339,-0.9274158424724287,0.388045384895361,0.4148247671936516,0.7421113798631113,insufficient_egarch_obs
Equal premium,Gross before costs,599,ewma_residual_fallback_insufficient_egarch_obs,60,ok,60,-0.8437559840731119,1.8794060708409495,0.0014171929362734486,0.0023229465045318614,-0.9999376127167984,0.693425886823407,0.7610658991237994,9.311442489993021e-05,insufficient_egarch_obs
Equal premium,Gross before costs,600,ewma_residual_fallback_insufficient_egarch_obs,60,ok,60,-0.9525550410848906,1.198418023284194,-1.5671020796440944,-1.6808880227725036,-0.9999996001518683,0.5993215758543202,0.6613032431061097,2.40408807638998e-07,insufficient_egarch_obs
Equal premium,Gross before costs,601,ewma_residual_fallback_insufficient_egarch_obs,60,ok,60,-0.8051017994569603,1.3597056409825707,-0.38856140578541837,-0.5371189907092808,-0.9997289090263431,0.6107405358461357,0.7065366011754589,0.0002812154303948136,insufficient_egarch_obs
Equal premium,Gross before costs,602,ewma_residual_fallback_insufficient_egarch_obs,60,ok,60,-0.8842602880640766,1.7843705550786109,-0.2221754349350093,-0.3420558331726091,-0.999992001403178,0.6171225852320272,0.7131766061097569,2.0768827804019236e-05,insufficient_egarch_obs
Equal premium,Gross before costs,603,ewma_residual_fallback_insufficient_egarch_obs,60,ok,60,-0.8337685388405877,1.503589220775762,-0.10251489807006682,-0.14893940283348459,-0.9999360389923636,0.5709766346063012,0.8108688536911922,0.0001269305352812157,insufficient_egarch_obs
Equal premium,Gross before costs,604,ewma_residual_fallback_insufficient_egarch_obs,60,ok,60,-0.6863839255866938,1.88468901796344,0.43997145208640104,0.7610034433298061,-0.9987822885833989,0.5803629919984336,0.8044842336333353,0.00303383230767426,insufficient_egarch_obs
Equal premium,Gross before costs,605,ewma_residual_fallback_insufficient_egarch_obs,60,ok,60,-0.8846973957279685,1.2384037514976622,-0.9418607646419933,-1.1923677000495165,-0.9999922191834445,0.5568824505618083,0.6742743604876864,2.0379596581136664e-05,insufficient_egarch_obs
Equal premium,Gross before costs,606,ewma_residual_fallback_insufficient_egarch_obs,60,ok,60,-0.7583966418268938,1.5167309781581164,-0.20256711353463341,-0.3244164195613827,-0.9996142814513539,0.5195407588100872,0.5717707361006666,0.0008232179516931823,insufficient_egarch_obs
Equal premium,Gross before costs,607,ewma_residual_fallback_insufficient_egarch_obs,60,ok,60,-0.8795128967802024,1.0517994400040824,-1.2992689806998188,-1.5302491623483265,-0.999969457597188,0.4863210407190468,0.584575182389952,2.539234531266141e-05,insufficient_egarch_obs
Equal premium,Gross before costs,608,ewma_residual_fallback_insufficient_egarch_obs,60,ok,60,-0.7521400549513237,1.222906850806982,-0.47516543145233797,-0.6679780113988928,-0.9998501710592687,0.48736746106565576,0.5545092989538625,0.0009354740514679595,insufficient_egarch_obs
Equal premium,Gross before costs,609,ewma_residual_fallback_insufficient_egarch_obs,60,ok,60,-1.0,1.766498539500571,-1.0372477990381825,-1.3063420481332253,-1.0001614391667957,0.7853384293891409,0.970979890898105,-9.715639491423199e-11,insufficient_egarch_obs
Equal premium,Gross before costs,610,ewma_residual_fallback_insufficient_egarch_obs,60,ok,60,-0.6686232699094722,1.0286299501773024,-0.5472119206823821,-0.7890406602310406,-0.9992568979732989,0.4317118406703627,0.4839833641628059,0.003995857948665442,insufficient_egarch_obs
Equal premium,Gross before costs,611,ewma_residual_fallback_insufficient_egarch_obs,60,ok,60,-0.9005463680865555,1.790147474800911,-0.17247567508217226,-0.2604604126451437,-0.9999941156143747,0.7624171854394509,0.8225970005486901,9.729784872017628e-06,insufficient_egarch_obs
Equal premium,Gross before costs,612,ewma_residual_fallback_insufficient_egarch_obs,60,ok,60,-0.5618519440890237,1.3001677814777977,-0.013899700273681655,-0.02319274192691907,-0.9841710328946838,0.5117444505907106,0.5571536037750183,0.016147468470545604,insufficient_egarch_obs
Equal premium,Gross before costs,613,ewma_residual_fallback_insufficient_egarch_obs,60,ok,60,-0.9055732007132754,1.2198294545316106,-1.0453761548670972,-1.263843046590095,-0.9999962907503839,0.6096769080950512,0.7398902787869103,7.507171630925525e-06,insufficient_egarch_obs
Equal premium,Gross before costs,614,ewma_residual_fallback_insufficient_egarch_obs,60,ok,60,-1.0,1.7611117004644687,0.23209823542085184,0.3600736597796436,-1.0154574605009132,0.6766124967619702,0.8505145333463711,-0.00014084164601941947,insufficient_egarch_obs
Equal premium,Gross before costs,615,ewma_residual_fallback_insufficient_egarch_obs,60,ok,60,-0.9495405404297639,1.4016844978482643,-1.118248638983532,-1.3629355351400247,-0.9999995490464878,0.5962467630938789,0.7228715083190286,3.271244264621244e-07,insufficient_egarch_obs
Equal premium,Gross before costs,616,ewma_residual_fallback_insufficient_egarch_obs,60,ok,60,-0.8991936869860512,1.3986926932645165,-0.8070638374370401,-1.0846664505791146,-0.9999944361250125,0.5638873913107239,0.6764110090557267,1.040971054706816e-05,insufficient_egarch_obs
Equal premium,Gross before costs,617,ewma_residual_fallback_insufficient_egarch_obs,60,ok,60,-0.8674763477634442,1.5765174039792316,-0.4214623412221379,-0.6083646334786809,-0.999978388679769,0.539000632491825,0.5888736199785262,4.087586731717166e-05,insufficient_egarch_obs
Equal premium,Gross before costs,618,ewma_residual_fallback_insufficient_egarch_obs,60,ok,60,-0.49979670889705186,1.2285646342362555,0.06810233344946082,0.10962097914943111,-0.9928729516473347,0.3959337967374544,0.6143980893795039,0.031313580149769885,insufficient_egarch_obs
Equal premium,Gross before costs,619,ewma_residual_fallback_insufficient_egarch_obs,60,ok,60,-0.8112287833635243,1.8036929171597191,0.05928213694918868,0.09394205675684822,-0.9998811271792488,0.6771487159027049,0.7298573758390381,0.00023970598317337382,insufficient_egarch_obs
Equal premium,Gross before costs,620,ewma_residual_fallback_insufficient_egarch_obs,60,ok,60,-0.8790522030571959,1.4533257867201579,-0.42608264845270055,-0.600177206963741,-0.9999787026114749,0.5402628687275711,0.7184311134261266,2.588152191345906e-05,insufficient_egarch_obs
Equal premium,Gross before costs,621,ewma_residual_fallback_insufficient_egarch_obs,60,ok,60,-0.5490762481405085,1.466424642364355,0.18414451684475122,0.3086543968131413,-0.9927853321516523,0.54894991647287,0.6292636387758348,0.018642989681863908,insufficient_egarch_obs
Equal premium,Gross before costs,622,ewma_residual_fallback_insufficient_egarch_obs,60,ok,60,-0.6278975743064187,1.2926215501448666,-0.13659014932179678,-0.21860834681981825,-0.9984480070613866,0.46163991307973046,0.5523456493367789,0.007133661631259571,insufficient_egarch_obs
Equal premium,Gross before costs,623,ewma_residual_fallback_insufficient_egarch_obs,60,ok,60,-0.9280566899692227,1.264537339200852,-1.1182634857485863,-1.3425129631355375,-0.9999991156501106,0.5438941261578782,0.7979736083239904,1.9273122274272025e-06,insufficient_egarch_obs
Equal premium,Gross before costs,624,ewma_residual_fallback_insufficient_egarch_obs,60,ok,60,-0.8914906169067849,1.387663646852986,-0.4801388769020046,-0.6392700695687609,-0.9999840208373103,0.5566389716734008,0.8659989203880712,1.5043069847111193e-05,insufficient_egarch_obs
Equal premium,Gross before costs,625,ewma_residual_fallback_insufficient_egarch_obs,60,ok,60,-0.7745105520180786,1.4511555722571918,-0.08738216229536377,-0.12725310396977266,-0.9998483043541538,0.5339641826063121,0.7298409320958844,0.0005829497455743675,insufficient_egarch_obs
Equal premium,Gross before costs,626,ewma_residual_fallback_insufficient_egarch_obs,60,ok,60,-0.9025277961592175,1.4287737662563467,-0.7412095034105288,-0.9904286388568455,-0.9999943474173598,0.5663568776349207,0.6704734992531525,8.79840456650463e-06,insufficient_egarch_obs
Equal premium,Gross before costs,627,ewma_residual_fallback_insufficient_egarch_obs,60,ok,60,-0.8531908499969596,1.1299432662894147,-0.9783654000555443,-1.2153964214632742,-0.9998571286345678,0.5022420873348512,0.6170832725676619,6.819705505109251e-05,insufficient_egarch_obs
Equal premium,Gross before costs,628,ewma_residual_fallback_insufficient_egarch_obs,60,ok,60,-0.4665629618067434,1.7415539061202014,0.4442337528789253,0.8142872762201813,-0.993748014176371,0.5879805382100755,0.6071153310639184,0.04319324513552566,insufficient_egarch_obs
Equal premium,Gross before costs,629,ewma_residual_fallback_insufficient_egarch_obs,60,ok,60,-0.9614751025117956,1.8967500896553673,-0.1490270581987952,-0.22143990255573376,-0.999999946418424,0.7078276900696032,0.9073196743457991,8.486086594440082e-08,insufficient_egarch_obs
Equal premium,Gross before costs,630,ewma_residual_fallback_insufficient_egarch_obs,60,ok,60,-0.9989788676244226,2.1893424394504897,-0.6854064392041626,-0.9136823005400856,-1.2212159859686667,1.0066239595861721,1.1471855693976079,1.1372507021918305e-15,insufficient_egarch_obs
Equal premium,Gross before costs,631,ewma_residual_fallback_insufficient_egarch_obs,60,ok,60,-0.9178741366229533,1.6006313869530353,-0.4172136421688253,-0.5967959241489846,-0.9999967706766626,0.724032832524812,0.8680936943436053,3.7359386973865157e-06,insufficient_egarch_obs
Equal premium,Gross before costs,632,ewma_residual_fallback_insufficient_egarch_obs,60,ok,60,-0.9366906796679964,1.1414242836465627,-1.4711819721567045,-1.5920949550049701,-0.999998913101831,0.574428638316532,0.7275685882100262,1.0170405187549052e-06,insufficient_egarch_obs
Equal premium,Gross before costs,633,ewma_residual_fallback_insufficient_egarch_obs,60,ok,60,-0.9025407320613036,1.2829497233049316,-0.7137508575288228,-0.87764447072066,-0.9999932606682764,0.668174022630973,0.8179822390817518,8.792567769410083e-06,insufficient_egarch_obs
Equal premium,Gross before costs,634,ewma_residual_fallback_insufficient_egarch_obs,60,ok,60,-0.8703336891019845,1.4335676694180544,-0.6419544399686731,-0.9018368745272184,-0.9999735030768615,0.5232066460532324,0.5556168125261544,3.665521533139807e-05,insufficient_egarch_obs
Equal premium,Gross before costs,635,ewma_residual_fallback_insufficient_egarch_obs,60,ok,60,-0.6623574863309976,1.668615495307947,0.25650272489841275,0.42521574703131326,-0.9976512487818608,0.6089317544711363,0.7517921683224111,0.004388192028334826,insufficient_egarch_obs
Equal premium,Gross before costs,636,ewma_residual_fallback_insufficient_egarch_obs,60,ok,60,-0.8414681093067519,1.166150144464968,-0.9088199048850389,-1.2179511030918586,-0.9999811228555656,0.4922728895789712,0.5712801263478541,0.00010013437600567241,insufficient_egarch_obs
Equal premium,Gross before costs,637,ewma_residual_fallback_insufficient_egarch_obs,60,ok,60,-0.8055454086647116,1.3078589709667525,-0.4541710297511562,-0.6324122884374481,-0.9998370062610699,0.484324129089289,0.7118071040024954,0.0002780295836964002,insufficient_egarch_obs
Equal premium,Gross before costs,638,ewma_residual_fallback_insufficient_egarch_obs,60,ok,60,-0.9359669777524184,1.8300394196503635,-0.3115807214626437,-0.46100451397765135,-0.9999995781651132,0.7627374721548047,0.8299695758730549,1.0765147909284646e-06,insufficient_egarch_obs
Equal premium,Gross before costs,639,ewma_residual_fallback_insufficient_egarch_obs,60,ok,60,-1.0,1.9738728561514198,-0.7437008749189329,-0.9734278660951781,-1.000000000198778,0.8950143291647815,0.9579164049571501,-1.4887176046598656e-11,insufficient_egarch_obs
Equal premium,Gross before costs,640,ewma_residual_fallback_insufficient_egarch_obs,60,ok,60,-0.6244082389693952,1.5201209878409703,0.09212506102416625,0.1551601434753709,-0.992296628367752,0.5368104102231107,0.6225669620300445,0.007474467969521012,insufficient_egarch_obs
Equal premium,Gross before costs,641,ewma_residual_fallback_insufficient_egarch_obs,60,ok,60,-0.8829426974331993,0.9119484052761258,-1.6473311904382864,-1.7014005538488812,-0.9999717455425606,0.42821435094213445,0.5779419438041816,2.1978222246605253e-05,insufficient_egarch_obs
Equal premium,Gross before costs,642,ewma_residual_fallback_insufficient_egarch_obs,60,ok,60,-1.0,1.9254461688008941,-0.8041422393471693,-1.0494797564228933,-1.0000004964326135,0.7846689815105243,0.9226659699972156,-2.0576910310455918e-10,insufficient_egarch_obs
Equal premium,Gross before costs,643,ewma_residual_fallback_insufficient_egarch_obs,60,ok,60,-0.691906520388254,1.2773000927161764,-0.2612649841432228,-0.3859453062208579,-0.999054617753246,0.502296361549531,0.5473452176995401,0.0027759557293087996,insufficient_egarch_obs
Equal premium,Gross before costs,644,ewma_residual_fallback_insufficient_egarch_obs,60,ok,60,-0.907849671489604,1.7211682738660044,-0.4155086642354034,-0.6207576752361036,-0.9999948946003278,0.6255850039551435,0.7262225748116462,6.644838636090922e-06,insufficient_egarch_obs
Equal premium,Gross before costs,645,ewma_residual_fallback_insufficient_egarch_obs,60,ok,60,-1.0,1.2649792707667036,-0.6341008239336908,-0.8500385806918492,0.0,0.5151639876825546,0.7034831969296987,-1.1924743551024731e-05,insufficient_egarch_obs
Equal premium,Gross before costs,646,ewma_residual_fallback_insufficient_egarch_obs,60,ok,60,-0.9053070118041973,1.37083472728345,-0.7860642736885578,-0.9901600514145026,-0.9999805396763584,0.6732470451377021,0.7179539877286601,7.613583380362555e-06,insufficient_egarch_obs
Equal premium,Gross before costs,647,ewma_residual_fallback_insufficient_egarch_obs,60,ok,60,-1.0,1.8599783544465527,-0.10153614288321192,-0.15581156174113692,-1.0159984851211583,0.650547141247952,0.8785619075687657,-1.0598122544035523e-05,insufficient_egarch_obs
Equal premium,Gross before costs,648,ewma_residual_fallback_insufficient_egarch_obs,60,ok,60,-0.8705201397342648,1.0752967663849906,-1.1760770361946986,-1.4015153514433978,-0.9999725938186673,0.5242082095367717,0.6634230536267006,3.639243459927402e-05,insufficient_egarch_obs
Equal premium,Gross before costs,649,ewma_residual_fallback_insufficient_egarch_obs,60,ok,60,-0.8002789087162143,1.3721571775700714,-0.4055878577561534,-0.5943562546084741,-0.9995808252563768,0.469775265806209,0.6221868809071022,0.000317774944803507,insufficient_egarch_obs
Equal premium,Gross before costs,650,ewma_residual_fallback_insufficient_egarch_obs,60,ok,60,-0.8830051086889984,1.1425463649504686,-1.1277731069774366,-1.3986984026860416,-0.9999814300645952,0.46850980599627223,0.5877910857839271,2.191969422153995e-05,insufficient_egarch_obs
Equal premium,Gross before costs,651,ewma_residual_fallback_insufficient_egarch_obs,60,ok,60,-0.9553527700702968,1.4197038954584686,-1.091908918138611,-1.3153830735382155,-0.9999998303879503,0.6254579954976353,0.774453600915201,1.774077526647714e-07,insufficient_egarch_obs
Equal premium,Gross before costs,652,ewma_residual_fallback_insufficient_egarch_obs,60,ok,60,-0.6446544653104329,1.5504291581766583,0.05329014740338054,0.09230339517584224,-0.9986021209677852,0.4643667961721854,0.5994556170858018,0.00566570961860364,insufficient_egarch_obs
Equal premium,Gross before costs,653,ewma_residual_fallback_insufficient_egarch_obs,60,ok,60,-0.9596859620395198,1.3168808876797609,-1.3492933733465364,-1.5741484153650935,-0.9999999358162455,0.5952840809536311,0.7361385727326072,1.06483300104693e-07,insufficient_egarch_obs
Equal premium,Gross before costs,654,ewma_residual_fallback_insufficient_egarch_obs,60,ok,60,-1.0,1.698722645745776,0.3285718728805294,0.555272883599915,-1.7269412497287613,0.5376491983556677,0.7663176462878445,-0.008821039145125964,insufficient_egarch_obs
Equal premium,Gross before costs,655,ewma_residual_fallback_insufficient_egarch_obs,60,ok,60,-0.8688918691449425,1.5789131145122055,-0.42131525379632995,-0.6146189447101583,-0.9999887322730979,0.5787184272970972,0.6797257482216382,3.873897536251534e-05,insufficient_egarch_obs
Equal premium,Gross before costs,656,ewma_residual_fallback_insufficient_egarch_obs,60,ok,60,-0.9763008726343221,1.7849303842885853,-0.625879183939591,-0.8844787421427743,-0.9999999935885765,0.690008406297689,0.8436954640734345,7.4758705357006e-09,insufficient_egarch_obs
Equal premium,Gross before costs,657,ewma_residual_fallback_insufficient_egarch_obs,60,ok,60,-0.867760542171333,1.1571262277627377,-1.0290471513964408,-1.285103179352186,-0.9999497895623821,0.5378075215725578,0.566578592712941,4.0439455555998506e-05,insufficient_egarch_obs
Equal premium,Gross before costs,658,ewma_residual_fallback_insufficient_egarch_obs,60,ok,60,-0.9095949520799809,1.480053174565271,-0.7681310232341656,-1.069976813879369,-0.9999983742494671,0.5362348961523471,0.6333950950054655,6.038977390304979e-06,insufficient_egarch_obs
Equal premium,Gross before costs,659,ewma_residual_fallback_insufficient_egarch_obs,60,ok,60,-0.515935775088439,1.6349932619633931,0.4750974332766123,0.8539015152477192,-0.9978249162745437,0.5149432922061016,0.6762068740030941,0.026577549459406834,insufficient_egarch_obs
Equal premium,Gross before costs,660,ewma_residual_fallback_insufficient_egarch_obs,60,ok,60,-0.8550464932482726,1.294607237462364,-0.7274121239527285,-0.9985795529996454,-0.9999405482245827,0.47580199934772494,0.634365154817104,6.399464465638041e-05,insufficient_egarch_obs
Equal premium,Gross before costs,661,ewma_residual_fallback_insufficient_egarch_obs,60,ok,60,-0.47866203036183885,1.1281061104231302,0.007688600964106596,0.011720472115773433,-0.984990214237098,0.41082373632078406,0.5313955171226206,0.03851206280765026,insufficient_egarch_obs
Equal premium,Gross before costs,662,ewma_residual_fallback_insufficient_egarch_obs,60,ok,60,-0.9324372320922366,2.1629009275029407,-0.0507853857233412,-0.07995199597979435,-1.0121336240353793,0.8189549328438693,1.008195902184865,1.4077877021569276e-06,insufficient_egarch_obs
Equal premium,Gross before costs,663,ewma_residual_fallback_insufficient_egarch_obs,60,ok,60,-1.0,1.7891225617866973,-0.7142237206813559,-0.9648320098156405,-1.000003108058134,0.7278122386105428,0.8938373673197232,-1.6195042317445327e-08,insufficient_egarch_obs
Equal premium,Gross before costs,664,ewma_residual_fallback_insufficient_egarch_obs,60,ok,60,-0.8790514989739285,1.5380004647481527,-0.3076857862298903,-0.44482775594160223,-0.9999837393520573,0.5229413133342372,0.7634849590991966,2.5882275253289922e-05,insufficient_egarch_obs
Equal premium,Gross before costs,665,ewma_residual_fallback_insufficient_egarch_obs,60,ok,60,-0.9206142610888477,1.4358253465468183,-0.7522566882819444,-0.9817236391447438,-0.9999987007678153,0.5728780904307167,0.7745409027194666,3.1529164139402727e-06,insufficient_egarch_obs
Equal premium,Gross before costs,666,ewma_residual_fallback_insufficient_egarch_obs,60,ok,60,-0.771412468633146,1.236573876557925,-0.51382382247253,-0.730140309442417,-0.9996091934412596,0.5038487276761562,0.6000328991062016,0.0006241122220066586,insufficient_egarch_obs
Equal premium,Gross before costs,667,ewma_residual_fallback_insufficient_egarch_obs,60,ok,60,-0.8851005552464588,1.6240308404060413,-0.3579786391585828,-0.5189875981377148,-0.999978568221631,0.6011367746249874,0.728506239459685,2.0025789644442392e-05,insufficient_egarch_obs
Equal premium,Gross before costs,668,ewma_residual_fallback_insufficient_egarch_obs,60,ok,60,-0.9362640043994692,1.708291016217783,-0.5645415418701463,-0.7938669374342097,-0.9999971720065816,0.6763057693652105,0.7451992496431491,1.0517774877112673e-06,insufficient_egarch_obs
Equal premium,Gross before costs,669,ewma_residual_fallback_insufficient_egarch_obs,60,ok,60,-0.6887103500255938,1.6989116300327984,0.15537220770207152,0.2587071906167627,-0.9997607656218007,0.6130490889645874,0.633289313959803,0.002922963590316306,insufficient_egarch_obs
Equal premium,Gross before costs,670,ewma_residual_fallback_insufficient_egarch_obs,60,ok,60,-0.630763802995685,1.281244206584315,-0.040318963177248444,-0.06057082126442144,-0.9972217939031125,0.5073249395753351,0.6762848121900772,0.006863116108372284,insufficient_egarch_obs
Equal premium,Gross before costs,671,ewma_residual_fallback_insufficient_egarch_obs,60,ok,60,-0.8072960419129346,1.4459338349768234,-0.3584161042125172,-0.534043461779664,-0.9999177017829561,0.5329720953666832,0.6411705932572368,0.0002657377020741489,insufficient_egarch_obs
Equal premium,Gross before costs,672,ewma_residual_fallback_insufficient_egarch_obs,60,ok,60,-0.8729003991403947,1.2787411628192475,-0.7130029054843954,-0.9009122979932123,-0.9999152222504455,0.5937915717038337,0.7144619080498181,3.31681259221677e-05,insufficient_egarch_obs
Equal premium,Gross before costs,673,ewma_residual_fallback_insufficient_egarch_obs,60,ok,60,-0.8785899311133197,1.8457740796290167,0.2948538940646448,0.5084096874251505,-0.999996511856921,0.5771369056249418,0.8080928408710463,2.6379923247165045e-05,insufficient_egarch_obs
Equal premium,Gross before costs,674,ewma_residual_fallback_insufficient_egarch_obs,60,ok,60,-0.7866283968757743,1.174482670276498,-0.6725054900982674,-0.9177885373473621,-0.999603587285242,0.4390570381437717,0.5253784923953657,0.0004422655392679479,insufficient_egarch_obs
Equal premium,Gross before costs,675,ewma_residual_fallback_insufficient_egarch_obs,60,ok,60,-0.7776622522175605,1.2651315429513375,-0.3988125777547835,-0.5337538604808559,-0.9996407869130144,0.5126083983583245,0.6787820673825515,0.0005433329087945601,insufficient_egarch_obs
Equal premium,Gross before costs,676,ewma_residual_fallback_insufficient_egarch_obs,60,ok,60,-0.9649857551024059,1.8980724814978436,-0.5053538186561561,-0.7324353843908188,-0.9999999784780153,0.7059753440988993,0.8901423677684188,5.262884333601872e-08,insufficient_egarch_obs
Equal premium,Gross before costs,677,ewma_residual_fallback_insufficient_egarch_obs,60,ok,60,-0.7617703146025361,1.3197772659744844,-0.4602208266354015,-0.7250157667012208,-0.999924812118149,0.4268732927707767,0.5022994619786717,0.0007673250671994387,insufficient_egarch_obs
Equal premium,Gross before costs,678,ewma_residual_fallback_insufficient_egarch_obs,60,ok,60,-0.9045456422811232,1.2174146123341671,-1.1646968411134309,-1.4381678360000116,-0.9999898675948746,0.5482929048684381,0.5673957320803035,7.924626434349095e-06,insufficient_egarch_obs
Equal premium,Gross before costs,679,ewma_residual_fallback_insufficient_egarch_obs,60,ok,60,-0.9596145062483964,1.5336600560917764,-0.9454097734939184,-1.1566961779469112,-0.9999998626398577,0.6960038732179864,0.7703810901746461,1.0743034853191605e-07,insufficient_egarch_obs
Equal premium,Gross before costs,680,ewma_residual_fallback_insufficient_egarch_obs,60,ok,60,-0.5043945445086246,1.616964610151158,0.3753222798846572,0.6356525515278716,-0.9981358568304631,0.5434834458592328,0.6694796657299592,0.029900633629754727,insufficient_egarch_obs
Equal premium,Gross before costs,681,ewma_residual_fallback_insufficient_egarch_obs,60,ok,60,-0.7047243096684619,1.1778104902006739,-0.3984710025210905,-0.5778708574770904,-0.9991161877024003,0.4919795520264436,0.5790890470008766,0.00224459746267136,insufficient_egarch_obs
Equal premium,Gross before costs,682,ewma_residual_fallback_insufficient_egarch_obs,60,ok,60,-0.8639942421594552,1.3843050082928767,-0.5875971777161056,-0.8216646447851385,-0.9999096950607403,0.5233701206569277,0.6969787062363099,4.653572385427793e-05,insufficient_egarch_obs
Equal premium,Gross before costs,683,ewma_residual_fallback_insufficient_egarch_obs,60,ok,60,-0.8429533110037357,1.2178832779119393,-0.7137230946701216,-0.9167746716118819,-0.9999396066968268,0.5699725338131478,0.6869432763811115,9.553091185502054e-05,insufficient_egarch_obs
Equal premium,Gross before costs,684,ewma_residual_fallback_insufficient_egarch_obs,60,ok,60,-0.8679187328892672,1.9596787991940854,0.11129122943755418,0.18202183408479122,-0.9999968423886089,0.6691754516238618,0.8353325527467487,4.019815618110629e-05,insufficient_egarch_obs
Equal premium,Gross before costs,685,ewma_residual_fallback_insufficient_egarch_obs,60,ok,60,-0.3741500089783989,1.450572140823347,0.37747076119770906,0.6419837167832757,-0.983062066850149,0.5018057953789915,0.5612540715681681,0.09601768960503988,insufficient_egarch_obs
Equal premium,Gross before costs,686,ewma_residual_fallback_insufficient_egarch_obs,60,ok,60,-0.9336648456989799,1.724564022538699,-0.3936033657769063,-0.5485224096531517,-1.0018894669315292,0.6040637483228448,0.9365253517431826,1.2844544816773378e-06,insufficient_egarch_obs
Equal premium,Gross before costs,687,ewma_residual_fallback_insufficient_egarch_obs,60,ok,60,-0.9514769705324326,1.703647911695287,-0.584118459089507,-0.8075043240955909,-0.9999994476831046,0.6459410974859082,0.7861252616250095,2.689921078449256e-07,insufficient_egarch_obs
Equal premium,Gross before costs,688,ewma_residual_fallback_insufficient_egarch_obs,60,ok,60,-0.6425110712683066,1.0964969988880473,-0.32500540300426106,-0.44820940993022856,-0.990390066163676,0.47905288091584297,0.5537417204536621,0.0058386572615144626,insufficient_egarch_obs
Equal premium,Gross before costs,689,ewma_residual_fallback_insufficient_egarch_obs,60,ok,60,-0.6903213389558573,1.185410561172828,-0.40462686062743336,-0.6127508196716717,-0.998339787501019,0.4020598020950251,0.4887862495210665,0.0028481076662435333,insufficient_egarch_obs
Equal premium,Gross before costs,690,ewma_residual_fallback_insufficient_egarch_obs,60,ok,60,-0.857510411727195,1.483475069805215,-0.4612642078194712,-0.6685469295729528,-0.999992272137873,0.5421317044171812,0.6918137498363323,5.8737527022754624e-05,insufficient_egarch_obs
Equal premium,Gross before costs,691,ewma_residual_fallback_insufficient_egarch_obs,60,ok,60,-0.49254154511932025,1.6160481080668936,0.3572883100864552,0.6161855759949617,-0.9986539923322386,0.5692253955864048,0.6036721788393812,0.03365134785370136,insufficient_egarch_obs
Equal premium,Gross before costs,692,ewma_residual_fallback_insufficient_egarch_obs,60,ok,60,-0.9066124257337124,1.2513469747379249,-0.9344381416749826,-1.1232057996621814,-0.9999936158099386,0.5813406346475338,0.776183049782297,7.1030598486587806e-06,insufficient_egarch_obs
Equal premium,Gross before costs,693,ewma_residual_fallback_insufficient_egarch_obs,60,ok,60,-0.8604043857805943,1.352112799534804,-0.6836090897829656,-0.9371000780651345,-0.9999685002646584,0.5499219536307071,0.6105118988642652,5.3010130054649066e-05,insufficient_egarch_obs
Equal premium,Gross before costs,694,ewma_residual_fallback_insufficient_egarch_obs,60,ok,60,-0.7228794351572855,1.1247019561561622,-0.5180403491228526,-0.7196902907146969,-0.9987933201617343,0.45816200174037547,0.5718053795989411,0.0016343451467169836,insufficient_egarch_obs
Equal premium,Gross before costs,695,ewma_residual_fallback_insufficient_egarch_obs,60,ok,60,-0.8604548104544792,1.048380261147861,-1.1839066869158754,-1.3970412712455955,-0.999970705177948,0.4907655913929316,0.5722965243212266,5.2914457703552334e-05,insufficient_egarch_obs
Equal premium,Gross before costs,696,ewma_residual_fallback_insufficient_egarch_obs,60,ok,60,-0.8414492494203675,2.1111306451638683,0.13550707166997872,0.22199583045528584,-1.0863192365726375,0.6836411246604139,1.0165974547965353,0.00010019395305165854,insufficient_egarch_obs
Equal premium,Gross before costs,697,ewma_residual_fallback_insufficient_egarch_obs,60,ok,60,-0.9016525654564334,1.035957803272326,-1.46164061037717,-1.6195832550116969,-0.9999904764003813,0.4655181711965033,0.5850902430402144,9.200579403375659e-06,insufficient_egarch_obs
Equal premium,Gross before costs,698,ewma_residual_fallback_insufficient_egarch_obs,60,ok,60,-0.8632195403957696,1.485567277240492,-0.5038962303089011,-0.7278429341760536,-0.9999831252889299,0.5723616189469037,0.6707091460303731,4.787626845203128e-05,insufficient_egarch_obs
Equal premium,Gross before costs,699,ewma_residual_fallback_insufficient_egarch_obs,60,ok,60,-0.7269738141590548,1.382258135798567,-0.2506885864569214,-0.39449240497923355,-0.9989525205749948,0.43441191571440035,0.5750713323539491,0.0015171255077951636,insufficient_egarch_obs
Equal premium,Gross before costs,700,ewma_residual_fallback_insufficient_egarch_obs,60,ok,60,-0.9234630263879821,1.347922178623252,-0.8973615514867005,-1.1140844531987686,-0.9999983718774819,0.6263648839172593,0.7834000445889456,2.6263731377711217e-06,insufficient_egarch_obs
Equal premium,Gross before costs,701,ewma_residual_fallback_insufficient_egarch_obs,60,ok,60,-0.3940568647083057,1.0768392898805916,0.07417698324088738,0.11684360440770084,-0.9872066200201434,0.47856076862364616,0.5403667341684559,0.08168820417032366,insufficient_egarch_obs
Equal premium,Gross before costs,702,ewma_residual_fallback_insufficient_egarch_obs,60,ok,60,-0.8908947055953761,1.3776740471294977,-0.7775144900242693,-1.026260335398975,-0.9999930655299639,0.5781767078861565,0.6272479182820028,1.5460699089056136e-05,insufficient_egarch_obs
Equal premium,Gross before costs,703,ewma_residual_fallback_insufficient_egarch_obs,60,ok,60,-0.8216956332029816,1.297715604080409,-0.5735565876137302,-0.786917172322545,-0.9997994934408652,0.48526000026724847,0.6317727837755066,0.00018022286832198377,insufficient_egarch_obs
Equal premium,Gross before costs,704,ewma_residual_fallback_insufficient_egarch_obs,60,ok,60,-0.7448712103242028,1.9374827506239343,0.24714596698491903,0.43506357940071694,-0.9997904035526909,0.6292489759062708,0.7235264144264661,0.0010809294362166704,insufficient_egarch_obs
Equal premium,Gross before costs,705,ewma_residual_fallback_insufficient_egarch_obs,60,ok,60,-0.49623605409902405,1.6576752270176016,0.46141004984583334,0.790163319883379,-0.996836342800801,0.5899658777105165,0.7363740659522292,0.032444076019793544,insufficient_egarch_obs
Equal premium,Gross before costs,706,ewma_residual_fallback_insufficient_egarch_obs,60,ok,60,-0.6945244597673397,1.5383901860454299,0.02655506013895458,0.04214062171047035,-0.9995257581755694,0.5523957698255073,0.6476161548711348,0.0026600034973302787,insufficient_egarch_obs
Equal premium,Gross before costs,707,ewma_residual_fallback_insufficient_egarch_obs,60,ok,60,-0.7916569536484792,1.2498623163037996,-0.549286898938661,-0.7672894802266027,-0.9997276330757798,0.5130359388983936,0.6381790534328228,0.0003925500619260828,insufficient_egarch_obs
Equal premium,Gross before costs,708,ewma_residual_fallback_insufficient_egarch_obs,60,ok,60,-0.8364166512897775,1.3569991436035853,-0.3966833494928838,-0.5614442975343329,-0.9999621016462944,0.5806013374283083,0.7194270275215295,0.00011713737080295781,insufficient_egarch_obs
Equal premium,Gross before costs,709,ewma_residual_fallback_insufficient_egarch_obs,60,ok,60,-0.8786709592031201,1.0867231063033984,-1.2008121321674237,-1.4111489772691561,-0.9999905317604125,0.5461346183438379,0.6217332557850499,2.629201193992674e-05,insufficient_egarch_obs
Equal premium,Gross before costs,710,ewma_residual_fallback_insufficient_egarch_obs,60,ok,60,-0.9143425763188142,1.1688025212593858,-1.153587486048666,-1.3034747117421437,-0.9999955838243617,0.5970579582134565,0.759858162270442,4.611317653471807e-06,insufficient_egarch_obs
Equal premium,Gross before costs,711,ewma_residual_fallback_insufficient_egarch_obs,60,ok,60,-1.0,1.2031950075091766,-0.6053453958372852,-0.7754171235596781,0.0,0.5311213640150019,0.7166199599033058,-2.0981354673221247e-05,insufficient_egarch_obs
Equal premium,Gross before costs,712,ewma_residual_fallback_insufficient_egarch_obs,60,ok,60,-0.8524538464136435,1.507099514211928,-0.4208316510017626,-0.6063789521577261,-0.9998585011174446,0.6073483808659689,0.6750131409817675,6.992612485700992e-05,insufficient_egarch_obs
Equal premium,Gross before costs,713,ewma_residual_fallback_insufficient_egarch_obs,60,ok,60,-0.677580101763372,1.4306405393032062,-0.01106772090998306,-0.017585105941563824,-0.9990867187092796,0.5772374433409313,0.705873088323837,0.0034842489901767016,insufficient_egarch_obs
Equal premium,Gross before costs,714,ewma_residual_fallback_insufficient_egarch_obs,60,ok,60,-0.9849372011019754,1.4380997233239166,-1.147456170385845,-1.4074643454020916,-0.9999999996600506,0.577338135227605,0.757700173308797,7.754046342885237e-10,insufficient_egarch_obs
Equal premium,Gross before costs,715,ewma_residual_fallback_insufficient_egarch_obs,60,ok,60,-0.9063122095190049,1.8034465651564033,0.2425508250593922,0.3808934801234979,-0.9999957873703716,0.6562799111695812,0.9502902229034941,7.217968520802968e-06,insufficient_egarch_obs
Equal premium,Gross before costs,716,ewma_residual_fallback_insufficient_egarch_obs,60,ok,60,-0.8274732285621953,1.6276270449812278,-0.18463723107614635,-0.2873149264753252,-0.9999736832049795,0.5715137334795721,0.7280843984102479,0.00015285599498155518,insufficient_egarch_obs
Equal premium,Gross before costs,717,ewma_residual_fallback_insufficient_egarch_obs,60,ok,60,-0.8911877829829223,1.1872814665915135,-1.1027536510268618,-1.3329024713201965,-0.999990164442651,0.5136702632811342,0.5873096918631663,1.5254159919218941e-05,insufficient_egarch_obs
Equal premium,Gross before costs,718,ewma_residual_fallback_insufficient_egarch_obs,60,ok,60,-0.9549310730952109,1.6605042155425096,-0.657757768672827,-0.8673059818764307,-0.9999999287955658,0.6859469230343118,0.818243862406414,1.8594567784441719e-07,insufficient_egarch_obs
Equal premium,Gross before costs,719,ewma_residual_fallback_insufficient_egarch_obs,60,ok,60,-0.8530126066567033,1.4345243484140262,-0.5236532553347597,-0.7321926739299338,-0.999960839285308,0.5397818092071494,0.6389220756065676,6.861205723371454e-05,insufficient_egarch_obs
Equal premium,Gross before costs,720,ewma_residual_fallback_insufficient_egarch_obs,60,ok,60,-0.7027558152539668,1.4484513103508674,-0.1194350026447659,-0.1909248286543702,-0.99895935671356,0.5159017255403199,0.6077881637460449,0.0023204212521742164,insufficient_egarch_obs
Equal premium,Gross before costs,721,ewma_residual_fallback_insufficient_egarch_obs,60,ok,60,-0.6215523529629852,1.4743593307749494,0.12415442429189694,0.20164851936663106,-0.9975958958624013,0.581843263370372,0.7036394154102199,0.007762990362135019,insufficient_egarch_obs
Equal premium,Gross before costs,722,ewma_residual_fallback_insufficient_egarch_obs,60,ok,60,-0.4780264292916996,1.7515373990169405,0.4539336588647913,0.8159909144527251,-0.9938546295850017,0.6048187987236735,0.6359324167797364,0.03874740023893977,insufficient_egarch_obs
Equal premium,Gross before costs,723,ewma_residual_fallback_insufficient_egarch_obs,60,ok,60,-0.5882309923649491,1.2679621516558264,-0.11476062137660949,-0.191246105595059,-0.9969399525399036,0.42619594936792254,0.4830012172703557,0.011837725870663758,insufficient_egarch_obs
Equal premium,Gross before costs,724,ewma_residual_fallback_insufficient_egarch_obs,60,ok,60,-0.7907975385633584,1.421962153459525,-0.3469377598093819,-0.5185636391949686,-0.9997094710106453,0.578762895713238,0.6385803370445847,0.00040071347807842046,insufficient_egarch_obs
Equal premium,Gross before costs,725,ewma_residual_fallback_insufficient_egarch_obs,60,ok,60,-0.5235508488079934,1.2535145039003486,0.01690703410098372,0.027060026875793043,-0.9860519165568484,0.42996000428262166,0.5035048349265443,0.02455176891981908,insufficient_egarch_obs
Equal premium,Gross before costs,726,ewma_residual_fallback_insufficient_egarch_obs,60,ok,60,-0.6399217768227861,1.2325334955077951,-0.1734858032953809,-0.2646871290949754,-0.9951739934988864,0.42595755393790097,0.6052028582727388,0.006053189700439246,insufficient_egarch_obs
Equal premium,Gross before costs,727,ewma_residual_fallback_insufficient_egarch_obs,60,ok,60,-0.6873858423933686,1.4682335794475758,-0.030365705627978006,-0.04762359107095354,-0.9998676430926265,0.5441158486609935,0.6210113189227771,0.0029856796761342295,insufficient_egarch_obs
Equal premium,Gross before costs,728,ewma_residual_fallback_insufficient_egarch_obs,60,ok,60,-0.9507275032894114,1.7674900125518849,-0.3250223046986763,-0.43790241655656503,-0.9999987857523982,0.6995499300162902,0.8562395428240753,2.904175423471728e-07,insufficient_egarch_obs
Equal premium,Gross before costs,729,ewma_residual_fallback_insufficient_egarch_obs,60,ok,60,-0.901143335396704,1.3100912744937518,-0.8756584061153525,-1.0765982776576752,-0.9999940588057059,0.5844407497609381,0.706176700712685,9.441255853772315e-06,insufficient_egarch_obs
Equal premium,Gross before costs,730,ewma_residual_fallback_insufficient_egarch_obs,60,ok,60,-0.7303371431049921,1.2816393282283098,-0.3400137406366837,-0.4914872295138181,-0.9990818888019772,0.499824006435838,0.5572707675922334,0.0014259544614131224,insufficient_egarch_obs
Equal premium,Gross before costs,731,ewma_residual_fallback_insufficient_egarch_obs,60,ok,60,-0.9501685457342813,1.4979268015136618,-0.875109479451758,-1.0956973787978488,-0.9999998230811705,0.592610922658897,0.792392562822151,3.0726833591376053e-07,insufficient_egarch_obs
Equal premium,Gross before costs,732,ewma_residual_fallback_insufficient_egarch_obs,60,ok,60,-0.869871606715478,0.9732605669231489,-1.4209649017591732,-1.5755911451208164,-0.9999229874108067,0.42504975971398595,0.5068944653233105,3.731301455970713e-05,insufficient_egarch_obs
Equal premium,Gross before costs,733,ewma_residual_fallback_insufficient_egarch_obs,60,ok,60,-0.7682809640121707,1.0207253334194775,-0.8547246128779626,-1.1091704687634627,-0.999857782614215,0.42647320657511717,0.44121255533238135,0.0006680493799752246,insufficient_egarch_obs
Equal premium,Gross before costs,734,ewma_residual_fallback_insufficient_egarch_obs,60,ok,60,-0.9622936090156093,1.5672367365529598,-0.6846795556403389,-0.9102758443389024,-0.999999868191718,0.6562231154409387,0.8343241634353521,7.622103342839303e-08,insufficient_egarch_obs
Equal premium,Gross before costs,735,ewma_residual_fallback_insufficient_egarch_obs,60,ok,60,-0.6889552513943277,1.1894831815563711,-0.33633498734681144,-0.4760380884919208,-0.997542345842429,0.5102835090794996,0.5675392107476847,0.0029114837302305916,insufficient_egarch_obs
Equal premium,Gross before costs,736,ewma_residual_fallback_insufficient_egarch_obs,60,ok,60,-1.0,2.0167848962498756,-0.3048353092157465,-0.4544769345311532,-1.0000058261055544,0.7301729713477559,0.9143623510225183,-1.308398747927655e-07,insufficient_egarch_obs
Equal premium,Gross before costs,737,ewma_residual_fallback_insufficient_egarch_obs,60,ok,60,-0.9235335193779365,1.2148606448685777,-1.216657846963707,-1.436985573644802,-0.9999992112433499,0.5628287923528446,0.7418705568615568,2.6143005302701846e-06,insufficient_egarch_obs
Equal premium,Gross before costs,738,ewma_residual_fallback_insufficient_egarch_obs,60,ok,60,-0.869836647613301,1.031093754051454,-1.2980380812757282,-1.5118077877323808,-0.9999600704671955,0.4956801353953312,0.5298678423675093,3.7363162360488614e-05,insufficient_egarch_obs
Equal premium,Gross before costs,739,ewma_residual_fallback_insufficient_egarch_obs,60,ok,60,-0.8165467501487564,1.375566265462755,-0.40662545171679115,-0.5648196430482678,-0.9998244511991636,0.6254316976497609,0.7004081731966475,0.0002077911507241882,insufficient_egarch_obs
Equal premium,Gross before costs,740,ewma_residual_fallback_insufficient_egarch_obs,60,ok,60,-0.8112821284568961,1.0909395249379195,-0.8808084345831206,-1.1397561708252009,-0.9998849489129248,0.4915611852918748,0.5939593921988598,0.00023936748048056317,insufficient_egarch_obs
Equal premium,Gross before costs,741,ewma_residual_fallback_insufficient_egarch_obs,60,ok,60,-0.9185419694095536,1.1741986958443158,-1.1986210406728528,-1.3564681883962706,-0.9999977763050063,0.5677329330667981,0.7699769102538382,3.5864892193846807e-06,insufficient_egarch_obs
Equal premium,Gross before costs,742,ewma_residual_fallback_insufficient_egarch_obs,60,ok,60,-0.8180386904833379,1.1281863029839676,-0.839216628217895,-1.066671965712262,-0.9998738320087346,0.4879035603969528,0.5313230592769956,0.00019947812078680848,insufficient_egarch_obs
Equal premium,Gross before costs,743,ewma_residual_fallback_insufficient_egarch_obs,60,ok,60,-0.9488951809841777,1.4695511557485628,-1.091246167220672,-1.388867029725719,-0.9999992387846203,0.5856372845720469,0.6396173641243094,3.4858546394025054e-07,insufficient_egarch_obs
Equal premium,Gross before costs,744,ewma_residual_fallback_insufficient_egarch_obs,60,ok,60,-0.7054980369032955,1.5406753110203477,-0.01766815822272466,-0.028880196726505325,-0.9996512590681927,0.5519327399654987,0.6482705996411763,0.002215342964449787,insufficient_egarch_obs
Equal premium,Gross before costs,745,ewma_residual_fallback_insufficient_egarch_obs,60,ok,60,-0.9419993641213992,1.7336588748362596,-0.4490074536355048,-0.6462362794316494,-0.9999999803195267,0.7182128519580729,0.8515627963498438,6.563927483368728e-07,insufficient_egarch_obs
Equal premium,Gross before costs,746,ewma_residual_fallback_insufficient_egarch_obs,60,ok,60,-0.7256584710127634,1.481955650589333,-0.08891207292677834,-0.13919086200497302,-0.999334194912978,0.4888433294405741,0.6468694353194103,0.0015540241865627095,insufficient_egarch_obs
Equal premium,Gross before costs,747,ewma_residual_fallback_insufficient_egarch_obs,60,ok,60,-0.8328515581326933,1.4780785062704225,-0.2569760593354153,-0.3688708123054826,-0.9998313911472387,0.6333300745413545,0.8040086038759292,0.00013047030048245382,insufficient_egarch_obs
Equal premium,Gross before costs,748,ewma_residual_fallback_insufficient_egarch_obs,60,ok,60,-0.9502807241104465,1.4652578955928606,-0.961058032649438,-1.2034496074101555,-0.9999998104791119,0.70712412821995,0.8219970222925211,3.0382532760620245e-07,insufficient_egarch_obs
Equal premium,Gross before costs,749,ewma_residual_fallback_insufficient_egarch_obs,60,ok,60,-0.8725856065831855,1.3136772000085128,-0.7416234834762909,-0.9739985667366488,-0.9999502005193953,0.596548525101147,0.685910142839818,3.3580909558744206e-05,insufficient_egarch_obs
Equal premium,Gross before costs,750,ewma_residual_fallback_insufficient_egarch_obs,60,ok,60,-0.6900692995092792,1.2962768549940713,-0.2912951982119772,-0.4675812471817839,-0.9978207763279199,0.4435949961541955,0.47756743465519796,0.0028597165527643226,insufficient_egarch_obs
Equal premium,Gross before costs,751,ewma_residual_fallback_insufficient_egarch_obs,60,ok,60,-0.8958478081258503,1.0886465977014308,-1.280254270037973,-1.442087286937757,-0.9999686741386963,0.5303040717564231,0.6373873231665338,1.2255811434020113e-05,insufficient_egarch_obs
Equal premium,Gross before costs,752,ewma_residual_fallback_insufficient_egarch_obs,60,ok,60,-0.4032205026642768,1.4361189202258082,0.30777971397793585,0.536954763396763,-0.9934517438440075,0.49108364395717546,0.5201799148964938,0.0756953970859324,insufficient_egarch_obs
Equal premium,Gross before costs,753,ewma_residual_fallback_insufficient_egarch_obs,60,ok,60,-0.7772230990895234,1.5850769749024956,0.1247836066069852,0.19959387367558815,-0.9997950218385003,0.5874976590576917,0.7537426461139937,0.0005487200008409164,insufficient_egarch_obs
Equal premium,Gross before costs,754,ewma_residual_fallback_insufficient_egarch_obs,60,ok,60,-0.8658302900994237,1.2371407856623633,-0.870062658984738,-1.1375606145364294,-0.9999379547296928,0.5774455854625997,0.620670052270702,4.347828487435349e-05,insufficient_egarch_obs
Equal premium,Gross before costs,755,ewma_residual_fallback_insufficient_egarch_obs,60,ok,60,-1.0,1.9962458715362603,-0.047666998801252296,-0.07453217495275524,-1.0708430788541614,0.6922877006116578,0.9085634864355375,-4.0823667546342136e-05,insufficient_egarch_obs
Equal premium,Gross before costs,756,ewma_residual_fallback_insufficient_egarch_obs,60,ok,60,-0.8214677241569627,1.6878525079186555,-0.13325493362001126,-0.2115545919828008,-0.9998176715430731,0.6364250788603538,0.716565140551678,0.000181377622966259,insufficient_egarch_obs
Equal premium,Gross before costs,757,ewma_residual_fallback_insufficient_egarch_obs,60,ok,60,-0.780786416231702,1.5364606619268462,-0.15645783366590893,-0.24038008164255179,-0.999798122435602,0.5794514873831578,0.7158315638595729,0.0005062176815918355,insufficient_egarch_obs
Equal premium,Gross before costs,758,ewma_residual_fallback_insufficient_egarch_obs,60,ok,60,-0.6693554795687933,1.6513675696984147,0.1289594205948266,0.21981458883334565,-0.9979358234603531,0.5840938740173524,0.6599672711466017,0.003951906392231335,insufficient_egarch_obs
Equal premium,Gross before costs,759,ewma_residual_fallback_insufficient_egarch_obs,60,ok,60,-0.6727591040934198,1.8500219992101499,0.3140834838023182,0.5573699166434136,-0.9993656461092332,0.5843702703036909,0.736231903202723,0.003752648307679304,insufficient_egarch_obs
Equal premium,Gross before costs,760,ewma_residual_fallback_insufficient_egarch_obs,60,ok,60,-0.8735765616088302,1.5094430205512874,-0.5145395378467035,-0.7233375153731254,-0.999986893012793,0.6088902136080622,0.6415724938685679,3.229520080229181e-05,insufficient_egarch_obs
Equal premium,Gross before costs,761,ewma_residual_fallback_insufficient_egarch_obs,60,ok,60,-0.7744074028428032,1.5131591133089826,-0.09727061853703545,-0.1462442124540506,-0.9997711900365893,0.5812456861058292,0.7443249306864935,0.0005842843052251367,insufficient_egarch_obs
Equal premium,Gross before costs,762,ewma_residual_fallback_insufficient_egarch_obs,60,ok,60,-0.6674308780472757,1.2097424712524465,-0.2952950170353415,-0.4461410659691817,-0.9973495755543574,0.4691817419539962,0.5586333737387664,0.0040682686034454575,insufficient_egarch_obs
Equal premium,Gross before costs,763,ewma_residual_fallback_insufficient_egarch_obs,60,ok,60,-0.9004502127205318,1.54866537367863,-0.4184368929660426,-0.5803058055969949,-0.9999839556017773,0.611833865344121,0.8195972855048145,9.77691144979023e-06,insufficient_egarch_obs
Equal premium,Gross before costs,764,ewma_residual_fallback_insufficient_egarch_obs,60,ok,60,-0.8816444932184239,1.4422362054130966,-0.4688356304803129,-0.6329500957121111,-0.9999721582325856,0.6313880165280348,0.8289314550682724,2.322428470156708e-05,insufficient_egarch_obs
Equal premium,Gross before costs,765,ewma_residual_fallback_insufficient_egarch_obs,60,ok,60,-0.8929191081967179,1.3995332243806013,-0.6841943674128882,-0.9300978607967331,-0.9999815033316384,0.4966229912934406,0.7544924027656457,1.407861385463611e-05,insufficient_egarch_obs
Equal premium,Gross before costs,766,ewma_residual_fallback_insufficient_egarch_obs,60,ok,60,-0.8334172810017285,1.2992601429708919,-0.6826649035123609,-0.9737995652685533,-0.9998555531936641,0.4840353736866346,0.5949103879716396,0.0001282772769633317,insufficient_egarch_obs
Equal premium,Gross before costs,767,ewma_residual_fallback_insufficient_egarch_obs,60,ok,60,-0.9227516135789274,1.9027662544900654,-0.037626024577804985,-0.058873772868080786,-0.999998944825479,0.7196551894524865,0.8847599806389539,2.7507244189713766e-06,insufficient_egarch_obs
Equal premium,Gross before costs,768,ewma_residual_fallback_insufficient_egarch_obs,60,ok,60,-0.7891215082150488,1.5092713251414331,-0.1636292975904228,-0.23829731875105484,-0.9997509735885901,0.5945365039830944,0.7047452764834539,0.00041702436921917693,insufficient_egarch_obs
Equal premium,Gross before costs,769,ewma_residual_fallback_insufficient_egarch_obs,60,ok,60,-0.8522331602898736,1.359861745783811,-0.6414996547030959,-0.8809288562522459,-0.9999430520730438,0.5457488647001248,0.6023834755466987,7.045063725227865e-05,insufficient_egarch_obs
Equal premium,Gross before costs,770,ewma_residual_fallback_insufficient_egarch_obs,60,ok,60,-0.9821766835580183,1.6093291272446169,-1.2051494392175226,-1.4441579193639593,-0.9999999989206108,0.6810566910282965,0.786472067591061,1.7986331242481162e-09,insufficient_egarch_obs
Equal premium,Gross before costs,771,ewma_residual_fallback_insufficient_egarch_obs,60,ok,60,-0.9565014252805191,1.6775089208711966,-0.6207629752376183,-0.8331058717105599,-0.9999998420158205,0.7019093404529432,0.864516711118615,1.5573102247659522e-07,insufficient_egarch_obs
Equal premium,Gross before costs,772,ewma_residual_fallback_insufficient_egarch_obs,60,ok,60,-0.8061519263757627,1.6628437475888227,0.04940598632452702,0.08037306923412542,-0.9999096453616053,0.5532581091600957,0.7436547809675802,0.0002737205775578338,insufficient_egarch_obs
Equal premium,Gross before costs,773,ewma_residual_fallback_insufficient_egarch_obs,60,ok,60,-0.8757855587339496,1.325272201367713,-0.7029521628839018,-0.9054878885099966,-0.9999799213632703,0.5942874770223379,0.680081545064177,2.957062139957915e-05,insufficient_egarch_obs
Equal premium,Gross before costs,774,ewma_residual_fallback_insufficient_egarch_obs,60,ok,60,-1.0,1.5440414164497118,-0.9214125198308487,-1.174673536143313,-1.0067197136930663,0.6925175451840765,0.8493903284788149,-2.3648158151829847e-08,insufficient_egarch_obs
Equal premium,Gross before costs,775,ewma_residual_fallback_insufficient_egarch_obs,60,ok,60,-0.915539038099872,1.12254291063172,-1.4043247717875627,-1.5864331962300513,-0.9999884432787193,0.5232556946638248,0.61533397978641,4.298135630572693e-06,insufficient_egarch_obs
Equal premium,Gross before costs,776,ewma_residual_fallback_insufficient_egarch_obs,60,ok,60,-0.8718607443872882,1.2873175176137786,-0.8065413622179487,-1.0717981308773565,-0.9999669710253358,0.49400760749443023,0.6266547026797918,3.45470512125635e-05,insufficient_egarch_obs
Equal premium,Gross before costs,777,ewma_residual_fallback_insufficient_egarch_obs,60,ok,60,-0.847220501582607,1.3654724202682293,-0.5903895612077708,-0.8260915209986409,-0.9999785119430441,0.5043200699813181,0.6709395395820187,8.3238721183342e-05,insufficient_egarch_obs
Equal premium,Gross before costs,778,ewma_residual_fallback_insufficient_egarch_obs,60,ok,60,-0.7116587463452577,1.4321614343629052,0.010781969821209261,0.016195567595660616,-0.9994403224991815,0.5576051375019205,0.6985469212644132,0.001993122132564402,insufficient_egarch_obs
Equal premium,Gross before costs,779,ewma_residual_fallback_insufficient_egarch_obs,60,ok,60,-0.5539020725303043,1.643577719264632,0.34527285807904046,0.6114188597987327,-0.9997683534961541,0.5087504339575911,0.6982353043125279,0.017666520747109293,insufficient_egarch_obs
Equal premium,Gross before costs,780,ewma_residual_fallback_insufficient_egarch_obs,60,ok,60,-1.0,1.7359505834955882,-0.8309056350255729,-1.0794616385033855,-1.0017871336974022,0.710073432882877,0.9026262386902782,-2.5341537815977484e-09,insufficient_egarch_obs
Equal premium,Gross before costs,781,ewma_residual_fallback_insufficient_egarch_obs,60,ok,60,-1.0,1.6573692168896033,-0.5871720967484765,-0.825890154677461,-1.0123488655923547,0.6675479835949746,0.8328707243335538,-1.4704016307669345e-06,insufficient_egarch_obs
Equal premium,Gross before costs,782,ewma_residual_fallback_insufficient_egarch_obs,60,ok,60,-0.8047941994660671,1.232022366581286,-0.6276016491807771,-0.8744478396668904,-0.9994123768563911,0.5231040082973654,0.6215259788001305,0.0002834416012801472,insufficient_egarch_obs
Equal premium,Gross before costs,783,ewma_residual_fallback_insufficient_egarch_obs,60,ok,60,-0.9222984581021728,1.590713724331225,-0.43605937637706665,-0.6128810282308502,-0.9999990996677042,0.6402833921348935,0.8147925721730168,2.832358254579261e-06,insufficient_egarch_obs
Equal premium,Gross before costs,784,ewma_residual_fallback_insufficient_egarch_obs,60,ok,60,-0.945078814418819,1.3913533989937528,-1.0433162009477566,-1.2788224595907893,-0.999999663392591,0.5875244606675167,0.7758966942765634,4.996886890257383e-07,insufficient_egarch_obs
Equal premium,Gross before costs,785,ewma_residual_fallback_insufficient_egarch_obs,60,ok,60,-0.875601469828812,1.425927802471293,-0.5370885116694729,-0.7522173301734019,-0.9999698135601208,0.48405449323639177,0.7455785586996995,2.979039384975389e-05,insufficient_egarch_obs
Equal premium,Gross before costs,786,ewma_residual_fallback_insufficient_egarch_obs,60,ok,60,-0.9764156284279246,2.2478870549427157,0.024195639651378113,0.0361214868047511,-1.0000377951745492,0.9789696933866029,1.1409291829979795,7.296616908721077e-09,insufficient_egarch_obs
Equal premium,Gross before costs,787,ewma_residual_fallback_insufficient_egarch_obs,60,ok,60,-0.7759811539975099,1.233456510893418,-0.5012177021975613,-0.6895142998933866,-0.9999516886083332,0.4774574471445581,0.6269703380250482,0.0005641866149448344,insufficient_egarch_obs
Equal premium,Gross before costs,788,ewma_residual_fallback_insufficient_egarch_obs,60,ok,60,-0.17686766042166446,1.2965071920718239,0.43475650443307445,0.8225898611225545,-0.9636412220330858,0.39813977443042264,0.5550845324736058,0.3778751424136092,insufficient_egarch_obs
Equal premium,Gross before costs,789,ewma_residual_fallback_insufficient_egarch_obs,60,ok,60,-1.0,1.2631758308890877,-0.42691698485722196,-0.5771838723599739,0.0,0.49616365813368807,0.7557711370947849,-4.343570088909363e-05,insufficient_egarch_obs
Equal premium,Gross before costs,790,ewma_residual_fallback_insufficient_egarch_obs,60,ok,60,-0.8104212393279748,1.3007391924683371,-0.41469034536409066,-0.597003109283681,-0.9997834415581431,0.49316468098467875,0.7082349237670886,0.0002448772273095996,insufficient_egarch_obs
Equal premium,Gross before costs,791,ewma_residual_fallback_insufficient_egarch_obs,60,ok,60,-0.8619817492842953,1.6155628569516631,0.17975831389119776,0.2858455877982722,-0.9999911232200848,0.5887924930434534,0.7797166766895626,5.008210721742622e-05,insufficient_egarch_obs
Equal premium,Gross before costs,792,ewma_residual_fallback_insufficient_egarch_obs,60,ok,60,-0.9504696480816437,1.461244344268689,-0.882343236338825,-1.0977299804087166,-0.9999996838455457,0.7192497735571574,0.8612441900950122,2.980966315022702e-07,insufficient_egarch_obs
Equal premium,Gross before costs,793,ewma_residual_fallback_insufficient_egarch_obs,60,ok,60,-0.8902920145869511,1.4654321289334133,-0.553019809196523,-0.7784120527967808,-0.9999877950762448,0.5764220435807184,0.7602073782153967,1.589246268981114e-05,insufficient_egarch_obs
Equal premium,Gross before costs,794,ewma_residual_fallback_insufficient_egarch_obs,60,ok,60,-0.34410563114394166,1.1172588459186814,0.16157448198693844,0.2612497039495346,-0.924379719755828,0.43987870321683875,0.4661682784142828,0.12138625464553385,insufficient_egarch_obs
Equal premium,Gross before costs,795,ewma_residual_fallback_insufficient_egarch_obs,60,ok,60,-0.22738211991543655,1.2022520936071381,0.341838602387573,0.5940406522835903,-0.8934407433802184,0.4028412252702547,0.4821153556289161,0.2753111321095157,insufficient_egarch_obs
Equal premium,Gross before costs,796,ewma_residual_fallback_insufficient_egarch_obs,60,ok,60,-0.8821809631326495,1.2772228472114224,-0.7367846442833086,-0.9463526984662419,-0.9999786173125891,0.5212103541836345,0.7809787355767556,2.270269114942915e-05,insufficient_egarch_obs
Equal premium,Gross before costs,797,ewma_residual_fallback_insufficient_egarch_obs,60,ok,60,-0.8560334668810794,1.3022335435699406,-0.6853941468885262,-0.8887189922089225,-0.9999134921242705,0.5728812840163298,0.6218218780092396,6.18454469287798e-05,insufficient_egarch_obs
Equal premium,Gross before costs,798,ewma_residual_fallback_insufficient_egarch_obs,60,ok,60,-1.0,1.9263648588097224,0.2376826492935154,0.39118950121181273,-1.003367197830124,0.5660123749841869,0.9533526334951592,-0.00012374383009710374,insufficient_egarch_obs
Equal premium,Gross before costs,799,ewma_residual_fallback_insufficient_egarch_obs,60,ok,60,-0.8347712072694545,1.4402831354066956,-0.48758132119573155,-0.7191276983287584,-0.9998663994279436,0.5698480974770151,0.6058801672158439,0.00012314836441502762,insufficient_egarch_obs
Equal premium,Gross before costs,800,ewma_residual_fallback_insufficient_egarch_obs,60,ok,60,-0.9419062621965647,1.3911206393436237,-1.0231858091294768,-1.2609142712379617,-0.9999994733813465,0.7025913695602127,0.7839558623861759,6.616778571575545e-07,insufficient_egarch_obs
Equal premium,Gross before costs,801,ewma_residual_fallback_insufficient_egarch_obs,60,ok,60,-0.8585393950588457,1.6075888073914169,-0.24555005791937087,-0.3631309357210648,-0.9999482493989782,0.5889238876943887,0.7772975096085597,5.664708348552168e-05,insufficient_egarch_obs
Equal premium,Gross before costs,802,ewma_residual_fallback_insufficient_egarch_obs,60,ok,60,-0.885569266372994,1.1340459355750585,-1.151592624739809,-1.4004530018846897,-0.9999596717705134,0.6133058882833998,0.6499814744515952,1.9620650927269387e-05,insufficient_egarch_obs
Equal premium,Gross before costs,803,ewma_residual_fallback_insufficient_egarch_obs,60,ok,60,-0.9042800254877887,1.463053176336935,-0.7144550928790044,-0.95708836656707,-0.9999913366123524,0.5218234153376193,0.6868245147370717,8.035499372193384e-06,insufficient_egarch_obs
Equal premium,Gross before costs,804,ewma_residual_fallback_insufficient_egarch_obs,60,ok,60,-0.9639663108480789,1.2449957143153272,-1.4130759254047234,-1.5536290407016864,-0.9999999798521764,0.6738534092867142,0.8836997246465982,6.074963023939535e-08,insufficient_egarch_obs
Equal premium,Gross before costs,805,ewma_residual_fallback_insufficient_egarch_obs,60,ok,60,-0.9055399507012497,1.3072773306331456,-0.9683011157987956,-1.245225978642078,-0.9999977576788822,0.5389472194645626,0.6886925388745088,7.520398246737216e-06,insufficient_egarch_obs
Equal premium,Gross before costs,806,ewma_residual_fallback_insufficient_egarch_obs,60,ok,60,-0.8953704576382983,1.9972423639441828,-0.04492740029382089,-0.06971281943203199,-1.0260434394794382,0.7173105552249287,1.053355675313642,1.2539251953679594e-05,insufficient_egarch_obs
Equal premium,Gross before costs,807,ewma_residual_fallback_insufficient_egarch_obs,60,ok,60,-0.8052110273547517,1.5350487178393246,-0.09305653287486759,-0.14184400907313893,-0.9999803082229546,0.609435097265069,0.7748010639501636,0.0002804282974153225,insufficient_egarch_obs
Equal premium,Gross before costs,808,ewma_residual_fallback_insufficient_egarch_obs,60,ok,60,-0.8458778131002531,1.6096765745719457,-0.3264617023898928,-0.4991839932004345,-0.9998197143694653,0.5279767369673457,0.6181771802563739,8.69612580143189e-05,insufficient_egarch_obs
Equal premium,Gross before costs,809,ewma_residual_fallback_insufficient_egarch_obs,60,ok,60,-0.8973323914998778,1.6751421217677653,-0.37181201234207734,-0.5640205005492133,-0.9999960415810932,0.5984104874058169,0.7839486818207281,1.1406889362132368e-05,insufficient_egarch_obs
Equal premium,Gross before costs,810,ewma_residual_fallback_insufficient_egarch_obs,60,ok,60,-0.656063916367041,1.3623388766987778,-0.1173554429675556,-0.18775668467867473,-0.9966795475877004,0.46377206031366175,0.5531183504538663,0.004812699087828644,insufficient_egarch_obs
Equal premium,Gross before costs,811,ewma_residual_fallback_insufficient_egarch_obs,60,ok,60,-0.9041241983480097,1.4835280287930037,-0.5318830219605908,-0.7279289493487671,-0.9999823093690539,0.5445582433117833,0.7684945750664885,8.101119552242523e-06,insufficient_egarch_obs
Equal premium,Gross before costs,812,ewma_residual_fallback_insufficient_egarch_obs,60,ok,60,-1.0,1.9399978834806924,-0.6134995566806961,-0.8249117131638305,-1.001106283965468,0.8222842780681702,0.9727099281582339,-1.677638907774963e-10,insufficient_egarch_obs
Equal premium,Gross before costs,813,ewma_residual_fallback_insufficient_egarch_obs,60,ok,60,-0.9093954290098566,1.4161797835620729,-0.7349295699803841,-0.9612981439025245,-0.9999958294300599,0.6730796352607686,0.7541917868315348,6.105912011802528e-06,insufficient_egarch_obs
Equal premium,Gross before costs,814,ewma_residual_fallback_insufficient_egarch_obs,60,ok,60,-0.8535567099469183,1.4954153410516184,-0.37205177189990984,-0.5317251179098142,-0.9999842877290809,0.6748055273887261,0.7446427074277379,6.735151772937054e-05,insufficient_egarch_obs
Equal premium,Gross before costs,815,ewma_residual_fallback_insufficient_egarch_obs,60,ok,60,-0.8288547267367514,1.0698776312998337,-0.9270463121146963,-1.1099102853054867,-0.9996888020177104,0.5120241191784787,0.6222149471938957,0.00014683329541682538,insufficient_egarch_obs
Equal premium,Gross before costs,816,ewma_residual_fallback_insufficient_egarch_obs,60,ok,60,-0.7231111434348749,1.3678190213242023,-0.16430752184390046,-0.24914918624346702,-0.999547149111913,0.5039658647284385,0.6958055492649065,0.0016275239539342396,insufficient_egarch_obs
Equal premium,Gross before costs,817,ewma_residual_fallback_insufficient_egarch_obs,60,ok,60,-0.7943927655315154,1.1643632484650475,-0.6641239193042381,-0.8539578244218691,-0.9996982728699055,0.5385203707597809,0.5523637666826726,0.0003674446751023861,insufficient_egarch_obs
Equal premium,Gross before costs,818,ewma_residual_fallback_insufficient_egarch_obs,60,ok,60,-0.8058064512423965,1.5595614110401106,-0.2185533283353086,-0.33358039124081323,-0.9998906747078854,0.6216907141227582,0.6632108816540427,0.00027616840472243723,insufficient_egarch_obs
Equal premium,Gross before costs,819,ewma_residual_fallback_insufficient_egarch_obs,60,ok,60,-0.920882765230363,1.186329571379213,-1.2749932393591232,-1.458944260459919,-0.9999916649152025,0.6025132423644821,0.6475028108300124,3.0999557817443785e-06,insufficient_egarch_obs
Equal premium,Gross before costs,820,ewma_residual_fallback_insufficient_egarch_obs,60,ok,60,-0.8417920771937244,1.436965557715547,-0.4395280506812985,-0.6315899860965001,-0.9999463545150786,0.5435368484911146,0.7082108215497099,9.911540102588977e-05,insufficient_egarch_obs
Equal premium,Gross before costs,821,ewma_residual_fallback_insufficient_egarch_obs,60,ok,60,-0.8826354614926334,1.1161098241901433,-1.2244085319408204,-1.5064130399568545,-0.9999848730823273,0.48727219297586016,0.5576778907442366,2.226816737857652e-05,insufficient_egarch_obs
Equal premium,Gross before costs,822,ewma_residual_fallback_insufficient_egarch_obs,60,ok,60,-1.0,2.0057421431081197,-0.1250587778887301,-0.19367099065970422,-1.0002064765556722,0.7799004653359667,1.0105697391845168,-4.296497982358774e-07,insufficient_egarch_obs
Equal premium,Gross before costs,823,ewma_residual_fallback_insufficient_egarch_obs,60,ok,60,-0.8298783051023269,1.2674135242779474,-0.3621032281595445,-0.5085363638560164,-0.9999098309817761,0.5894069809125276,0.7784775357806847,0.00014249463209645445,insufficient_egarch_obs
Equal premium,Gross before costs,824,ewma_residual_fallback_insufficient_egarch_obs,60,ok,60,-0.8977480265960202,1.3829613779973329,-0.7611908566028822,-0.9678205170655225,-0.9999859264514629,0.5932973926019971,0.6517420648126641,1.1177855523692855e-05,insufficient_egarch_obs
Equal premium,Gross before costs,825,ewma_residual_fallback_insufficient_egarch_obs,60,ok,60,-0.5309509673888879,1.4630640227663676,0.16809309368668768,0.28865063086616677,-0.9967972230374166,0.527767237772867,0.5602243180285166,0.022703416839082998,insufficient_egarch_obs
Equal premium,Gross before costs,826,ewma_residual_fallback_insufficient_egarch_obs,60,ok,60,-0.8550783908873988,1.2727206428626572,-0.7105876388735901,-0.926053388319594,-0.9998683923822863,0.5911061805413254,0.6943972554600896,6.392426416191628e-05,insufficient_egarch_obs
Equal premium,Gross before costs,827,ewma_residual_fallback_insufficient_egarch_obs,60,ok,60,-1.0,1.558295024604632,-0.40584720468470425,-0.5545961019093184,-1.0508185014795324,0.5996799285211382,0.8904916859895898,-2.2275155983920436e-06,insufficient_egarch_obs
Equal premium,Gross before costs,828,ewma_residual_fallback_insufficient_egarch_obs,60,ok,60,-0.9413857669778056,1.7443393826538738,-0.5300355833910413,-0.7368016725605797,-0.9999987374349651,0.717806552109335,0.77410631683957,6.918555556361336e-07,insufficient_egarch_obs
Equal premium,Gross before costs,829,ewma_residual_fallback_insufficient_egarch_obs,60,ok,60,-0.7889207483530289,1.253560201988596,-0.5334865471919179,-0.7444816963907266,-0.9998700100030562,0.4978282215852122,0.6044552595741265,0.00041901322343981394,insufficient_egarch_obs
Equal premium,Gross before costs,830,ewma_residual_fallback_insufficient_egarch_obs,60,ok,60,-1.0,1.655425961984572,-0.04790603503803121,-0.0730738707976023,-1.1537747716181372,0.6058629562086073,0.9028310844182202,-0.0013872209099152404,insufficient_egarch_obs
Equal premium,Gross before costs,831,ewma_residual_fallback_insufficient_egarch_obs,60,ok,60,-1.0,1.6787564789995728,-0.32178713126086594,-0.4633819593816268,-1.0242710855543904,0.6075755114416375,0.834472936247173,-4.341472235024771e-06,insufficient_egarch_obs
Equal premium,Gross before costs,832,ewma_residual_fallback_insufficient_egarch_obs,60,ok,60,-0.8690486088089588,1.6778054301790848,-0.15475348777305203,-0.24311009698543518,-0.999910399988978,0.514019759604891,0.7922689905958026,3.850796629756243e-05,insufficient_egarch_obs
Equal premium,Gross before costs,833,ewma_residual_fallback_insufficient_egarch_obs,60,ok,60,-0.9081527624569383,1.5066690798635047,-0.6580708444502681,-0.8844554939827008,-0.9999824254174878,0.6326143769394266,0.6402036732203357,6.5362776736816195e-06,insufficient_egarch_obs
Equal premium,Gross before costs,834,ewma_residual_fallback_insufficient_egarch_obs,60,ok,60,-0.8350018631087189,1.4390728881855386,-0.31835632179960954,-0.4691290224420212,-0.9998932799260417,0.5100083876912763,0.7103124391873692,0.0001222911985942282,insufficient_egarch_obs
Equal premium,Gross before costs,835,ewma_residual_fallback_insufficient_egarch_obs,60,ok,60,-0.8800838174349906,1.5817187323690929,-0.32818334780866254,-0.4748728385572846,-0.9999567596895811,0.5330168411390106,0.7871628396247793,2.4796419396952928e-05,insufficient_egarch_obs
Equal premium,Gross before costs,836,ewma_residual_fallback_insufficient_egarch_obs,60,ok,60,-0.8325575203776472,1.1894593958405075,-0.7503821904454566,-0.96935588989451,-0.9997640790962888,0.49537872074718176,0.6657449386653007,0.00013162192367555505,insufficient_egarch_obs
Equal premium,Gross before costs,837,ewma_residual_fallback_insufficient_egarch_obs,60,ok,60,-0.8670713236523447,1.3356271515167937,-0.7112596247159623,-0.9652394560773218,-0.9999909642394382,0.6127019959690115,0.6820973384618516,4.1504329397805345e-05,insufficient_egarch_obs
Equal premium,Gross before costs,838,ewma_residual_fallback_insufficient_egarch_obs,60,ok,60,-0.9525168287484179,1.4041084662975194,-1.0380588116154663,-1.2545854351747854,-0.9999999024358392,0.640570852307757,0.8088343276770616,2.413784988988668e-07,insufficient_egarch_obs
Equal premium,Gross before costs,839,ewma_residual_fallback_insufficient_egarch_obs,60,ok,60,-0.8433358459961677,1.258211148712512,-0.6885091672957616,-0.9067273221882811,-0.9999356472930796,0.5288344625965697,0.6702834338073532,9.437309304538449e-05,insufficient_egarch_obs
Equal premium,Gross before costs,840,ewma_residual_fallback_insufficient_egarch_obs,60,ok,60,-0.82212417673111,1.1885913024705432,-0.6767910081140556,-0.8609868368190973,-0.9999272704480288,0.543166775390076,0.6873263136814939,0.0001780674812922422,insufficient_egarch_obs
Equal premium,Gross before costs,841,ewma_residual_fallback_insufficient_egarch_obs,60,ok,60,-0.769572001467531,1.4140927512149217,-0.3409944941106102,-0.5312415316328138,-0.9998209052277575,0.5011761036358474,0.5445718817594787,0.0006496452062239517,insufficient_egarch_obs
Equal premium,Gross before costs,842,ewma_residual_fallback_insufficient_egarch_obs,60,ok,60,-0.74910443335263,1.7824294318554903,0.23850527614480174,0.3940243556203799,-0.999856408843134,0.6645163362902909,0.8337166545152535,0.0009941798045016536,insufficient_egarch_obs
Equal premium,Gross before costs,843,ewma_residual_fallback_insufficient_egarch_obs,60,ok,60,-0.847902984000436,1.3372345675965998,-0.6455582994259201,-0.898483247805166,-0.9999914609820966,0.5608715918610679,0.6202384979113552,8.139607596624704e-05,insufficient_egarch_obs
Equal premium,Gross before costs,844,ewma_residual_fallback_insufficient_egarch_obs,60,ok,60,-1.0,2.33781372418481,0.5316088006868249,0.9341890110749954,-1.0370257813516224,0.7148841215060132,0.9091278587604429,-0.0017022519203395232,insufficient_egarch_obs
Equal premium,Gross before costs,845,ewma_residual_fallback_insufficient_egarch_obs,60,ok,60,-0.9541831426059718,1.4038354686243506,-1.2333023481686534,-1.4885957619270422,-0.9999994839551632,0.6101599071289022,0.6629767965059803,2.0189542913344913e-07,insufficient_egarch_obs
Equal premium,Gross before costs,846,ewma_residual_fallback_insufficient_egarch_obs,60,ok,60,-0.7253676627040768,1.1532847771608061,-0.48819964497865986,-0.679581899070418,-0.9985532879594559,0.44513206921272214,0.5492334333046146,0.001562278173134728,insufficient_egarch_obs
Equal premium,Gross before costs,847,ewma_residual_fallback_insufficient_egarch_obs,60,ok,60,-0.790519147904629,1.1882784113421503,-0.5975035401910196,-0.7909538827664411,-0.9998068936141925,0.5098669970412607,0.6014723536042359,0.0004033867779326656,insufficient_egarch_obs
Equal premium,Gross before costs,848,ewma_residual_fallback_insufficient_egarch_obs,60,ok,60,-0.9119591203873962,1.5251552321935111,-0.6437421775827075,-0.8922725431340642,-0.9999972126642773,0.6352588644175813,0.7285345830133084,5.289588218611385e-06,insufficient_egarch_obs
Equal premium,Gross before costs,849,ewma_residual_fallback_insufficient_egarch_obs,60,ok,60,-0.8932022741787452,1.5569122860620386,-0.46271925188605156,-0.6413317613752226,-0.9999992026313023,0.6027417389268828,0.7561321518982204,1.3893447491605868e-05,insufficient_egarch_obs
Equal premium,Gross before costs,850,ewma_residual_fallback_insufficient_egarch_obs,60,ok,60,-0.7852941194932606,1.4582127512926173,-0.31653325415937855,-0.47857679425854005,-0.9994746773024158,0.5144309789317728,0.5486637171884267,0.00045626766988477607,insufficient_egarch_obs
Equal premium,Gross before costs,851,ewma_residual_fallback_insufficient_egarch_obs,60,ok,60,-0.7998353180708193,1.3392576688910178,-0.43889123316260586,-0.6118893124810698,-0.9996927998934432,0.565813253292165,0.6187612280487667,0.00032131962683167243,insufficient_egarch_obs
Equal premium,Gross before costs,852,ewma_residual_fallback_insufficient_egarch_obs,60,ok,60,-0.5988307578766001,1.6114698964219532,0.20967520548103993,0.3624148266046365,-0.9953339160185404,0.5468458747114475,0.6265841016540806,0.010390540514511304,insufficient_egarch_obs
Equal premium,Gross before costs,853,ewma_residual_fallback_insufficient_egarch_obs,60,ok,60,-0.9320779199604793,1.6730938040066112,-0.5595584550636441,-0.7771155311635757,-0.9999959505836947,0.7253332624781648,0.7471584678167765,1.4456224570495531e-06,insufficient_egarch_obs
Equal premium,Gross before costs,854,ewma_residual_fallback_insufficient_egarch_obs,60,ok,60,-1.0,1.7487122508953312,-0.11375717725356682,-0.16437572266273767,-1.0000078487266861,0.6794702536383964,0.9353214436293671,-9.54398971097907e-07,insufficient_egarch_obs
Equal premium,Gross before costs,855,ewma_residual_fallback_insufficient_egarch_obs,60,ok,60,-0.9592768592728363,1.6603517257609175,-0.9024747123629988,-1.21670394605775,-0.9999998209259627,0.6563967032733968,0.7317694863401206,1.1199698343662615e-07,insufficient_egarch_obs
Equal premium,Gross before costs,856,ewma_residual_fallback_insufficient_egarch_obs,60,ok,60,-0.8269424477361703,1.4695069962975624,-0.32946727762647987,-0.48710228443283193,-0.9997769092345777,0.5842897842706379,0.7422028257951987,0.00015522182442430767,insufficient_egarch_obs
Equal premium,Gross before costs,857,ewma_residual_fallback_insufficient_egarch_obs,60,ok,60,-0.678310005517824,1.0506428961507213,-0.4754189679706745,-0.6536951432730703,-0.9988720744341356,0.38746876837328276,0.5841529301823273,0.0034449884191131296,insufficient_egarch_obs
Equal premium,Gross before costs,858,ewma_residual_fallback_insufficient_egarch_obs,60,ok,60,-1.0,1.7184669712019682,-0.07026150895329099,-0.10930889791738915,-1.022408186456408,0.6225416943540025,0.8495260403930548,-0.00010493600562365675,insufficient_egarch_obs
Equal premium,Gross before costs,859,ewma_residual_fallback_insufficient_egarch_obs,60,ok,60,-0.7876046096369733,1.6345856730761255,-0.0009547227327912642,-0.0014747268889874123,-0.9998576927211246,0.5357720238175289,0.7568533627730915,0.00043224047808693606,insufficient_egarch_obs
Equal premium,Gross before costs,860,ewma_residual_fallback_insufficient_egarch_obs,60,ok,60,-0.9456336181618527,1.7964374290320824,-0.33013368333874826,-0.48222088901405336,-0.9999998950676972,0.7225950584726195,0.9073745291027656,4.7495466228212536e-07,insufficient_egarch_obs
Equal premium,Gross before costs,861,ewma_residual_fallback_insufficient_egarch_obs,60,ok,60,-0.7483433588540331,1.1784793827488935,-0.5235992298751195,-0.7107654406256337,-0.9994053439012563,0.48390737220427316,0.4969696102659553,0.0010093504452826736,insufficient_egarch_obs
Equal premium,Gross before costs,862,ewma_residual_fallback_insufficient_egarch_obs,60,ok,60,-1.0,1.6952454826518053,-0.1652329047421698,-0.2258983043115087,-1.0000166277194866,0.8586669768469951,0.9610681981307865,-8.599445046557444e-07,insufficient_egarch_obs
Equal premium,Gross before costs,863,ewma_residual_fallback_insufficient_egarch_obs,60,ok,60,-0.8115705886085962,1.3502110794840327,-0.452781468007852,-0.6380755294650473,-0.9998014429902906,0.5371564414124018,0.6925871683604127,0.00023754366754963945,insufficient_egarch_obs
Equal premium,Gross before costs,864,ewma_residual_fallback_insufficient_egarch_obs,60,ok,60,-0.8378030775963335,1.2159815133040996,-0.7532647866068373,-0.9749784196720729,-0.9999626542700392,0.49983801267125744,0.606194612621395,0.00011225690061476269,insufficient_egarch_obs
Equal premium,Gross before costs,865,ewma_residual_fallback_insufficient_egarch_obs,60,ok,60,-0.8908195711762683,1.537324460783893,-0.5396430753834675,-0.7546188931278596,-0.9999782993923934,0.5826992094307529,0.6780628671825694,1.551400684318094e-05,insufficient_egarch_obs
Equal premium,Gross before costs,866,ewma_residual_fallback_insufficient_egarch_obs,60,ok,60,-1.0,1.5670264366390303,-0.5204800941681634,-0.7132503283897277,-1.0043672097239233,0.6427706542165582,0.8445850924179665,-1.5902262556009596e-06,insufficient_egarch_obs
Equal premium,Gross before costs,867,ewma_residual_fallback_insufficient_egarch_obs,60,ok,60,-0.7241984960614485,1.9011868251519692,0.5133262689353565,0.8635989029157284,-0.9991170086654121,0.5888510118314787,0.8516848487811121,0.0015958172314169113,insufficient_egarch_obs
Equal premium,Gross before costs,868,ewma_residual_fallback_insufficient_egarch_obs,60,ok,60,-0.9619327410187006,1.557142761723354,-1.00019451712358,-1.2264820653159088,-0.9999999516000917,0.6713048445954727,0.7479466449068504,7.993887530891127e-08,insufficient_egarch_obs
Equal premium,Gross before costs,869,ewma_residual_fallback_insufficient_egarch_obs,60,ok,60,-0.6268002840696579,1.2835298425396922,-0.09262209255863794,-0.14527233482294225,-0.9972242182084715,0.42674114093796156,0.5979190931760688,0.007239465828431781,insufficient_egarch_obs
Equal premium,Gross before costs,870,ewma_residual_fallback_insufficient_egarch_obs,60,ok,60,-0.8223094867495275,1.327920870315342,-0.45442985553239423,-0.6287295419979582,-0.9999571929605972,0.5477932905459716,0.741168908734946,0.00017714186347600062,insufficient_egarch_obs
Equal premium,Gross before costs,871,ewma_residual_fallback_insufficient_egarch_obs,60,ok,60,-0.788987893459485,1.3845360698834484,-0.3757655906831134,-0.5533790178598453,-0.9996926733454309,0.5317663127490115,0.6499383851846691,0.00041834719886695357,insufficient_egarch_obs
Equal premium,Gross before costs,872,ewma_residual_fallback_insufficient_egarch_obs,60,ok,60,-0.8883248648404366,1.281620439300061,-0.8729419022999588,-1.0955322849191103,-0.9999742242871903,0.5263658072111739,0.6831583772908552,1.7369304700802962e-05,insufficient_egarch_obs
Equal premium,Gross before costs,873,ewma_residual_fallback_insufficient_egarch_obs,60,ok,60,-0.8697299586991856,1.0444030032357632,-1.1728566249796302,-1.3198081141982085,-0.9999754639515165,0.4875006993786828,0.6046587193912888,3.7516537914071966e-05,insufficient_egarch_obs
Equal premium,Gross before costs,874,ewma_residual_fallback_insufficient_egarch_obs,60,ok,60,-0.8941391782872339,1.3914990056729382,-0.7652075092242832,-1.003675139017514,-0.9999912219125654,0.5879664244832449,0.6447917405574987,1.3294631489698588e-05,insufficient_egarch_obs
Equal premium,Gross before costs,875,ewma_residual_fallback_insufficient_egarch_obs,60,ok,60,-0.8449886719855164,1.9074416591121608,0.025366408172401895,0.042089013403404485,-0.9999830119355786,0.645510674220262,0.7729536769534452,8.949879433918289e-05,insufficient_egarch_obs
Equal premium,Gross before costs,876,ewma_residual_fallback_insufficient_egarch_obs,60,ok,60,-1.0,2.766135421366947,0.24264217414895575,0.4060058539206668,-2.3374504046632034,0.9671606658299247,1.2374598038762352,-1.1318889850683554e-07,insufficient_egarch_obs
Equal premium,Gross before costs,877,ewma_residual_fallback_insufficient_egarch_obs,60,ok,60,-0.7803593566677334,1.6094362129582944,0.010278628331556508,0.015606657050059307,-0.9999784419508041,0.6424443884288683,0.7854798325247784,0.0005111678553104762,insufficient_egarch_obs
Equal premium,Gross before costs,878,ewma_residual_fallback_insufficient_egarch_obs,60,ok,60,-0.7998924063294259,1.6269261719871073,-0.11421800311708866,-0.18650074383786192,-0.9997762847150965,0.5083365740295243,0.6676048354604541,0.0003208616759747492,insufficient_egarch_obs
Equal premium,Gross before costs,879,ewma_residual_fallback_insufficient_egarch_obs,60,ok,60,-0.7336772542438081,1.2932490114379,-0.34575680094644234,-0.5175773401374381,-0.9994997218689744,0.46087914436152,0.5969533447264144,0.001339804087724092,insufficient_egarch_obs
Equal premium,Gross before costs,880,ewma_residual_fallback_insufficient_egarch_obs,60,ok,60,-0.6549463160492192,1.2699474460773048,-0.20295692942238683,-0.31526487393908503,-0.991199220494536,0.4823352431907519,0.5326323047306891,0.004891401838649432,insufficient_egarch_obs
Equal premium,Gross before costs,881,ewma_residual_fallback_insufficient_egarch_obs,60,ok,60,-0.702346345607309,1.6114547053784092,0.12502127228185658,0.20184030885370358,-0.9987564042924684,0.647702623554599,0.7501862245489436,0.0023364478637949177,insufficient_egarch_obs
Equal premium,Gross before costs,882,ewma_residual_fallback_insufficient_egarch_obs,60,ok,60,-0.800974774805891,1.3811514245449286,-0.23966773520263568,-0.3302377516217301,-0.9997473849407654,0.5559430352675674,0.7231111479248357,0.00031227744684164937,insufficient_egarch_obs
Equal premium,Gross before costs,883,ewma_residual_fallback_insufficient_egarch_obs,60,ok,60,-0.7552512108574195,1.3523920859527176,-0.3656347944468781,-0.5577410936066106,-0.9996651802876139,0.47631307905523207,0.5015270158007586,0.000878218859811432,insufficient_egarch_obs
Equal premium,Gross before costs,884,ewma_residual_fallback_insufficient_egarch_obs,60,ok,60,-0.8770642055082052,1.1473735423902256,-1.07785239605493,-1.3008618907249487,-0.9999618956758247,0.5288068605000787,0.577615840708554,2.8079654598803202e-05,insufficient_egarch_obs
Equal premium,Gross before costs,885,ewma_residual_fallback_insufficient_egarch_obs,60,ok,60,-0.6467582989029892,1.599287386103706,0.18189094923006702,0.3067700240863794,-0.9995904884230469,0.5310380269305917,0.6825252845368892,0.0054999638830811395,insufficient_egarch_obs
Equal premium,Gross before costs,886,ewma_residual_fallback_insufficient_egarch_obs,60,ok,60,-0.7770866635667047,1.1431998326591946,-0.701774642299571,-0.9759026288411585,-0.9998296281985163,0.4466810626822411,0.5335846935689322,0.0005504023264156236,insufficient_egarch_obs
Equal premium,Gross before costs,887,ewma_residual_fallback_insufficient_egarch_obs,60,ok,60,-0.7524208440256793,1.3042432381538023,-0.37777619865168427,-0.5628298243505564,-0.9995490712568061,0.5748133981094734,0.6141360509206032,0.0009301872668014301,insufficient_egarch_obs
Equal premium,Gross before costs,888,ewma_residual_fallback_insufficient_egarch_obs,60,ok,60,-0.6295995231680359,1.1909644331322986,-0.20720739811994454,-0.3139998205681504,-0.9955419315227202,0.4798004586151549,0.5853244418510509,0.006972004929109711,insufficient_egarch_obs
Equal premium,Gross before costs,889,ewma_residual_fallback_insufficient_egarch_obs,60,ok,60,-0.5887456863459184,1.0914124053097694,-0.25418005902536417,-0.37108565776997826,-0.9785081147916337,0.4390288514296954,0.49887426766085813,0.011763927288645216,insufficient_egarch_obs
Equal premium,Gross before costs,890,ewma_residual_fallback_insufficient_egarch_obs,60,ok,60,-0.6516381468146129,1.1706299194065786,-0.24948348217241342,-0.3553350968887358,-0.9985173211688313,0.4879480471216234,0.5885507295019979,0.0051304204856347764,insufficient_egarch_obs
Equal premium,Gross before costs,891,ewma_residual_fallback_insufficient_egarch_obs,60,ok,60,-1.0,1.6520620248938975,-0.06975215857056345,-0.10661137206962061,-1.0000341642268633,0.616471361786563,0.8465219118381285,-3.9240140853508636e-05,insufficient_egarch_obs
Equal premium,Gross before costs,892,ewma_residual_fallback_insufficient_egarch_obs,60,ok,60,-0.9349830963566447,1.28086329065011,-1.169513015215111,-1.377914356043369,-0.9999996132234307,0.6329301033418852,0.7435004876446881,1.1618001128948958e-06,insufficient_egarch_obs
Equal premium,Gross before costs,893,ewma_residual_fallback_insufficient_egarch_obs,60,ok,60,-0.9809515693359487,1.5894262767769625,-0.88697407150862,-1.0930650808366398,-0.9999999977521854,0.8154056311255485,0.9332875730395531,2.5078179452767953e-09,insufficient_egarch_obs
Equal premium,Gross before costs,894,ewma_residual_fallback_insufficient_egarch_obs,60,ok,60,-1.0,1.5591765248975546,-0.4692837396747156,-0.6539499817640864,-1.0001146619060386,0.7212268248014271,0.8529403902047319,-4.4525599544279477e-07,insufficient_egarch_obs
Equal premium,Gross before costs,895,ewma_residual_fallback_insufficient_egarch_obs,60,ok,60,-0.836392617936208,1.2762799145246162,-0.716837895207921,-0.9871850498599227,-0.9999551064944037,0.5130781457148622,0.5348792471153975,0.00011722344408617323,insufficient_egarch_obs
Equal premium,Gross before costs,896,ewma_residual_fallback_insufficient_egarch_obs,60,ok,60,-0.9463163853749059,1.2751928439963722,-1.3871118990251277,-1.6113397184463518,-0.9999996954534968,0.555298964735288,0.63385536607489,4.458705114050502e-07,insufficient_egarch_obs
Equal premium,Gross before costs,897,ewma_residual_fallback_insufficient_egarch_obs,60,ok,60,-0.9558297389150664,1.6563218482212578,-0.5813303921290425,-0.7427526514684979,-1.0422887347817908,0.7033223131258819,1.0282311999241327,1.6813178801665903e-07,insufficient_egarch_obs
Equal premium,Gross before costs,898,ewma_residual_fallback_insufficient_egarch_obs,60,ok,60,-1.0,2.368614720430436,-0.06432571035482892,-0.10169819484623834,-1.000000062163107,0.7653099755147389,1.0795000901182952,-1.0039439015903837e-08,insufficient_egarch_obs
Equal premium,Gross before costs,899,ewma_residual_fallback_insufficient_egarch_obs,60,ok,60,-0.7462191788422561,1.484951481262342,-0.19148846039627113,-0.306718785136098,-0.9989367775350815,0.5219641841433019,0.6039915186695145,0.0010526742303766834,insufficient_egarch_obs
Equal premium,Gross before costs,900,ewma_residual_fallback_insufficient_egarch_obs,60,ok,60,-0.8091170427028327,1.2285526025392017,-0.645086833535852,-0.8735264754350487,-0.9999006943062207,0.4962836622947592,0.5961348485375877,0.00025341701667013075,insufficient_egarch_obs
Equal premium,Gross before costs,901,ewma_residual_fallback_insufficient_egarch_obs,60,ok,60,-0.9221254458719385,1.105327366798571,-1.5137606106835961,-1.7092080921717974,-0.9999951212127549,0.5145781819766234,0.5936689756326529,2.8640319968292034e-06,insufficient_egarch_obs
Equal premium,Gross before costs,902,ewma_residual_fallback_insufficient_egarch_obs,60,ok,60,-0.8345108949719056,1.4633141444064475,-0.41286353632640543,-0.5901361193656656,-0.999686075865288,0.5725702794082456,0.6464812444368477,0.00012412150601844496,insufficient_egarch_obs
Equal premium,Gross before costs,903,ewma_residual_fallback_insufficient_egarch_obs,60,ok,60,-0.8886866558271128,1.2351470468531247,-0.9872000707297046,-1.2119408645263081,-0.999975242384882,0.5532040698263057,0.577824024503694,1.7089767408100254e-05,insufficient_egarch_obs
Equal premium,Gross before costs,904,ewma_residual_fallback_insufficient_egarch_obs,60,ok,60,-1.0,2.099664550507256,-0.19398053223676917,-0.28185861584520866,-1.168831731661526,0.7488640265813601,1.1405302667684978,-9.356820665010637e-07,insufficient_egarch_obs
Equal premium,Gross before costs,905,ewma_residual_fallback_insufficient_egarch_obs,60,ok,60,-0.7868758761072235,1.4166628623335047,-0.33186961070444465,-0.48209034219311897,-0.9995729148219681,0.5117709437365554,0.5703650278462113,0.00043970667169708553,insufficient_egarch_obs
Equal premium,Gross before costs,906,ewma_residual_fallback_insufficient_egarch_obs,60,ok,60,-0.8870911362499881,1.9472172441859708,0.16346797672086807,0.2685499931080208,-0.9999971170429792,0.6926836345668291,0.8628804482505581,1.8350173915522627e-05,insufficient_egarch_obs
Equal premium,Gross before costs,907,ewma_residual_fallback_insufficient_egarch_obs,60,ok,60,-1.0,1.547384738127836,-0.3434813354991351,-0.5011262081665184,-1.0130825097848541,0.49734119976555496,0.9341067756236874,-1.6528523415818166e-05,insufficient_egarch_obs
Equal premium,Gross before costs,908,ewma_residual_fallback_insufficient_egarch_obs,60,ok,60,-1.0,2.1560093185196725,0.3310065711075561,0.6128539080422785,-1.0019317138410244,0.6035266697999357,0.797213007993733,-0.00011518579383080953,insufficient_egarch_obs
Equal premium,Gross before costs,909,ewma_residual_fallback_insufficient_egarch_obs,60,ok,60,-1.0,1.8285028276560287,-0.43563230923906077,-0.6145890733394622,-1.0052513695678937,0.7054748309945584,0.9015444228164151,-1.1705725376662639e-07,insufficient_egarch_obs
Equal premium,Gross before costs,910,ewma_residual_fallback_insufficient_egarch_obs,60,ok,60,-0.47890370386955095,1.2357535912032291,0.08762368908476784,0.1383657590640914,-0.9950464173011846,0.4863951935239611,0.5074309466572506,0.03842288150158287,insufficient_egarch_obs
Equal premium,Gross before costs,911,ewma_residual_fallback_insufficient_egarch_obs,60,ok,60,-0.8438833529568655,1.7189232194239425,-0.059243121836910446,-0.09168773876722418,-0.9999275922411949,0.6077997426525246,0.7377222630369821,9.273551246965687e-05,insufficient_egarch_obs
Equal premium,Gross before costs,912,ewma_residual_fallback_insufficient_egarch_obs,60,ok,60,-0.8863628258757728,1.7135699792935362,-0.34241141716413226,-0.5068386358765015,-0.9999767481248367,0.5837954152938009,0.6323383802484019,1.894969074525224e-05,insufficient_egarch_obs
Equal premium,Gross before costs,913,ewma_residual_fallback_insufficient_egarch_obs,60,ok,60,-0.9917579170248322,1.7584715936133615,-0.8303946397827273,-1.0486409255002265,-0.9999999999520526,0.8025719343217789,0.9598113837950334,3.8035108407055656e-11,insufficient_egarch_obs
Equal premium,Gross before costs,914,ewma_residual_fallback_insufficient_egarch_obs,60,ok,60,-0.9599242120589889,1.6274968806761574,-0.9078921077941707,-1.190580322098144,-0.9999999097059774,0.6544687254327574,0.7420344852567665,1.0337376870076468e-07,insufficient_egarch_obs
Equal premium,Gross before costs,915,ewma_residual_fallback_insufficient_egarch_obs,60,ok,60,-1.0,1.2969848800955872,-1.1211692553857817,-1.3210107736008758,-1.0006818175249388,0.6578363063809214,0.8353235354983976,-8.14229026777757e-08,insufficient_egarch_obs
Equal premium,Gross before costs,916,ewma_residual_fallback_insufficient_egarch_obs,60,ok,60,-0.36934003619969213,1.639903771919079,0.49209902508232967,0.8894989761135129,-0.9844891357850801,0.5827677803224147,0.6171015766998685,0.09976456372711848,insufficient_egarch_obs
Equal premium,Gross before costs,917,ewma_residual_fallback_insufficient_egarch_obs,60,ok,60,-0.872264664468505,1.5921816074289221,-0.31932867503325474,-0.46368535085127716,-0.9999927782213847,0.683520890438069,0.7560529060610142,3.400597769522989e-05,insufficient_egarch_obs
Equal premium,Gross before costs,918,ewma_residual_fallback_insufficient_egarch_obs,60,ok,60,-0.8986161791136039,1.2924603858874857,-0.9243358859244392,-1.1547945574436915,-0.9999893814676846,0.592770671624744,0.662566856232995,1.0711326880408642e-05,insufficient_egarch_obs
Equal premium,Gross before costs,919,ewma_residual_fallback_insufficient_egarch_obs,60,ok,60,-0.8453172943694534,1.4499316272901537,-0.46149261911101486,-0.6572025714995688,-0.9999911612635516,0.593827043375036,0.6933798763496949,8.855412570439719e-05,insufficient_egarch_obs
Equal premium,Gross before costs,920,ewma_residual_fallback_insufficient_egarch_obs,60,ok,60,-0.9084340018956907,1.1688047378740545,-1.1868841585859449,-1.3791316103519018,-0.9999949218103064,0.6369476265618047,0.6877759644665385,6.436817096257002e-06,insufficient_egarch_obs
Equal premium,Gross before costs,921,ewma_residual_fallback_insufficient_egarch_obs,60,ok,60,-0.7963943509856009,1.284336668852666,-0.4814585080332086,-0.6555354874469934,-0.999758735907296,0.568720945404694,0.6468254824783303,0.0003499041685195144,insufficient_egarch_obs
Equal premium,Gross before costs,922,ewma_residual_fallback_insufficient_egarch_obs,60,ok,60,-0.8727648263119516,1.567598942475404,-0.3453594745156747,-0.500796481380812,-0.9999568675419125,0.5726981616254173,0.7622358842444398,3.334540027229785e-05,insufficient_egarch_obs
Equal premium,Gross before costs,923,ewma_residual_fallback_insufficient_egarch_obs,60,ok,60,-0.9230528789891889,1.3249984057311477,-1.0248370713210178,-1.292245005337189,-0.9999963324794667,0.6717972652417511,0.7214538990378857,2.6975026274035056e-06,insufficient_egarch_obs
Equal premium,Gross before costs,924,ewma_residual_fallback_insufficient_egarch_obs,60,ok,60,-0.7413008019788665,1.3962778106629155,-0.2439353716120286,-0.3644728448440992,-0.9993970434156704,0.514586297015522,0.5792129756734586,0.0011587117525394001,insufficient_egarch_obs
Equal premium,Gross before costs,925,ewma_residual_fallback_insufficient_egarch_obs,60,ok,60,-0.9792259796028405,1.4942953871679534,-0.6894192902285267,-0.8937413316703123,-0.983340462000884,0.5974842274602155,0.8723853128404281,3.869035976345209e-09,insufficient_egarch_obs
Equal premium,Gross before costs,926,ewma_residual_fallback_insufficient_egarch_obs,60,ok,60,-0.7523715865202708,1.2152658815251356,-0.512216570573363,-0.7413716551636363,-0.9990361968814369,0.46625802371891467,0.5214916277774039,0.0009311129695253636,insufficient_egarch_obs
Equal premium,Gross before costs,927,ewma_residual_fallback_insufficient_egarch_obs,60,ok,60,-0.7250192437527765,1.2773895331690983,-0.39438361872768024,-0.6099977164953028,-0.9987869632981743,0.4405778374727673,0.4914696271482542,0.0015722134602436035,insufficient_egarch_obs
Equal premium,Gross before costs,928,ewma_residual_fallback_insufficient_egarch_obs,60,ok,60,-0.9641392010993819,1.1506261728030687,-1.3540635100492044,-1.512968320620279,-0.9999999703339224,0.5606880342281056,0.7573719394699631,5.930615964002373e-08,insufficient_egarch_obs
Equal premium,Gross before costs,929,ewma_residual_fallback_insufficient_egarch_obs,60,ok,60,-0.8413143793733602,1.0356378895111158,-1.0458772277107409,-1.2546618567181336,-0.9998889921765675,0.5267031568748551,0.6839311944502379,0.00010062082496558672,insufficient_egarch_obs
Equal premium,Gross before costs,930,ewma_residual_fallback_insufficient_egarch_obs,60,ok,60,-0.6668718734304165,1.2715408117507014,-0.21351984628038428,-0.32112179510771577,-0.9933360387875084,0.48584891238379296,0.5407756550721835,0.004102574839896206,insufficient_egarch_obs
Equal premium,Gross before costs,931,ewma_residual_fallback_insufficient_egarch_obs,60,ok,60,-1.0,1.7039554183142427,-0.5627245155624963,-0.7590269319926373,-1.0000040636754324,0.8222506608800988,0.9524351766828504,-1.414044346162524e-08,insufficient_egarch_obs
Equal premium,Gross before costs,932,ewma_residual_fallback_insufficient_egarch_obs,60,ok,60,-0.9122356722371971,1.5117405936817678,-0.5925337371419619,-0.8079226017844209,-0.9999978398491314,0.5952239183213441,0.7754308809889165,5.207030881196357e-06,insufficient_egarch_obs
Equal premium,Gross before costs,933,ewma_residual_fallback_insufficient_egarch_obs,60,ok,60,-0.5980908530651596,1.2759735071259644,-0.07635350470781976,-0.1214429399236964,-0.9930604906352889,0.4274890909304273,0.5680579338608437,0.010486714666809005,insufficient_egarch_obs
Equal premium,Gross before costs,934,ewma_residual_fallback_insufficient_egarch_obs,60,ok,60,-0.905822175979808,1.258261129203665,-0.9644788072091569,-1.173148447400379,-0.9999946823990423,0.5955954683325648,0.7615450326669064,7.408721322865433e-06,insufficient_egarch_obs
Equal premium,Gross before costs,935,ewma_residual_fallback_insufficient_egarch_obs,60,ok,60,-0.690999317775691,1.6149917250816497,0.10818651062712135,0.1765699588804391,-0.9995652930926128,0.6382162201663264,0.7159120895863329,0.0028170670985898367,insufficient_egarch_obs
Equal premium,Gross before costs,936,ewma_residual_fallback_insufficient_egarch_obs,60,ok,60,-0.7739801373114912,1.7388365786751265,0.0381534618148716,0.06038565779566622,-0.9998002169604568,0.6156496333190737,0.6264626952255982,0.000589838387636342,insufficient_egarch_obs
Equal premium,Gross before costs,937,ewma_residual_fallback_insufficient_egarch_obs,60,ok,60,-0.9280195773025339,1.2412626019433008,-1.2454422784697219,-1.507539854929869,-0.9999984647923429,0.5587157878781112,0.7330555793459693,1.932288474062166e-06,insufficient_egarch_obs
Equal premium,Gross before costs,938,ewma_residual_fallback_insufficient_egarch_obs,60,ok,60,-0.9020651410476914,1.4724533738094414,-0.6798923897542304,-0.947086409300932,-0.9999769724644578,0.5970812123122126,0.7345732996183907,9.009205865386998e-06,insufficient_egarch_obs
Equal premium,Gross before costs,939,ewma_residual_fallback_insufficient_egarch_obs,60,ok,60,-0.3427109640732735,1.2241356465982418,0.22529679380311335,0.38851793834777487,-0.9629416587558308,0.42191018062617863,0.4870097727940235,0.12268230862927798,insufficient_egarch_obs
Equal premium,Gross before costs,940,ewma_residual_fallback_insufficient_egarch_obs,60,ok,60,-0.701243383271329,1.2729815648610563,-0.2992083972448201,-0.44777468778934953,-0.9987242752629527,0.5084194703462562,0.5319408691292816,0.0023800586715767747,insufficient_egarch_obs
Equal premium,Gross before costs,941,ewma_residual_fallback_insufficient_egarch_obs,60,ok,60,-0.793985459296826,1.3580290768663494,-0.3735034293696945,-0.5387239019667576,-0.9998281113073826,0.5558464971509053,0.7032727421978923,0.00037109864777650186,insufficient_egarch_obs
Equal premium,Gross before costs,942,ewma_residual_fallback_insufficient_egarch_obs,60,ok,60,-0.9038070239182175,1.707889902157883,-0.3422441265898349,-0.49760517278143934,-0.9999933944495094,0.6628744258488518,0.7756727277665366,8.23600889818969e-06,insufficient_egarch_obs
Equal premium,Gross before costs,943,ewma_residual_fallback_insufficient_egarch_obs,60,ok,60,-0.7614940548602667,1.2565218295817053,-0.47088005020066875,-0.6829824149488937,-0.9997691568786893,0.4479928273152401,0.5638480216001717,0.0007717844870466941,insufficient_egarch_obs
Equal premium,Gross before costs,944,ewma_residual_fallback_insufficient_egarch_obs,60,ok,60,-0.980631564311988,1.685114164814387,-1.0473691750413252,-1.3081927585747586,-0.9999999995328341,0.7343392027862098,0.8122992348122596,2.7256665602483417e-09,insufficient_egarch_obs
Equal premium,Gross before costs,945,ewma_residual_fallback_insufficient_egarch_obs,60,ok,60,-0.7445324629273615,1.1858539014354235,-0.4781749590735555,-0.6682320534569726,-0.9971520516067957,0.45551528120337237,0.5927480266647039,0.0010881245408682818,insufficient_egarch_obs
Equal premium,Gross before costs,946,ewma_residual_fallback_insufficient_egarch_obs,60,ok,60,-0.9485509660251544,1.727855838317799,-0.45867163729316823,-0.632636874243654,-0.999999846620066,0.6951296899878858,0.8632587314816198,3.6048410806268873e-07,insufficient_egarch_obs
Equal premium,Gross before costs,947,ewma_residual_fallback_insufficient_egarch_obs,60,ok,60,-0.8835760728715013,1.2797483932603104,-0.8406929552043682,-1.0798670282326905,-0.9999692943329228,0.5497710284380928,0.7064928770567658,2.139002157053481e-05,insufficient_egarch_obs
Equal premium,Gross before costs,948,ewma_residual_fallback_insufficient_egarch_obs,60,ok,60,-0.8663913856875554,1.4055954129937027,-0.6062872930902277,-0.8405699203842268,-0.9999784773023659,0.6312348954442534,0.6683017124750416,4.257672958312195e-05,insufficient_egarch_obs
Equal premium,Gross before costs,949,ewma_residual_fallback_insufficient_egarch_obs,60,ok,60,-1.0,1.8278327385161757,0.8854690215368997,1.592711839251318,-1.018399688432353,0.6061447291192229,0.7915552350952343,-0.08896005394128353,insufficient_egarch_obs
Equal premium,Gross before costs,950,ewma_residual_fallback_insufficient_egarch_obs,60,ok,60,-0.3937896063576303,1.176333742774727,0.13095403827978905,0.2174725125945502,-0.9935634623612002,0.3987440516239363,0.47532851486453104,0.08186851087183099,insufficient_egarch_obs
Equal premium,Gross before costs,951,ewma_residual_fallback_insufficient_egarch_obs,60,ok,60,-1.0,1.9346166377144804,-0.21328284438322642,-0.3268261931228611,-1.0025653964835537,0.6919926166231927,0.8707899004500391,-2.06964468317219e-06,insufficient_egarch_obs
Equal premium,Gross before costs,952,ewma_residual_fallback_insufficient_egarch_obs,60,ok,60,-0.9134921745570064,2.243575486423756,0.5696377566922742,1.0317422445926445,-0.9999999164479786,0.7312245723608752,0.9607038817047003,4.844812524784665e-06,insufficient_egarch_obs
Equal premium,Gross before costs,953,ewma_residual_fallback_insufficient_egarch_obs,60,ok,60,-0.9378130619138279,1.4411761980140385,-0.9081712377087858,-1.1940959666172162,-0.9999995964405349,0.5114159374094244,0.680998342785624,9.300276690571389e-07,insufficient_egarch_obs
Equal premium,Gross before costs,954,ewma_residual_fallback_insufficient_egarch_obs,60,ok,60,-0.7342354998435999,1.2677398084362377,-0.3309401069137247,-0.4864708247311058,-0.9993551007134609,0.48950975088046017,0.6743222242336863,0.0013258208518831514,insufficient_egarch_obs
Equal premium,Gross before costs,955,ewma_residual_fallback_insufficient_egarch_obs,60,ok,60,-0.842412378063528,1.309865916222787,-0.6670973680648508,-0.903349606861534,-0.9999446222824395,0.5021248146748812,0.5866309602731746,9.718752209215002e-05,insufficient_egarch_obs
Equal premium,Gross before costs,956,ewma_residual_fallback_insufficient_egarch_obs,60,ok,60,-1.0,1.2379389785983106,-0.6636595955970961,-0.8841794792851139,0.0,0.5046700537494994,0.7053907189639372,-1.3442143941653269e-05,insufficient_egarch_obs
Equal premium,Gross before costs,957,ewma_residual_fallback_insufficient_egarch_obs,60,ok,60,-0.9281863200543904,1.077946588032327,-1.592954178843893,-1.7169977526308573,-0.999997537675166,0.517916113684438,0.6440963860808272,1.9100111792020067e-06,insufficient_egarch_obs
Equal premium,Gross before costs,958,ewma_residual_fallback_insufficient_egarch_obs,60,ok,60,-0.9319007575191627,1.522141899285074,-0.5131944971469073,-0.7033457479785359,-0.9999981946796562,0.5849046464296014,0.8217268430394772,1.4645742858190746e-06,insufficient_egarch_obs
Equal premium,Gross before costs,959,ewma_residual_fallback_insufficient_egarch_obs,60,ok,60,-0.8503366424975055,1.2773652861495575,-0.698931211871196,-0.9264292561180242,-0.9998843738969,0.49581860515748544,0.6418317722561161,7.5089189929638e-05,insufficient_egarch_obs
Equal premium,Gross before costs,960,ewma_residual_fallback_insufficient_egarch_obs,60,ok,60,-0.8805729922540271,1.7883047853458964,-0.04466792841045221,-0.06818815476165051,-0.9999834057502253,0.7356996690939865,0.8563172297383295,2.429476797738991e-05,insufficient_egarch_obs
Equal premium,Gross before costs,961,ewma_residual_fallback_insufficient_egarch_obs,60,ok,60,-0.6626466166315366,1.5421985714562971,0.21448461108729663,0.34598820126754953,-0.9987422049615033,0.5658697391528983,0.7833277914199958,0.004369435678663884,insufficient_egarch_obs
Equal premium,Gross before costs,962,ewma_residual_fallback_insufficient_egarch_obs,60,ok,60,-0.7693286309387423,1.478274807154989,0.5494541060115163,0.915669889446441,-0.9998772012752339,0.5083214027930525,0.8344238204638694,0.0006530831308881087,insufficient_egarch_obs
Equal premium,Gross before costs,963,ewma_residual_fallback_insufficient_egarch_obs,60,ok,60,-0.5854875895832803,1.527040776121514,0.2230824625720669,0.36453815264609607,-0.9990513430961133,0.5983240575329383,0.6907559483420548,0.0122373586614741,insufficient_egarch_obs
Equal premium,Gross before costs,964,ewma_residual_fallback_insufficient_egarch_obs,60,ok,60,-0.9484843394290063,1.43692638651661,-1.0042141567047052,-1.226881729013285,-0.9999993621147505,0.6020710738627436,0.7893284529937367,3.62824299296372e-07,insufficient_egarch_obs
Equal premium,Gross before costs,965,ewma_residual_fallback_insufficient_egarch_obs,60,ok,60,-1.0,1.9494272758548843,-0.37904368960471957,-0.5620855946519598,-1.0000004639409699,0.7801257404001776,0.8663176469826827,-4.817954254865264e-08,insufficient_egarch_obs
Equal premium,Gross before costs,966,ewma_residual_fallback_insufficient_egarch_obs,60,ok,60,-0.8660159257552658,1.4398288541918463,-0.558891186676071,-0.8047097255574975,-0.9999824689517284,0.6104115174278352,0.69538399281297,4.317833578012564e-05,insufficient_egarch_obs
Equal premium,Gross before costs,967,ewma_residual_fallback_insufficient_egarch_obs,60,ok,60,-0.6549375388311576,1.3386078616679298,-0.09126179305123641,-0.14389004422385568,-0.9984606370841541,0.5652996854846671,0.6697943852389141,0.004892023989445232,insufficient_egarch_obs
Equal premium,Gross before costs,968,ewma_residual_fallback_insufficient_egarch_obs,60,ok,60,-0.9094096396967819,1.1525869201188823,-1.2873337246313212,-1.4902934136118218,-0.9999953214818361,0.5522529696991179,0.6067763454393479,6.10112516769519e-06,insufficient_egarch_obs
Equal premium,Gross before costs,969,ewma_residual_fallback_insufficient_egarch_obs,60,ok,60,-1.0,2.1571547443888712,0.39370219311418386,0.6887599340536358,-1.0024060570976365,0.7004124813875963,0.925117342491022,-0.00039259806929957966,insufficient_egarch_obs
Equal premium,Gross before costs,970,ewma_residual_fallback_insufficient_egarch_obs,60,ok,60,-0.7131025723316917,1.4119222614801332,-0.15120052264645473,-0.2339795473548501,-0.9996023959328578,0.46977273574351297,0.6226047035038499,0.0019437180685327588,insufficient_egarch_obs
Equal premium,Gross before costs,971,ewma_residual_fallback_insufficient_egarch_obs,60,ok,60,-1.0,1.7291477312715342,-0.6354786262811093,-0.8735100938762203,-1.006078206892625,0.6596541889168563,0.8837457882118226,-7.812634255182058e-09,insufficient_egarch_obs
Equal premium,Gross before costs,972,ewma_residual_fallback_insufficient_egarch_obs,60,ok,60,-0.8713191614525654,1.2879255583636093,-0.8385495253038174,-1.1009996598147838,-0.9999837011071725,0.4826552466299839,0.5335128215956686,3.528331740481261e-05,insufficient_egarch_obs
Equal premium,Gross before costs,973,ewma_residual_fallback_insufficient_egarch_obs,60,ok,60,-0.3072913171597592,1.2410568313675725,0.31413470782820935,0.5246788151925956,-0.9854694150296844,0.5398012771624058,0.5739982013066958,0.15949723437102994,insufficient_egarch_obs
Equal premium,Gross before costs,974,ewma_residual_fallback_insufficient_egarch_obs,60,ok,60,-0.8391286219167418,1.190369980365616,-0.8771218837898651,-1.1891910020652943,-0.9999595787628934,0.4697579412217575,0.4874701841135876,0.0001077442024624073,insufficient_egarch_obs
Equal premium,Gross before costs,975,ewma_residual_fallback_insufficient_egarch_obs,60,ok,60,-0.9950297505609953,2.099517445780044,-0.6684123494392658,-0.9010900805713752,-0.9999999999922473,0.9275971509695525,0.9601446401117203,3.0331127179355073e-12,insufficient_egarch_obs
Equal premium,Gross before costs,976,ewma_residual_fallback_insufficient_egarch_obs,60,ok,60,-0.7166830438146035,1.3772810308191565,-0.11923108177586124,-0.1736258074438311,-0.9998583027492952,0.6561720281212867,0.7044034093731489,0.0018254201346493443,insufficient_egarch_obs
Equal premium,Gross before costs,977,ewma_residual_fallback_insufficient_egarch_obs,60,ok,60,-0.8588935296896283,1.0455406672095913,-1.1960640010866534,-1.4160881464579953,-0.9999486396552277,0.45744013185963517,0.5827379847607034,5.594156887811337e-05,insufficient_egarch_obs
Equal premium,Gross before costs,978,ewma_residual_fallback_insufficient_egarch_obs,60,ok,60,-0.9425975729109525,1.4730033999507453,-1.010384742236345,-1.2992490985528222,-0.9999991878563935,0.6132638426820741,0.6581959975467369,6.232342012572355e-07,insufficient_egarch_obs
Equal premium,Gross before costs,979,ewma_residual_fallback_insufficient_egarch_obs,60,ok,60,-0.8277865925611125,1.3064517944155436,-0.5494180697508898,-0.7488721426685612,-0.9998478534747359,0.5788304674627293,0.6865080857759155,0.0001514728508113321,insufficient_egarch_obs
Equal premium,Gross before costs,980,ewma_residual_fallback_insufficient_egarch_obs,60,ok,60,-0.8310355135405031,1.5671925819168624,-0.24291144810651308,-0.3615293249732845,-0.9998133904801642,0.5825173990566407,0.7201211062016141,0.00013771370528249403,insufficient_egarch_obs
Equal premium,Gross before costs,981,ewma_residual_fallback_insufficient_egarch_obs,60,ok,60,-0.8631007239840129,1.638817922048242,-0.2858805165600603,-0.4267491305060368,-0.9999833582509967,0.6220658096823487,0.7417800122918243,4.8084572248098e-05,insufficient_egarch_obs
Equal premium,Gross before costs,982,ewma_residual_fallback_insufficient_egarch_obs,60,ok,60,-0.4938303523463601,1.1630236860258918,-0.020907034229302048,-0.03409138382908563,-0.993431585835916,0.4375890626104484,0.5350010843309035,0.0332261863253771,insufficient_egarch_obs
Equal premium,Gross before costs,983,ewma_residual_fallback_insufficient_egarch_obs,60,ok,60,-0.04023573616145559,1.6265029416139225,0.7742634108104195,1.4832202064797355,-0.9723932938195793,0.5685828181141928,0.6674789258985325,0.8143720806516843,insufficient_egarch_obs
Equal premium,Gross before costs,984,ewma_residual_fallback_insufficient_egarch_obs,60,ok,60,-0.8340226752871978,1.587391042355325,-0.27794593643634385,-0.41903655153230124,-0.9999366805696094,0.5835413135642307,0.6520214568140232,0.00012596323360774362,insufficient_egarch_obs
Equal premium,Gross before costs,985,ewma_residual_fallback_insufficient_egarch_obs,60,ok,60,-0.5258989841040124,1.3985658174314626,0.15579448594313092,0.26122004826339906,-0.9985911068021727,0.47405821568287565,0.6234367967437618,0.023952697489165228,insufficient_egarch_obs
Equal premium,Gross before costs,986,ewma_residual_fallback_insufficient_egarch_obs,60,ok,60,-0.8155569374946714,1.3029834989820954,-0.5316772898874981,-0.7451363016356007,-0.9998999196655142,0.575068865698497,0.6923409620887485,0.0002134576005724344,insufficient_egarch_obs
Equal premium,Gross before costs,987,ewma_residual_fallback_insufficient_egarch_obs,60,ok,60,0.02959386665963093,1.301259067132224,0.6396210167597463,1.175576177698402,-0.945600553107443,0.4856791089435026,0.5686012664810758,1.1569903427171433,insufficient_egarch_obs
Equal premium,Gross before costs,988,ewma_residual_fallback_insufficient_egarch_obs,60,ok,60,-0.9772544825114244,1.751178046180441,-0.6847680041004414,-0.9009767838008976,-0.9999999899066017,0.7110722854793007,0.8840076167704988,6.0880626022343205e-09,insufficient_egarch_obs
Equal premium,Gross before costs,989,ewma_residual_fallback_insufficient_egarch_obs,60,ok,60,-0.9151419364130644,1.771236318826864,-0.0891493255444734,-0.1360194838660832,-0.9999989415686763,0.7893271728355372,0.927080868746898,4.400130792522294e-06,insufficient_egarch_obs
Equal premium,Gross before costs,990,ewma_residual_fallback_insufficient_egarch_obs,60,ok,60,-0.7044367087359638,1.3394421455027778,-0.1599548567049882,-0.23525116136804433,-0.9989518490779798,0.5238673492305143,0.6797921116292875,0.0022555500589847167,insufficient_egarch_obs
Equal premium,Gross before costs,991,ewma_residual_fallback_insufficient_egarch_obs,60,ok,60,-1.0,1.5582777625425361,-0.8790179698697,-1.1053560492505605,-1.032147320453348,0.734155077301327,0.9193708699282279,-4.451796394496146e-08,insufficient_egarch_obs
Equal premium,Gross before costs,992,ewma_residual_fallback_insufficient_egarch_obs,60,ok,60,-1.0,1.8503460406211167,-0.4610513778991233,-0.6479948223854692,-1.0030942153953244,0.7068964285922764,1.0552442302067593,-5.0972378319105035e-08,insufficient_egarch_obs
Equal premium,Gross before costs,993,ewma_residual_fallback_insufficient_egarch_obs,60,ok,60,-0.4580128049040305,1.661874871626348,0.3972251475446604,0.7277748761852733,-0.9989885380525654,0.4908606368630778,0.6307956490095429,0.04676760504985679,insufficient_egarch_obs
Equal premium,Gross before costs,994,ewma_residual_fallback_insufficient_egarch_obs,60,ok,60,-0.8037135395770716,1.4064092501507885,-0.26920354867230956,-0.39754633534626194,-0.9999247145273293,0.5676607551251155,0.781345385290343,0.0002913746185038632,insufficient_egarch_obs
Equal premium,Gross before costs,995,ewma_residual_fallback_insufficient_egarch_obs,60,ok,60,-0.8820586649907882,1.399621025556357,-0.5206472521404576,-0.7267733600623422,-0.9999712319425786,0.5414175572699726,0.6898404154899661,2.2820764896419777e-05,insufficient_egarch_obs
Equal premium,Gross before costs,996,ewma_residual_fallback_insufficient_egarch_obs,60,ok,60,-0.7499699801894912,1.2508457288213841,-0.4249232036747549,-0.5991722503437464,-0.999832662271675,0.5242749353144243,0.559425049302809,0.0009771489652517043,insufficient_egarch_obs
Equal premium,Gross before costs,997,ewma_residual_fallback_insufficient_egarch_obs,60,ok,60,-0.7284741628215963,1.4805562107007835,-0.0641662403759253,-0.09720142844195893,-0.9972459778840519,0.5730244051320501,0.6962483048330287,0.0014758961743293443,insufficient_egarch_obs
Equal premium,Gross before costs,998,ewma_residual_fallback_insufficient_egarch_obs,60,ok,60,-1.0,1.5803881685945131,-0.4651918201759221,-0.6269485022747587,-1.000009021888795,0.6800819632572784,0.9103100624547444,-6.208159111396422e-07,insufficient_egarch_obs
Equal premium,Gross before costs,999,ewma_residual_fallback_insufficient_egarch_obs,60,ok,60,-0.7584395262926613,1.405540311816926,-0.2874437384307265,-0.438347251840525,-0.9998334352075827,0.5378244867867318,0.5967444933540446,0.0008224876072985535,insufficient_egarch_obs
