Strategy,Return basis,path_id,method,n_source_obs,status,n_obs,annualized_return,annualized_volatility,sharpe,sortino,max_drawdown,var_95,cvar_95,terminal_wealth,reason
Equity-option Greek Markowitz,Full-spread post-cost,0,ewma_residual_fallback_insufficient_egarch_obs,60,ok,60,0.7653357928377653,1.1332966531243331,1.0266914250163608,2.102622306833005,-0.8970492100158071,0.3304928332274903,0.3720243190082813,17.14496622493703,insufficient_egarch_obs
Equity-option Greek Markowitz,Full-spread post-cost,1,ewma_residual_fallback_insufficient_egarch_obs,60,ok,60,-0.45253617344843855,1.0072640089585847,-0.090302303507543,-0.13832355097965002,-0.9954540036467292,0.3427105741069813,0.5039266930110137,0.049178711190843244,insufficient_egarch_obs
Equity-option Greek Markowitz,Full-spread post-cost,2,ewma_residual_fallback_insufficient_egarch_obs,60,ok,60,-0.2629263729675826,0.986470966672842,0.14664369379722003,0.24837218179741272,-0.9459490193385944,0.3114346771768523,0.3548256491000063,0.2175476321707299,insufficient_egarch_obs
Equity-option Greek Markowitz,Full-spread post-cost,3,ewma_residual_fallback_insufficient_egarch_obs,60,ok,60,0.9314379154477785,1.157252174662936,1.1150541430300507,2.342174251049432,-0.8487618308744774,0.3081099106692913,0.4449722960793168,26.878421692598664,insufficient_egarch_obs
Equity-option Greek Markowitz,Full-spread post-cost,4,ewma_residual_fallback_insufficient_egarch_obs,60,ok,60,0.6966237862087827,0.9998769501856167,0.9995624510842062,1.9944288540361794,-0.6244543117207078,0.30829444490502916,0.3323918647470037,14.058136536868826,insufficient_egarch_obs
Equity-option Greek Markowitz,Full-spread post-cost,5,ewma_residual_fallback_insufficient_egarch_obs,60,ok,60,0.8101107398930829,0.8834736866502634,1.1040026267213687,2.158465689576143,-0.6531925007854529,0.2814426327087169,0.32338410365550935,19.432367980231202,insufficient_egarch_obs
Equity-option Greek Markowitz,Full-spread post-cost,6,ewma_residual_fallback_insufficient_egarch_obs,60,ok,60,-0.16778990177517028,0.8558895325770581,0.19774583664985168,0.3142003887442511,-0.9163995825631687,0.29694478709659017,0.33775167528733757,0.3991764454490217,insufficient_egarch_obs
Equity-option Greek Markowitz,Full-spread post-cost,7,ewma_residual_fallback_insufficient_egarch_obs,60,ok,60,0.8177189010589079,0.8618115857408134,1.1082163873057755,2.2541736886208903,-0.6956452461109908,0.2769973969550192,0.2986292888846348,19.844200924796613,insufficient_egarch_obs
Equity-option Greek Markowitz,Full-spread post-cost,8,ewma_residual_fallback_insufficient_egarch_obs,60,ok,60,-0.1510248906081857,0.7120431303553303,0.09698365139626249,0.16518703348444883,-0.9359781240522486,0.22858122963896288,0.26843310969201933,0.4410367589851077,insufficient_egarch_obs
Equity-option Greek Markowitz,Full-spread post-cost,9,ewma_residual_fallback_insufficient_egarch_obs,60,ok,60,0.5394628125733485,1.1142135939649798,0.9269243090931155,1.759828134016903,-0.9268717639935996,0.33611792014489633,0.46941583598730147,8.646612820767587,insufficient_egarch_obs
Equity-option Greek Markowitz,Full-spread post-cost,10,ewma_residual_fallback_insufficient_egarch_obs,60,ok,60,1.2391632238650296,1.0816401978951273,1.2850475297383908,2.5670879222612846,-0.7250013800037451,0.32708007215541907,0.4531569206020393,56.2896778549443,insufficient_egarch_obs
Equity-option Greek Markowitz,Full-spread post-cost,11,ewma_residual_fallback_insufficient_egarch_obs,60,ok,60,-0.10944385895437048,1.4263556879876214,0.6144398203625729,1.1033820286256277,-0.9313408252170625,0.46063749384546515,0.5646335105464412,0.5601528034574653,insufficient_egarch_obs
Equity-option Greek Markowitz,Full-spread post-cost,12,ewma_residual_fallback_insufficient_egarch_obs,60,ok,60,-0.5260510490300305,1.1899160734793568,-0.03600826394918545,-0.05626266330192671,-0.9961897165569915,0.4117184843145736,0.5135163592235271,0.023914308735847385,insufficient_egarch_obs
Equity-option Greek Markowitz,Full-spread post-cost,13,ewma_residual_fallback_insufficient_egarch_obs,60,ok,60,-0.37384157525884354,1.1825342213511536,0.21422783858160005,0.33271275705029835,-0.9808102664684976,0.4930733701207591,0.5549954352327181,0.09625452189714657,insufficient_egarch_obs
Equity-option Greek Markowitz,Full-spread post-cost,14,ewma_residual_fallback_insufficient_egarch_obs,60,ok,60,0.8004211158691057,0.9455674826029998,1.1182346723912595,1.974404448863176,-0.876024381987555,0.3469892215689004,0.47973935154565545,18.917793874543243,insufficient_egarch_obs
Equity-option Greek Markowitz,Full-spread post-cost,15,ewma_residual_fallback_insufficient_egarch_obs,60,ok,60,0.4448728233049126,1.0563227536294904,0.8330325650081866,1.644546291883226,-0.8959919925237997,0.3103821965056224,0.3686904522846386,6.297209071305447,insufficient_egarch_obs
Equity-option Greek Markowitz,Full-spread post-cost,16,ewma_residual_fallback_insufficient_egarch_obs,60,ok,60,-0.6878527574340008,1.080955682316552,-0.4669108496598845,-0.6308168338468685,-0.9985800070140222,0.525796988883637,0.5621526617781817,0.0029634493860948618,insufficient_egarch_obs
Equity-option Greek Markowitz,Full-spread post-cost,17,ewma_residual_fallback_insufficient_egarch_obs,60,ok,60,-0.04405671232230535,0.8668578350140218,0.35090667515028284,0.6084114059554564,-0.723604518821054,0.2850553309407128,0.3039240399267029,0.7982899106008022,insufficient_egarch_obs
Equity-option Greek Markowitz,Full-spread post-cost,18,ewma_residual_fallback_insufficient_egarch_obs,60,ok,60,0.15213491342683616,1.2303935115352957,0.685038384631372,1.2960883006774757,-0.9524331913085284,0.3523979721787817,0.5035864607632987,2.0300965202231622,insufficient_egarch_obs
Equity-option Greek Markowitz,Full-spread post-cost,19,ewma_residual_fallback_insufficient_egarch_obs,60,ok,60,0.9611762228846306,1.3211470252720732,1.1288569445026193,2.304054926671665,-0.8924705175133338,0.4029312681839471,0.43629747843560146,29.01236257431223,insufficient_egarch_obs
Equity-option Greek Markowitz,Full-spread post-cost,20,ewma_residual_fallback_insufficient_egarch_obs,60,ok,60,0.21583476023326198,1.4473533007578312,0.8192588085974302,1.551961059814149,-0.9583721524507167,0.4314655920980458,0.5203170917024059,2.656885126939051,insufficient_egarch_obs
Equity-option Greek Markowitz,Full-spread post-cost,21,ewma_residual_fallback_insufficient_egarch_obs,60,ok,60,0.5718847781463174,1.1817931862688853,0.9182395718729244,1.8953929632974866,-0.9083380338408031,0.3796131836232495,0.3910509509789542,9.596293929052353,insufficient_egarch_obs
Equity-option Greek Markowitz,Full-spread post-cost,22,ewma_residual_fallback_insufficient_egarch_obs,60,ok,60,0.04517156927871224,1.132153003902761,0.5653742943148659,1.0144545487199046,-0.8292878388731654,0.35304758717871476,0.400615671440701,1.2472052714029402,insufficient_egarch_obs
Equity-option Greek Markowitz,Full-spread post-cost,23,ewma_residual_fallback_insufficient_egarch_obs,60,ok,60,0.23318863174450244,1.214110290557641,0.7460461025029275,1.3720000121223446,-0.9938777008929686,0.4041125836415794,0.45110328538798616,2.8519871371654197,insufficient_egarch_obs
Equity-option Greek Markowitz,Full-spread post-cost,24,ewma_residual_fallback_insufficient_egarch_obs,60,ok,60,-0.1739713732519319,1.0686368698822015,0.31865248644686983,0.5602058655285965,-0.9827642440133815,0.3587613098177079,0.42685742989004155,0.38457007963730344,insufficient_egarch_obs
Equity-option Greek Markowitz,Full-spread post-cost,25,ewma_residual_fallback_insufficient_egarch_obs,60,ok,60,0.15524874811018696,1.120874071590724,0.6748101971967804,1.1777283811021382,-0.8391496871730104,0.3650864377457791,0.46347065575106416,2.057678561724247,insufficient_egarch_obs
Equity-option Greek Markowitz,Full-spread post-cost,26,ewma_residual_fallback_insufficient_egarch_obs,60,ok,60,2.784560501456783,1.209434670250753,1.7015574601360655,4.114408552841549,-0.673720653552128,0.3192145058130809,0.43396589416484116,776.3852253456565,insufficient_egarch_obs
Equity-option Greek Markowitz,Full-spread post-cost,27,ewma_residual_fallback_insufficient_egarch_obs,60,ok,60,-0.35810104927356423,0.8282630471795731,-0.14038269771844675,-0.21604903458472993,-0.950980918282895,0.27974657235142325,0.30989494358098596,0.10897661876409505,insufficient_egarch_obs
Equity-option Greek Markowitz,Full-spread post-cost,28,ewma_residual_fallback_insufficient_egarch_obs,60,ok,60,-0.35011908907831346,1.6050154744697975,0.48834452173906234,0.8902900735230685,-0.9906456318270631,0.4756615618552487,0.605805730744818,0.11592281071682675,insufficient_egarch_obs
Equity-option Greek Markowitz,Full-spread post-cost,29,ewma_residual_fallback_insufficient_egarch_obs,60,ok,60,-0.19868662994205388,0.9212036652179156,0.1960677448113264,0.32189812598025475,-0.9075851326529994,0.3134834242240591,0.36484584815677024,0.3303786280871426,insufficient_egarch_obs
Equity-option Greek Markowitz,Full-spread post-cost,30,ewma_residual_fallback_insufficient_egarch_obs,60,ok,60,0.43240508484745077,1.2832138587858377,0.871968530075361,1.6991385846083886,-0.881137882279514,0.39155168692354825,0.4523672339376008,6.0301660343427255,insufficient_egarch_obs
Equity-option Greek Markowitz,Full-spread post-cost,31,ewma_residual_fallback_insufficient_egarch_obs,60,ok,60,0.4705338879330341,1.2259733542628717,0.8934249750253136,1.710521119663074,-0.8701160424424993,0.40525471316724004,0.4668330767055276,6.876622526878905,insufficient_egarch_obs
Equity-option Greek Markowitz,Full-spread post-cost,32,ewma_residual_fallback_insufficient_egarch_obs,60,ok,60,1.1210425296229953,1.001612604068363,1.237447064717687,2.519673602450458,-0.5134482592859124,0.32047075838858796,0.3376315343659315,42.92861566264576,insufficient_egarch_obs
Equity-option Greek Markowitz,Full-spread post-cost,33,ewma_residual_fallback_insufficient_egarch_obs,60,ok,60,1.43811701777522,1.6433349261177765,1.5646565846326657,3.252893167908313,-0.9701100993518563,0.5063337430345238,0.7306542181231026,86.15346104205484,insufficient_egarch_obs
Equity-option Greek Markowitz,Full-spread post-cost,34,ewma_residual_fallback_insufficient_egarch_obs,60,ok,60,4.21982311573229,1.0274067668973952,2.240800957481616,4.862307778129754,-0.6361080445764109,0.3356829865097336,0.46650469044707493,3875.0644628638274,insufficient_egarch_obs
Equity-option Greek Markowitz,Full-spread post-cost,35,ewma_residual_fallback_insufficient_egarch_obs,60,ok,60,0.2827267310542423,1.1189018947951506,0.7365553878097393,1.410280296075234,-0.9104463782787269,0.34131746789592,0.4053430110575183,3.4727276585668334,insufficient_egarch_obs
Equity-option Greek Markowitz,Full-spread post-cost,36,ewma_residual_fallback_insufficient_egarch_obs,60,ok,60,0.7928477512081507,1.124679456406467,1.0786074016950422,2.0521972800129835,-0.684084021357825,0.35691408934524865,0.4897218667516024,18.523244274662893,insufficient_egarch_obs
Equity-option Greek Markowitz,Full-spread post-cost,37,ewma_residual_fallback_insufficient_egarch_obs,60,ok,60,-0.47715174265977045,1.3946611494605679,0.24793481818070046,0.3967818146441583,-0.9665287894840162,0.5653025905339466,0.5874466162538784,0.03907314097108257,insufficient_egarch_obs
Equity-option Greek Markowitz,Full-spread post-cost,38,ewma_residual_fallback_insufficient_egarch_obs,60,ok,60,0.6251009903349729,0.9528905857227031,0.9407946503417105,2.0372409444439716,-0.601328219208779,0.2760075597817592,0.32069567468543353,11.334484550166467,insufficient_egarch_obs
Equity-option Greek Markowitz,Full-spread post-cost,39,ewma_residual_fallback_insufficient_egarch_obs,60,ok,60,-0.01776721548903315,0.9117484787943674,0.4011759670477218,0.7057276872584094,-0.7982596238337576,0.2906069927045199,0.3140908468038139,0.9142650720265997,insufficient_egarch_obs
Equity-option Greek Markowitz,Full-spread post-cost,40,ewma_residual_fallback_insufficient_egarch_obs,60,ok,60,0.20308002457558927,0.9652237542751124,0.640195293078403,1.1852231789894963,-0.7490751680656106,0.29057087896974443,0.36537502182723686,2.5204180436987933,insufficient_egarch_obs
Equity-option Greek Markowitz,Full-spread post-cost,41,ewma_residual_fallback_insufficient_egarch_obs,60,ok,60,-0.3155987236156026,0.9916233210862557,0.10888454849066342,0.17214728117532377,-0.9319760699183466,0.34988739811629,0.48848932570618936,0.1501599289318226,insufficient_egarch_obs
Equity-option Greek Markowitz,Full-spread post-cost,42,ewma_residual_fallback_insufficient_egarch_obs,60,ok,60,-0.15618249363485137,1.0160249879068557,0.3122344846573071,0.5383260871511161,-0.905366071107036,0.2969999045173406,0.4003898207347294,0.42780184813168326,insufficient_egarch_obs
Equity-option Greek Markowitz,Full-spread post-cost,43,ewma_residual_fallback_insufficient_egarch_obs,60,ok,60,-0.05709253727425678,0.8279883897277519,0.330308243296997,0.5368604715355767,-0.8653603472719921,0.3040759482553753,0.37469729327437445,0.7453244444874159,insufficient_egarch_obs
Equity-option Greek Markowitz,Full-spread post-cost,44,ewma_residual_fallback_insufficient_egarch_obs,60,ok,60,0.4716411796966533,0.8860900325251331,0.860278648214593,1.6286066814745606,-0.8356283159683258,0.2991663086034151,0.37241708326145345,6.902551556138224,insufficient_egarch_obs
Equity-option Greek Markowitz,Full-spread post-cost,45,ewma_residual_fallback_insufficient_egarch_obs,60,ok,60,0.8246369541648249,0.898850965898386,1.107190743110794,2.260104791820764,-0.7293972905820965,0.27706421209360377,0.36159752202251155,20.22471133384552,insufficient_egarch_obs
Equity-option Greek Markowitz,Full-spread post-cost,46,ewma_residual_fallback_insufficient_egarch_obs,60,ok,60,0.23036938929682438,0.9057629922865981,0.6492945880933724,1.2171263660485503,-0.8653052624621907,0.31931305229111684,0.3961674076612481,2.819535637955455,insufficient_egarch_obs
Equity-option Greek Markowitz,Full-spread post-cost,47,ewma_residual_fallback_insufficient_egarch_obs,60,ok,60,0.3140582331774857,1.132298824708102,0.7706832967970438,1.443280527786902,-0.8344447740368757,0.4016022581360096,0.41964766205205345,3.918077825233835,insufficient_egarch_obs
Equity-option Greek Markowitz,Full-spread post-cost,48,ewma_residual_fallback_insufficient_egarch_obs,60,ok,60,0.6490417990989592,0.6933654097633534,1.0656109597710974,2.0075347666490986,-0.4572605344331899,0.2466684081955229,0.278650761667573,12.194340577618101,insufficient_egarch_obs
Equity-option Greek Markowitz,Full-spread post-cost,49,ewma_residual_fallback_insufficient_egarch_obs,60,ok,60,1.6372185243885329,1.090041271607464,1.4277016197593213,3.0287869863169505,-0.6593476736402069,0.3522187376406657,0.36081932555011803,127.56472240184266,insufficient_egarch_obs
Equity-option Greek Markowitz,Full-spread post-cost,50,ewma_residual_fallback_insufficient_egarch_obs,60,ok,60,0.49588122095642717,1.163112357229837,0.9150782720023928,1.6657329230124172,-0.8411340107908204,0.3684440924624257,0.4652099761066982,7.4900643819907655,insufficient_egarch_obs
Equity-option Greek Markowitz,Full-spread post-cost,51,ewma_residual_fallback_insufficient_egarch_obs,60,ok,60,0.4331454892639508,0.8163171019550789,0.8246012321084626,1.5855794980232634,-0.6840620803936586,0.25331381749621806,0.30288206189918526,6.045766996780928,insufficient_egarch_obs
Equity-option Greek Markowitz,Full-spread post-cost,52,ewma_residual_fallback_insufficient_egarch_obs,60,ok,60,-0.3477505890193221,1.3799380599384088,0.33555801722340783,0.5892075552940691,-0.9807172488866425,0.42564102412971117,0.5082069594195043,0.1180506758776207,insufficient_egarch_obs
Equity-option Greek Markowitz,Full-spread post-cost,53,ewma_residual_fallback_insufficient_egarch_obs,60,ok,60,2.9672991878741453,1.084722204151274,1.8294762484818843,4.402538409010224,-0.5905464753788675,0.33520055121039255,0.3600439198705369,982.8217679620469,insufficient_egarch_obs
Equity-option Greek Markowitz,Full-spread post-cost,54,ewma_residual_fallback_insufficient_egarch_obs,60,ok,60,0.2183032396952418,1.595667192767597,0.8796864318346741,1.6560081704820453,-0.8898605318282655,0.4870767462182278,0.5452998627109085,2.6839659100096713,insufficient_egarch_obs
Equity-option Greek Markowitz,Full-spread post-cost,55,ewma_residual_fallback_insufficient_egarch_obs,60,ok,60,0.23787043256142804,0.8991484965716992,0.6576776847509084,1.2093412908200079,-0.6500212804301748,0.32479486243743,0.33404738418861274,2.90653761731915,insufficient_egarch_obs
Equity-option Greek Markowitz,Full-spread post-cost,56,ewma_residual_fallback_insufficient_egarch_obs,60,ok,60,4.285300464615595,1.6240499095913663,1.8468107613343985,4.324667027617922,-0.6686982713638945,0.46753187999478335,0.5250309098278872,4124.2825246795965,insufficient_egarch_obs
Equity-option Greek Markowitz,Full-spread post-cost,57,ewma_residual_fallback_insufficient_egarch_obs,60,ok,60,0.041906624667303216,0.6944711106867323,0.3937007954604085,0.6431018435661521,-0.8798435031511995,0.26895318348912517,0.2886583347719112,1.2278462746275014,insufficient_egarch_obs
Equity-option Greek Markowitz,Full-spread post-cost,58,ewma_residual_fallback_insufficient_egarch_obs,60,ok,60,0.2944393215848138,1.6163429991274993,0.9017670908249567,1.7923548943495036,-0.9865784347994362,0.5045608644371955,0.5497010552174642,3.6341971698157267,insufficient_egarch_obs
Equity-option Greek Markowitz,Full-spread post-cost,59,ewma_residual_fallback_insufficient_egarch_obs,60,ok,60,0.5842028738476501,0.9538991374817396,0.9233791003307295,1.8857373584100194,-0.7042488158935046,0.3236361113625236,0.33626216364876904,9.978240883169457,insufficient_egarch_obs
Equity-option Greek Markowitz,Full-spread post-cost,60,ewma_residual_fallback_insufficient_egarch_obs,60,ok,60,0.39894215911889663,0.7381800124469184,0.8136176547512864,1.4583984365661586,-0.6947858041129601,0.2772334129232042,0.2965276877046458,5.357951675272901,insufficient_egarch_obs
Equity-option Greek Markowitz,Full-spread post-cost,61,ewma_residual_fallback_insufficient_egarch_obs,60,ok,60,0.1795477036675246,0.7112450338121522,0.5701950050777966,0.999476739268961,-0.715588329007951,0.24304724865657984,0.27317184673537387,2.283376606343203,insufficient_egarch_obs
Equity-option Greek Markowitz,Full-spread post-cost,62,ewma_residual_fallback_insufficient_egarch_obs,60,ok,60,0.6149182602400438,0.8264768553195591,0.974578124136925,1.915506351373403,-0.6097116746955705,0.27573409933365123,0.3015774006031958,10.983802775601228,insufficient_egarch_obs
Equity-option Greek Markowitz,Full-spread post-cost,63,ewma_residual_fallback_insufficient_egarch_obs,60,ok,60,-0.16459763770636116,0.9024138644293438,0.24123074988877166,0.3969398708281157,-0.8232297597181886,0.329253418002204,0.44053776301435627,0.4068913852276116,insufficient_egarch_obs
Equity-option Greek Markowitz,Full-spread post-cost,64,ewma_residual_fallback_insufficient_egarch_obs,60,ok,60,1.6910968685333048,1.2152267112070965,1.401537463927777,3.0455650306377446,-0.8890816579391211,0.39256839430773355,0.4023725883707665,141.13887597091846,insufficient_egarch_obs
Equity-option Greek Markowitz,Full-spread post-cost,65,ewma_residual_fallback_insufficient_egarch_obs,60,ok,60,1.110832416719933,1.3486955699503833,1.17700803533379,2.5437249454154,-0.8373299489578985,0.3728121479103219,0.4859541684291984,41.90528279116504,insufficient_egarch_obs
Equity-option Greek Markowitz,Full-spread post-cost,66,ewma_residual_fallback_insufficient_egarch_obs,60,ok,60,-0.4653164318462951,1.5694369860248658,0.3518148073334965,0.6053707738446715,-0.9949306585429802,0.4983300102113093,0.5776903094166886,0.04370027682131331,insufficient_egarch_obs
Equity-option Greek Markowitz,Full-spread post-cost,67,ewma_residual_fallback_insufficient_egarch_obs,60,ok,60,0.2240117634512997,0.7993344031629459,0.6425590409270289,1.1107646553864299,-0.7541983970356143,0.271998025437243,0.3428951330110153,2.7474383639309705,insufficient_egarch_obs
Equity-option Greek Markowitz,Full-spread post-cost,68,ewma_residual_fallback_insufficient_egarch_obs,60,ok,60,0.3712428758869315,1.0574204937478404,0.8061891610081299,1.5012577710353283,-0.8333894449803777,0.3503525368860797,0.4606207746586217,4.848103930069116,insufficient_egarch_obs
Equity-option Greek Markowitz,Full-spread post-cost,69,ewma_residual_fallback_insufficient_egarch_obs,60,ok,60,1.458802986484368,0.8509487914612353,1.4953377109448616,3.1604261360640655,-0.5685962643049491,0.2932393720786979,0.31373205493239253,89.87081077774843,insufficient_egarch_obs
Equity-option Greek Markowitz,Full-spread post-cost,70,ewma_residual_fallback_insufficient_egarch_obs,60,ok,60,1.2084320228186165,0.8776062933401472,1.3678176529348383,2.5925924168218564,-0.7372631585405987,0.27248081687243786,0.3863578633734192,52.53154566301548,insufficient_egarch_obs
Equity-option Greek Markowitz,Full-spread post-cost,71,ewma_residual_fallback_insufficient_egarch_obs,60,ok,60,0.511586413026432,1.2643234645544401,0.9432970387465985,1.7914156313807166,-0.7746474127737545,0.3999354053479308,0.5365744511454115,7.891596979630072,insufficient_egarch_obs
Equity-option Greek Markowitz,Full-spread post-cost,72,ewma_residual_fallback_insufficient_egarch_obs,60,ok,60,-0.026421867986765157,1.4139116802430056,0.6983176306043763,1.228131848919676,-0.9381663471767437,0.47889165744436074,0.6251407471312108,0.8746897800395004,insufficient_egarch_obs
Equity-option Greek Markowitz,Full-spread post-cost,73,ewma_residual_fallback_insufficient_egarch_obs,60,ok,60,0.3032499121626906,1.093687575675592,0.7323394042281983,1.46635416389193,-0.8887990783738537,0.3351442448434331,0.35944264717331786,3.7595729970446072,insufficient_egarch_obs
Equity-option Greek Markowitz,Full-spread post-cost,74,ewma_residual_fallback_insufficient_egarch_obs,60,ok,60,0.10499752952198582,0.9926177662728025,0.5676806770970739,1.002056144580382,-0.8886712342786622,0.32849512796866626,0.34528273391102743,1.6474283498192857,insufficient_egarch_obs
Equity-option Greek Markowitz,Full-spread post-cost,75,ewma_residual_fallback_insufficient_egarch_obs,60,ok,60,-0.0356020788023752,0.9689417293868163,0.41022768190463144,0.722450164843065,-0.7732083694987344,0.3057600306964151,0.33006243373508193,0.8342214026216603,insufficient_egarch_obs
Equity-option Greek Markowitz,Full-spread post-cost,76,ewma_residual_fallback_insufficient_egarch_obs,60,ok,60,0.0319667866936304,1.19120158850497,0.5954907019815959,1.0497460328446304,-0.9432184245288615,0.4253696433039496,0.47854976746412864,1.1703846032570258,insufficient_egarch_obs
Equity-option Greek Markowitz,Full-spread post-cost,77,ewma_residual_fallback_insufficient_egarch_obs,60,ok,60,0.5971875734684262,0.8929522720846612,0.9428761661045877,1.9353063694754797,-0.8950272470194165,0.29327360011689574,0.3728669507506226,10.3939258215002,insufficient_egarch_obs
Equity-option Greek Markowitz,Full-spread post-cost,78,ewma_residual_fallback_insufficient_egarch_obs,60,ok,60,0.1197751855705258,1.0116650530751226,0.6002649635858374,1.0512179040855858,-0.8318877187384355,0.3401837741386577,0.4381848388433893,1.7605736438436326,insufficient_egarch_obs
Equity-option Greek Markowitz,Full-spread post-cost,79,ewma_residual_fallback_insufficient_egarch_obs,60,ok,60,2.8852108427228598,1.3608796004662176,1.6823071372248106,3.7992782871595625,-0.7600162648225564,0.4031301638623692,0.46011093092173533,885.2643195645063,insufficient_egarch_obs
Equity-option Greek Markowitz,Full-spread post-cost,80,ewma_residual_fallback_insufficient_egarch_obs,60,ok,60,0.18816375097406235,1.4467335592398243,0.8101541069180386,1.5051226912627942,-0.9575769638650117,0.4680687009214949,0.5390706691540537,2.367998881802695,insufficient_egarch_obs
Equity-option Greek Markowitz,Full-spread post-cost,81,ewma_residual_fallback_insufficient_egarch_obs,60,ok,60,2.1156181227974815,1.3911531663981809,1.4669715540747046,3.4426668652034813,-0.8307475173637006,0.421789617485919,0.4610310707645204,293.57637714684273,insufficient_egarch_obs
Equity-option Greek Markowitz,Full-spread post-cost,82,ewma_residual_fallback_insufficient_egarch_obs,60,ok,60,0.2615418085878387,1.1658547234709362,0.7487275006587122,1.403724895587753,-0.939157597350421,0.34767732677011426,0.48891841972529804,3.195274988679035,insufficient_egarch_obs
Equity-option Greek Markowitz,Full-spread post-cost,83,ewma_residual_fallback_insufficient_egarch_obs,60,ok,60,0.9588381371486407,1.093035690615463,1.1534601804690694,2.2643264884125553,-0.6582172853855773,0.35321165613963335,0.4394027527630116,28.839833856445008,insufficient_egarch_obs
Equity-option Greek Markowitz,Full-spread post-cost,84,ewma_residual_fallback_insufficient_egarch_obs,60,ok,60,0.221095636136168,0.9952334962730298,0.6757157980237861,1.2238921624514665,-0.7358167316920805,0.33265157070522694,0.42865802881824994,2.7148659835488465,insufficient_egarch_obs
Equity-option Greek Markowitz,Full-spread post-cost,85,ewma_residual_fallback_insufficient_egarch_obs,60,ok,60,0.17807443221906594,0.9419842480398789,0.6193145527763663,1.1198953235018336,-0.8892071059531806,0.30416884685539797,0.36742259027360763,2.269152338049287,insufficient_egarch_obs
Equity-option Greek Markowitz,Full-spread post-cost,86,ewma_residual_fallback_insufficient_egarch_obs,60,ok,60,0.23572786719929018,1.1950313790110083,0.7592392490966064,1.3917632376909572,-0.8032106661611553,0.36723951077673267,0.50737993876801,2.8814706700274497,insufficient_egarch_obs
Equity-option Greek Markowitz,Full-spread post-cost,87,ewma_residual_fallback_insufficient_egarch_obs,60,ok,60,0.080605118047405,1.039612510988468,0.5664273896719918,1.0010377594942368,-0.9554998744963665,0.34343674460536483,0.41184250575272996,1.4734489741604915,insufficient_egarch_obs
Equity-option Greek Markowitz,Full-spread post-cost,88,ewma_residual_fallback_insufficient_egarch_obs,60,ok,60,0.9650650368986047,0.9701713996124801,1.1598383685368603,2.3965000120586737,-0.7914099933945065,0.2775796461793248,0.3539854560783479,29.3011484692965,insufficient_egarch_obs
Equity-option Greek Markowitz,Full-spread post-cost,89,ewma_residual_fallback_insufficient_egarch_obs,60,ok,60,0.3922444624590473,0.8819782790231752,0.7903920446389067,1.4995249632213616,-0.5085374170779575,0.26848608491053616,0.35318965240008265,5.230912988213928,insufficient_egarch_obs
Equity-option Greek Markowitz,Full-spread post-cost,90,ewma_residual_fallback_insufficient_egarch_obs,60,ok,60,0.40458336738373335,0.8354587432217234,0.8041319434788577,1.4959468436167074,-0.524197938801247,0.29645901541074904,0.31897832134892773,5.466855650084205,insufficient_egarch_obs
Equity-option Greek Markowitz,Full-spread post-cost,91,ewma_residual_fallback_insufficient_egarch_obs,60,ok,60,5.1354851925343805,1.240491153167764,2.145933380837925,5.301670366403697,-0.7061667532622433,0.34804027817953337,0.4644351081665177,8694.498994002595,insufficient_egarch_obs
Equity-option Greek Markowitz,Full-spread post-cost,92,ewma_residual_fallback_insufficient_egarch_obs,60,ok,60,1.3352707641110153,0.9901256033851102,1.3361185749122801,2.937010057689926,-0.6047924077273485,0.30104215559087694,0.36035762122517073,69.45223267702809,insufficient_egarch_obs
Equity-option Greek Markowitz,Full-spread post-cost,93,ewma_residual_fallback_insufficient_egarch_obs,60,ok,60,0.07845376110110802,0.9459019583959334,0.5505920987817648,0.9000416658273426,-0.8937116563326868,0.33878654969508804,0.43597335943233345,1.4588399468376456,insufficient_egarch_obs
Equity-option Greek Markowitz,Full-spread post-cost,94,ewma_residual_fallback_insufficient_egarch_obs,60,ok,60,0.4670721284889858,1.0439641850396433,0.8473127490286624,1.7042054156246087,-0.7549206016412497,0.2908416031227803,0.3707976865949038,6.796061997848054,insufficient_egarch_obs
Equity-option Greek Markowitz,Full-spread post-cost,95,ewma_residual_fallback_insufficient_egarch_obs,60,ok,60,-0.006273053526258621,1.2101653647225876,0.5380715694529251,1.0110595151664394,-0.9243020269928619,0.36122332073989644,0.3767599499107697,0.9690257835851378,insufficient_egarch_obs
Equity-option Greek Markowitz,Full-spread post-cost,96,ewma_residual_fallback_insufficient_egarch_obs,60,ok,60,0.37167443172621506,1.0867695945863203,0.7841324859686627,1.5521058302516124,-0.731546258414376,0.32235668600329126,0.34598935612389337,4.855737679488302,insufficient_egarch_obs
Equity-option Greek Markowitz,Full-spread post-cost,97,ewma_residual_fallback_insufficient_egarch_obs,60,ok,60,-0.03860021895815591,1.1113710029252546,0.4837520953310488,0.8559495862440757,-0.7726868916225513,0.33560203877684364,0.43961957212767616,0.8213345543603513,insufficient_egarch_obs
Equity-option Greek Markowitz,Full-spread post-cost,98,ewma_residual_fallback_insufficient_egarch_obs,60,ok,60,-0.036509763810512186,1.2234460359469137,0.5684480664096474,0.9831384587320886,-0.9244367673822065,0.4203543129413915,0.5516689714411233,0.8303029669726002,insufficient_egarch_obs
Equity-option Greek Markowitz,Full-spread post-cost,99,ewma_residual_fallback_insufficient_egarch_obs,60,ok,60,0.6250999995798379,1.2322717224761188,0.9621758191169364,1.9408228228873499,-0.9066365591150835,0.3748729838053408,0.4593760480253695,11.33444999943656,insufficient_egarch_obs
Equity-option Greek Markowitz,Full-spread post-cost,100,ewma_residual_fallback_insufficient_egarch_obs,60,ok,60,-0.05456563288427363,0.9475200456024332,0.3837942940712146,0.6697926212420061,-0.8551445064433286,0.32116370438369757,0.37681455669287595,0.7553651178996609,insufficient_egarch_obs
Equity-option Greek Markowitz,Full-spread post-cost,101,ewma_residual_fallback_insufficient_egarch_obs,60,ok,60,0.02955330425676883,1.2599991439596592,0.5812505338384933,1.1311819389667017,-0.8583120251753596,0.37962554678424,0.4112377428544544,1.1567624537782433,insufficient_egarch_obs
Equity-option Greek Markowitz,Full-spread post-cost,102,ewma_residual_fallback_insufficient_egarch_obs,60,ok,60,0.583771196030128,1.400021090132263,0.985775880874659,1.984306978352332,-0.9020900649592559,0.383944034864095,0.5221764993702164,9.96465348685865,insufficient_egarch_obs
Equity-option Greek Markowitz,Full-spread post-cost,103,ewma_residual_fallback_insufficient_egarch_obs,60,ok,60,0.7478042768091926,0.8696556073496554,1.0552333969457077,2.1439733105348155,-0.6561912631163123,0.28020932392293635,0.295631722615233,16.310376589923983,insufficient_egarch_obs
Equity-option Greek Markowitz,Full-spread post-cost,104,ewma_residual_fallback_insufficient_egarch_obs,60,ok,60,0.8766394338082393,1.1206876368970538,1.116229877076389,2.1320313328615756,-0.7747592648797809,0.3300305627800285,0.43903226307199344,23.27577710160484,insufficient_egarch_obs
Equity-option Greek Markowitz,Full-spread post-cost,105,ewma_residual_fallback_insufficient_egarch_obs,60,ok,60,1.4286614152381305,1.4914581741432436,1.3073285930445049,2.8011283210053324,-0.8576273052197528,0.43802917414957865,0.542359754033365,84.49575008438619,insufficient_egarch_obs
Equity-option Greek Markowitz,Full-spread post-cost,106,ewma_residual_fallback_insufficient_egarch_obs,60,ok,60,-0.4944896768663877,0.7553274320931546,-0.4966619964016492,-0.6642952958116513,-0.9859502979659724,0.3272270579109469,0.4158245724961514,0.03301035114946943,insufficient_egarch_obs
Equity-option Greek Markowitz,Full-spread post-cost,107,ewma_residual_fallback_insufficient_egarch_obs,60,ok,60,-0.1297596722194574,1.1884657364313485,0.44770244986835483,0.7814891553988728,-0.8822106303150434,0.3635170275346376,0.46155728998993756,0.4991097171950141,insufficient_egarch_obs
Equity-option Greek Markowitz,Full-spread post-cost,108,ewma_residual_fallback_insufficient_egarch_obs,60,ok,60,-0.15014313016071468,1.601794240108005,0.6483415926918459,1.2336630605904082,-0.9951930154184442,0.4997270890683974,0.6183622603880624,0.44333186409767317,insufficient_egarch_obs
Equity-option Greek Markowitz,Full-spread post-cost,109,ewma_residual_fallback_insufficient_egarch_obs,60,ok,60,-0.6040217445852343,0.8780793591847194,-0.5930197388701304,-0.8153259026857078,-0.9985681263755857,0.327817495142878,0.38709347135255373,0.009735464771068986,insufficient_egarch_obs
Equity-option Greek Markowitz,Full-spread post-cost,110,ewma_residual_fallback_insufficient_egarch_obs,60,ok,60,2.0984646131068034,1.0625317195989357,1.5780443828897714,3.933481526987462,-0.5038795831579606,0.2897004886948268,0.3540472745021744,285.5832309296329,insufficient_egarch_obs
Equity-option Greek Markowitz,Full-spread post-cost,111,ewma_residual_fallback_insufficient_egarch_obs,60,ok,60,0.19804333512830796,0.8333571820694846,0.625914543650757,1.0837649548313621,-0.6849500937828881,0.28667116745103305,0.3920671642791747,2.4680993479520623,insufficient_egarch_obs
Equity-option Greek Markowitz,Full-spread post-cost,112,ewma_residual_fallback_insufficient_egarch_obs,60,ok,60,1.0083176116982298,1.0796351831521207,1.1767872939082198,2.320611262297535,-0.8927093894132875,0.4090048710882142,0.45074614837037424,32.67096661429112,insufficient_egarch_obs
Equity-option Greek Markowitz,Full-spread post-cost,113,ewma_residual_fallback_insufficient_egarch_obs,60,ok,60,0.0536879992951218,0.9873999792772393,0.5176674390566586,0.9302207415489812,-0.7865765023646509,0.27931499894965656,0.39398219139186635,1.298853499969338,insufficient_egarch_obs
Equity-option Greek Markowitz,Full-spread post-cost,114,ewma_residual_fallback_insufficient_egarch_obs,60,ok,60,-0.20686668950105647,0.9303127883444517,0.18109394959995442,0.3058473005693475,-0.9386558013657841,0.29571105122585584,0.34920338029913855,0.31385637191924637,insufficient_egarch_obs
Equity-option Greek Markowitz,Full-spread post-cost,115,ewma_residual_fallback_insufficient_egarch_obs,60,ok,60,-0.48016465306129597,1.1876959923315513,0.02996990418724512,0.04779243537207413,-0.9939117403165083,0.36300153357778514,0.5273946805640114,0.03796024730977608,insufficient_egarch_obs
Equity-option Greek Markowitz,Full-spread post-cost,116,ewma_residual_fallback_insufficient_egarch_obs,60,ok,60,1.1574961003203592,0.9806943196469121,1.2539980370229615,2.7089342671088907,-0.5937192290464555,0.28125365376798167,0.3426408719708986,46.746607318441605,insufficient_egarch_obs
Equity-option Greek Markowitz,Full-spread post-cost,117,ewma_residual_fallback_insufficient_egarch_obs,60,ok,60,0.7241782976953661,0.921341796000736,1.0344508776024293,2.062552011744863,-0.7332531572795482,0.27058293142733447,0.36410222913290546,15.237400108567446,insufficient_egarch_obs
Equity-option Greek Markowitz,Full-spread post-cost,118,ewma_residual_fallback_insufficient_egarch_obs,60,ok,60,-0.01417238117284847,0.7380015672288612,0.323180621228278,0.5625010381496718,-0.6731798372744769,0.2550118130561232,0.3022237818206345,0.9311183930285927,insufficient_egarch_obs
Equity-option Greek Markowitz,Full-spread post-cost,119,ewma_residual_fallback_insufficient_egarch_obs,60,ok,60,0.05211887454334918,1.020887425038718,0.5084449240292258,0.9659371720971398,-0.8459397634086857,0.3138899884098543,0.3733005634209727,1.2892111668098352,insufficient_egarch_obs
Equity-option Greek Markowitz,Full-spread post-cost,120,ewma_residual_fallback_insufficient_egarch_obs,60,ok,60,-0.3544169269782257,0.8768631705772516,-0.0837536567062777,-0.13228358859731598,-0.9614668091575168,0.32235042333447894,0.3363456518332954,0.11214003156733704,insufficient_egarch_obs
Equity-option Greek Markowitz,Full-spread post-cost,121,ewma_residual_fallback_insufficient_egarch_obs,60,ok,60,-0.4179951022094409,0.9003886896119698,-0.13734939246340236,-0.20080647615328145,-0.9378214815251718,0.3390280159311739,0.4579642010819011,0.06677796759996336,insufficient_egarch_obs
Equity-option Greek Markowitz,Full-spread post-cost,122,ewma_residual_fallback_insufficient_egarch_obs,60,ok,60,1.1636004500096258,1.3128000583549895,1.261295171164444,2.440581288442769,-0.9612294424073935,0.4122803156840815,0.5652416571007215,47.41167683209078,insufficient_egarch_obs
Equity-option Greek Markowitz,Full-spread post-cost,123,ewma_residual_fallback_insufficient_egarch_obs,60,ok,60,-0.026175373819004255,1.2707583312863193,0.5506238497632011,1.0423660097846106,-0.7897152145144833,0.3733206178938473,0.4410142795675746,0.8757976270923953,insufficient_egarch_obs
Equity-option Greek Markowitz,Full-spread post-cost,124,ewma_residual_fallback_insufficient_egarch_obs,60,ok,60,-0.6438678283863998,1.1557710401551513,-0.30376718036229433,-0.44512901609922245,-0.9970925151387287,0.38760504774229715,0.46270181324306464,0.005728699471859725,insufficient_egarch_obs
Equity-option Greek Markowitz,Full-spread post-cost,125,ewma_residual_fallback_insufficient_egarch_obs,60,ok,60,-0.16690889400014264,1.0502711632428732,0.323262752943588,0.5524306986582597,-0.9247899315435111,0.34346777523270483,0.4507547912464768,0.4012938370709379,insufficient_egarch_obs
Equity-option Greek Markowitz,Full-spread post-cost,126,ewma_residual_fallback_insufficient_egarch_obs,60,ok,60,0.3333750823697008,1.3323856040145938,0.7978874935342124,1.6551309135930636,-0.9174463403931129,0.384785573225746,0.3944747458505069,4.214651548722395,insufficient_egarch_obs
Equity-option Greek Markowitz,Full-spread post-cost,127,ewma_residual_fallback_insufficient_egarch_obs,60,ok,60,1.5348654894942038,0.8365258007909576,1.548951574132367,3.207702638861986,-0.5558562441274841,0.28188605026409125,0.28467050886904466,104.65852121855855,insufficient_egarch_obs
Equity-option Greek Markowitz,Full-spread post-cost,128,ewma_residual_fallback_insufficient_egarch_obs,60,ok,60,0.6961509365038556,1.130720265464518,1.0035831180421158,1.9562396787086571,-0.7911273689848739,0.36272168148724,0.39917241640674533,14.038557412899607,insufficient_egarch_obs
Equity-option Greek Markowitz,Full-spread post-cost,129,ewma_residual_fallback_insufficient_egarch_obs,60,ok,60,0.22458223988792203,0.9057896800745663,0.6713928095424336,1.1551763710342928,-0.8178994781126643,0.31521456700199424,0.42224373616510613,2.75384684204957,insufficient_egarch_obs
Equity-option Greek Markowitz,Full-spread post-cost,130,ewma_residual_fallback_insufficient_egarch_obs,60,ok,60,1.5585335450540616,1.140236394075174,1.3987168796310219,2.8963777528220302,-0.6432414306010299,0.4092121823188171,0.4552131966563156,109.63660456166248,insufficient_egarch_obs
Equity-option Greek Markowitz,Full-spread post-cost,131,ewma_residual_fallback_insufficient_egarch_obs,60,ok,60,-0.28164864004983936,1.1277857639587237,0.21876326731598977,0.38058033189328055,-0.984043753175494,0.33779406812909624,0.37597450982439845,0.1912866191651265,insufficient_egarch_obs
Equity-option Greek Markowitz,Full-spread post-cost,132,ewma_residual_fallback_insufficient_egarch_obs,60,ok,60,0.3045768028150848,1.05424221265967,0.7707668133598681,1.3533947714541499,-0.7206113823749416,0.35310450402552596,0.4647824083971949,3.7787508639868364,insufficient_egarch_obs
Equity-option Greek Markowitz,Full-spread post-cost,133,ewma_residual_fallback_insufficient_egarch_obs,60,ok,60,0.1912341590057176,1.0445520403390647,0.6628429167039789,1.1937261317507843,-0.7707034047928152,0.331401388090837,0.4053182222931711,2.398753891234671,insufficient_egarch_obs
Equity-option Greek Markowitz,Full-spread post-cost,134,ewma_residual_fallback_insufficient_egarch_obs,60,ok,60,0.5787918136682724,1.094021165914453,0.9407279333871497,1.7649052743630214,-0.8493402704987654,0.3407525640431557,0.35397951802917343,9.80899084408588,insufficient_egarch_obs
Equity-option Greek Markowitz,Full-spread post-cost,135,ewma_residual_fallback_insufficient_egarch_obs,60,ok,60,-0.048366714844252146,0.8484523712844226,0.3383148348625889,0.5865172943784349,-0.8869290439579821,0.26103229319936333,0.3572165734031482,0.7804554532029501,insufficient_egarch_obs
Equity-option Greek Markowitz,Full-spread post-cost,136,ewma_residual_fallback_insufficient_egarch_obs,60,ok,60,1.3308103213840523,1.0030103969490243,1.3268635255241783,2.8857109353046373,-0.7825665626600193,0.31526802759714684,0.35926327174597034,68.79148155565103,insufficient_egarch_obs
Equity-option Greek Markowitz,Full-spread post-cost,137,ewma_residual_fallback_insufficient_egarch_obs,60,ok,60,-0.49706413871963195,1.4183870470340598,0.21585292306187284,0.3578965546077706,-0.9782284978811229,0.5496577018904133,0.6108519039115612,0.032178294200421814,insufficient_egarch_obs
Equity-option Greek Markowitz,Full-spread post-cost,138,ewma_residual_fallback_insufficient_egarch_obs,60,ok,60,1.1935094618503626,1.1007674613667315,1.246474141864205,2.5722207563259945,-0.8672460958288873,0.346884378492706,0.4154831127984214,50.78056872529155,insufficient_egarch_obs
Equity-option Greek Markowitz,Full-spread post-cost,139,ewma_residual_fallback_insufficient_egarch_obs,60,ok,60,-0.12844400063573547,1.1993454934582664,0.4737043751404666,0.8082860165720797,-0.940292125883248,0.3896316774355535,0.5676395662063993,0.5028940340649829,insufficient_egarch_obs
Equity-option Greek Markowitz,Full-spread post-cost,140,ewma_residual_fallback_insufficient_egarch_obs,60,ok,60,-0.07553878073106202,0.9508476311958168,0.3574100632901279,0.6246379423783193,-0.9496524554177357,0.3224752239055689,0.36432873506578756,0.6752171851259989,insufficient_egarch_obs
Equity-option Greek Markowitz,Full-spread post-cost,141,ewma_residual_fallback_insufficient_egarch_obs,60,ok,60,0.9548152525911484,1.3023117492005059,1.1612895327961565,2.332345209372523,-0.9083259199021595,0.4307554634359872,0.5687728263484444,28.544904536446158,insufficient_egarch_obs
Equity-option Greek Markowitz,Full-spread post-cost,142,ewma_residual_fallback_insufficient_egarch_obs,60,ok,60,3.440479620730571,1.4744913067208967,1.7259461006831163,4.204925949557584,-0.720581577857583,0.38635153924564725,0.45361055050953797,1726.4317176810337,insufficient_egarch_obs
Equity-option Greek Markowitz,Full-spread post-cost,143,ewma_residual_fallback_insufficient_egarch_obs,60,ok,60,1.8382099935450382,1.212726206954968,1.4410420625425264,3.2542102301138036,-0.6150065836326142,0.33616237700693186,0.41079517631745804,184.17158449145677,insufficient_egarch_obs
Equity-option Greek Markowitz,Full-spread post-cost,144,ewma_residual_fallback_insufficient_egarch_obs,60,ok,60,1.4888257114613386,1.0572073401640076,1.3751001902526618,3.038817733422655,-0.6840740618616116,0.30103946858496733,0.37002779019022086,95.49319487303374,insufficient_egarch_obs
Equity-option Greek Markowitz,Full-spread post-cost,145,ewma_residual_fallback_insufficient_egarch_obs,60,ok,60,0.6443330032893626,1.2343930755876535,1.0065721929325113,1.9377412223075003,-0.7731310486161643,0.37159565932636285,0.4693112532452375,12.021228930288473,insufficient_egarch_obs
Equity-option Greek Markowitz,Full-spread post-cost,146,ewma_residual_fallback_insufficient_egarch_obs,60,ok,60,3.297581903793194,0.8674937141319765,2.1677898503329462,5.9201315203285105,-0.5350601320768041,0.27916162767338837,0.2967083284245296,1465.955581446228,insufficient_egarch_obs
Equity-option Greek Markowitz,Full-spread post-cost,147,ewma_residual_fallback_insufficient_egarch_obs,60,ok,60,0.4681460319039745,0.9934569145416919,0.84175714870369,1.7021136642319639,-0.8581258499862303,0.3229950901050374,0.3356843340375726,6.820972180067527,insufficient_egarch_obs
Equity-option Greek Markowitz,Full-spread post-cost,148,ewma_residual_fallback_insufficient_egarch_obs,60,ok,60,0.2884436916526818,1.0372840088585114,0.7437242622784871,1.3404434218072347,-0.9278904630215679,0.33762095904154077,0.41020182545959233,3.5508082275072934,insufficient_egarch_obs
Equity-option Greek Markowitz,Full-spread post-cost,149,ewma_residual_fallback_insufficient_egarch_obs,60,ok,60,-0.344376616117005,0.7965340386835768,-0.1469980194269747,-0.22500611098959072,-0.892791790650906,0.2803830411687368,0.32294198529493084,0.1211357060562931,insufficient_egarch_obs
Equity-option Greek Markowitz,Full-spread post-cost,150,ewma_residual_fallback_insufficient_egarch_obs,60,ok,60,2.0095807394103886,0.8398582767162247,1.7576821200732056,4.023227229297608,-0.5226439494842275,0.256759336821538,0.290288805308993,246.90506218887188,insufficient_egarch_obs
Equity-option Greek Markowitz,Full-spread post-cost,151,ewma_residual_fallback_insufficient_egarch_obs,60,ok,60,0.528074075785465,1.169673574232257,0.9042631752546721,1.771224971204244,-0.9314646146448607,0.38575622016107286,0.39891397077921825,8.331477758554925,insufficient_egarch_obs
Equity-option Greek Markowitz,Full-spread post-cost,152,ewma_residual_fallback_insufficient_egarch_obs,60,ok,60,-0.19232328436272317,1.0608205513150224,0.2987130888309111,0.5168637958545448,-0.9562571376627774,0.33416336520486273,0.4569122141149471,0.34370655457924304,insufficient_egarch_obs
Equity-option Greek Markowitz,Full-spread post-cost,153,ewma_residual_fallback_insufficient_egarch_obs,60,ok,60,-0.10872354766485215,0.7928621598448832,0.24736343958009827,0.39184925821989514,-0.8115613826901519,0.2963298442937581,0.41519668342795985,0.5624218216628442,insufficient_egarch_obs
Equity-option Greek Markowitz,Full-spread post-cost,154,ewma_residual_fallback_insufficient_egarch_obs,60,ok,60,0.6502934702881904,1.2944328168236912,0.9897643298392247,2.01791221310492,-0.857182309802833,0.3481558116191283,0.5111479466357477,12.240690200073582,insufficient_egarch_obs
Equity-option Greek Markowitz,Full-spread post-cost,155,ewma_residual_fallback_insufficient_egarch_obs,60,ok,60,0.417394022576725,1.132826491628418,0.8283359816178509,1.6168432148594745,-0.8101732756313625,0.33848667730211657,0.3601284274051002,5.7207502023723675,insufficient_egarch_obs
Equity-option Greek Markowitz,Full-spread post-cost,156,ewma_residual_fallback_insufficient_egarch_obs,60,ok,60,0.7370830708254337,0.989917015695909,1.0176916302846912,2.1059678848245476,-0.5950420288876851,0.3054821466252296,0.33200001743402735,15.816228799956844,insufficient_egarch_obs
Equity-option Greek Markowitz,Full-spread post-cost,157,ewma_residual_fallback_insufficient_egarch_obs,60,ok,60,0.6559066073025923,1.0968416667949672,0.9947391349793469,1.906644295630459,-0.8894795249879464,0.31994317228196567,0.45778724723622494,12.45028219702545,insufficient_egarch_obs
Equity-option Greek Markowitz,Full-spread post-cost,158,ewma_residual_fallback_insufficient_egarch_obs,60,ok,60,-0.2740383452127235,0.9992325016098262,0.1823119705521253,0.2820028695438061,-0.951645796888096,0.35405436852198285,0.4627033303262997,0.20163615607644453,insufficient_egarch_obs
Equity-option Greek Markowitz,Full-spread post-cost,159,ewma_residual_fallback_insufficient_egarch_obs,60,ok,60,-0.36016910977646377,1.088539900979254,0.13171022506347552,0.2079700979127159,-0.9726406158157651,0.33743801077368335,0.49123706750064117,0.10723239778606772,insufficient_egarch_obs
Equity-option Greek Markowitz,Full-spread post-cost,160,ewma_residual_fallback_insufficient_egarch_obs,60,ok,60,-0.3864620582419199,1.0283463428153463,0.01366836668267962,0.02206114230531816,-0.9436236815833898,0.34756801452285074,0.4081122857584549,0.08693749559777318,insufficient_egarch_obs
Equity-option Greek Markowitz,Full-spread post-cost,161,ewma_residual_fallback_insufficient_egarch_obs,60,ok,60,1.1932641366749013,0.9978157243316694,1.279328123060589,2.6746577991302942,-0.7716518874071803,0.3322776234434843,0.4036282952678545,50.7521782262399,insufficient_egarch_obs
Equity-option Greek Markowitz,Full-spread post-cost,162,ewma_residual_fallback_insufficient_egarch_obs,60,ok,60,0.5078853064662434,1.5044570545428964,1.0326761969094416,1.954068089290528,-0.8928375060019818,0.45960727328108786,0.5862545417036955,7.7954563900063265,insufficient_egarch_obs
Equity-option Greek Markowitz,Full-spread post-cost,163,ewma_residual_fallback_insufficient_egarch_obs,60,ok,60,0.18342981303365824,0.8919121808999526,0.6184783245707087,1.0696487780707813,-0.7713011697544038,0.30694092782630533,0.35861904638939346,2.3211998255607456,insufficient_egarch_obs
Equity-option Greek Markowitz,Full-spread post-cost,164,ewma_residual_fallback_insufficient_egarch_obs,60,ok,60,-0.23320636717377974,0.7869566438575586,0.04435351511237675,0.06949879000884979,-0.8935967713529585,0.2935744048991723,0.3485607825063545,0.2650894780281272,insufficient_egarch_obs
Equity-option Greek Markowitz,Full-spread post-cost,165,ewma_residual_fallback_insufficient_egarch_obs,60,ok,60,0.04662629652267247,0.9112664629939644,0.4891205661804703,0.8451929315886207,-0.9063656131162717,0.29198434133801543,0.4007684537996077,1.255909110950466,insufficient_egarch_obs
Equity-option Greek Markowitz,Full-spread post-cost,166,ewma_residual_fallback_insufficient_egarch_obs,60,ok,60,0.00026948800774895254,1.2525605643216187,0.5924448303186628,1.060323043907473,-0.8053908056231907,0.4321440404058608,0.4974147599214283,1.0013481664723471,insufficient_egarch_obs
Equity-option Greek Markowitz,Full-spread post-cost,167,ewma_residual_fallback_insufficient_egarch_obs,60,ok,60,0.41281272468006525,0.9247057807625726,0.8008124694986719,1.565677894086465,-0.826792212422657,0.2995402523045874,0.32589807815018285,5.628892944213831,insufficient_egarch_obs
Equity-option Greek Markowitz,Full-spread post-cost,168,ewma_residual_fallback_insufficient_egarch_obs,60,ok,60,0.03125860970309802,0.933293097983378,0.4762365124486295,0.8298646350459831,-0.6556965954293308,0.28883786270336165,0.4104413813494401,1.1663742868814408,insufficient_egarch_obs
Equity-option Greek Markowitz,Full-spread post-cost,169,ewma_residual_fallback_insufficient_egarch_obs,60,ok,60,0.3832832236178325,1.0274980237429514,0.8084056587652472,1.4921904813971867,-0.8262872136854589,0.31169798588684694,0.4139197854201581,5.064721267741782,insufficient_egarch_obs
Equity-option Greek Markowitz,Full-spread post-cost,170,ewma_residual_fallback_insufficient_egarch_obs,60,ok,60,2.0008105511398555,0.9808469181598937,1.5920061767006233,4.264884598967651,-0.6152458087814596,0.24581420982950905,0.2820804178462674,243.3284506477259,insufficient_egarch_obs
Equity-option Greek Markowitz,Full-spread post-cost,171,ewma_residual_fallback_insufficient_egarch_obs,60,ok,60,0.5171558280364041,1.1593775919177822,0.9491269279313015,1.7694569493720773,-0.8794039930052343,0.41019377616331526,0.5606385139125661,8.038054540816917,insufficient_egarch_obs
Equity-option Greek Markowitz,Full-spread post-cost,172,ewma_residual_fallback_insufficient_egarch_obs,60,ok,60,-0.16655645203298408,1.5924339479365766,0.8983470296344697,1.583703773419046,-0.9957875901532515,0.5496777951901475,0.8752960526981305,0.40214339905874424,insufficient_egarch_obs
Equity-option Greek Markowitz,Full-spread post-cost,173,ewma_residual_fallback_insufficient_egarch_obs,60,ok,60,0.01851374898026026,1.1843816499039361,0.5753846060467296,1.0369702729904673,-0.9440455061427195,0.3811893588095443,0.4649373033623232,1.0960603810303222,insufficient_egarch_obs
Equity-option Greek Markowitz,Full-spread post-cost,174,ewma_residual_fallback_insufficient_egarch_obs,60,ok,60,2.0861602152910086,1.2530226220422531,1.50156592077109,3.4428851259124404,-0.7748386428532337,0.34990182462651476,0.42752372359169577,279.95765148706283,insufficient_egarch_obs
Equity-option Greek Markowitz,Full-spread post-cost,175,ewma_residual_fallback_insufficient_egarch_obs,60,ok,60,-0.3990081590993756,0.9977921120799315,-0.014059914358768584,-0.02199236444725731,-0.9817928502423107,0.3256644900362362,0.47704602705024396,0.07840484131559143,insufficient_egarch_obs
Equity-option Greek Markowitz,Full-spread post-cost,176,ewma_residual_fallback_insufficient_egarch_obs,60,ok,60,0.2449944280980889,0.6588284041491064,0.6541922135699128,1.1439196268793523,-0.7825844180981341,0.22890769028930272,0.32046323376577596,2.991142054246407,insufficient_egarch_obs
Equity-option Greek Markowitz,Full-spread post-cost,177,ewma_residual_fallback_insufficient_egarch_obs,60,ok,60,0.20485547050348352,0.7599143376927672,0.5992534698404931,1.0998333523128163,-0.6975305603016868,0.2633810259115131,0.291851593176732,2.539070556155353,insufficient_egarch_obs
Equity-option Greek Markowitz,Full-spread post-cost,178,ewma_residual_fallback_insufficient_egarch_obs,60,ok,60,1.4115734180810486,1.0068601801057409,1.3679213876971865,2.953719254742031,-0.7180921593333867,0.35472325451786474,0.3689641173649226,81.56473710447185,insufficient_egarch_obs
Equity-option Greek Markowitz,Full-spread post-cost,179,ewma_residual_fallback_insufficient_egarch_obs,60,ok,60,2.018878021598926,1.1755172939277532,1.5168196303213048,3.3486305508697427,-0.6109958716341815,0.33596051892722156,0.3832077044290954,250.74242867085204,insufficient_egarch_obs
Equity-option Greek Markowitz,Full-spread post-cost,180,ewma_residual_fallback_insufficient_egarch_obs,60,ok,60,0.3306316533143643,0.9091310263150096,0.7263831328862105,1.4302004704862543,-0.5568568594577098,0.289073973751132,0.3470935814640928,4.171471219323519,insufficient_egarch_obs
Equity-option Greek Markowitz,Full-spread post-cost,181,ewma_residual_fallback_insufficient_egarch_obs,60,ok,60,-0.5214331720032106,1.010483423251228,-0.21634048128461894,-0.3182177468893527,-0.9718208620420308,0.3401278834352899,0.45249229277965614,0.025102267907946035,insufficient_egarch_obs
Equity-option Greek Markowitz,Full-spread post-cost,182,ewma_residual_fallback_insufficient_egarch_obs,60,ok,60,-0.0323109709765651,1.3076360735763943,0.6550956866751784,1.1234862695408974,-0.9842222115193712,0.4537403495886286,0.6182083170909864,0.8485532218588441,insufficient_egarch_obs
Equity-option Greek Markowitz,Full-spread post-cost,183,ewma_residual_fallback_insufficient_egarch_obs,60,ok,60,0.6179650072467204,1.3697311086407797,0.9873964265835785,2.0062972466732067,-0.8912639980137056,0.39028809632214795,0.480440498054473,11.087806114029247,insufficient_egarch_obs
Equity-option Greek Markowitz,Full-spread post-cost,184,ewma_residual_fallback_insufficient_egarch_obs,60,ok,60,1.1469121998394978,1.1194419261782511,1.2049170455210338,2.619621612053115,-0.6145467326467897,0.3207699775586263,0.3430373847057937,45.61119170678241,insufficient_egarch_obs
Equity-option Greek Markowitz,Full-spread post-cost,185,ewma_residual_fallback_insufficient_egarch_obs,60,ok,60,0.25814871538560147,0.85880675009958,0.6659637374742867,1.2531122343313488,-0.8617110974508788,0.2604450355234028,0.324434249909421,3.1525348234600843,insufficient_egarch_obs
Equity-option Greek Markowitz,Full-spread post-cost,186,ewma_residual_fallback_insufficient_egarch_obs,60,ok,60,0.5580905387098025,1.30977966995813,0.9951508989289038,1.81515171671578,-0.8622262420915164,0.446796008359575,0.5427752146089267,9.182553173945552,insufficient_egarch_obs
Equity-option Greek Markowitz,Full-spread post-cost,187,ewma_residual_fallback_insufficient_egarch_obs,60,ok,60,-0.25557082571584167,1.3928847092310743,0.44201000191348033,0.7929648346741457,-0.9489055415775101,0.4636713379025205,0.5565635247750097,0.22862142336010577,insufficient_egarch_obs
Equity-option Greek Markowitz,Full-spread post-cost,188,ewma_residual_fallback_insufficient_egarch_obs,60,ok,60,0.96041598469476,0.900221919463944,1.1873417699218316,2.3851013546337256,-0.5968814420144264,0.31170542590946,0.3216646844613853,28.95617381272014,insufficient_egarch_obs
Equity-option Greek Markowitz,Full-spread post-cost,189,ewma_residual_fallback_insufficient_egarch_obs,60,ok,60,-0.2861099533397069,1.0450781760352559,0.16261714801323526,0.27374749025951534,-0.9255509688664579,0.33104615385341146,0.3716569904037694,0.18542002464729304,insufficient_egarch_obs
Equity-option Greek Markowitz,Full-spread post-cost,190,ewma_residual_fallback_insufficient_egarch_obs,60,ok,60,-0.19225993768734473,0.861647453055111,0.15483513849888128,0.2599633855684045,-0.8854315245903823,0.2880987757189655,0.37475363210340124,0.3438413615055611,insufficient_egarch_obs
Equity-option Greek Markowitz,Full-spread post-cost,191,ewma_residual_fallback_insufficient_egarch_obs,60,ok,60,0.04588401802856468,1.0798581998759227,0.5644999678857388,0.9636461878082413,-0.9799511071929198,0.33910149334083445,0.4437980719337251,1.2514619029872185,insufficient_egarch_obs
Equity-option Greek Markowitz,Full-spread post-cost,192,ewma_residual_fallback_insufficient_egarch_obs,60,ok,60,0.13155422105740677,1.067952035166462,0.6034295788894555,1.12696354239927,-0.9746004154528363,0.3301007090894734,0.36622139218885175,1.8551406640283052,insufficient_egarch_obs
Equity-option Greek Markowitz,Full-spread post-cost,193,ewma_residual_fallback_insufficient_egarch_obs,60,ok,60,0.14629484846612617,1.0784548202796684,0.6338948205912064,1.152387915304945,-0.8210338957365237,0.34766085808477903,0.40813783717349233,1.9791636379145705,insufficient_egarch_obs
Equity-option Greek Markowitz,Full-spread post-cost,194,ewma_residual_fallback_insufficient_egarch_obs,60,ok,60,1.2967493864325612,1.3486048573245752,1.2575982178398688,2.6255457699333657,-0.8808494424988198,0.39478062895839366,0.4148892551123937,63.90988633329795,insufficient_egarch_obs
Equity-option Greek Markowitz,Full-spread post-cost,195,ewma_residual_fallback_insufficient_egarch_obs,60,ok,60,0.18771545552577296,0.9162289071389301,0.6068898773585885,1.1398901498049958,-0.6424906413074335,0.2828471861454563,0.30458383902424263,2.363535009025104,insufficient_egarch_obs
Equity-option Greek Markowitz,Full-spread post-cost,196,ewma_residual_fallback_insufficient_egarch_obs,60,ok,60,1.0270241958887953,0.9886774031386428,1.203069226147454,2.370490296564272,-0.5781280217238708,0.3285956810104298,0.36860581053915875,34.22115503063108,insufficient_egarch_obs
Equity-option Greek Markowitz,Full-spread post-cost,197,ewma_residual_fallback_insufficient_egarch_obs,60,ok,60,-1.0,1.7557759924851293,1.798335772287145,4.098307084151375,-1.1022055952497645,0.4249221962986142,0.7584826800352262,-1400.1435445374523,insufficient_egarch_obs
Equity-option Greek Markowitz,Full-spread post-cost,198,ewma_residual_fallback_insufficient_egarch_obs,60,ok,60,-0.4146992905706809,1.2289229777234614,0.1568322248840304,0.25292529554390364,-0.9954748108613154,0.41554246426979685,0.44362889066924205,0.06869027460382757,insufficient_egarch_obs
Equity-option Greek Markowitz,Full-spread post-cost,199,ewma_residual_fallback_insufficient_egarch_obs,60,ok,60,1.286786551895395,1.301556030097377,1.2685316796904318,2.5512617941147924,-0.766544003776625,0.44078400826984293,0.46427466260568484,62.53571904338487,insufficient_egarch_obs
Equity-option Greek Markowitz,Full-spread post-cost,200,ewma_residual_fallback_insufficient_egarch_obs,60,ok,60,0.2444157146332928,1.0265222760815236,0.6874024183044954,1.2891083529816791,-0.7864352284953926,0.33171812619162505,0.34937559911306665,2.984196618875063,insufficient_egarch_obs
Equity-option Greek Markowitz,Full-spread post-cost,201,ewma_residual_fallback_insufficient_egarch_obs,60,ok,60,0.7895958726941532,0.9070869119174336,1.0634132005586887,2.259950513134267,-0.7161203724072482,0.27053121890262494,0.3285058922393186,18.355864681148077,insufficient_egarch_obs
Equity-option Greek Markowitz,Full-spread post-cost,202,ewma_residual_fallback_insufficient_egarch_obs,60,ok,60,-0.3655768249741098,1.1817527824331393,0.19507461055175623,0.3220632942762387,-0.9923521403657081,0.4033679026752563,0.54472643254089,0.10277682454572364,insufficient_egarch_obs
Equity-option Greek Markowitz,Full-spread post-cost,203,ewma_residual_fallback_insufficient_egarch_obs,60,ok,60,0.30602240663956093,1.0693680772103116,0.7322014263972786,1.4458009202290782,-0.8865761439390496,0.315026238240475,0.32831335290061797,3.799733516340887,insufficient_egarch_obs
Equity-option Greek Markowitz,Full-spread post-cost,204,ewma_residual_fallback_insufficient_egarch_obs,60,ok,60,0.04191244167288111,1.1094022554209828,0.5507467177659201,0.9973436820994487,-0.806613484744556,0.33518378900191803,0.40314363211982296,1.2278805505799335,insufficient_egarch_obs
Equity-option Greek Markowitz,Full-spread post-cost,205,ewma_residual_fallback_insufficient_egarch_obs,60,ok,60,1.2466944260499515,1.2223834503649684,1.2278092593557006,2.7068109333004258,-0.9330324653634053,0.3729073490706716,0.39794438405525084,57.24269064394911,insufficient_egarch_obs
Equity-option Greek Markowitz,Full-spread post-cost,206,ewma_residual_fallback_insufficient_egarch_obs,60,ok,60,0.8603944308460256,0.8821568922817776,1.1177386337382789,2.433700345317986,-0.6066030182205973,0.27527131583295805,0.2858959096821483,22.285642213768973,insufficient_egarch_obs
Equity-option Greek Markowitz,Full-spread post-cost,207,ewma_residual_fallback_insufficient_egarch_obs,60,ok,60,1.7005520496455757,0.9447365104986403,1.5092965480363536,3.734431548472802,-0.7053735555304954,0.2571088415483102,0.3019980631259054,143.63582090579004,insufficient_egarch_obs
Equity-option Greek Markowitz,Full-spread post-cost,208,ewma_residual_fallback_insufficient_egarch_obs,60,ok,60,-0.32779493588294273,0.8884203355726275,-0.03220895293537751,-0.052466089708328535,-0.8910910792675475,0.30640796463467096,0.3156458297533681,0.13724890862343406,insufficient_egarch_obs
Equity-option Greek Markowitz,Full-spread post-cost,209,ewma_residual_fallback_insufficient_egarch_obs,60,ok,60,-0.10359760677593977,0.8648726746970972,0.29793869971456616,0.47511064902467326,-0.9315540934660936,0.29327553958916597,0.38641718562710986,0.578782027390548,insufficient_egarch_obs
Equity-option Greek Markowitz,Full-spread post-cost,210,ewma_residual_fallback_insufficient_egarch_obs,60,ok,60,1.3060585823601887,1.2359608357654805,1.2900551341630082,2.5495080046548977,-0.8558055240083602,0.4099186936367087,0.43622289242097684,65.21562772315036,insufficient_egarch_obs
Equity-option Greek Markowitz,Full-spread post-cost,211,ewma_residual_fallback_insufficient_egarch_obs,60,ok,60,0.9319807611668247,1.0766570516003153,1.1261539649718475,2.2718976464519587,-0.7035028539901356,0.33722161496397174,0.3942919235331342,26.91621488304062,insufficient_egarch_obs
Equity-option Greek Markowitz,Full-spread post-cost,212,ewma_residual_fallback_insufficient_egarch_obs,60,ok,60,0.8450550217914525,1.1179081381333507,1.0752788143531227,2.1880883088476195,-0.6610571988910167,0.3412742545849729,0.3744664448440589,21.381915524027313,insufficient_egarch_obs
Equity-option Greek Markowitz,Full-spread post-cost,213,ewma_residual_fallback_insufficient_egarch_obs,60,ok,60,0.2848837954327299,1.274250651332029,0.7830148748313531,1.5229173367340811,-0.8399735777522895,0.36281508816548314,0.44981690514470624,3.50202514296909,insufficient_egarch_obs
Equity-option Greek Markowitz,Full-spread post-cost,214,ewma_residual_fallback_insufficient_egarch_obs,60,ok,60,0.16350388487884038,1.1509232480017262,0.6619849330521194,1.246117177417896,-0.9201929011643372,0.33552109776714945,0.4069112219597706,2.132255231164687,insufficient_egarch_obs
Equity-option Greek Markowitz,Full-spread post-cost,215,ewma_residual_fallback_insufficient_egarch_obs,60,ok,60,-0.14100371073344886,1.188110927092823,0.4195716520650066,0.7543957112604053,-0.8543992034690314,0.3881879045611637,0.47117663228466267,0.46768822817061045,insufficient_egarch_obs
Equity-option Greek Markowitz,Full-spread post-cost,216,ewma_residual_fallback_insufficient_egarch_obs,60,ok,60,0.1645100838036071,0.8982897394765723,0.5807744509596172,1.0860145465863469,-0.8513191476112612,0.27779085960419436,0.29708560235136994,2.141491070306029,insufficient_egarch_obs
Equity-option Greek Markowitz,Full-spread post-cost,217,ewma_residual_fallback_insufficient_egarch_obs,60,ok,60,-0.06895330778451303,1.0892397199739168,0.47499824561554,0.8046122146554849,-0.8566589379849237,0.38655024088665824,0.5403051667779132,0.6996120925522874,insufficient_egarch_obs
Equity-option Greek Markowitz,Full-spread post-cost,218,ewma_residual_fallback_insufficient_egarch_obs,60,ok,60,2.0876534161434037,1.059007380998388,1.6160506894135933,3.5677583684916216,-0.8386443560109764,0.28257595867181085,0.4142588453728182,280.6355776002918,insufficient_egarch_obs
Equity-option Greek Markowitz,Full-spread post-cost,219,ewma_residual_fallback_insufficient_egarch_obs,60,ok,60,-0.46106028191084714,0.987551515673909,-0.13848833711257208,-0.2135370334805951,-0.9924715834971027,0.34395964043180133,0.434812458716326,0.04546748731116486,insufficient_egarch_obs
Equity-option Greek Markowitz,Full-spread post-cost,220,ewma_residual_fallback_insufficient_egarch_obs,60,ok,60,-0.15320777447742562,0.9296491783624095,0.26981141873963255,0.4376999807833029,-0.831138605898233,0.30207189863875206,0.36687501010296303,0.43539587518131534,insufficient_egarch_obs
Equity-option Greek Markowitz,Full-spread post-cost,221,ewma_residual_fallback_insufficient_egarch_obs,60,ok,60,0.22469852561117332,1.1921867949660112,0.7328535403290064,1.3648240775318783,-0.9167945254651267,0.39813370237540596,0.4819200711465868,2.7551546100599245,insufficient_egarch_obs
Equity-option Greek Markowitz,Full-spread post-cost,222,ewma_residual_fallback_insufficient_egarch_obs,60,ok,60,0.09779045144683218,1.2647440733766526,0.699321063396602,1.2207973690360867,-0.8206043318416936,0.4108280298431026,0.5371169300262122,1.594399850236883,insufficient_egarch_obs
Equity-option Greek Markowitz,Full-spread post-cost,223,ewma_residual_fallback_insufficient_egarch_obs,60,ok,60,-0.08831656847397507,1.0436603784323981,0.3838884138251025,0.6871802126905813,-0.8865429733176997,0.324824768110319,0.35052160050670556,0.6298256029681057,insufficient_egarch_obs
Equity-option Greek Markowitz,Full-spread post-cost,224,ewma_residual_fallback_insufficient_egarch_obs,60,ok,60,-0.42235590849056326,0.881358035993172,-0.20849770062876508,-0.3331500165410259,-0.9695652871027742,0.30141805487076523,0.3150427942811084,0.06431343076180723,insufficient_egarch_obs
Equity-option Greek Markowitz,Full-spread post-cost,225,ewma_residual_fallback_insufficient_egarch_obs,60,ok,60,-0.050788158386378957,1.0188885690112717,0.42781792447612565,0.7389798395375903,-0.8600548498337621,0.3326893500196208,0.37208264652736317,0.7705764593837121,insufficient_egarch_obs
Equity-option Greek Markowitz,Full-spread post-cost,226,ewma_residual_fallback_insufficient_egarch_obs,60,ok,60,0.21018769924154967,0.8086374442588132,0.6183020963648641,1.121810076704585,-0.661516165393996,0.3061314928055166,0.33984640879065303,2.595754834304731,insufficient_egarch_obs
Equity-option Greek Markowitz,Full-spread post-cost,227,ewma_residual_fallback_insufficient_egarch_obs,60,ok,60,0.43387420660666143,1.0459524614281126,0.8255378209829469,1.6078577526181972,-0.7498783024291142,0.3302707219549236,0.36495674692003216,6.061153215051684,insufficient_egarch_obs
Equity-option Greek Markowitz,Full-spread post-cost,228,ewma_residual_fallback_insufficient_egarch_obs,60,ok,60,-0.13669887027348615,0.9885463395823219,0.3063730524992427,0.5437573864222726,-0.9460825567368756,0.3015969140366995,0.4252082469437332,0.4795253225943566,insufficient_egarch_obs
Equity-option Greek Markowitz,Full-spread post-cost,229,ewma_residual_fallback_insufficient_egarch_obs,60,ok,60,0.14026410721566562,1.1638767681794866,0.6538685667912871,1.2106998023861086,-0.8561232428648315,0.3900004929189057,0.4568118739395009,1.927645948881357,insufficient_egarch_obs
Equity-option Greek Markowitz,Full-spread post-cost,230,ewma_residual_fallback_insufficient_egarch_obs,60,ok,60,-0.22848701301919172,0.9784172610736679,0.21896893413172683,0.3493613037700861,-0.8834047580214319,0.34202100357624343,0.4537263911242964,0.2733481915553156,insufficient_egarch_obs
Equity-option Greek Markowitz,Full-spread post-cost,231,ewma_residual_fallback_insufficient_egarch_obs,60,ok,60,0.2526813251736324,1.120157866847344,0.735244162944277,1.345916499442341,-0.870459346648262,0.3305784408622411,0.4398833282232982,3.0846295542319226,insufficient_egarch_obs
Equity-option Greek Markowitz,Full-spread post-cost,232,ewma_residual_fallback_insufficient_egarch_obs,60,ok,60,-0.4312473236251263,2.2664199498751922,0.9395090836366221,1.7681484920514485,-0.9997403520092258,0.7527093000680662,0.7740395455903765,0.05951374319290077,insufficient_egarch_obs
Equity-option Greek Markowitz,Full-spread post-cost,233,ewma_residual_fallback_insufficient_egarch_obs,60,ok,60,0.009302988802437406,0.9723160829552926,0.4594779668373613,0.8168130347497232,-0.7851501988243554,0.292403533488809,0.36230907322433287,1.0473884888666942,insufficient_egarch_obs
Equity-option Greek Markowitz,Full-spread post-cost,234,ewma_residual_fallback_insufficient_egarch_obs,60,ok,60,0.8812534733872552,1.1517012743962949,1.0922923869251862,2.2177767301319276,-0.763850619689114,0.3528797994091559,0.38224284898289124,23.5633250307001,insufficient_egarch_obs
Equity-option Greek Markowitz,Full-spread post-cost,235,ewma_residual_fallback_insufficient_egarch_obs,60,ok,60,0.5212288976260098,1.1376098504076895,0.929229744648029,1.77051412255007,-0.8260615272155585,0.36688884332354654,0.5535301833804546,8.146533240154545,insufficient_egarch_obs
Equity-option Greek Markowitz,Full-spread post-cost,236,ewma_residual_fallback_insufficient_egarch_obs,60,ok,60,0.5806122989962039,0.9233779730063424,0.935886396368705,1.8054799944213518,-0.4838168182095436,0.2968474933544412,0.3287171140335325,9.86567454655298,insufficient_egarch_obs
Equity-option Greek Markowitz,Full-spread post-cost,237,ewma_residual_fallback_insufficient_egarch_obs,60,ok,60,-0.059807632780677356,1.0742027345075544,0.45333026264879617,0.7784499203730284,-0.9035177110572109,0.33182892207801207,0.4218785733568224,0.734655282353858,insufficient_egarch_obs
Equity-option Greek Markowitz,Full-spread post-cost,238,ewma_residual_fallback_insufficient_egarch_obs,60,ok,60,0.3062760254285002,0.9270894298769563,0.7327028729532831,1.2951842217260314,-0.7608120069783303,0.31463634089236076,0.33397282387443533,3.803424334199002,insufficient_egarch_obs
Equity-option Greek Markowitz,Full-spread post-cost,239,ewma_residual_fallback_insufficient_egarch_obs,60,ok,60,-0.07785292198190197,1.165163188605964,0.5517518981181354,0.8937265230692164,-0.9696442272850846,0.4163894185252179,0.6005186052333046,0.6668082620382472,insufficient_egarch_obs
Equity-option Greek Markowitz,Full-spread post-cost,240,ewma_residual_fallback_insufficient_egarch_obs,60,ok,60,1.1404138666898196,1.003852202816409,1.250362873510811,2.5346619929552023,-0.801618348524884,0.3195029855785144,0.3678350456610815,44.925071756683394,insufficient_egarch_obs
Equity-option Greek Markowitz,Full-spread post-cost,241,ewma_residual_fallback_insufficient_egarch_obs,60,ok,60,-0.30703636005550383,0.7597934495647202,-0.11358061246166153,-0.17193939447015105,-0.9009167786544229,0.2613797826235422,0.3373537106479649,0.15979097183367214,insufficient_egarch_obs
Equity-option Greek Markowitz,Full-spread post-cost,242,ewma_residual_fallback_insufficient_egarch_obs,60,ok,60,1.7169169866287706,1.0116247161339313,1.4942317050124192,3.2561851075373847,-0.5779205802264062,0.2696591337242493,0.35977175419562313,148.04094387167916,insufficient_egarch_obs
Equity-option Greek Markowitz,Full-spread post-cost,243,ewma_residual_fallback_insufficient_egarch_obs,60,ok,60,0.29609818922631415,1.033314109566758,0.7195717685917816,1.412994247390617,-0.8323525610100331,0.304375426987724,0.3720427926098009,3.657543662940966,insufficient_egarch_obs
Equity-option Greek Markowitz,Full-spread post-cost,244,ewma_residual_fallback_insufficient_egarch_obs,60,ok,60,0.3496809346827321,0.9732385506905115,0.7744401126462714,1.419655125756882,-0.8763873452390143,0.3408897349377347,0.3956674189464606,4.478737054408381,insufficient_egarch_obs
Equity-option Greek Markowitz,Full-spread post-cost,245,ewma_residual_fallback_insufficient_egarch_obs,60,ok,60,0.1679964896803825,0.7675461974110027,0.5637363348928033,0.9978023223253074,-0.6731226057052384,0.272087518746478,0.3250438664318851,2.1737404534937066,insufficient_egarch_obs
Equity-option Greek Markowitz,Full-spread post-cost,246,ewma_residual_fallback_insufficient_egarch_obs,60,ok,60,0.2967901486850544,0.7901892689717399,0.6980423853814216,1.321564486124746,-0.85432553193617,0.280190421216403,0.29987512438592884,3.6673175201829813,insufficient_egarch_obs
Equity-option Greek Markowitz,Full-spread post-cost,247,ewma_residual_fallback_insufficient_egarch_obs,60,ok,60,0.05280615319724813,0.9526229093582491,0.4921273314639306,0.8942844231539091,-0.8262799384561438,0.3096652612924858,0.33392975250567786,1.2934274473257756,insufficient_egarch_obs
Equity-option Greek Markowitz,Full-spread post-cost,248,ewma_residual_fallback_insufficient_egarch_obs,60,ok,60,0.05974398565674832,0.9954003169416633,0.5382356703473623,0.9183256084982526,-0.6967549745350815,0.31251386005065473,0.3838303298042523,1.3366102969942721,insufficient_egarch_obs
Equity-option Greek Markowitz,Full-spread post-cost,249,ewma_residual_fallback_insufficient_egarch_obs,60,ok,60,0.8477976093512369,1.1922380109305941,1.0669214392750814,2.210443614377581,-0.823755938054451,0.3460294146211338,0.38288629529102053,21.541304730980613,insufficient_egarch_obs
Equity-option Greek Markowitz,Full-spread post-cost,250,ewma_residual_fallback_insufficient_egarch_obs,60,ok,60,1.3348298697355183,0.8773890556675131,1.4093725733375935,2.9653559985261584,-0.6988211783476226,0.2925859438348704,0.32653936009344536,69.3866952262885,insufficient_egarch_obs
Equity-option Greek Markowitz,Full-spread post-cost,251,ewma_residual_fallback_insufficient_egarch_obs,60,ok,60,0.5692077417461976,1.1212602915740144,0.9274506430874414,1.8205933520950002,-0.8140564540992091,0.3690100665911825,0.4170087224324491,9.514855789560519,insufficient_egarch_obs
Equity-option Greek Markowitz,Full-spread post-cost,252,ewma_residual_fallback_insufficient_egarch_obs,60,ok,60,0.53739004217685,0.9389879732947739,0.8892410146437716,1.8177266113110444,-0.7011626765264796,0.305947648406505,0.320580685648081,8.588559305459768,insufficient_egarch_obs
Equity-option Greek Markowitz,Full-spread post-cost,253,ewma_residual_fallback_insufficient_egarch_obs,60,ok,60,0.07275789565320867,0.9660218500212995,0.5040344585371472,0.9656591342431582,-0.8889569334429139,0.29455735585424786,0.34080509166913736,1.4207203408898712,insufficient_egarch_obs
Equity-option Greek Markowitz,Full-spread post-cost,254,ewma_residual_fallback_insufficient_egarch_obs,60,ok,60,0.3866296561787774,1.433191398560164,0.9248308539379241,1.7146735322264732,-0.8982616240071913,0.4384638671457206,0.5313147679089686,5.126281153555319,insufficient_egarch_obs
Equity-option Greek Markowitz,Full-spread post-cost,255,ewma_residual_fallback_insufficient_egarch_obs,60,ok,60,0.24682015331519103,0.7779610049808922,0.6619996052081145,1.1746567701506294,-0.634506863208733,0.2446744901031161,0.3656591820803885,3.0131383116681416,insufficient_egarch_obs
Equity-option Greek Markowitz,Full-spread post-cost,256,ewma_residual_fallback_insufficient_egarch_obs,60,ok,60,0.27903184134857306,1.2301843729680522,0.8203754360275776,1.4779248764823918,-0.887478879252817,0.4057434313849619,0.5592207251945913,3.422999073743046,insufficient_egarch_obs
Equity-option Greek Markowitz,Full-spread post-cost,257,ewma_residual_fallback_insufficient_egarch_obs,60,ok,60,0.9006564921976181,0.825177928124054,1.1838515903144444,2.4202677531735746,-0.49308759910110644,0.26957471327864946,0.3488197880354884,24.803796931114416,insufficient_egarch_obs
Equity-option Greek Markowitz,Full-spread post-cost,258,ewma_residual_fallback_insufficient_egarch_obs,60,ok,60,0.42706039864426737,1.3883752530775313,0.9250622292869458,1.767773029696475,-0.9093378031996123,0.4173285376468141,0.5248389121413836,5.918501643147197,insufficient_egarch_obs
Equity-option Greek Markowitz,Full-spread post-cost,259,ewma_residual_fallback_insufficient_egarch_obs,60,ok,60,-0.05584524507676958,1.0939352643250388,0.4463241710252535,0.7993714224939253,-0.8553271481106879,0.33891427690420484,0.3503060152226982,0.7502671357549064,insufficient_egarch_obs
Equity-option Greek Markowitz,Full-spread post-cost,260,ewma_residual_fallback_insufficient_egarch_obs,60,ok,60,1.0465241066420687,1.119571136898882,1.170450619674534,2.5443169464196878,-0.6721325598831557,0.292255586575696,0.4433095890580476,35.899163042711095,insufficient_egarch_obs
Equity-option Greek Markowitz,Full-spread post-cost,261,ewma_residual_fallback_insufficient_egarch_obs,60,ok,60,0.6250145637683402,0.718675990527689,1.0259795406558088,2.0292193307795867,-0.602111846069997,0.23614740738840936,0.31432397743643137,11.33147090239683,insufficient_egarch_obs
Equity-option Greek Markowitz,Full-spread post-cost,262,ewma_residual_fallback_insufficient_egarch_obs,60,ok,60,-0.31675730987714146,1.3027208349613384,0.3852382245877764,0.6350735207550625,-0.9521855012321357,0.563922865371097,0.6462237707983552,0.14889323632745222,insufficient_egarch_obs
Equity-option Greek Markowitz,Full-spread post-cost,263,ewma_residual_fallback_insufficient_egarch_obs,60,ok,60,0.44848359370813107,1.0827820626748956,0.8555739278367216,1.6329147385995415,-0.8326657691952544,0.3102651099104721,0.4112188580089935,6.376287674538624,insufficient_egarch_obs
Equity-option Greek Markowitz,Full-spread post-cost,264,ewma_residual_fallback_insufficient_egarch_obs,60,ok,60,-0.37995791723731476,0.9252165642346961,-0.08576365486263023,-0.13901453149277007,-0.8907098213609463,0.30433860541990937,0.321263606424182,0.0916443788730398,insufficient_egarch_obs
Equity-option Greek Markowitz,Full-spread post-cost,265,ewma_residual_fallback_insufficient_egarch_obs,60,ok,60,0.024794539321766562,1.2048082440455345,0.6010409541859968,1.065819984544252,-0.9136660440004238,0.3930568276763793,0.4974435223123839,1.130274716673338,insufficient_egarch_obs
Equity-option Greek Markowitz,Full-spread post-cost,266,ewma_residual_fallback_insufficient_egarch_obs,60,ok,60,-0.07335242035778655,1.680992097773941,0.8144099942222763,1.4872697114319742,-0.9558432575188028,0.5865757654144917,0.7070550157643093,0.6832395195333559,insufficient_egarch_obs
Equity-option Greek Markowitz,Full-spread post-cost,267,ewma_residual_fallback_insufficient_egarch_obs,60,ok,60,0.5440543297709106,1.238168736894322,0.9262314325018624,1.8345194256451072,-0.8179849940110604,0.38865657634495704,0.4481485172411043,8.776328845706242,insufficient_egarch_obs
Equity-option Greek Markowitz,Full-spread post-cost,268,ewma_residual_fallback_insufficient_egarch_obs,60,ok,60,-0.28167082858862214,1.276256964979124,0.37785464325402474,0.6213966903206434,-0.9958516321228205,0.42964253322074136,0.5739067090612354,0.1912570785488539,insufficient_egarch_obs
Equity-option Greek Markowitz,Full-spread post-cost,269,ewma_residual_fallback_insufficient_egarch_obs,60,ok,60,-0.5540090162261638,1.1360887292377235,-0.08557069543000403,-0.12235788221364906,-0.9954339962529648,0.5044344829939312,0.5955118212624168,0.01764535479606698,insufficient_egarch_obs
Equity-option Greek Markowitz,Full-spread post-cost,270,ewma_residual_fallback_insufficient_egarch_obs,60,ok,60,1.088065843807379,1.2979082718333277,1.1665588486282819,2.541925745470925,-0.8368901785822045,0.3192060141141147,0.46201555698640734,39.693641834653086,insufficient_egarch_obs
Equity-option Greek Markowitz,Full-spread post-cost,271,ewma_residual_fallback_insufficient_egarch_obs,60,ok,60,0.5835125975553495,1.0850053546800198,0.923161899398509,1.868660124720457,-0.812019161138604,0.325103228918942,0.36408576900597805,9.956520990062453,insufficient_egarch_obs
Equity-option Greek Markowitz,Full-spread post-cost,272,ewma_residual_fallback_insufficient_egarch_obs,60,ok,60,0.8035109683908903,1.2122484458979854,1.0554468709389415,2.1062985895085617,-0.7443012180038067,0.3656401046626272,0.3824195293837742,19.080684017272304,insufficient_egarch_obs
Equity-option Greek Markowitz,Full-spread post-cost,273,ewma_residual_fallback_insufficient_egarch_obs,60,ok,60,-0.0664329867881247,0.9939445178736203,0.40269179546388123,0.6855879619906999,-0.8914855995954306,0.32283788310664174,0.38926228366643495,0.7091326626366198,insufficient_egarch_obs
Equity-option Greek Markowitz,Full-spread post-cost,274,ewma_residual_fallback_insufficient_egarch_obs,60,ok,60,0.8946337866411667,0.9037517538072424,1.1281839070545638,2.5127989141426,-0.5725241515288568,0.2541297116905265,0.29934866985720227,24.413294418387753,insufficient_egarch_obs
Equity-option Greek Markowitz,Full-spread post-cost,275,ewma_residual_fallback_insufficient_egarch_obs,60,ok,60,0.6672311463998348,1.02720218333998,0.9811943652330404,1.953294087286045,-0.6971533812392081,0.3243882379014067,0.3672029543372309,12.881874828737216,insufficient_egarch_obs
Equity-option Greek Markowitz,Full-spread post-cost,276,ewma_residual_fallback_insufficient_egarch_obs,60,ok,60,-0.48304905128212106,0.8756829630436468,-0.3085416529413336,-0.4473266616224596,-0.9574477885615157,0.3534956896954276,0.4206133660986026,0.036918724092713316,insufficient_egarch_obs
Equity-option Greek Markowitz,Full-spread post-cost,277,ewma_residual_fallback_insufficient_egarch_obs,60,ok,60,-0.5713211744959725,2.0269619589717323,0.7587680291948803,1.33497754583632,-0.9998105464426137,0.6393645978948008,0.8730305957697438,0.01447638620445772,insufficient_egarch_obs
Equity-option Greek Markowitz,Full-spread post-cost,278,ewma_residual_fallback_insufficient_egarch_obs,60,ok,60,-0.4921254353332716,0.9924969124985936,-0.1806892362614141,-0.2733434511237034,-0.9929074640735859,0.3579469011525936,0.4923691833116357,0.03378954279235998,insufficient_egarch_obs
Equity-option Greek Markowitz,Full-spread post-cost,279,ewma_residual_fallback_insufficient_egarch_obs,60,ok,60,-0.08166410624555087,1.0780970591156178,0.4362476987346308,0.7562817752095201,-0.8856943981484611,0.3333585264956026,0.43082149009110066,0.6531422780496705,insufficient_egarch_obs
Equity-option Greek Markowitz,Full-spread post-cost,280,ewma_residual_fallback_insufficient_egarch_obs,60,ok,60,1.1819761459794398,0.9573794999810262,1.2870452097617562,2.647333698134541,-0.58852711006694,0.2862138391575624,0.3367638848805426,49.459530812480104,insufficient_egarch_obs
Equity-option Greek Markowitz,Full-spread post-cost,281,ewma_residual_fallback_insufficient_egarch_obs,60,ok,60,0.591599623508378,1.2345238486948118,1.022436536341662,1.8809009057378405,-0.8254000365454792,0.3529490224753968,0.5957797591939534,10.213371724335078,insufficient_egarch_obs
Equity-option Greek Markowitz,Full-spread post-cost,282,ewma_residual_fallback_insufficient_egarch_obs,60,ok,60,1.0343915950482465,0.795925990829373,1.2766659197195356,2.895976156623314,-0.5209542192769381,0.21236655375051064,0.2917297894570789,34.847591296619285,insufficient_egarch_obs
Equity-option Greek Markowitz,Full-spread post-cost,283,ewma_residual_fallback_insufficient_egarch_obs,60,ok,60,0.11752603453849231,0.7357178766211772,0.49101016874278947,0.900180928815773,-0.6142781649452325,0.2555371402108159,0.3090971951999864,1.7429633194111538,insufficient_egarch_obs
Equity-option Greek Markowitz,Full-spread post-cost,284,ewma_residual_fallback_insufficient_egarch_obs,60,ok,60,0.211837347586753,1.0441241365325475,0.6701888335157743,1.255395251873769,-0.7982537342122925,0.3297318029084694,0.4111437964934838,2.613494944790392,insufficient_egarch_obs
Equity-option Greek Markowitz,Full-spread post-cost,285,ewma_residual_fallback_insufficient_egarch_obs,60,ok,60,-0.26208140813845004,1.2850172729714506,0.39906927698414885,0.6730961937730375,-0.989576671806614,0.5444037008951359,0.5849643919763295,0.21879745328128894,insufficient_egarch_obs
Equity-option Greek Markowitz,Full-spread post-cost,286,ewma_residual_fallback_insufficient_egarch_obs,60,ok,60,-0.3850033706751256,0.8122768763426753,-0.19294206895612062,-0.28494447373990606,-0.9476339703316419,0.2852271896728909,0.36346145730601,0.08797589171546699,insufficient_egarch_obs
Equity-option Greek Markowitz,Full-spread post-cost,287,ewma_residual_fallback_insufficient_egarch_obs,60,ok,60,-0.24643816865232238,1.267458675516454,0.4041415425187933,0.6775054737585332,-0.9658540793125828,0.44295557919095874,0.5688553128199695,0.24299339255735594,insufficient_egarch_obs
Equity-option Greek Markowitz,Full-spread post-cost,288,ewma_residual_fallback_insufficient_egarch_obs,60,ok,60,-0.16594000407532794,0.8632989003953626,0.2486727984935166,0.3720423868227914,-0.8922426073567149,0.3096695038774374,0.5187801604549379,0.403632806848023,insufficient_egarch_obs
Equity-option Greek Markowitz,Full-spread post-cost,289,ewma_residual_fallback_insufficient_egarch_obs,60,ok,60,0.10721073360645406,0.8966470747709324,0.5401084011696554,0.9735379313239658,-0.8928494463365291,0.26813716318911485,0.387742015912442,1.6639927759632358,insufficient_egarch_obs
Equity-option Greek Markowitz,Full-spread post-cost,290,ewma_residual_fallback_insufficient_egarch_obs,60,ok,60,0.23202455367597907,1.0653285128364902,0.6943969396340729,1.2742060722473523,-0.8541141888793944,0.3395832671447981,0.36591964958338935,2.8385517480127938,insufficient_egarch_obs
Equity-option Greek Markowitz,Full-spread post-cost,291,ewma_residual_fallback_insufficient_egarch_obs,60,ok,60,0.5574263241929951,1.1114426346647377,0.9229456753133078,1.826054685910784,-0.8235081552725165,0.332280133036504,0.4381382231780044,9.162997227050477,insufficient_egarch_obs
Equity-option Greek Markowitz,Full-spread post-cost,292,ewma_residual_fallback_insufficient_egarch_obs,60,ok,60,0.21746017510307203,1.4651738283979374,0.8497674195108891,1.5667466755186337,-0.9356419105751853,0.4148617912572229,0.5729250993453783,2.6746922453442687,insufficient_egarch_obs
Equity-option Greek Markowitz,Full-spread post-cost,293,ewma_residual_fallback_insufficient_egarch_obs,60,ok,60,0.2826165646744594,0.7609239544031688,0.681189014077384,1.2888513499374907,-0.6128815992778318,0.2496530590415738,0.28667928343359983,3.471236646820269,insufficient_egarch_obs
Equity-option Greek Markowitz,Full-spread post-cost,294,ewma_residual_fallback_insufficient_egarch_obs,60,ok,60,0.5969869836816466,1.1371643959568547,0.9689828408550809,1.8093987640445486,-0.7732433001269938,0.36571463618075856,0.48229712189264534,10.387400627533323,insufficient_egarch_obs
Equity-option Greek Markowitz,Full-spread post-cost,295,ewma_residual_fallback_insufficient_egarch_obs,60,ok,60,0.2529283386202985,1.089659160757125,0.7198021244129159,1.324140780905616,-0.8938860308381054,0.3701102688461411,0.4079106415457338,3.087672010099566,insufficient_egarch_obs
Equity-option Greek Markowitz,Full-spread post-cost,296,ewma_residual_fallback_insufficient_egarch_obs,60,ok,60,0.3553767230717506,0.9758223553327391,0.7647414867034955,1.4525497156831735,-0.8076853279532419,0.30944744513475714,0.3157158827298175,4.574041645936299,insufficient_egarch_obs
Equity-option Greek Markowitz,Full-spread post-cost,297,ewma_residual_fallback_insufficient_egarch_obs,60,ok,60,0.46798891957744004,0.9564076780777934,0.8513393299257807,1.6445259475927203,-0.908254206887795,0.28107223020523026,0.3576438447490351,6.8173232601219205,insufficient_egarch_obs
Equity-option Greek Markowitz,Full-spread post-cost,298,ewma_residual_fallback_insufficient_egarch_obs,60,ok,60,-0.06467871544138104,1.1462660567204996,0.48442624728751776,0.8409193779983721,-0.8415398553515085,0.39648883532529344,0.42592929955146186,0.7158204265807259,insufficient_egarch_obs
Equity-option Greek Markowitz,Full-spread post-cost,299,ewma_residual_fallback_insufficient_egarch_obs,60,ok,60,-0.26480110173775484,1.0877552387870382,0.23506628153039433,0.3897373943157418,-0.9293833021835809,0.35331429319837326,0.4140847855769852,0.2147950347110986,insufficient_egarch_obs
Equity-option Greek Markowitz,Full-spread post-cost,300,ewma_residual_fallback_insufficient_egarch_obs,60,ok,60,0.8144540207207269,0.8550609497162758,1.1235955128828359,2.172524950522571,-0.6418947778364812,0.2766385885321484,0.35988358840639284,19.666625011282278,insufficient_egarch_obs
Equity-option Greek Markowitz,Full-spread post-cost,301,ewma_residual_fallback_insufficient_egarch_obs,60,ok,60,0.1914299198745597,0.9849515248639613,0.6593875492669258,1.1527007517658572,-0.7459801269224107,0.31560704481776747,0.4562992917147793,2.4007255292404897,insufficient_egarch_obs
Equity-option Greek Markowitz,Full-spread post-cost,302,ewma_residual_fallback_insufficient_egarch_obs,60,ok,60,0.3229375360061679,1.1925911647972762,0.8306338790202652,1.514488430346774,-0.9348596929851901,0.36253589598810626,0.5515229313660356,4.052254328475033,insufficient_egarch_obs
Equity-option Greek Markowitz,Full-spread post-cost,303,ewma_residual_fallback_insufficient_egarch_obs,60,ok,60,-0.11075443303528454,0.8265794118569598,0.24133928555846462,0.408726354187723,-0.8294514625234758,0.2741821117120103,0.2996302841303267,0.5560432130007052,insufficient_egarch_obs
Equity-option Greek Markowitz,Full-spread post-cost,304,ewma_residual_fallback_insufficient_egarch_obs,60,ok,60,1.0099309319652257,1.1365136228791675,1.1479633811366152,2.4216772035847347,-0.7385675126763889,0.3557048812806672,0.38686693572459513,32.80240370425112,insufficient_egarch_obs
Equity-option Greek Markowitz,Full-spread post-cost,305,ewma_residual_fallback_insufficient_egarch_obs,60,ok,60,1.432745963007561,1.1381105114072012,1.3150104728902776,2.9424867434878412,-0.8313571506460745,0.30200437104587535,0.3535842020319106,85.20867316912636,insufficient_egarch_obs
Equity-option Greek Markowitz,Full-spread post-cost,306,ewma_residual_fallback_insufficient_egarch_obs,60,ok,60,1.4657245329442405,1.147898705961496,1.3477983653197054,2.86163449889793,-0.7648026481687169,0.32142625126344576,0.42434038073226693,91.14288704703455,insufficient_egarch_obs
Equity-option Greek Markowitz,Full-spread post-cost,307,ewma_residual_fallback_insufficient_egarch_obs,60,ok,60,0.36809923917862863,1.1400910561461486,0.8425017105872663,1.530256766305981,-0.9768187294362314,0.3816977821695386,0.5300913465725016,4.792785656871058,insufficient_egarch_obs
Equity-option Greek Markowitz,Full-spread post-cost,308,ewma_residual_fallback_insufficient_egarch_obs,60,ok,60,0.028651877552721805,1.0880819765127223,0.5578123558154472,0.952869119642373,-0.7931195619010217,0.4106846050707153,0.47938901967930053,1.1517072894602691,insufficient_egarch_obs
Equity-option Greek Markowitz,Full-spread post-cost,309,ewma_residual_fallback_insufficient_egarch_obs,60,ok,60,-0.26195908780855304,1.2551735059689026,0.3654078734706432,0.6208807844468685,-0.8565207024490494,0.39134018249285923,0.5283016789270761,0.21897885710577833,insufficient_egarch_obs
Equity-option Greek Markowitz,Full-spread post-cost,310,ewma_residual_fallback_insufficient_egarch_obs,60,ok,60,-0.4165495065426482,1.4229631708767023,0.28315769083894704,0.48897905412218606,-0.9620973692518938,0.4550756232655726,0.49514696983342055,0.06761142002884744,insufficient_egarch_obs
Equity-option Greek Markowitz,Full-spread post-cost,311,ewma_residual_fallback_insufficient_egarch_obs,60,ok,60,1.2390929793297998,1.5394882064029616,1.2811029828728626,2.6119207014774135,-0.9685683832640657,0.43455031100761726,0.5848357995191679,56.28084912343164,insufficient_egarch_obs
Equity-option Greek Markowitz,Full-spread post-cost,312,ewma_residual_fallback_insufficient_egarch_obs,60,ok,60,0.0519933280999203,1.0037222567892865,0.5166952906679895,0.917702143623744,-0.880127480520005,0.31196391871707874,0.35092019187282286,1.2884421602949092,insufficient_egarch_obs
Equity-option Greek Markowitz,Full-spread post-cost,313,ewma_residual_fallback_insufficient_egarch_obs,60,ok,60,0.5480776344534404,1.0450772238735249,0.9048096557739148,1.765983291438215,-0.7769708636010463,0.30615794503333343,0.3349680056792712,8.891267602584596,insufficient_egarch_obs
Equity-option Greek Markowitz,Full-spread post-cost,314,ewma_residual_fallback_insufficient_egarch_obs,60,ok,60,0.3214583121471919,1.0781255549601598,0.7735916139297773,1.4139426584182437,-0.7904915069470413,0.35377399981079977,0.42210732584962535,4.029650080495505,insufficient_egarch_obs
Equity-option Greek Markowitz,Full-spread post-cost,315,ewma_residual_fallback_insufficient_egarch_obs,60,ok,60,-0.12934978480650705,0.9288719969326166,0.2789932117066031,0.4889781077288752,-0.9073534142711068,0.2926563436341602,0.35694169161549055,0.5002862404508208,insufficient_egarch_obs
Equity-option Greek Markowitz,Full-spread post-cost,316,ewma_residual_fallback_insufficient_egarch_obs,60,ok,60,-0.41764363370630764,1.5536945984632333,0.44766334586091694,0.7657191300255997,-0.9986894004945673,0.535151654082156,0.6506974458761675,0.0669798449095532,insufficient_egarch_obs
Equity-option Greek Markowitz,Full-spread post-cost,317,ewma_residual_fallback_insufficient_egarch_obs,60,ok,60,-0.3405719555671962,1.0546706986102299,0.08947463188855925,0.152669165001359,-0.9753497570207199,0.34929546883590984,0.4326302806898023,0.12469156198553791,insufficient_egarch_obs
Equity-option Greek Markowitz,Full-spread post-cost,318,ewma_residual_fallback_insufficient_egarch_obs,60,ok,60,0.3212074959326854,1.0071531789629773,0.7400470632861155,1.423827982139978,-0.8572431324141524,0.32676449824706977,0.35661517981713836,4.025827341726748,insufficient_egarch_obs
Equity-option Greek Markowitz,Full-spread post-cost,319,ewma_residual_fallback_insufficient_egarch_obs,60,ok,60,1.3139360121234929,1.0530402121379685,1.3246541997505867,2.747403788582211,-0.5954210532689601,0.3146578879693761,0.42347239661548186,66.33713722177406,insufficient_egarch_obs
Equity-option Greek Markowitz,Full-spread post-cost,320,ewma_residual_fallback_insufficient_egarch_obs,60,ok,60,2.518661684074735,1.5983294694439683,1.5888836359599807,3.514439131588344,-0.8003032091158538,0.43305156387063976,0.5647056113227201,539.3709589069974,insufficient_egarch_obs
Equity-option Greek Markowitz,Full-spread post-cost,321,ewma_residual_fallback_insufficient_egarch_obs,60,ok,60,0.5533715391177527,0.9658133040311576,0.9140781392388281,1.767227809976192,-0.8134931319676232,0.3081135053393004,0.35330695829928915,9.044336636714084,insufficient_egarch_obs
Equity-option Greek Markowitz,Full-spread post-cost,322,ewma_residual_fallback_insufficient_egarch_obs,60,ok,60,0.269786777304734,0.8392909686280879,0.6803294481817314,1.2797696981536968,-0.6801409069250455,0.27755412186668693,0.3811402885325809,3.301064434743171,insufficient_egarch_obs
Equity-option Greek Markowitz,Full-spread post-cost,323,ewma_residual_fallback_insufficient_egarch_obs,60,ok,60,-0.046727893038999824,0.9280583879284169,0.3924079273803444,0.6589867157177407,-0.8255760500950019,0.3114748917083678,0.4119546295908121,0.7871988085051079,insufficient_egarch_obs
Equity-option Greek Markowitz,Full-spread post-cost,324,ewma_residual_fallback_insufficient_egarch_obs,60,ok,60,0.28909856175014714,0.9209806631135208,0.7272338867896823,1.2738707035854548,-0.8540435795374643,0.29704498307914123,0.41894476976719247,3.5598411526549323,insufficient_egarch_obs
Equity-option Greek Markowitz,Full-spread post-cost,325,ewma_residual_fallback_insufficient_egarch_obs,60,ok,60,-0.17778983954995498,0.8481917532242144,0.16372611871584528,0.2773446845845891,-0.8554924608637211,0.28515993065652184,0.3282298211316741,0.37576315732927074,insufficient_egarch_obs
Equity-option Greek Markowitz,Full-spread post-cost,326,ewma_residual_fallback_insufficient_egarch_obs,60,ok,60,-0.1643127795085778,0.9398311836360959,0.24940727926941397,0.417458780510949,-0.8448409420922272,0.3131380795765763,0.3324982205916575,0.40758557417848973,insufficient_egarch_obs
Equity-option Greek Markowitz,Full-spread post-cost,327,ewma_residual_fallback_insufficient_egarch_obs,60,ok,60,0.16898763952881413,0.9675417949041794,0.6059582373795185,1.1263695307181412,-0.7768748767878265,0.3043606575403716,0.34445380115613733,2.182979189319704,insufficient_egarch_obs
Equity-option Greek Markowitz,Full-spread post-cost,328,ewma_residual_fallback_insufficient_egarch_obs,60,ok,60,-0.02129077720678274,0.9205796626009531,0.401972054201639,0.7197010472273042,-0.7648302228440691,0.3225151740636165,0.33121932235893675,0.897983598428038,insufficient_egarch_obs
Equity-option Greek Markowitz,Full-spread post-cost,329,ewma_residual_fallback_insufficient_egarch_obs,60,ok,60,-0.15779211701696316,1.029073053734492,0.3359109673450755,0.5561144229256558,-0.97463014303473,0.4024211392773037,0.4837536049991518,0.42373711978214645,insufficient_egarch_obs
Equity-option Greek Markowitz,Full-spread post-cost,330,ewma_residual_fallback_insufficient_egarch_obs,60,ok,60,0.5501467522005958,0.8521384831267451,0.9228580822116998,1.7410399935719463,-0.6975679151984013,0.2866541821489307,0.30362076302189084,8.950845762652618,insufficient_egarch_obs
Equity-option Greek Markowitz,Full-spread post-cost,331,ewma_residual_fallback_insufficient_egarch_obs,60,ok,60,-0.12550554999213326,1.090578584641718,0.37287068160948533,0.668478455465316,-0.8792861115072882,0.3496491187450661,0.37783113277152264,0.511428926130523,insufficient_egarch_obs
Equity-option Greek Markowitz,Full-spread post-cost,332,ewma_residual_fallback_insufficient_egarch_obs,60,ok,60,0.14797136302061453,0.8944164044103416,0.5522506211416234,1.0949762164899672,-0.765563900522582,0.25234242349380265,0.28385977981156113,1.9936791730106251,insufficient_egarch_obs
Equity-option Greek Markowitz,Full-spread post-cost,333,ewma_residual_fallback_insufficient_egarch_obs,60,ok,60,-0.3951162824808939,0.9439024445149392,-0.07013439419181393,-0.10786222069738736,-0.9822552274696238,0.3197787843756459,0.4012437387352262,0.08097658749506503,insufficient_egarch_obs
Equity-option Greek Markowitz,Full-spread post-cost,334,ewma_residual_fallback_insufficient_egarch_obs,60,ok,60,-0.3917119851992602,1.3231633245083967,0.2664856315291097,0.4565753934282586,-0.9980972183285987,0.4301247067683531,0.5521539695845711,0.08328107028333133,insufficient_egarch_obs
Equity-option Greek Markowitz,Full-spread post-cost,335,ewma_residual_fallback_insufficient_egarch_obs,60,ok,60,1.0067830454399584,1.460485391598083,1.1804594364044119,2.357683166206132,-0.8264504957512423,0.4394576619095581,0.5270631870785137,32.54633691625212,insufficient_egarch_obs
Equity-option Greek Markowitz,Full-spread post-cost,336,ewma_residual_fallback_insufficient_egarch_obs,60,ok,60,0.16778038709621934,1.0163671936708547,0.614266277000349,1.1750469861752548,-0.7859319048385345,0.3079400224549973,0.32613216070562273,2.1717302713609907,insufficient_egarch_obs
Equity-option Greek Markowitz,Full-spread post-cost,337,ewma_residual_fallback_insufficient_egarch_obs,60,ok,60,0.22403619757659188,0.8218422686349323,0.6301217798153259,1.1623322149081465,-0.6780980053767407,0.2990667041455735,0.3065722290788991,2.747712601219645,insufficient_egarch_obs
Equity-option Greek Markowitz,Full-spread post-cost,338,ewma_residual_fallback_insufficient_egarch_obs,60,ok,60,3.0064163028590842,1.3889928625159795,1.7007945173287164,3.894176801336339,-0.8247230279416053,0.39380469613947294,0.5204979973530213,1032.2392580810433,insufficient_egarch_obs
Equity-option Greek Markowitz,Full-spread post-cost,339,ewma_residual_fallback_insufficient_egarch_obs,60,ok,60,1.4543196822872817,1.0805022198187595,1.3636233851043538,2.8958764022108996,-0.7168568297209329,0.3515731742265243,0.42666056675783753,89.0544551662507,insufficient_egarch_obs
Equity-option Greek Markowitz,Full-spread post-cost,340,ewma_residual_fallback_insufficient_egarch_obs,60,ok,60,0.22037828957100358,0.9530395501755549,0.6492166442336738,1.198397026888134,-0.7120238339508366,0.32849515094916,0.33373156711009616,2.706900952340476,insufficient_egarch_obs
Equity-option Greek Markowitz,Full-spread post-cost,341,ewma_residual_fallback_insufficient_egarch_obs,60,ok,60,-0.044664172592801754,1.1867355828244883,0.5234365357114399,0.9180945201260428,-0.965296834569896,0.39569611775988317,0.45254158682373546,0.795756739962951,insufficient_egarch_obs
Equity-option Greek Markowitz,Full-spread post-cost,342,ewma_residual_fallback_insufficient_egarch_obs,60,ok,60,1.879338242883482,1.2829917499969552,1.4949540357430178,3.07586958042656,-0.8827266164457993,0.36613959023522713,0.5452959017388671,197.90803534528706,insufficient_egarch_obs
Equity-option Greek Markowitz,Full-spread post-cost,343,ewma_residual_fallback_insufficient_egarch_obs,60,ok,60,1.6869213733578188,1.2411236200582614,1.3918987493246928,3.050062320131624,-0.7158469070332109,0.34761323931114174,0.43829800160839816,140.04731596391778,insufficient_egarch_obs
Equity-option Greek Markowitz,Full-spread post-cost,344,ewma_residual_fallback_insufficient_egarch_obs,60,ok,60,1.4582406421959475,1.051898663200688,1.3717129422707366,2.9193882440603653,-0.7016116261078601,0.30985311891418266,0.3570981086994982,89.76808757095709,insufficient_egarch_obs
Equity-option Greek Markowitz,Full-spread post-cost,345,ewma_residual_fallback_insufficient_egarch_obs,60,ok,60,-0.011680579987294437,1.0732356897999902,0.5013923466298115,0.8920835072242265,-0.8593143988916758,0.35790250539778085,0.44849087031698737,0.9429456158981976,insufficient_egarch_obs
Equity-option Greek Markowitz,Full-spread post-cost,346,ewma_residual_fallback_insufficient_egarch_obs,60,ok,60,-0.04870511180703996,1.6190009620867403,0.8226250032920227,1.4818219705351594,-0.990907840004949,0.47251621107214137,0.74657597391993,0.7790688056498002,insufficient_egarch_obs
Equity-option Greek Markowitz,Full-spread post-cost,347,ewma_residual_fallback_insufficient_egarch_obs,60,ok,60,0.6716367924743927,0.8971514173168516,1.0139280654151757,1.8636833308388232,-0.7416065857419691,0.2953097545910828,0.32665927873333445,13.052978018904586,insufficient_egarch_obs
Equity-option Greek Markowitz,Full-spread post-cost,348,ewma_residual_fallback_insufficient_egarch_obs,60,ok,60,0.3086790501481331,1.151518804310732,0.8013987041862384,1.4544011193142574,-0.6880877653952171,0.35034939394424525,0.5171243317555655,3.8385371713451306,insufficient_egarch_obs
Equity-option Greek Markowitz,Full-spread post-cost,349,ewma_residual_fallback_insufficient_egarch_obs,60,ok,60,0.9973547489308701,1.3329334017925991,1.1222087431275085,2.405043736213229,-0.7745396747916402,0.39233583328690597,0.4156280982242117,31.788938962826347,insufficient_egarch_obs
Equity-option Greek Markowitz,Full-spread post-cost,350,ewma_residual_fallback_insufficient_egarch_obs,60,ok,60,0.1055346544826834,0.7860390390152413,0.4813591209535662,0.9157922598965411,-0.7894879860195666,0.24457072811781533,0.26489310873154187,1.6514362119847903,insufficient_egarch_obs
Equity-option Greek Markowitz,Full-spread post-cost,351,ewma_residual_fallback_insufficient_egarch_obs,60,ok,60,0.4385032605176953,1.1095063477812999,0.8422391135537405,1.6189229735273665,-0.876235194837809,0.3257740854110312,0.35798593940354634,6.159624716735753,insufficient_egarch_obs
Equity-option Greek Markowitz,Full-spread post-cost,352,ewma_residual_fallback_insufficient_egarch_obs,60,ok,60,-0.35464518933428657,1.1129229346496279,0.16526338479249836,0.2536529134203356,-0.9814600038911225,0.37426932068062085,0.4476878564641881,0.11194192187323046,insufficient_egarch_obs
Equity-option Greek Markowitz,Full-spread post-cost,353,ewma_residual_fallback_insufficient_egarch_obs,60,ok,60,0.11657888649051351,1.0878649485719634,0.6151152953004874,1.1094209207471393,-0.934745978241629,0.36600303281345065,0.4362145911394708,1.7355896730165314,insufficient_egarch_obs
Equity-option Greek Markowitz,Full-spread post-cost,354,ewma_residual_fallback_insufficient_egarch_obs,60,ok,60,0.5614677105741186,0.8943704295914398,0.9180982119928401,1.817664126452851,-0.7127295100125366,0.2977699001689699,0.31253122226270985,9.28250174727258,insufficient_egarch_obs
Equity-option Greek Markowitz,Full-spread post-cost,355,ewma_residual_fallback_insufficient_egarch_obs,60,ok,60,1.7961982154085145,1.5212645335830115,1.36940112111223,3.1475374667149696,-0.7947744639725711,0.4317417252372058,0.4542124237002297,170.93845368678905,insufficient_egarch_obs
Equity-option Greek Markowitz,Full-spread post-cost,356,ewma_residual_fallback_insufficient_egarch_obs,60,ok,60,-0.17549160095954985,1.2299378306397823,0.43760526958114976,0.7465715717085412,-0.9489809960427417,0.40692185487303495,0.5137126418016974,0.3810442567977804,insufficient_egarch_obs
Equity-option Greek Markowitz,Full-spread post-cost,357,ewma_residual_fallback_insufficient_egarch_obs,60,ok,60,-0.2663155438341236,1.0185895121053379,0.17143710413628357,0.28703069785760404,-0.9639841942602398,0.3696631700191423,0.42621024516194933,0.2125918401259469,insufficient_egarch_obs
Equity-option Greek Markowitz,Full-spread post-cost,358,ewma_residual_fallback_insufficient_egarch_obs,60,ok,60,-0.40215068446758717,1.2690621746342519,0.24527899316640447,0.38276527458779486,-0.952472443011297,0.499186532806138,0.5296868102541317,0.07637631167515697,insufficient_egarch_obs
Equity-option Greek Markowitz,Full-spread post-cost,359,ewma_residual_fallback_insufficient_egarch_obs,60,ok,60,1.1598711213270616,0.9307132377845403,1.2875547155792284,2.634462994212531,-0.5605823586586763,0.30583142911648625,0.3273313939821976,47.00447309043946,insufficient_egarch_obs
Equity-option Greek Markowitz,Full-spread post-cost,360,ewma_residual_fallback_insufficient_egarch_obs,60,ok,60,-0.29290509548740384,1.4109642829479276,0.4221041363427499,0.7434961064932946,-0.987680612286008,0.44793910811797416,0.5491410259393911,0.17676184995289532,insufficient_egarch_obs
Equity-option Greek Markowitz,Full-spread post-cost,361,ewma_residual_fallback_insufficient_egarch_obs,60,ok,60,0.32136300346868407,0.9880937037802794,0.7417945418753938,1.4088785514204025,-0.8779635457867025,0.34045620118154707,0.36019022382419114,4.028197120441394,insufficient_egarch_obs
Equity-option Greek Markowitz,Full-spread post-cost,362,ewma_residual_fallback_insufficient_egarch_obs,60,ok,60,1.041313764641019,1.031861864074646,1.171474410731156,2.5810507605389676,-0.736053556820174,0.28364049816847364,0.33101182408753455,35.44449721433783,insufficient_egarch_obs
Equity-option Greek Markowitz,Full-spread post-cost,363,ewma_residual_fallback_insufficient_egarch_obs,60,ok,60,-0.2144077601118256,1.1631583729184902,0.3675919328215655,0.6112981607025524,-0.9814761760691497,0.41498627923069686,0.528932239343367,0.29921676560755445,insufficient_egarch_obs
Equity-option Greek Markowitz,Full-spread post-cost,364,ewma_residual_fallback_insufficient_egarch_obs,60,ok,60,-0.07435409688310135,1.000972408060402,0.43100706293019597,0.6843264232910726,-0.9207629288780983,0.386656858045617,0.4831647375409222,0.6795546936909154,insufficient_egarch_obs
Equity-option Greek Markowitz,Full-spread post-cost,365,ewma_residual_fallback_insufficient_egarch_obs,60,ok,60,1.1960442236659334,1.0972615523146017,1.2445992655327833,2.61643638379723,-0.6582984053569232,0.33898076589775283,0.3727004765893214,51.07465105300351,insufficient_egarch_obs
Equity-option Greek Markowitz,Full-spread post-cost,366,ewma_residual_fallback_insufficient_egarch_obs,60,ok,60,0.6028385046754998,1.2062571342069432,1.0108971720050042,1.8585040874063572,-0.8413630629662838,0.5093772805125474,0.5636709476932257,10.579102726378064,insufficient_egarch_obs
Equity-option Greek Markowitz,Full-spread post-cost,367,ewma_residual_fallback_insufficient_egarch_obs,60,ok,60,0.34021122467036213,0.9621577128945061,0.7411493155075498,1.467505625994376,-0.5700737483595829,0.31337380506279044,0.34712930308944395,4.323806547185776,insufficient_egarch_obs
Equity-option Greek Markowitz,Full-spread post-cost,368,ewma_residual_fallback_insufficient_egarch_obs,60,ok,60,-0.01991479952458053,1.209869334456404,0.5478556848282429,0.9861302166425644,-0.9153088992513662,0.4166735550809776,0.46706833116228125,0.9043137961569255,insufficient_egarch_obs
Equity-option Greek Markowitz,Full-spread post-cost,369,ewma_residual_fallback_insufficient_egarch_obs,60,ok,60,0.9846627733066033,1.054279619235942,1.179675818809673,2.2773099629307545,-0.7681443829968153,0.3768364575353979,0.4740711413911492,30.791696547471123,insufficient_egarch_obs
Equity-option Greek Markowitz,Full-spread post-cost,370,ewma_residual_fallback_insufficient_egarch_obs,60,ok,60,0.4107369852196603,0.8005550631754337,0.8030255776620693,1.5618921303074549,-0.705062342201807,0.24944945258762385,0.29389444168844064,5.587663727410351,insufficient_egarch_obs
Equity-option Greek Markowitz,Full-spread post-cost,371,ewma_residual_fallback_insufficient_egarch_obs,60,ok,60,1.3643383419936388,0.9397393177178,1.3799403573163704,2.946039694595835,-0.6241603856176665,0.2968958802144084,0.31793214249550766,73.8836131555115,insufficient_egarch_obs
Equity-option Greek Markowitz,Full-spread post-cost,372,ewma_residual_fallback_insufficient_egarch_obs,60,ok,60,0.5828010600505287,1.1107179414483912,0.944553250990422,1.8274932663203285,-0.9073089342856315,0.3355012594792181,0.43402064212611524,9.934171706852668,insufficient_egarch_obs
Equity-option Greek Markowitz,Full-spread post-cost,373,ewma_residual_fallback_insufficient_egarch_obs,60,ok,60,-0.16681330454068144,0.9283713535926659,0.25026578112651104,0.4088093196346775,-0.9147604345889391,0.33734988831394386,0.3945120852243153,0.40152411359464296,insufficient_egarch_obs
Equity-option Greek Markowitz,Full-spread post-cost,374,ewma_residual_fallback_insufficient_egarch_obs,60,ok,60,0.27566942535866934,0.9995935018058234,0.7158340745598866,1.3069067047930973,-0.8240219573880576,0.33895357636257134,0.3845728695759427,3.378241816793233,insufficient_egarch_obs
Equity-option Greek Markowitz,Full-spread post-cost,375,ewma_residual_fallback_insufficient_egarch_obs,60,ok,60,1.8000708028567738,1.2240137606006,1.433469521635427,3.178975161140525,-0.666184373253337,0.35345640405184775,0.36501979062824824,172.12544080085783,insufficient_egarch_obs
Equity-option Greek Markowitz,Full-spread post-cost,376,ewma_residual_fallback_insufficient_egarch_obs,60,ok,60,0.9576351692779612,0.9208532292848907,1.1740052373530827,2.503433943506367,-0.7402191726022374,0.26538612249092447,0.3804232281515172,28.751386508509935,insufficient_egarch_obs
Equity-option Greek Markowitz,Full-spread post-cost,377,ewma_residual_fallback_insufficient_egarch_obs,60,ok,60,1.004519927602952,1.430653811095135,1.1630737619179803,2.418815413790456,-0.90167575121625,0.3829885696109054,0.5418056664938486,32.36323228569348,insufficient_egarch_obs
Equity-option Greek Markowitz,Full-spread post-cost,378,ewma_residual_fallback_insufficient_egarch_obs,60,ok,60,-0.0686095964634067,0.9486248871119289,0.3625868594828322,0.6447587215348218,-0.8249892711290169,0.31772290631378186,0.37178906578447846,0.7009044133732761,insufficient_egarch_obs
Equity-option Greek Markowitz,Full-spread post-cost,379,ewma_residual_fallback_insufficient_egarch_obs,60,ok,60,0.1651885201548684,1.0687569373718648,0.648375631060955,1.175436395120267,-0.9176310874677018,0.3375275356828193,0.45122564624254924,2.1477364401636647,insufficient_egarch_obs
Equity-option Greek Markowitz,Full-spread post-cost,380,ewma_residual_fallback_insufficient_egarch_obs,60,ok,60,0.1997591868851747,1.185759955693992,0.7075159417074542,1.3081756957766133,-0.9134649511805881,0.35906699591964797,0.45801060764389473,2.4858242515081397,insufficient_egarch_obs
Equity-option Greek Markowitz,Full-spread post-cost,381,ewma_residual_fallback_insufficient_egarch_obs,60,ok,60,-0.25970499522433743,0.952103789541507,0.15650602554713397,0.24483165135504298,-0.9644615173966921,0.34076501415251903,0.46431816979333734,0.22234332435450913,insufficient_egarch_obs
Equity-option Greek Markowitz,Full-spread post-cost,382,ewma_residual_fallback_insufficient_egarch_obs,60,ok,60,-0.36672798225207337,1.0928473512811512,0.12424226230300896,0.19640279262305835,-0.9805967551513697,0.37006986402975395,0.5108613435423877,0.10184776237862528,insufficient_egarch_obs
Equity-option Greek Markowitz,Full-spread post-cost,383,ewma_residual_fallback_insufficient_egarch_obs,60,ok,60,0.06943842284835333,0.9925492554982941,0.563920771818657,0.9535506659123391,-0.9104014673689137,0.3383974780816744,0.4803449161680138,1.3988750266290408,insufficient_egarch_obs
Equity-option Greek Markowitz,Full-spread post-cost,384,ewma_residual_fallback_insufficient_egarch_obs,60,ok,60,-0.03838607193825894,1.3772090446603906,0.6515110570671636,1.1370132633344017,-0.9744673120726174,0.4135627877691474,0.5180129805180761,0.822249702895321,insufficient_egarch_obs
Equity-option Greek Markowitz,Full-spread post-cost,385,ewma_residual_fallback_insufficient_egarch_obs,60,ok,60,0.009249515534837327,0.8912507412685912,0.4201058476126038,0.7561282718180093,-0.6843731169972757,0.30384524999151213,0.3167569799111945,1.0471110630029725,insufficient_egarch_obs
Equity-option Greek Markowitz,Full-spread post-cost,386,ewma_residual_fallback_insufficient_egarch_obs,60,ok,60,0.6292548438843257,1.0265783077422435,0.9820385638104199,1.8527629659096967,-0.6688065981392537,0.34857539414907557,0.4645004773863806,11.480085016821159,insufficient_egarch_obs
Equity-option Greek Markowitz,Full-spread post-cost,387,ewma_residual_fallback_insufficient_egarch_obs,60,ok,60,0.0006866646160093026,0.9632151435847911,0.4517801877954792,0.7836551920226058,-0.9223714678794447,0.31685287298745834,0.34785633144659284,1.0034380414017872,insufficient_egarch_obs
Equity-option Greek Markowitz,Full-spread post-cost,388,ewma_residual_fallback_insufficient_egarch_obs,60,ok,60,1.0708698956679332,0.6930741984738784,1.4016743834998666,3.0569242849916893,-0.5455610375557032,0.2171040849031916,0.24099049732155456,38.08588695086355,insufficient_egarch_obs
Equity-option Greek Markowitz,Full-spread post-cost,389,ewma_residual_fallback_insufficient_egarch_obs,60,ok,60,0.19681790643177344,1.163019412465526,0.7031726606229157,1.2948973550178906,-0.8852863404273453,0.3478559615844259,0.43798598834438973,2.4555025629498326,insufficient_egarch_obs
Equity-option Greek Markowitz,Full-spread post-cost,390,ewma_residual_fallback_insufficient_egarch_obs,60,ok,60,0.3661930185340847,1.2791092229142345,0.8977074176309056,1.617215561133194,-0.9209869419226288,0.402354532567132,0.59223579611115,4.759488792011629,insufficient_egarch_obs
Equity-option Greek Markowitz,Full-spread post-cost,391,ewma_residual_fallback_insufficient_egarch_obs,60,ok,60,0.12687189689123946,0.8638948557627314,0.5388792123401395,0.972824848572585,-0.8519941052166188,0.2795156078191668,0.3026337292744489,1.8170745290494912,insufficient_egarch_obs
Equity-option Greek Markowitz,Full-spread post-cost,392,ewma_residual_fallback_insufficient_egarch_obs,60,ok,60,-0.2565357368429967,1.1147853006611772,0.27016839553342487,0.4470076910390877,-0.9724799830508485,0.4232763548771094,0.46367547151768135,0.22714359153571698,insufficient_egarch_obs
Equity-option Greek Markowitz,Full-spread post-cost,393,ewma_residual_fallback_insufficient_egarch_obs,60,ok,60,0.632901562604842,0.8953952687985479,0.9802513036534919,1.8764740072704802,-0.7962089410281714,0.285340975175204,0.31010616562235144,11.609139320747769,insufficient_egarch_obs
Equity-option Greek Markowitz,Full-spread post-cost,394,ewma_residual_fallback_insufficient_egarch_obs,60,ok,60,0.052709690494460615,1.3735833781892377,0.7055648285103849,1.2637548164987051,-0.9397629461945999,0.4290508635150818,0.5522594186010955,1.2928350085104465,insufficient_egarch_obs
Equity-option Greek Markowitz,Full-spread post-cost,395,ewma_residual_fallback_insufficient_egarch_obs,60,ok,60,1.3468174551606737,1.0928507783782022,1.295760136383368,2.918726921628818,-0.7348183507476496,0.2958424247105386,0.4173039530971085,71.18632102250473,insufficient_egarch_obs
Equity-option Greek Markowitz,Full-spread post-cost,396,ewma_residual_fallback_insufficient_egarch_obs,60,ok,60,1.2091549537888655,1.4129135085284792,1.2268760111051582,2.5544045966804942,-0.7776418166395144,0.40133465671975416,0.45899440617308623,52.61758306960414,insufficient_egarch_obs
Equity-option Greek Markowitz,Full-spread post-cost,397,ewma_residual_fallback_insufficient_egarch_obs,60,ok,60,-0.04675531674896227,0.7997247344280574,0.31969146846850427,0.5296348165007891,-0.8709229912415724,0.2895309969599931,0.35547997859872393,0.787085584434015,insufficient_egarch_obs
Equity-option Greek Markowitz,Full-spread post-cost,398,ewma_residual_fallback_insufficient_egarch_obs,60,ok,60,-0.2231803149842695,0.9594150188546438,0.17722480082855555,0.3040932790251078,-0.8690142331625857,0.29042049433670764,0.3327230400179559,0.28287926273629005,insufficient_egarch_obs
Equity-option Greek Markowitz,Full-spread post-cost,399,ewma_residual_fallback_insufficient_egarch_obs,60,ok,60,-0.1070499307921261,1.0254994758269564,0.3635976779742004,0.6376331680152783,-0.9186323822615552,0.3276874479190348,0.3814513655412557,0.5677221990686526,insufficient_egarch_obs
Equity-option Greek Markowitz,Full-spread post-cost,400,ewma_residual_fallback_insufficient_egarch_obs,60,ok,60,-0.14710256965024515,0.6493506110822886,0.0782459997194542,0.11656903721170753,-0.7144419876422416,0.268863189415919,0.3218347700269921,0.45131942872385666,insufficient_egarch_obs
Equity-option Greek Markowitz,Full-spread post-cost,401,ewma_residual_fallback_insufficient_egarch_obs,60,ok,60,-0.2207410245129393,1.0908374158573988,0.29465560336157254,0.4902677721050596,-0.9518197383411974,0.349485991023053,0.42471542157041237,0.287348586980614,insufficient_egarch_obs
Equity-option Greek Markowitz,Full-spread post-cost,402,ewma_residual_fallback_insufficient_egarch_obs,60,ok,60,-0.12502637151867757,0.9197754005167519,0.2741348377940842,0.4831082533234264,-0.9115018696378469,0.2917273262221556,0.316329214576163,0.5128316477053322,insufficient_egarch_obs
Equity-option Greek Markowitz,Full-spread post-cost,403,ewma_residual_fallback_insufficient_egarch_obs,60,ok,60,1.353542234444845,1.2781397286844325,1.2624009478270715,2.8224676370315755,-0.7800782215014752,0.3705185082837128,0.4311350296106184,72.21210097417995,insufficient_egarch_obs
Equity-option Greek Markowitz,Full-spread post-cost,404,ewma_residual_fallback_insufficient_egarch_obs,60,ok,60,0.09369975151052912,0.7809524236245964,0.47656782132135694,0.8609027746554382,-0.7403970619028997,0.27559484340142537,0.2784341337046711,1.5649143292356704,insufficient_egarch_obs
Equity-option Greek Markowitz,Full-spread post-cost,405,ewma_residual_fallback_insufficient_egarch_obs,60,ok,60,0.8065503251763344,1.229845263724373,1.0452226969310772,2.222036786383865,-0.7018839338083753,0.36943557454850223,0.4615888460471648,19.242004912799338,insufficient_egarch_obs
Equity-option Greek Markowitz,Full-spread post-cost,406,ewma_residual_fallback_insufficient_egarch_obs,60,ok,60,1.4378754786211663,1.146848753575774,1.322617793542357,2.908076050714726,-0.6976138894916226,0.32763126460229763,0.40096141158637727,86.11079428065369,insufficient_egarch_obs
Equity-option Greek Markowitz,Full-spread post-cost,407,ewma_residual_fallback_insufficient_egarch_obs,60,ok,60,0.4383019603674334,0.7376465656231659,0.8484237834384616,1.5684393444263398,-0.6779873204394078,0.25030442055482865,0.2864299187656393,6.155316118910673,insufficient_egarch_obs
Equity-option Greek Markowitz,Full-spread post-cost,408,ewma_residual_fallback_insufficient_egarch_obs,60,ok,60,-0.4981837686732946,1.1831248607344733,0.03785382767956572,0.05788961189484348,-0.9654381916359406,0.5172805119245908,0.595285654816056,0.03182171066509739,insufficient_egarch_obs
Equity-option Greek Markowitz,Full-spread post-cost,409,ewma_residual_fallback_insufficient_egarch_obs,60,ok,60,1.338530828213639,1.1164159748845606,1.2889408023516222,2.829788362762745,-0.7559552224323738,0.32839916800251534,0.3642376701808485,69.93836855337712,insufficient_egarch_obs
Equity-option Greek Markowitz,Full-spread post-cost,410,ewma_residual_fallback_insufficient_egarch_obs,60,ok,60,-0.05972662161354225,1.535799501926053,0.6812761100493228,1.271983895364462,-0.9912721300173556,0.5339486694192539,0.5793288169596563,0.7349718427782393,insufficient_egarch_obs
Equity-option Greek Markowitz,Full-spread post-cost,411,ewma_residual_fallback_insufficient_egarch_obs,60,ok,60,0.2718806325817529,1.223569037468983,0.7469871938568923,1.460598697353294,-0.9055884090914937,0.36840219837165555,0.3896120739226307,3.328371319229128,insufficient_egarch_obs
Equity-option Greek Markowitz,Full-spread post-cost,412,ewma_residual_fallback_insufficient_egarch_obs,60,ok,60,0.09742457397952009,1.0314345982144482,0.5826718633148442,1.0352864517312628,-0.9019412194271145,0.3096547528871203,0.4449242857788698,1.5917446701860563,insufficient_egarch_obs
Equity-option Greek Markowitz,Full-spread post-cost,413,ewma_residual_fallback_insufficient_egarch_obs,60,ok,60,-0.7230425563205879,1.2621508776295343,-0.33840446516253897,-0.48906773945790705,-0.9973541124800507,0.4575406772949581,0.6007508430708072,0.0016295406924918619,insufficient_egarch_obs
Equity-option Greek Markowitz,Full-spread post-cost,414,ewma_residual_fallback_insufficient_egarch_obs,60,ok,60,-0.04547826968230506,0.8079993522464339,0.3232014662867363,0.5456879485255189,-0.6889383942148967,0.2853152716449419,0.3322507796669906,0.7923719611641575,insufficient_egarch_obs
Equity-option Greek Markowitz,Full-spread post-cost,415,ewma_residual_fallback_insufficient_egarch_obs,60,ok,60,-0.26570983609319454,1.1266606172314504,0.30390879125515574,0.48284083856093835,-0.9704544435461858,0.47689903595532446,0.5485303469039765,0.21347083730621547,insufficient_egarch_obs
Equity-option Greek Markowitz,Full-spread post-cost,416,ewma_residual_fallback_insufficient_egarch_obs,60,ok,60,-0.12061901438064304,1.0680030445594089,0.38652795372090987,0.6713515072742664,-0.9736399380799607,0.3449850455452711,0.4774242346762714,0.5258784259608529,insufficient_egarch_obs
Equity-option Greek Markowitz,Full-spread post-cost,417,ewma_residual_fallback_insufficient_egarch_obs,60,ok,60,-0.29140402468583826,1.2795321752835718,0.34017737835587863,0.5833055535121963,-0.9954565205752333,0.39192912712830585,0.509036793447971,0.1786460452370101,insufficient_egarch_obs
Equity-option Greek Markowitz,Full-spread post-cost,418,ewma_residual_fallback_insufficient_egarch_obs,60,ok,60,0.6731684190692038,0.9893189985282556,0.9836282223827569,1.9897215382656093,-0.8058141829766698,0.3154794101969592,0.3407430521246639,13.112886240481982,insufficient_egarch_obs
Equity-option Greek Markowitz,Full-spread post-cost,419,ewma_residual_fallback_insufficient_egarch_obs,60,ok,60,-0.42914389491326654,0.9175482823463881,-0.18238787736863435,-0.2921227744635055,-0.9458217203169234,0.3014984569846606,0.32688884706291627,0.06062241735668839,insufficient_egarch_obs
Equity-option Greek Markowitz,Full-spread post-cost,420,ewma_residual_fallback_insufficient_egarch_obs,60,ok,60,0.22125820082681913,1.019292974479851,0.6924304733544311,1.2288579509024733,-0.7639274916976952,0.33088970908287096,0.43766528729582244,2.716673617869489,insufficient_egarch_obs
Equity-option Greek Markowitz,Full-spread post-cost,421,ewma_residual_fallback_insufficient_egarch_obs,60,ok,60,0.3814349064133753,1.4353110018536706,0.9874028760492518,1.809371890954232,-0.9946744822203533,0.533433411579021,0.6888453877253049,5.030974641786597,insufficient_egarch_obs
Equity-option Greek Markowitz,Full-spread post-cost,422,ewma_residual_fallback_insufficient_egarch_obs,60,ok,60,-0.3706286155974584,0.9850590336310995,0.008685696196518176,0.013887690931789947,-0.9346745846257295,0.3352762359356075,0.45950472222706856,0.09874951354469325,insufficient_egarch_obs
Equity-option Greek Markowitz,Full-spread post-cost,423,ewma_residual_fallback_insufficient_egarch_obs,60,ok,60,-0.09996147845940717,0.8963171632752008,0.30929693554032167,0.5261376485164179,-0.8488767718684009,0.2848737717673897,0.41381692721210844,0.590616380732075,insufficient_egarch_obs
Equity-option Greek Markowitz,Full-spread post-cost,424,ewma_residual_fallback_insufficient_egarch_obs,60,ok,60,-0.16354748330043523,0.9369449212133587,0.27563754479382985,0.43755453065540134,-0.9590455569179389,0.3593817664835068,0.43660568433125496,0.4094552660326115,insufficient_egarch_obs
Equity-option Greek Markowitz,Full-spread post-cost,425,ewma_residual_fallback_insufficient_egarch_obs,60,ok,60,0.2748862170483639,0.9460103687411073,0.703130408329863,1.3058163275228918,-0.7989562428740958,0.3291954003054501,0.3971196654165205,3.3678840387489832,insufficient_egarch_obs
Equity-option Greek Markowitz,Full-spread post-cost,426,ewma_residual_fallback_insufficient_egarch_obs,60,ok,60,1.1814250929870784,1.0165859183096138,1.2745541893315915,2.569455855426441,-0.7552248911219285,0.32478456958310814,0.4004180470575667,49.39710790355517,insufficient_egarch_obs
Equity-option Greek Markowitz,Full-spread post-cost,427,ewma_residual_fallback_insufficient_egarch_obs,60,ok,60,0.19287470106386317,1.2193187858744663,0.7196982845764919,1.325815681368704,-0.9480489308617922,0.41798461868412207,0.4528125344832195,2.4153170104800914,insufficient_egarch_obs
Equity-option Greek Markowitz,Full-spread post-cost,428,ewma_residual_fallback_insufficient_egarch_obs,60,ok,60,0.8797485279127037,1.2261276055175483,1.0776579525224794,2.26150869975645,-0.8777006099609976,0.3725522427695274,0.3941593166459467,23.4692259925596,insufficient_egarch_obs
Equity-option Greek Markowitz,Full-spread post-cost,429,ewma_residual_fallback_insufficient_egarch_obs,60,ok,60,1.0971239116149314,1.0764819274500614,1.2152173989516075,2.4237930941259505,-0.8166364393538712,0.33771337109275384,0.3710023557012663,40.56210273815556,insufficient_egarch_obs
Equity-option Greek Markowitz,Full-spread post-cost,430,ewma_residual_fallback_insufficient_egarch_obs,60,ok,60,1.2395067925272607,1.183033332984913,1.2550027125793237,2.5928267139007426,-0.7671145110515695,0.3677313953718804,0.44851392576977567,56.33287547613743,insufficient_egarch_obs
Equity-option Greek Markowitz,Full-spread post-cost,431,ewma_residual_fallback_insufficient_egarch_obs,60,ok,60,-0.4658167151985989,0.7594917573552231,-0.43325074640051975,-0.5977171374477868,-0.9692538820775483,0.30915664404807625,0.34912355295845027,0.043496215497334165,insufficient_egarch_obs
Equity-option Greek Markowitz,Full-spread post-cost,432,ewma_residual_fallback_insufficient_egarch_obs,60,ok,60,-0.4025020463259822,0.7660167627368115,-0.2932482792861226,-0.43135537971125887,-0.9664781261672062,0.3059716877950355,0.35258377754607456,0.07615213981936247,insufficient_egarch_obs
Equity-option Greek Markowitz,Full-spread post-cost,433,ewma_residual_fallback_insufficient_egarch_obs,60,ok,60,0.6606916829045426,1.4213658640654094,1.0717335722696641,2.071573180566312,-0.9014681036991045,0.46029581556141275,0.6117701805426315,12.631212838758524,insufficient_egarch_obs
Equity-option Greek Markowitz,Full-spread post-cost,434,ewma_residual_fallback_insufficient_egarch_obs,60,ok,60,2.1260383006520316,1.195607490790394,1.5734284099499323,3.3882324050611303,-0.7724487023424544,0.37370906328900744,0.5049028617571806,298.51865331887734,insufficient_egarch_obs
Equity-option Greek Markowitz,Full-spread post-cost,435,ewma_residual_fallback_insufficient_egarch_obs,60,ok,60,0.21263750782441004,0.6332309334746326,0.6082209229856423,1.05931417417794,-0.5229410435972038,0.23567563986313525,0.2419025444843543,2.622134628026134,insufficient_egarch_obs
Equity-option Greek Markowitz,Full-spread post-cost,436,ewma_residual_fallback_insufficient_egarch_obs,60,ok,60,-0.1500323361617968,0.8830389385173485,0.24706597077064046,0.39529649336770967,-0.9452395945825135,0.2925498458480039,0.37862525907747724,0.44362092052841995,insufficient_egarch_obs
Equity-option Greek Markowitz,Full-spread post-cost,437,ewma_residual_fallback_insufficient_egarch_obs,60,ok,60,-0.5245222290217448,1.2931632100847987,0.04748993649459778,0.07835118956685065,-0.9832124925052386,0.4385750880093441,0.5159367531170381,0.024302507756513176,insufficient_egarch_obs
Equity-option Greek Markowitz,Full-spread post-cost,438,ewma_residual_fallback_insufficient_egarch_obs,60,ok,60,0.20362118959110487,0.900424405569726,0.6198629025616376,1.1562316294917956,-0.8742868010452199,0.27228954992687926,0.3192288768253481,2.5260917713755946,insufficient_egarch_obs
Equity-option Greek Markowitz,Full-spread post-cost,439,ewma_residual_fallback_insufficient_egarch_obs,60,ok,60,1.5681048306992404,1.1155671588150298,1.3779373304144038,3.0638294935824057,-0.8038215589331902,0.312221217214693,0.3368312384121583,111.70271752811051,insufficient_egarch_obs
Equity-option Greek Markowitz,Full-spread post-cost,440,ewma_residual_fallback_insufficient_egarch_obs,60,ok,60,1.6899644387158497,1.253921064099118,1.4376208754010484,2.867818858890167,-0.7249610291989204,0.39763345705823305,0.501290110572106,140.84216533359282,insufficient_egarch_obs
Equity-option Greek Markowitz,Full-spread post-cost,441,ewma_residual_fallback_insufficient_egarch_obs,60,ok,60,1.0096461960091236,1.3835261426234875,1.1662507071603097,2.3325573861524926,-0.7985398598167438,0.42506445873467635,0.458168762261523,32.77917559798377,insufficient_egarch_obs
Equity-option Greek Markowitz,Full-spread post-cost,442,ewma_residual_fallback_insufficient_egarch_obs,60,ok,60,-0.11485332394725789,0.7167909439202569,0.17051085734069213,0.2745286719389576,-0.8273433764704642,0.2529709687370132,0.275163300258571,0.5433456745182426,insufficient_egarch_obs
Equity-option Greek Markowitz,Full-spread post-cost,443,ewma_residual_fallback_insufficient_egarch_obs,60,ok,60,0.3039469629057203,1.050249467159544,0.7422554147113523,1.405226567943351,-0.895028832560304,0.33155914360319766,0.402488648624658,3.7696379044982877,insufficient_egarch_obs
Equity-option Greek Markowitz,Full-spread post-cost,444,ewma_residual_fallback_insufficient_egarch_obs,60,ok,60,-0.04841581158228869,1.0700060786501961,0.4505755420388967,0.7900167885874213,-0.8715125799537726,0.3472397749896963,0.3683209961775112,0.7802541473851253,insufficient_egarch_obs
Equity-option Greek Markowitz,Full-spread post-cost,445,ewma_residual_fallback_insufficient_egarch_obs,60,ok,60,0.9206651519775062,0.8377153742641623,1.1817402814449465,2.521703444467321,-0.7200738919452374,0.2573470557271009,0.27858161602293835,26.137153212066416,insufficient_egarch_obs
Equity-option Greek Markowitz,Full-spread post-cost,446,ewma_residual_fallback_insufficient_egarch_obs,60,ok,60,0.021480678794603802,0.8343010329759556,0.42052592813792883,0.7127426652697058,-0.8145142464461912,0.28278839690437396,0.3063445028682638,1.1121177747551523,insufficient_egarch_obs
Equity-option Greek Markowitz,Full-spread post-cost,447,ewma_residual_fallback_insufficient_egarch_obs,60,ok,60,0.20673884598459447,1.0131036956655208,0.6548102747196929,1.209058603420461,-0.8862387481598866,0.28121986618416317,0.35043386012142125,2.5589774944536328,insufficient_egarch_obs
Equity-option Greek Markowitz,Full-spread post-cost,448,ewma_residual_fallback_insufficient_egarch_obs,60,ok,60,-0.021578984106726984,0.724173834273926,0.3154340833503942,0.511358308075557,-0.8258488777340771,0.2776378643921355,0.3056872918538211,0.8966622014087853,insufficient_egarch_obs
Equity-option Greek Markowitz,Full-spread post-cost,449,ewma_residual_fallback_insufficient_egarch_obs,60,ok,60,-0.10534392174489138,1.2301145009775112,0.494251461417439,0.8820203008139134,-0.849778854088921,0.4150571710469612,0.49617091519786816,0.5731662164203617,insufficient_egarch_obs
Equity-option Greek Markowitz,Full-spread post-cost,450,ewma_residual_fallback_insufficient_egarch_obs,60,ok,60,-0.3078652032378483,0.8985769596398157,0.02875647731431805,0.046149576928409965,-0.9523505681199995,0.31816562252964053,0.4575488558646173,0.15883763744613855,insufficient_egarch_obs
Equity-option Greek Markowitz,Full-spread post-cost,451,ewma_residual_fallback_insufficient_egarch_obs,60,ok,60,1.394638537695715,1.371794655965913,1.307254222865322,2.7702809338824466,-0.8626886534290781,0.3987177683527432,0.5083466118658669,78.74080262129078,insufficient_egarch_obs
Equity-option Greek Markowitz,Full-spread post-cost,452,ewma_residual_fallback_insufficient_egarch_obs,60,ok,60,0.4267787182819083,1.32402222045077,0.880735462321454,1.7417588226094765,-0.8843187872115266,0.4198490514306798,0.48564360031225035,5.912662830411499,insufficient_egarch_obs
Equity-option Greek Markowitz,Full-spread post-cost,453,ewma_residual_fallback_insufficient_egarch_obs,60,ok,60,0.3028411080463367,0.8221923397316023,0.7007564518417067,1.341825297910495,-0.7292815191790016,0.26559155817678953,0.2837976702095972,3.7536801709808616,insufficient_egarch_obs
Equity-option Greek Markowitz,Full-spread post-cost,454,ewma_residual_fallback_insufficient_egarch_obs,60,ok,60,1.0717761230885094,1.3380496451962027,1.162027223765929,2.4241201617872608,-0.8764310400516169,0.3717114084666518,0.39157015089670866,38.16929319465138,insufficient_egarch_obs
Equity-option Greek Markowitz,Full-spread post-cost,455,ewma_residual_fallback_insufficient_egarch_obs,60,ok,60,0.9593398468234229,1.1712087407116958,1.1184740848962353,2.3456319776434507,-0.6078608835632366,0.35662804233479195,0.38823565648521247,28.8767859587707,insufficient_egarch_obs
Equity-option Greek Markowitz,Full-spread post-cost,456,ewma_residual_fallback_insufficient_egarch_obs,60,ok,60,-0.13722482255961743,0.8505000456833213,0.22245711264363893,0.3778840506317909,-0.8616666385505241,0.2922769410744255,0.31455470070886865,0.47806638601047374,insufficient_egarch_obs
Equity-option Greek Markowitz,Full-spread post-cost,457,ewma_residual_fallback_insufficient_egarch_obs,60,ok,60,0.04583580209961635,0.7596026927404255,0.39722158652586115,0.7600550324916333,-0.931406867074607,0.24549605844914968,0.27520122050959694,1.2511734635716163,insufficient_egarch_obs
Equity-option Greek Markowitz,Full-spread post-cost,458,ewma_residual_fallback_insufficient_egarch_obs,60,ok,60,0.8465195541346249,0.8359427623286094,1.1362621376440165,2.3871476656016877,-0.5271722850262686,0.25681144125699806,0.3122771260159522,21.466910980544096,insufficient_egarch_obs
Equity-option Greek Markowitz,Full-spread post-cost,459,ewma_residual_fallback_insufficient_egarch_obs,60,ok,60,0.4135379725688981,0.8546413639513414,0.8007120910429841,1.5709968802155312,-0.750553151591949,0.2694563513832133,0.277646886075336,5.643355356794709,insufficient_egarch_obs
Equity-option Greek Markowitz,Full-spread post-cost,460,ewma_residual_fallback_insufficient_egarch_obs,60,ok,60,2.0336316953325153,1.3109069606970247,1.5522091385318864,3.2604840158390123,-0.9232508774404808,0.4076332924669748,0.562965849115776,256.9296740400523,insufficient_egarch_obs
Equity-option Greek Markowitz,Full-spread post-cost,461,ewma_residual_fallback_insufficient_egarch_obs,60,ok,60,0.2191031358688713,1.2650872834778355,0.7753457797595851,1.4502213720995913,-0.9381269961721546,0.37586518818804543,0.5641275162239109,2.692788487990627,insufficient_egarch_obs
Equity-option Greek Markowitz,Full-spread post-cost,462,ewma_residual_fallback_insufficient_egarch_obs,60,ok,60,-0.09642028626615917,0.9142638264378443,0.31349302277668134,0.5307839054039803,-0.9155472297963154,0.29247796231618006,0.31559147726601233,0.6023270398187411,insufficient_egarch_obs
Equity-option Greek Markowitz,Full-spread post-cost,463,ewma_residual_fallback_insufficient_egarch_obs,60,ok,60,1.6226865865470037,0.9893740061105257,1.470212205269927,3.170613287082828,-0.6067761210472065,0.29521748079688925,0.3483107796740091,124.08862592786232,insufficient_egarch_obs
Equity-option Greek Markowitz,Full-spread post-cost,464,ewma_residual_fallback_insufficient_egarch_obs,60,ok,60,0.18379084375713828,1.2675313442824274,0.7250334856133045,1.3514119973747358,-0.9486358740638136,0.4201731459738331,0.4673543066790043,2.3247426462414262,insufficient_egarch_obs
Equity-option Greek Markowitz,Full-spread post-cost,465,ewma_residual_fallback_insufficient_egarch_obs,60,ok,60,0.0733726955126699,1.0425250062589297,0.5564984049667309,0.9940457884799802,-0.8490966093226415,0.3196726939026915,0.3879142104325825,1.4247960992947837,insufficient_egarch_obs
Equity-option Greek Markowitz,Full-spread post-cost,466,ewma_residual_fallback_insufficient_egarch_obs,60,ok,60,0.24300166733014827,1.0202303724066646,0.6699446885955282,1.3224847147104444,-0.668941418562056,0.3024488626648329,0.3425119973187194,2.9672801817238397,insufficient_egarch_obs
Equity-option Greek Markowitz,Full-spread post-cost,467,ewma_residual_fallback_insufficient_egarch_obs,60,ok,60,0.41373880284115905,1.1230942457808246,0.8403201553765964,1.5892884575573862,-0.8368356148581592,0.3365670349018468,0.4181464835479038,5.647365431892781,insufficient_egarch_obs
Equity-option Greek Markowitz,Full-spread post-cost,468,ewma_residual_fallback_insufficient_egarch_obs,60,ok,60,2.294532448867644,1.0991731296054958,1.632302845947156,3.9300633624120724,-0.6865412555920181,0.30581864220425536,0.37827858422340005,388.1226134103249,insufficient_egarch_obs
Equity-option Greek Markowitz,Full-spread post-cost,469,ewma_residual_fallback_insufficient_egarch_obs,60,ok,60,-0.36403670516101727,1.160432009972714,0.14059708455985145,0.24030789341262312,-0.9647239864417757,0.35806344553771735,0.3682157381610401,0.10403039643572948,insufficient_egarch_obs
Equity-option Greek Markowitz,Full-spread post-cost,470,ewma_residual_fallback_insufficient_egarch_obs,60,ok,60,0.8836233546093804,1.2641832648251587,1.1736054819522916,2.1258382933031634,-0.87099529720093,0.4303180816651588,0.6168407358496854,23.712117186132772,insufficient_egarch_obs
Equity-option Greek Markowitz,Full-spread post-cost,471,ewma_residual_fallback_insufficient_egarch_obs,60,ok,60,2.4723991709697533,1.199299160534214,1.6333465169701267,3.762137690106479,-0.8300006938085462,0.346945103071686,0.36630428198833465,504.8335615866172,insufficient_egarch_obs
Equity-option Greek Markowitz,Full-spread post-cost,472,ewma_residual_fallback_insufficient_egarch_obs,60,ok,60,0.7169208388033554,1.0757637211373468,1.0360553127891206,1.9439245851709621,-0.7745328713545282,0.34874827517140133,0.46576675113954086,14.91940004389392,insufficient_egarch_obs
Equity-option Greek Markowitz,Full-spread post-cost,473,ewma_residual_fallback_insufficient_egarch_obs,60,ok,60,-0.054202389488043456,1.125625830070009,0.5066315944277014,0.8624540775894505,-0.9058570813585312,0.38280916772086837,0.537109294038414,0.756817319767994,insufficient_egarch_obs
Equity-option Greek Markowitz,Full-spread post-cost,474,ewma_residual_fallback_insufficient_egarch_obs,60,ok,60,-0.22733542385881012,0.9743875563554216,0.21193443869430897,0.3408258515072601,-0.9557874517030884,0.3376739909005824,0.44425912993917605,0.2753943394661829,insufficient_egarch_obs
Equity-option Greek Markowitz,Full-spread post-cost,475,ewma_residual_fallback_insufficient_egarch_obs,60,ok,60,-0.3772517704015943,1.0377119164641897,0.05764171476075314,0.09195040947139828,-0.9742699086948777,0.3550550818916839,0.520218802878437,0.09366180171941725,insufficient_egarch_obs
Equity-option Greek Markowitz,Full-spread post-cost,476,ewma_residual_fallback_insufficient_egarch_obs,60,ok,60,0.05569404991967608,0.8290672635935477,0.46124847450550915,0.7980706919825031,-0.7883255382991229,0.25435259624455914,0.3875998313876076,1.3112646972608764,insufficient_egarch_obs
Equity-option Greek Markowitz,Full-spread post-cost,477,ewma_residual_fallback_insufficient_egarch_obs,60,ok,60,0.3395284426629228,0.8775706545977712,0.736198278320972,1.4515478414307492,-0.8634982720999202,0.27837618268917425,0.33979593129380764,4.312803763716161,insufficient_egarch_obs
Equity-option Greek Markowitz,Full-spread post-cost,478,ewma_residual_fallback_insufficient_egarch_obs,60,ok,60,0.09433601647910783,0.9373971575892475,0.5358637261070361,0.9526921634148259,-0.7933341166190577,0.30876221882067645,0.32848220332139233,1.5694716099052723,insufficient_egarch_obs
Equity-option Greek Markowitz,Full-spread post-cost,479,ewma_residual_fallback_insufficient_egarch_obs,60,ok,60,0.34160053833934234,0.7213346944061997,0.7396360862748278,1.462890432458825,-0.6910071970266026,0.20403187419478022,0.2529737197952946,4.346264167177987,insufficient_egarch_obs
Equity-option Greek Markowitz,Full-spread post-cost,480,ewma_residual_fallback_insufficient_egarch_obs,60,ok,60,0.4330616290594882,0.9151369357227176,0.8232248955311786,1.589089083355261,-0.688555563699751,0.26240364900419305,0.3430484237806339,6.0439983699044335,insufficient_egarch_obs
Equity-option Greek Markowitz,Full-spread post-cost,481,ewma_residual_fallback_insufficient_egarch_obs,60,ok,60,0.39029703477166966,1.3694178019559478,0.880027812267992,1.6853736041073668,-0.9483111028405097,0.4450548126375216,0.46856537658859865,5.194431009392671,insufficient_egarch_obs
Equity-option Greek Markowitz,Full-spread post-cost,482,ewma_residual_fallback_insufficient_egarch_obs,60,ok,60,0.04602215968395762,0.9417932178554991,0.48943024389597656,0.8602993251826012,-0.7401275050231455,0.30200451561282043,0.35701327152582385,1.2522885945234732,insufficient_egarch_obs
Equity-option Greek Markowitz,Full-spread post-cost,483,ewma_residual_fallback_insufficient_egarch_obs,60,ok,60,1.551030763184285,1.263883951147811,1.3601352783446579,2.8075730518171746,-0.9568237167369208,0.3723577890964531,0.43847331180120963,108.03848343522566,insufficient_egarch_obs
Equity-option Greek Markowitz,Full-spread post-cost,484,ewma_residual_fallback_insufficient_egarch_obs,60,ok,60,0.028079388368289937,0.9029645234188437,0.472711917176987,0.8085907024234371,-0.8593185719921606,0.28581188888980397,0.44487848112965384,1.1485059806052818,insufficient_egarch_obs
Equity-option Greek Markowitz,Full-spread post-cost,485,ewma_residual_fallback_insufficient_egarch_obs,60,ok,60,0.3917016969398357,1.0453961584646587,0.8140543913288734,1.6031850679761686,-0.8844897536726783,0.3530042040302591,0.4780248841217209,5.220724596538056,insufficient_egarch_obs
Equity-option Greek Markowitz,Full-spread post-cost,486,ewma_residual_fallback_insufficient_egarch_obs,60,ok,60,0.6792394292956896,1.0388511798111055,0.972122450759408,2.066831136001123,-0.6554260159842358,0.29018358083757495,0.332505295357071,13.352516263524858,insufficient_egarch_obs
Equity-option Greek Markowitz,Full-spread post-cost,487,ewma_residual_fallback_insufficient_egarch_obs,60,ok,60,-0.03023161777608252,1.2720550467796403,0.5442645700535221,1.0300872025047563,-0.853811221925724,0.3738042279136287,0.3994823237804246,0.8577092674437375,insufficient_egarch_obs
Equity-option Greek Markowitz,Full-spread post-cost,488,ewma_residual_fallback_insufficient_egarch_obs,60,ok,60,-0.07497833569616752,0.904129064595508,0.33021991907870046,0.5790196075703034,-0.8705299796803379,0.2981714771057336,0.3436745859874943,0.6772663853423166,insufficient_egarch_obs
Equity-option Greek Markowitz,Full-spread post-cost,489,ewma_residual_fallback_insufficient_egarch_obs,60,ok,60,-0.1628697773303519,0.8476029430731923,0.19568875278457157,0.31534750971238823,-0.8699563320394355,0.27659851951512865,0.33505450401312037,0.41111668906911975,insufficient_egarch_obs
Equity-option Greek Markowitz,Full-spread post-cost,490,ewma_residual_fallback_insufficient_egarch_obs,60,ok,60,0.23432943982261145,0.9928721884333627,0.6944649470333757,1.229495627161247,-0.9157515993429152,0.3107513168542426,0.40683738120414104,2.86520326294533,insufficient_egarch_obs
Equity-option Greek Markowitz,Full-spread post-cost,491,ewma_residual_fallback_insufficient_egarch_obs,60,ok,60,6.2472029352908915,1.4178547649614883,2.161495005196692,5.586775799015095,-0.7854996312883634,0.32288450224001597,0.5277134198338925,19991.80986639173,insufficient_egarch_obs
Equity-option Greek Markowitz,Full-spread post-cost,492,ewma_residual_fallback_insufficient_egarch_obs,60,ok,60,-0.3787293296712384,1.0229860652234037,0.03189484445112592,0.049967080252671485,-0.9239648249940531,0.3299495413476839,0.4260391096972603,0.09255593173193338,insufficient_egarch_obs
Equity-option Greek Markowitz,Full-spread post-cost,493,ewma_residual_fallback_insufficient_egarch_obs,60,ok,60,-0.03422302470435157,1.189483112696416,0.5032944369016148,0.9412804318136823,-0.9214766688113057,0.35622842021537915,0.3983612909418392,0.8402030171174071,insufficient_egarch_obs
Equity-option Greek Markowitz,Full-spread post-cost,494,ewma_residual_fallback_insufficient_egarch_obs,60,ok,60,-0.11065016646674364,1.1184664336364347,0.4327508994113319,0.7517474500971385,-0.8506398434720499,0.3667053315245767,0.49699305073657213,0.5563692776863122,insufficient_egarch_obs
Equity-option Greek Markowitz,Full-spread post-cost,495,ewma_residual_fallback_insufficient_egarch_obs,60,ok,60,0.5845104332734352,1.5479565178798769,1.0913618758770305,2.1027863906518407,-0.9793845396504097,0.5108599556091672,0.6292398843770906,9.987930595012966,insufficient_egarch_obs
Equity-option Greek Markowitz,Full-spread post-cost,496,ewma_residual_fallback_insufficient_egarch_obs,60,ok,60,1.1986536328211455,0.9130907483478172,1.3075643124361538,2.8206750119640547,-0.6192940703894791,0.2685623790661285,0.313854737741957,51.378815603771564,insufficient_egarch_obs
Equity-option Greek Markowitz,Full-spread post-cost,497,ewma_residual_fallback_insufficient_egarch_obs,60,ok,60,1.2478313496625733,1.1090893534455768,1.2556030790548733,2.685593020291919,-0.7566328139939509,0.32771397067522473,0.38328681950269794,57.38767357161483,insufficient_egarch_obs
Equity-option Greek Markowitz,Full-spread post-cost,498,ewma_residual_fallback_insufficient_egarch_obs,60,ok,60,0.5054897160428304,1.0211641123536868,0.889313341622312,1.6939737487826945,-0.8741161797250881,0.3228220366198487,0.39157319130389023,7.733729289779389,insufficient_egarch_obs
Equity-option Greek Markowitz,Full-spread post-cost,499,ewma_residual_fallback_insufficient_egarch_obs,60,ok,60,0.082015764717696,1.0551360089881971,0.56284889205498,1.0183822273909662,-0.9347416400747841,0.3413552971253378,0.3948827198580868,1.4830914866179772,insufficient_egarch_obs
Equity-option Greek Markowitz,Full-spread post-cost,500,ewma_residual_fallback_insufficient_egarch_obs,60,ok,60,0.31562505989219236,1.3286557629305071,0.8338632144961134,1.5856171268754542,-0.912350234909302,0.4227456934974942,0.5046075371056543,3.9414923359341203,insufficient_egarch_obs
Equity-option Greek Markowitz,Full-spread post-cost,501,ewma_residual_fallback_insufficient_egarch_obs,60,ok,60,0.42797587151333394,1.0437704542312634,0.8386223129465883,1.5717311895055663,-0.8996362388437384,0.3550652423847263,0.42059304701314465,5.937509891976575,insufficient_egarch_obs
Equity-option Greek Markowitz,Full-spread post-cost,502,ewma_residual_fallback_insufficient_egarch_obs,60,ok,60,0.09867916190125414,1.1051626910555739,0.588828050299432,1.0936096941687596,-0.8267110241246565,0.36396074586627075,0.3952125748324866,1.6008639976350094,insufficient_egarch_obs
Equity-option Greek Markowitz,Full-spread post-cost,503,ewma_residual_fallback_insufficient_egarch_obs,60,ok,60,-0.0924839073548348,0.7878300389621152,0.2630455956425207,0.430175754015092,-0.8384683692560324,0.2642931986303275,0.4000646996754582,0.6155618196573589,insufficient_egarch_obs
Equity-option Greek Markowitz,Full-spread post-cost,504,ewma_residual_fallback_insufficient_egarch_obs,60,ok,60,0.009813547012273105,1.3693808149806366,0.6898791409995592,1.2161244388079042,-0.9760617720768517,0.5373432043624231,0.5914418882596063,1.0500402895815812,insufficient_egarch_obs
Equity-option Greek Markowitz,Full-spread post-cost,505,ewma_residual_fallback_insufficient_egarch_obs,60,ok,60,-0.423961555028169,0.9326719707962293,-0.12399285000928292,-0.18479414393685498,-0.9904665335142478,0.3058407934414396,0.41206946381245085,0.06342454300186076,insufficient_egarch_obs
Equity-option Greek Markowitz,Full-spread post-cost,506,ewma_residual_fallback_insufficient_egarch_obs,60,ok,60,2.0596200701074276,1.2324236138245892,1.5271769153743424,3.290011990015157,-0.7134790474484336,0.4319177865096522,0.45945672312891944,268.12512095619974,insufficient_egarch_obs
Equity-option Greek Markowitz,Full-spread post-cost,507,ewma_residual_fallback_insufficient_egarch_obs,60,ok,60,0.12021156823049717,0.7642672810317417,0.4988135245548865,0.9204943126749098,-0.8179184340881323,0.23818270823253881,0.27285079117847616,1.7640068457134979,insufficient_egarch_obs
Equity-option Greek Markowitz,Full-spread post-cost,508,ewma_residual_fallback_insufficient_egarch_obs,60,ok,60,-0.31183751959160666,1.1792619900988792,0.24284505432232326,0.41154611809839164,-0.9845355370331795,0.3904261232497742,0.5188183639072402,0.15433163348921675,insufficient_egarch_obs
Equity-option Greek Markowitz,Full-spread post-cost,509,ewma_residual_fallback_insufficient_egarch_obs,60,ok,60,-0.22910086998454193,0.9639441926362383,0.1986105021902221,0.3234218799440899,-0.960844269945232,0.33599529101502074,0.43513767866209935,0.27226246849869773,insufficient_egarch_obs
Equity-option Greek Markowitz,Full-spread post-cost,510,ewma_residual_fallback_insufficient_egarch_obs,60,ok,60,0.6898157696704517,0.7915204199646911,1.041044246488889,2.129425853608128,-0.6917675801446983,0.2368168742145542,0.2738942067759804,13.778336706002076,insufficient_egarch_obs
Equity-option Greek Markowitz,Full-spread post-cost,511,ewma_residual_fallback_insufficient_egarch_obs,60,ok,60,-0.007241842089224848,0.9138915199418146,0.41951988287560865,0.738465369917933,-0.8525243319526813,0.30683965542892366,0.38329580088234955,0.9643114481227073,insufficient_egarch_obs
Equity-option Greek Markowitz,Full-spread post-cost,512,ewma_residual_fallback_insufficient_egarch_obs,60,ok,60,0.8943409926464565,1.4220976712572269,1.157109787765459,2.344966227909161,-0.8522142001497933,0.4205913706668984,0.6011615853470215,24.39443626995613,insufficient_egarch_obs
Equity-option Greek Markowitz,Full-spread post-cost,513,ewma_residual_fallback_insufficient_egarch_obs,60,ok,60,-0.12405578343363655,1.260292476248659,0.4863877470049943,0.8440153990006388,-0.9678020912080858,0.3838720099603898,0.40566129340306784,0.5156823267298263,insufficient_egarch_obs
Equity-option Greek Markowitz,Full-spread post-cost,514,ewma_residual_fallback_insufficient_egarch_obs,60,ok,60,0.6236972283513955,0.9382006496226963,0.9749991617647465,1.8071957101825147,-0.7194635560728462,0.33483101837545687,0.3830381571222072,11.285615419431963,insufficient_egarch_obs
Equity-option Greek Markowitz,Full-spread post-cost,515,ewma_residual_fallback_insufficient_egarch_obs,60,ok,60,0.9005379537348321,0.9111579086415793,1.119687765447767,2.5559929207052967,-0.5973054516461417,0.2320605004671379,0.3031231271085853,24.796063189509006,insufficient_egarch_obs
Equity-option Greek Markowitz,Full-spread post-cost,516,ewma_residual_fallback_insufficient_egarch_obs,60,ok,60,1.2492044019020905,1.416630111564161,1.2435856071556428,2.5913252876161947,-0.8204171219842729,0.4399926008715684,0.47548316220150566,57.56315959165048,insufficient_egarch_obs
Equity-option Greek Markowitz,Full-spread post-cost,517,ewma_residual_fallback_insufficient_egarch_obs,60,ok,60,1.778423654919774,1.2452713988817066,1.4351015596096004,3.069501626252551,-0.7407174804517442,0.4286280133037877,0.4730989547519415,165.5740755984225,insufficient_egarch_obs
Equity-option Greek Markowitz,Full-spread post-cost,518,ewma_residual_fallback_insufficient_egarch_obs,60,ok,60,-0.21209538933746086,1.0157171221213195,0.2547545996549576,0.4208682827698988,-0.951462690284402,0.330906560466411,0.42138436649544336,0.3036464509858148,insufficient_egarch_obs
Equity-option Greek Markowitz,Full-spread post-cost,519,ewma_residual_fallback_insufficient_egarch_obs,60,ok,60,-0.36986000426941523,0.7473795614829374,-0.2504096170167171,-0.3719429010755421,-0.9631575269734474,0.304601101538751,0.33016029942521286,0.0993539706813175,insufficient_egarch_obs
Equity-option Greek Markowitz,Full-spread post-cost,520,ewma_residual_fallback_insufficient_egarch_obs,60,ok,60,0.7768271757895855,0.7883772633970668,1.1020605416217764,2.3465584920526883,-0.6479937982317661,0.23553077332269862,0.26545078924713295,17.710300888013034,insufficient_egarch_obs
Equity-option Greek Markowitz,Full-spread post-cost,521,ewma_residual_fallback_insufficient_egarch_obs,60,ok,60,1.7118805702894995,1.245090470063923,1.4367176466832292,2.916460330182758,-0.8693162378772612,0.41277481547120276,0.504713114663828,146.67388574521541,insufficient_egarch_obs
Equity-option Greek Markowitz,Full-spread post-cost,522,ewma_residual_fallback_insufficient_egarch_obs,60,ok,60,-0.11632956262068106,0.9672008607647218,0.3237966638155259,0.5704651593378006,-0.9296631103469087,0.3390804932440288,0.4459449754868398,0.5388298305177212,insufficient_egarch_obs
Equity-option Greek Markowitz,Full-spread post-cost,523,ewma_residual_fallback_insufficient_egarch_obs,60,ok,60,0.8615560719024269,0.9475379847837536,1.1200835400161582,2.2093029528099866,-0.8049885650260247,0.2646875083090147,0.36851937157213915,22.355305576165037,insufficient_egarch_obs
Equity-option Greek Markowitz,Full-spread post-cost,524,ewma_residual_fallback_insufficient_egarch_obs,60,ok,60,0.6677253597185207,0.9812906101370487,0.993284096043836,1.9216600592594406,-0.6930909852415187,0.3139199333023173,0.38991023408620534,12.90097886716805,insufficient_egarch_obs
Equity-option Greek Markowitz,Full-spread post-cost,525,ewma_residual_fallback_insufficient_egarch_obs,60,ok,60,0.6948752168343069,1.1363292160031286,1.023897894722916,1.9507059979622907,-0.8456630340607549,0.4181653311817497,0.5050710837210345,13.98584292965952,insufficient_egarch_obs
Equity-option Greek Markowitz,Full-spread post-cost,526,ewma_residual_fallback_insufficient_egarch_obs,60,ok,60,0.3030934206537108,0.9171034711415003,0.7366757095112344,1.3035448859658856,-0.7869096698698737,0.3228284419708669,0.41460960150086623,3.7573163309618307,insufficient_egarch_obs
Equity-option Greek Markowitz,Full-spread post-cost,527,ewma_residual_fallback_insufficient_egarch_obs,60,ok,60,0.3484197032270733,1.0047787034407327,0.7949919123204454,1.4156143167213295,-0.901244726171467,0.31202530776301785,0.4567453057046495,4.457849981452956,insufficient_egarch_obs
Equity-option Greek Markowitz,Full-spread post-cost,528,ewma_residual_fallback_insufficient_egarch_obs,60,ok,60,-0.20100557899169813,0.8771192059885732,0.16064218214805515,0.2601245248750399,-0.8921239954873491,0.30483991314431025,0.31667601006396545,0.3256257450096116,insufficient_egarch_obs
Equity-option Greek Markowitz,Full-spread post-cost,529,ewma_residual_fallback_insufficient_egarch_obs,60,ok,60,-0.054336290308636515,0.894821020283378,0.34957076530633086,0.6122443189874012,-0.8686944728769236,0.2878395453960395,0.3094230050854973,0.7562817412826554,insufficient_egarch_obs
Equity-option Greek Markowitz,Full-spread post-cost,530,ewma_residual_fallback_insufficient_egarch_obs,60,ok,60,-0.2754259610872035,0.9315007647078398,0.10412476770196237,0.16552460919877923,-0.9306118780587525,0.3152284111305725,0.38066632219342345,0.19971645434592875,insufficient_egarch_obs
Equity-option Greek Markowitz,Full-spread post-cost,531,ewma_residual_fallback_insufficient_egarch_obs,60,ok,60,0.18773959537200757,0.92093009603123,0.6107429091200824,1.1305529505724636,-0.651401314414249,0.27924715639420344,0.32223505356895626,2.3637752083536774,insufficient_egarch_obs
Equity-option Greek Markowitz,Full-spread post-cost,532,ewma_residual_fallback_insufficient_egarch_obs,60,ok,60,0.446457265874022,1.0234897376010332,0.8376356543468959,1.6114548662666375,-0.7938649480009393,0.30213533373461837,0.36689414018901423,6.33181236890004,insufficient_egarch_obs
Equity-option Greek Markowitz,Full-spread post-cost,533,ewma_residual_fallback_insufficient_egarch_obs,60,ok,60,0.1129522524669071,0.7620025328262792,0.4968722979056212,0.8873855813082022,-0.8822395409059264,0.26260516039756276,0.2815053481994039,1.7075863080298082,insufficient_egarch_obs
Equity-option Greek Markowitz,Full-spread post-cost,534,ewma_residual_fallback_insufficient_egarch_obs,60,ok,60,-0.1966268443027488,1.2845359754359063,0.45363038498655683,0.7901908251274138,-0.9902244614018564,0.37637521871154567,0.5031169794301001,0.3346467252989429,insufficient_egarch_obs
Equity-option Greek Markowitz,Full-spread post-cost,535,ewma_residual_fallback_insufficient_egarch_obs,60,ok,60,0.4388262433295689,0.9768978788210932,0.8275705637942922,1.5997366586647195,-0.734215045441882,0.299106316058272,0.33725076687725136,6.166542832732066,insufficient_egarch_obs
Equity-option Greek Markowitz,Full-spread post-cost,536,ewma_residual_fallback_insufficient_egarch_obs,60,ok,60,0.34159546495358506,0.9626290841231577,0.7411353051738228,1.4957053117799817,-0.8009769510329154,0.3081258851781241,0.35484333484741554,4.346181988812207,insufficient_egarch_obs
Equity-option Greek Markowitz,Full-spread post-cost,537,ewma_residual_fallback_insufficient_egarch_obs,60,ok,60,-0.30555140708685424,1.2742274426909181,0.3476499016130032,0.5713355950954097,-0.9673126918158182,0.42468998926910595,0.5774379498230123,0.16151040695364233,insufficient_egarch_obs
Equity-option Greek Markowitz,Full-spread post-cost,538,ewma_residual_fallback_insufficient_egarch_obs,60,ok,60,-0.3300280248004176,0.9534562727242585,0.04800858483237066,0.07395156008015351,-0.9160788375529039,0.3146677195638286,0.381335611838504,0.13498427650485118,insufficient_egarch_obs
Equity-option Greek Markowitz,Full-spread post-cost,539,ewma_residual_fallback_insufficient_egarch_obs,60,ok,60,0.5587107050421314,0.9274551275892085,0.927507146712864,1.716307384128384,-0.9306278473434364,0.30587225015500047,0.3274900326703397,9.200842372532907,insufficient_egarch_obs
Equity-option Greek Markowitz,Full-spread post-cost,540,ewma_residual_fallback_insufficient_egarch_obs,60,ok,60,-0.1801491197591334,1.1447825719370066,0.37034232509233506,0.6353329858327341,-0.972761782271071,0.35519362876245775,0.48028685174539626,0.37040286434401715,insufficient_egarch_obs
Equity-option Greek Markowitz,Full-spread post-cost,541,ewma_residual_fallback_insufficient_egarch_obs,60,ok,60,-0.08463690249746181,1.2976234969402802,0.5362750246231446,0.9636286977442359,-0.8497180046979217,0.4208821124739382,0.4892650970836491,0.6426388846123965,insufficient_egarch_obs
Equity-option Greek Markowitz,Full-spread post-cost,542,ewma_residual_fallback_insufficient_egarch_obs,60,ok,60,0.17378264675523125,1.2660838367905674,0.7235899138980315,1.3633254203757308,-0.9778138545975341,0.36312603907467383,0.49614730839708726,2.2281192101288094,insufficient_egarch_obs
Equity-option Greek Markowitz,Full-spread post-cost,543,ewma_residual_fallback_insufficient_egarch_obs,60,ok,60,-0.4834159603942698,1.1990422966742902,0.07971822370696278,0.11979299197353671,-0.9944295677713857,0.4251702328226998,0.5906106036195256,0.03678789348390926,insufficient_egarch_obs
Equity-option Greek Markowitz,Full-spread post-cost,544,ewma_residual_fallback_insufficient_egarch_obs,60,ok,60,0.24969707874107971,0.9804005728047079,0.6966920246139584,1.233973314126426,-0.8574516278700355,0.32592347341989797,0.4002551662034561,3.0480618350044826,insufficient_egarch_obs
Equity-option Greek Markowitz,Full-spread post-cost,545,ewma_residual_fallback_insufficient_egarch_obs,60,ok,60,0.17699891374139098,1.1054383423110334,0.6533323433630286,1.2427257338412445,-0.743749506339521,0.31998532685323205,0.396880013464137,2.258813164436508,insufficient_egarch_obs
Equity-option Greek Markowitz,Full-spread post-cost,546,ewma_residual_fallback_insufficient_egarch_obs,60,ok,60,0.4435049366992203,0.9085221910780531,0.835745469911454,1.584433594926159,-0.6521887694294124,0.3273030481062019,0.3363114243160303,6.2674570632566216,insufficient_egarch_obs
Equity-option Greek Markowitz,Full-spread post-cost,547,ewma_residual_fallback_insufficient_egarch_obs,60,ok,60,0.4157745669175825,1.4438928740627024,0.9154159817521677,1.7641811790321653,-0.899791076618125,0.4751209969179387,0.5045533171174398,5.68814333777823,insufficient_egarch_obs
Equity-option Greek Markowitz,Full-spread post-cost,548,ewma_residual_fallback_insufficient_egarch_obs,60,ok,60,0.8382202437900124,1.0867025738686678,1.0645310101079302,2.238304796584035,-0.7367636108018223,0.2987883272883295,0.33179206004392436,20.988805487626212,insufficient_egarch_obs
Equity-option Greek Markowitz,Full-spread post-cost,549,ewma_residual_fallback_insufficient_egarch_obs,60,ok,60,0.45961179685833864,1.5585590034005887,0.9920885705608118,1.9266785984624444,-0.8427279278035807,0.49283316670570454,0.5755331665999903,6.625014357295243,insufficient_egarch_obs
Equity-option Greek Markowitz,Full-spread post-cost,550,ewma_residual_fallback_insufficient_egarch_obs,60,ok,60,0.7330726141149118,0.9979948509114795,1.0199200803007986,2.0699240726634254,-0.7737002636641992,0.31156304110120825,0.3755657795587491,15.634492847142582,insufficient_egarch_obs
Equity-option Greek Markowitz,Full-spread post-cost,551,ewma_residual_fallback_insufficient_egarch_obs,60,ok,60,-0.08944338459511414,0.8789878902817773,0.3129281044463505,0.5285560196975801,-0.8146669115825524,0.2833747157296795,0.38719873447163544,0.6259429752316206,insufficient_egarch_obs
Equity-option Greek Markowitz,Full-spread post-cost,552,ewma_residual_fallback_insufficient_egarch_obs,60,ok,60,2.0112110035564577,1.4306604940333119,1.4734571614244965,3.232805823238185,-0.8714957072164585,0.37182236394832857,0.5646829105962679,247.57451887626328,insufficient_egarch_obs
Equity-option Greek Markowitz,Full-spread post-cost,553,ewma_residual_fallback_insufficient_egarch_obs,60,ok,60,0.09440366694324775,0.8918960719232645,0.5125079414693267,0.9287877366347732,-0.9268454727735387,0.3082167606101594,0.31535245310877946,1.5699567836057824,insufficient_egarch_obs
Equity-option Greek Markowitz,Full-spread post-cost,554,ewma_residual_fallback_insufficient_egarch_obs,60,ok,60,-0.03695712178493249,1.0199930951573655,0.44598506221395,0.7698337937042252,-0.9364704474946186,0.34970883978971584,0.42283562342055436,0.8283771670490634,insufficient_egarch_obs
Equity-option Greek Markowitz,Full-spread post-cost,555,ewma_residual_fallback_insufficient_egarch_obs,60,ok,60,-0.3422335065891855,0.9021800984360305,-0.024102845516819304,-0.03746667498195854,-0.8964573603362931,0.30525339551353703,0.40443009747840136,0.12312854114002243,insufficient_egarch_obs
Equity-option Greek Markowitz,Full-spread post-cost,556,ewma_residual_fallback_insufficient_egarch_obs,60,ok,60,0.16708006964646094,0.9464019119362979,0.6165417601418217,1.0725059279759852,-0.7325427870135521,0.3356472009228124,0.3837983990737907,2.165226148031833,insufficient_egarch_obs
Equity-option Greek Markowitz,Full-spread post-cost,557,ewma_residual_fallback_insufficient_egarch_obs,60,ok,60,-0.5377724741630139,1.2623471470791683,-0.001569525515651043,-0.0025197560380426634,-0.996006700155537,0.42705823407976856,0.46802565948852776,0.021099833177487363,insufficient_egarch_obs
Equity-option Greek Markowitz,Full-spread post-cost,558,ewma_residual_fallback_insufficient_egarch_obs,60,ok,60,-0.5296941014114382,0.8686215182356605,-0.4330658282654673,-0.631867319908382,-0.987048597120649,0.31219121222008034,0.39422479893825546,0.023009232291056336,insufficient_egarch_obs
Equity-option Greek Markowitz,Full-spread post-cost,559,ewma_residual_fallback_insufficient_egarch_obs,60,ok,60,0.5714241661800428,0.9988121814758489,0.9408671557330383,1.755402925173683,-0.8200845978622947,0.290503132031728,0.40656752396575135,9.58224207824875,insufficient_egarch_obs
Equity-option Greek Markowitz,Full-spread post-cost,560,ewma_residual_fallback_insufficient_egarch_obs,60,ok,60,0.24210840086197072,1.1000009513917295,0.6996724778040613,1.3345488433493458,-0.7538591528813463,0.35720954072147254,0.38822248943991805,2.9566335144727813,insufficient_egarch_obs
Equity-option Greek Markowitz,Full-spread post-cost,561,ewma_residual_fallback_insufficient_egarch_obs,60,ok,60,0.18736774760882713,0.8997101457933555,0.6088407626671516,1.111330657823881,-0.942515326094163,0.27705761583010696,0.31887821440106523,2.360077367759711,insufficient_egarch_obs
Equity-option Greek Markowitz,Full-spread post-cost,562,ewma_residual_fallback_insufficient_egarch_obs,60,ok,60,1.7867937670650353,1.1466637289053805,1.475146816251513,3.1549945606495298,-0.7998161717166752,0.33349683317391127,0.5013485881152172,168.0831399921843,insufficient_egarch_obs
Equity-option Greek Markowitz,Full-spread post-cost,563,ewma_residual_fallback_insufficient_egarch_obs,60,ok,60,0.15420231157669173,1.1947861411671323,0.6783243360610197,1.2928487937105744,-0.9485009213517842,0.3317181250984479,0.46007431035151214,2.0483760945306497,insufficient_egarch_obs
Equity-option Greek Markowitz,Full-spread post-cost,564,ewma_residual_fallback_insufficient_egarch_obs,60,ok,60,-0.4650263290595269,1.2645650286912824,0.12566899483899527,0.20264406316977615,-0.983279445638369,0.41682853644624573,0.5450032268743122,0.04381895763767247,insufficient_egarch_obs
Equity-option Greek Markowitz,Full-spread post-cost,565,ewma_residual_fallback_insufficient_egarch_obs,60,ok,60,-0.3519088726417704,1.1986902067036072,0.19202099579731918,0.3262001658000104,-0.9314592110693094,0.36734175247886186,0.4077316289141553,0.11433531144228504,insufficient_egarch_obs
Equity-option Greek Markowitz,Full-spread post-cost,566,ewma_residual_fallback_insufficient_egarch_obs,60,ok,60,0.38752973150548975,1.027746371178003,0.8057128183294356,1.4973656558896151,-0.7855710655766628,0.34809780033613213,0.3905041855382389,5.142940371436342,insufficient_egarch_obs
Equity-option Greek Markowitz,Full-spread post-cost,567,ewma_residual_fallback_insufficient_egarch_obs,60,ok,60,0.48465694509063084,1.4708058999774638,0.9447160753885816,1.8561375847269004,-0.95799049108481,0.425783913965024,0.4310684358017562,7.213243134696271,insufficient_egarch_obs
Equity-option Greek Markowitz,Full-spread post-cost,568,ewma_residual_fallback_insufficient_egarch_obs,60,ok,60,-0.09837918783633237,1.026929600393647,0.39214468798302454,0.6654451611465073,-0.9350068406114377,0.31683538528576327,0.4447509620291548,0.595826259886965,insufficient_egarch_obs
Equity-option Greek Markowitz,Full-spread post-cost,569,ewma_residual_fallback_insufficient_egarch_obs,60,ok,60,0.4742894958797417,0.7505626798838774,0.8797931405871933,1.6317756823811496,-0.35217175741597295,0.262405804546645,0.31840837531023763,6.96488349683322,insufficient_egarch_obs
Equity-option Greek Markowitz,Full-spread post-cost,570,ewma_residual_fallback_insufficient_egarch_obs,60,ok,60,0.5188132287812595,1.2223933547968153,0.8980092354374731,1.811681216321151,-0.7549174710090374,0.3686214996168767,0.4406788698575805,8.08205600959446,insufficient_egarch_obs
Equity-option Greek Markowitz,Full-spread post-cost,571,ewma_residual_fallback_insufficient_egarch_obs,60,ok,60,0.213474886554903,0.8801138341780563,0.6288636453173994,1.1552784289190863,-0.8077824853445996,0.29033884276313476,0.3048440874243028,2.631200628070771,insufficient_egarch_obs
Equity-option Greek Markowitz,Full-spread post-cost,572,ewma_residual_fallback_insufficient_egarch_obs,60,ok,60,-0.3375653796133945,1.1798595676483767,0.1995800571285032,0.3399462965124199,-0.9745759242412142,0.3915107655021677,0.4322822445374073,0.12756017550201254,insufficient_egarch_obs
Equity-option Greek Markowitz,Full-spread post-cost,573,ewma_residual_fallback_insufficient_egarch_obs,60,ok,60,0.8519074427965898,1.05252469822991,1.0915370318813764,2.1362527818487402,-0.7910986279671779,0.31996864516922996,0.33469537393425464,21.781931381657955,insufficient_egarch_obs
Equity-option Greek Markowitz,Full-spread post-cost,574,ewma_residual_fallback_insufficient_egarch_obs,60,ok,60,0.363052746434009,0.8611415740040482,0.7687617557842991,1.452386000083475,-0.825660107357165,0.2636739226953988,0.35441622633711173,4.705039901765102,insufficient_egarch_obs
Equity-option Greek Markowitz,Full-spread post-cost,575,ewma_residual_fallback_insufficient_egarch_obs,60,ok,60,0.4978174307892058,1.3581122095900333,0.9719173177061247,1.8598807276579845,-0.9081256483222087,0.39075297134602155,0.5828746015598356,7.5386642548737,insufficient_egarch_obs
Equity-option Greek Markowitz,Full-spread post-cost,576,ewma_residual_fallback_insufficient_egarch_obs,60,ok,60,2.1007893002605935,1.2159009800387917,1.5280584958813332,3.4015636422587847,-0.8248852854583406,0.39809679307518336,0.41209488539581757,286.6561633266541,insufficient_egarch_obs
Equity-option Greek Markowitz,Full-spread post-cost,577,ewma_residual_fallback_insufficient_egarch_obs,60,ok,60,1.3006197212980433,0.9566584947622084,1.346682875827026,2.8497056338691067,-0.49028855808206195,0.2794661962282115,0.3598445169943867,64.45018845438456,insufficient_egarch_obs
Equity-option Greek Markowitz,Full-spread post-cost,578,ewma_residual_fallback_insufficient_egarch_obs,60,ok,60,-0.3106642725693912,1.279413237611907,0.3064860690415436,0.5237397340905243,-0.9904556584850129,0.40836313113335465,0.4336079265927426,0.15565172574217542,insufficient_egarch_obs
Equity-option Greek Markowitz,Full-spread post-cost,579,ewma_residual_fallback_insufficient_egarch_obs,60,ok,60,1.0069013868408625,1.0159177202648084,1.1848281278577952,2.3282908353874396,-0.8804666208808736,0.3197949317871043,0.3868539513488143,32.555934449481086,insufficient_egarch_obs
Equity-option Greek Markowitz,Full-spread post-cost,580,ewma_residual_fallback_insufficient_egarch_obs,60,ok,60,3.238379503415053,1.49738573047904,1.6996088730868855,4.007635463912595,-0.8200392788767625,0.4613330974211428,0.48751761801931554,1367.726317682763,insufficient_egarch_obs
Equity-option Greek Markowitz,Full-spread post-cost,581,ewma_residual_fallback_insufficient_egarch_obs,60,ok,60,-0.20234432908237854,0.8380406266422411,0.12000215590505928,0.19834103169393358,-0.9574441365072356,0.2854818777800831,0.3274092404682963,0.3229068706011795,insufficient_egarch_obs
Equity-option Greek Markowitz,Full-spread post-cost,582,ewma_residual_fallback_insufficient_egarch_obs,60,ok,60,0.48162852022828684,1.0548988871788705,0.8938041450603884,1.6314848925421166,-0.7196801837750832,0.31560237394683033,0.45748295523137844,7.139974262785848,insufficient_egarch_obs
Equity-option Greek Markowitz,Full-spread post-cost,583,ewma_residual_fallback_insufficient_egarch_obs,60,ok,60,-0.1709892479715177,1.059266521779519,0.3389582292288183,0.5570264695803762,-0.9833940596357287,0.3418756276674038,0.4343460869863462,0.39156225081937923,insufficient_egarch_obs
Equity-option Greek Markowitz,Full-spread post-cost,584,ewma_residual_fallback_insufficient_egarch_obs,60,ok,60,3.072761921708053,1.3285760715387507,1.709983756420368,4.126647334046314,-0.8489925549530963,0.40062999960896806,0.4566787081383496,1120.585808376605,insufficient_egarch_obs
Equity-option Greek Markowitz,Full-spread post-cost,585,ewma_residual_fallback_insufficient_egarch_obs,60,ok,60,1.343687745341716,0.9625389373304755,1.3494517350884239,3.0250671654191024,-0.602514341854544,0.2790079699897725,0.3079110640273938,70.71291588350437,insufficient_egarch_obs
Equity-option Greek Markowitz,Full-spread post-cost,586,ewma_residual_fallback_insufficient_egarch_obs,60,ok,60,0.9950188664170092,1.1256811197179077,1.1555127638102698,2.301232715857791,-0.7219825316887943,0.33755895301725264,0.3558552751953446,31.603489311241546,insufficient_egarch_obs
Equity-option Greek Markowitz,Full-spread post-cost,587,ewma_residual_fallback_insufficient_egarch_obs,60,ok,60,-0.5455014618313876,0.821366719561004,-0.5284850301219872,-0.741321390280247,-0.9885823492050082,0.34070628766762123,0.42278448318497236,0.019393779501121262,insufficient_egarch_obs
Equity-option Greek Markowitz,Full-spread post-cost,588,ewma_residual_fallback_insufficient_egarch_obs,60,ok,60,0.5804814619445746,0.8770385652489553,0.9380309254879907,1.831842494353025,-0.6526823786414484,0.3034923207058876,0.3222158716377588,9.86159200811448,insufficient_egarch_obs
Equity-option Greek Markowitz,Full-spread post-cost,589,ewma_residual_fallback_insufficient_egarch_obs,60,ok,60,0.19132423657159547,1.0403560372101066,0.6636905043420844,1.2214461170193045,-0.9313850778208106,0.35578552880054076,0.45029095412011094,2.3996609613947504,insufficient_egarch_obs
Equity-option Greek Markowitz,Full-spread post-cost,590,ewma_residual_fallback_insufficient_egarch_obs,60,ok,60,0.36544161314868706,1.5175126812383644,0.9115729317620032,1.7702248736338875,-0.8584344635616356,0.43806016149255006,0.5503563769680375,4.746414600837124,insufficient_egarch_obs
Equity-option Greek Markowitz,Full-spread post-cost,591,ewma_residual_fallback_insufficient_egarch_obs,60,ok,60,0.46080485886200306,1.276768695976396,0.9087625515756004,1.7030088357192024,-0.8243204254178691,0.3946442010466261,0.4855295944688753,6.652134529812403,insufficient_egarch_obs
Equity-option Greek Markowitz,Full-spread post-cost,592,ewma_residual_fallback_insufficient_egarch_obs,60,ok,60,0.25886304149705697,1.3530239366042938,0.7938474143230225,1.5320849326137558,-0.9403815131645215,0.43051793502030017,0.45974039340244416,3.1614944022661127,insufficient_egarch_obs
Equity-option Greek Markowitz,Full-spread post-cost,593,ewma_residual_fallback_insufficient_egarch_obs,60,ok,60,2.0209730286761536,1.1061330925176034,1.5370298725764495,3.5634629213512667,-0.6769420517170137,0.3338257483376468,0.39403806162976435,251.613674144404,insufficient_egarch_obs
Equity-option Greek Markowitz,Full-spread post-cost,594,ewma_residual_fallback_insufficient_egarch_obs,60,ok,60,-0.3144713226956579,1.0528351814880583,0.14642887326585655,0.24160416812925212,-0.8972180618990209,0.3608745854106879,0.4396488672342905,0.1514007879504572,insufficient_egarch_obs
Equity-option Greek Markowitz,Full-spread post-cost,595,ewma_residual_fallback_insufficient_egarch_obs,60,ok,60,0.13845569551487724,1.4446833750031263,0.7893640596784944,1.4407995404263947,-0.9511335539824854,0.4436415766310659,0.5638229532499941,1.9124085238094208,insufficient_egarch_obs
Equity-option Greek Markowitz,Full-spread post-cost,596,ewma_residual_fallback_insufficient_egarch_obs,60,ok,60,1.1094818313721007,1.1990698683732743,1.176824908820485,2.544929307285161,-0.6811864801819352,0.3612000523880018,0.3942953655339721,41.771391815938,insufficient_egarch_obs
Equity-option Greek Markowitz,Full-spread post-cost,597,ewma_residual_fallback_insufficient_egarch_obs,60,ok,60,-0.20751439725310128,1.0080588497681608,0.2557964970696677,0.4323069451007249,-0.8222539481863327,0.3115278416807399,0.4691638456150303,0.31257691834681667,insufficient_egarch_obs
Equity-option Greek Markowitz,Full-spread post-cost,598,ewma_residual_fallback_insufficient_egarch_obs,60,ok,60,0.8391793226890591,1.092177756691103,1.08922781043113,2.1457656580597924,-0.6979099992556616,0.32623992522787254,0.4425763636754891,21.04361648426176,insufficient_egarch_obs
Equity-option Greek Markowitz,Full-spread post-cost,599,ewma_residual_fallback_insufficient_egarch_obs,60,ok,60,-0.15006197361069007,1.0165353784224043,0.31832505922653,0.5431356790839814,-0.8975251567088488,0.3325437145792985,0.3945573942217228,0.4435435830245774,insufficient_egarch_obs
Equity-option Greek Markowitz,Full-spread post-cost,600,ewma_residual_fallback_insufficient_egarch_obs,60,ok,60,-0.2822101528364386,0.7805290401456872,-0.04607604289121888,-0.07165607919717419,-0.8755795024652686,0.30306353101787753,0.3859961908676997,0.19054017319272334,insufficient_egarch_obs
Equity-option Greek Markowitz,Full-spread post-cost,601,ewma_residual_fallback_insufficient_egarch_obs,60,ok,60,1.3610857233125584,1.073610005889347,1.3605713374948278,2.614354023151234,-0.724385186216854,0.36603619331805337,0.47717329050353924,73.37680132969793,insufficient_egarch_obs
Equity-option Greek Markowitz,Full-spread post-cost,602,ewma_residual_fallback_insufficient_egarch_obs,60,ok,60,1.3574873826401488,1.060501529003366,1.3132641620526855,2.907080494158919,-0.6551232028912801,0.2753519823351952,0.3311942527233677,72.81936463125948,insufficient_egarch_obs
Equity-option Greek Markowitz,Full-spread post-cost,603,ewma_residual_fallback_insufficient_egarch_obs,60,ok,60,1.2320012811295231,1.4337558352299984,1.2592305435893205,2.54773088842454,-0.8621554312776788,0.47013206183562434,0.5309585895095664,55.39520803828902,insufficient_egarch_obs
Equity-option Greek Markowitz,Full-spread post-cost,604,ewma_residual_fallback_insufficient_egarch_obs,60,ok,60,0.18148461241120795,2.0239230577179037,1.1052965430405077,2.219609693041364,-0.9917657334081211,0.6071713860678529,0.7611593741897704,2.3021856836573837,insufficient_egarch_obs
Equity-option Greek Markowitz,Full-spread post-cost,605,ewma_residual_fallback_insufficient_egarch_obs,60,ok,60,0.13879603603920598,0.8181988257579133,0.5572939001451056,1.0036045170999048,-0.8223172398875781,0.2349008714999959,0.36143446202686585,1.9152687993254884,insufficient_egarch_obs
Equity-option Greek Markowitz,Full-spread post-cost,606,ewma_residual_fallback_insufficient_egarch_obs,60,ok,60,0.08072702775313845,0.8765682773602458,0.5029031391001978,0.887381722179717,-0.7155789303370577,0.28108119932644204,0.3532962979782632,1.4742803058941754,insufficient_egarch_obs
Equity-option Greek Markowitz,Full-spread post-cost,607,ewma_residual_fallback_insufficient_egarch_obs,60,ok,60,0.5736614054070026,0.9896254189123065,0.9371579347657305,1.8021037955395696,-0.7940232789338078,0.31722490612962023,0.43622785519604257,9.65064785073875,insufficient_egarch_obs
Equity-option Greek Markowitz,Full-spread post-cost,608,ewma_residual_fallback_insufficient_egarch_obs,60,ok,60,-0.31984280850005664,0.9441582053776562,0.03892804156735446,0.06369196855289595,-0.9705455203592702,0.3046635350289757,0.4479477786394095,0.1455614830397067,insufficient_egarch_obs
Equity-option Greek Markowitz,Full-spread post-cost,609,ewma_residual_fallback_insufficient_egarch_obs,60,ok,60,-0.728319387473538,1.6929011785262593,0.13566633626689703,0.21781430860440334,-0.999793664867043,0.6172798997867738,0.7207015821135196,0.0014801074294583845,insufficient_egarch_obs
Equity-option Greek Markowitz,Full-spread post-cost,610,ewma_residual_fallback_insufficient_egarch_obs,60,ok,60,2.4185815581292758,1.1875860500516175,1.6290154663747127,3.823544487049783,-0.8298507411161595,0.28696546641651494,0.43331807758106794,466.9062928317508,insufficient_egarch_obs
Equity-option Greek Markowitz,Full-spread post-cost,611,ewma_residual_fallback_insufficient_egarch_obs,60,ok,60,0.23709387248592484,1.1815617401911165,0.7200017681689579,1.3679090466094026,-0.9138428666070715,0.35790642327960825,0.37714242316691976,2.8974321775696543,insufficient_egarch_obs
Equity-option Greek Markowitz,Full-spread post-cost,612,ewma_residual_fallback_insufficient_egarch_obs,60,ok,60,0.1929999649517502,1.1326282009432027,0.6957536166692534,1.2560588687335665,-0.9398678492177002,0.38282604588411656,0.461596629274262,2.4165854402139293,insufficient_egarch_obs
Equity-option Greek Markowitz,Full-spread post-cost,613,ewma_residual_fallback_insufficient_egarch_obs,60,ok,60,0.3660195624606668,0.9958017117127784,0.8006151960476985,1.4327251663285108,-0.9469641866073404,0.3309775960135904,0.43525681628601776,4.756468162346175,insufficient_egarch_obs
Equity-option Greek Markowitz,Full-spread post-cost,614,ewma_residual_fallback_insufficient_egarch_obs,60,ok,60,0.41639124121839366,1.5722540690147457,1.0926964363239628,1.9328751450341608,-0.9762723657681514,0.5126233760849875,0.6940653489942717,5.7005421651805115,insufficient_egarch_obs
Equity-option Greek Markowitz,Full-spread post-cost,615,ewma_residual_fallback_insufficient_egarch_obs,60,ok,60,1.196222827945609,0.9279289954408472,1.3182263994526469,2.6810478591461324,-0.664254671878691,0.3087567789115238,0.37608170970060933,51.095423938841876,insufficient_egarch_obs
Equity-option Greek Markowitz,Full-spread post-cost,616,ewma_residual_fallback_insufficient_egarch_obs,60,ok,60,0.3572749511626734,1.0101320265397362,0.7728097702679754,1.4960338484827003,-0.7315894578770095,0.30288506310285407,0.42249344110461706,4.606161603668814,insufficient_egarch_obs
Equity-option Greek Markowitz,Full-spread post-cost,617,ewma_residual_fallback_insufficient_egarch_obs,60,ok,60,-0.003052657405324677,1.1742797752551901,0.5376299573653396,0.9887662589638312,-0.8287776984677336,0.38212380605351737,0.43705400059543287,0.9848296161111351,insufficient_egarch_obs
Equity-option Greek Markowitz,Full-spread post-cost,618,ewma_residual_fallback_insufficient_egarch_obs,60,ok,60,0.03028602420854054,1.0914895209797686,0.5305673209693706,0.9774194256063282,-0.9773726213904682,0.3244981635741049,0.42615911509568377,1.160884582339505,insufficient_egarch_obs
Equity-option Greek Markowitz,Full-spread post-cost,619,ewma_residual_fallback_insufficient_egarch_obs,60,ok,60,0.7342222713038429,1.0917325605801016,1.0007763939074503,2.1198756298886043,-0.7901395760418419,0.2979647850455956,0.3421591753272993,15.686418455380128,insufficient_egarch_obs
Equity-option Greek Markowitz,Full-spread post-cost,620,ewma_residual_fallback_insufficient_egarch_obs,60,ok,60,0.797231276008812,1.293171502534726,1.0707864054016676,2.120485680244499,-0.9187895828556923,0.3624290638687844,0.480713685754153,18.75080159935673,insufficient_egarch_obs
Equity-option Greek Markowitz,Full-spread post-cost,621,ewma_residual_fallback_insufficient_egarch_obs,60,ok,60,1.086831242816762,1.2886647708961934,1.1806599961186262,2.4129416447592176,-0.8994859149321714,0.41525794237454894,0.4218058414275285,39.57643314352157,insufficient_egarch_obs
Equity-option Greek Markowitz,Full-spread post-cost,622,ewma_residual_fallback_insufficient_egarch_obs,60,ok,60,0.5281180181787877,1.0917703982830058,0.8754478775729846,1.8277996260158853,-0.8815574900222053,0.31127059150453323,0.370292696282327,8.332675757182718,insufficient_egarch_obs
Equity-option Greek Markowitz,Full-spread post-cost,623,ewma_residual_fallback_insufficient_egarch_obs,60,ok,60,-0.2925047094854579,1.0245177061504183,0.1516437872699721,0.24767526687951633,-0.9472245086804226,0.3407624170607015,0.3993330748194252,0.17726286590163046,insufficient_egarch_obs
Equity-option Greek Markowitz,Full-spread post-cost,624,ewma_residual_fallback_insufficient_egarch_obs,60,ok,60,0.7779853579202716,1.136536032373754,1.0508106836374778,2.0519988947434404,-0.8480424986336956,0.34884396846678234,0.41431815072527994,17.768096356029673,insufficient_egarch_obs
Equity-option Greek Markowitz,Full-spread post-cost,625,ewma_residual_fallback_insufficient_egarch_obs,60,ok,60,0.23322259774450305,0.9432264060797066,0.6632249781766647,1.2071452530192284,-0.8277443080022947,0.29502399852077144,0.31478280047310997,2.852379923512188,insufficient_egarch_obs
Equity-option Greek Markowitz,Full-spread post-cost,626,ewma_residual_fallback_insufficient_egarch_obs,60,ok,60,0.20849352367971163,1.0200682920425235,0.6402317486379422,1.261404981127115,-0.8593838610089131,0.2908164298673329,0.3321385103149186,2.5776362862229107,insufficient_egarch_obs
Equity-option Greek Markowitz,Full-spread post-cost,627,ewma_residual_fallback_insufficient_egarch_obs,60,ok,60,0.4549415764960758,0.8328985573572698,0.8541823739690604,1.5561296830591302,-0.7651711527765682,0.31200754952539084,0.3189633495961359,6.519702401999019,insufficient_egarch_obs
Equity-option Greek Markowitz,Full-spread post-cost,628,ewma_residual_fallback_insufficient_egarch_obs,60,ok,60,-0.45593352379075236,1.7483526217330905,0.5405171875873503,0.9376554188749757,-0.9991897342971029,0.6089977718875416,0.6887541346042529,0.04767161157720017,insufficient_egarch_obs
Equity-option Greek Markowitz,Full-spread post-cost,629,ewma_residual_fallback_insufficient_egarch_obs,60,ok,60,1.0275065401647758,1.4797625455012506,1.1817555743337438,2.4301537665757844,-0.9163469656215751,0.40493808868606157,0.5420602601037534,34.2618902023196,insufficient_egarch_obs
Equity-option Greek Markowitz,Full-spread post-cost,630,ewma_residual_fallback_insufficient_egarch_obs,60,ok,60,-0.31651460203730064,0.9658269771451642,0.057921064002555825,0.09557508282545421,-0.9863992380817425,0.3352647041643922,0.39303685510463476,0.1491578804988402,insufficient_egarch_obs
Equity-option Greek Markowitz,Full-spread post-cost,631,ewma_residual_fallback_insufficient_egarch_obs,60,ok,60,-0.08123844988728124,0.919811136636596,0.33502274413043365,0.5737574100806075,-0.8932753772547594,0.2944263406675004,0.3244128859548749,0.6546573664212477,insufficient_egarch_obs
Equity-option Greek Markowitz,Full-spread post-cost,632,ewma_residual_fallback_insufficient_egarch_obs,60,ok,60,-0.2040631456901849,0.8785604656242869,0.1521134884671852,0.2507873199818649,-0.909588867541824,0.2848065289796233,0.3293966844120694,0.3194427762722506,insufficient_egarch_obs
Equity-option Greek Markowitz,Full-spread post-cost,633,ewma_residual_fallback_insufficient_egarch_obs,60,ok,60,0.8156338270351584,1.1427355608270897,1.0822728082153439,2.1015401869598795,-0.8768728336788798,0.35320426889770684,0.44479352020188506,19.7306470308555,insufficient_egarch_obs
Equity-option Greek Markowitz,Full-spread post-cost,634,ewma_residual_fallback_insufficient_egarch_obs,60,ok,60,-0.3084697162963307,1.2155389098531837,0.27106846454074623,0.46784309081435477,-0.9392893872715646,0.35933580265486315,0.5020328408202985,0.15814520119341446,insufficient_egarch_obs
Equity-option Greek Markowitz,Full-spread post-cost,635,ewma_residual_fallback_insufficient_egarch_obs,60,ok,60,0.5911364397329679,1.1122940638746364,0.9365737712050886,1.8514322096001636,-0.6750287532672872,0.3370991786775962,0.38608488358714105,10.198519008270917,insufficient_egarch_obs
Equity-option Greek Markowitz,Full-spread post-cost,636,ewma_residual_fallback_insufficient_egarch_obs,60,ok,60,0.057587101462121426,0.7626354044644319,0.4335538965057785,0.7366069503636948,-0.786804349599599,0.28458130380336916,0.30866939832405704,1.3230636177774606,insufficient_egarch_obs
Equity-option Greek Markowitz,Full-spread post-cost,637,ewma_residual_fallback_insufficient_egarch_obs,60,ok,60,0.17175678389579896,1.1239793595682601,0.6909928601843446,1.233023091433405,-0.9122498483315459,0.4004815510012006,0.5096123659454161,2.208957614758444,insufficient_egarch_obs
Equity-option Greek Markowitz,Full-spread post-cost,638,ewma_residual_fallback_insufficient_egarch_obs,60,ok,60,-0.30021680120267913,1.0777830365161534,0.21424406057885742,0.3387951660012564,-0.9926050020489395,0.3572359493312419,0.5024145024440702,0.1678098913257311,insufficient_egarch_obs
Equity-option Greek Markowitz,Full-spread post-cost,639,ewma_residual_fallback_insufficient_egarch_obs,60,ok,60,0.20656490945618167,1.3512404155052835,0.7365151800452605,1.485005651555703,-0.9159906766137285,0.3954000246616813,0.42523944692052695,2.5571338007232653,insufficient_egarch_obs
Equity-option Greek Markowitz,Full-spread post-cost,640,ewma_residual_fallback_insufficient_egarch_obs,60,ok,60,2.091948906737169,1.0866741356809355,1.5673163213894603,3.839626741798773,-0.4416870387298715,0.30735557273575176,0.3583948734377324,282.5930936193376,insufficient_egarch_obs
Equity-option Greek Markowitz,Full-spread post-cost,641,ewma_residual_fallback_insufficient_egarch_obs,60,ok,60,-0.18601690971717744,0.8559330575568084,0.17904853391643086,0.2800288936486236,-0.8493681395736182,0.3036817901043013,0.36603833612433984,0.3573361176858766,insufficient_egarch_obs
Equity-option Greek Markowitz,Full-spread post-cost,642,ewma_residual_fallback_insufficient_egarch_obs,60,ok,60,-0.4409655983885745,0.8715054987147284,-0.229316884923914,-0.33511840831298784,-0.9774682719324708,0.3337849820050678,0.37977064399624894,0.054600003513471475,insufficient_egarch_obs
Equity-option Greek Markowitz,Full-spread post-cost,643,ewma_residual_fallback_insufficient_egarch_obs,60,ok,60,0.4296342909278248,1.209136533586772,0.9018911322588155,1.6369411890123,-0.9101021091825788,0.40003395471474673,0.50885880200988,5.9720685296697305,insufficient_egarch_obs
Equity-option Greek Markowitz,Full-spread post-cost,644,ewma_residual_fallback_insufficient_egarch_obs,60,ok,60,-0.04829716431029807,1.087490284896444,0.4762915437867692,0.8033847150666893,-0.8937598020913815,0.35551730566852885,0.4295717212545876,0.7807406945308817,insufficient_egarch_obs
Equity-option Greek Markowitz,Full-spread post-cost,645,ewma_residual_fallback_insufficient_egarch_obs,60,ok,60,0.4044394802683,0.8449379953728319,0.8135806219157544,1.4540430965578839,-0.5920445168218038,0.298375367369742,0.348368490527577,5.46405606921813,insufficient_egarch_obs
Equity-option Greek Markowitz,Full-spread post-cost,646,ewma_residual_fallback_insufficient_egarch_obs,60,ok,60,0.5994862520312558,0.9517678232368192,0.9710372704232899,1.759335279513564,-0.701884064399132,0.292508345826393,0.4198917627610513,10.468936313947976,insufficient_egarch_obs
Equity-option Greek Markowitz,Full-spread post-cost,647,ewma_residual_fallback_insufficient_egarch_obs,60,ok,60,0.22788569214368892,1.1095714780813912,0.7064408148156947,1.296979362284166,-0.86853400052054,0.3951788385899237,0.4202938629368909,2.7911918865611813,insufficient_egarch_obs
Equity-option Greek Markowitz,Full-spread post-cost,648,ewma_residual_fallback_insufficient_egarch_obs,60,ok,60,-0.13944239424394944,1.0919575778687793,0.4082010758688314,0.6807103637965185,-0.9701507273036895,0.4580702643098502,0.5438335503167749,0.47195407102769377,insufficient_egarch_obs
Equity-option Greek Markowitz,Full-spread post-cost,649,ewma_residual_fallback_insufficient_egarch_obs,60,ok,60,0.8054756684861601,1.2841037440795617,1.104987236821138,2.1210067033816795,-0.7852531621687244,0.43746477078415485,0.5886345312399265,19.184840820295367,insufficient_egarch_obs
Equity-option Greek Markowitz,Full-spread post-cost,650,ewma_residual_fallback_insufficient_egarch_obs,60,ok,60,0.22976749069585067,0.7803892760140607,0.6272998644618747,1.1678402761390312,-0.6965489859743579,0.2706629829368105,0.3048059905976526,2.8126457764238824,insufficient_egarch_obs
Equity-option Greek Markowitz,Full-spread post-cost,651,ewma_residual_fallback_insufficient_egarch_obs,60,ok,60,-0.11955004971785388,0.8892359425843175,0.28587092968217676,0.4807911724379992,-0.9130481537048554,0.30751302863902913,0.4257115289703654,0.529082462663672,insufficient_egarch_obs
Equity-option Greek Markowitz,Full-spread post-cost,652,ewma_residual_fallback_insufficient_egarch_obs,60,ok,60,0.1047199315741012,0.9206393487089523,0.5408361591660825,0.9495247172902467,-0.8573399333504361,0.3160304675847762,0.3514881637622156,1.6453600510354303,insufficient_egarch_obs
Equity-option Greek Markowitz,Full-spread post-cost,653,ewma_residual_fallback_insufficient_egarch_obs,60,ok,60,0.7166603254442527,0.9107735842833318,1.040903609852858,2.0019591038766293,-0.6290956644194612,0.2908701692723768,0.3943739348400562,14.90808465989073,insufficient_egarch_obs
Equity-option Greek Markowitz,Full-spread post-cost,654,ewma_residual_fallback_insufficient_egarch_obs,60,ok,60,1.142760753192921,1.0908677265818434,1.227683059129579,2.5019868776891685,-0.6887212301424788,0.3425158774041105,0.36454168971953954,45.171906046763425,insufficient_egarch_obs
Equity-option Greek Markowitz,Full-spread post-cost,655,ewma_residual_fallback_insufficient_egarch_obs,60,ok,60,-0.11580225347855966,1.3640040321038351,0.5701736207593113,1.0288348614765,-0.9859826370991287,0.39350910033723924,0.5450310198119618,0.5404394192368697,insufficient_egarch_obs
Equity-option Greek Markowitz,Full-spread post-cost,656,ewma_residual_fallback_insufficient_egarch_obs,60,ok,60,0.05979867048817522,1.0914687718534741,0.5658015254650168,1.00387641935008,-0.8867102212460136,0.34547039657563705,0.40467094812303556,1.3369551909194133,insufficient_egarch_obs
Equity-option Greek Markowitz,Full-spread post-cost,657,ewma_residual_fallback_insufficient_egarch_obs,60,ok,60,0.02706654832303257,0.6989814021841512,0.36695033808284616,0.6196907378646389,-0.7081613985264696,0.24902053938050708,0.27510546311159967,1.1428597090244368,insufficient_egarch_obs
Equity-option Greek Markowitz,Full-spread post-cost,658,ewma_residual_fallback_insufficient_egarch_obs,60,ok,60,-0.07531616333497748,1.0601708261067246,0.4281628462281129,0.7445025556078951,-0.9285242592044757,0.3644547942245967,0.46794297147229796,0.6760305643133195,insufficient_egarch_obs
Equity-option Greek Markowitz,Full-spread post-cost,659,ewma_residual_fallback_insufficient_egarch_obs,60,ok,60,0.30618527273406726,0.9784421433510389,0.7367584120649673,1.3385243005668945,-0.7897840527463067,0.324183230851717,0.3335460917609816,3.8021033153563453,insufficient_egarch_obs
Equity-option Greek Markowitz,Full-spread post-cost,660,ewma_residual_fallback_insufficient_egarch_obs,60,ok,60,-0.1390897746979436,0.9718536974625221,0.3131273772741691,0.5159371167809061,-0.8799465495353819,0.3283895483182842,0.38311694906935734,0.4729217963070256,insufficient_egarch_obs
Equity-option Greek Markowitz,Full-spread post-cost,661,ewma_residual_fallback_insufficient_egarch_obs,60,ok,60,0.4303510657387817,1.2642760394919519,0.864230349444322,1.7017808777718206,-0.9068208926472141,0.3881184131241256,0.4203225913897739,5.987054609756024,insufficient_egarch_obs
Equity-option Greek Markowitz,Full-spread post-cost,662,ewma_residual_fallback_insufficient_egarch_obs,60,ok,60,0.4923887207267399,1.1576525220943075,0.8650263746576213,1.7956318891043548,-0.7239738390121433,0.33302995450322326,0.3493469709080985,7.403034788100558,insufficient_egarch_obs
Equity-option Greek Markowitz,Full-spread post-cost,663,ewma_residual_fallback_insufficient_egarch_obs,60,ok,60,0.4634405794481813,0.8929849331782529,0.8559618515191363,1.5985737357275909,-0.5599290879755667,0.31287548791235825,0.370595458081938,6.712363492068787,insufficient_egarch_obs
Equity-option Greek Markowitz,Full-spread post-cost,664,ewma_residual_fallback_insufficient_egarch_obs,60,ok,60,0.22304906480892495,1.4878854885246864,0.822920169402382,1.5975190142091509,-0.982265068355361,0.4922641935557491,0.5238836847961932,2.7366508945597863,insufficient_egarch_obs
Equity-option Greek Markowitz,Full-spread post-cost,665,ewma_residual_fallback_insufficient_egarch_obs,60,ok,60,-0.38648190011426653,1.149616265391648,0.10427032963901998,0.1751615439849163,-0.9912275557995374,0.3559699454348916,0.37401566387635715,0.08692343867478187,insufficient_egarch_obs
Equity-option Greek Markowitz,Full-spread post-cost,666,ewma_residual_fallback_insufficient_egarch_obs,60,ok,60,0.23345323148426722,0.7621777086247473,0.6326807758841391,1.1545595523726584,-0.8491197250275878,0.26881730059689124,0.28779547900022445,2.8550481407364257,insufficient_egarch_obs
Equity-option Greek Markowitz,Full-spread post-cost,667,ewma_residual_fallback_insufficient_egarch_obs,60,ok,60,0.5157152935323319,0.934514775550134,0.894017983600556,1.708254811238622,-0.8111392587194624,0.29785212887908485,0.38302530328291723,7.999966405963859,insufficient_egarch_obs
Equity-option Greek Markowitz,Full-spread post-cost,668,ewma_residual_fallback_insufficient_egarch_obs,60,ok,60,0.44393981097414437,1.1329094853857384,0.8411060246323125,1.7023619231536518,-0.8720406830786184,0.2918712916786258,0.43078222667524035,6.276903510194243,insufficient_egarch_obs
Equity-option Greek Markowitz,Full-spread post-cost,669,ewma_residual_fallback_insufficient_egarch_obs,60,ok,60,1.0016574420966013,1.0538735185304193,1.1725961316840012,2.3651648685960374,-0.7962545133746644,0.3217896861330854,0.4149509994462264,32.13281531907519,insufficient_egarch_obs
Equity-option Greek Markowitz,Full-spread post-cost,670,ewma_residual_fallback_insufficient_egarch_obs,60,ok,60,1.0118520754299247,1.3489657686408054,1.1444325949217982,2.370488095959334,-0.9247063766458133,0.3852063499274481,0.4467259425283861,32.95947056255409,insufficient_egarch_obs
Equity-option Greek Markowitz,Full-spread post-cost,671,ewma_residual_fallback_insufficient_egarch_obs,60,ok,60,1.0541678745946474,1.2745101687488556,1.17751594827933,2.3990268126803715,-0.9427653860608336,0.43016648080320297,0.4671478311664236,36.57460670332179,insufficient_egarch_obs
Equity-option Greek Markowitz,Full-spread post-cost,672,ewma_residual_fallback_insufficient_egarch_obs,60,ok,60,0.5605037932308512,1.3321745968206327,0.9781188562944257,1.8752039237670284,-0.9524646320947899,0.4052462545175227,0.5284967978385312,9.253885964027237,insufficient_egarch_obs
Equity-option Greek Markowitz,Full-spread post-cost,673,ewma_residual_fallback_insufficient_egarch_obs,60,ok,60,0.39490056329588774,1.5559928626452257,1.0147762494095771,1.8908597153245945,-0.9655739139221992,0.5378493249064868,0.6465154914666106,5.281000982168264,insufficient_egarch_obs
Equity-option Greek Markowitz,Full-spread post-cost,674,ewma_residual_fallback_insufficient_egarch_obs,60,ok,60,1.0572074065733643,1.1554787590603552,1.2172032419191723,2.321269317001965,-0.898248230133095,0.41537600579325706,0.5338750707054146,36.846004111033416,insufficient_egarch_obs
Equity-option Greek Markowitz,Full-spread post-cost,675,ewma_residual_fallback_insufficient_egarch_obs,60,ok,60,1.5605779771085033,1.2857670986957617,1.3433670650355545,2.9093447359034696,-0.747766687329748,0.36258092734314157,0.37979601787001777,110.07533847475256,insufficient_egarch_obs
Equity-option Greek Markowitz,Full-spread post-cost,676,ewma_residual_fallback_insufficient_egarch_obs,60,ok,60,-0.30753074465495744,0.9459947378511568,0.06310194688423024,0.10011686986938954,-0.9158841105349546,0.3225008690334143,0.3399324520383513,0.15922178211523533,insufficient_egarch_obs
Equity-option Greek Markowitz,Full-spread post-cost,677,ewma_residual_fallback_insufficient_egarch_obs,60,ok,60,0.04523722884486214,1.2134369564066632,0.5952741521052989,1.1056541236766395,-0.9511639073610884,0.37321981888368405,0.48780776321218067,1.2475970790694981,insufficient_egarch_obs
Equity-option Greek Markowitz,Full-spread post-cost,678,ewma_residual_fallback_insufficient_egarch_obs,60,ok,60,0.38786117883390436,0.7083443124311378,0.7922583986988847,1.5626375047995038,-0.593663688020301,0.23853848384215603,0.27291256831103755,5.1490859277594545,insufficient_egarch_obs
Equity-option Greek Markowitz,Full-spread post-cost,679,ewma_residual_fallback_insufficient_egarch_obs,60,ok,60,0.5871776920386083,1.010475358910857,0.9290018755115479,1.8952450490829154,-0.875677482096327,0.28158149478708616,0.37733741254508485,10.072279158720523,insufficient_egarch_obs
Equity-option Greek Markowitz,Full-spread post-cost,680,ewma_residual_fallback_insufficient_egarch_obs,60,ok,60,0.9674453241352421,1.297685901121684,1.1249371177956466,2.3874130936589797,-0.8741900380649938,0.351172089308016,0.44777581244033343,29.479041612982854,insufficient_egarch_obs
Equity-option Greek Markowitz,Full-spread post-cost,681,ewma_residual_fallback_insufficient_egarch_obs,60,ok,60,0.3562580651758296,0.9066878291735685,0.7656341162787923,1.4118706328599924,-0.7538648055527092,0.30227259164537035,0.31480601061809993,4.588932493549339,insufficient_egarch_obs
Equity-option Greek Markowitz,Full-spread post-cost,682,ewma_residual_fallback_insufficient_egarch_obs,60,ok,60,0.6022270992868333,0.8703650439135286,0.9565329684970192,1.9017981616976913,-0.6699382309372319,0.3016833947566348,0.3591442474836833,10.558941032836055,insufficient_egarch_obs
Equity-option Greek Markowitz,Full-spread post-cost,683,ewma_residual_fallback_insufficient_egarch_obs,60,ok,60,0.5926332870563968,1.0039009855723824,0.9357330969104298,1.8553888757572432,-0.7123107416883754,0.29615460623685563,0.37261608735543406,10.246580175535597,insufficient_egarch_obs
Equity-option Greek Markowitz,Full-spread post-cost,684,ewma_residual_fallback_insufficient_egarch_obs,60,ok,60,-0.6279254324020642,1.2587157319405504,-0.18521007111525414,-0.29653347662848095,-0.994187000732355,0.37086737343957776,0.45164316018691353,0.007130991661112107,insufficient_egarch_obs
Equity-option Greek Markowitz,Full-spread post-cost,685,ewma_residual_fallback_insufficient_egarch_obs,60,ok,60,0.5641578172750044,1.626958807435851,1.115758082218497,2.201143342773186,-0.9125868092839298,0.477445527820663,0.6791030176773033,9.362737503882522,insufficient_egarch_obs
Equity-option Greek Markowitz,Full-spread post-cost,686,ewma_residual_fallback_insufficient_egarch_obs,60,ok,60,0.07265477068660742,1.1624942575620223,0.5889975265650599,1.0981865072771522,-0.9831569669827904,0.3478083741642892,0.4084078236047765,1.420037597968781,insufficient_egarch_obs
Equity-option Greek Markowitz,Full-spread post-cost,687,ewma_residual_fallback_insufficient_egarch_obs,60,ok,60,-0.25238166831295683,0.9944898519979668,0.1729333640553223,0.28701512680980124,-0.9561461325083364,0.3426777014623542,0.3622183446569807,0.23356066813166507,insufficient_egarch_obs
Equity-option Greek Markowitz,Full-spread post-cost,688,ewma_residual_fallback_insufficient_egarch_obs,60,ok,60,0.19379999407320336,1.0570531585861966,0.6828969878166982,1.1980578099862793,-0.9575606964419998,0.3266201827924639,0.4602516142178827,2.4246991599445513,insufficient_egarch_obs
Equity-option Greek Markowitz,Full-spread post-cost,689,ewma_residual_fallback_insufficient_egarch_obs,60,ok,60,-0.396627223104963,1.7193876548239444,0.6827800427583727,1.1458720971420961,-0.9982060774859094,0.667630776239285,0.7858214724972553,0.07997026928722989,insufficient_egarch_obs
Equity-option Greek Markowitz,Full-spread post-cost,690,ewma_residual_fallback_insufficient_egarch_obs,60,ok,60,3.183733620710184,1.2167850143379966,1.8158139313180741,4.004691213780303,-0.8886257319062039,0.3587439906817577,0.4119530301605674,1281.7995817715762,insufficient_egarch_obs
Equity-option Greek Markowitz,Full-spread post-cost,691,ewma_residual_fallback_insufficient_egarch_obs,60,ok,60,0.35809960312315914,1.138685910213057,0.8166334487121981,1.5047221712908911,-0.7050423015811289,0.388353990008294,0.47084964405964286,4.6201716565086794,insufficient_egarch_obs
Equity-option Greek Markowitz,Full-spread post-cost,692,ewma_residual_fallback_insufficient_egarch_obs,60,ok,60,0.7510936579733394,0.9251001237077064,1.0692621812401142,2.0090984107852132,-0.7587829366241271,0.30758668493395924,0.3952976686727214,16.464436658409515,insufficient_egarch_obs
Equity-option Greek Markowitz,Full-spread post-cost,693,ewma_residual_fallback_insufficient_egarch_obs,60,ok,60,1.4171702453768202,0.8781207349551033,1.4646990878508048,2.994930392057669,-0.71107616705406,0.30426773878621466,0.37628979438563476,82.5156258329012,insufficient_egarch_obs
Equity-option Greek Markowitz,Full-spread post-cost,694,ewma_residual_fallback_insufficient_egarch_obs,60,ok,60,4.489985945117682,1.4929784119484661,1.8958350002947184,4.75626177007711,-0.689927093581306,0.3499146271479972,0.5608328046987175,4987.192859025281,insufficient_egarch_obs
Equity-option Greek Markowitz,Full-spread post-cost,695,ewma_residual_fallback_insufficient_egarch_obs,60,ok,60,-0.15870778975059951,0.955939908981255,0.26638828736375214,0.4491525387046143,-0.8782801575992562,0.32676518069332483,0.3643250969998089,0.42143862702294693,insufficient_egarch_obs
Equity-option Greek Markowitz,Full-spread post-cost,696,ewma_residual_fallback_insufficient_egarch_obs,60,ok,60,0.2569147110825323,1.186390591904584,0.7699935334453802,1.3795416761777575,-0.8792272287557397,0.36195327382479314,0.49259203435035914,3.137104939063165,insufficient_egarch_obs
Equity-option Greek Markowitz,Full-spread post-cost,697,ewma_residual_fallback_insufficient_egarch_obs,60,ok,60,0.004535302586037737,1.438267147805547,0.6626492498362107,1.2570858216112852,-0.955156080820923,0.491466542706597,0.5313228516711374,1.0228831376079974,insufficient_egarch_obs
Equity-option Greek Markowitz,Full-spread post-cost,698,ewma_residual_fallback_insufficient_egarch_obs,60,ok,60,0.5279044354286291,1.0033663014149552,0.8982383267346684,1.7083665787877957,-0.7376960447817229,0.3768133558522873,0.39572462165294864,8.326854157161069,insufficient_egarch_obs
Equity-option Greek Markowitz,Full-spread post-cost,699,ewma_residual_fallback_insufficient_egarch_obs,60,ok,60,0.841090013795307,0.9384382629427719,1.0859290657402343,2.3423637208451473,-0.6307409329711222,0.2874854280031673,0.31395157033949667,21.1531530576105,insufficient_egarch_obs
Equity-option Greek Markowitz,Full-spread post-cost,700,ewma_residual_fallback_insufficient_egarch_obs,60,ok,60,-0.2956086051029949,1.1438104033467875,0.2761060980435638,0.4392439714916364,-0.9640433110761223,0.3688287028060744,0.5546857214806352,0.17340843115208712,insufficient_egarch_obs
Equity-option Greek Markowitz,Full-spread post-cost,701,ewma_residual_fallback_insufficient_egarch_obs,60,ok,60,0.9301120202157018,1.0790529142213254,1.1125416085356659,2.337959088441744,-0.6840472851546908,0.3358826159990597,0.359739117444603,26.786290656731033,insufficient_egarch_obs
Equity-option Greek Markowitz,Full-spread post-cost,702,ewma_residual_fallback_insufficient_egarch_obs,60,ok,60,0.6239409457487122,1.1360755349114824,0.9597151651620316,1.9116639429928806,-0.9063267567479341,0.3294244690239686,0.43076469601254236,11.294087832252822,insufficient_egarch_obs
Equity-option Greek Markowitz,Full-spread post-cost,703,ewma_residual_fallback_insufficient_egarch_obs,60,ok,60,-0.04386361828637919,0.9553118094468013,0.3978748455813143,0.6845865165630075,-0.8823970540033304,0.3098625394328024,0.3191195503983129,0.7990964820142645,insufficient_egarch_obs
Equity-option Greek Markowitz,Full-spread post-cost,704,ewma_residual_fallback_insufficient_egarch_obs,60,ok,60,1.1139102183397758,1.5530466473768212,1.2055072911549263,2.5324663192091226,-0.9221806168482595,0.4767441202197985,0.5396717592377493,42.21168517277587,insufficient_egarch_obs
Equity-option Greek Markowitz,Full-spread post-cost,705,ewma_residual_fallback_insufficient_egarch_obs,60,ok,60,2.644044339048567,1.8210520305945321,1.6043774667420332,3.486211548980551,-0.9594946758013615,0.5805112067311048,0.6050750297066237,642.5667709642854,insufficient_egarch_obs
Equity-option Greek Markowitz,Full-spread post-cost,706,ewma_residual_fallback_insufficient_egarch_obs,60,ok,60,0.9222172751310203,1.1011809388834732,1.105700664548588,2.322862307692045,-0.6633112008825865,0.3325213420033075,0.34832177545634974,26.242933496533198,insufficient_egarch_obs
Equity-option Greek Markowitz,Full-spread post-cost,707,ewma_residual_fallback_insufficient_egarch_obs,60,ok,60,-0.031544340307792074,0.9478548679825781,0.3926345077490465,0.7207285780458653,-0.9005107427142494,0.29666890161893084,0.33414338202496224,0.851919791350923,insufficient_egarch_obs
Equity-option Greek Markowitz,Full-spread post-cost,708,ewma_residual_fallback_insufficient_egarch_obs,60,ok,60,0.5069332176124792,1.107031360979306,0.9032771161741914,1.680407400201698,-0.7660693213520084,0.35400084084049427,0.42842120019617086,7.770876932722919,insufficient_egarch_obs
Equity-option Greek Markowitz,Full-spread post-cost,709,ewma_residual_fallback_insufficient_egarch_obs,60,ok,60,0.1726381365262626,0.6420601776592153,0.5563854779485373,0.957969774238697,-0.6131902946402698,0.22829440646314772,0.2702790399669585,2.217277607288884,insufficient_egarch_obs
Equity-option Greek Markowitz,Full-spread post-cost,710,ewma_residual_fallback_insufficient_egarch_obs,60,ok,60,-0.34810590768204197,1.4339425516443647,0.3867560134412985,0.6758301584192877,-0.9856858436735297,0.4704430101669571,0.5693190975865839,0.11772948024306842,insufficient_egarch_obs
Equity-option Greek Markowitz,Full-spread post-cost,711,ewma_residual_fallback_insufficient_egarch_obs,60,ok,60,0.40203875563775915,1.174640619651794,0.822649742382163,1.6393053036266796,-0.9262778970184832,0.3152233337073926,0.36794421827747886,5.417514639537818,insufficient_egarch_obs
Equity-option Greek Markowitz,Full-spread post-cost,712,ewma_residual_fallback_insufficient_egarch_obs,60,ok,60,0.04490400542360584,0.9899206436314322,0.4917050845525919,0.9132129847423767,-0.9331897357608371,0.32682863238490656,0.3481758776399618,1.2456096662119067,insufficient_egarch_obs
Equity-option Greek Markowitz,Full-spread post-cost,713,ewma_residual_fallback_insufficient_egarch_obs,60,ok,60,1.1034540867776048,0.858220967761623,1.3092154766146025,2.5498020081557007,-0.7419323409154704,0.28133520096507053,0.37069881081373984,41.177993847701124,insufficient_egarch_obs
Equity-option Greek Markowitz,Full-spread post-cost,714,ewma_residual_fallback_insufficient_egarch_obs,60,ok,60,-0.429369392066994,1.0620827599951685,-0.02328038251936279,-0.037940642342459974,-0.9802103185574763,0.3456012402249232,0.44861964501790313,0.060502777864050186,insufficient_egarch_obs
Equity-option Greek Markowitz,Full-spread post-cost,715,ewma_residual_fallback_insufficient_egarch_obs,60,ok,60,1.7842364508723239,1.7990736076795146,1.501525631471629,3.1565660914550357,-0.9325505623569557,0.5385199853658342,0.6564307040606021,167.31334214929603,insufficient_egarch_obs
Equity-option Greek Markowitz,Full-spread post-cost,716,ewma_residual_fallback_insufficient_egarch_obs,60,ok,60,0.6033196900484556,1.2773279526944377,1.005543485335691,1.8753151244109019,-0.9790141959276261,0.42130507103170406,0.5237626145531723,10.594991934242296,insufficient_egarch_obs
Equity-option Greek Markowitz,Full-spread post-cost,717,ewma_residual_fallback_insufficient_egarch_obs,60,ok,60,0.5000283763870599,0.9679698879899713,0.8794894758900732,1.6565058199948413,-0.8370319003330126,0.3267732425314238,0.3636558327973196,7.594468304474118,insufficient_egarch_obs
Equity-option Greek Markowitz,Full-spread post-cost,718,ewma_residual_fallback_insufficient_egarch_obs,60,ok,60,0.6958181267395069,0.9807324466084169,1.0161037862655977,1.921531168572887,-0.8174010744150906,0.355149300640698,0.3666075684011707,14.024789959346306,insufficient_egarch_obs
Equity-option Greek Markowitz,Full-spread post-cost,719,ewma_residual_fallback_insufficient_egarch_obs,60,ok,60,2.61246942746916,1.6719359261051616,1.5221886423760271,3.755436844826594,-0.8732470989322602,0.43115646800371704,0.510879326986754,615.2064804898332,insufficient_egarch_obs
Equity-option Greek Markowitz,Full-spread post-cost,720,ewma_residual_fallback_insufficient_egarch_obs,60,ok,60,-0.0017777048905714965,0.9536771423497542,0.4566578214089763,0.7884186512026244,-0.8659781555058307,0.31752065303406624,0.4387433910037412,0.9911430217641932,insufficient_egarch_obs
Equity-option Greek Markowitz,Full-spread post-cost,721,ewma_residual_fallback_insufficient_egarch_obs,60,ok,60,0.8038585806331024,1.0842725415449712,1.0497875951938425,2.1635666125618735,-0.7424705015892867,0.3171968872087393,0.3311332962136477,19.099079349362285,insufficient_egarch_obs
Equity-option Greek Markowitz,Full-spread post-cost,722,ewma_residual_fallback_insufficient_egarch_obs,60,ok,60,0.8835180721264475,1.4675211985975551,1.1380049544242001,2.311814631562077,-0.9754528626030081,0.4133680566639165,0.5703770596896954,23.70549114938024,insufficient_egarch_obs
Equity-option Greek Markowitz,Full-spread post-cost,723,ewma_residual_fallback_insufficient_egarch_obs,60,ok,60,0.9085041873112365,1.019899368387058,1.1210020049616631,2.267194189891726,-0.804328488403066,0.33435580493402783,0.3827142922951135,25.320109860952833,insufficient_egarch_obs
Equity-option Greek Markowitz,Full-spread post-cost,724,ewma_residual_fallback_insufficient_egarch_obs,60,ok,60,0.7271927294997578,1.0644780042077302,1.0511666689237336,1.9636520656120269,-0.7041213836493049,0.3562430034464863,0.5200502416786608,15.371066660084475,insufficient_egarch_obs
Equity-option Greek Markowitz,Full-spread post-cost,725,ewma_residual_fallback_insufficient_egarch_obs,60,ok,60,2.1527578338942366,1.3030864231021748,1.543903728050981,3.244382401645765,-0.6260637048214845,0.4272252994747207,0.45483434520947236,311.49642553706957,insufficient_egarch_obs
Equity-option Greek Markowitz,Full-spread post-cost,726,ewma_residual_fallback_insufficient_egarch_obs,60,ok,60,2.604194342718669,1.2692234060367968,1.6245157919019408,3.8287480164383845,-0.7116697782948409,0.39970970256542426,0.43336451498648104,608.1924201003675,insufficient_egarch_obs
Equity-option Greek Markowitz,Full-spread post-cost,727,ewma_residual_fallback_insufficient_egarch_obs,60,ok,60,0.821388130837811,1.3086885056249362,1.0512481432660783,2.245416417784911,-0.8282252054810436,0.34629776231454495,0.42874413643055337,20.0452977111987,insufficient_egarch_obs
Equity-option Greek Markowitz,Full-spread post-cost,728,ewma_residual_fallback_insufficient_egarch_obs,60,ok,60,-0.12491533952502232,1.2347846228348618,0.5065385120266166,0.8915777721810588,-0.9564136489205569,0.4307600409970221,0.5603462263725878,0.5131571156480673,insufficient_egarch_obs
Equity-option Greek Markowitz,Full-spread post-cost,729,ewma_residual_fallback_insufficient_egarch_obs,60,ok,60,0.8722522890977529,1.4270058972543285,1.1732373065549184,2.189410387164252,-0.9650218022259968,0.47002217701002935,0.5723821680587067,23.004979533663025,insufficient_egarch_obs
Equity-option Greek Markowitz,Full-spread post-cost,730,ewma_residual_fallback_insufficient_egarch_obs,60,ok,60,0.3881538282193624,0.7507897696587376,0.7950642549096464,1.4710858770661506,-0.6182714749664144,0.26799327296619946,0.2857736046759391,5.1545169913281415,insufficient_egarch_obs
Equity-option Greek Markowitz,Full-spread post-cost,731,ewma_residual_fallback_insufficient_egarch_obs,60,ok,60,-0.21482675854465405,0.9047542235069267,0.16613962508722888,0.2663782933434532,-0.9471882104030824,0.3044717515268476,0.3522218298292365,0.29841967465952357,insufficient_egarch_obs
Equity-option Greek Markowitz,Full-spread post-cost,732,ewma_residual_fallback_insufficient_egarch_obs,60,ok,60,0.27850227238622005,0.7896707698656835,0.6919505857917269,1.241044329624746,-0.6030863759520243,0.26303039812910767,0.32682839678216336,3.415918665100796,insufficient_egarch_obs
Equity-option Greek Markowitz,Full-spread post-cost,733,ewma_residual_fallback_insufficient_egarch_obs,60,ok,60,0.3170503304645227,0.8155767697068443,0.7232113218684464,1.3222443287945733,-0.7592370696365933,0.279472917290427,0.29063950079397527,3.962888545830202,insufficient_egarch_obs
Equity-option Greek Markowitz,Full-spread post-cost,734,ewma_residual_fallback_insufficient_egarch_obs,60,ok,60,-0.2350488215751666,0.9810227964365895,0.1916506639942937,0.3159483919095147,-0.8964451459942956,0.29937089039537296,0.38282071910134635,0.2619199565569486,insufficient_egarch_obs
Equity-option Greek Markowitz,Full-spread post-cost,735,ewma_residual_fallback_insufficient_egarch_obs,60,ok,60,0.5675900087345966,0.9441275039475499,0.9230873589703983,1.7877241424788322,-0.736902789246008,0.3074657804747222,0.3126604743095958,9.465911371194508,insufficient_egarch_obs
Equity-option Greek Markowitz,Full-spread post-cost,736,ewma_residual_fallback_insufficient_egarch_obs,60,ok,60,0.7022115335161385,0.9467833727536936,1.0095899904636125,2.039906989263003,-0.5888217833292908,0.29415117377234784,0.3129021884733451,14.291165347155106,insufficient_egarch_obs
Equity-option Greek Markowitz,Full-spread post-cost,737,ewma_residual_fallback_insufficient_egarch_obs,60,ok,60,-0.20333342094065543,0.8092160067409636,0.10731337128399238,0.1726251557831461,-0.934693188497687,0.28387716328274676,0.35229948283387075,0.32090980923053614,insufficient_egarch_obs
Equity-option Greek Markowitz,Full-spread post-cost,738,ewma_residual_fallback_insufficient_egarch_obs,60,ok,60,0.508405790295329,0.7151073503357838,0.9115148942896996,1.8844514230177984,-0.6530811568173486,0.23785914030816338,0.24710441331618604,7.808919652001935,insufficient_egarch_obs
Equity-option Greek Markowitz,Full-spread post-cost,739,ewma_residual_fallback_insufficient_egarch_obs,60,ok,60,0.9541737570234969,0.8616217768547784,1.198000766202723,2.5349896198314745,-0.7086906360244902,0.23182961993593248,0.3552899423866167,28.498098539211835,insufficient_egarch_obs
Equity-option Greek Markowitz,Full-spread post-cost,740,ewma_residual_fallback_insufficient_egarch_obs,60,ok,60,1.2137834617092658,0.9516137717242396,1.3075279685822248,2.6553296960303685,-0.7586999129353051,0.31574715201304143,0.38521059056915136,53.171105919331644,insufficient_egarch_obs
Equity-option Greek Markowitz,Full-spread post-cost,741,ewma_residual_fallback_insufficient_egarch_obs,60,ok,60,1.1862914308784989,0.9424991476347374,1.3145450642894072,2.5652988566800112,-0.5783700969803638,0.30803390720960705,0.39652149617702886,49.95054865664034,insufficient_egarch_obs
Equity-option Greek Markowitz,Full-spread post-cost,742,ewma_residual_fallback_insufficient_egarch_obs,60,ok,60,-0.16135789869656925,1.0475373862240653,0.33969675879562244,0.5634380108387289,-0.9593824705960939,0.37746747763506294,0.4412030297089276,0.41484255919643437,insufficient_egarch_obs
Equity-option Greek Markowitz,Full-spread post-cost,743,ewma_residual_fallback_insufficient_egarch_obs,60,ok,60,-0.21679855345139376,1.0152089713225068,0.263464194176653,0.4256711226798747,-0.9182844900742814,0.3301066361423084,0.4774686116273729,0.2946913610732313,insufficient_egarch_obs
Equity-option Greek Markowitz,Full-spread post-cost,744,ewma_residual_fallback_insufficient_egarch_obs,60,ok,60,0.08743256603849847,1.2129172712274434,0.6215840682196909,1.173432352107872,-0.8872632759476243,0.3679785487617557,0.42045555466532375,1.520588405888967,insufficient_egarch_obs
Equity-option Greek Markowitz,Full-spread post-cost,745,ewma_residual_fallback_insufficient_egarch_obs,60,ok,60,-0.3326196160802315,1.3535713949510029,0.36403348709972466,0.6252271360961079,-0.995574641639974,0.4673551241343365,0.6072091866564252,0.13239365965461,insufficient_egarch_obs
Equity-option Greek Markowitz,Full-spread post-cost,746,ewma_residual_fallback_insufficient_egarch_obs,60,ok,60,-0.02478238598795668,1.1324976815930612,0.5047038224068705,0.8962432970166054,-0.9526767696618897,0.3334392584211299,0.3598645306742865,0.8820794081171319,insufficient_egarch_obs
Equity-option Greek Markowitz,Full-spread post-cost,747,ewma_residual_fallback_insufficient_egarch_obs,60,ok,60,0.5220491595882966,1.1369339587612162,0.9258651917306603,1.7367810590784678,-0.6741275825346268,0.34682807486159406,0.4859993590832981,8.16852040315272,insufficient_egarch_obs
Equity-option Greek Markowitz,Full-spread post-cost,748,ewma_residual_fallback_insufficient_egarch_obs,60,ok,60,-0.3631141130133717,1.0999522102392854,0.11916379505255947,0.19451845012425062,-0.9326341937634147,0.37001026493820094,0.47026812867761997,0.10478717360717835,insufficient_egarch_obs
Equity-option Greek Markowitz,Full-spread post-cost,749,ewma_residual_fallback_insufficient_egarch_obs,60,ok,60,-0.3965554276001505,1.0805962211295443,0.06900781132724816,0.10864725148219764,-0.9866498103967086,0.3577943824301966,0.5181838775873104,0.08001785904105156,insufficient_egarch_obs
Equity-option Greek Markowitz,Full-spread post-cost,750,ewma_residual_fallback_insufficient_egarch_obs,60,ok,60,-0.4865036199566961,1.1983361004429678,0.04076419121824687,0.06386332680431389,-0.9648958994414868,0.44260112722799116,0.5205356555775915,0.035701538493602455,insufficient_egarch_obs
Equity-option Greek Markowitz,Full-spread post-cost,751,ewma_residual_fallback_insufficient_egarch_obs,60,ok,60,0.13859132444463196,0.7589096217553861,0.5582595347719161,0.8955273134959791,-0.7822746669450208,0.3853731502246267,0.41784840934076956,1.9135479609049955,insufficient_egarch_obs
Equity-option Greek Markowitz,Full-spread post-cost,752,ewma_residual_fallback_insufficient_egarch_obs,60,ok,60,-1.0,1.595722860577904,1.3434023875762562,2.7131992701578014,-1.0529218710716792,0.4097312710778206,0.7606706143419708,-27.199806740180552,insufficient_egarch_obs
Equity-option Greek Markowitz,Full-spread post-cost,753,ewma_residual_fallback_insufficient_egarch_obs,60,ok,60,1.949229672994528,1.3065418827796738,1.4685845226389647,3.1406391489339147,-0.7054194835714167,0.3959613674609154,0.4631344776887955,223.12229791312933,insufficient_egarch_obs
Equity-option Greek Markowitz,Full-spread post-cost,754,ewma_residual_fallback_insufficient_egarch_obs,60,ok,60,0.1851525827213747,1.0076498335534212,0.6424079025681418,1.1676964572424546,-0.909680405891145,0.3391755315699335,0.4081079777402712,2.33814444000192,insufficient_egarch_obs
Equity-option Greek Markowitz,Full-spread post-cost,755,ewma_residual_fallback_insufficient_egarch_obs,60,ok,60,0.10964067319334792,1.2723908192142042,0.6583271103419589,1.2358558894835778,-0.9026921194486397,0.37534778048378387,0.3945058174079287,1.6823325033920487,insufficient_egarch_obs
Equity-option Greek Markowitz,Full-spread post-cost,756,ewma_residual_fallback_insufficient_egarch_obs,60,ok,60,-0.00986417111338056,1.0795855212510703,0.4985928600166201,0.8908236852639121,-0.8712586780437648,0.3610590557770678,0.44873415911174797,0.9516426123723922,insufficient_egarch_obs
Equity-option Greek Markowitz,Full-spread post-cost,757,ewma_residual_fallback_insufficient_egarch_obs,60,ok,60,0.25892707203444676,1.3010788404173086,0.7648856155868219,1.497732253981087,-0.9102444491755869,0.4168893267093935,0.43323724237164507,3.162298511898534,insufficient_egarch_obs
Equity-option Greek Markowitz,Full-spread post-cost,758,ewma_residual_fallback_insufficient_egarch_obs,60,ok,60,1.4362352501980058,1.3869933081254293,1.304517509458361,2.73019992843654,-0.9638032509925641,0.4276528742609861,0.4473498447718985,85.82150255101786,insufficient_egarch_obs
Equity-option Greek Markowitz,Full-spread post-cost,759,ewma_residual_fallback_insufficient_egarch_obs,60,ok,60,0.12594960240319364,0.9848281316165721,0.5914800758239027,1.0626175105767677,-0.788962934190325,0.30129271147675174,0.3983845630028297,1.8096507180171766,insufficient_egarch_obs
Equity-option Greek Markowitz,Full-spread post-cost,760,ewma_residual_fallback_insufficient_egarch_obs,60,ok,60,-0.25335449186393,1.1377584345845078,0.2904198513392649,0.48843855341341247,-0.9799879000800538,0.40987103724863017,0.515233586011068,0.23204503666434154,insufficient_egarch_obs
Equity-option Greek Markowitz,Full-spread post-cost,761,ewma_residual_fallback_insufficient_egarch_obs,60,ok,60,-0.19476794560149258,1.0247041783385833,0.2990038721458278,0.48009126615591047,-0.90260035726429,0.2990561719522214,0.502733758574562,0.3385363239384384,insufficient_egarch_obs
Equity-option Greek Markowitz,Full-spread post-cost,762,ewma_residual_fallback_insufficient_egarch_obs,60,ok,60,0.4674100354053896,0.8601191048161515,0.8332410301380658,1.7819459799006507,-0.6231451328349277,0.2567705272254745,0.26539557032575756,6.803892200661203,insufficient_egarch_obs
Equity-option Greek Markowitz,Full-spread post-cost,763,ewma_residual_fallback_insufficient_egarch_obs,60,ok,60,0.4480258074358934,1.1733244505578324,0.8688829395820661,1.6641355189885116,-0.8764548820733178,0.36980609676675796,0.45089415965020696,6.3662180662127685,insufficient_egarch_obs
Equity-option Greek Markowitz,Full-spread post-cost,764,ewma_residual_fallback_insufficient_egarch_obs,60,ok,60,0.8308720308080482,1.0512559838717188,1.0759892028477136,2.159148628063469,-0.7707991780010193,0.33417648765292485,0.36425335295773625,20.572636439497234,insufficient_egarch_obs
Equity-option Greek Markowitz,Full-spread post-cost,765,ewma_residual_fallback_insufficient_egarch_obs,60,ok,60,0.24004972029289906,0.9411742660277407,0.6673367080063736,1.251709648157564,-0.714245480228388,0.29741833109718674,0.35076501180910036,2.9322128565388015,insufficient_egarch_obs
Equity-option Greek Markowitz,Full-spread post-cost,766,ewma_residual_fallback_insufficient_egarch_obs,60,ok,60,0.1790419987192089,1.002597622218251,0.6414084803034803,1.177825793450314,-0.6976875641945807,0.3181137636308785,0.4364234377084717,2.278486065872967,insufficient_egarch_obs
Equity-option Greek Markowitz,Full-spread post-cost,767,ewma_residual_fallback_insufficient_egarch_obs,60,ok,60,-0.3114991126692931,1.3456171264653363,0.36461304523247573,0.6316435428211138,-0.9852156657523423,0.4022027538342948,0.556945727712594,0.15471147317436876,insufficient_egarch_obs
Equity-option Greek Markowitz,Full-spread post-cost,768,ewma_residual_fallback_insufficient_egarch_obs,60,ok,60,1.1426454425414585,1.0501023805181349,1.2470271375710338,2.4689125490108714,-0.6123166601753496,0.33287752728233355,0.40161914400408083,45.15975293698921,insufficient_egarch_obs
Equity-option Greek Markowitz,Full-spread post-cost,769,ewma_residual_fallback_insufficient_egarch_obs,60,ok,60,0.27322443432569976,1.1111771952518863,0.7474606523973647,1.3675149296985627,-0.7261306102390155,0.3347184549846102,0.4779724286875877,3.345991417509329,insufficient_egarch_obs
Equity-option Greek Markowitz,Full-spread post-cost,770,ewma_residual_fallback_insufficient_egarch_obs,60,ok,60,0.3686913216516243,0.9440077775663275,0.7785254705591024,1.477642432978066,-0.7801860369249868,0.325794469357043,0.3970940841414737,4.80316568476771,insufficient_egarch_obs
Equity-option Greek Markowitz,Full-spread post-cost,771,ewma_residual_fallback_insufficient_egarch_obs,60,ok,60,0.23119867262090077,1.0195945833578215,0.6771169337703428,1.2683068408897606,-0.8500778818032622,0.33193719664678933,0.37175090311452236,2.82905045509755,insufficient_egarch_obs
Equity-option Greek Markowitz,Full-spread post-cost,772,ewma_residual_fallback_insufficient_egarch_obs,60,ok,60,0.74864031168418,1.1774897023896902,1.0238434097606794,2.073524606791926,-0.8360102770574194,0.3491034829951831,0.4037097203248279,16.349422995899978,insufficient_egarch_obs
Equity-option Greek Markowitz,Full-spread post-cost,773,ewma_residual_fallback_insufficient_egarch_obs,60,ok,60,-0.23219702184511282,1.0221401296231658,0.23536383061166327,0.3795142394191144,-0.9767922459392988,0.31617179078019875,0.3869929740016625,0.2668387893778887,insufficient_egarch_obs
Equity-option Greek Markowitz,Full-spread post-cost,774,ewma_residual_fallback_insufficient_egarch_obs,60,ok,60,0.23743145918577113,1.192570963385396,0.7324426836585192,1.3663776141871602,-0.7659063893762741,0.3477234250930118,0.40165484954252256,2.9013876920803923,insufficient_egarch_obs
Equity-option Greek Markowitz,Full-spread post-cost,775,ewma_residual_fallback_insufficient_egarch_obs,60,ok,60,0.45924276625366667,1.005066243945012,0.8468039377219252,1.660649481152328,-0.5873691360561799,0.32286090859878647,0.3859850729536027,6.616643648289153,insufficient_egarch_obs
Equity-option Greek Markowitz,Full-spread post-cost,776,ewma_residual_fallback_insufficient_egarch_obs,60,ok,60,0.04226281717630043,1.0948491159389995,0.5567475638636572,1.003059795398655,-0.8174771525356949,0.33254321000290454,0.5158729331851166,1.2299465049509468,insufficient_egarch_obs
Equity-option Greek Markowitz,Full-spread post-cost,777,ewma_residual_fallback_insufficient_egarch_obs,60,ok,60,0.45169989467043603,1.3173090824762432,0.8938566010866232,1.7733320093885059,-0.8842704428867738,0.36424037537145376,0.4698087988290666,6.447394235257283,insufficient_egarch_obs
Equity-option Greek Markowitz,Full-spread post-cost,778,ewma_residual_fallback_insufficient_egarch_obs,60,ok,60,0.7316765471314255,1.1229138520717532,1.0490961489758082,1.9661532295806923,-0.9586009076202618,0.33481941481177263,0.4826528201266272,15.571622825158213,insufficient_egarch_obs
Equity-option Greek Markowitz,Full-spread post-cost,779,ewma_residual_fallback_insufficient_egarch_obs,60,ok,60,-0.05973933283102806,1.2734956797008041,0.5710731463226428,1.009709082673942,-0.8844715788251859,0.4063996854227156,0.5569612615296718,0.7349221650219351,insufficient_egarch_obs
Equity-option Greek Markowitz,Full-spread post-cost,780,ewma_residual_fallback_insufficient_egarch_obs,60,ok,60,-0.14759081894842752,1.1233345155829375,0.3670541221284,0.6588327973749881,-0.9856316904477419,0.3453357746549855,0.3720180474437,0.4500290962604891,insufficient_egarch_obs
Equity-option Greek Markowitz,Full-spread post-cost,781,ewma_residual_fallback_insufficient_egarch_obs,60,ok,60,0.19987578079546764,1.0280242221991922,0.6557490450642977,1.2068196973784935,-0.8180961752988376,0.31914293798523624,0.35830188082374753,2.4870323618973074,insufficient_egarch_obs
Equity-option Greek Markowitz,Full-spread post-cost,782,ewma_residual_fallback_insufficient_egarch_obs,60,ok,60,0.09258047865814256,0.7582063049003961,0.46803797772773115,0.8418847917810353,-0.5335670771629644,0.26092586653756045,0.2679040351359627,1.5569231746869423,insufficient_egarch_obs
Equity-option Greek Markowitz,Full-spread post-cost,783,ewma_residual_fallback_insufficient_egarch_obs,60,ok,60,-0.35455086030744576,0.8276567881456564,-0.12006659170179725,-0.18281308098627574,-0.9282060433291748,0.2981704221090949,0.40179552063125396,0.11202375639026883,insufficient_egarch_obs
Equity-option Greek Markowitz,Full-spread post-cost,784,ewma_residual_fallback_insufficient_egarch_obs,60,ok,60,0.09733518806358887,0.7880426697716774,0.4807479501473465,0.8731382744566414,-0.7924589223866219,0.2686032575701386,0.29020586746550775,1.5910965327968594,insufficient_egarch_obs
Equity-option Greek Markowitz,Full-spread post-cost,785,ewma_residual_fallback_insufficient_egarch_obs,60,ok,60,0.623765775737289,1.2017273094602523,0.9835127722911635,1.8633005970325283,-0.8484063386300846,0.4007511518045714,0.46794526203139236,11.287997836370034,insufficient_egarch_obs
Equity-option Greek Markowitz,Full-spread post-cost,786,ewma_residual_fallback_insufficient_egarch_obs,60,ok,60,-0.09701499215661302,1.1178619269794292,0.4345980105628232,0.7580742902380606,-0.9582572045838181,0.3352094577199798,0.40396173197834545,0.6003474899069146,insufficient_egarch_obs
Equity-option Greek Markowitz,Full-spread post-cost,787,ewma_residual_fallback_insufficient_egarch_obs,60,ok,60,0.01052740113545525,1.0446617684800414,0.5068783189058312,0.877102765138525,-0.8262539639930173,0.3577514144707472,0.43402626059015254,1.0537569960814217,insufficient_egarch_obs
Equity-option Greek Markowitz,Full-spread post-cost,788,ewma_residual_fallback_insufficient_egarch_obs,60,ok,60,1.5019830901079443,1.0639592580349162,1.382353942181521,2.9428463260432465,-0.8052717680582663,0.3411635146570884,0.3815967789524963,98.04418725032203,insufficient_egarch_obs
Equity-option Greek Markowitz,Full-spread post-cost,789,ewma_residual_fallback_insufficient_egarch_obs,60,ok,60,0.6057355881556235,1.2074792585784366,0.9435300652211487,1.9016353201184912,-0.7574416107110526,0.3374172205343244,0.35353041439468685,10.67505605159672,insufficient_egarch_obs
Equity-option Greek Markowitz,Full-spread post-cost,790,ewma_residual_fallback_insufficient_egarch_obs,60,ok,60,0.39377351717141895,1.324644813227622,0.8765953949589038,1.6666546715254862,-0.9593276935953643,0.4007262496777899,0.483594728965474,5.259700820783409,insufficient_egarch_obs
Equity-option Greek Markowitz,Full-spread post-cost,791,ewma_residual_fallback_insufficient_egarch_obs,60,ok,60,0.21508012741354676,1.0505739767712778,0.689047029053475,1.2620916939492086,-0.80109510695258,0.32151843228538496,0.42584792673736116,2.648650104098064,insufficient_egarch_obs
Equity-option Greek Markowitz,Full-spread post-cost,792,ewma_residual_fallback_insufficient_egarch_obs,60,ok,60,-0.10192737389441564,0.9761462121268664,0.3563598784621826,0.613353670698581,-0.766215640768002,0.32006363877423716,0.4450513373927305,0.5841942726816972,insufficient_egarch_obs
Equity-option Greek Markowitz,Full-spread post-cost,793,ewma_residual_fallback_insufficient_egarch_obs,60,ok,60,0.07574814203060631,0.9199648097915669,0.5057610983061657,0.9037106179821367,-0.91072665111296,0.3129323578552365,0.3203423642400437,1.4406318873266684,insufficient_egarch_obs
Equity-option Greek Markowitz,Full-spread post-cost,794,ewma_residual_fallback_insufficient_egarch_obs,60,ok,60,0.8172831896419177,1.2854753022552394,1.0887447644972588,2.0971857715889297,-0.9162696996805817,0.4239779627131218,0.47765789132646574,19.82042882011435,insufficient_egarch_obs
Equity-option Greek Markowitz,Full-spread post-cost,795,ewma_residual_fallback_insufficient_egarch_obs,60,ok,60,0.772127838380765,1.1297125757691184,1.054823752295436,2.0608335623088028,-0.6651425172832408,0.34740816765809823,0.4413125512278648,17.477336171541925,insufficient_egarch_obs
Equity-option Greek Markowitz,Full-spread post-cost,796,ewma_residual_fallback_insufficient_egarch_obs,60,ok,60,0.5902654359973765,0.9699431689836016,0.9422261094129445,1.806592724538462,-0.6864956542447285,0.31959639624891745,0.39273297990832695,10.17063570414943,insufficient_egarch_obs
Equity-option Greek Markowitz,Full-spread post-cost,797,ewma_residual_fallback_insufficient_egarch_obs,60,ok,60,0.022581398356879667,1.1929117017412736,0.5907926271955525,1.0378008075379577,-0.893514021038319,0.39280742388348394,0.4489344626138245,1.1181226402285154,insufficient_egarch_obs
Equity-option Greek Markowitz,Full-spread post-cost,798,ewma_residual_fallback_insufficient_egarch_obs,60,ok,60,0.026755735699845795,0.9594001261365214,0.4710932177425562,0.8378444757352158,-0.8398524717641482,0.2995613373631965,0.31986537669499854,1.1411314846067557,insufficient_egarch_obs
Equity-option Greek Markowitz,Full-spread post-cost,799,ewma_residual_fallback_insufficient_egarch_obs,60,ok,60,0.45720336631091474,0.8835011593286174,0.8378354618540014,1.6620811922849834,-0.6943123877464445,0.27459435715779223,0.3135871723413783,6.570536454945826,insufficient_egarch_obs
Equity-option Greek Markowitz,Full-spread post-cost,800,ewma_residual_fallback_insufficient_egarch_obs,60,ok,60,0.1356113299068069,0.9031624333472668,0.5733866909640593,1.0012991172611776,-0.8130965980528371,0.3037396766031766,0.40362965701006215,1.888637392951299,insufficient_egarch_obs
Equity-option Greek Markowitz,Full-spread post-cost,801,ewma_residual_fallback_insufficient_egarch_obs,60,ok,60,0.7928248912991878,1.3754257154872995,1.072839554667635,2.1616010445205154,-0.7522820829010415,0.4231251712425827,0.49909816043397265,18.52206339112318,insufficient_egarch_obs
Equity-option Greek Markowitz,Full-spread post-cost,802,ewma_residual_fallback_insufficient_egarch_obs,60,ok,60,-0.428793310213486,0.8165875245898867,-0.27742223232123614,-0.406673054720923,-0.9600799681883019,0.3469919633932,0.39539349766072734,0.06080879894011301,insufficient_egarch_obs
Equity-option Greek Markowitz,Full-spread post-cost,803,ewma_residual_fallback_insufficient_egarch_obs,60,ok,60,-0.12228623642216363,1.1891326562771862,0.46334698281277653,0.8245655188443521,-0.8401938446134409,0.33215466223206813,0.5192470791802132,0.5209122172122099,insufficient_egarch_obs
Equity-option Greek Markowitz,Full-spread post-cost,804,ewma_residual_fallback_insufficient_egarch_obs,60,ok,60,0.23327438706334247,1.0397043313385206,0.6860109904054946,1.2821455627154772,-0.9233751902780183,0.333595413893691,0.3915021602623434,2.852978903864045,insufficient_egarch_obs
Equity-option Greek Markowitz,Full-spread post-cost,805,ewma_residual_fallback_insufficient_egarch_obs,60,ok,60,0.008696939725552744,1.1906467265620673,0.5575778445678135,1.0157385217384243,-0.9523358405088996,0.3464335956790826,0.4388961812721841,1.0442476729714936,insufficient_egarch_obs
Equity-option Greek Markowitz,Full-spread post-cost,806,ewma_residual_fallback_insufficient_egarch_obs,60,ok,60,-0.04874494335363133,0.818351020702478,0.32299501205511993,0.5479123792979077,-0.855570901163559,0.29200108443094197,0.3653784732647685,0.7789057178560423,insufficient_egarch_obs
Equity-option Greek Markowitz,Full-spread post-cost,807,ewma_residual_fallback_insufficient_egarch_obs,60,ok,60,0.39503007415703606,1.342082465661904,0.9121803099123906,1.7213395477235507,-0.962580486139277,0.42690155491380705,0.5875258620250416,5.283453035089189,insufficient_egarch_obs
Equity-option Greek Markowitz,Full-spread post-cost,808,ewma_residual_fallback_insufficient_egarch_obs,60,ok,60,0.36855535737847966,1.2529378246762761,0.8327771332755958,1.5814363231313087,-0.9702030602725868,0.3943002044133287,0.4042037012766375,4.800780453030696,insufficient_egarch_obs
Equity-option Greek Markowitz,Full-spread post-cost,809,ewma_residual_fallback_insufficient_egarch_obs,60,ok,60,-0.2502258363747467,1.0971530400952432,0.2619623859114427,0.4327452758342306,-0.9512973761435866,0.37158769230150046,0.4482368616015718,0.23694762239795936,insufficient_egarch_obs
Equity-option Greek Markowitz,Full-spread post-cost,810,ewma_residual_fallback_insufficient_egarch_obs,60,ok,60,0.6647096293442787,1.3935585438278824,1.0256004456014678,2.057293687731297,-0.9437600784495402,0.4337083362738571,0.5260258198404693,12.784756427912471,insufficient_egarch_obs
Equity-option Greek Markowitz,Full-spread post-cost,811,ewma_residual_fallback_insufficient_egarch_obs,60,ok,60,-0.3412857826497131,0.938700083148003,0.027283288686096023,0.04145462711742405,-0.9321046049633791,0.32350668393720555,0.4395445503988537,0.124018132023177,insufficient_egarch_obs
Equity-option Greek Markowitz,Full-spread post-cost,812,ewma_residual_fallback_insufficient_egarch_obs,60,ok,60,0.5130223108191341,0.9832894266035976,0.8801875605138852,1.706779547244527,-0.9113855090569448,0.33108389234176566,0.36252014694340867,7.929150490656947,insufficient_egarch_obs
Equity-option Greek Markowitz,Full-spread post-cost,813,ewma_residual_fallback_insufficient_egarch_obs,60,ok,60,-0.16699819945326966,1.0156238001042603,0.28556412490480837,0.49348727327190667,-0.873839776182237,0.3049926787487097,0.336129739111203,0.40107879429183485,insufficient_egarch_obs
Equity-option Greek Markowitz,Full-spread post-cost,814,ewma_residual_fallback_insufficient_egarch_obs,60,ok,60,0.30696161014104906,0.9942978221715946,0.7342741022619975,1.358100499621855,-0.8768761755483632,0.31916847988194946,0.3428865673339761,3.8134157451788693,insufficient_egarch_obs
Equity-option Greek Markowitz,Full-spread post-cost,815,ewma_residual_fallback_insufficient_egarch_obs,60,ok,60,0.9683575178830652,1.0203589834282323,1.153439476869817,2.3617928834412636,-0.7740922067501494,0.32620679004432945,0.3618962218285319,29.54744388063473,insufficient_egarch_obs
Equity-option Greek Markowitz,Full-spread post-cost,816,ewma_residual_fallback_insufficient_egarch_obs,60,ok,60,0.7926204413145614,1.0309269271134207,1.047586132651836,2.1854741476103476,-0.8420077051845591,0.32237497107403223,0.34130099275860265,18.51150471356668,insufficient_egarch_obs
Equity-option Greek Markowitz,Full-spread post-cost,817,ewma_residual_fallback_insufficient_egarch_obs,60,ok,60,-0.2421312689927716,1.0960889893827264,0.28654233496058884,0.46945655663918806,-0.959069485447853,0.3618893517727245,0.48740658924220986,0.25001723283944927,insufficient_egarch_obs
Equity-option Greek Markowitz,Full-spread post-cost,818,ewma_residual_fallback_insufficient_egarch_obs,60,ok,60,0.46066138923203215,1.2629367149848987,0.8582408122525028,1.8086936696684979,-0.7874836571880224,0.3677489711801074,0.4116512972328714,6.648868550007685,insufficient_egarch_obs
Equity-option Greek Markowitz,Full-spread post-cost,819,ewma_residual_fallback_insufficient_egarch_obs,60,ok,60,0.18282614847707168,0.7667365632287599,0.5846152985535505,1.0306982205916835,-0.6298103769797627,0.2763422420211959,0.3412159775950499,2.3152856714077346,insufficient_egarch_obs
Equity-option Greek Markowitz,Full-spread post-cost,820,ewma_residual_fallback_insufficient_egarch_obs,60,ok,60,0.06536533682374701,0.9832004273116377,0.548768292815618,0.9219603809994511,-0.9619099602142739,0.32858932203118,0.44751980117952206,1.3724382438831437,insufficient_egarch_obs
Equity-option Greek Markowitz,Full-spread post-cost,821,ewma_residual_fallback_insufficient_egarch_obs,60,ok,60,-0.028997201355189794,0.9269754059210183,0.41466087107432614,0.6902744323876557,-0.7959192403176196,0.3218078858824377,0.38402886151005644,0.8631820652302006,insufficient_egarch_obs
Equity-option Greek Markowitz,Full-spread post-cost,822,ewma_residual_fallback_insufficient_egarch_obs,60,ok,60,0.3011816080772092,1.5413989127233114,0.8667957863230248,1.75639616649846,-0.9503811640663666,0.4250794761904943,0.5581966238122461,3.7298346565025056,insufficient_egarch_obs
Equity-option Greek Markowitz,Full-spread post-cost,823,ewma_residual_fallback_insufficient_egarch_obs,60,ok,60,0.14307182343421454,0.944884507933187,0.5814226738905062,1.0719935529119946,-0.661127487158834,0.33380564527404766,0.3596630295289338,1.9514956965666646,insufficient_egarch_obs
Equity-option Greek Markowitz,Full-spread post-cost,824,ewma_residual_fallback_insufficient_egarch_obs,60,ok,60,0.16397417269146608,0.9959715632137174,0.610263104919318,1.132465844724375,-0.782231879936272,0.3178600041177711,0.3310210125589372,2.136567999823319,insufficient_egarch_obs
Equity-option Greek Markowitz,Full-spread post-cost,825,ewma_residual_fallback_insufficient_egarch_obs,60,ok,60,0.7754288654099786,1.0172631004234718,1.0717358032357787,2.072705542090415,-0.859287467911878,0.32953608249622335,0.4300774950435657,17.64072307339998,insufficient_egarch_obs
Equity-option Greek Markowitz,Full-spread post-cost,826,ewma_residual_fallback_insufficient_egarch_obs,60,ok,60,0.17082294625835126,0.8682016353477655,0.5808578348240552,1.0891987767903983,-0.6636601109893815,0.2895125460274445,0.3414296608176781,2.200169432444815,insufficient_egarch_obs
Equity-option Greek Markowitz,Full-spread post-cost,827,ewma_residual_fallback_insufficient_egarch_obs,60,ok,60,0.44851245945215235,1.2572033399824543,0.9033098832989978,1.6975381794136077,-0.8507458473975482,0.3906453922443425,0.519109254635902,6.376923041154459,insufficient_egarch_obs
Equity-option Greek Markowitz,Full-spread post-cost,828,ewma_residual_fallback_insufficient_egarch_obs,60,ok,60,-0.16588022723838103,0.8986905733284959,0.2236085484916184,0.3773486354828362,-0.9204936387221786,0.2897816327640757,0.37553589776024854,0.40377746881074283,insufficient_egarch_obs
Equity-option Greek Markowitz,Full-spread post-cost,829,ewma_residual_fallback_insufficient_egarch_obs,60,ok,60,-0.0755702919445348,1.164838338864295,0.49545482985622313,0.8503699147350176,-0.9287838914950072,0.38787446613407456,0.46305010154414683,0.675102115602389,insufficient_egarch_obs
Equity-option Greek Markowitz,Full-spread post-cost,830,ewma_residual_fallback_insufficient_egarch_obs,60,ok,60,3.3318841585958,1.4645406178669143,1.724845910786024,4.04457484132149,-0.710529919779085,0.4473656712553065,0.48204865208553765,1525.4015099597177,insufficient_egarch_obs
Equity-option Greek Markowitz,Full-spread post-cost,831,ewma_residual_fallback_insufficient_egarch_obs,60,ok,60,0.25256459535474796,1.025176082087162,0.6985279204102579,1.2807927775524075,-0.7715818974206187,0.33150695832194693,0.3441947612616694,3.0831926319156415,insufficient_egarch_obs
Equity-option Greek Markowitz,Full-spread post-cost,832,ewma_residual_fallback_insufficient_egarch_obs,60,ok,60,0.5095378161998223,1.060509176806042,0.8811454695226419,1.742738230045572,-0.7487387032160484,0.30872322420161036,0.3772734508981889,7.83826579233354,insufficient_egarch_obs
Equity-option Greek Markowitz,Full-spread post-cost,833,ewma_residual_fallback_insufficient_egarch_obs,60,ok,60,1.3784238467068026,1.2362291973784236,1.283007935691614,2.790638350050779,-0.7132919412832008,0.36216649252937894,0.4057017247976458,76.11079404483459,insufficient_egarch_obs
Equity-option Greek Markowitz,Full-spread post-cost,834,ewma_residual_fallback_insufficient_egarch_obs,60,ok,60,-0.43094828590016665,1.3060796703840245,0.2493301782105186,0.3992640204946996,-0.9815137207398116,0.46825322012189025,0.6282484670631213,0.05967036292714116,insufficient_egarch_obs
Equity-option Greek Markowitz,Full-spread post-cost,835,ewma_residual_fallback_insufficient_egarch_obs,60,ok,60,0.8847502001056109,0.9883556634712074,1.1138064981027176,2.2593108677875136,-0.67265153341633,0.3174757187901749,0.34506520506763266,23.783128943767846,insufficient_egarch_obs
Equity-option Greek Markowitz,Full-spread post-cost,836,ewma_residual_fallback_insufficient_egarch_obs,60,ok,60,-0.28909229986845153,1.4600349951371963,0.48447575424020634,0.8769421591803024,-0.993245100300891,0.4434705191783843,0.5769690910968595,0.18157919708038572,insufficient_egarch_obs
Equity-option Greek Markowitz,Full-spread post-cost,837,ewma_residual_fallback_insufficient_egarch_obs,60,ok,60,0.05055726682320283,0.9671370470619026,0.5120071871422252,0.8848393376502133,-0.9052813803464519,0.3373759340783997,0.42035913616981774,1.2796719659028126,insufficient_egarch_obs
Equity-option Greek Markowitz,Full-spread post-cost,838,ewma_residual_fallback_insufficient_egarch_obs,60,ok,60,-0.24259457428316977,1.0762214892679196,0.27161040563743316,0.45051813583516537,-0.9278648699953335,0.3572061680276856,0.4960820339009501,0.24925395574866657,insufficient_egarch_obs
Equity-option Greek Markowitz,Full-spread post-cost,839,ewma_residual_fallback_insufficient_egarch_obs,60,ok,60,0.5539941681525349,0.9438979763002995,0.9090888011976298,1.8020912609527935,-0.7771696141670981,0.2944160090250098,0.3503821839724048,9.062477121958722,insufficient_egarch_obs
Equity-option Greek Markowitz,Full-spread post-cost,840,ewma_residual_fallback_insufficient_egarch_obs,60,ok,60,0.638370943134484,0.9842806407870123,0.9643784678384935,1.9363796649276426,-0.804458298953817,0.3132431341678603,0.3526692432031718,11.804869360396541,insufficient_egarch_obs
Equity-option Greek Markowitz,Full-spread post-cost,841,ewma_residual_fallback_insufficient_egarch_obs,60,ok,60,0.6377080754951185,1.1708620724873617,0.9752000752798146,1.9039944398477806,-0.7808419101025428,0.3699699065155282,0.397797291006686,11.781008046811218,insufficient_egarch_obs
Equity-option Greek Markowitz,Full-spread post-cost,842,ewma_residual_fallback_insufficient_egarch_obs,60,ok,60,-0.10792840781523849,0.8907416019990048,0.28698416367456225,0.48867427944407343,-0.8724716962030435,0.27796727290013384,0.36754547296816714,0.564935085910579,insufficient_egarch_obs
Equity-option Greek Markowitz,Full-spread post-cost,843,ewma_residual_fallback_insufficient_egarch_obs,60,ok,60,0.4411277306144894,1.06013044605484,0.8335159597375287,1.6472925205961038,-0.5278510228741273,0.3440679184532126,0.3583222704247741,6.216019603302113,insufficient_egarch_obs
Equity-option Greek Markowitz,Full-spread post-cost,844,ewma_residual_fallback_insufficient_egarch_obs,60,ok,60,0.9872247084434478,1.2430715086169544,1.1755652365616436,2.238057665429245,-0.8166130105048524,0.3874809825447476,0.4929422969620821,30.9909501862233,insufficient_egarch_obs
Equity-option Greek Markowitz,Full-spread post-cost,845,ewma_residual_fallback_insufficient_egarch_obs,60,ok,60,0.02611071981694635,0.9904228327534931,0.47883040211059774,0.8764293209590758,-0.6359737286143722,0.30161526661840576,0.41298400757092385,1.1375516471377756,insufficient_egarch_obs
Equity-option Greek Markowitz,Full-spread post-cost,846,ewma_residual_fallback_insufficient_egarch_obs,60,ok,60,0.37201543928970815,1.0833650352549158,0.7960831681739166,1.5189531319382583,-0.8267769891299774,0.36115152855884125,0.37121688725014557,4.861776527881038,insufficient_egarch_obs
Equity-option Greek Markowitz,Full-spread post-cost,847,ewma_residual_fallback_insufficient_egarch_obs,60,ok,60,0.09687881299445111,0.9583500248804764,0.5392431720673043,0.9827461559193683,-0.7845190808481309,0.31093048071620466,0.3589002285099272,1.5877906466036686,insufficient_egarch_obs
Equity-option Greek Markowitz,Full-spread post-cost,848,ewma_residual_fallback_insufficient_egarch_obs,60,ok,60,0.29693095343315346,0.9823860786325134,0.7438874506249208,1.3539337304325159,-0.8998043543206459,0.3307192448065034,0.4583037777267746,3.669308929000752,insufficient_egarch_obs
Equity-option Greek Markowitz,Full-spread post-cost,849,ewma_residual_fallback_insufficient_egarch_obs,60,ok,60,0.21604100663487769,0.9139294473196228,0.6339844135710075,1.1917900744154413,-0.9236070265154713,0.30342567476735527,0.3276705972155513,2.6591393762648914,insufficient_egarch_obs
Equity-option Greek Markowitz,Full-spread post-cost,850,ewma_residual_fallback_insufficient_egarch_obs,60,ok,60,1.7290800865215439,1.1668070000376547,1.4295540297675544,3.1361364427451375,-0.7136024354172206,0.3362990933194561,0.4371979237145574,151.38449710579536,insufficient_egarch_obs
Equity-option Greek Markowitz,Full-spread post-cost,851,ewma_residual_fallback_insufficient_egarch_obs,60,ok,60,-0.043824972914687677,1.5134149171617324,0.8914736494681518,1.5613501952507969,-0.9982648096812242,0.5859498737072845,0.8147508382744005,0.7992579855277796,insufficient_egarch_obs
Equity-option Greek Markowitz,Full-spread post-cost,852,ewma_residual_fallback_insufficient_egarch_obs,60,ok,60,2.250752380651386,1.5577965252573143,1.5133259188687125,3.2925252761924404,-0.7459869936969581,0.4601405244831992,0.4964738783443272,363.0107167080253,insufficient_egarch_obs
Equity-option Greek Markowitz,Full-spread post-cost,853,ewma_residual_fallback_insufficient_egarch_obs,60,ok,60,-0.0908475517793742,1.0885567088959107,0.41200849965658176,0.7311939344909042,-0.9051371827944192,0.3533755454146636,0.3636802506555962,0.6211315117819973,insufficient_egarch_obs
Equity-option Greek Markowitz,Full-spread post-cost,854,ewma_residual_fallback_insufficient_egarch_obs,60,ok,60,1.1423202002616883,1.4054897762875551,1.2269010356158705,2.5845285189269145,-0.8333818279661612,0.4011199991615316,0.5445845185823209,45.125488279139944,insufficient_egarch_obs
Equity-option Greek Markowitz,Full-spread post-cost,855,ewma_residual_fallback_insufficient_egarch_obs,60,ok,60,-0.39746799246279185,1.0894580506833844,0.03604138962306637,0.06107378657044921,-0.9828602337512984,0.3408103454156541,0.4144571267850923,0.07941464734009188,insufficient_egarch_obs
Equity-option Greek Markowitz,Full-spread post-cost,856,ewma_residual_fallback_insufficient_egarch_obs,60,ok,60,-0.08449538576790849,0.9611351995426396,0.3555043637022212,0.6200940536434512,-0.8111406527052936,0.30886190892345744,0.3699658693432954,0.6431358036933557,insufficient_egarch_obs
Equity-option Greek Markowitz,Full-spread post-cost,857,ewma_residual_fallback_insufficient_egarch_obs,60,ok,60,4.922371811912599,1.1024192735063851,2.2542513504171335,5.552063995264579,-0.6012869388493665,0.2992442279045843,0.4559924429677659,7285.818473393906,insufficient_egarch_obs
Equity-option Greek Markowitz,Full-spread post-cost,858,ewma_residual_fallback_insufficient_egarch_obs,60,ok,60,1.207270813320243,1.0147122122865844,1.2624243414053962,2.817518137497863,-0.580053977035264,0.28565161875422473,0.33288199820943704,52.39358349288219,insufficient_egarch_obs
Equity-option Greek Markowitz,Full-spread post-cost,859,ewma_residual_fallback_insufficient_egarch_obs,60,ok,60,0.5702453184072922,1.353710407732616,0.9982095109111742,1.940559956749219,-0.9536333346182801,0.35983467585531126,0.5791695550529549,9.546354029508057,insufficient_egarch_obs
Equity-option Greek Markowitz,Full-spread post-cost,860,ewma_residual_fallback_insufficient_egarch_obs,60,ok,60,-0.14959183597585068,0.9348078723228922,0.25114350362927257,0.44254304825314816,-0.9130768593836958,0.28700604496275944,0.32605941136954675,0.44477165696874105,insufficient_egarch_obs
Equity-option Greek Markowitz,Full-spread post-cost,861,ewma_residual_fallback_insufficient_egarch_obs,60,ok,60,0.9574799406781624,0.9009287230203515,1.1701104732904923,2.5826725380281657,-0.4935852520153591,0.2490637867161163,0.26905483194362345,28.73998926296461,insufficient_egarch_obs
Equity-option Greek Markowitz,Full-spread post-cost,862,ewma_residual_fallback_insufficient_egarch_obs,60,ok,60,1.061071689951783,1.1492156836974012,1.180874055695755,2.372531104991486,-0.618968852922035,0.35564914270671816,0.3687012368997755,37.193366549880366,insufficient_egarch_obs
Equity-option Greek Markowitz,Full-spread post-cost,863,ewma_residual_fallback_insufficient_egarch_obs,60,ok,60,0.5177934126845092,0.7785483333651417,0.9020302079500051,1.7939577769868074,-0.5167603228083493,0.23321964848178917,0.2552444212542757,8.054958702549348,insufficient_egarch_obs
Equity-option Greek Markowitz,Full-spread post-cost,864,ewma_residual_fallback_insufficient_egarch_obs,60,ok,60,0.03976336569485128,1.029382615751502,0.5347049498546721,0.9329481647740824,-0.8938433554969621,0.31830281246547076,0.4476762902667672,1.2152693887958919,insufficient_egarch_obs
Equity-option Greek Markowitz,Full-spread post-cost,865,ewma_residual_fallback_insufficient_egarch_obs,60,ok,60,-0.0340369267392705,1.4366240854421033,0.7010421393857176,1.2534087018025912,-0.9273796884356817,0.46014053428110924,0.6529950845321174,0.8410128331835163,insufficient_egarch_obs
Equity-option Greek Markowitz,Full-spread post-cost,866,ewma_residual_fallback_insufficient_egarch_obs,60,ok,60,0.3361292162429039,0.8596638687796226,0.7262801433101775,1.4612689830174401,-0.6139477277831675,0.26722451550961124,0.29181211013742725,4.258359302812676,insufficient_egarch_obs
Equity-option Greek Markowitz,Full-spread post-cost,867,ewma_residual_fallback_insufficient_egarch_obs,60,ok,60,4.498343001752651,1.6439850624105752,1.8281429597484955,4.622511694242226,-0.7139213953419506,0.4387762155711383,0.5113917041683623,5025.267031894256,insufficient_egarch_obs
Equity-option Greek Markowitz,Full-spread post-cost,868,ewma_residual_fallback_insufficient_egarch_obs,60,ok,60,-0.1728609195077513,1.1942483301268783,0.404282344185843,0.7051501380373427,-0.9664173451988445,0.3774611244384546,0.4572847352580882,0.38716198141364283,insufficient_egarch_obs
Equity-option Greek Markowitz,Full-spread post-cost,869,ewma_residual_fallback_insufficient_egarch_obs,60,ok,60,-0.1532081446596164,1.3947082686330305,0.5772073756077486,0.9813199769003519,-0.986014650594361,0.47653390070264834,0.5903182739155827,0.435394923497696,insufficient_egarch_obs
Equity-option Greek Markowitz,Full-spread post-cost,870,ewma_residual_fallback_insufficient_egarch_obs,60,ok,60,-0.05930969527776109,1.3602274103491339,0.6086149540466125,1.1048513438223975,-0.9932399827430457,0.43554860524701544,0.5664851615912913,0.7366027566814154,insufficient_egarch_obs
Equity-option Greek Markowitz,Full-spread post-cost,871,ewma_residual_fallback_insufficient_egarch_obs,60,ok,60,0.5674426185974306,0.9485263214670453,0.9101456416951128,1.8695506260939339,-0.7242912499647435,0.29919683311507417,0.3195653974268884,9.461462122242935,insufficient_egarch_obs
Equity-option Greek Markowitz,Full-spread post-cost,872,ewma_residual_fallback_insufficient_egarch_obs,60,ok,60,0.00977495923662941,1.186787119882968,0.5787570142865228,1.0107630746021565,-0.8818792064793147,0.40434021465888353,0.5080188163683683,1.0498396801587617,insufficient_egarch_obs
Equity-option Greek Markowitz,Full-spread post-cost,873,ewma_residual_fallback_insufficient_egarch_obs,60,ok,60,0.5063177054690589,1.2256752586191217,0.903394344031538,1.799587461819604,-0.9817756613644958,0.39112592973889304,0.4597562627404785,7.755019682599716,insufficient_egarch_obs
Equity-option Greek Markowitz,Full-spread post-cost,874,ewma_residual_fallback_insufficient_egarch_obs,60,ok,60,-0.10828571309702928,0.9294043245024984,0.33493926036169086,0.5465343924685707,-0.9147354216380554,0.3055946677398932,0.4667885145621797,0.5638046124292667,insufficient_egarch_obs
Equity-option Greek Markowitz,Full-spread post-cost,875,ewma_residual_fallback_insufficient_egarch_obs,60,ok,60,0.13802738039515905,0.8158167928604508,0.5247976576599596,1.000363120965122,-0.7353797138152431,0.25591859430837144,0.2789675530385291,1.9088137533695788,insufficient_egarch_obs
Equity-option Greek Markowitz,Full-spread post-cost,876,ewma_residual_fallback_insufficient_egarch_obs,60,ok,60,-0.5786223273348615,1.74552192240479,0.4180198806613482,0.7286675745342329,-0.9991483142905264,0.5104730243746862,0.7465424740890422,0.013284878923027998,insufficient_egarch_obs
Equity-option Greek Markowitz,Full-spread post-cost,877,ewma_residual_fallback_insufficient_egarch_obs,60,ok,60,0.5394428291212732,1.0306268248939539,0.8978652118468141,1.7710471499175733,-0.8265165643969861,0.3057616736484728,0.33950929166909427,8.64605163576954,insufficient_egarch_obs
Equity-option Greek Markowitz,Full-spread post-cost,878,ewma_residual_fallback_insufficient_egarch_obs,60,ok,60,0.2226468713292662,0.8348375866280954,0.6310443587169913,1.1434664997118733,-0.6583772672611675,0.2881023591968796,0.28980199835843834,2.7321541841637322,insufficient_egarch_obs
Equity-option Greek Markowitz,Full-spread post-cost,879,ewma_residual_fallback_insufficient_egarch_obs,60,ok,60,0.16311383572349403,0.9880962508758033,0.6453675888014411,1.0996806867771334,-0.8528578967788273,0.34383262051861874,0.4661609526261608,2.1286835760656504,insufficient_egarch_obs
Equity-option Greek Markowitz,Full-spread post-cost,880,ewma_residual_fallback_insufficient_egarch_obs,60,ok,60,0.6290410226714087,1.1386330820070794,0.9518997903740041,1.961214464656671,-0.7441413012461278,0.3448740583668419,0.3902760028586639,11.472553839310303,insufficient_egarch_obs
Equity-option Greek Markowitz,Full-spread post-cost,881,ewma_residual_fallback_insufficient_egarch_obs,60,ok,60,0.8719778839705334,1.060350934544204,1.094232914254991,2.2754347949175147,-0.7531460185123278,0.3064998648071314,0.39828623910659905,22.988125944494776,insufficient_egarch_obs
Equity-option Greek Markowitz,Full-spread post-cost,882,ewma_residual_fallback_insufficient_egarch_obs,60,ok,60,1.5001345096337668,1.566530291697813,1.288952623068848,2.928862113632787,-0.8776818208299774,0.39932389128402707,0.47838211028181327,97.68252424000367,insufficient_egarch_obs
Equity-option Greek Markowitz,Full-spread post-cost,883,ewma_residual_fallback_insufficient_egarch_obs,60,ok,60,-0.2866578983246527,1.373960218782028,0.4838301210328875,0.790423807484106,-0.9827612175128732,0.5379047577908095,0.6603129628084164,0.18470952218958453,insufficient_egarch_obs
Equity-option Greek Markowitz,Full-spread post-cost,884,ewma_residual_fallback_insufficient_egarch_obs,60,ok,60,0.596539726538865,0.9993938659487454,0.9260134897366264,1.88897985593229,-0.7074654951597172,0.3029933316121412,0.3245184741783003,10.37286313397382,insufficient_egarch_obs
Equity-option Greek Markowitz,Full-spread post-cost,885,ewma_residual_fallback_insufficient_egarch_obs,60,ok,60,0.5370622832290937,1.0114869383607898,0.8939479379156924,1.7772083696729795,-0.8384857444732103,0.31224314953540905,0.33267603821495334,8.579408156176633,insufficient_egarch_obs
Equity-option Greek Markowitz,Full-spread post-cost,886,ewma_residual_fallback_insufficient_egarch_obs,60,ok,60,1.3889972350247581,0.9286238973491547,1.4173770998785895,2.908375257324309,-0.5584224583859985,0.3162391732343895,0.3989037045207388,77.81767222618846,insufficient_egarch_obs
Equity-option Greek Markowitz,Full-spread post-cost,887,ewma_residual_fallback_insufficient_egarch_obs,60,ok,60,0.14464916942910944,1.0451702617797398,0.6574741335430467,1.1160646500131863,-0.9519244701379548,0.3933071821792407,0.5150897005143741,1.9649974331799478,insufficient_egarch_obs
Equity-option Greek Markowitz,Full-spread post-cost,888,ewma_residual_fallback_insufficient_egarch_obs,60,ok,60,-0.0315369848353404,1.0484027330430377,0.4876927921737881,0.808132288883624,-0.7682655119436913,0.3538161836512796,0.48046085941287203,0.8519521437238977,insufficient_egarch_obs
Equity-option Greek Markowitz,Full-spread post-cost,889,ewma_residual_fallback_insufficient_egarch_obs,60,ok,60,0.6656368799709538,1.15638230369999,0.969651101714327,2.023479358160648,-0.8095103904272056,0.31165829998148237,0.4063640098063266,12.820401944612462,insufficient_egarch_obs
Equity-option Greek Markowitz,Full-spread post-cost,890,ewma_residual_fallback_insufficient_egarch_obs,60,ok,60,-0.42325079168419466,0.701022985042417,-0.43009868571907967,-0.6126365918324234,-0.9595840919181052,0.2558723883576003,0.3511377640287285,0.0638168017513033,insufficient_egarch_obs
Equity-option Greek Markowitz,Full-spread post-cost,891,ewma_residual_fallback_insufficient_egarch_obs,60,ok,60,0.6846011404775023,1.4349256712253609,1.0611745640604144,2.0512809176500437,-0.8047707941737173,0.45031744206437485,0.5570121990464966,13.567050822092323,insufficient_egarch_obs
Equity-option Greek Markowitz,Full-spread post-cost,892,ewma_residual_fallback_insufficient_egarch_obs,60,ok,60,-0.27406881150089213,1.5995408528599713,0.6952308499518529,1.189823465890092,-0.9986868737221852,0.4821405681077334,0.7219945963288291,0.20159384950553672,insufficient_egarch_obs
Equity-option Greek Markowitz,Full-spread post-cost,893,ewma_residual_fallback_insufficient_egarch_obs,60,ok,60,0.12488847086265165,1.0027872445704886,0.581401352171446,1.0459288562658433,-0.9630098986336951,0.3242993808925673,0.34204209168695293,1.8011394072278288,insufficient_egarch_obs
Equity-option Greek Markowitz,Full-spread post-cost,894,ewma_residual_fallback_insufficient_egarch_obs,60,ok,60,0.27963393716416496,1.1980270251227423,0.7714271422364425,1.4225336484334743,-0.8072041294252567,0.40601782172284034,0.44703367648342085,3.4310634340089448,insufficient_egarch_obs
Equity-option Greek Markowitz,Full-spread post-cost,895,ewma_residual_fallback_insufficient_egarch_obs,60,ok,60,0.6663424262702606,1.0530832456633825,0.9646814315166198,2.0418251831768677,-0.6508111787292665,0.3025353270376454,0.3273282031813634,12.847577896241818,insufficient_egarch_obs
Equity-option Greek Markowitz,Full-spread post-cost,896,ewma_residual_fallback_insufficient_egarch_obs,60,ok,60,0.021247112936120027,0.7445087582208844,0.38529263241734696,0.648970007288738,-0.7983007407011834,0.2602166263331995,0.3415964240689295,1.1108469040072915,insufficient_egarch_obs
Equity-option Greek Markowitz,Full-spread post-cost,897,ewma_residual_fallback_insufficient_egarch_obs,60,ok,60,1.069045259042726,1.5592237583742856,1.1837038781329197,2.6043808322376725,-0.8618908040013682,0.42401573102856677,0.5533357317027163,37.918395617163874,insufficient_egarch_obs
Equity-option Greek Markowitz,Full-spread post-cost,898,ewma_residual_fallback_insufficient_egarch_obs,60,ok,60,-0.2800954827736042,1.2820828639361765,0.3468582884220032,0.6033777857698247,-0.9952292182995688,0.4440104860139395,0.5059661275878914,0.19336349770894265,insufficient_egarch_obs
Equity-option Greek Markowitz,Full-spread post-cost,899,ewma_residual_fallback_insufficient_egarch_obs,60,ok,60,-0.06331769846468982,0.9076378401673961,0.35753007088780225,0.617305638937038,-0.8272659666125595,0.3136917334481308,0.4038969770604941,0.7210436755670493,insufficient_egarch_obs
Equity-option Greek Markowitz,Full-spread post-cost,900,ewma_residual_fallback_insufficient_egarch_obs,60,ok,60,0.05957739623427538,0.9368862495813935,0.49412796677026716,0.9016997486188411,-0.8334719263665703,0.31852605320360833,0.3333651074833064,1.335560066247389,insufficient_egarch_obs
Equity-option Greek Markowitz,Full-spread post-cost,901,ewma_residual_fallback_insufficient_egarch_obs,60,ok,60,-0.028748410507642763,0.8906665747615266,0.38890403359300546,0.6606892260444464,-0.9218557548354825,0.2859559793441257,0.369492582350486,0.8642884568581801,insufficient_egarch_obs
Equity-option Greek Markowitz,Full-spread post-cost,902,ewma_residual_fallback_insufficient_egarch_obs,60,ok,60,-0.05625313337844973,1.151324694027848,0.479197892942972,0.8620848469668314,-0.8365116065409023,0.37917171479289435,0.4229960415225895,0.7486479049776341,insufficient_egarch_obs
Equity-option Greek Markowitz,Full-spread post-cost,903,ewma_residual_fallback_insufficient_egarch_obs,60,ok,60,1.0291032172620267,0.9437871152614199,1.197087444878762,2.6230978377714202,-0.8189192762962316,0.26373588718518076,0.34038329615284596,34.39701037008978,insufficient_egarch_obs
Equity-option Greek Markowitz,Full-spread post-cost,904,ewma_residual_fallback_insufficient_egarch_obs,60,ok,60,-0.6829567411821842,1.9853673320044716,0.6317446328668593,1.0185406721832417,-1.0703552768874787,0.7483364881470737,0.9888642034646052,0.0032032631437223973,insufficient_egarch_obs
Equity-option Greek Markowitz,Full-spread post-cost,905,ewma_residual_fallback_insufficient_egarch_obs,60,ok,60,-0.051358623373137124,0.9734363368913539,0.40931932510162017,0.6915590816718382,-0.9627019428744596,0.32083814189303667,0.41462518374169144,0.7682637046594604,insufficient_egarch_obs
Equity-option Greek Markowitz,Full-spread post-cost,906,ewma_residual_fallback_insufficient_egarch_obs,60,ok,60,1.0220527481287403,1.2191883277490387,1.176106832129567,2.349277290530721,-0.8921440239940934,0.35895203417877575,0.48151480326391455,33.80355710758733,insufficient_egarch_obs
Equity-option Greek Markowitz,Full-spread post-cost,907,ewma_residual_fallback_insufficient_egarch_obs,60,ok,60,0.29985537497353754,0.9696963487668289,0.7550658355579799,1.3157609300852535,-0.9484666712037544,0.31073326600781226,0.4625658956155614,3.7108651417917518,insufficient_egarch_obs
Equity-option Greek Markowitz,Full-spread post-cost,908,ewma_residual_fallback_insufficient_egarch_obs,60,ok,60,-0.42698359299196886,0.9443275172983541,-0.131181667485689,-0.20433494567671912,-0.9911067389118486,0.30383036034449296,0.4182848121931742,0.06177820505231146,insufficient_egarch_obs
Equity-option Greek Markowitz,Full-spread post-cost,909,ewma_residual_fallback_insufficient_egarch_obs,60,ok,60,-0.09947013978636066,1.0001934664026535,0.3422096585177683,0.6262860526857409,-0.8498504420670965,0.29908708783032684,0.3237266692290981,0.5922302543171056,insufficient_egarch_obs
Equity-option Greek Markowitz,Full-spread post-cost,910,ewma_residual_fallback_insufficient_egarch_obs,60,ok,60,-0.0008122580208317354,1.2421563898969878,0.5928792999701804,1.0442130736422304,-0.9477547998174357,0.41242017965908917,0.49655444070674926,0.9959453021699628,insufficient_egarch_obs
Equity-option Greek Markowitz,Full-spread post-cost,911,ewma_residual_fallback_insufficient_egarch_obs,60,ok,60,1.1367989015395499,1.3005405413488313,1.195886337785534,2.486195982426797,-0.943209189480245,0.3633637828575703,0.44646678058143047,44.54697915849034,insufficient_egarch_obs
Equity-option Greek Markowitz,Full-spread post-cost,912,ewma_residual_fallback_insufficient_egarch_obs,60,ok,60,0.035469307749027346,0.805171974464897,0.4238726260145312,0.7224223239903492,-0.6905730918325075,0.2947670480774421,0.3232427078761048,1.1903814558847943,insufficient_egarch_obs
Equity-option Greek Markowitz,Full-spread post-cost,913,ewma_residual_fallback_insufficient_egarch_obs,60,ok,60,0.2791975075070907,0.9947742830160122,0.7020561321397966,1.359541619346569,-0.7224284399243603,0.3050721438472567,0.3235418894646454,3.42521646195913,insufficient_egarch_obs
Equity-option Greek Markowitz,Full-spread post-cost,914,ewma_residual_fallback_insufficient_egarch_obs,60,ok,60,-0.40174127262283954,1.0476302012424532,0.024784459940748474,0.038550050106337636,-0.9797997326259946,0.40997953531096637,0.4513173723703579,0.07663818554698414,insufficient_egarch_obs
Equity-option Greek Markowitz,Full-spread post-cost,915,ewma_residual_fallback_insufficient_egarch_obs,60,ok,60,-0.2320452724427029,0.799049352035159,0.05612055697362494,0.08733559388742534,-0.8932854978385153,0.2939385916727192,0.3231116823591013,0.2671025851507394,insufficient_egarch_obs
Equity-option Greek Markowitz,Full-spread post-cost,916,ewma_residual_fallback_insufficient_egarch_obs,60,ok,60,1.189363501523526,1.3025367806837118,1.236964080350752,2.510848700793567,-0.8945740384085017,0.3975198974475512,0.5101302954332121,50.30247672984966,insufficient_egarch_obs
Equity-option Greek Markowitz,Full-spread post-cost,917,ewma_residual_fallback_insufficient_egarch_obs,60,ok,60,0.03769816799737691,0.9027206260611005,0.45252346613387806,0.8283648200465906,-0.8570533776496292,0.2822627802930678,0.296236287702307,1.2032482814112058,insufficient_egarch_obs
Equity-option Greek Markowitz,Full-spread post-cost,918,ewma_residual_fallback_insufficient_egarch_obs,60,ok,60,-0.05236310303959324,1.2138590643376594,0.5275852373864306,0.9425297933262139,-0.9101883063090132,0.37809118435561173,0.4936548636177586,0.7642048855915538,insufficient_egarch_obs
Equity-option Greek Markowitz,Full-spread post-cost,919,ewma_residual_fallback_insufficient_egarch_obs,60,ok,60,-0.1316478649835191,1.078968926098698,0.3835098702977405,0.6470903834692036,-0.8895514112362133,0.3560491983891989,0.44487034839667,0.49371847868868546,insufficient_egarch_obs
Equity-option Greek Markowitz,Full-spread post-cost,920,ewma_residual_fallback_insufficient_egarch_obs,60,ok,60,0.7830052870461917,0.7750499720456303,1.1231132883356576,2.2739088125413445,-0.716624527873094,0.28991756377236916,0.31794592334953076,18.02034722114041,insufficient_egarch_obs
Equity-option Greek Markowitz,Full-spread post-cost,921,ewma_residual_fallback_insufficient_egarch_obs,60,ok,60,-0.12108747544562237,1.162195313708384,0.4593485878406064,0.7789583074622326,-0.9106237837182538,0.36771879951885983,0.5024971112740905,0.5244791960599594,insufficient_egarch_obs
Equity-option Greek Markowitz,Full-spread post-cost,922,ewma_residual_fallback_insufficient_egarch_obs,60,ok,60,-0.3446280658101857,1.4326337696408122,0.4231565907035874,0.7392185214531676,-0.9930292190045781,0.45462327329057706,0.5931499662697957,0.12090358970962227,insufficient_egarch_obs
Equity-option Greek Markowitz,Full-spread post-cost,923,ewma_residual_fallback_insufficient_egarch_obs,60,ok,60,-0.1604826937768653,0.8622392918123983,0.20405518750456855,0.34049390907366206,-0.960531633190787,0.28010737866171315,0.381899870687653,0.41701172553142546,insufficient_egarch_obs
Equity-option Greek Markowitz,Full-spread post-cost,924,ewma_residual_fallback_insufficient_egarch_obs,60,ok,60,0.3786697784839368,0.8075870068818854,0.7902582327569254,1.423723632908556,-0.8423603802225459,0.28930138608219347,0.3335600075014366,4.98082494179882,insufficient_egarch_obs
Equity-option Greek Markowitz,Full-spread post-cost,925,ewma_residual_fallback_insufficient_egarch_obs,60,ok,60,-0.15882877651932814,1.0558358298924488,0.3336749069791988,0.5707133068437853,-0.9400009577267817,0.32665941096825196,0.40112690388956035,0.421135677383023,insufficient_egarch_obs
Equity-option Greek Markowitz,Full-spread post-cost,926,ewma_residual_fallback_insufficient_egarch_obs,60,ok,60,-0.42645826321596425,0.9968957951184387,-0.09373426759704358,-0.15179017113523133,-0.9832454670570995,0.3180072550063048,0.3360897268959813,0.06206190976834822,insufficient_egarch_obs
Equity-option Greek Markowitz,Full-spread post-cost,927,ewma_residual_fallback_insufficient_egarch_obs,60,ok,60,-0.1410623941416238,0.988885267402268,0.3309957429736371,0.5470916572003404,-0.9631212284302539,0.3543717574646174,0.4562667576421928,0.4675284964590851,insufficient_egarch_obs
Equity-option Greek Markowitz,Full-spread post-cost,928,ewma_residual_fallback_insufficient_egarch_obs,60,ok,60,-0.20081458287478038,0.9702630505216805,0.23436560162423367,0.3913405085108789,-0.9231677423690758,0.2961043769176356,0.4424646142531404,0.32601512816666056,insufficient_egarch_obs
Equity-option Greek Markowitz,Full-spread post-cost,929,ewma_residual_fallback_insufficient_egarch_obs,60,ok,60,-0.1641345639283508,1.32873513251137,0.527603496314411,0.9020141912056915,-0.9300408468718533,0.4305268679890933,0.5679430220808855,0.4080203605763641,insufficient_egarch_obs
Equity-option Greek Markowitz,Full-spread post-cost,930,ewma_residual_fallback_insufficient_egarch_obs,60,ok,60,0.8678118173476019,1.3723129261485114,1.129795380544628,2.268467033211504,-0.840324166669235,0.3549034371841777,0.6096629511548947,22.733462836160346,insufficient_egarch_obs
Equity-option Greek Markowitz,Full-spread post-cost,931,ewma_residual_fallback_insufficient_egarch_obs,60,ok,60,-0.05529355674025749,1.2050233085392446,0.5202072244650577,0.9347447498342539,-0.7910265826818046,0.3681669903317838,0.46039951021283826,0.7524616786754614,insufficient_egarch_obs
Equity-option Greek Markowitz,Full-spread post-cost,932,ewma_residual_fallback_insufficient_egarch_obs,60,ok,60,0.5431555564912991,1.007369375342922,0.8788443228879838,1.8950646555858297,-0.5709108479173257,0.2785926247417891,0.3226212267783067,8.75081564926163,insufficient_egarch_obs
Equity-option Greek Markowitz,Full-spread post-cost,933,ewma_residual_fallback_insufficient_egarch_obs,60,ok,60,1.0526540985107276,1.0283933594262977,1.2018128642183301,2.4696622592984236,-0.6796276472463298,0.33874204286394244,0.42310351630280535,36.44004072062983,insufficient_egarch_obs
Equity-option Greek Markowitz,Full-spread post-cost,934,ewma_residual_fallback_insufficient_egarch_obs,60,ok,60,-0.2764388273650278,1.134795799387008,0.2704734177211654,0.4417495342168437,-0.9587548475962661,0.3667087522689513,0.448117406622956,0.19832445505847088,insufficient_egarch_obs
Equity-option Greek Markowitz,Full-spread post-cost,935,ewma_residual_fallback_insufficient_egarch_obs,60,ok,60,0.16874397515268402,1.1092096413114647,0.6845698933970852,1.199092081667726,-0.9128097585371917,0.35926766555897993,0.45800573668410377,2.180705031126961,insufficient_egarch_obs
Equity-option Greek Markowitz,Full-spread post-cost,936,ewma_residual_fallback_insufficient_egarch_obs,60,ok,60,0.8463602085232735,1.4896519801482029,1.1096747256278103,2.291890826122478,-0.893846300104948,0.4293334109160355,0.562879590521539,21.457650131599475,insufficient_egarch_obs
Equity-option Greek Markowitz,Full-spread post-cost,937,ewma_residual_fallback_insufficient_egarch_obs,60,ok,60,-0.5494651714657606,0.9480393112290179,-0.3224644539473734,-0.4388542617336905,-0.9855116899218885,0.45456821274445797,0.4903686159035061,0.018562730028258364,insufficient_egarch_obs
Equity-option Greek Markowitz,Full-spread post-cost,938,ewma_residual_fallback_insufficient_egarch_obs,60,ok,60,-0.18524403280111834,0.8853301793684423,0.18450185044044642,0.3119990971820233,-0.8119631498751094,0.321192256410708,0.4005850402278359,0.3590357954675252,insufficient_egarch_obs
Equity-option Greek Markowitz,Full-spread post-cost,939,ewma_residual_fallback_insufficient_egarch_obs,60,ok,60,1.4882354209200739,1.1862026700645265,1.3799616566401298,2.753921997300785,-0.7418853944747601,0.33832349080782703,0.4645839653878053,95.3800049515505,insufficient_egarch_obs
Equity-option Greek Markowitz,Full-spread post-cost,940,ewma_residual_fallback_insufficient_egarch_obs,60,ok,60,0.7465815442865447,1.1713375931399013,1.0517021222454759,2.0717802568220023,-0.8792154781107878,0.3053374973861612,0.4731549873418776,16.25340412497893,insufficient_egarch_obs
Equity-option Greek Markowitz,Full-spread post-cost,941,ewma_residual_fallback_insufficient_egarch_obs,60,ok,60,2.1675246762675857,1.0738587980705143,1.6103779161563874,3.69123419824454,-0.6693673550672197,0.32188702603075825,0.34116563193464183,318.85999464698034,insufficient_egarch_obs
Equity-option Greek Markowitz,Full-spread post-cost,942,ewma_residual_fallback_insufficient_egarch_obs,60,ok,60,0.32432267195744946,0.9634872272644386,0.7448896415488604,1.366025304130759,-0.7949340007758091,0.3160292324218419,0.3460046300073723,4.0735126605862435,insufficient_egarch_obs
Equity-option Greek Markowitz,Full-spread post-cost,943,ewma_residual_fallback_insufficient_egarch_obs,60,ok,60,1.1426253382969196,0.8942624420181098,1.2819137234907232,2.7832629855852407,-0.565885783791875,0.27047058763567194,0.2915711902330104,45.157634327766814,insufficient_egarch_obs
Equity-option Greek Markowitz,Full-spread post-cost,944,ewma_residual_fallback_insufficient_egarch_obs,60,ok,60,-0.11224554538945475,0.9121204516160084,0.29924872412405734,0.5058454982006301,-0.9558591330564172,0.28543742709156883,0.36717797430507987,0.5513968757019109,insufficient_egarch_obs
Equity-option Greek Markowitz,Full-spread post-cost,945,ewma_residual_fallback_insufficient_egarch_obs,60,ok,60,0.028357889050673712,1.0647130346391127,0.4994459247886789,0.9607461307293227,-0.7665624480528171,0.32530467675963737,0.34418369015204103,1.1500624413520357,insufficient_egarch_obs
Equity-option Greek Markowitz,Full-spread post-cost,946,ewma_residual_fallback_insufficient_egarch_obs,60,ok,60,-0.16044570680830716,1.0031872359338565,0.29830366684171433,0.5079996231295326,-0.7982353745407305,0.3265513004620428,0.41100323256377463,0.41710359593486707,insufficient_egarch_obs
Equity-option Greek Markowitz,Full-spread post-cost,947,ewma_residual_fallback_insufficient_egarch_obs,60,ok,60,-0.3287767005476454,0.7893191753766273,-0.10691474621718823,-0.15889328971346273,-0.8167782880516213,0.28844552652120575,0.3927866493485008,0.1362495624919942,insufficient_egarch_obs
Equity-option Greek Markowitz,Full-spread post-cost,948,ewma_residual_fallback_insufficient_egarch_obs,60,ok,60,0.42534183951998084,1.280115885255461,0.8732214005745473,1.711803667013268,-0.8960237670021345,0.38801947206077253,0.51366931485754,5.882950146440139,insufficient_egarch_obs
Equity-option Greek Markowitz,Full-spread post-cost,949,ewma_residual_fallback_insufficient_egarch_obs,60,ok,60,3.0699236710221243,1.6617713802795129,1.7063292451636922,3.5881375312249073,-0.8545073153608164,0.5432465396788296,0.6038302822117537,1116.6866440110557,insufficient_egarch_obs
Equity-option Greek Markowitz,Full-spread post-cost,950,ewma_residual_fallback_insufficient_egarch_obs,60,ok,60,1.2145172979388903,0.9693898358748038,1.315298903956441,2.5696566493242545,-0.593705653579766,0.3253072685069164,0.38332538214716916,53.259291510880466,insufficient_egarch_obs
Equity-option Greek Markowitz,Full-spread post-cost,951,ewma_residual_fallback_insufficient_egarch_obs,60,ok,60,0.07171370393498888,0.9543677256106669,0.5228217065400348,0.9287961352351255,-0.8564881840239631,0.3023088117241639,0.391343506034195,1.413819346600136,insufficient_egarch_obs
Equity-option Greek Markowitz,Full-spread post-cost,952,ewma_residual_fallback_insufficient_egarch_obs,60,ok,60,0.07192968605027339,1.2616678719543766,0.6256867192508591,1.173127260419023,-0.9271824674515802,0.36874709444918213,0.4028572925603666,1.4152445537000984,insufficient_egarch_obs
Equity-option Greek Markowitz,Full-spread post-cost,953,ewma_residual_fallback_insufficient_egarch_obs,60,ok,60,0.25592865386427466,0.9936519908963272,0.6804595546884,1.3161703949725005,-0.8485846052276523,0.29390879854184604,0.3101178693542661,3.124818841918664,insufficient_egarch_obs
Equity-option Greek Markowitz,Full-spread post-cost,954,ewma_residual_fallback_insufficient_egarch_obs,60,ok,60,0.18524045057869154,1.1636650533088395,0.6952838021706976,1.2540317843984237,-0.755426144172055,0.3841182212729852,0.4014888053152336,2.339011325039803,insufficient_egarch_obs
Equity-option Greek Markowitz,Full-spread post-cost,955,ewma_residual_fallback_insufficient_egarch_obs,60,ok,60,0.5914914260462598,1.115022501664529,0.9328134926944697,1.8595827888684389,-0.8063110099462536,0.3251984471982454,0.3816104938164406,10.209900654571884,insufficient_egarch_obs
Equity-option Greek Markowitz,Full-spread post-cost,956,ewma_residual_fallback_insufficient_egarch_obs,60,ok,60,-0.23853685240801636,1.0246519557045255,0.2260486890753929,0.3699360018186849,-0.9181131051169825,0.3156579550076289,0.4064526698321049,0.2560026426855711,insufficient_egarch_obs
Equity-option Greek Markowitz,Full-spread post-cost,957,ewma_residual_fallback_insufficient_egarch_obs,60,ok,60,0.47520291254365654,1.1031433877289465,0.9009396490613288,1.6025897891022398,-0.7987114444955662,0.4091988326531127,0.454819085961583,6.9864862033784565,insufficient_egarch_obs
Equity-option Greek Markowitz,Full-spread post-cost,958,ewma_residual_fallback_insufficient_egarch_obs,60,ok,60,0.5451456479804222,1.0328434111954587,0.9125571528063164,1.7612518789556453,-0.9323304218505669,0.32969378071250155,0.4054529902440421,8.807387713782003,insufficient_egarch_obs
Equity-option Greek Markowitz,Full-spread post-cost,959,ewma_residual_fallback_insufficient_egarch_obs,60,ok,60,0.3190998670069487,1.2316235041220491,0.7776717825048649,1.540909668028588,-0.8660221794255171,0.42615573130621176,0.4454003134277818,3.993819037017216,insufficient_egarch_obs
Equity-option Greek Markowitz,Full-spread post-cost,960,ewma_residual_fallback_insufficient_egarch_obs,60,ok,60,0.4438772746994599,1.6783152745510488,1.0568331709815086,2.0248994864924073,-0.8927487472070035,0.5386326227966932,0.6332521562048571,6.275544380957434,insufficient_egarch_obs
Equity-option Greek Markowitz,Full-spread post-cost,961,ewma_residual_fallback_insufficient_egarch_obs,60,ok,60,0.20886865976030755,1.3822144384202586,0.8158270383173682,1.5320276140309526,-0.8118627273647151,0.436590967554883,0.629308251619548,2.581639472272441,insufficient_egarch_obs
Equity-option Greek Markowitz,Full-spread post-cost,962,ewma_residual_fallback_insufficient_egarch_obs,60,ok,60,0.6503545028147988,1.5159935816106638,1.0775069449255286,2.067665267829542,-0.9332921133263496,0.5177036922893423,0.5870385503230873,12.242953844462058,insufficient_egarch_obs
Equity-option Greek Markowitz,Full-spread post-cost,963,ewma_residual_fallback_insufficient_egarch_obs,60,ok,60,0.760480708757826,1.3273105379351902,1.035308534450885,2.1454651455493967,-0.9545951172879324,0.42624200634915993,0.4722189779758992,16.910496243981314,insufficient_egarch_obs
Equity-option Greek Markowitz,Full-spread post-cost,964,ewma_residual_fallback_insufficient_egarch_obs,60,ok,60,-0.44603919243409873,0.9565116818480052,-0.14702081837155348,-0.22460115759735796,-0.9758026738624773,0.30620478404040913,0.415669264101551,0.0521669202835576,insufficient_egarch_obs
Equity-option Greek Markowitz,Full-spread post-cost,965,ewma_residual_fallback_insufficient_egarch_obs,60,ok,60,-0.06739015292110329,1.1950199783966915,0.5321476152494911,0.9025338841932373,-0.9179920993018583,0.39933674384221696,0.4907662410772334,0.7055048172128476,insufficient_egarch_obs
Equity-option Greek Markowitz,Full-spread post-cost,966,ewma_residual_fallback_insufficient_egarch_obs,60,ok,60,-0.5238822188789553,0.9084340977738319,-0.3772238410747584,-0.5687957240923247,-0.9833696641483086,0.31162915141451847,0.3383870996613137,0.02446650890330753,insufficient_egarch_obs
Equity-option Greek Markowitz,Full-spread post-cost,967,ewma_residual_fallback_insufficient_egarch_obs,60,ok,60,-0.06475723630810959,1.1335993454372701,0.48287451698279643,0.8354347519661481,-0.832258565757418,0.3553179801817982,0.4371065627525235,0.7155200089337037,insufficient_egarch_obs
Equity-option Greek Markowitz,Full-spread post-cost,968,ewma_residual_fallback_insufficient_egarch_obs,60,ok,60,0.3732425008672038,0.8515488697088623,0.8047863545743229,1.3929845586535747,-0.73200319622217,0.3141934674108184,0.44158642394000114,4.88355609170625,insufficient_egarch_obs
Equity-option Greek Markowitz,Full-spread post-cost,969,ewma_residual_fallback_insufficient_egarch_obs,60,ok,60,0.10867101994469985,1.1421310587559201,0.623773331164704,1.1291120275802886,-0.799568552786863,0.34224985232784605,0.40871078676362843,1.6749948546443822,insufficient_egarch_obs
Equity-option Greek Markowitz,Full-spread post-cost,970,ewma_residual_fallback_insufficient_egarch_obs,60,ok,60,0.5013055942703322,1.1962013743140956,0.8964629524097673,1.7203174830886399,-0.8793725343370484,0.3685880681767544,0.4018358423892978,7.62685543451645,insufficient_egarch_obs
Equity-option Greek Markowitz,Full-spread post-cost,971,ewma_residual_fallback_insufficient_egarch_obs,60,ok,60,0.04014839208130794,1.0471594337963992,0.5313655844017718,0.9472485627497113,-0.8642329367089036,0.3265645852117957,0.4429703160205282,1.2175211388655294,insufficient_egarch_obs
Equity-option Greek Markowitz,Full-spread post-cost,972,ewma_residual_fallback_insufficient_egarch_obs,60,ok,60,0.5704111732641548,1.021389607299998,0.9418247233050743,1.7611733599919293,-0.8670784484603384,0.3349675799664372,0.44026169649413815,9.55139669280183,insufficient_egarch_obs
Equity-option Greek Markowitz,Full-spread post-cost,973,ewma_residual_fallback_insufficient_egarch_obs,60,ok,60,2.1031850084611916,1.3258765057609672,1.5084700537373152,3.2566332503312836,-0.7762368331765694,0.3985995065422935,0.4413968338297458,287.76524628821977,insufficient_egarch_obs
Equity-option Greek Markowitz,Full-spread post-cost,974,ewma_residual_fallback_insufficient_egarch_obs,60,ok,60,-0.36347772011461366,0.8678363151094519,-0.09771477914558103,-0.1514473932190555,-0.9560382248839177,0.30280560120224653,0.37095000517313315,0.1044883926100885,insufficient_egarch_obs
Equity-option Greek Markowitz,Full-spread post-cost,975,ewma_residual_fallback_insufficient_egarch_obs,60,ok,60,0.6998961167515041,0.9634318330668904,0.9998958065795021,2.0809685811991216,-0.6688575044534044,0.29653292346549404,0.3233671300548811,14.19423231376645,insufficient_egarch_obs
Equity-option Greek Markowitz,Full-spread post-cost,976,ewma_residual_fallback_insufficient_egarch_obs,60,ok,60,2.5365573160506045,1.0411156480275592,1.7539427742580393,4.018508942692518,-0.6022838694410604,0.30228912483214415,0.3597275893267702,553.2271749663323,insufficient_egarch_obs
Equity-option Greek Markowitz,Full-spread post-cost,977,ewma_residual_fallback_insufficient_egarch_obs,60,ok,60,1.0386525419382688,0.9034351312073704,1.2489739386415166,2.4659177469727505,-0.5657771320744995,0.2958934080924619,0.42352718808685497,35.21405718740791,insufficient_egarch_obs
Equity-option Greek Markowitz,Full-spread post-cost,978,ewma_residual_fallback_insufficient_egarch_obs,60,ok,60,0.22717166080822415,0.9503549148101494,0.6760340861882561,1.1898653389554925,-0.9339652395801379,0.3467990623715443,0.4175576589470496,2.7830857496381385,insufficient_egarch_obs
Equity-option Greek Markowitz,Full-spread post-cost,979,ewma_residual_fallback_insufficient_egarch_obs,60,ok,60,0.8428347843483825,0.8489189818155907,1.1367825728105425,2.2817654482557845,-0.7388838988031028,0.2733954720085531,0.3334040162760858,21.253575681354057,insufficient_egarch_obs
Equity-option Greek Markowitz,Full-spread post-cost,980,ewma_residual_fallback_insufficient_egarch_obs,60,ok,60,-0.6270944876289763,1.6863890685123148,0.28064682655750217,0.47599338297493665,-0.9988073249786298,0.6343713954425156,0.7316764096118361,0.007210975437234083,insufficient_egarch_obs
Equity-option Greek Markowitz,Full-spread post-cost,981,ewma_residual_fallback_insufficient_egarch_obs,60,ok,60,0.04139561431237149,1.2503230471862743,0.6406446675466938,1.1403910438979754,-0.9609005547122027,0.3687035213730676,0.5328222110230846,1.2248381979880194,insufficient_egarch_obs
Equity-option Greek Markowitz,Full-spread post-cost,982,ewma_residual_fallback_insufficient_egarch_obs,60,ok,60,0.11798514310771546,0.8667673915030905,0.5284081259615876,0.9578063318628153,-0.7441287490082578,0.28735740234187584,0.30237324082724965,1.7465465341846487,insufficient_egarch_obs
Equity-option Greek Markowitz,Full-spread post-cost,983,ewma_residual_fallback_insufficient_egarch_obs,60,ok,60,2.853097219997539,1.5321625786164308,1.6776423568035754,3.633082613435989,-0.907382181204344,0.48837104249335284,0.6075483062133948,849.2779246629684,insufficient_egarch_obs
Equity-option Greek Markowitz,Full-spread post-cost,984,ewma_residual_fallback_insufficient_egarch_obs,60,ok,60,-0.12835362063695888,1.0205142914781478,0.32933979485882,0.5916588625193974,-0.916208369974513,0.31830994468869006,0.3837984339255602,0.5031548376726165,insufficient_egarch_obs
Equity-option Greek Markowitz,Full-spread post-cost,985,ewma_residual_fallback_insufficient_egarch_obs,60,ok,60,0.2089125819576345,0.5703904383360722,0.607327482480269,1.0586072289790376,-0.5832789707088402,0.19935049028879678,0.2494942087733598,2.5821085038643865,insufficient_egarch_obs
Equity-option Greek Markowitz,Full-spread post-cost,986,ewma_residual_fallback_insufficient_egarch_obs,60,ok,60,-0.12618249000276505,0.7714986291262791,0.18940142150720116,0.31385892334432314,-0.8212742314350765,0.27911843775860895,0.31252507462181756,0.5094525206479991,insufficient_egarch_obs
Equity-option Greek Markowitz,Full-spread post-cost,987,ewma_residual_fallback_insufficient_egarch_obs,60,ok,60,0.6469013005689195,1.1562634960743763,0.9844809441110043,1.9380972449124345,-0.8394800790854102,0.3575507809143496,0.45894569207122177,12.115402936535306,insufficient_egarch_obs
Equity-option Greek Markowitz,Full-spread post-cost,988,ewma_residual_fallback_insufficient_egarch_obs,60,ok,60,-0.04375573141039768,0.9190806507632359,0.39271395177515717,0.6693384413163704,-0.9310436471634217,0.2940605983102129,0.43426471581991866,0.7995474191534927,insufficient_egarch_obs
Equity-option Greek Markowitz,Full-spread post-cost,989,ewma_residual_fallback_insufficient_egarch_obs,60,ok,60,0.6587485285773809,0.9910087838847684,0.9714513384075103,1.9709150312013055,-0.6624290132897086,0.3010656865316989,0.3334681974834081,12.557487459354268,insufficient_egarch_obs
Equity-option Greek Markowitz,Full-spread post-cost,990,ewma_residual_fallback_insufficient_egarch_obs,60,ok,60,-0.029487559210667924,1.0739815614481132,0.5212382744009073,0.8512300776912217,-0.9876667664185638,0.36553543269173233,0.5162339005434727,0.8610047243369843,insufficient_egarch_obs
Equity-option Greek Markowitz,Full-spread post-cost,991,ewma_residual_fallback_insufficient_egarch_obs,60,ok,60,0.12626981431407214,0.8968034338550278,0.5377556658924377,1.0162679662506096,-0.6865507394726178,0.302761739836413,0.31680622822677496,1.812225439843381,insufficient_egarch_obs
Equity-option Greek Markowitz,Full-spread post-cost,992,ewma_residual_fallback_insufficient_egarch_obs,60,ok,60,-0.1784405086760822,1.3525222349841497,0.5327227020590984,0.9142616580737525,-0.9453562880095101,0.4440855238109257,0.6238327843722896,0.3742786778792518,insufficient_egarch_obs
Equity-option Greek Markowitz,Full-spread post-cost,993,ewma_residual_fallback_insufficient_egarch_obs,60,ok,60,0.15080615821680343,1.0362233807532528,0.6356786795321928,1.1325479659855007,-0.903126801746071,0.33313098613992925,0.43916582644412444,2.0184169572604147,insufficient_egarch_obs
Equity-option Greek Markowitz,Full-spread post-cost,994,ewma_residual_fallback_insufficient_egarch_obs,60,ok,60,1.7121488150057629,1.1514218846515327,1.4358683654963855,3.075183678801606,-0.7609207310910383,0.3830447706779357,0.4243205486697829,146.74644107740798,insufficient_egarch_obs
Equity-option Greek Markowitz,Full-spread post-cost,995,ewma_residual_fallback_insufficient_egarch_obs,60,ok,60,0.1544302804838149,0.8845821762189088,0.5778162141906776,1.0273038272356299,-0.6187880543336379,0.28822021192909136,0.3065811517919157,2.050399788965677,insufficient_egarch_obs
Equity-option Greek Markowitz,Full-spread post-cost,996,ewma_residual_fallback_insufficient_egarch_obs,60,ok,60,0.0769951744209263,0.8630038237297919,0.5131144042602349,0.8566049822881411,-0.8975250886693247,0.3013255463915064,0.4193919017254939,1.4490013397582748,insufficient_egarch_obs
Equity-option Greek Markowitz,Full-spread post-cost,997,ewma_residual_fallback_insufficient_egarch_obs,60,ok,60,1.867612154231871,1.2283415757800764,1.4351552565719352,3.385041223931626,-0.8634369009761658,0.31794124721255884,0.4270063913917526,193.91082865390752,insufficient_egarch_obs
Equity-option Greek Markowitz,Full-spread post-cost,998,ewma_residual_fallback_insufficient_egarch_obs,60,ok,60,0.3930132324483431,1.1703413947332726,0.8367869147928161,1.5848158795737455,-0.8427642892735799,0.3764554517697041,0.44599889227484724,5.24537098221203,insufficient_egarch_obs
Equity-option Greek Markowitz,Full-spread post-cost,999,ewma_residual_fallback_insufficient_egarch_obs,60,ok,60,0.9653611861528919,0.9575702944729189,1.1643191362383378,2.439905602480887,-0.55452151376385,0.2786879103605773,0.3410087600519192,29.323234581017722,insufficient_egarch_obs
