Strategy,Return basis,path_id,method,n_source_obs,status,n_obs,annualized_return,annualized_volatility,sharpe,sortino,max_drawdown,var_95,cvar_95,terminal_wealth,block_length
VIX hedge sleeve,Full-spread post-cost,0,circular_block_bootstrap,60,ok,60,-1.0,1.0565951763959105,-9.772716631880067,-3.2804679332449087,-1.0002143575695066,1.109197913881503,1.1304219643743796,0.0,6
VIX hedge sleeve,Full-spread post-cost,1,circular_block_bootstrap,60,ok,60,-1.0,1.5326769828682234,-6.031059037417397,-3.0340724555961707,,1.0609256310950126,1.1089387387387388,0.0,6
VIX hedge sleeve,Full-spread post-cost,2,circular_block_bootstrap,60,ok,60,-1.0,1.4468751161103788,-6.747331675877677,-3.1181291719727677,-1.0,1.108963755970082,1.135992582952588,0.0,6
VIX hedge sleeve,Full-spread post-cost,3,circular_block_bootstrap,60,ok,60,-1.0,1.6380143013530646,-5.355466088736777,-2.9501077528506374,-1.1141222415940224,1.1141222415940224,1.1263470336792902,0.0,6
VIX hedge sleeve,Full-spread post-cost,4,circular_block_bootstrap,60,ok,60,-1.0,1.5792392173949754,-5.749772914667545,-3.0057837252452813,-1.0,1.1089387387387388,1.1115304901663805,-0.0,6
VIX hedge sleeve,Full-spread post-cost,5,circular_block_bootstrap,60,ok,60,-1.0,1.0292866869283464,-10.317186061011801,-3.296005074506035,,1.1116666386683327,1.1630214099350942,0.0,6
VIX hedge sleeve,Full-spread post-cost,6,circular_block_bootstrap,60,ok,60,-1.0,1.4707033591651282,-6.460379326783921,-3.0948393924482662,-1.003276852720113,1.109221680251279,1.1304219643743796,-0.0,6
VIX hedge sleeve,Full-spread post-cost,7,circular_block_bootstrap,60,ok,60,-1.0,1.6226544754764065,-5.507564901257529,-2.9739104534424476,,1.0556391996594297,1.0947596836964264,-0.0,6
VIX hedge sleeve,Full-spread post-cost,8,circular_block_bootstrap,60,ok,60,-1.0,1.2643266925907144,-8.064867551209774,-3.205037964690532,,1.0560345679012346,1.0705564863244315,0.0,6
VIX hedge sleeve,Full-spread post-cost,9,circular_block_bootstrap,60,ok,60,-1.0,1.6981973509793291,-5.083642606945249,-2.911303826994532,0.0,1.108939989600306,1.1269829739584194,-0.0,6
VIX hedge sleeve,Full-spread post-cost,10,circular_block_bootstrap,60,ok,60,-1.0,1.5695110413053757,-5.739004992349675,-3.011567979380268,,1.0560345679012346,1.057216596665394,0.0,6
VIX hedge sleeve,Full-spread post-cost,11,circular_block_bootstrap,60,ok,60,-1.0,1.3637817047285674,-7.028182915318859,-3.1321722429719268,-1.0,1.0558609112709831,1.055904325428546,0.0,6
VIX hedge sleeve,Full-spread post-cost,12,circular_block_bootstrap,60,ok,60,-1.0,1.5557306503397446,-5.7632816412314085,-3.007631347442539,-1.0,1.0536207407407407,1.0554186687030673,0.0,6
VIX hedge sleeve,Full-spread post-cost,13,circular_block_bootstrap,60,ok,60,-1.0,1.4252348396692955,-6.8451576217981565,-3.1257039317185336,-1.0002143575695066,1.108939989600306,1.1287024691663996,0.0,6
VIX hedge sleeve,Full-spread post-cost,14,circular_block_bootstrap,60,ok,60,-1.0,1.6279704204010672,-5.578904072332003,-2.9793075725825795,0.0,1.109221680251279,1.146721687154737,-0.0,6
VIX hedge sleeve,Full-spread post-cost,15,circular_block_bootstrap,60,ok,60,-1.0,1.512100460449456,-5.872650513054941,-3.0166902426982993,,1.0559877969789115,1.0920920343023435,0.0,6
VIX hedge sleeve,Full-spread post-cost,16,circular_block_bootstrap,60,ok,60,-1.0,1.839264647815827,-4.354485227340045,-2.787059012173907,-1.0,1.108939989600306,1.1269829739584194,-0.0,6
VIX hedge sleeve,Full-spread post-cost,17,circular_block_bootstrap,60,ok,60,-1.0,1.4984439319418028,-6.171662399058867,-3.0606897152657253,-1.0719624325975046,1.1089387387387388,1.1115304901663805,-0.0,6
VIX hedge sleeve,Full-spread post-cost,18,circular_block_bootstrap,60,ok,60,-1.0,1.0810174578816636,-9.760897121221472,-3.282851419885314,-1.0,1.0583986254295532,1.0894362084387672,0.0,6
VIX hedge sleeve,Full-spread post-cost,19,circular_block_bootstrap,60,ok,60,-1.0,1.5092564572725495,-6.237607307827666,-3.079278429780945,0.0,1.108963755970082,1.1237677908673203,-0.0,6
VIX hedge sleeve,Full-spread post-cost,20,circular_block_bootstrap,60,ok,60,-1.0,1.3881737334292705,-6.926010483752723,-3.12828210011574,-1.0,1.109197913881503,1.1141222415940224,-0.0,6
VIX hedge sleeve,Full-spread post-cost,21,circular_block_bootstrap,60,ok,60,-1.0,1.49106269164216,-6.212838388189396,-3.060430017274798,-1.0,1.0609256310950126,1.1269746348813052,-0.0,6
VIX hedge sleeve,Full-spread post-cost,22,circular_block_bootstrap,60,ok,60,-1.0,1.530560460219763,-5.991680894685505,-3.0348661276806483,,1.108939989600306,1.1287024691663996,-0.0,6
VIX hedge sleeve,Full-spread post-cost,23,circular_block_bootstrap,60,ok,60,-1.0,1.6045000339564333,-5.707266563189331,-3.018376042231553,-1.0,1.0556391996594297,1.0753971257988306,-0.0,6
VIX hedge sleeve,Full-spread post-cost,24,circular_block_bootstrap,60,ok,60,-1.0,1.4811451187208802,-6.189698935362225,-3.051229027375304,-1.0087245912579244,1.058514802644371,1.1106665730238332,0.0,6
VIX hedge sleeve,Full-spread post-cost,25,circular_block_bootstrap,60,ok,60,-1.0,1.6064283883172161,-5.870886216927954,-3.022266684745275,-1.0,1.1116666386683327,1.1630214099350942,-0.0,6
VIX hedge sleeve,Full-spread post-cost,26,circular_block_bootstrap,60,ok,60,-1.0,1.6161232732472972,-5.850299903450526,-3.0338169901133862,0.0,1.108963755970082,1.135992582952588,-0.0,6
VIX hedge sleeve,Full-spread post-cost,27,circular_block_bootstrap,60,ok,60,-1.0,1.3700876737749663,-6.993019746420966,-3.1326400813160435,-1.0,1.0609268819565796,1.1287024691663996,-0.0,6
VIX hedge sleeve,Full-spread post-cost,28,circular_block_bootstrap,60,ok,60,-1.0,1.1402772189501817,-9.28450677788198,-3.2677912870994694,-1.0,1.109221680251279,1.146721687154737,0.0,6
VIX hedge sleeve,Full-spread post-cost,29,circular_block_bootstrap,60,ok,60,-1.0,1.6153067552443432,-5.5779448715689455,-2.993131023310745,-1.0,1.1141222415940224,1.1239020752622368,-0.0,6
VIX hedge sleeve,Full-spread post-cost,30,circular_block_bootstrap,60,ok,60,-1.0,1.4660166854327608,-6.530785064045395,-3.097742650915208,,1.0561527707776506,1.093819868587438,0.0,6
VIX hedge sleeve,Full-spread post-cost,31,circular_block_bootstrap,60,ok,60,-1.0,1.6017848472991636,-6.09767920969252,-3.0629231708114313,,1.1116666386683327,1.1630214099350942,0.0,6
VIX hedge sleeve,Full-spread post-cost,32,circular_block_bootstrap,60,ok,60,-1.0,1.2847404853236661,-7.48163793698875,-3.173670190943443,,1.0388248929834354,1.0559600924804258,0.0,6
VIX hedge sleeve,Full-spread post-cost,33,circular_block_bootstrap,60,ok,60,-1.0,1.3389022843431746,-7.703600507992245,-3.18965414855747,,1.109221680251279,1.146721687154737,0.0,6
VIX hedge sleeve,Full-spread post-cost,34,circular_block_bootstrap,60,ok,60,-1.0,1.5195258267042904,-6.260974263537798,-3.0651172666916597,,1.108939989600306,1.1287024691663996,0.0,6
VIX hedge sleeve,Full-spread post-cost,35,circular_block_bootstrap,60,ok,60,-1.0,1.5065573960256067,-6.244815189986506,-3.0740103055643258,-1.0,1.109221680251279,1.146721687154737,-0.0,6
VIX hedge sleeve,Full-spread post-cost,36,circular_block_bootstrap,60,ok,60,-1.0,1.5640226432300923,-5.85048129997728,-3.0217043443693368,,1.0560345679012346,1.0711475007065112,-0.0,6
VIX hedge sleeve,Full-spread post-cost,37,circular_block_bootstrap,60,ok,60,-1.0,1.3928337589423923,-6.843153097181901,-3.1142881887831764,,1.0561527707776506,1.0920920343023435,0.0,6
VIX hedge sleeve,Full-spread post-cost,38,circular_block_bootstrap,60,ok,60,-1.0,1.543359943125639,-6.07629013680221,-3.038476602455096,,1.108963755970082,1.135992582952588,0.0,6
VIX hedge sleeve,Full-spread post-cost,39,circular_block_bootstrap,60,ok,60,-1.0,0.9495190142734292,-11.338716085970857,-3.3221120923949,,1.0583986254295532,1.0971956041910707,-0.0,6
VIX hedge sleeve,Full-spread post-cost,40,circular_block_bootstrap,60,ok,60,-1.0,1.436939078692729,-6.450844147204842,-3.085821948325754,,1.0582844082013048,1.1106665730238332,-0.0,6
VIX hedge sleeve,Full-spread post-cost,41,circular_block_bootstrap,60,ok,60,-1.0,1.638384721420293,-5.752898554440356,-2.9991751448521042,-1.0,1.1116666386683327,1.1630214099350942,-0.0,6
VIX hedge sleeve,Full-spread post-cost,42,circular_block_bootstrap,60,ok,60,-1.0,1.3946815809289406,-6.747954449875042,-3.107606865338721,,1.0583986254295532,1.0862604335117878,0.0,6
VIX hedge sleeve,Full-spread post-cost,43,circular_block_bootstrap,60,ok,60,-1.0,1.628348834843308,-5.72993677858624,-3.008837807643847,0.0,1.108963755970082,1.135992582952588,0.0,6
VIX hedge sleeve,Full-spread post-cost,44,circular_block_bootstrap,60,ok,60,-1.0,1.5936416219713525,-5.684290754614192,-3.0112064456976344,-1.0719624325975046,1.1141222415940224,1.1239020752622366,-0.0,6
VIX hedge sleeve,Full-spread post-cost,45,circular_block_bootstrap,60,ok,60,-1.0,1.3269510765624066,-7.487388413658343,-3.1702519181121342,,1.108939989600306,1.1287024691663996,0.0,6
VIX hedge sleeve,Full-spread post-cost,46,circular_block_bootstrap,60,ok,60,-1.0,0.9501292037050759,-11.201410707833702,-3.3213339004249938,,1.0537414320987655,1.0744573106898423,0.0,6
VIX hedge sleeve,Full-spread post-cost,47,circular_block_bootstrap,60,ok,60,-1.0,1.5872441491799933,-5.806475359508793,-3.019380747573669,-1.0002143575695066,1.0609256310950126,1.1123944073089278,-0.0,6
VIX hedge sleeve,Full-spread post-cost,48,circular_block_bootstrap,60,ok,60,-1.0,1.3556440893923885,-7.095326345657661,-3.1278179819412943,,1.0583986254295532,1.0786146707532274,-0.0,6
VIX hedge sleeve,Full-spread post-cost,49,circular_block_bootstrap,60,ok,60,-1.0,1.3471666403760825,-7.185061696169122,-3.155412842093927,,1.0557574025358456,1.093819868587438,0.0,6
VIX hedge sleeve,Full-spread post-cost,50,circular_block_bootstrap,60,ok,60,-1.0,1.6108200141862279,-5.679498181031131,-2.9887593826046666,-1.0,1.108963755970082,1.135992582952588,-0.0,6
VIX hedge sleeve,Full-spread post-cost,51,circular_block_bootstrap,60,ok,60,-1.0,1.4076483167267788,-6.902576447190211,-3.1214473978203983,,1.0560345679012346,1.0681249141454559,-0.0,6
VIX hedge sleeve,Full-spread post-cost,52,circular_block_bootstrap,60,ok,60,-1.0,1.4867448194828883,-6.305299818458019,-3.065789656966163,-1.0,1.0609256310950126,1.1269746348813052,0.0,6
VIX hedge sleeve,Full-spread post-cost,53,circular_block_bootstrap,60,ok,60,-1.0,1.7838385538685853,-4.8065702602349525,-2.8666381871442295,-1.0087245912579244,1.1141222415940224,1.1385718257645583,0.0,6
VIX hedge sleeve,Full-spread post-cost,54,circular_block_bootstrap,60,ok,60,-1.0,1.3308396531056816,-7.2850854119887805,-3.1538227634647957,-1.1141222415940224,1.108939989600306,1.1287024691663996,0.0,6
VIX hedge sleeve,Full-spread post-cost,55,circular_block_bootstrap,60,ok,60,-1.0,1.1318183918940585,-9.206776498732667,-3.2608246689937217,-1.0,1.109221680251279,1.1304219643743796,-0.0,6
VIX hedge sleeve,Full-spread post-cost,56,circular_block_bootstrap,60,ok,60,-1.0,1.4494397710948104,-6.353297939077881,-3.0759049857908036,-1.0002143575695066,1.0560345679012346,1.0711475007065112,0.0,6
VIX hedge sleeve,Full-spread post-cost,57,circular_block_bootstrap,60,ok,60,-1.0,1.415989139476416,-6.822778860329732,-3.1262554896374333,,1.0561527707776506,1.0938282076645525,0.0,6
VIX hedge sleeve,Full-spread post-cost,58,circular_block_bootstrap,60,ok,60,-1.0,1.237889887262699,-8.266291379239815,-3.20990836620493,-1.0,1.1116666386683327,1.1630214099350942,-0.0,6
VIX hedge sleeve,Full-spread post-cost,59,circular_block_bootstrap,60,ok,60,-1.0,1.6709513678594123,-5.401898868920944,-2.965370894814842,0.0,1.108963755970082,1.1237677908673203,-0.0,6
VIX hedge sleeve,Full-spread post-cost,60,circular_block_bootstrap,60,ok,60,-1.0,1.7452115524694929,-4.932947983943817,-2.8945175082279504,,1.0586797764431097,1.1106665730238332,-0.0,6
VIX hedge sleeve,Full-spread post-cost,61,circular_block_bootstrap,60,ok,60,-1.0,1.5614544303042255,-6.116997731882776,-3.0610359249332593,-1.0,1.1141222415940224,1.1239020752622366,-0.0,6
VIX hedge sleeve,Full-spread post-cost,62,circular_block_bootstrap,60,ok,60,-1.0,1.3532918159757428,-7.216657127437874,-3.1507662518131037,-1.0,1.108939989600306,1.1450021919467568,0.0,6
VIX hedge sleeve,Full-spread post-cost,63,circular_block_bootstrap,60,ok,60,-1.0,1.7953500601537118,-4.441690579807073,-2.788440459533258,,1.0561527707776506,1.1101279304449099,-0.0,6
VIX hedge sleeve,Full-spread post-cost,64,circular_block_bootstrap,60,ok,60,-1.0,1.2096180023173733,-8.647141413340314,-3.2353319745400486,,1.058681027304677,1.1450021919467568,0.0,6
VIX hedge sleeve,Full-spread post-cost,65,circular_block_bootstrap,60,ok,60,-1.0,1.633479172324727,-5.7911846467489685,-3.026094448220981,-1.0090366764221381,1.1630214099350942,1.1630214099350942,0.0,6
VIX hedge sleeve,Full-spread post-cost,66,circular_block_bootstrap,60,ok,60,-1.0,1.2307611253861568,-8.508946051469156,-3.2375738247940067,-1.0,1.0560345679012346,1.0565073794068984,-0.0,6
VIX hedge sleeve,Full-spread post-cost,67,circular_block_bootstrap,60,ok,60,-1.0,1.1588799661416247,-9.135850687477529,-3.2517304319050715,-1.0558609112709831,1.109221680251279,1.146721687154737,0.0,6
VIX hedge sleeve,Full-spread post-cost,68,circular_block_bootstrap,60,ok,60,-1.0,1.596996344931745,-5.620879322666725,-3.0068853794689394,,1.0609256310950126,1.1123944073089278,0.0,6
VIX hedge sleeve,Full-spread post-cost,69,circular_block_bootstrap,60,ok,60,-1.0,1.4328878731555181,-6.718074418889094,-3.118483461666271,-1.0556183908045977,1.0585160535059381,1.1287024691663996,-0.0,6
VIX hedge sleeve,Full-spread post-cost,70,circular_block_bootstrap,60,ok,60,-1.0,1.4306100865961098,-6.774629596816133,-3.117885692333902,-1.0719624325975046,1.109221680251279,1.1304219643743796,-0.0,6
VIX hedge sleeve,Full-spread post-cost,71,circular_block_bootstrap,60,ok,60,-1.0,0.9941281828433015,-10.641299560321839,-3.305129011305159,,1.108963755970082,1.1237677908673203,-0.0,6
VIX hedge sleeve,Full-spread post-cost,72,circular_block_bootstrap,60,ok,60,-1.0,1.294408810798277,-7.838490505752279,-3.1874795131241,-1.0558609112709831,1.108963755970082,1.135992582952588,0.0,6
VIX hedge sleeve,Full-spread post-cost,73,circular_block_bootstrap,60,ok,60,-1.0,1.446490300828502,-6.4059434984008226,-3.077532864313273,-1.0,1.109221680251279,1.1304219643743796,0.0,6
VIX hedge sleeve,Full-spread post-cost,74,circular_block_bootstrap,60,ok,60,-1.0,1.3088569398305658,-7.656503831695062,-3.176734554632053,,1.108963755970082,1.130586817556087,0.0,6
VIX hedge sleeve,Full-spread post-cost,75,circular_block_bootstrap,60,ok,60,-1.0,1.397775272522922,-6.842782147779151,-3.122378738356851,,1.109221680251279,1.146721687154737,0.0,6
VIX hedge sleeve,Full-spread post-cost,76,circular_block_bootstrap,60,ok,60,-1.0,1.3210726798754655,-7.429979046252456,-3.158053209836588,0.0,1.0609256310950126,1.1269662958041906,0.0,6
VIX hedge sleeve,Full-spread post-cost,77,circular_block_bootstrap,60,ok,60,-1.0,1.5788737129845267,-5.84825206744224,-3.0165461763174597,,1.109221680251279,1.1304219643743796,-0.0,6
VIX hedge sleeve,Full-spread post-cost,78,circular_block_bootstrap,60,ok,60,-1.0,1.4251680660065444,-6.886297504617363,-3.110128559808792,,1.0560345679012346,1.088017773921776,-0.0,6
VIX hedge sleeve,Full-spread post-cost,79,circular_block_bootstrap,60,ok,60,-1.0,1.550206871654592,-6.126462407926778,-3.0666509023532478,-1.0,1.116567200011076,1.1630214099350942,0.0,6
VIX hedge sleeve,Full-spread post-cost,80,circular_block_bootstrap,60,ok,60,-1.0,1.5873964514650338,-5.920255906850331,-3.0307560984971285,,1.108963755970082,1.12376779086732,0.0,6
VIX hedge sleeve,Full-spread post-cost,81,circular_block_bootstrap,60,ok,60,-1.0,1.6540385130881603,-5.3572138792381185,-2.9619174545592353,,1.108939989600306,1.1106832511780622,-0.0,6
VIX hedge sleeve,Full-spread post-cost,82,circular_block_bootstrap,60,ok,60,-1.0,1.3792890237228908,-7.06233007224292,-3.1312104184603347,-1.0,1.0556391996594297,1.0744656497669567,0.0,6
VIX hedge sleeve,Full-spread post-cost,83,circular_block_bootstrap,60,ok,60,-1.0,1.4870937260956356,-6.391391140487577,-3.0732047996298353,,1.1089387387387388,1.1102408687603955,0.0,6
VIX hedge sleeve,Full-spread post-cost,84,circular_block_bootstrap,60,ok,60,-1.0,1.5930636716154862,-5.703170908435141,-3.008464097717196,-1.0,1.0583986254295532,1.0894362084387672,-0.0,6
VIX hedge sleeve,Full-spread post-cost,85,circular_block_bootstrap,60,ok,60,-1.0,1.6934543032433615,-5.131953346474817,-2.9312437232970234,-1.003276852720113,1.058681027304677,1.1124027463860422,0.0,6
VIX hedge sleeve,Full-spread post-cost,86,circular_block_bootstrap,60,ok,60,-1.0,1.2992845331050444,-7.679156165221299,-3.1854549345158154,,1.0583986254295532,1.0836749363919818,-0.0,6
VIX hedge sleeve,Full-spread post-cost,87,circular_block_bootstrap,60,ok,60,-1.0,1.572928783093532,-5.813230017483035,-3.0182984406290876,-1.0,1.0609268819565796,1.1287024691663996,-0.0,6
VIX hedge sleeve,Full-spread post-cost,88,circular_block_bootstrap,60,ok,60,-1.0,1.3654783878514367,-7.002280000294603,-3.132527947817886,-1.0,1.1089387387387388,1.1224656608456636,0.0,6
VIX hedge sleeve,Full-spread post-cost,89,circular_block_bootstrap,60,ok,60,-1.0,1.4266196104472173,-6.929951901991951,-3.1305815071258265,0.0,1.1089387387387388,1.1102408687603955,0.0,6
VIX hedge sleeve,Full-spread post-cost,90,circular_block_bootstrap,60,ok,60,-1.0,1.4467117043103488,-6.430280865225055,-3.078401207670941,-1.0556183908045977,1.0586797764431097,1.126974634881305,0.0,6
VIX hedge sleeve,Full-spread post-cost,91,circular_block_bootstrap,60,ok,60,-1.0,1.4849862755170609,-6.2394871414678335,-3.0659742418372042,-1.0719624325975046,1.1141222415940224,1.1141222415940224,-0.0,6
VIX hedge sleeve,Full-spread post-cost,92,circular_block_bootstrap,60,ok,60,-1.0,1.4374147418000438,-6.694662685042323,-3.103071043811932,,1.0583986254295532,1.083668682084146,0.0,6
VIX hedge sleeve,Full-spread post-cost,93,circular_block_bootstrap,60,ok,60,-1.0,1.5737436209765079,-5.938170665706759,-3.02752747786078,,1.108939989600306,1.1269829739584194,0.0,6
VIX hedge sleeve,Full-spread post-cost,94,circular_block_bootstrap,60,ok,60,-1.0,1.375368979124037,-7.07044902603119,-3.128328253102309,,1.1116666386683327,1.1630214099350942,0.0,6
VIX hedge sleeve,Full-spread post-cost,95,circular_block_bootstrap,60,ok,60,-1.0,1.5558921044370262,-6.178901245828528,-3.0745172069928404,-1.0006557997625982,1.1116666386683327,1.1630214099350942,-0.0,6
VIX hedge sleeve,Full-spread post-cost,96,circular_block_bootstrap,60,ok,60,-1.0,1.3215744987379536,-7.4856014800069355,-3.176823719290189,0.0,1.108963755970082,1.1237677908673203,-0.0,6
VIX hedge sleeve,Full-spread post-cost,97,circular_block_bootstrap,60,ok,60,-1.0,1.3094492832276532,-7.575596011380776,-3.1722987126281277,,1.108963755970082,1.1208069838878727,0.0,6
VIX hedge sleeve,Full-spread post-cost,98,circular_block_bootstrap,60,ok,60,-1.0,1.5605208581809473,-6.046948593089872,-3.0447868032064473,,1.108939989600306,1.1269829739584194,0.0,6
VIX hedge sleeve,Full-spread post-cost,99,circular_block_bootstrap,60,ok,60,-1.0,1.3754571064123107,-7.35444577193624,-3.1625994772808506,-1.0,1.108939989600306,1.1269829739584194,-0.0,6
VIX hedge sleeve,Full-spread post-cost,100,circular_block_bootstrap,60,ok,60,-1.0,1.486232121714961,-6.415223749226278,-3.0708513314423738,,1.0586797764431097,1.1269746348813052,0.0,6
VIX hedge sleeve,Full-spread post-cost,101,circular_block_bootstrap,60,ok,60,-1.0,1.3553226594941452,-7.262322979937916,-3.1506992681011123,-1.003276852720113,1.109221680251279,1.1304219643743796,-0.0,6
VIX hedge sleeve,Full-spread post-cost,102,circular_block_bootstrap,60,ok,60,-1.0,1.3868972076841963,-6.990572809863526,-3.119291648993405,,1.1089387387387388,1.117956686810022,0.0,6
VIX hedge sleeve,Full-spread post-cost,103,circular_block_bootstrap,60,ok,60,-1.0,1.3646714940798756,-7.194410992803621,-3.1578744601396656,,1.108963755970082,1.135992582952588,0.0,6
VIX hedge sleeve,Full-spread post-cost,104,circular_block_bootstrap,60,ok,60,-1.0,1.250745943179881,-8.181015797926909,-3.206026479685423,-1.0558609112709831,1.109221680251279,1.146721687154737,-0.0,6
VIX hedge sleeve,Full-spread post-cost,105,circular_block_bootstrap,60,ok,60,-1.0,1.4162216574771382,-6.527855125982027,-3.0687391189428546,-1.0087245912579244,1.0561527707776506,1.093819868587438,-0.0,6
VIX hedge sleeve,Full-spread post-cost,106,circular_block_bootstrap,60,ok,60,-1.0,1.3732138990687648,-6.985447303611479,-3.119065653661896,,1.1089387387387388,1.1224656608456636,0.0,6
VIX hedge sleeve,Full-spread post-cost,107,circular_block_bootstrap,60,ok,60,-1.0,1.146554918646874,-8.837002060380211,-3.229663669621375,-1.0,1.0558695941024958,1.1093399112688036,-0.0,6
VIX hedge sleeve,Full-spread post-cost,108,circular_block_bootstrap,60,ok,60,-1.0,1.6822773823203232,-5.674495390771009,-3.0082112540699217,-1.0,1.1141222415940224,1.1385718257645583,0.0,6
VIX hedge sleeve,Full-spread post-cost,109,circular_block_bootstrap,60,ok,60,-1.0,0.9316644816935058,-11.367420671188343,-3.316306724353514,-1.0,1.0561527707776506,1.093819868587438,0.0,6
VIX hedge sleeve,Full-spread post-cost,110,circular_block_bootstrap,60,ok,60,-1.0,1.603353005535334,-5.806332702334351,-3.0143576063258686,,1.1116666386683327,1.1630214099350942,0.0,6
VIX hedge sleeve,Full-spread post-cost,111,circular_block_bootstrap,60,ok,60,-1.0,1.7575123448101186,-4.715539320246749,-2.850620854101961,-1.0,1.108939989600306,1.1287024691663996,0.0,6
VIX hedge sleeve,Full-spread post-cost,112,circular_block_bootstrap,60,ok,60,-1.0,1.6770158199950456,-5.179399494222358,-2.93527373825021,,1.108963755970082,1.1237677908673203,-0.0,6
VIX hedge sleeve,Full-spread post-cost,113,circular_block_bootstrap,60,ok,60,-1.0,1.5227699443070062,-6.187821867280696,-3.0605159766786776,-1.0,1.108939989600306,1.1287024691663996,0.0,6
VIX hedge sleeve,Full-spread post-cost,114,circular_block_bootstrap,60,ok,60,-1.0,1.4903105637681173,-6.1223120122789565,-3.0572548467546588,,1.058514802644371,1.1106749121009478,0.0,6
VIX hedge sleeve,Full-spread post-cost,115,circular_block_bootstrap,60,ok,60,-1.0,1.5058994075721908,-6.2693882538830765,-3.0733064916211434,0.0,1.0609268819565796,1.1287024691663996,-0.0,6
VIX hedge sleeve,Full-spread post-cost,116,circular_block_bootstrap,60,ok,60,-1.0,1.51292374503301,-6.268290957520109,-3.0803931946751186,-1.0,1.0609256310950126,1.1123944073089278,-0.0,6
VIX hedge sleeve,Full-spread post-cost,117,circular_block_bootstrap,60,ok,60,-1.0,1.5034426793765452,-6.133860057016361,-3.0505674213845624,-1.0002143575695066,1.109221680251279,1.146721687154737,-0.0,6
VIX hedge sleeve,Full-spread post-cost,118,circular_block_bootstrap,60,ok,60,-1.0,1.5646874882532955,-6.11885921996076,-3.0560088165154875,-1.0090366764221381,1.109221680251279,1.1304219643743796,-0.0,6
VIX hedge sleeve,Full-spread post-cost,119,circular_block_bootstrap,60,ok,60,-1.0,1.3451246269094168,-7.295237494104862,-3.1500889420209215,,1.0583986254295532,1.0786146707532274,-0.0,6
VIX hedge sleeve,Full-spread post-cost,120,circular_block_bootstrap,60,ok,60,-1.0,1.531499340078671,-6.1262241021518715,-3.0591633743421447,,1.109221680251279,1.146721687154737,0.0,6
VIX hedge sleeve,Full-spread post-cost,121,circular_block_bootstrap,60,ok,60,-1.0,1.4811674189211128,-6.263982482223299,-3.0618968526998094,-1.0,1.0561527707776506,1.0955477028725327,-0.0,6
VIX hedge sleeve,Full-spread post-cost,122,circular_block_bootstrap,60,ok,60,-1.0,1.320734803868655,-7.643758741647309,-3.18151369328123,-1.1141222415940224,1.116567200011076,1.1630214099350942,-0.0,6
VIX hedge sleeve,Full-spread post-cost,123,circular_block_bootstrap,60,ok,60,-1.0,1.1104259480113667,-9.455183991348358,-3.273680230747445,,1.0560345679012346,1.0681249141454559,0.0,6
VIX hedge sleeve,Full-spread post-cost,124,circular_block_bootstrap,60,ok,60,-1.0,1.370799969147399,-7.12156478978217,-3.1539545332921213,-1.0002143575695066,1.0583986254295532,1.0849708121058026,-0.0,6
VIX hedge sleeve,Full-spread post-cost,125,circular_block_bootstrap,60,ok,60,-1.0,1.4906427578743247,-6.34503290931358,-3.08427793146613,-1.0,1.0583986254295532,1.0971956041910707,-0.0,6
VIX hedge sleeve,Full-spread post-cost,126,circular_block_bootstrap,60,ok,60,-1.0,1.6954103127027649,-5.217650215261518,-2.9453965560190887,-1.0719624325975046,1.1141222415940224,1.1141222415940224,-0.0,6
VIX hedge sleeve,Full-spread post-cost,127,circular_block_bootstrap,60,ok,60,-1.0,1.58930180279879,-5.686570989340901,-2.997799203118602,,1.0561527707776506,1.093819868587438,0.0,6
VIX hedge sleeve,Full-spread post-cost,128,circular_block_bootstrap,60,ok,60,-1.0,0.9563020533439753,-10.911664252148084,-3.3130677905972106,-1.0,1.0561527707776506,1.076973164151043,-0.0,6
VIX hedge sleeve,Full-spread post-cost,129,circular_block_bootstrap,60,ok,60,-1.0,1.5881013063568419,-5.840651512882011,-3.030928420999456,,1.109221680251279,1.1304219643743796,-0.0,6
VIX hedge sleeve,Full-spread post-cost,130,circular_block_bootstrap,60,ok,60,-1.0,1.3812154790863513,-6.993696528239625,-3.1366587192636577,-1.0,1.0583986254295532,1.0971956041910707,0.0,6
VIX hedge sleeve,Full-spread post-cost,131,circular_block_bootstrap,60,ok,60,-1.0,1.3415095835975335,-7.614363751443937,-3.1863861520164476,,1.0583986254295532,1.0710336537568497,0.0,6
VIX hedge sleeve,Full-spread post-cost,132,circular_block_bootstrap,60,ok,60,-1.0,1.2943969477036161,-7.995514711657947,-3.1976726860525453,,1.108963755970082,1.135992582952588,-0.0,6
VIX hedge sleeve,Full-spread post-cost,133,circular_block_bootstrap,60,ok,60,-1.0,1.311393920417535,-7.883590676960481,-3.19921920955026,,1.108963755970082,1.130586817556087,-0.0,6
VIX hedge sleeve,Full-spread post-cost,134,circular_block_bootstrap,60,ok,60,-1.0,1.3855954416237584,-7.05922445000403,-3.1392177758614603,,1.1141222415940224,1.1385718257645583,-0.0,6
VIX hedge sleeve,Full-spread post-cost,135,circular_block_bootstrap,60,ok,60,-1.0,1.2380451424402812,-8.371451128503598,-3.2125912326755923,,1.0609256310950126,1.126974634881305,0.0,6
VIX hedge sleeve,Full-spread post-cost,136,circular_block_bootstrap,60,ok,60,-1.0,1.5023235996170488,-6.332327710180827,-3.0773865224273504,-1.0,1.109221680251279,1.1304219643743796,0.0,6
VIX hedge sleeve,Full-spread post-cost,137,circular_block_bootstrap,60,ok,60,-1.0,1.6879183807648894,-5.17075527312959,-2.923499293669009,,1.1089387387387388,1.1110121398808521,-0.0,6
VIX hedge sleeve,Full-spread post-cost,138,circular_block_bootstrap,60,ok,60,-1.0,1.0981537974342375,-9.65528943042398,-3.2753898939072426,,1.108939989600306,1.1287024691663996,0.0,6
VIX hedge sleeve,Full-spread post-cost,139,circular_block_bootstrap,60,ok,60,-1.0,0.8821609216306405,-12.646700404863209,-3.3534603745655747,-1.0,1.109221680251279,1.146721687154737,0.0,6
VIX hedge sleeve,Full-spread post-cost,140,circular_block_bootstrap,60,ok,60,-1.0,1.1050078138635748,-9.309716980644495,-3.2598055709597658,,1.108939989600306,1.1450021919467568,-0.0,6
VIX hedge sleeve,Full-spread post-cost,141,circular_block_bootstrap,60,ok,60,-1.0,1.5332841150710812,-6.056462553819532,-3.047066080123331,-1.0,1.1089387387387388,1.1224656608456636,0.0,6
VIX hedge sleeve,Full-spread post-cost,142,circular_block_bootstrap,60,ok,60,-1.0,1.3290936195798397,-7.150200808791301,-3.1455087521756973,,1.0561527707776506,1.093819868587438,0.0,6
VIX hedge sleeve,Full-spread post-cost,143,circular_block_bootstrap,60,ok,60,-1.0,1.509975097024614,-6.423957858586855,-3.0868184178090656,,1.108963755970082,1.135992582952588,-0.0,6
VIX hedge sleeve,Full-spread post-cost,144,circular_block_bootstrap,60,ok,60,-1.0,1.15141479069188,-8.74047771240764,-3.244530601955338,,1.0609268819565796,1.1287024691663996,-0.0,6
VIX hedge sleeve,Full-spread post-cost,145,circular_block_bootstrap,60,ok,60,-1.0,1.725698083556632,-5.157270029792587,-2.937865582674056,-1.0,1.109221680251279,1.146721687154737,-0.0,6
VIX hedge sleeve,Full-spread post-cost,146,circular_block_bootstrap,60,ok,60,-1.0,1.5320436946863412,-6.01152610484195,-3.030884703740682,-1.0,1.1089387387387388,1.1089387387387388,0.0,6
VIX hedge sleeve,Full-spread post-cost,147,circular_block_bootstrap,60,ok,60,-1.0,1.381564316593482,-7.357891216932188,-3.16234606582417,-1.1141222415940224,1.109221680251279,1.146721687154737,-0.0,6
VIX hedge sleeve,Full-spread post-cost,148,circular_block_bootstrap,60,ok,60,-1.0,1.3712051151782294,-7.038118215508061,-3.1385260593536413,-1.0,1.0586797764431097,1.126974634881305,-0.0,6
VIX hedge sleeve,Full-spread post-cost,149,circular_block_bootstrap,60,ok,60,-1.0,1.5400532296725458,-5.978734514227661,-3.0245709172168236,-1.0087245912579244,1.108939989600306,1.1287024691663996,0.0,6
VIX hedge sleeve,Full-spread post-cost,150,circular_block_bootstrap,60,ok,60,-1.0,1.4458830687540576,-6.836046771219887,-3.125829221050217,-1.0,1.108939989600306,1.1269829739584194,0.0,6
VIX hedge sleeve,Full-spread post-cost,151,circular_block_bootstrap,60,ok,60,-1.0,1.4485593456688364,-6.615498632125497,-3.1106539545728236,,1.0611848062377767,1.1141222415940224,-0.0,6
VIX hedge sleeve,Full-spread post-cost,152,circular_block_bootstrap,60,ok,60,-1.0,1.233445611417907,-8.522696148675015,-3.2292869701712292,,1.1116666386683327,1.1630214099350942,0.0,6
VIX hedge sleeve,Full-spread post-cost,153,circular_block_bootstrap,60,ok,60,-1.0,1.3564336085164341,-7.084015428566087,-3.140107397826063,,1.0561527707776506,1.0938282076645525,0.0,6
VIX hedge sleeve,Full-spread post-cost,154,circular_block_bootstrap,60,ok,60,-1.0,1.421041013600804,-6.723266993035429,-3.109562056075033,0.0,1.1141222415940224,1.1385718257645583,-0.0,6
VIX hedge sleeve,Full-spread post-cost,155,circular_block_bootstrap,60,ok,60,-1.0,1.5711106130953907,-5.735217843754816,-3.007456314703394,,1.0537414320987655,1.0744573106898423,-0.0,6
VIX hedge sleeve,Full-spread post-cost,156,circular_block_bootstrap,60,ok,60,-1.0,1.2332005352111641,-8.191929580716552,-3.2130689560959524,-1.0,1.0583986254295532,1.0971893498832348,0.0,6
VIX hedge sleeve,Full-spread post-cost,157,circular_block_bootstrap,60,ok,60,-1.0,1.3211715594323659,-7.708626276907949,-3.1801352997983603,-1.0,1.1630214099350942,1.1630214099350942,-0.0,6
VIX hedge sleeve,Full-spread post-cost,158,circular_block_bootstrap,60,ok,60,-1.0,1.1177902413372236,-9.330910445384738,-3.2661246628933065,0.0,1.109221680251279,1.146721687154737,0.0,6
VIX hedge sleeve,Full-spread post-cost,159,circular_block_bootstrap,60,ok,60,-1.0,1.4130249711604415,-6.754517508393758,-3.1169889730632385,-1.0,1.0556391996594297,1.0744573106898423,-0.0,6
VIX hedge sleeve,Full-spread post-cost,160,circular_block_bootstrap,60,ok,60,-1.0,1.2874314650893406,-7.901235234512304,-3.1865846732433964,,1.109221680251279,1.146721687154737,0.0,6
VIX hedge sleeve,Full-spread post-cost,161,circular_block_bootstrap,60,ok,60,-1.0,1.252232297075148,-7.888875746039314,-3.1912870491648295,-1.0,1.0583986254295532,1.0849645577979667,-0.0,6
VIX hedge sleeve,Full-spread post-cost,162,circular_block_bootstrap,60,ok,60,-1.0,1.5174004049849823,-6.150830646091432,-3.064202088191295,-1.0,1.116567200011076,1.1630214099350942,-0.0,6
VIX hedge sleeve,Full-spread post-cost,163,circular_block_bootstrap,60,ok,60,-1.0,1.577723504616569,-5.447397437869125,-2.9545480520816754,-1.0087245912579244,1.0087245912579244,1.0377466506506505,-0.0,6
VIX hedge sleeve,Full-spread post-cost,164,circular_block_bootstrap,60,ok,60,-1.0,1.361944315876842,-7.054259975064676,-3.138815349426081,-1.0,1.0536207407407407,1.0692455284700255,-0.0,6
VIX hedge sleeve,Full-spread post-cost,165,circular_block_bootstrap,60,ok,60,-1.0,1.578389729827031,-5.692198893934698,-3.010372383002541,0.0,1.0561527707776506,1.093819868587438,-0.0,6
VIX hedge sleeve,Full-spread post-cost,166,circular_block_bootstrap,60,ok,60,-1.0,1.333069497043494,-7.459739220907167,-3.175628311583271,-1.0,1.109221680251279,1.1304219643743796,0.0,6
VIX hedge sleeve,Full-spread post-cost,167,circular_block_bootstrap,60,ok,60,-1.0,1.4765303818492106,-6.429311787589875,-3.0942204849888277,-1.0090366764221381,1.108939989600306,1.1287024691663996,0.0,6
VIX hedge sleeve,Full-spread post-cost,168,circular_block_bootstrap,60,ok,60,-1.0,1.4881836768031045,-6.361221434922159,-3.0841936394170704,,1.0583986254295532,1.079651371324284,0.0,6
VIX hedge sleeve,Full-spread post-cost,169,circular_block_bootstrap,60,ok,60,-1.0,0.8362444368852516,-12.862153976653575,-3.3467985838323075,,1.1141222415940224,1.1263470336792902,0.0,6
VIX hedge sleeve,Full-spread post-cost,170,circular_block_bootstrap,60,ok,60,-1.0,1.4232004422919222,-6.578164405746836,-3.091014954933543,,1.0609256310950126,1.1106665730238332,0.0,6
VIX hedge sleeve,Full-spread post-cost,171,circular_block_bootstrap,60,ok,60,-1.0,1.2412279939406194,-7.8743545496342575,-3.1923551294378862,-1.0558609112709831,1.116567200011076,1.1630214099350942,-0.0,6
VIX hedge sleeve,Full-spread post-cost,172,circular_block_bootstrap,60,ok,60,-1.0,1.11692649577032,-9.767204841270482,-3.286017181669877,,1.109221680251279,1.146721687154737,0.0,6
VIX hedge sleeve,Full-spread post-cost,173,circular_block_bootstrap,60,ok,60,-1.0,1.5826445909894102,-5.711288090554472,-3.0064082607142883,,1.0563866406406406,1.1269746348813052,-0.0,6
VIX hedge sleeve,Full-spread post-cost,174,circular_block_bootstrap,60,ok,60,-1.0,1.4494997320108085,-6.608848534460876,-3.0941168383944735,-1.0,1.108939989600306,1.1287024691663996,-0.0,6
VIX hedge sleeve,Full-spread post-cost,175,circular_block_bootstrap,60,ok,60,-1.0,1.7398022041718333,-4.653259845379445,-2.836101530803877,-1.0,1.1089387387387388,1.1102408687603955,-0.0,6
VIX hedge sleeve,Full-spread post-cost,176,circular_block_bootstrap,60,ok,60,-1.0,1.5270596489261792,-6.247596558538392,-3.0538678481521275,-1.0,1.109221680251279,1.146721687154737,0.0,6
VIX hedge sleeve,Full-spread post-cost,177,circular_block_bootstrap,60,ok,60,-1.0,1.655356134709922,-5.328682207872016,-2.964069618783502,-1.0,1.0611848062377767,1.1141222415940224,-0.0,6
VIX hedge sleeve,Full-spread post-cost,178,circular_block_bootstrap,60,ok,60,-1.0,1.4129174552094956,-6.975510318285176,-3.1421007129966108,,1.0609268819565796,1.1287024691663996,-0.0,6
VIX hedge sleeve,Full-spread post-cost,179,circular_block_bootstrap,60,ok,60,-1.0,1.6067278732717842,-5.618821066918078,-3.0034677773856853,-1.0,1.0561527707776506,1.093819868587438,-0.0,6
VIX hedge sleeve,Full-spread post-cost,180,circular_block_bootstrap,60,ok,60,-1.0,1.4072072796252175,-6.720670462309477,-3.1165550497790897,-1.0,1.108939989600306,1.1124027463860422,0.0,6
VIX hedge sleeve,Full-spread post-cost,181,circular_block_bootstrap,60,ok,60,-1.0,1.3573388630802765,-7.217315242197647,-3.1539772533649812,-1.0,1.0609256310950126,1.1123944073089278,0.0,6
VIX hedge sleeve,Full-spread post-cost,182,circular_block_bootstrap,60,ok,60,-1.0,1.6714302182481513,-5.272931134200502,-2.945920348404568,,1.0561527707776506,1.093819868587438,-0.0,6
VIX hedge sleeve,Full-spread post-cost,183,circular_block_bootstrap,60,ok,60,-1.0,1.5001016313592115,-6.473663195583814,-3.0899722519161346,-1.0090366764221381,1.1116666386683327,1.1630214099350942,-0.0,6
VIX hedge sleeve,Full-spread post-cost,184,circular_block_bootstrap,60,ok,60,-1.0,1.1988318980864494,-8.56739099610273,-3.2251763030280767,,1.0560345679012346,1.0698516249926904,-0.0,6
VIX hedge sleeve,Full-spread post-cost,185,circular_block_bootstrap,60,ok,60,-1.0,1.4757084636682998,-6.567589122815776,-3.090711097946878,-1.0,1.0609256310950126,1.126974634881305,0.0,6
VIX hedge sleeve,Full-spread post-cost,186,circular_block_bootstrap,60,ok,60,-1.0,1.6348067243743771,-5.481883159843471,-2.977808693544008,,1.108963755970082,1.12376779086732,0.0,6
VIX hedge sleeve,Full-spread post-cost,187,circular_block_bootstrap,60,ok,60,-1.0,0.7293686371779938,-14.827095356713766,-3.374716860500493,-1.0556183908045977,1.109221680251279,1.1304219643743796,0.0,6
VIX hedge sleeve,Full-spread post-cost,188,circular_block_bootstrap,60,ok,60,-1.0,1.494739573416482,-6.379620793819156,-3.0943929524823464,,1.058938951585874,1.1141222415940224,0.0,6
VIX hedge sleeve,Full-spread post-cost,189,circular_block_bootstrap,60,ok,60,-1.0,1.3954197425848254,-7.230961065499721,-3.1591715323473695,,1.1141222415940224,1.1385718257645583,0.0,6
VIX hedge sleeve,Full-spread post-cost,190,circular_block_bootstrap,60,ok,60,-1.0,1.4060529298153215,-6.966383299302916,-3.1309908286520924,,1.1089387387387388,1.1224656608456636,-0.0,6
VIX hedge sleeve,Full-spread post-cost,191,circular_block_bootstrap,60,ok,60,-1.0,1.3593644785480963,-7.122360683265561,-3.1466821288155375,-1.0719624325975046,1.109197913881503,1.1141222415940224,0.0,6
VIX hedge sleeve,Full-spread post-cost,192,circular_block_bootstrap,60,ok,60,-1.0,1.480271158531487,-6.3179698209043,-3.0641613445824283,,1.0609256310950126,1.1089387387387388,-0.0,6
VIX hedge sleeve,Full-spread post-cost,193,circular_block_bootstrap,60,ok,60,-1.0,1.382293500526787,-6.802035978924705,-3.120594231740048,,1.0557574025358456,1.0955477028725327,0.0,6
VIX hedge sleeve,Full-spread post-cost,194,circular_block_bootstrap,60,ok,60,-1.0,1.4907309333075514,-6.717685683958786,-3.1147411430644447,,1.108963755970082,1.135992582952588,-0.0,6
VIX hedge sleeve,Full-spread post-cost,195,circular_block_bootstrap,60,ok,60,-1.0,1.537284066107778,-6.021865667451112,-3.0542443396522647,0.0,1.109221680251279,1.1304219643743796,0.0,6
VIX hedge sleeve,Full-spread post-cost,196,circular_block_bootstrap,60,ok,60,-1.0,1.367625825523532,-7.156639360715136,-3.1331971470343825,0.0,1.1089387387387388,1.117956686810022,-0.0,6
VIX hedge sleeve,Full-spread post-cost,197,circular_block_bootstrap,60,ok,60,-1.0,1.4721281002814326,-6.552635967622679,-3.09871232936454,,1.109221680251279,1.146721687154737,-0.0,6
VIX hedge sleeve,Full-spread post-cost,198,circular_block_bootstrap,60,ok,60,-1.0,1.1910139345380584,-8.732920713571092,-3.239582780233785,,1.116567200011076,1.1630214099350942,0.0,6
VIX hedge sleeve,Full-spread post-cost,199,circular_block_bootstrap,60,ok,60,-1.0,1.3474420857681095,-7.277695126693025,-3.1563700225203157,-1.0,1.1089387387387388,1.1115304901663805,0.0,6
VIX hedge sleeve,Full-spread post-cost,200,circular_block_bootstrap,60,ok,60,-1.0,1.4969597767929803,-6.6743370312463846,-3.113508306053709,-1.0,1.109221680251279,1.146721687154737,0.0,6
VIX hedge sleeve,Full-spread post-cost,201,circular_block_bootstrap,60,ok,60,-1.0,1.6586397254877352,-5.466121746257078,-2.9753039616730526,-1.0,1.108963755970082,1.135992582952588,0.0,6
VIX hedge sleeve,Full-spread post-cost,202,circular_block_bootstrap,60,ok,60,-1.0,1.5749580217415082,-5.894135292206859,-3.0356892553994257,,1.109221680251279,1.1304219643743796,-0.0,6
VIX hedge sleeve,Full-spread post-cost,203,circular_block_bootstrap,60,ok,60,-1.0,0.8201710190007597,-12.945349879532568,-3.349171214797187,-1.0,1.0561527707776506,1.0752453298659483,-0.0,6
VIX hedge sleeve,Full-spread post-cost,204,circular_block_bootstrap,60,ok,60,-1.0,1.5688192939128573,-5.89524885481327,-3.0226389223597954,-1.0,1.0556183908045977,1.08487031619931,-0.0,6
VIX hedge sleeve,Full-spread post-cost,205,circular_block_bootstrap,60,ok,60,-1.0,1.414458320579694,-6.837992701035882,-3.1190437294698268,,1.0609256310950126,1.1269746348813052,-0.0,6
VIX hedge sleeve,Full-spread post-cost,206,circular_block_bootstrap,60,ok,60,-1.0,1.5125603293078262,-6.141469257670879,-3.065399000049792,,1.109197913881503,1.1141222415940224,0.0,6
VIX hedge sleeve,Full-spread post-cost,207,circular_block_bootstrap,60,ok,60,-1.0,1.301785704724698,-7.848497496266777,-3.1941649702268995,,1.108939989600306,1.1287024691663996,0.0,6
VIX hedge sleeve,Full-spread post-cost,208,circular_block_bootstrap,60,ok,60,-1.0,1.5457585224258314,-5.857985131167384,-3.0206261398208722,-1.0087245912579244,1.0583986254295532,1.0836749363919818,-0.0,6
VIX hedge sleeve,Full-spread post-cost,209,circular_block_bootstrap,60,ok,60,-1.0,1.6168068437144534,-5.812038850289166,-3.0331945392705895,0.0,1.1141222415940224,1.1304219643743796,-0.0,6
VIX hedge sleeve,Full-spread post-cost,210,circular_block_bootstrap,60,ok,60,-1.0,1.5718405197171232,-5.825313420744409,-3.0146359130259044,-1.0,1.109221680251279,1.146721687154737,-0.0,6
VIX hedge sleeve,Full-spread post-cost,211,circular_block_bootstrap,60,ok,60,-1.0,1.4430861083322464,-6.622568401772685,-3.1047821434838654,-1.003276852720113,1.0560345679012346,1.0711475007065112,-0.0,6
VIX hedge sleeve,Full-spread post-cost,212,circular_block_bootstrap,60,ok,60,-1.0,1.6027088170000838,-5.671849420791179,-3.006567785921702,0.0,1.0560345679012346,1.0711475007065112,-0.0,6
VIX hedge sleeve,Full-spread post-cost,213,circular_block_bootstrap,60,ok,60,-1.0,1.5174805193257421,-6.2413718893784305,-3.0708678149427038,-1.0,1.1141222415940224,1.1385718257645583,-0.0,6
VIX hedge sleeve,Full-spread post-cost,214,circular_block_bootstrap,60,ok,60,-1.0,1.49965503190428,-6.536224266574607,-3.0896579071452313,0.0,1.108939989600306,1.1269829739584194,0.0,6
VIX hedge sleeve,Full-spread post-cost,215,circular_block_bootstrap,60,ok,60,-1.0,1.3744060524162756,-6.910461365851113,-3.1230391482394007,0.0,1.1089387387387388,1.1115304901663805,-0.0,6
VIX hedge sleeve,Full-spread post-cost,216,circular_block_bootstrap,60,ok,60,-1.0,1.6134491743598924,-5.744103219214251,-3.013378807219414,,1.109221680251279,1.1304219643743796,0.0,6
VIX hedge sleeve,Full-spread post-cost,217,circular_block_bootstrap,60,ok,60,-1.0,1.2258151093157876,-8.553674186448218,-3.2307348316676947,,1.108963755970082,1.135992582952588,0.0,6
VIX hedge sleeve,Full-spread post-cost,218,circular_block_bootstrap,60,ok,60,-1.0,1.5333256159788862,-6.409062973300228,-3.090866738255975,-1.0006557997625982,1.1630214099350942,1.1630214099350942,-0.0,6
VIX hedge sleeve,Full-spread post-cost,219,circular_block_bootstrap,60,ok,60,-1.0,1.1872732539687791,-8.53707752006805,-3.2262197979815297,-1.0,1.0609256310950126,1.1106665730238332,-0.0,6
VIX hedge sleeve,Full-spread post-cost,220,circular_block_bootstrap,60,ok,60,-1.0,1.392114906483304,-7.112946262331846,-3.15046328608133,-1.0719624325975046,1.1141222415940224,1.1385718257645583,0.0,6
VIX hedge sleeve,Full-spread post-cost,221,circular_block_bootstrap,60,ok,60,-1.0,1.4573334719669389,-6.773659985888241,-3.119319178645844,,1.0586797764431097,1.1089470778158532,-0.0,6
VIX hedge sleeve,Full-spread post-cost,222,circular_block_bootstrap,60,ok,60,-1.0,1.5551440988341727,-5.736898412909428,-3.012041256015979,0.0,1.058285659062872,1.1106832511780622,0.0,6
VIX hedge sleeve,Full-spread post-cost,223,circular_block_bootstrap,60,ok,60,-1.0,1.2484560113784893,-8.364383641680831,-3.2239321365634277,,1.116567200011076,1.1630214099350942,0.0,6
VIX hedge sleeve,Full-spread post-cost,224,circular_block_bootstrap,60,ok,60,-1.0,1.2301942973505489,-8.152582642276226,-3.2082934830914818,0.0,1.0561527707776506,1.0752536689430627,-0.0,6
VIX hedge sleeve,Full-spread post-cost,225,circular_block_bootstrap,60,ok,60,-1.0,1.499810031840499,-6.3784424012503225,-3.0813621184768993,-1.0,1.1141222415940224,1.133681908930451,-0.0,6
VIX hedge sleeve,Full-spread post-cost,226,circular_block_bootstrap,60,ok,60,-1.0,1.692794575371499,-5.406028825834998,-2.96575379271481,-1.0,1.116567200011076,1.1630214099350942,-0.0,6
VIX hedge sleeve,Full-spread post-cost,227,circular_block_bootstrap,60,ok,60,-1.0,1.5433540098445653,-6.286727778709719,-3.0708660372070264,0.0,1.108963755970082,1.1269829739584194,-0.0,6
VIX hedge sleeve,Full-spread post-cost,228,circular_block_bootstrap,60,ok,60,-1.0,1.232412209291069,-8.169402013507918,-3.2057367989588412,-1.0,1.0609256310950126,1.1106665730238332,0.0,6
VIX hedge sleeve,Full-spread post-cost,229,circular_block_bootstrap,60,ok,60,-1.0,1.349053402248728,-7.220243342250732,-3.1366435568447724,-1.0,1.058681027304677,1.1287024691663996,0.0,6
VIX hedge sleeve,Full-spread post-cost,230,circular_block_bootstrap,60,ok,60,-1.0,1.1773675146897122,-8.687526737352433,-3.225043248412846,,1.1089387387387388,1.1089387387387388,0.0,6
VIX hedge sleeve,Full-spread post-cost,231,circular_block_bootstrap,60,ok,60,-1.0,1.5793262771350944,-5.867528196791319,-3.033995983642631,0.0,1.0611848062377767,1.1141222415940224,-0.0,6
VIX hedge sleeve,Full-spread post-cost,232,circular_block_bootstrap,60,ok,60,-1.0,1.2697267243564898,-7.843846050672541,-3.195787109689892,,1.0609256310950126,1.1123944073089278,0.0,6
VIX hedge sleeve,Full-spread post-cost,233,circular_block_bootstrap,60,ok,60,-1.0,1.3400131356190195,-7.583025784775597,-3.1793010264707724,,1.1116666386683327,1.1630214099350942,0.0,6
VIX hedge sleeve,Full-spread post-cost,234,circular_block_bootstrap,60,ok,60,-1.0,1.4131470220745392,-6.823786025718322,-3.1083421943250222,0.0,1.109221680251279,1.146721687154737,0.0,6
VIX hedge sleeve,Full-spread post-cost,235,circular_block_bootstrap,60,ok,60,-1.0,1.3338556522988507,-7.412615520991546,-3.1679394227178594,0.0,1.0609256310950126,1.1269746348813052,-0.0,6
VIX hedge sleeve,Full-spread post-cost,236,circular_block_bootstrap,60,ok,60,-1.0,1.345109350056711,-7.237726462566932,-3.145820105231324,-1.0006557997625982,1.1116666386683327,1.1630214099350942,-0.0,6
VIX hedge sleeve,Full-spread post-cost,237,circular_block_bootstrap,60,ok,60,-1.0,0.8526749500855372,-12.534112290754308,-3.3418319742605207,,1.108939989600306,1.1450021919467568,0.0,6
VIX hedge sleeve,Full-spread post-cost,238,circular_block_bootstrap,60,ok,60,-1.0,1.5401004045976667,-5.929071458247987,-3.0398383697502402,,1.0583986254295532,1.0849645577979667,0.0,6
VIX hedge sleeve,Full-spread post-cost,239,circular_block_bootstrap,60,ok,60,-1.0,1.3320978561473893,-7.531782077301304,-3.1702176195023455,,1.109221680251279,1.146721687154737,-0.0,6
VIX hedge sleeve,Full-spread post-cost,240,circular_block_bootstrap,60,ok,60,-1.0,1.435148080942565,-6.401161523306352,-3.0858375220663126,,1.0004362295628961,1.0755340229118007,-0.0,6
VIX hedge sleeve,Full-spread post-cost,241,circular_block_bootstrap,60,ok,60,-1.0,1.8006412025362217,-4.501844636806022,-2.824105922595558,-1.0002143575695066,1.1141222415940224,1.1141222415940224,0.0,6
VIX hedge sleeve,Full-spread post-cost,242,circular_block_bootstrap,60,ok,60,-1.0,1.2487163505646752,-8.18488628755259,-3.2105185901332076,-1.0,1.0583986254295532,1.0710336537568497,-0.0,6
VIX hedge sleeve,Full-spread post-cost,243,circular_block_bootstrap,60,ok,60,-1.0,1.5280545790059346,-6.046689362466116,-3.0472668847432076,-1.0,1.1089387387387388,1.1102408687603955,-0.0,6
VIX hedge sleeve,Full-spread post-cost,244,circular_block_bootstrap,60,ok,60,-1.0,1.4218360745608627,-6.83260206418292,-3.1159208916267276,-1.0087245912579244,1.109221680251279,1.146721687154737,-0.0,6
VIX hedge sleeve,Full-spread post-cost,245,circular_block_bootstrap,60,ok,60,-1.0,1.0870022859718425,-9.433588777031304,-3.267418839560553,0.0,1.1089387387387388,1.1207919735490666,0.0,6
VIX hedge sleeve,Full-spread post-cost,246,circular_block_bootstrap,60,ok,60,-1.0,1.328537167601974,-7.423747879536681,-3.1749990529187055,-1.0719624325975046,1.0609268819565796,1.1124027463860422,-0.0,6
VIX hedge sleeve,Full-spread post-cost,247,circular_block_bootstrap,60,ok,60,-1.0,1.4594177341371728,-6.61166671377057,-3.1040122471228906,0.0,1.108963755970082,1.135992582952588,-0.0,6
VIX hedge sleeve,Full-spread post-cost,248,circular_block_bootstrap,60,ok,60,-1.0,1.4527487457016257,-6.416473878809184,-3.0922060336414563,-1.1141222415940224,1.0583986254295532,1.0806880718953409,-0.0,6
VIX hedge sleeve,Full-spread post-cost,249,circular_block_bootstrap,60,ok,60,-1.0,1.7084231906955811,-5.130701426090896,-2.9289627538308114,,1.108963755970082,1.1237677908673203,0.0,6
VIX hedge sleeve,Full-spread post-cost,250,circular_block_bootstrap,60,ok,60,-1.0,1.3157707442470619,-7.589947197295166,-3.165755382729604,-1.0,1.1089387387387388,1.1197602764242787,0.0,6
VIX hedge sleeve,Full-spread post-cost,251,circular_block_bootstrap,60,ok,60,-1.0,1.4529346892970245,-6.710993797730909,-3.1041809921114587,,1.108963755970082,1.12376779086732,0.0,6
VIX hedge sleeve,Full-spread post-cost,252,circular_block_bootstrap,60,ok,60,-1.0,1.0915501958755836,-9.456535799419322,-3.264883025981096,-1.0,1.0536207407407407,1.054815211912944,-0.0,6
VIX hedge sleeve,Full-spread post-cost,253,circular_block_bootstrap,60,ok,60,-1.0,1.6097660882753289,-5.562184100411974,-2.9708058466996516,,1.108939989600306,1.1287024691663996,0.0,6
VIX hedge sleeve,Full-spread post-cost,254,circular_block_bootstrap,60,ok,60,-1.0,1.4588549805736308,-6.461448121151933,-3.0913005024277687,-1.0,1.0558695941024958,1.0761851449749367,-0.0,6
VIX hedge sleeve,Full-spread post-cost,255,circular_block_bootstrap,60,ok,60,-1.0,1.6710705071535743,-5.320537115000149,-2.933161590796958,,1.108939989600306,1.1287024691663996,-0.0,6
VIX hedge sleeve,Full-spread post-cost,256,circular_block_bootstrap,60,ok,60,-1.0,1.4328531442855112,-6.692189328868458,-3.1064172426201573,,1.0561527707776506,1.0920920343023435,-0.0,6
VIX hedge sleeve,Full-spread post-cost,257,circular_block_bootstrap,60,ok,60,-1.0,1.5486891924856854,-6.181565362921383,-3.060309985965167,,1.108963755970082,1.135992582952588,-0.0,6
VIX hedge sleeve,Full-spread post-cost,258,circular_block_bootstrap,60,ok,60,-1.0,1.3770579515274965,-6.9347483451267316,-3.133686461116823,,1.0558695941024958,1.0744656497669567,0.0,6
VIX hedge sleeve,Full-spread post-cost,259,circular_block_bootstrap,60,ok,60,-1.0,1.2760849238425709,-7.673556528273275,-3.1833392829464247,,1.0561527707776506,1.0583986254295532,-0.0,6
VIX hedge sleeve,Full-spread post-cost,260,circular_block_bootstrap,60,ok,60,-1.0,1.1137784200554492,-9.56168088962788,-3.268530720109241,0.0,1.1116666386683327,1.1630214099350942,-0.0,6
VIX hedge sleeve,Full-spread post-cost,261,circular_block_bootstrap,60,ok,60,-1.0,1.500102389727645,-6.099310439024944,-3.0458553806726707,-1.0,1.0586797764431097,1.1106665730238332,-0.0,6
VIX hedge sleeve,Full-spread post-cost,262,circular_block_bootstrap,60,ok,60,-1.0,1.623472693566533,-5.801477834795844,-3.016460424844667,-1.003276852720113,1.116567200011076,1.1630214099350942,0.0,6
VIX hedge sleeve,Full-spread post-cost,263,circular_block_bootstrap,60,ok,60,-1.0,1.200939987567064,-8.587746334582791,-3.239213214872262,-1.0719624325975046,1.0609256310950126,1.1123944073089278,0.0,6
VIX hedge sleeve,Full-spread post-cost,264,circular_block_bootstrap,60,ok,60,-1.0,1.4165196922732692,-6.887588584264487,-3.1223130515230415,,1.0609268819565796,1.1287024691663996,0.0,6
VIX hedge sleeve,Full-spread post-cost,265,circular_block_bootstrap,60,ok,60,-1.0,1.4284889089931045,-6.842327155014629,-3.13307006758864,-1.0,1.109221680251279,1.1304219643743796,-0.0,6
VIX hedge sleeve,Full-spread post-cost,266,circular_block_bootstrap,60,ok,60,-1.0,1.5619592787301984,-5.6716949838587825,-2.9880362032592607,-1.0,1.1089387387387388,1.1102346144525597,0.0,6
VIX hedge sleeve,Full-spread post-cost,267,circular_block_bootstrap,60,ok,60,-1.0,1.5933967829851992,-5.879529037229957,-3.022905858000175,0.0,1.109221680251279,1.146721687154737,-0.0,6
VIX hedge sleeve,Full-spread post-cost,268,circular_block_bootstrap,60,ok,60,-1.0,1.3707813202656878,-7.127255330628167,-3.1525433145631085,-1.0,1.0609256310950126,1.1123944073089278,0.0,6
VIX hedge sleeve,Full-spread post-cost,269,circular_block_bootstrap,60,ok,60,-1.0,1.3004757694499305,-7.889999834600497,-3.19371827921121,,1.0561527707776506,1.076973164151043,0.0,6
VIX hedge sleeve,Full-spread post-cost,270,circular_block_bootstrap,60,ok,60,-1.0,1.3850878514218647,-6.806885653508002,-3.1154623964203627,0.0,1.0609256310950126,1.1106749121009478,0.0,6
VIX hedge sleeve,Full-spread post-cost,271,circular_block_bootstrap,60,ok,60,-1.0,1.6527299120220897,-5.576415782077534,-2.9916064930826702,,1.108939989600306,1.1287024691663996,-0.0,6
VIX hedge sleeve,Full-spread post-cost,272,circular_block_bootstrap,60,ok,60,-1.0,1.303293742368043,-7.965031448700138,-3.204436912110469,,1.0561527707776506,1.093819868587438,-0.0,6
VIX hedge sleeve,Full-spread post-cost,273,circular_block_bootstrap,60,ok,60,-1.0,1.6311647612355227,-5.4805782756078445,-2.9703883780853917,-1.0,1.108939989600306,1.1287024691663996,0.0,6
VIX hedge sleeve,Full-spread post-cost,274,circular_block_bootstrap,60,ok,60,-1.0,1.543879276162297,-6.052335760308829,-3.0462606829741175,,1.0585160535059381,1.1287024691663996,-0.0,6
VIX hedge sleeve,Full-spread post-cost,275,circular_block_bootstrap,60,ok,60,-1.0,1.4150574928854356,-6.788116670754002,-3.112151164142943,0.0,1.0609256310950126,1.1089387387387388,-0.0,6
VIX hedge sleeve,Full-spread post-cost,276,circular_block_bootstrap,60,ok,60,-1.0,1.5150936749646704,-6.434169369374424,-3.082972574702045,-1.0087245912579244,1.108963755970082,1.135992582952588,0.0,6
VIX hedge sleeve,Full-spread post-cost,277,circular_block_bootstrap,60,ok,60,-1.0,1.6774558703382167,-5.61601514095765,-3.005433632918128,-1.0,1.108963755970082,1.135992582952588,0.0,6
VIX hedge sleeve,Full-spread post-cost,278,circular_block_bootstrap,60,ok,60,-1.0,1.2444352087135,-7.673014890916256,-3.1844282613392663,-1.0,1.0558695941024958,1.0761851449749367,-0.0,6
VIX hedge sleeve,Full-spread post-cost,279,circular_block_bootstrap,60,ok,60,-1.0,1.562731952965903,-5.940082981809979,-3.028921987614079,-1.0,1.0561527707776506,1.093819868587438,-0.0,6
VIX hedge sleeve,Full-spread post-cost,280,circular_block_bootstrap,60,ok,60,-1.0,1.313897106228838,-7.6249710220648765,-3.180517007730878,-1.0,1.1116666386683327,1.1630214099350942,-0.0,6
VIX hedge sleeve,Full-spread post-cost,281,circular_block_bootstrap,60,ok,60,-1.0,1.4880615707710063,-6.53282777648253,-3.104172311225682,,1.108963755970082,1.1237677908673203,0.0,6
VIX hedge sleeve,Full-spread post-cost,282,circular_block_bootstrap,60,ok,60,-1.0,1.0715836382679687,-9.78119472401088,-3.270501868140475,,1.0609256310950126,1.1106665730238332,-0.0,6
VIX hedge sleeve,Full-spread post-cost,283,circular_block_bootstrap,60,ok,60,-1.0,1.5104941905052904,-6.782398945461042,-3.1233023168187524,,1.109221680251279,1.146721687154737,-0.0,6
VIX hedge sleeve,Full-spread post-cost,284,circular_block_bootstrap,60,ok,60,-1.0,1.5316668316027235,-5.97348316772338,-3.0386320191566383,,1.0556391996594297,1.0761851449749367,0.0,6
VIX hedge sleeve,Full-spread post-cost,285,circular_block_bootstrap,60,ok,60,-1.0,0.8267971776182749,-13.523652071286614,-3.3583407057640526,,1.0609256310950126,1.1269746348813052,0.0,6
VIX hedge sleeve,Full-spread post-cost,286,circular_block_bootstrap,60,ok,60,-1.0,1.4340940035175938,-6.572062312023937,-3.1064869065452174,,1.1089387387387388,1.1115304901663805,-0.0,6
VIX hedge sleeve,Full-spread post-cost,287,circular_block_bootstrap,60,ok,60,-1.0,1.2796375924904662,-7.647168155222435,-3.1686376757114294,0.0,1.0561527707776506,1.0752453298659483,0.0,6
VIX hedge sleeve,Full-spread post-cost,288,circular_block_bootstrap,60,ok,60,-1.0,1.663165628831586,-5.125086577940675,-2.923122870465191,-1.0087245912579244,1.0109693987320651,1.0744537910464536,0.0,6
VIX hedge sleeve,Full-spread post-cost,289,circular_block_bootstrap,60,ok,60,-1.0,1.2118257446992904,-8.154967364366286,-3.1952633878477394,,1.0556391996594297,1.056822587077341,-0.0,6
VIX hedge sleeve,Full-spread post-cost,290,circular_block_bootstrap,60,ok,60,-1.0,1.3594494145918739,-7.25321640114623,-3.154136430825739,-1.0,1.108939989600306,1.1287024691663996,0.0,6
VIX hedge sleeve,Full-spread post-cost,291,circular_block_bootstrap,60,ok,60,-1.0,1.47722266834332,-6.406958630744081,-3.082728568448932,-1.0,1.0609256310950126,1.1269746348813052,-0.0,6
VIX hedge sleeve,Full-spread post-cost,292,circular_block_bootstrap,60,ok,60,-1.0,1.6516578355076832,-5.523474947565461,-2.995299355477181,0.0,1.1141222415940224,1.1336819089304513,0.0,6
VIX hedge sleeve,Full-spread post-cost,293,circular_block_bootstrap,60,ok,60,-1.0,1.331160307952467,-7.210759027119588,-3.1415007113194644,,1.1089387387387388,1.1115304901663805,0.0,6
VIX hedge sleeve,Full-spread post-cost,294,circular_block_bootstrap,60,ok,60,-1.0,1.7998938322642857,-4.633395190002816,-2.839846700873243,,1.108939989600306,1.1287024691663996,0.0,6
VIX hedge sleeve,Full-spread post-cost,295,circular_block_bootstrap,60,ok,60,-1.0,1.2443979014960096,-8.20492681794614,-3.2108372983764415,-1.0,1.0583986254295532,1.0894362084387672,-0.0,6
VIX hedge sleeve,Full-spread post-cost,296,circular_block_bootstrap,60,ok,60,-1.0,1.6365992568140473,-5.78825521500273,-3.0258282577538926,-1.0558609112709831,1.1141222415940224,1.1385718257645583,0.0,6
VIX hedge sleeve,Full-spread post-cost,297,circular_block_bootstrap,60,ok,60,-1.0,1.4153132129851498,-6.74050535532078,-3.097794934822433,-1.0,1.108939989600306,1.1287024691663996,-0.0,6
VIX hedge sleeve,Full-spread post-cost,298,circular_block_bootstrap,60,ok,60,-1.0,1.5936489406919576,-5.6941966392500705,-3.0054169448775556,-1.0719624325975046,1.1141222415940224,1.1263470336792905,0.0,6
VIX hedge sleeve,Full-spread post-cost,299,circular_block_bootstrap,60,ok,60,-1.0,1.4079192460961594,-7.072620305681934,-3.149967260214061,,1.0583986254295532,1.0984852255970556,-0.0,6
VIX hedge sleeve,Full-spread post-cost,300,circular_block_bootstrap,60,ok,60,-1.0,1.1201591799665584,-9.54749535472476,-3.2727073968313456,0.0,1.0583986254295532,1.0894362084387672,-0.0,6
VIX hedge sleeve,Full-spread post-cost,301,circular_block_bootstrap,60,ok,60,-1.0,1.325885797203937,-7.420086128356334,-3.1643706277817927,,1.0609256310950126,1.126974634881305,0.0,6
VIX hedge sleeve,Full-spread post-cost,302,circular_block_bootstrap,60,ok,60,-1.0,1.4844716074971234,-6.9924682283741975,-3.142418392821024,,1.1630214099350942,1.1630214099350942,0.0,6
VIX hedge sleeve,Full-spread post-cost,303,circular_block_bootstrap,60,ok,60,-1.0,1.480560781530839,-6.4911351767811025,-3.0900056170714136,0.0,1.109221680251279,1.146721687154737,0.0,6
VIX hedge sleeve,Full-spread post-cost,304,circular_block_bootstrap,60,ok,60,-1.0,1.0957127876897717,-9.49185982640367,-3.2755128724935703,,1.0609268819565796,1.1287024691663996,-0.0,6
VIX hedge sleeve,Full-spread post-cost,305,circular_block_bootstrap,60,ok,60,-1.0,1.628691042970774,-5.526357377133041,-2.9811617981447376,-1.0,1.109221680251279,1.146721687154737,0.0,6
VIX hedge sleeve,Full-spread post-cost,306,circular_block_bootstrap,60,ok,60,-1.0,1.5976753457869575,-5.74335215910882,-3.016682865338309,,1.0556391996594297,1.0913040151262374,0.0,6
VIX hedge sleeve,Full-spread post-cost,307,circular_block_bootstrap,60,ok,60,-1.0,1.6997004038765133,-5.120369716480979,-2.9089978416688975,-1.0,1.0563866406406406,1.1269746348813052,0.0,6
VIX hedge sleeve,Full-spread post-cost,308,circular_block_bootstrap,60,ok,60,-1.0,1.6055180612332944,-5.688164342577213,-2.999155062973926,-1.0,1.109221680251279,1.146721687154737,-0.0,6
VIX hedge sleeve,Full-spread post-cost,309,circular_block_bootstrap,60,ok,60,-1.0,1.457628771444931,-6.737664788250958,-3.11182533193038,-1.0,1.108939989600306,1.1287024691663996,0.0,6
VIX hedge sleeve,Full-spread post-cost,310,circular_block_bootstrap,60,ok,60,-1.0,1.724389402668081,-5.307281611357928,-2.9509872148488077,0.0,1.1630214099350942,1.1630214099350942,-0.0,6
VIX hedge sleeve,Full-spread post-cost,311,circular_block_bootstrap,60,ok,60,-1.0,1.4170613201919058,-6.61748127470695,-3.1052891664208744,-1.0719624325975046,1.055630516827917,1.0753392402554134,-0.0,6
VIX hedge sleeve,Full-spread post-cost,312,circular_block_bootstrap,60,ok,60,-1.0,1.4501312705177982,-6.538533753984598,-3.087356446095537,-1.0556183908045977,1.109221680251279,1.1304219643743796,0.0,6
VIX hedge sleeve,Full-spread post-cost,313,circular_block_bootstrap,60,ok,60,-1.0,1.2284875936309665,-8.051338540832853,-3.1955906219584054,0.0,1.0561527707776506,1.0920920343023435,0.0,6
VIX hedge sleeve,Full-spread post-cost,314,circular_block_bootstrap,60,ok,60,-1.0,1.1892792220270543,-8.486274891597677,-3.2251492392241072,-1.0,1.0583986254295532,1.0723295294706705,-0.0,6
VIX hedge sleeve,Full-spread post-cost,315,circular_block_bootstrap,60,ok,60,-1.0,1.6015806558036125,-5.5656090288817275,-2.988814723101509,0.0,1.1141222415940224,1.1385718257645583,-0.0,6
VIX hedge sleeve,Full-spread post-cost,316,circular_block_bootstrap,60,ok,60,-1.0,1.358373902648817,-7.038549899710902,-3.1367333480257478,,1.0583986254295532,1.0583986254295532,0.0,6
VIX hedge sleeve,Full-spread post-cost,317,circular_block_bootstrap,60,ok,60,-1.0,1.4574249902152705,-6.459384990424529,-3.0955597291068386,,1.0609268819565796,1.1287024691663996,-0.0,6
VIX hedge sleeve,Full-spread post-cost,318,circular_block_bootstrap,60,ok,60,-1.0,1.0665865869809226,-9.616602978042348,-3.270629316169584,-1.0,1.0561527707776506,1.093819868587438,-0.0,6
VIX hedge sleeve,Full-spread post-cost,319,circular_block_bootstrap,60,ok,60,-1.0,1.4428207018496875,-6.900770521612533,-3.1220524381386987,-1.003276852720113,1.108939989600306,1.1287024691663996,0.0,6
VIX hedge sleeve,Full-spread post-cost,320,circular_block_bootstrap,60,ok,60,-1.0,1.4713003379243261,-6.316790701967765,-3.0696158801009665,0.0,1.0583986254295532,1.0723295294706705,-0.0,6
VIX hedge sleeve,Full-spread post-cost,321,circular_block_bootstrap,60,ok,60,-1.0,1.3976344582612645,-7.202356244542673,-3.1569601974293384,-1.0,1.1141222415940224,1.1263470336792902,-0.0,6
VIX hedge sleeve,Full-spread post-cost,322,circular_block_bootstrap,60,ok,60,-1.0,1.6085573388498837,-5.428673492122555,-2.950828671342336,-1.0,1.0609256310950126,1.1269746348813052,-0.0,6
VIX hedge sleeve,Full-spread post-cost,323,circular_block_bootstrap,60,ok,60,-1.0,1.3515083812179542,-7.358293596185329,-3.1612516681307388,-1.0,1.0560345679012346,1.0960135754269114,0.0,6
VIX hedge sleeve,Full-spread post-cost,324,circular_block_bootstrap,60,ok,60,-1.0,1.579063356441193,-5.933064151744163,-3.044758965978981,,1.116567200011076,1.1630214099350942,0.0,6
VIX hedge sleeve,Full-spread post-cost,325,circular_block_bootstrap,60,ok,60,-1.0,1.2946141952412868,-7.559282787596576,-3.167384076003261,-1.0,1.1089387387387388,1.1237552822516486,0.0,6
VIX hedge sleeve,Full-spread post-cost,326,circular_block_bootstrap,60,ok,60,-1.0,1.3463926649152127,-7.332179706387681,-3.157726524089231,,1.108939989600306,1.1287024691663996,-0.0,6
VIX hedge sleeve,Full-spread post-cost,327,circular_block_bootstrap,60,ok,60,-1.0,1.2830221686834855,-7.628475136400697,-3.1845991288708393,,1.0558609112709831,1.0849915764325027,-0.0,6
VIX hedge sleeve,Full-spread post-cost,328,circular_block_bootstrap,60,ok,60,-1.0,1.4447420579415982,-6.513322742062616,-3.080072223208675,-1.0,1.0561527707776506,1.1101279304449099,0.0,6
VIX hedge sleeve,Full-spread post-cost,329,circular_block_bootstrap,60,ok,60,-1.0,1.164319788772329,-9.056432441780075,-3.2499013121139693,-1.0090366764221381,1.109221680251279,1.146721687154737,0.0,6
VIX hedge sleeve,Full-spread post-cost,330,circular_block_bootstrap,60,ok,60,-1.0,1.5401618687588632,-6.24488705689785,-3.06760198121846,,1.108939989600306,1.1287024691663996,-0.0,6
VIX hedge sleeve,Full-spread post-cost,331,circular_block_bootstrap,60,ok,60,-1.0,1.2142635072503811,-8.80284809081213,-3.250789572076004,,1.108963755970082,1.135992582952588,-0.0,6
VIX hedge sleeve,Full-spread post-cost,332,circular_block_bootstrap,60,ok,60,-1.0,1.418576642682432,-6.899401063755492,-3.120059414696682,-1.0,1.1089387387387388,1.1197602764242787,0.0,6
VIX hedge sleeve,Full-spread post-cost,333,circular_block_bootstrap,60,ok,60,-1.0,1.4264612759797728,-6.675989003097014,-3.104157549967769,0.0,1.0609256310950126,1.1089387387387388,-0.0,6
VIX hedge sleeve,Full-spread post-cost,334,circular_block_bootstrap,60,ok,60,-1.0,1.4652022418483934,-6.453483264153597,-3.0843670780295205,-1.1141222415940224,1.109221680251279,1.1304219643743796,-0.0,6
VIX hedge sleeve,Full-spread post-cost,335,circular_block_bootstrap,60,ok,60,-1.0,1.619076485244407,-5.652006640297533,-3.00702550128101,-1.0006557997625982,1.109197913881503,1.146721687154737,0.0,6
VIX hedge sleeve,Full-spread post-cost,336,circular_block_bootstrap,60,ok,60,-1.0,1.2934311442997732,-7.725463119372706,-3.196263054152254,-1.0,1.0583986254295532,1.0862604335117878,0.0,6
VIX hedge sleeve,Full-spread post-cost,337,circular_block_bootstrap,60,ok,60,-1.0,1.3660198521318303,-7.466229533012569,-3.1661049131928074,,1.109221680251279,1.146721687154737,0.0,6
VIX hedge sleeve,Full-spread post-cost,338,circular_block_bootstrap,60,ok,60,-1.0,1.5782354788915718,-6.306035543582472,-3.0853502072513845,,1.116567200011076,1.1630214099350942,0.0,6
VIX hedge sleeve,Full-spread post-cost,339,circular_block_bootstrap,60,ok,60,-1.0,1.7094032851397962,-5.068781178407096,-2.916426441045592,,1.058514802644371,1.1269746348813052,0.0,6
VIX hedge sleeve,Full-spread post-cost,340,circular_block_bootstrap,60,ok,60,-1.0,1.2387456899883214,-8.277678901977902,-3.215543960953587,,1.108963755970082,1.135992582952588,0.0,6
VIX hedge sleeve,Full-spread post-cost,341,circular_block_bootstrap,60,ok,60,-1.0,1.6637038885356963,-5.440238461852812,-2.970647242797437,,1.108939989600306,1.1287024691663996,-0.0,6
VIX hedge sleeve,Full-spread post-cost,342,circular_block_bootstrap,60,ok,60,-1.0,1.6133178266627153,-5.51307440407174,-2.981154499673368,,1.0561527707776506,1.1101195913677955,-0.0,6
VIX hedge sleeve,Full-spread post-cost,343,circular_block_bootstrap,60,ok,60,-1.0,1.6806438033791813,-5.276842547646702,-2.9632117909654854,,1.1141222415940224,1.133681908930451,-0.0,6
VIX hedge sleeve,Full-spread post-cost,344,circular_block_bootstrap,60,ok,60,-1.0,1.544091913327793,-6.079356489590889,-3.0321594939679843,-1.0,1.108963755970082,1.135992582952588,0.0,6
VIX hedge sleeve,Full-spread post-cost,345,circular_block_bootstrap,60,ok,60,-1.0,0.993219409312541,-10.707049764013949,-3.30958847588921,,1.108939989600306,1.1287024691663996,-0.0,6
VIX hedge sleeve,Full-spread post-cost,346,circular_block_bootstrap,60,ok,60,-1.0,1.4301150977586932,-6.818735944315769,-3.1170765147659822,-1.003276852720113,1.1141222415940224,1.1263470336792905,-0.0,6
VIX hedge sleeve,Full-spread post-cost,347,circular_block_bootstrap,60,ok,60,-1.0,1.5625092435884262,-5.906324174007111,-3.033211152138117,,1.109221680251279,1.1304219643743796,0.0,6
VIX hedge sleeve,Full-spread post-cost,348,circular_block_bootstrap,60,ok,60,-1.0,1.7170921465334765,-5.0953264996942,-2.9267804199343717,-1.0,1.109221680251279,1.146721687154737,-0.0,6
VIX hedge sleeve,Full-spread post-cost,349,circular_block_bootstrap,60,ok,60,-1.0,1.287391564263146,-7.731114123886405,-3.182441186026575,-1.0558609112709831,1.1141222415940224,1.1385718257645583,-0.0,6
VIX hedge sleeve,Full-spread post-cost,350,circular_block_bootstrap,60,ok,60,-1.0,1.645102512633054,-5.404336078799096,-2.9602172909198017,,1.1141222415940224,1.1385718257645583,-0.0,6
VIX hedge sleeve,Full-spread post-cost,351,circular_block_bootstrap,60,ok,60,-1.0,1.4034831458794186,-6.9212531768058465,-3.134750165168503,-1.0,1.1141222415940224,1.133681908930451,0.0,6
VIX hedge sleeve,Full-spread post-cost,352,circular_block_bootstrap,60,ok,60,-1.0,1.4004872865138531,-7.022625342840743,-3.136515120009719,-1.0087245912579244,1.109221680251279,1.146721687154737,-0.0,6
VIX hedge sleeve,Full-spread post-cost,353,circular_block_bootstrap,60,ok,60,-1.0,1.598749151230418,-5.6834410973270515,-3.007227182776877,-1.0,1.108963755970082,1.135992582952588,0.0,6
VIX hedge sleeve,Full-spread post-cost,354,circular_block_bootstrap,60,ok,60,-1.0,1.0997609680162488,-9.629725308031343,-3.2803241074504674,0.0,1.0609268819565796,1.1287024691663996,0.0,6
VIX hedge sleeve,Full-spread post-cost,355,circular_block_bootstrap,60,ok,60,-1.0,1.464013054178945,-6.315525666175915,-3.074859370126095,,1.0586797764431097,1.1123944073089278,0.0,6
VIX hedge sleeve,Full-spread post-cost,356,circular_block_bootstrap,60,ok,60,-1.0,1.123046148270577,-9.23293254976868,-3.2547840208931356,,1.0583986254295532,1.0583986254295532,-0.0,6
VIX hedge sleeve,Full-spread post-cost,357,circular_block_bootstrap,60,ok,60,-1.0,1.6804856912172328,-5.166818918539454,-2.9145214233077628,,1.0609256310950126,1.1106665730238332,0.0,6
VIX hedge sleeve,Full-spread post-cost,358,circular_block_bootstrap,60,ok,60,-1.0,1.610981574617849,-5.420154130287183,-2.9659810055898106,,1.1089387387387388,1.1115304901663805,0.0,6
VIX hedge sleeve,Full-spread post-cost,359,circular_block_bootstrap,60,ok,60,-1.0,1.0441163731118073,-10.320139118704331,-3.2945934194290873,0.0,1.108963755970082,1.135992582952588,-0.0,6
VIX hedge sleeve,Full-spread post-cost,360,circular_block_bootstrap,60,ok,60,-1.0,1.3926351754960766,-7.278398266616971,-3.1579963055139233,,1.1116666386683327,1.1630214099350942,-0.0,6
VIX hedge sleeve,Full-spread post-cost,361,circular_block_bootstrap,60,ok,60,-1.0,0.9746821812709351,-10.954352802642997,-3.313162825166834,,1.0560345679012346,1.0692606106106108,-0.0,6
VIX hedge sleeve,Full-spread post-cost,362,circular_block_bootstrap,60,ok,60,-1.0,1.7002067667010083,-5.151345432212468,-2.9389215774591513,-1.0,1.108963755970082,1.135992582952588,-0.0,6
VIX hedge sleeve,Full-spread post-cost,363,circular_block_bootstrap,60,ok,60,-1.0,1.677315598128502,-5.261899955415694,-2.9568235217554926,-1.0,1.0583986254295532,1.0862604335117878,-0.0,6
VIX hedge sleeve,Full-spread post-cost,364,circular_block_bootstrap,60,ok,60,-1.0,1.2819342706957977,-7.914790536599075,-3.197906277802574,,1.109221680251279,1.146721687154737,-0.0,6
VIX hedge sleeve,Full-spread post-cost,365,circular_block_bootstrap,60,ok,60,-1.0,1.506418864070999,-6.107514761736726,-3.061407824488868,0.0,1.0556183908045977,1.0690525220622922,0.0,6
VIX hedge sleeve,Full-spread post-cost,366,circular_block_bootstrap,60,ok,60,-1.0,1.3030241805243679,-7.443816434442014,-3.1626608370077105,-1.0,1.108963755970082,1.135992582952588,-0.0,6
VIX hedge sleeve,Full-spread post-cost,367,circular_block_bootstrap,60,ok,60,-1.0,1.675978772129944,-5.209621125343831,-2.9403538354853924,-1.0,1.0558695941024958,1.1110594064767838,-0.0,6
VIX hedge sleeve,Full-spread post-cost,368,circular_block_bootstrap,60,ok,60,-1.0,1.317813595995113,-7.584880196437975,-3.178875327632881,-1.0,1.0609256310950126,1.1123944073089278,0.0,6
VIX hedge sleeve,Full-spread post-cost,369,circular_block_bootstrap,60,ok,60,-1.0,1.50619233728795,-6.2599457422990366,-3.078297566451512,,1.109197913881503,1.1141222415940224,-0.0,6
VIX hedge sleeve,Full-spread post-cost,370,circular_block_bootstrap,60,ok,60,-1.0,1.5177295705846048,-6.079247969859621,-3.053236629628592,,1.0609256310950126,1.1286941300892852,-0.0,6
VIX hedge sleeve,Full-spread post-cost,371,circular_block_bootstrap,60,ok,60,-1.0,1.5283493537046877,-5.962973439047716,-3.0229967192434155,,1.0561527707776506,1.093819868587438,-0.0,6
VIX hedge sleeve,Full-spread post-cost,372,circular_block_bootstrap,60,ok,60,-1.0,1.4497705473518159,-6.4622554908093,-3.085171812942366,,1.0558695941024958,1.1110594064767838,-0.0,6
VIX hedge sleeve,Full-spread post-cost,373,circular_block_bootstrap,60,ok,60,-1.0,1.255284446801263,-8.295746526827635,-3.2192636709593856,-1.0,1.1141222415940224,1.1385718257645583,0.0,6
VIX hedge sleeve,Full-spread post-cost,374,circular_block_bootstrap,60,ok,60,-1.0,1.3651594254666786,-7.007972309843845,-3.1391054387258706,,1.0609256310950126,1.1123944073089278,0.0,6
VIX hedge sleeve,Full-spread post-cost,375,circular_block_bootstrap,60,ok,60,-1.0,1.5256419733244366,-5.849142769318423,-3.0206496686385482,0.0,1.0101906699027332,1.0684611761074652,0.0,6
VIX hedge sleeve,Full-spread post-cost,376,circular_block_bootstrap,60,ok,60,-1.0,1.8218005340718886,-4.4693059447060905,-2.796489628008553,,1.109221680251279,1.146721687154737,0.0,6
VIX hedge sleeve,Full-spread post-cost,377,circular_block_bootstrap,60,ok,60,-1.0,1.5210101035859178,-6.397752947263681,-3.084748155669515,,1.108963755970082,1.135992582952588,-0.0,6
VIX hedge sleeve,Full-spread post-cost,378,circular_block_bootstrap,60,ok,60,-1.0,1.3847841713242932,-7.269726992912885,-3.143884015284894,-1.0,1.1089387387387388,1.1089437421850075,0.0,6
VIX hedge sleeve,Full-spread post-cost,379,circular_block_bootstrap,60,ok,60,-1.0,1.738025958820898,-5.449269082082126,-2.980405960841219,-1.003276852720113,1.1630214099350942,1.1630214099350942,-0.0,6
VIX hedge sleeve,Full-spread post-cost,380,circular_block_bootstrap,60,ok,60,-1.0,1.7645604722853072,-5.054776067656829,-2.922416684230907,,1.1141222415940224,1.1385718257645583,-0.0,6
VIX hedge sleeve,Full-spread post-cost,381,circular_block_bootstrap,60,ok,60,-1.0,1.6914993593014007,-5.07537514843298,-2.9056922436322075,,1.1089387387387388,1.1224656608456636,-0.0,6
VIX hedge sleeve,Full-spread post-cost,382,circular_block_bootstrap,60,ok,60,-1.0,1.2656552617089094,-8.160503896316687,-3.2093136533661037,-1.0558609112709831,1.108939989600306,1.1269829739584194,0.0,6
VIX hedge sleeve,Full-spread post-cost,383,circular_block_bootstrap,60,ok,60,-1.0,1.6312450477442026,-5.6732564134109085,-3.004110364886773,0.0,1.108963755970082,1.1237677908673203,0.0,6
VIX hedge sleeve,Full-spread post-cost,384,circular_block_bootstrap,60,ok,60,-1.0,1.5674432927129585,-6.138730843979984,-3.057358432939823,,1.1141222415940224,1.1385718257645583,-0.0,6
VIX hedge sleeve,Full-spread post-cost,385,circular_block_bootstrap,60,ok,60,-1.0,1.646137060099789,-5.365246480383368,-2.9561258388695166,-1.0002143575695066,1.109197913881503,1.1141222415940224,0.0,6
VIX hedge sleeve,Full-spread post-cost,386,circular_block_bootstrap,60,ok,60,-1.0,1.7850784029226678,-4.603094749631933,-2.8232875016484975,,1.109197913881503,1.1141222415940224,-0.0,6
VIX hedge sleeve,Full-spread post-cost,387,circular_block_bootstrap,60,ok,60,-1.0,1.7202138587468083,-5.19249014303603,-2.9341058992012603,,1.108963755970082,1.135992582952588,0.0,6
VIX hedge sleeve,Full-spread post-cost,388,circular_block_bootstrap,60,ok,60,-1.0,1.5332511625851502,-6.077771560127581,-3.0460406645230487,,1.109221680251279,1.1304219643743796,0.0,6
VIX hedge sleeve,Full-spread post-cost,389,circular_block_bootstrap,60,ok,60,-1.0,1.6322334658595117,-5.620961361712638,-2.9890483752734966,,1.108939989600306,1.1287024691663996,0.0,6
VIX hedge sleeve,Full-spread post-cost,390,circular_block_bootstrap,60,ok,60,-1.0,1.4323944767866785,-6.7641419952967565,-3.114482560645602,0.0,1.1089387387387388,1.1089512473544105,-0.0,6
VIX hedge sleeve,Full-spread post-cost,391,circular_block_bootstrap,60,ok,60,-1.0,1.279813154719339,-7.780786743467098,-3.19866433716475,-1.003276852720113,1.0583986254295532,1.0862604335117878,0.0,6
VIX hedge sleeve,Full-spread post-cost,392,circular_block_bootstrap,60,ok,60,-1.0,1.3230251539196904,-7.2378247521193195,-3.1399513265755252,-1.0,1.0609256310950126,1.1269662958041906,0.0,6
VIX hedge sleeve,Full-spread post-cost,393,circular_block_bootstrap,60,ok,60,-1.0,1.4489341358420609,-6.7324496830193326,-3.10299605735906,,1.1116666386683327,1.1630214099350942,-0.0,6
VIX hedge sleeve,Full-spread post-cost,394,circular_block_bootstrap,60,ok,60,-1.0,1.1591417537668238,-8.971025346754699,-3.2471794766042525,,1.0583986254295532,1.0849645577979667,0.0,6
VIX hedge sleeve,Full-spread post-cost,395,circular_block_bootstrap,60,ok,60,-1.0,1.3238511819019252,-7.483392217725604,-3.1733461561715575,-1.0,1.0561527707776506,1.076973164151043,0.0,6
VIX hedge sleeve,Full-spread post-cost,396,circular_block_bootstrap,60,ok,60,-1.0,1.4557507914689929,-6.533435680621416,-3.099851990868809,-1.0556183908045977,1.108963755970082,1.122478169461335,-0.0,6
VIX hedge sleeve,Full-spread post-cost,397,circular_block_bootstrap,60,ok,60,-1.0,1.2749772049849786,-7.613023724215241,-3.1767306801894413,,1.0583986254295532,1.0710336537568494,-0.0,6
VIX hedge sleeve,Full-spread post-cost,398,circular_block_bootstrap,60,ok,60,-1.0,1.5477849592961497,-6.209241007921168,-3.0650142074093236,,1.116567200011076,1.1630214099350942,0.0,6
VIX hedge sleeve,Full-spread post-cost,399,circular_block_bootstrap,60,ok,60,-1.0,1.440819960429837,-6.632515275059696,-3.1091914040957085,,1.0560345679012346,1.0698516249926904,0.0,6
VIX hedge sleeve,Full-spread post-cost,400,circular_block_bootstrap,60,ok,60,-1.0,1.5051413904743984,-6.284360325466922,-3.0599683714076598,-1.0719624325975046,1.0561527707776506,1.076973164151043,-0.0,6
VIX hedge sleeve,Full-spread post-cost,401,circular_block_bootstrap,60,ok,60,-1.0,1.5671582970480742,-6.157321017512813,-3.064255668871803,,1.108939989600306,1.1287024691663996,0.0,6
VIX hedge sleeve,Full-spread post-cost,402,circular_block_bootstrap,60,ok,60,-1.0,1.4629595043504402,-6.267078088796646,-3.065338512668578,-1.0,1.0609256310950126,1.1123944073089278,-0.0,6
VIX hedge sleeve,Full-spread post-cost,403,circular_block_bootstrap,60,ok,60,-1.0,1.6258648472522832,-5.432479118797485,-2.975650280660216,-1.0,1.1089387387387388,1.1224656608456636,0.0,6
VIX hedge sleeve,Full-spread post-cost,404,circular_block_bootstrap,60,ok,60,-1.0,1.5828760868488463,-5.6200370348596715,-2.9955040605091336,0.0,1.0559877969789115,1.1101279304449099,-0.0,6
VIX hedge sleeve,Full-spread post-cost,405,circular_block_bootstrap,60,ok,60,-1.0,1.495007963864107,-6.195433238824978,-3.0601805815309273,,1.0560345679012346,1.0833722927917793,-0.0,6
VIX hedge sleeve,Full-spread post-cost,406,circular_block_bootstrap,60,ok,60,-1.0,1.6716463661458603,-5.405430476622451,-2.9747554614843073,-1.0002143575695066,1.109221680251279,1.146721687154737,0.0,6
VIX hedge sleeve,Full-spread post-cost,407,circular_block_bootstrap,60,ok,60,-1.0,1.497960335896809,-6.367300784147966,-3.08432637809878,-1.0556183908045977,1.108963755970082,1.1237677908673203,0.0,6
VIX hedge sleeve,Full-spread post-cost,408,circular_block_bootstrap,60,ok,60,-1.0,1.1112159268935606,-8.909817541666095,-3.244566867032845,,1.0561527707776506,1.076973164151043,-0.0,6
VIX hedge sleeve,Full-spread post-cost,409,circular_block_bootstrap,60,ok,60,-1.0,1.469832405400258,-6.460984004438626,-3.082291472522485,-1.0087245912579244,1.108939989600306,1.1269829739584194,-0.0,6
VIX hedge sleeve,Full-spread post-cost,410,circular_block_bootstrap,60,ok,60,-1.0,1.7265390002571313,-5.172845507377653,-2.94387865773222,-1.1141222415940224,1.1141222415940224,1.1263470336792905,-0.0,6
VIX hedge sleeve,Full-spread post-cost,411,circular_block_bootstrap,60,ok,60,-1.0,0.674967378042145,-16.375103874800228,-3.3903074491584166,,1.0583986254295532,1.0904679055635553,0.0,6
VIX hedge sleeve,Full-spread post-cost,412,circular_block_bootstrap,60,ok,60,-1.0,1.5653377347814659,-5.736370301306517,-2.989017071676127,0.0,1.0583986254295532,1.0894362084387672,-0.0,6
VIX hedge sleeve,Full-spread post-cost,413,circular_block_bootstrap,60,ok,60,-1.0,1.7309799597219846,-4.9799885673454325,-2.899788172865806,,1.109221680251279,1.1304219643743796,-0.0,6
VIX hedge sleeve,Full-spread post-cost,414,circular_block_bootstrap,60,ok,60,-1.0,1.5072984422875453,-6.669239171149416,-3.110418066465282,-1.0087245912579244,1.1630214099350942,1.1630214099350942,0.0,6
VIX hedge sleeve,Full-spread post-cost,415,circular_block_bootstrap,60,ok,60,-1.0,1.2321380737180307,-8.100468458709411,-3.207707980966825,-1.0556183908045977,1.1141222415940224,1.1263470336792905,0.0,6
VIX hedge sleeve,Full-spread post-cost,416,circular_block_bootstrap,60,ok,60,-1.0,1.5107678495621466,-6.137199050607141,-3.0669188260702054,,1.0560345679012346,1.0711475007065112,0.0,6
VIX hedge sleeve,Full-spread post-cost,417,circular_block_bootstrap,60,ok,60,-1.0,1.3344146446332759,-7.33725601943826,-3.161176052761136,0.0,1.0609256310950126,1.1123944073089278,0.0,6
VIX hedge sleeve,Full-spread post-cost,418,circular_block_bootstrap,60,ok,60,-1.0,1.2855766480611286,-7.8869986180223,-3.198733278580815,-1.0719624325975046,1.1089387387387388,1.1115304901663805,-0.0,6
VIX hedge sleeve,Full-spread post-cost,419,circular_block_bootstrap,60,ok,60,-1.0,1.6342546133689442,-5.446335110400478,-2.986872600126762,-1.003276852720113,1.0609256310950126,1.1123944073089278,-0.0,6
VIX hedge sleeve,Full-spread post-cost,420,circular_block_bootstrap,60,ok,60,-1.0,1.7822911273217894,-4.8553425651979225,-2.884993033962145,-1.0,1.109221680251279,1.146721687154737,-0.0,6
VIX hedge sleeve,Full-spread post-cost,421,circular_block_bootstrap,60,ok,60,-1.0,1.7072969592557243,-4.907730557237248,-2.890480288869179,,1.058938951585874,1.1141222415940224,-0.0,6
VIX hedge sleeve,Full-spread post-cost,422,circular_block_bootstrap,60,ok,60,-1.0,1.3172285449628718,-7.334061256647714,-3.153731253828306,-1.0,1.0583986254295532,1.0971956041910707,-0.0,6
VIX hedge sleeve,Full-spread post-cost,423,circular_block_bootstrap,60,ok,60,-1.0,1.6204245148269003,-5.536179824816602,-2.9644424112183474,,1.108939989600306,1.1450021919467568,-0.0,6
VIX hedge sleeve,Full-spread post-cost,424,circular_block_bootstrap,60,ok,60,-1.0,1.5341745735837276,-5.916882467591065,-3.0352983833939122,-1.0,1.1141222415940224,1.1263470336792902,-0.0,6
VIX hedge sleeve,Full-spread post-cost,425,circular_block_bootstrap,60,ok,60,-1.0,1.4550851191795129,-6.587585121562536,-3.0992939972920595,,1.108963755970082,1.1237677908673203,0.0,6
VIX hedge sleeve,Full-spread post-cost,426,circular_block_bootstrap,60,ok,60,-1.0,1.473446863867462,-6.412589489587574,-3.088403683564607,,1.0609256310950126,1.1123944073089278,-0.0,6
VIX hedge sleeve,Full-spread post-cost,427,circular_block_bootstrap,60,ok,60,-1.0,1.3784261085947112,-7.4769395090534925,-3.1722950944762602,0.0,1.108963755970082,1.1269829739584194,-0.0,6
VIX hedge sleeve,Full-spread post-cost,428,circular_block_bootstrap,60,ok,60,-1.0,1.2689159711158766,-7.984089104958168,-3.2018051908042513,0.0,1.109221680251279,1.1304219643743796,0.0,6
VIX hedge sleeve,Full-spread post-cost,429,circular_block_bootstrap,60,ok,60,-1.0,1.5462824361050367,-6.012637125517576,-3.037541146017688,-1.0,1.109221680251279,1.1304219643743796,0.0,6
VIX hedge sleeve,Full-spread post-cost,430,circular_block_bootstrap,60,ok,60,-1.0,1.481778539929576,-6.5151324583100845,-3.1012556194210337,-1.0002143575695066,1.109221680251279,1.1304219643743796,-0.0,6
VIX hedge sleeve,Full-spread post-cost,431,circular_block_bootstrap,60,ok,60,-1.0,1.3000857663567982,-7.762185781157584,-3.1825316519930125,-1.0,1.0560345679012346,1.0670882135743993,-0.0,6
VIX hedge sleeve,Full-spread post-cost,432,circular_block_bootstrap,60,ok,60,-1.0,1.4022035153093628,-7.297688168802549,-3.1637304826707315,-1.0719624325975046,1.1141222415940224,1.1385718257645583,-0.0,6
VIX hedge sleeve,Full-spread post-cost,433,circular_block_bootstrap,60,ok,60,-1.0,1.360078506678558,-7.132365166363905,-3.14501839506224,-1.0,1.055630516827917,1.0912544686599348,-0.0,6
VIX hedge sleeve,Full-spread post-cost,434,circular_block_bootstrap,60,ok,60,-1.0,1.19992499394448,-8.695237401668306,-3.2320353368807178,-1.0,1.1089387387387388,1.1224656608456636,0.0,6
VIX hedge sleeve,Full-spread post-cost,435,circular_block_bootstrap,60,ok,60,-1.0,1.2943696084357776,-7.694931658738932,-3.1815270513392466,,1.108963755970082,1.1237677908673203,0.0,6
VIX hedge sleeve,Full-spread post-cost,436,circular_block_bootstrap,60,ok,60,-1.0,1.609185942311826,-5.716927285556282,-3.011920559502947,-1.0,1.109221680251279,1.146721687154737,0.0,6
VIX hedge sleeve,Full-spread post-cost,437,circular_block_bootstrap,60,ok,60,-1.0,1.6868659743318373,-5.076239191209563,-2.9223042499816194,,1.109221680251279,1.1141222415940224,0.0,6
VIX hedge sleeve,Full-spread post-cost,438,circular_block_bootstrap,60,ok,60,-1.0,1.4038992023187145,-6.752391307156211,-3.1187801190801303,,1.108939989600306,1.1287024691663996,-0.0,6
VIX hedge sleeve,Full-spread post-cost,439,circular_block_bootstrap,60,ok,60,-1.0,1.3761075879518938,-7.056381090666476,-3.1350232737631782,0.0,1.0561527707776506,1.0920920343023435,0.0,6
VIX hedge sleeve,Full-spread post-cost,440,circular_block_bootstrap,60,ok,60,-1.0,1.1167578224057957,-9.713147232134425,-3.274049993847959,-1.0090366764221381,1.108963755970082,1.135992582952588,-0.0,6
VIX hedge sleeve,Full-spread post-cost,441,circular_block_bootstrap,60,ok,60,-1.0,1.7065375841693924,-4.862443927206404,-2.8600859630752935,,1.1089387387387388,1.1099754393097956,-0.0,6
VIX hedge sleeve,Full-spread post-cost,442,circular_block_bootstrap,60,ok,60,-1.0,1.5686649615286794,-5.711268369813448,-3.0026487437010356,,1.0609256310950126,1.1089387387387388,0.0,6
VIX hedge sleeve,Full-spread post-cost,443,circular_block_bootstrap,60,ok,60,-1.0,1.3055583809070406,-7.75347131975121,-3.188158998856633,,1.108939989600306,1.1287024691663996,-0.0,6
VIX hedge sleeve,Full-spread post-cost,444,circular_block_bootstrap,60,ok,60,-1.0,1.5095013357545426,-6.592248083694239,-3.101775720530606,,1.1116666386683327,1.1630214099350942,-0.0,6
VIX hedge sleeve,Full-spread post-cost,445,circular_block_bootstrap,60,ok,60,-1.0,1.3188117618076625,-7.693435904848529,-3.186341785670695,0.0,1.1630214099350942,1.1630214099350942,0.0,6
VIX hedge sleeve,Full-spread post-cost,446,circular_block_bootstrap,60,ok,60,-1.0,1.2785657197148983,-7.768797637478335,-3.1890899079252053,-1.1141222415940224,1.109221680251279,1.1304219643743796,0.0,6
VIX hedge sleeve,Full-spread post-cost,447,circular_block_bootstrap,60,ok,60,-1.0,1.5413958496843265,-6.438223887665286,-3.0877652466655574,0.0,1.1630214099350942,1.1630214099350942,0.0,6
VIX hedge sleeve,Full-spread post-cost,448,circular_block_bootstrap,60,ok,60,-1.0,1.3876336721974851,-7.221334597324415,-3.154091344701324,-1.0719624325975046,1.109221680251279,1.146721687154737,0.0,6
VIX hedge sleeve,Full-spread post-cost,449,circular_block_bootstrap,60,ok,60,-1.0,1.4212311176347254,-6.7075250915863,-3.1041058714431964,-1.0,1.1089387387387388,1.1102346144525597,-0.0,6
VIX hedge sleeve,Full-spread post-cost,450,circular_block_bootstrap,60,ok,60,-1.0,1.2605374698747172,-8.018352153742724,-3.2091325785748857,-1.0,1.0561527707776506,1.076973164151043,0.0,6
VIX hedge sleeve,Full-spread post-cost,451,circular_block_bootstrap,60,ok,60,-1.0,1.482066889774026,-6.455016173473583,-3.0806973318749953,-1.0006557997625982,1.116567200011076,1.1630214099350942,-0.0,6
VIX hedge sleeve,Full-spread post-cost,452,circular_block_bootstrap,60,ok,60,-1.0,1.4053216205680064,-6.763860297437047,-3.120031675219867,-1.0,1.0609256310950126,1.1123944073089278,-0.0,6
VIX hedge sleeve,Full-spread post-cost,453,circular_block_bootstrap,60,ok,60,-1.0,1.2192721541992844,-8.29144003968663,-3.2110070941446205,,1.0561527707776506,1.0752453298659483,-0.0,6
VIX hedge sleeve,Full-spread post-cost,454,circular_block_bootstrap,60,ok,60,-1.0,1.3367618061664694,-7.576470150080155,-3.184805455250699,,1.109221680251279,1.146721687154737,0.0,6
VIX hedge sleeve,Full-spread post-cost,455,circular_block_bootstrap,60,ok,60,-1.0,1.2123700679750902,-8.267565407956864,-3.215081706872012,-1.0,1.0561527707776506,1.1101279304449099,0.0,6
VIX hedge sleeve,Full-spread post-cost,456,circular_block_bootstrap,60,ok,60,-1.0,1.5581468524796822,-5.842131667361577,-3.030355971304861,,1.055630516827917,1.0567068159905064,-0.0,6
VIX hedge sleeve,Full-spread post-cost,457,circular_block_bootstrap,60,ok,60,-1.0,1.5186738149193661,-6.505520430880682,-3.0986921535093273,,1.109221680251279,1.146721687154737,-0.0,6
VIX hedge sleeve,Full-spread post-cost,458,circular_block_bootstrap,60,ok,60,-1.0,1.5551770584405455,-6.078748861887766,-3.0585086463746265,,1.1630214099350942,1.1630214099350942,-0.0,6
VIX hedge sleeve,Full-spread post-cost,459,circular_block_bootstrap,60,ok,60,-1.0,1.6659519223598847,-5.291176332143333,-2.950097904965711,-1.0719624325975046,1.0609256310950126,1.1123944073089278,-0.0,6
VIX hedge sleeve,Full-spread post-cost,460,circular_block_bootstrap,60,ok,60,-1.0,1.6668521502406317,-5.39915154037525,-2.9754349902553425,-1.0,1.1141222415940224,1.1263470336792905,-0.0,6
VIX hedge sleeve,Full-spread post-cost,461,circular_block_bootstrap,60,ok,60,-1.0,1.225558752469595,-8.178385629478116,-3.203070944685399,0.0,1.0586797764431097,1.1449938528696426,-0.0,6
VIX hedge sleeve,Full-spread post-cost,462,circular_block_bootstrap,60,ok,60,-1.0,1.528615520966095,-6.447854932284365,-3.0966013561217256,,1.116567200011076,1.1630214099350942,-0.0,6
VIX hedge sleeve,Full-spread post-cost,463,circular_block_bootstrap,60,ok,60,-1.0,1.4515427957662754,-6.673378236273329,-3.101671252717076,,1.108939989600306,1.1287024691663996,0.0,6
VIX hedge sleeve,Full-spread post-cost,464,circular_block_bootstrap,60,ok,60,-1.0,1.3644746699239103,-6.947041486698269,-3.13355039188435,-1.0,1.055630516827917,1.0929739638679148,-0.0,6
VIX hedge sleeve,Full-spread post-cost,465,circular_block_bootstrap,60,ok,60,-1.0,1.5458754383115594,-6.167740825562563,-3.055603829655879,-1.0090366764221381,1.109221680251279,1.146721687154737,-0.0,6
VIX hedge sleeve,Full-spread post-cost,466,circular_block_bootstrap,60,ok,60,-1.0,1.6065340126205614,-5.514213181693136,-2.97210366743264,0.0,1.0609256310950126,1.1123944073089278,-0.0,6
VIX hedge sleeve,Full-spread post-cost,467,circular_block_bootstrap,60,ok,60,-1.0,1.4105197978844979,-6.90770617809898,-3.1317106907128602,,1.108939989600306,1.1287024691663996,0.0,6
VIX hedge sleeve,Full-spread post-cost,468,circular_block_bootstrap,60,ok,60,-1.0,1.563912833462796,-6.202368821959663,-3.0754898719973056,-1.0,1.109221680251279,1.146721687154737,-0.0,6
VIX hedge sleeve,Full-spread post-cost,469,circular_block_bootstrap,60,ok,60,-1.0,1.2798448724295275,-7.979935297374278,-3.2018212930778907,,1.0609256310950126,1.1269746348813052,-0.0,6
VIX hedge sleeve,Full-spread post-cost,470,circular_block_bootstrap,60,ok,60,-1.0,1.3459261552924244,-7.298952235674916,-3.1503471511133427,-1.0,1.108939989600306,1.1450021919467568,0.0,6
VIX hedge sleeve,Full-spread post-cost,471,circular_block_bootstrap,60,ok,60,-1.0,1.6124148110602166,-5.791247978821594,-3.0242138992905065,-1.0006557997625982,1.1116666386683327,1.1630214099350942,0.0,6
VIX hedge sleeve,Full-spread post-cost,472,circular_block_bootstrap,60,ok,60,-1.0,1.2369879482578783,-7.949797094547253,-3.192185708074192,-1.0,1.0609256310950126,1.1269746348813052,-0.0,6
VIX hedge sleeve,Full-spread post-cost,473,circular_block_bootstrap,60,ok,60,-1.0,1.4034208008021094,-7.127647224392325,-3.146383034697282,,1.108963755970082,1.12376779086732,0.0,6
VIX hedge sleeve,Full-spread post-cost,474,circular_block_bootstrap,60,ok,60,-1.0,1.0463627955244947,-10.597215096494107,-3.3108651765271766,0.0,1.108963755970082,1.135992582952588,-0.0,6
VIX hedge sleeve,Full-spread post-cost,475,circular_block_bootstrap,60,ok,60,-1.0,1.4636552448173688,-6.509391573235294,-3.0881589255721282,,1.1089387387387388,1.1224656608456636,-0.0,6
VIX hedge sleeve,Full-spread post-cost,476,circular_block_bootstrap,60,ok,60,-1.0,0.9537469196876893,-11.300905108494542,-3.322720217621514,,1.0583986254295532,1.0723295294706705,-0.0,6
VIX hedge sleeve,Full-spread post-cost,477,circular_block_bootstrap,60,ok,60,-1.0,1.3928247256004032,-6.8644749151233535,-3.11513254894496,,1.1089387387387388,1.1224656608456636,0.0,6
VIX hedge sleeve,Full-spread post-cost,478,circular_block_bootstrap,60,ok,60,-1.0,1.409951770180257,-6.828665016652729,-3.124470371576157,-1.0,1.1141222415940224,1.1263470336792902,-0.0,6
VIX hedge sleeve,Full-spread post-cost,479,circular_block_bootstrap,60,ok,60,-1.0,1.3590671225699185,-7.276577137710432,-3.161490506537805,,1.109221680251279,1.1304219643743796,0.0,6
VIX hedge sleeve,Full-spread post-cost,480,circular_block_bootstrap,60,ok,60,-1.0,1.5505384226994847,-5.991229866364528,-3.037163707330466,,1.108939989600306,1.1269829739584194,0.0,6
VIX hedge sleeve,Full-spread post-cost,481,circular_block_bootstrap,60,ok,60,-1.0,1.4107344620875726,-6.616685420190441,-3.0915332649909106,0.0,1.1089387387387388,1.1115304901663805,-0.0,6
VIX hedge sleeve,Full-spread post-cost,482,circular_block_bootstrap,60,ok,60,-1.0,1.5795195381317968,-5.555514643038983,-2.9940701616735597,0.0,1.011069281235258,1.076046419276058,0.0,6
VIX hedge sleeve,Full-spread post-cost,483,circular_block_bootstrap,60,ok,60,-1.0,1.4868791342875876,-6.44312590361151,-3.095013194853575,-1.0,1.109221680251279,1.146721687154737,-0.0,6
VIX hedge sleeve,Full-spread post-cost,484,circular_block_bootstrap,60,ok,60,-1.0,1.601291559198897,-5.768161669136772,-3.0161472517634116,,1.1141222415940224,1.1263470336792902,0.0,6
VIX hedge sleeve,Full-spread post-cost,485,circular_block_bootstrap,60,ok,60,-1.0,1.5588724083085008,-5.922139677800539,-3.0279059498231287,,1.0611848062377767,1.1304219643743796,-0.0,6
VIX hedge sleeve,Full-spread post-cost,486,circular_block_bootstrap,60,ok,60,-1.0,1.3886199929078267,-7.1714007510135565,-3.142840663388879,,1.109221680251279,1.1304219643743796,0.0,6
VIX hedge sleeve,Full-spread post-cost,487,circular_block_bootstrap,60,ok,60,-1.0,1.7407189859569103,-4.952777015773176,-2.879098881330217,-1.0719624325975046,1.1089387387387388,1.1110121398808521,-0.0,6
VIX hedge sleeve,Full-spread post-cost,488,circular_block_bootstrap,60,ok,60,-1.0,1.7113035007878385,-5.1720969338039025,-2.93040787855813,-1.003276852720113,1.1141222415940224,1.1385718257645583,-0.0,6
VIX hedge sleeve,Full-spread post-cost,489,circular_block_bootstrap,60,ok,60,-1.0,1.2197409013102545,-8.009778416537573,-3.192604822373888,-1.0,1.0556391996594297,1.0761851449749367,0.0,6
VIX hedge sleeve,Full-spread post-cost,490,circular_block_bootstrap,60,ok,60,-1.0,1.272626734958747,-7.869388062857829,-3.199981837847288,0.0,1.0559877969789115,1.076973164151043,0.0,6
VIX hedge sleeve,Full-spread post-cost,491,circular_block_bootstrap,60,ok,60,-1.0,1.4685529640608728,-6.778181092941691,-3.115675591814775,,1.116567200011076,1.1630214099350942,-0.0,6
VIX hedge sleeve,Full-spread post-cost,492,circular_block_bootstrap,60,ok,60,-1.0,1.5133515673348676,-5.992428820593582,-3.02065468163392,-1.0719624325975046,1.1089387387387388,1.1102346144525597,-0.0,6
VIX hedge sleeve,Full-spread post-cost,493,circular_block_bootstrap,60,ok,60,-1.0,1.4646831650123373,-6.511079054706109,-3.0858593947931583,,1.108939989600306,1.1287024691663996,-0.0,6
VIX hedge sleeve,Full-spread post-cost,494,circular_block_bootstrap,60,ok,60,-1.0,1.501422570325634,-6.513615355487052,-3.096921735237014,-1.0,1.108963755970082,1.12376779086732,0.0,6
VIX hedge sleeve,Full-spread post-cost,495,circular_block_bootstrap,60,ok,60,-1.0,1.2452462830172304,-8.037986644803249,-3.1945470770351294,0.0,1.1089387387387388,1.1237552822516486,-0.0,6
VIX hedge sleeve,Full-spread post-cost,496,circular_block_bootstrap,60,ok,60,-1.0,1.2726971319258131,-7.980695138606491,-3.1922745276805387,-1.0,1.1089387387387388,1.1224656608456636,-0.0,6
VIX hedge sleeve,Full-spread post-cost,497,circular_block_bootstrap,60,ok,60,-1.0,1.2251707325582355,-8.269241545654433,-3.2087761460185087,0.0,1.058514802644371,1.1269746348813052,-0.0,6
VIX hedge sleeve,Full-spread post-cost,498,circular_block_bootstrap,60,ok,60,-1.0,1.304290393663638,-7.413717397595769,-3.1639789952744417,,1.0609256310950126,1.1123944073089278,-0.0,6
VIX hedge sleeve,Full-spread post-cost,499,circular_block_bootstrap,60,ok,60,-1.0,1.5643221705424102,-5.939921251832092,-3.034898771308836,,1.0583986254295532,1.0862604335117878,-0.0,6
VIX hedge sleeve,Full-spread post-cost,500,circular_block_bootstrap,60,ok,60,-1.0,1.552860246328884,-5.567647299114301,-2.9936121122348847,-1.0,1.0537206232439336,1.092893123712453,-0.0,6
VIX hedge sleeve,Full-spread post-cost,501,circular_block_bootstrap,60,ok,60,-1.0,1.5799163937318152,-5.9997072280323795,-3.056021792093935,-1.0556183908045977,1.1141222415940224,1.1239020752622366,0.0,6
VIX hedge sleeve,Full-spread post-cost,502,circular_block_bootstrap,60,ok,60,-1.0,1.1426639218195764,-8.97343700191735,-3.2500889095584014,-1.0,1.0609256310950126,1.1106665730238332,0.0,6
VIX hedge sleeve,Full-spread post-cost,503,circular_block_bootstrap,60,ok,60,-1.0,1.4498474931593095,-6.643983126780422,-3.1047352842932177,0.0,1.0586797764431097,1.1106749121009478,-0.0,6
VIX hedge sleeve,Full-spread post-cost,504,circular_block_bootstrap,60,ok,60,-1.0,1.5574342493964335,-5.880576856882625,-3.0375628779049233,,1.0556391996594297,1.0913123542033518,-0.0,6
VIX hedge sleeve,Full-spread post-cost,505,circular_block_bootstrap,60,ok,60,-1.0,1.268280426956204,-7.821782492369357,-3.1913900249696203,0.0,1.0537414320987655,1.0913040151262374,-0.0,6
VIX hedge sleeve,Full-spread post-cost,506,circular_block_bootstrap,60,ok,60,-1.0,1.4672251330927248,-6.475066928398155,-3.09503220073766,-1.0,1.0561527707776506,1.093819868587438,-0.0,6
VIX hedge sleeve,Full-spread post-cost,507,circular_block_bootstrap,60,ok,60,-1.0,1.5008834796133148,-6.541874914185311,-3.1024571142178266,,1.0560345679012346,1.0692606106106108,0.0,6
VIX hedge sleeve,Full-spread post-cost,508,circular_block_bootstrap,60,ok,60,-1.0,1.703303196769602,-5.235469783166409,-2.9460217022676627,-1.0,1.108963755970082,1.1237677908673203,-0.0,6
VIX hedge sleeve,Full-spread post-cost,509,circular_block_bootstrap,60,ok,60,-1.0,1.2574557148568462,-7.943244727923153,-3.198145602125811,,1.0609268819565796,1.1287024691663996,0.0,6
VIX hedge sleeve,Full-spread post-cost,510,circular_block_bootstrap,60,ok,60,-1.0,1.568805358145977,-5.641224115322719,-3.001431784107227,-1.0719624325975046,1.109221680251279,1.1304219643743796,0.0,6
VIX hedge sleeve,Full-spread post-cost,511,circular_block_bootstrap,60,ok,60,-1.0,1.4724999341202767,-6.554944434986154,-3.1054624245496028,0.0,1.108939989600306,1.1124027463860422,0.0,6
VIX hedge sleeve,Full-spread post-cost,512,circular_block_bootstrap,60,ok,60,-1.0,1.6160954424921947,-5.481712597659168,-2.9691162372004154,,1.1089387387387388,1.1224594065378277,-0.0,6
VIX hedge sleeve,Full-spread post-cost,513,circular_block_bootstrap,60,ok,60,-1.0,1.2372553166236904,-8.471056641909229,-3.219656053032995,,1.0609256310950126,1.126974634881305,-0.0,6
VIX hedge sleeve,Full-spread post-cost,514,circular_block_bootstrap,60,ok,60,-1.0,1.4277017540832042,-6.690365791801969,-3.096221236901164,,1.0583986254295532,1.083668682084146,-0.0,6
VIX hedge sleeve,Full-spread post-cost,515,circular_block_bootstrap,60,ok,60,-1.0,1.387312194816785,-7.19382479260615,-3.1585582853786613,-1.0,1.0583986254295532,1.069543348662447,0.0,6
VIX hedge sleeve,Full-spread post-cost,516,circular_block_bootstrap,60,ok,60,-1.0,1.5477483427014094,-5.87334747692766,-3.0217211631178547,,1.0609256310950126,1.1123944073089278,-0.0,6
VIX hedge sleeve,Full-spread post-cost,517,circular_block_bootstrap,60,ok,60,-1.0,1.1459524997106825,-8.949593494301784,-3.253957280369618,,1.108963755970082,1.12376779086732,-0.0,6
VIX hedge sleeve,Full-spread post-cost,518,circular_block_bootstrap,60,ok,60,-1.0,1.452307234025941,-6.721339295379828,-3.110625588816046,,1.109221680251279,1.146721687154737,-0.0,6
VIX hedge sleeve,Full-spread post-cost,519,circular_block_bootstrap,60,ok,60,-1.0,1.4775790602135939,-6.293827980679352,-3.0702173975341838,0.0,1.109221680251279,1.1304219643743796,0.0,6
VIX hedge sleeve,Full-spread post-cost,520,circular_block_bootstrap,60,ok,60,-1.0,1.6618756796114609,-4.9634822106034635,-2.9023756503497236,-1.0,1.011069281235258,1.0946209579975477,0.0,6
VIX hedge sleeve,Full-spread post-cost,521,circular_block_bootstrap,60,ok,60,-1.0,1.141700472632035,-9.24188290037701,-3.2628547265065904,,1.0561527707776506,1.092100373379458,-0.0,6
VIX hedge sleeve,Full-spread post-cost,522,circular_block_bootstrap,60,ok,60,-1.0,1.5120600022628043,-6.127348671558636,-3.04001892014678,,1.108963755970082,1.135992582952588,-0.0,6
VIX hedge sleeve,Full-spread post-cost,523,circular_block_bootstrap,60,ok,60,-1.0,1.526161569312238,-6.458808875753018,-3.0923428573617917,0.0,1.1630214099350942,1.1630214099350942,-0.0,6
VIX hedge sleeve,Full-spread post-cost,524,circular_block_bootstrap,60,ok,60,-1.0,1.6059226938101143,-5.590127643010474,-2.98750316075365,,1.0582844082013048,1.1106665730238332,0.0,6
VIX hedge sleeve,Full-spread post-cost,525,circular_block_bootstrap,60,ok,60,-1.0,1.4445860118274902,-6.512480650180035,-3.089190093602095,,1.0609268819565796,1.1269829739584194,-0.0,6
VIX hedge sleeve,Full-spread post-cost,526,circular_block_bootstrap,60,ok,60,-1.0,1.3494242043068312,-7.215019663256231,-3.1541165966854137,,1.0609256310950126,1.1106665730238332,0.0,6
VIX hedge sleeve,Full-spread post-cost,527,circular_block_bootstrap,60,ok,60,-1.0,1.2605902739319623,-8.171452500250968,-3.215849886659011,-1.0558609112709831,1.1141222415940224,1.1263470336792902,-0.0,6
VIX hedge sleeve,Full-spread post-cost,528,circular_block_bootstrap,60,ok,60,-1.0,1.3425696542435581,-7.368986503829767,-3.1662767825493225,-1.0719624325975046,1.109221680251279,1.146721687154737,0.0,6
VIX hedge sleeve,Full-spread post-cost,529,circular_block_bootstrap,60,ok,60,-1.0,1.5550367144581994,-5.683960418646994,-2.9937507897708957,,1.0583986254295532,1.0862604335117878,-0.0,6
VIX hedge sleeve,Full-spread post-cost,530,circular_block_bootstrap,60,ok,60,-1.0,1.4581691747843206,-6.688870464378829,-3.115059847386917,-1.0,1.108939989600306,1.1287024691663996,-0.0,6
VIX hedge sleeve,Full-spread post-cost,531,circular_block_bootstrap,60,ok,60,-1.0,1.1849661366423416,-8.587804702861396,-3.2270462018327404,0.0,1.0561527707776506,1.0920920343023435,0.0,6
VIX hedge sleeve,Full-spread post-cost,532,circular_block_bootstrap,60,ok,60,-1.0,1.541011311385881,-6.158003328696088,-3.0705937420282847,0.0,1.108963755970082,1.1237677908673203,-0.0,6
VIX hedge sleeve,Full-spread post-cost,533,circular_block_bootstrap,60,ok,60,-1.0,1.2869323463434503,-7.949093224233019,-3.2006740867504524,-1.0,1.109221680251279,1.1304219643743796,0.0,6
VIX hedge sleeve,Full-spread post-cost,534,circular_block_bootstrap,60,ok,60,-1.0,1.4117212762414537,-7.014859910813749,-3.1478872823479476,-1.0,1.0560345679012346,1.0850784047476285,0.0,6
VIX hedge sleeve,Full-spread post-cost,535,circular_block_bootstrap,60,ok,60,-1.0,1.1870655312541472,-8.43632461210288,-3.2287161202552075,0.0,1.0609256310950126,1.126974634881305,-0.0,6
VIX hedge sleeve,Full-spread post-cost,536,circular_block_bootstrap,60,ok,60,-1.0,1.5050529281529699,-6.398660879646773,-3.0790221959087285,0.0,1.108939989600306,1.1287024691663996,0.0,6
VIX hedge sleeve,Full-spread post-cost,537,circular_block_bootstrap,60,ok,60,-1.0,1.5717404307280352,-5.915622407194439,-3.045845412756914,-1.003276852720113,1.108963755970082,1.1237677908673203,-0.0,6
VIX hedge sleeve,Full-spread post-cost,538,circular_block_bootstrap,60,ok,60,-1.0,1.6250073678282757,-5.47348041161964,-2.9868924241541297,-1.0719624325975046,1.0609268819565796,1.1287024691663996,-0.0,6
VIX hedge sleeve,Full-spread post-cost,539,circular_block_bootstrap,60,ok,60,-1.0,1.23893404863064,-7.966561008340071,-3.190347680479266,,1.0561527707776506,1.0752453298659483,-0.0,6
VIX hedge sleeve,Full-spread post-cost,540,circular_block_bootstrap,60,ok,60,-1.0,1.229908468017667,-8.182231410330688,-3.2108789988692727,-1.0,1.0586797764431097,1.1089387387387388,-0.0,6
VIX hedge sleeve,Full-spread post-cost,541,circular_block_bootstrap,60,ok,60,-1.0,1.229831824542045,-8.313925329804777,-3.2252998818174627,,1.108963755970082,1.135992582952588,-0.0,6
VIX hedge sleeve,Full-spread post-cost,542,circular_block_bootstrap,60,ok,60,-1.0,1.5405735609718143,-6.096095684415943,-3.0582636307205036,,1.0611848062377767,1.1141222415940224,0.0,6
VIX hedge sleeve,Full-spread post-cost,543,circular_block_bootstrap,60,ok,60,-1.0,1.334788882436814,-7.351756400968327,-3.149339719056438,-1.0,1.1089387387387388,1.1224594065378277,-0.0,6
VIX hedge sleeve,Full-spread post-cost,544,circular_block_bootstrap,60,ok,60,-1.0,1.5152474412474024,-6.304445021148077,-3.08161873129286,-1.0,1.108939989600306,1.1287024691663996,-0.0,6
VIX hedge sleeve,Full-spread post-cost,545,circular_block_bootstrap,60,ok,60,-1.0,1.5207070644691592,-6.062279511446073,-3.057890007613416,-1.0719624325975046,1.109197913881503,1.1304219643743796,-0.0,6
VIX hedge sleeve,Full-spread post-cost,546,circular_block_bootstrap,60,ok,60,-1.0,1.6444245967736733,-5.429115611760602,-2.9792009758341695,-1.0,1.108939989600306,1.1287024691663996,-0.0,6
VIX hedge sleeve,Full-spread post-cost,547,circular_block_bootstrap,60,ok,60,-1.0,1.69150483060745,-5.242378804073063,-2.9528651228512284,-1.0556183908045977,1.058938951585874,1.1141222415940224,0.0,6
VIX hedge sleeve,Full-spread post-cost,548,circular_block_bootstrap,60,ok,60,-1.0,1.2835393850166728,-7.83340529668196,-3.198991086788593,,1.1141222415940224,1.1385718257645583,0.0,6
VIX hedge sleeve,Full-spread post-cost,549,circular_block_bootstrap,60,ok,60,-1.0,1.2316311046406767,-8.134042613512976,-3.207214943256787,-1.0,1.0583986254295532,1.0796563747705528,0.0,6
VIX hedge sleeve,Full-spread post-cost,550,circular_block_bootstrap,60,ok,60,-1.0,1.5867919319625776,-5.801382686134243,-3.0028092737622685,-1.0,1.108939989600306,1.1287024691663996,0.0,6
VIX hedge sleeve,Full-spread post-cost,551,circular_block_bootstrap,60,ok,60,-1.0,0.9758435115470238,-11.033889494187623,-3.3151749358927005,,1.0561527707776506,1.0752453298659483,-0.0,6
VIX hedge sleeve,Full-spread post-cost,552,circular_block_bootstrap,60,ok,60,-1.0,1.5004681694803552,-5.996788368531814,-3.037562768211259,0.0,1.0583986254295532,1.0862604335117878,0.0,6
VIX hedge sleeve,Full-spread post-cost,553,circular_block_bootstrap,60,ok,60,-1.0,1.7528292406838313,-4.55954081941618,-2.80914772306552,0.0,1.0537327492672528,1.0761272594315197,0.0,6
VIX hedge sleeve,Full-spread post-cost,554,circular_block_bootstrap,60,ok,60,-1.0,1.7144154408428085,-5.175389307138712,-2.926102348781138,-1.003276852720113,1.109221680251279,1.146721687154737,-0.0,6
VIX hedge sleeve,Full-spread post-cost,555,circular_block_bootstrap,60,ok,60,-1.0,1.3842526217849092,-7.017569058613824,-3.14008161313802,-1.0719624325975046,1.0609268819565796,1.1287024691663996,0.0,6
VIX hedge sleeve,Full-spread post-cost,556,circular_block_bootstrap,60,ok,60,-1.0,1.5220943092104449,-6.219572664489999,-3.058868462663389,,1.108963755970082,1.135992582952588,-0.0,6
VIX hedge sleeve,Full-spread post-cost,557,circular_block_bootstrap,60,ok,60,-1.0,1.6025120455239403,-5.744867999203189,-3.0015894579156526,,1.1089387387387388,1.1224656608456636,-0.0,6
VIX hedge sleeve,Full-spread post-cost,558,circular_block_bootstrap,60,ok,60,-1.0,1.6289155757563334,-5.599547942418096,-2.977875977720292,-1.0,1.1089387387387388,1.1197602764242787,-0.0,6
VIX hedge sleeve,Full-spread post-cost,559,circular_block_bootstrap,60,ok,60,-1.0,1.6119338951353608,-5.521277263592297,-2.981192378669449,,1.058514802644371,1.1269746348813052,-0.0,6
VIX hedge sleeve,Full-spread post-cost,560,circular_block_bootstrap,60,ok,60,-1.0,1.5154846869380296,-6.310063214409606,-3.0671740556618317,,1.1116666386683327,1.1630214099350942,-0.0,6
VIX hedge sleeve,Full-spread post-cost,561,circular_block_bootstrap,60,ok,60,-1.0,1.642964863206157,-5.261629915257154,-2.9433037932639237,-1.0,1.058938951585874,1.1141222415940224,0.0,6
VIX hedge sleeve,Full-spread post-cost,562,circular_block_bootstrap,60,ok,60,-1.0,1.614891618818528,-5.853189655969169,-3.035714270873141,-1.003276852720113,1.1141222415940224,1.1263470336792905,-0.0,6
VIX hedge sleeve,Full-spread post-cost,563,circular_block_bootstrap,60,ok,60,-1.0,1.3630777600201105,-7.548465221371387,-3.1708038401124106,,1.108963755970082,1.135992582952588,-0.0,6
VIX hedge sleeve,Full-spread post-cost,564,circular_block_bootstrap,60,ok,60,-1.0,1.399536687247767,-6.985232395645946,-3.1292166405621584,-1.0,1.108939989600306,1.1287024691663996,0.0,6
VIX hedge sleeve,Full-spread post-cost,565,circular_block_bootstrap,60,ok,60,-1.0,1.481637894720319,-6.416975797446203,-3.0918169312498955,-1.0,1.058773977787135,1.146721687154737,0.0,6
VIX hedge sleeve,Full-spread post-cost,566,circular_block_bootstrap,60,ok,60,-1.0,1.0353061046968428,-10.528872689551857,-3.3021303745543995,-1.0,1.0609256310950126,1.126974634881305,0.0,6
VIX hedge sleeve,Full-spread post-cost,567,circular_block_bootstrap,60,ok,60,-1.0,1.5608438500449404,-5.792280154354829,-3.009252633158104,-1.0,1.108939989600306,1.1287024691663996,0.0,6
VIX hedge sleeve,Full-spread post-cost,568,circular_block_bootstrap,60,ok,60,-1.0,1.4968554297215224,-6.477479482781802,-3.0952156232141035,-1.1141222415940224,1.1141222415940224,1.1385718257645583,-0.0,6
VIX hedge sleeve,Full-spread post-cost,569,circular_block_bootstrap,60,ok,60,-1.0,1.2175456371204336,-8.340808668807492,-3.213027327420956,-1.0,1.0563866406406406,1.1089387387387388,0.0,6
VIX hedge sleeve,Full-spread post-cost,570,circular_block_bootstrap,60,ok,60,-1.0,1.5237917525373912,-6.346842994226223,-3.0787704932446482,,1.108963755970082,1.135992582952588,-0.0,6
VIX hedge sleeve,Full-spread post-cost,571,circular_block_bootstrap,60,ok,60,-1.0,1.4389451212981494,-6.74975133756163,-3.123066071789301,-1.0,1.0611848062377767,1.1141222415940224,-0.0,6
VIX hedge sleeve,Full-spread post-cost,572,circular_block_bootstrap,60,ok,60,-1.0,1.462607323820686,-6.370300323402365,-3.072421990303545,,1.1089387387387388,1.1102346144525597,0.0,6
VIX hedge sleeve,Full-spread post-cost,573,circular_block_bootstrap,60,ok,60,-1.0,1.4380778394568356,-6.607143388003617,-3.0915944594981855,,1.1089387387387388,1.1224656608456636,0.0,6
VIX hedge sleeve,Full-spread post-cost,574,circular_block_bootstrap,60,ok,60,-1.0,1.2779517611797448,-7.831405606162927,-3.1932926591310524,-1.0,1.0561527707776506,1.0752453298659483,0.0,6
VIX hedge sleeve,Full-spread post-cost,575,circular_block_bootstrap,60,ok,60,-1.0,1.4648512096852109,-6.338615210147493,-3.0674831064205863,-1.0,1.0583986254295532,1.0849645577979667,0.0,6
VIX hedge sleeve,Full-spread post-cost,576,circular_block_bootstrap,60,ok,60,-1.0,1.4596593884822346,-6.594950351763328,-3.10647394703324,,1.108939989600306,1.1287024691663996,0.0,6
VIX hedge sleeve,Full-spread post-cost,577,circular_block_bootstrap,60,ok,60,-1.0,1.5495701804035866,-5.829462123996453,-3.0093525672073023,,1.0537414320987655,1.056822587077341,-0.0,6
VIX hedge sleeve,Full-spread post-cost,578,circular_block_bootstrap,60,ok,60,-1.0,1.5232015134711558,-6.273954754624813,-3.0761883664602068,-1.0,1.116567200011076,1.1630214099350942,-0.0,6
VIX hedge sleeve,Full-spread post-cost,579,circular_block_bootstrap,60,ok,60,-1.0,1.6878624552209904,-5.177954271440363,-2.930371291589408,,1.0586797764431097,1.1123944073089278,0.0,6
VIX hedge sleeve,Full-spread post-cost,580,circular_block_bootstrap,60,ok,60,-1.0,1.369761126088021,-7.134242909239308,-3.1531219430785367,-1.0,1.0586797764431097,1.1123944073089278,-0.0,6
VIX hedge sleeve,Full-spread post-cost,581,circular_block_bootstrap,60,ok,60,-1.0,1.6663289918724749,-5.301505721316495,-2.9644399733435565,-1.0,1.1089387387387388,1.1115304901663805,0.0,6
VIX hedge sleeve,Full-spread post-cost,582,circular_block_bootstrap,60,ok,60,-1.0,1.7520075076818604,-4.724251503204242,-2.8457399701901083,,1.0563878915022078,1.1287024691663996,0.0,6
VIX hedge sleeve,Full-spread post-cost,583,circular_block_bootstrap,60,ok,60,-1.0,1.3493758435242018,-7.423938309635704,-3.174043651666105,,1.0561527707776506,1.1118474256528899,-0.0,6
VIX hedge sleeve,Full-spread post-cost,584,circular_block_bootstrap,60,ok,60,-1.0,1.5497661264231408,-5.941491454409215,-3.034634291960089,-1.0,1.1089387387387388,1.1102408687603955,-0.0,6
VIX hedge sleeve,Full-spread post-cost,585,circular_block_bootstrap,60,ok,60,-1.0,1.390721354517924,-7.054357023752012,-3.141134099975903,-1.003276852720113,1.0560345679012346,1.0850784047476285,0.0,6
VIX hedge sleeve,Full-spread post-cost,586,circular_block_bootstrap,60,ok,60,-1.0,1.436253494097215,-6.598377986234236,-3.0983233693538037,-1.0,1.0561527707776506,1.1101279304449099,0.0,6
VIX hedge sleeve,Full-spread post-cost,587,circular_block_bootstrap,60,ok,60,-1.0,1.5498468665484506,-5.968511221061757,-3.033129416560641,,1.108939989600306,1.1287024691663996,0.0,6
VIX hedge sleeve,Full-spread post-cost,588,circular_block_bootstrap,60,ok,60,-1.0,1.4605103732796254,-6.452281769763909,-3.089481178231412,-1.0,1.109221680251279,1.1304219643743796,-0.0,6
VIX hedge sleeve,Full-spread post-cost,589,circular_block_bootstrap,60,ok,60,-1.0,1.4569073651179798,-6.476252455683097,-3.089493640726369,-1.003276852720113,1.1089387387387388,1.1099804427560642,0.0,6
VIX hedge sleeve,Full-spread post-cost,590,circular_block_bootstrap,60,ok,60,-1.0,1.3522785830694988,-7.112515661282215,-3.1480930876223234,-1.0,1.0560345679012346,1.057216596665394,-0.0,6
VIX hedge sleeve,Full-spread post-cost,591,circular_block_bootstrap,60,ok,60,-1.0,1.555460875125716,-5.809345109621868,-3.0210936079135426,-1.0,1.1141222415940224,1.1239020752622366,0.0,6
VIX hedge sleeve,Full-spread post-cost,592,circular_block_bootstrap,60,ok,60,-1.0,1.5935690934436284,-5.86722032703852,-3.0329258987605727,-1.0,1.109221680251279,1.1304219643743796,0.0,6
VIX hedge sleeve,Full-spread post-cost,593,circular_block_bootstrap,60,ok,60,-1.0,1.5663394835105309,-5.915400992684973,-3.022641512660605,-1.0006557997625982,1.108939989600306,1.1287024691663996,-0.0,6
VIX hedge sleeve,Full-spread post-cost,594,circular_block_bootstrap,60,ok,60,-1.0,1.5081590260116857,-6.277882340769255,-3.070441712467187,-1.0,1.108939989600306,1.1287024691663996,0.0,6
VIX hedge sleeve,Full-spread post-cost,595,circular_block_bootstrap,60,ok,60,-1.0,1.6565106572784913,-5.622555314324898,-3.002692774141227,,1.109221680251279,1.146721687154737,0.0,6
VIX hedge sleeve,Full-spread post-cost,596,circular_block_bootstrap,60,ok,60,-1.0,1.5549401287953089,-6.288382059096146,-3.080867378271159,-1.003276852720113,1.116567200011076,1.1630214099350942,-0.0,6
VIX hedge sleeve,Full-spread post-cost,597,circular_block_bootstrap,60,ok,60,-1.0,1.4969980019986566,-6.4394857853806196,-3.0917312649400075,,1.109221680251279,1.146721687154737,-0.0,6
VIX hedge sleeve,Full-spread post-cost,598,circular_block_bootstrap,60,ok,60,-1.0,1.5929389705828982,-5.422352745788407,-2.959118000855411,-1.0,1.0582844082013048,1.1106749121009478,-0.0,6
VIX hedge sleeve,Full-spread post-cost,599,circular_block_bootstrap,60,ok,60,-1.0,0.8838308769764218,-12.110828031924266,-3.339637956191112,,1.0560345679012346,1.0711475007065112,0.0,6
VIX hedge sleeve,Full-spread post-cost,600,circular_block_bootstrap,60,ok,60,-1.0,0.7683860527186264,-14.467610098147109,-3.3712791148793433,0.0,1.108963755970082,1.135992582952588,0.0,6
VIX hedge sleeve,Full-spread post-cost,601,circular_block_bootstrap,60,ok,60,-1.0,1.4278532462022602,-6.908573832727965,-3.132820191241818,,1.0560345679012346,1.0960135754269114,-0.0,6
VIX hedge sleeve,Full-spread post-cost,602,circular_block_bootstrap,60,ok,60,-1.0,1.535092238836193,-5.909563494862947,-3.034376963990383,-1.0,1.0609268819565796,1.1287024691663996,0.0,6
VIX hedge sleeve,Full-spread post-cost,603,circular_block_bootstrap,60,ok,60,-1.0,1.0673592511506698,-10.07950209829203,-3.2962188329577966,,1.108963755970082,1.135992582952588,0.0,6
VIX hedge sleeve,Full-spread post-cost,604,circular_block_bootstrap,60,ok,60,-1.0,1.7005606650147689,-5.159909041126752,-2.9149416149605223,-1.0,1.109221680251279,1.146721687154737,0.0,6
VIX hedge sleeve,Full-spread post-cost,605,circular_block_bootstrap,60,ok,60,-1.0,1.5156634874958257,-6.140672009634304,-3.059065948632711,-1.0002143575695066,1.116567200011076,1.1630214099350942,-0.0,6
VIX hedge sleeve,Full-spread post-cost,606,circular_block_bootstrap,60,ok,60,-1.0,1.3935111205853383,-6.852040033775269,-3.127172188967025,,1.0558695941024958,1.057610606253447,-0.0,6
VIX hedge sleeve,Full-spread post-cost,607,circular_block_bootstrap,60,ok,60,-1.0,1.6810605447549472,-5.288630906277355,-2.9371626671643924,,1.0586797764431097,1.126974634881305,0.0,6
VIX hedge sleeve,Full-spread post-cost,608,circular_block_bootstrap,60,ok,60,-1.0,1.3844268489246396,-7.200975650807919,-3.144508569679247,,1.108963755970082,1.135992582952588,0.0,6
VIX hedge sleeve,Full-spread post-cost,609,circular_block_bootstrap,60,ok,60,-1.0,1.249148587515303,-7.950773209002803,-3.188300023239975,-1.0,1.0609256310950126,1.1123944073089278,-0.0,6
VIX hedge sleeve,Full-spread post-cost,610,circular_block_bootstrap,60,ok,60,-1.0,1.7040257230252218,-4.901519555039311,-2.868466213328019,-1.0,1.1089387387387388,1.1197602764242787,-0.0,6
VIX hedge sleeve,Full-spread post-cost,611,circular_block_bootstrap,60,ok,60,-1.0,1.6595614199961453,-5.2320906986921765,-2.9362434397381327,-1.0087245912579244,1.1089387387387388,1.1115304901663805,0.0,6
VIX hedge sleeve,Full-spread post-cost,612,circular_block_bootstrap,60,ok,60,-1.0,1.4517072380915172,-6.661388109084126,-3.1129045407055784,,1.0586797764431097,1.1106749121009478,0.0,6
VIX hedge sleeve,Full-spread post-cost,613,circular_block_bootstrap,60,ok,60,-1.0,1.5499552770689349,-5.9323270124872955,-3.0416301263593315,-1.0,1.0609256310950126,1.1123944073089278,-0.0,6
VIX hedge sleeve,Full-spread post-cost,614,circular_block_bootstrap,60,ok,60,-1.0,1.4283888278636045,-6.606064962159373,-3.1045996936928035,,1.0583986254295532,1.0710336537568494,-0.0,6
VIX hedge sleeve,Full-spread post-cost,615,circular_block_bootstrap,60,ok,60,-1.0,1.38039578926788,-7.240614803690585,-3.1563987824157564,,1.108939989600306,1.1287024691663996,0.0,6
VIX hedge sleeve,Full-spread post-cost,616,circular_block_bootstrap,60,ok,60,-1.0,1.3524795318119527,-7.163609711407567,-3.140545531017866,,1.1089387387387388,1.1224656608456636,0.0,6
VIX hedge sleeve,Full-spread post-cost,617,circular_block_bootstrap,60,ok,60,-1.0,1.589326563979206,-5.851556471488921,-3.0371178266249785,0.0,1.109221680251279,1.1304219643743796,0.0,6
VIX hedge sleeve,Full-spread post-cost,618,circular_block_bootstrap,60,ok,60,-1.0,1.4833580222976976,-6.2218118108424445,-3.0474856395611396,0.0,1.1089387387387388,1.1102346144525597,-0.0,6
VIX hedge sleeve,Full-spread post-cost,619,circular_block_bootstrap,60,ok,60,-1.0,1.3889985662360258,-6.814222068234324,-3.122331605747923,,1.0,1.0050799837337339,0.0,6
VIX hedge sleeve,Full-spread post-cost,620,circular_block_bootstrap,60,ok,60,-1.0,1.1716145774044402,-8.68567729148165,-3.2353594555386507,,1.0560345679012346,1.0973031968328966,-0.0,6
VIX hedge sleeve,Full-spread post-cost,621,circular_block_bootstrap,60,ok,60,-1.0,1.5819875323860753,-5.815488230734108,-3.018780158677543,,1.108963755970082,1.135992582952588,0.0,6
VIX hedge sleeve,Full-spread post-cost,622,circular_block_bootstrap,60,ok,60,-1.0,1.5159239039583015,-6.100166495130436,-3.052926974634289,-1.0,1.0556391996594297,1.056822587077341,-0.0,6
VIX hedge sleeve,Full-spread post-cost,623,circular_block_bootstrap,60,ok,60,-1.0,1.3314311737072622,-7.586969600250466,-3.1883334452213052,-1.0719624325975046,1.1089387387387388,1.1115304901663805,-0.0,6
VIX hedge sleeve,Full-spread post-cost,624,circular_block_bootstrap,60,ok,60,-1.0,1.6780389342573485,-5.294098236976811,-2.949059356971993,-1.0,1.0609256310950126,1.1123944073089278,0.0,6
VIX hedge sleeve,Full-spread post-cost,625,circular_block_bootstrap,60,ok,60,-1.0,1.5731211916973673,-5.914061674876827,-3.03459165435388,,1.1141222415940224,1.1263470336792905,-0.0,6
VIX hedge sleeve,Full-spread post-cost,626,circular_block_bootstrap,60,ok,60,-1.0,1.396665381188843,-6.83812471151432,-3.1086972484610205,-1.0,1.0536207407407407,1.064037265893597,-0.0,6
VIX hedge sleeve,Full-spread post-cost,627,circular_block_bootstrap,60,ok,60,-1.0,1.34183442594953,-7.631861689677251,-3.1809176357121784,,1.108963755970082,1.135992582952588,0.0,6
VIX hedge sleeve,Full-spread post-cost,628,circular_block_bootstrap,60,ok,60,-1.0,0.9793314588092652,-10.923191616332161,-3.3122820395860617,,1.0583986254295532,1.0971893498832348,0.0,6
VIX hedge sleeve,Full-spread post-cost,629,circular_block_bootstrap,60,ok,60,-1.0,1.5227446243157394,-5.9696917766405075,-3.036067737474544,0.0,1.109221680251279,1.1304219643743796,-0.0,6
VIX hedge sleeve,Full-spread post-cost,630,circular_block_bootstrap,60,ok,60,-1.0,1.3631331580009407,-7.365751897330332,-3.1655365432638156,,1.0561527707776506,1.1101279304449099,-0.0,6
VIX hedge sleeve,Full-spread post-cost,631,circular_block_bootstrap,60,ok,60,-1.0,1.5082705611104743,-6.591883284494606,-3.0970568102879725,-1.0558609112709831,1.1630214099350942,1.1630214099350942,-0.0,6
VIX hedge sleeve,Full-spread post-cost,632,circular_block_bootstrap,60,ok,60,-1.0,1.557052013834306,-6.237490511927547,-3.068488026710699,-1.0719624325975046,1.108963755970082,1.1237677908673203,0.0,6
VIX hedge sleeve,Full-spread post-cost,633,circular_block_bootstrap,60,ok,60,-1.0,1.2603328498836124,-8.23904763233218,-3.2144277118696016,-1.0006557997625982,1.116567200011076,1.1630214099350942,0.0,6
VIX hedge sleeve,Full-spread post-cost,634,circular_block_bootstrap,60,ok,60,-1.0,1.4102373106972048,-7.1632919909457735,-3.1513844499106693,,1.109221680251279,1.146721687154737,0.0,6
VIX hedge sleeve,Full-spread post-cost,635,circular_block_bootstrap,60,ok,60,-1.0,1.265748420117417,-8.24457784986734,-3.20851178335155,-1.0,1.108939989600306,1.1287024691663996,-0.0,6
VIX hedge sleeve,Full-spread post-cost,636,circular_block_bootstrap,60,ok,60,-1.0,1.7448207650524779,-4.772599190930401,-2.857527231079316,-1.0719624325975046,1.0582844082013048,1.1123944073089278,0.0,6
VIX hedge sleeve,Full-spread post-cost,637,circular_block_bootstrap,60,ok,60,-1.0,1.7791121116977369,-4.77476073572561,-2.866758446877063,,1.109221680251279,1.1304219643743796,0.0,6
VIX hedge sleeve,Full-spread post-cost,638,circular_block_bootstrap,60,ok,60,-1.0,1.6019009134526616,-5.689812279543878,-3.000145563384828,,1.0586797764431097,1.1269746348813052,-0.0,6
VIX hedge sleeve,Full-spread post-cost,639,circular_block_bootstrap,60,ok,60,-1.0,1.7599168409129804,-4.819995516383673,-2.877088209757332,0.0,1.108939989600306,1.1106832511780622,-0.0,6
VIX hedge sleeve,Full-spread post-cost,640,circular_block_bootstrap,60,ok,60,-1.0,1.2225266838265125,-8.428824383237412,-3.2108640690767833,-1.0,1.1089387387387388,1.1197602764242787,-0.0,6
VIX hedge sleeve,Full-spread post-cost,641,circular_block_bootstrap,60,ok,60,-1.0,1.6897912449848473,-5.106143468389326,-2.9235768484935853,-1.0719624325975046,1.109221680251279,1.1304219643743796,0.0,6
VIX hedge sleeve,Full-spread post-cost,642,circular_block_bootstrap,60,ok,60,-1.0,1.4845975687655977,-6.519277361765228,-3.1013699966432307,,1.109221680251279,1.146721687154737,-0.0,6
VIX hedge sleeve,Full-spread post-cost,643,circular_block_bootstrap,60,ok,60,-1.0,1.4842445108005056,-6.423060260408867,-3.093200344517899,,1.109197913881503,1.1141222415940224,0.0,6
VIX hedge sleeve,Full-spread post-cost,644,circular_block_bootstrap,60,ok,60,-1.0,1.5124192556371405,-6.151423645098349,-3.051811271696357,,1.0586797764431097,1.126974634881305,0.0,6
VIX hedge sleeve,Full-spread post-cost,645,circular_block_bootstrap,60,ok,60,-1.0,1.7618069687228588,-5.104846021601525,-2.936291878450638,-1.0,1.109221680251279,1.1304219643743796,0.0,6
VIX hedge sleeve,Full-spread post-cost,646,circular_block_bootstrap,60,ok,60,-1.0,1.3501509582288913,-7.448959703922387,-3.168601538670019,,1.0561527707776506,1.1101279304449099,0.0,6
VIX hedge sleeve,Full-spread post-cost,647,circular_block_bootstrap,60,ok,60,-1.0,1.4256706456369188,-6.6934504724798085,-3.1160979750693802,0.0,1.0561527707776506,1.076973164151043,-0.0,6
VIX hedge sleeve,Full-spread post-cost,648,circular_block_bootstrap,60,ok,60,-1.0,1.1260817740219977,-9.273154825234567,-3.2636326260512636,,1.109221680251279,1.1304219643743796,0.0,6
VIX hedge sleeve,Full-spread post-cost,649,circular_block_bootstrap,60,ok,60,-1.0,1.4413518895821507,-6.788170678832271,-3.110648825661228,,1.108939989600306,1.1269829739584194,-0.0,6
VIX hedge sleeve,Full-spread post-cost,650,circular_block_bootstrap,60,ok,60,-1.0,1.2245679175293285,-8.558561319889135,-3.2335316039464708,-1.0,1.1141222415940224,1.1304219643743798,-0.0,6
VIX hedge sleeve,Full-spread post-cost,651,circular_block_bootstrap,60,ok,60,-1.0,1.777917041621302,-4.837393584218537,-2.8852139763068574,,1.108939989600306,1.1287024691663996,-0.0,6
VIX hedge sleeve,Full-spread post-cost,652,circular_block_bootstrap,60,ok,60,-1.0,1.2803521006335998,-8.026838166834894,-3.202394130098298,-1.0558609112709831,1.109221680251279,1.1304219643743796,0.0,6
VIX hedge sleeve,Full-spread post-cost,653,circular_block_bootstrap,60,ok,60,-1.0,1.4451239326155443,-6.45330820273317,-3.082333139203523,-1.0,1.108939989600306,1.1287024691663996,-0.0,6
VIX hedge sleeve,Full-spread post-cost,654,circular_block_bootstrap,60,ok,60,-1.0,1.120950199284547,-9.261698956321176,-3.2566065808183073,-1.0,1.0609256310950126,1.1106665730238332,0.0,6
VIX hedge sleeve,Full-spread post-cost,655,circular_block_bootstrap,60,ok,60,-1.0,1.4590486212000586,-6.720233177097615,-3.115433803153906,-1.0719624325975046,1.1141222415940224,1.1385718257645583,-0.0,6
VIX hedge sleeve,Full-spread post-cost,656,circular_block_bootstrap,60,ok,60,-1.0,1.6535706627312905,-5.411214797863266,-2.96519719180282,-1.0090366764221381,1.109221680251279,1.146721687154737,0.0,6
VIX hedge sleeve,Full-spread post-cost,657,circular_block_bootstrap,60,ok,60,-1.0,1.4942628083200427,-6.294042829055999,-3.0696458146702157,0.0,1.0609268819565796,1.1287024691663996,0.0,6
VIX hedge sleeve,Full-spread post-cost,658,circular_block_bootstrap,60,ok,60,-1.0,1.3724875798933467,-6.827597741206303,-3.1224716121029417,0.0,1.0559877969789115,1.0920920343023435,0.0,6
VIX hedge sleeve,Full-spread post-cost,659,circular_block_bootstrap,60,ok,60,-1.0,1.4457384386019467,-6.541682835675054,-3.088486391520524,,1.0536207407407407,1.0651323744463888,-0.0,6
VIX hedge sleeve,Full-spread post-cost,660,circular_block_bootstrap,60,ok,60,-1.0,0.9786237079925874,-10.607446775632987,-3.296853629734154,,1.0561527707776506,1.0752453298659483,-0.0,6
VIX hedge sleeve,Full-spread post-cost,661,circular_block_bootstrap,60,ok,60,-1.0,1.3692893638728985,-7.12900536867535,-3.144354840264806,-1.0558609112709831,1.109221680251279,1.146721687154737,0.0,6
VIX hedge sleeve,Full-spread post-cost,662,circular_block_bootstrap,60,ok,60,-1.0,1.3953233364475306,-7.068581386458505,-3.147104040435028,,1.0561527707776506,1.093819868587438,0.0,6
VIX hedge sleeve,Full-spread post-cost,663,circular_block_bootstrap,60,ok,60,-1.0,1.0379502425907285,-9.894900562967218,-3.27376187918822,-1.0,1.0583986254295532,1.084964557797967,-0.0,6
VIX hedge sleeve,Full-spread post-cost,664,circular_block_bootstrap,60,ok,60,-1.0,1.483241329733015,-6.205273150823666,-3.0512924282990204,-1.1141222415940224,1.0609256310950126,1.1106665730238332,-0.0,6
VIX hedge sleeve,Full-spread post-cost,665,circular_block_bootstrap,60,ok,60,-1.0,1.2798750841962578,-7.851878736069047,-3.181130577743859,,1.0558695941024958,1.056822587077341,-0.0,6
VIX hedge sleeve,Full-spread post-cost,666,circular_block_bootstrap,60,ok,60,-1.0,1.4406003812499886,-6.465707369856034,-3.0845978853053,-1.1141222415940224,1.109197913881503,1.1141222415940224,-0.0,6
VIX hedge sleeve,Full-spread post-cost,667,circular_block_bootstrap,60,ok,60,-1.0,1.4102418792331004,-6.710520250208091,-3.114018531813497,0.0,1.0609256310950126,1.1106749121009478,0.0,6
VIX hedge sleeve,Full-spread post-cost,668,circular_block_bootstrap,60,ok,60,-1.0,1.4347498489897963,-6.798900636435169,-3.119833437634264,,1.0609268819565796,1.1287024691663996,0.0,6
VIX hedge sleeve,Full-spread post-cost,669,circular_block_bootstrap,60,ok,60,-1.0,1.6466353792648225,-5.385767282761573,-2.967008459053069,0.0,1.0582844082013048,1.1106749121009478,0.0,6
VIX hedge sleeve,Full-spread post-cost,670,circular_block_bootstrap,60,ok,60,-1.0,1.5538861981013328,-5.9258690798418785,-3.029189379708741,,1.1089387387387388,1.117956686810022,0.0,6
VIX hedge sleeve,Full-spread post-cost,671,circular_block_bootstrap,60,ok,60,-1.0,1.441792461907311,-6.891646417585647,-3.1179107671998776,-1.0090366764221381,1.1630214099350942,1.1630214099350942,-0.0,6
VIX hedge sleeve,Full-spread post-cost,672,circular_block_bootstrap,60,ok,60,-1.0,1.4648087058772694,-6.260520098555348,-3.054978978939416,0.0,1.1089387387387388,1.1102346144525597,-0.0,6
VIX hedge sleeve,Full-spread post-cost,673,circular_block_bootstrap,60,ok,60,-1.0,1.4493928614739255,-6.5138011834594876,-3.084964972444726,,1.109197913881503,1.1304219643743796,-0.0,6
VIX hedge sleeve,Full-spread post-cost,674,circular_block_bootstrap,60,ok,60,-1.0,1.128491041776019,-9.062538262497423,-3.2533433992308587,,1.0559877969789115,1.0955477028725327,0.0,6
VIX hedge sleeve,Full-spread post-cost,675,circular_block_bootstrap,60,ok,60,-1.0,1.5620701077397687,-5.86563181655634,-3.0232108015071546,,1.058514802644371,1.1106749121009478,0.0,6
VIX hedge sleeve,Full-spread post-cost,676,circular_block_bootstrap,60,ok,60,-1.0,1.1004924567119359,-9.778374204068312,-3.286942190907771,,1.0609268819565796,1.1287024691663996,0.0,6
VIX hedge sleeve,Full-spread post-cost,677,circular_block_bootstrap,60,ok,60,-1.0,1.1076283105595905,-9.38363590962241,-3.265333362517626,0.0,1.0561527707776506,1.0955477028725327,0.0,6
VIX hedge sleeve,Full-spread post-cost,678,circular_block_bootstrap,60,ok,60,-1.0,1.347813108440697,-7.318292258885968,-3.159941606847168,-1.0,1.0561527707776506,1.0920920343023435,0.0,6
VIX hedge sleeve,Full-spread post-cost,679,circular_block_bootstrap,60,ok,60,-1.0,1.4305299249181762,-6.583206259882676,-3.0929379319031627,0.0,1.055630516827917,1.0929739638679148,0.0,6
VIX hedge sleeve,Full-spread post-cost,680,circular_block_bootstrap,60,ok,60,-1.0,1.5328307689438376,-6.0152710899458794,-3.042359956060345,,1.108963755970082,1.135992582952588,-0.0,6
VIX hedge sleeve,Full-spread post-cost,681,circular_block_bootstrap,60,ok,60,-1.0,1.4349627540953636,-6.791677295828155,-3.1102394852103945,,1.1089387387387388,1.1197602764242787,-0.0,6
VIX hedge sleeve,Full-spread post-cost,682,circular_block_bootstrap,60,ok,60,-1.0,1.2189500302247485,-8.198722469719094,-3.216158033508746,,1.108939989600306,1.1269829739584194,0.0,6
VIX hedge sleeve,Full-spread post-cost,683,circular_block_bootstrap,60,ok,60,-1.0,1.3597015647127013,-7.0407499693023246,-3.140273143987717,-1.0,1.0559877969789115,1.093819868587438,-0.0,6
VIX hedge sleeve,Full-spread post-cost,684,circular_block_bootstrap,60,ok,60,-1.0,1.3551347181066664,-7.029376144166676,-3.132843419405881,-1.0,1.0536207407407407,1.0674502402402402,-0.0,6
VIX hedge sleeve,Full-spread post-cost,685,circular_block_bootstrap,60,ok,60,-1.0,1.2136263924207953,-8.25956349931218,-3.2087363704612035,-1.0090366764221381,1.108963755970082,1.135992582952588,0.0,6
VIX hedge sleeve,Full-spread post-cost,686,circular_block_bootstrap,60,ok,60,-1.0,1.3882948679311027,-7.046081427671423,-3.1478376642072887,-1.0,1.0609268819565796,1.1269829739584194,-0.0,6
VIX hedge sleeve,Full-spread post-cost,687,circular_block_bootstrap,60,ok,60,-1.0,0.9926368708246422,-10.639293597124576,-3.2977475789760393,-1.0558609112709831,1.0609256310950126,1.126974634881305,0.0,6
VIX hedge sleeve,Full-spread post-cost,688,circular_block_bootstrap,60,ok,60,-1.0,1.1919652951872648,-8.396023791557457,-3.2188937363845493,0.0,1.108939989600306,1.1287024691663996,0.0,6
VIX hedge sleeve,Full-spread post-cost,689,circular_block_bootstrap,60,ok,60,-1.0,1.5121895840381743,-6.393606156509845,-3.086279794451716,-1.0006557997625982,1.1630214099350942,1.1630214099350942,-0.0,6
VIX hedge sleeve,Full-spread post-cost,690,circular_block_bootstrap,60,ok,60,-1.0,1.3760935055834214,-7.2068721621367455,-3.1405793818492214,-1.0558609112709831,1.0609268819565796,1.1450021919467568,-0.0,6
VIX hedge sleeve,Full-spread post-cost,691,circular_block_bootstrap,60,ok,60,-1.0,1.5116955514669221,-6.27020191483498,-3.063152854365492,-1.0,1.0586797764431097,1.1089554168929678,-0.0,6
VIX hedge sleeve,Full-spread post-cost,692,circular_block_bootstrap,60,ok,60,-1.0,1.5705612886026024,-5.517759847141759,-2.9712365956549083,-1.0,1.0536207407407407,1.0686447114124433,-0.0,6
VIX hedge sleeve,Full-spread post-cost,693,circular_block_bootstrap,60,ok,60,-1.0,1.4660678912757985,-6.598535142803766,-3.1023831212926827,,1.108939989600306,1.1450021919467568,0.0,6
VIX hedge sleeve,Full-spread post-cost,694,circular_block_bootstrap,60,ok,60,-1.0,1.2747916843679763,-8.04002951370751,-3.2022946695024626,0.0,1.1116666386683327,1.1630214099350942,0.0,6
VIX hedge sleeve,Full-spread post-cost,695,circular_block_bootstrap,60,ok,60,-1.0,1.3976751586690614,-7.1273902616117555,-3.1480657537755827,-1.0,1.0609256310950126,1.1089470778158532,-0.0,6
VIX hedge sleeve,Full-spread post-cost,696,circular_block_bootstrap,60,ok,60,-1.0,1.5967667203967149,-5.788983218552127,-3.0158156724183445,-1.0,1.1141222415940224,1.133681908930451,-0.0,6
VIX hedge sleeve,Full-spread post-cost,697,circular_block_bootstrap,60,ok,60,-1.0,1.4724068317232961,-6.618741597541596,-3.099995389684745,-1.0087245912579244,1.0561527707776506,1.0583986254295532,0.0,6
VIX hedge sleeve,Full-spread post-cost,698,circular_block_bootstrap,60,ok,60,-1.0,1.1869719266260188,-8.676796002067809,-3.238779368389646,-1.0,1.0561527707776506,1.0955477028725327,0.0,6
VIX hedge sleeve,Full-spread post-cost,699,circular_block_bootstrap,60,ok,60,-1.0,1.7224888629876183,-5.315032145116749,-2.9627681735652334,-1.0719624325975046,1.1141222415940224,1.1263470336792905,0.0,6
VIX hedge sleeve,Full-spread post-cost,700,circular_block_bootstrap,60,ok,60,-1.0,1.527773247676914,-5.8972792115458486,-3.026137996969721,,1.1089387387387388,1.1115304901663805,0.0,6
VIX hedge sleeve,Full-spread post-cost,701,circular_block_bootstrap,60,ok,60,-1.0,1.6097437505200995,-5.595974304289971,-2.995179419056632,-1.0,1.1089387387387388,1.1115304901663805,-0.0,6
VIX hedge sleeve,Full-spread post-cost,702,circular_block_bootstrap,60,ok,60,-1.0,1.5365367621616963,-6.131919074549589,-3.0621894932885465,,1.0585160535059381,1.1287024691663996,0.0,6
VIX hedge sleeve,Full-spread post-cost,703,circular_block_bootstrap,60,ok,60,-1.0,1.6863577795513707,-5.143343280496563,-2.921412649536247,-1.0,1.108939989600306,1.1269829739584194,0.0,6
VIX hedge sleeve,Full-spread post-cost,704,circular_block_bootstrap,60,ok,60,-1.0,1.6054719337217904,-5.513029941490566,-2.975847966498997,,1.109221680251279,1.1304219643743796,-0.0,6
VIX hedge sleeve,Full-spread post-cost,705,circular_block_bootstrap,60,ok,60,-1.0,1.3864706879372968,-6.718639864119917,-3.1058605180953425,-1.0,1.0582844082013048,1.1106665730238332,0.0,6
VIX hedge sleeve,Full-spread post-cost,706,circular_block_bootstrap,60,ok,60,-1.0,1.1147636667498233,-9.327154480020237,-3.2687108968016725,-1.0,1.0583986254295532,1.0849645577979667,-0.0,6
VIX hedge sleeve,Full-spread post-cost,707,circular_block_bootstrap,60,ok,60,-1.0,1.3243829783959606,-7.441013204182374,-3.159675724736723,-1.0,1.0609256310950126,1.1269746348813052,-0.0,6
VIX hedge sleeve,Full-spread post-cost,708,circular_block_bootstrap,60,ok,60,-1.0,1.4722410734004667,-6.715571812007433,-3.1193283681161037,,1.108939989600306,1.1287024691663996,-0.0,6
VIX hedge sleeve,Full-spread post-cost,709,circular_block_bootstrap,60,ok,60,-1.0,1.618551882309004,-5.593279735623604,-3.0018310499720675,-1.0090366764221381,1.109221680251279,1.146721687154737,0.0,6
VIX hedge sleeve,Full-spread post-cost,710,circular_block_bootstrap,60,ok,60,-1.0,1.3635934007569592,-6.943176961387162,-3.1339227743152076,0.0,1.108939989600306,1.1287024691663996,0.0,6
VIX hedge sleeve,Full-spread post-cost,711,circular_block_bootstrap,60,ok,60,-1.0,1.6391121070644312,-5.279921801247464,-2.9514991769484804,-1.0,1.1141222415940224,1.1141222415940224,-0.0,6
VIX hedge sleeve,Full-spread post-cost,712,circular_block_bootstrap,60,ok,60,-1.0,1.2069887296624493,-8.333867145394722,-3.2152869117802854,,1.1089387387387388,1.1237552822516486,-0.0,6
VIX hedge sleeve,Full-spread post-cost,713,circular_block_bootstrap,60,ok,60,-1.0,1.2847945867766595,-7.572553400765925,-3.1571963648209196,-1.0,1.0609256310950126,1.1106665730238332,-0.0,6
VIX hedge sleeve,Full-spread post-cost,714,circular_block_bootstrap,60,ok,60,-1.0,1.645109896719273,-5.491642067405042,-2.988115405806371,-1.0719624325975046,1.109221680251279,1.1304219643743796,-0.0,6
VIX hedge sleeve,Full-spread post-cost,715,circular_block_bootstrap,60,ok,60,-1.0,1.2293633573181306,-8.001395791131218,-3.203074672766349,-1.0,1.0586797764431097,1.1123944073089278,0.0,6
VIX hedge sleeve,Full-spread post-cost,716,circular_block_bootstrap,60,ok,60,-1.0,1.3668992754034852,-6.986485724983377,-3.1278123132290228,,1.0609256310950126,1.1089470778158532,0.0,6
VIX hedge sleeve,Full-spread post-cost,717,circular_block_bootstrap,60,ok,60,-1.0,1.545184672968864,-5.866349515848815,-3.0295991913067937,-1.0087245912579244,1.0561527707776506,1.0955477028725327,0.0,6
VIX hedge sleeve,Full-spread post-cost,718,circular_block_bootstrap,60,ok,60,-1.0,1.5786343414165263,-5.823342331168967,-3.0164799080244036,,1.109221680251279,1.1304219643743796,0.0,6
VIX hedge sleeve,Full-spread post-cost,719,circular_block_bootstrap,60,ok,60,-1.0,1.5338541932383665,-6.127628848068979,-3.0575965349062377,,1.0558609112709831,1.0879135799436253,-0.0,6
VIX hedge sleeve,Full-spread post-cost,720,circular_block_bootstrap,60,ok,60,-1.0,1.3541540997850856,-7.177270454191473,-3.1377908188508186,,1.0609256310950126,1.1269746348813052,-0.0,6
VIX hedge sleeve,Full-spread post-cost,721,circular_block_bootstrap,60,ok,60,-1.0,1.5698301003369604,-5.60471908213983,-3.0039369048253817,,1.0,1.0020623361823362,-0.0,6
VIX hedge sleeve,Full-spread post-cost,722,circular_block_bootstrap,60,ok,60,-1.0,1.5001782677583242,-6.043768372261785,-3.0350274148088374,-1.0,1.058514802644371,1.1089387387387388,-0.0,6
VIX hedge sleeve,Full-spread post-cost,723,circular_block_bootstrap,60,ok,60,-1.0,1.6266650508563925,-5.374565005810092,-2.9430092435618933,-1.0719624325975046,1.1089387387387388,1.118816434414012,-0.0,6
VIX hedge sleeve,Full-spread post-cost,724,circular_block_bootstrap,60,ok,60,-1.0,1.3494613631653984,-7.348383258717216,-3.160607264875577,,1.109221680251279,1.146721687154737,0.0,6
VIX hedge sleeve,Full-spread post-cost,725,circular_block_bootstrap,60,ok,60,-1.0,0.8570162199418182,-12.779564291021417,-3.3521181648739264,,1.0586797764431097,1.1269746348813052,-0.0,6
VIX hedge sleeve,Full-spread post-cost,726,circular_block_bootstrap,60,ok,60,-1.0,1.6748645644969982,-5.279291291082932,-2.9409017130632806,0.0,1.108939989600306,1.1269829739584194,-0.0,6
VIX hedge sleeve,Full-spread post-cost,727,circular_block_bootstrap,60,ok,60,-1.0,1.3225471961317448,-7.001781857661562,-3.131631816011779,-1.0,1.0,1.0003115925449257,-0.0,6
VIX hedge sleeve,Full-spread post-cost,728,circular_block_bootstrap,60,ok,60,-1.0,1.506004140687129,-6.172552133979639,-3.0630079760978237,0.0,1.108963755970082,1.12376779086732,-0.0,6
VIX hedge sleeve,Full-spread post-cost,729,circular_block_bootstrap,60,ok,60,-1.0,1.430601454154451,-6.832000271492977,-3.11999354990477,-1.0,1.0560345679012346,1.0824866533199868,0.0,6
VIX hedge sleeve,Full-spread post-cost,730,circular_block_bootstrap,60,ok,60,-1.0,1.764171320195795,-4.949368945124569,-2.8910600750247526,-1.0,1.108963755970082,1.135992582952588,-0.0,6
VIX hedge sleeve,Full-spread post-cost,731,circular_block_bootstrap,60,ok,60,-1.0,1.4782512317837326,-6.690169129383947,-3.104794651494213,,1.1116666386683327,1.1630214099350942,0.0,6
VIX hedge sleeve,Full-spread post-cost,732,circular_block_bootstrap,60,ok,60,-1.0,1.5319945665526722,-6.074337363129322,-3.047689685845879,,1.1089387387387388,1.1110121398808521,0.0,6
VIX hedge sleeve,Full-spread post-cost,733,circular_block_bootstrap,60,ok,60,-1.0,1.5814673266821895,-5.765302649028978,-3.0090854375455867,,1.108939989600306,1.1269829739584194,0.0,6
VIX hedge sleeve,Full-spread post-cost,734,circular_block_bootstrap,60,ok,60,-1.0,1.3207712919526886,-7.2216324489773065,-3.148666353020913,-1.0,1.109197913881503,1.1304219643743796,0.0,6
VIX hedge sleeve,Full-spread post-cost,735,circular_block_bootstrap,60,ok,60,-1.0,1.3117151378738543,-7.544790934819988,-3.1727479807623897,,1.1089387387387388,1.1115304901663805,0.0,6
VIX hedge sleeve,Full-spread post-cost,736,circular_block_bootstrap,60,ok,60,-1.0,1.4113661112718847,-6.693174874398877,-3.109792085823505,-1.0,1.109221680251279,1.1141222415940224,-0.0,6
VIX hedge sleeve,Full-spread post-cost,737,circular_block_bootstrap,60,ok,60,-1.0,1.4695352791687826,-6.200400234776573,-3.0696372924778546,-1.0556183908045977,1.0556183908045977,1.0779832305493107,-0.0,6
VIX hedge sleeve,Full-spread post-cost,738,circular_block_bootstrap,60,ok,60,-1.0,1.3748528914001068,-7.020007501226761,-3.140675778346766,-1.0,1.0558695941024958,1.093031849411332,0.0,6
VIX hedge sleeve,Full-spread post-cost,739,circular_block_bootstrap,60,ok,60,-1.0,1.1344224922495676,-9.36736170147192,-3.262178430613523,0.0,1.109221680251279,1.146721687154737,-0.0,6
VIX hedge sleeve,Full-spread post-cost,740,circular_block_bootstrap,60,ok,60,-1.0,1.6154158223442292,-5.73712238480966,-3.0180781765559814,,1.109221680251279,1.1304219643743796,0.0,6
VIX hedge sleeve,Full-spread post-cost,741,circular_block_bootstrap,60,ok,60,-1.0,1.4998372896481231,-6.228364589319898,-3.053371136244405,-1.0,1.0556391996594297,1.056822587077341,-0.0,6
VIX hedge sleeve,Full-spread post-cost,742,circular_block_bootstrap,60,ok,60,-1.0,1.429203917540307,-6.21034662938721,-3.048708228878334,-1.0,1.0537206232439336,1.0556183908045977,0.0,6
VIX hedge sleeve,Full-spread post-cost,743,circular_block_bootstrap,60,ok,60,-1.0,1.321959193181429,-7.849885632560091,-3.177751250855601,-1.0,1.1089387387387388,1.117956686810022,-0.0,6
VIX hedge sleeve,Full-spread post-cost,744,circular_block_bootstrap,60,ok,60,-1.0,1.4716557946150388,-6.371283503972131,-3.075722731471397,,1.1089387387387388,1.1224656608456636,0.0,6
VIX hedge sleeve,Full-spread post-cost,745,circular_block_bootstrap,60,ok,60,-1.0,1.5070664450053426,-6.173099805096151,-3.0623128456348856,-1.0,1.109221680251279,1.146721687154737,-0.0,6
VIX hedge sleeve,Full-spread post-cost,746,circular_block_bootstrap,60,ok,60,-1.0,1.1712067853950658,-8.776058072028892,-3.2437178379236014,,1.108939989600306,1.1269829739584194,0.0,6
VIX hedge sleeve,Full-spread post-cost,747,circular_block_bootstrap,60,ok,60,-1.0,1.6110564178635334,-5.575277770377852,-2.98460257928074,,1.0556391996594297,1.093031849411332,-0.0,6
VIX hedge sleeve,Full-spread post-cost,748,circular_block_bootstrap,60,ok,60,-1.0,1.3422904264130076,-7.053766013845308,-3.122682291546371,-1.0,1.0537414320987655,1.057610606253447,0.0,6
VIX hedge sleeve,Full-spread post-cost,749,circular_block_bootstrap,60,ok,60,-1.0,1.6660773725471583,-5.096045212265944,-2.9129017574150664,-1.0,1.109221680251279,1.1304219643743796,0.0,6
VIX hedge sleeve,Full-spread post-cost,750,circular_block_bootstrap,60,ok,60,-1.0,1.5948305035869095,-5.343570910687292,-2.955542464750425,-1.1141222415940224,1.0537206232439336,1.0929014627895672,-0.0,6
VIX hedge sleeve,Full-spread post-cost,751,circular_block_bootstrap,60,ok,60,-1.0,1.3077149935738919,-7.613940767461629,-3.1869594583227214,-1.0719624325975046,1.0583986254295532,1.0806880718953409,-0.0,6
VIX hedge sleeve,Full-spread post-cost,752,circular_block_bootstrap,60,ok,60,-1.0,1.11261256533606,-9.235871035583875,-3.2625264580619753,-1.0,1.0583986254295532,1.0796563747705528,-0.0,6
VIX hedge sleeve,Full-spread post-cost,753,circular_block_bootstrap,60,ok,60,-1.0,1.0920421932309796,-9.35220791302843,-3.26008762412845,0.0,1.0557574025358456,1.093819868587438,-0.0,6
VIX hedge sleeve,Full-spread post-cost,754,circular_block_bootstrap,60,ok,60,-1.0,1.3813846091880284,-7.017798034508187,-3.1351994089756716,-1.1141222415940224,1.0609268819565796,1.1287024691663996,-0.0,6
VIX hedge sleeve,Full-spread post-cost,755,circular_block_bootstrap,60,ok,60,-1.0,1.527644815397834,-6.334037102827429,-3.0880126502602154,-1.0558609112709831,1.109221680251279,1.146721687154737,0.0,6
VIX hedge sleeve,Full-spread post-cost,756,circular_block_bootstrap,60,ok,60,-1.0,1.589088626556621,-5.611067123543067,-2.9834979158120496,0.0,1.0609256310950126,1.1089387387387388,-0.0,6
VIX hedge sleeve,Full-spread post-cost,757,circular_block_bootstrap,60,ok,60,-1.0,1.021734440234962,-10.399104968923325,-3.2910778852135434,,1.1089387387387388,1.1115304901663805,0.0,6
VIX hedge sleeve,Full-spread post-cost,758,circular_block_bootstrap,60,ok,60,-1.0,1.5670364691700267,-5.855593315580379,-3.024449314391653,-1.0,1.108939989600306,1.1287024691663996,-0.0,6
VIX hedge sleeve,Full-spread post-cost,759,circular_block_bootstrap,60,ok,60,-1.0,1.4674475885868585,-6.353504783554811,-3.067621564999121,-1.0,1.0583986254295532,1.0796513713242841,-0.0,6
VIX hedge sleeve,Full-spread post-cost,760,circular_block_bootstrap,60,ok,60,-1.0,1.3536246247732004,-7.558102697769016,-3.1693399476364466,0.0,1.108939989600306,1.1287024691663996,0.0,6
VIX hedge sleeve,Full-spread post-cost,761,circular_block_bootstrap,60,ok,60,-1.0,1.4233420390333957,-6.5908550980405955,-3.0888328888992187,,1.0388248929834354,1.0552299588477367,-0.0,6
VIX hedge sleeve,Full-spread post-cost,762,circular_block_bootstrap,60,ok,60,-1.0,1.4845371953404058,-6.017719126898669,-3.037064149834563,-1.0087245912579244,1.0559877969789115,1.0955477028725327,0.0,6
VIX hedge sleeve,Full-spread post-cost,763,circular_block_bootstrap,60,ok,60,-1.0,1.5413533796073648,-6.41182317090299,-3.0939371048988824,-1.0,1.116567200011076,1.1630214099350942,-0.0,6
VIX hedge sleeve,Full-spread post-cost,764,circular_block_bootstrap,60,ok,60,-1.0,1.4170439525014198,-6.810072318466042,-3.1172218214628487,,1.0561527707776506,1.0932728869314001,-0.0,6
VIX hedge sleeve,Full-spread post-cost,765,circular_block_bootstrap,60,ok,60,-1.0,1.5528604414770324,-5.8180600873034205,-3.0070930365464714,-1.0087245912579244,1.0110900900900899,1.056822587077341,-0.0,6
VIX hedge sleeve,Full-spread post-cost,766,circular_block_bootstrap,60,ok,60,-1.0,1.1155613398613635,-9.156328741902298,-3.261957107522294,-1.0,1.0537414320987655,1.0761851449749367,-0.0,6
VIX hedge sleeve,Full-spread post-cost,767,circular_block_bootstrap,60,ok,60,-1.0,1.3463381307494204,-7.160200998793835,-3.143175231634049,,1.0609256310950126,1.1123944073089278,-0.0,6
VIX hedge sleeve,Full-spread post-cost,768,circular_block_bootstrap,60,ok,60,-1.0,1.15267736169418,-8.590859755774407,-3.23223618467093,-1.0,1.0559877969789115,1.0752453298659483,-0.0,6
VIX hedge sleeve,Full-spread post-cost,769,circular_block_bootstrap,60,ok,60,-1.0,1.683241742133752,-5.368474643202467,-2.956320855643952,,1.108963755970082,1.135992582952588,-0.0,6
VIX hedge sleeve,Full-spread post-cost,770,circular_block_bootstrap,60,ok,60,-1.0,1.4977293349604601,-6.193655515603445,-3.058719158047172,,1.0558695941024958,1.1093315721916894,-0.0,6
VIX hedge sleeve,Full-spread post-cost,771,circular_block_bootstrap,60,ok,60,-1.0,1.241074360470877,-8.423072006709166,-3.2271652398626203,0.0,1.1141222415940224,1.1385718257645583,-0.0,6
VIX hedge sleeve,Full-spread post-cost,772,circular_block_bootstrap,60,ok,60,-1.0,1.6312787678496476,-5.364014584582843,-2.9463298995200344,,1.055630516827917,1.0929739638679148,-0.0,6
VIX hedge sleeve,Full-spread post-cost,773,circular_block_bootstrap,60,ok,60,-1.0,1.4627341715548285,-6.894712968456034,-3.131680922822478,-1.0558609112709831,1.109221680251279,1.146721687154737,0.0,6
VIX hedge sleeve,Full-spread post-cost,774,circular_block_bootstrap,60,ok,60,-1.0,1.68347241583818,-5.138113753922518,-2.91781698969075,,1.1089387387387388,1.1089437421850075,0.0,6
VIX hedge sleeve,Full-spread post-cost,775,circular_block_bootstrap,60,ok,60,-1.0,1.1279481525916775,-9.313416601978277,-3.265165646478214,,1.1089387387387388,1.1224656608456636,0.0,6
VIX hedge sleeve,Full-spread post-cost,776,circular_block_bootstrap,60,ok,60,-1.0,1.6187879260800382,-5.576055257862882,-2.984366911984795,-1.0558609112709831,1.108939989600306,1.1269829739584194,0.0,6
VIX hedge sleeve,Full-spread post-cost,777,circular_block_bootstrap,60,ok,60,-1.0,1.59675225669164,-5.789350492975074,-3.0165424544853052,-1.0,1.1141222415940224,1.1263470336792902,-0.0,6
VIX hedge sleeve,Full-spread post-cost,778,circular_block_bootstrap,60,ok,60,-1.0,1.7231536412951798,-4.867537390007319,-2.8865759924313426,,1.1141222415940224,1.1239020752622366,-0.0,6
VIX hedge sleeve,Full-spread post-cost,779,circular_block_bootstrap,60,ok,60,-1.0,1.350854517460097,-7.318450907008482,-3.1460528730939807,0.0,1.108963755970082,1.135992582952588,-0.0,6
VIX hedge sleeve,Full-spread post-cost,780,circular_block_bootstrap,60,ok,60,-1.0,1.5538436627067107,-5.8747437902332,-3.0257765211677534,-1.0,1.0561527707776506,1.0752453298659483,0.0,6
VIX hedge sleeve,Full-spread post-cost,781,circular_block_bootstrap,60,ok,60,-1.0,1.6540095290043657,-5.459299850478615,-2.9705571329837808,-1.0719624325975046,1.109221680251279,1.1304219643743796,-0.0,6
VIX hedge sleeve,Full-spread post-cost,782,circular_block_bootstrap,60,ok,60,-1.0,1.6911566903060227,-5.160686624535387,-2.934790647375226,,1.1089387387387388,1.1102408687603955,0.0,6
VIX hedge sleeve,Full-spread post-cost,783,circular_block_bootstrap,60,ok,60,-1.0,1.538180580844214,-6.153787873349334,-3.053087205099349,,1.109221680251279,1.1304219643743796,0.0,6
VIX hedge sleeve,Full-spread post-cost,784,circular_block_bootstrap,60,ok,60,-1.0,1.2483148363341758,-8.189230884093538,-3.2139757276807606,-1.0,1.108963755970082,1.135992582952588,0.0,6
VIX hedge sleeve,Full-spread post-cost,785,circular_block_bootstrap,60,ok,60,-1.0,1.6804316910045651,-5.488464546444717,-2.978909855327289,-1.0002143575695066,1.116567200011076,1.1630214099350942,-0.0,6
VIX hedge sleeve,Full-spread post-cost,786,circular_block_bootstrap,60,ok,60,-1.0,1.3746405329253173,-7.305554847401633,-3.16166787146392,0.0,1.0609268819565796,1.1287024691663996,0.0,6
VIX hedge sleeve,Full-spread post-cost,787,circular_block_bootstrap,60,ok,60,-1.0,1.2859364444399486,-7.598257043140695,-3.164273768298142,,1.0558609112709831,1.0826944500945739,0.0,6
VIX hedge sleeve,Full-spread post-cost,788,circular_block_bootstrap,60,ok,60,-1.0,1.3352520858623442,-7.417512252456369,-3.1641969346734435,0.0,1.0609268819565796,1.1287024691663996,0.0,6
VIX hedge sleeve,Full-spread post-cost,789,circular_block_bootstrap,60,ok,60,-1.0,1.2180418372455026,-8.243743789401396,-3.2163466022133176,-1.0006557997625982,1.0558695941024958,1.092484867755294,-0.0,6
VIX hedge sleeve,Full-spread post-cost,790,circular_block_bootstrap,60,ok,60,-1.0,1.4017850767807263,-7.232416404236636,-3.162245134813272,,1.1116666386683327,1.1630214099350942,-0.0,6
VIX hedge sleeve,Full-spread post-cost,791,circular_block_bootstrap,60,ok,60,-1.0,1.278906001583779,-7.5304483503828825,-3.1693534007740007,,1.0556183908045977,1.069643536444372,0.0,6
VIX hedge sleeve,Full-spread post-cost,792,circular_block_bootstrap,60,ok,60,-1.0,1.2337341570515086,-8.316413553905292,-3.2210161873485195,0.0,1.0583986254295532,1.0849708121058026,-0.0,6
VIX hedge sleeve,Full-spread post-cost,793,circular_block_bootstrap,60,ok,60,-1.0,1.5075232183188199,-6.183316630521141,-3.051337713973217,-1.0,1.0609268819565796,1.1287024691663996,-0.0,6
VIX hedge sleeve,Full-spread post-cost,794,circular_block_bootstrap,60,ok,60,-1.0,1.3397146637195183,-7.313962349210114,-3.160072323915762,,1.0583986254295532,1.0710336537568494,0.0,6
VIX hedge sleeve,Full-spread post-cost,795,circular_block_bootstrap,60,ok,60,-1.0,1.7320984976844003,-4.834595512313177,-2.8729463277286054,-1.0,1.109221680251279,1.1141222415940224,-0.0,6
VIX hedge sleeve,Full-spread post-cost,796,circular_block_bootstrap,60,ok,60,-1.0,1.121615905253341,-9.300137526374275,-3.2674460371876815,-1.0556183908045977,1.1089387387387388,1.1102346144525597,0.0,6
VIX hedge sleeve,Full-spread post-cost,797,circular_block_bootstrap,60,ok,60,-1.0,1.0454723814215023,-10.143109020448243,-3.290320609342913,0.0,1.109221680251279,1.146721687154737,-0.0,6
VIX hedge sleeve,Full-spread post-cost,798,circular_block_bootstrap,60,ok,60,-1.0,1.4675690377804826,-6.455002772293273,-3.0876745939989405,0.0,1.109221680251279,1.1304219643743796,-0.0,6
VIX hedge sleeve,Full-spread post-cost,799,circular_block_bootstrap,60,ok,60,-1.0,1.3607669431904355,-7.312732914412795,-3.1618367932253224,,1.0585160535059381,1.1287024691663996,0.0,6
VIX hedge sleeve,Full-spread post-cost,800,circular_block_bootstrap,60,ok,60,-1.0,1.2811483518970679,-7.81373460631286,-3.1795879402285463,-1.0,1.0586797764431097,1.1106665730238332,-0.0,6
VIX hedge sleeve,Full-spread post-cost,801,circular_block_bootstrap,60,ok,60,-1.0,1.537981567201471,-6.029443244859087,-3.055056804567921,,1.0561527707776506,1.076973164151043,-0.0,6
VIX hedge sleeve,Full-spread post-cost,802,circular_block_bootstrap,60,ok,60,-1.0,1.637144517954904,-5.494757747593743,-2.9863567103656434,-1.0558609112709831,1.109221680251279,1.146721687154737,0.0,6
VIX hedge sleeve,Full-spread post-cost,803,circular_block_bootstrap,60,ok,60,-1.0,1.782669164089859,-4.868865046835896,-2.8815321116177115,-1.0,1.1141222415940224,1.133681908930451,-0.0,6
VIX hedge sleeve,Full-spread post-cost,804,circular_block_bootstrap,60,ok,60,-1.0,1.686298238020664,-5.353350397681867,-2.9623244222383605,-1.0,1.108963755970082,1.135992582952588,-0.0,6
VIX hedge sleeve,Full-spread post-cost,805,circular_block_bootstrap,60,ok,60,-1.0,1.273641451949121,-8.068088078088582,-3.2065028313213793,-1.0,1.0609268819565796,1.1287024691663996,0.0,6
VIX hedge sleeve,Full-spread post-cost,806,circular_block_bootstrap,60,ok,60,-1.0,1.0756996293126486,-9.723928851294751,-3.268388817402947,-1.0087245912579244,1.0561527707776506,1.0752453298659483,0.0,6
VIX hedge sleeve,Full-spread post-cost,807,circular_block_bootstrap,60,ok,60,-1.0,1.5692008983796504,-6.201894470854686,-3.0710971498535202,,1.116567200011076,1.1630214099350942,0.0,6
VIX hedge sleeve,Full-spread post-cost,808,circular_block_bootstrap,60,ok,60,-1.0,1.5791565094911768,-6.13383266609051,-3.0475525940366692,0.0,1.1116666386683327,1.1630214099350942,0.0,6
VIX hedge sleeve,Full-spread post-cost,809,circular_block_bootstrap,60,ok,60,-1.0,1.765941203190464,-4.900864049185228,-2.8781755940452083,0.0,1.1089387387387388,1.1224656608456636,-0.0,6
VIX hedge sleeve,Full-spread post-cost,810,circular_block_bootstrap,60,ok,60,-1.0,1.436509111265235,-6.676002985717811,-3.1108633202063025,,1.0561527707776506,1.093819868587438,0.0,6
VIX hedge sleeve,Full-spread post-cost,811,circular_block_bootstrap,60,ok,60,-1.0,1.261800918647581,-8.167079386313254,-3.213293619696853,,1.0609256310950126,1.1106749121009478,0.0,6
VIX hedge sleeve,Full-spread post-cost,812,circular_block_bootstrap,60,ok,60,-1.0,1.077288237329689,-9.78537450254559,-3.2781251188371208,,1.0556391996594297,1.1093399112688036,0.0,6
VIX hedge sleeve,Full-spread post-cost,813,circular_block_bootstrap,60,ok,60,-1.0,1.5224199346119092,-6.232748832275427,-3.065290202697414,,1.0561527707776506,1.093819868587438,0.0,6
VIX hedge sleeve,Full-spread post-cost,814,circular_block_bootstrap,60,ok,60,-1.0,1.4516522380409067,-6.641426534635855,-3.0984068062950834,0.0,1.108939989600306,1.1287024691663996,-0.0,6
VIX hedge sleeve,Full-spread post-cost,815,circular_block_bootstrap,60,ok,60,-1.0,1.441180148950047,-6.688623478356828,-3.1048922544106317,-1.0,1.058681027304677,1.1287024691663996,-0.0,6
VIX hedge sleeve,Full-spread post-cost,816,circular_block_bootstrap,60,ok,60,-1.0,1.141710543587435,-9.025499684281119,-3.245678505157383,,1.108939989600306,1.1287024691663996,0.0,6
VIX hedge sleeve,Full-spread post-cost,817,circular_block_bootstrap,60,ok,60,-1.0,1.4615784433984498,-6.865258673288736,-3.127639773520043,-1.0,1.1630214099350942,1.1630214099350942,0.0,6
VIX hedge sleeve,Full-spread post-cost,818,circular_block_bootstrap,60,ok,60,-1.0,1.6567004871761375,-5.1464651977127644,-2.9104253908465214,-1.0,1.0609256310950126,1.1106665730238332,-0.0,6
VIX hedge sleeve,Full-spread post-cost,819,circular_block_bootstrap,60,ok,60,-1.0,1.546266784400897,-6.136934638054361,-3.055876859398338,-1.0090366764221381,1.1141222415940224,1.133681908930451,-0.0,6
VIX hedge sleeve,Full-spread post-cost,820,circular_block_bootstrap,60,ok,60,-1.0,1.5801508320796946,-5.940199506172616,-3.0422197576883994,0.0,1.109221680251279,1.146721687154737,-0.0,6
VIX hedge sleeve,Full-spread post-cost,821,circular_block_bootstrap,60,ok,60,-1.0,1.4266533111228152,-7.090919373000698,-3.1504773134143993,,1.109221680251279,1.146721687154737,-0.0,6
VIX hedge sleeve,Full-spread post-cost,822,circular_block_bootstrap,60,ok,60,-1.0,1.5819394590198035,-5.8061486881048605,-3.0109041893912996,-1.0090366764221381,1.108939989600306,1.1269829739584194,0.0,6
VIX hedge sleeve,Full-spread post-cost,823,circular_block_bootstrap,60,ok,60,-1.0,1.394192023579649,-6.709167425840455,-3.1091053120810486,-1.0,1.116567200011076,1.1630214099350942,0.0,6
VIX hedge sleeve,Full-spread post-cost,824,circular_block_bootstrap,60,ok,60,-1.0,1.1139266782532111,-9.367462352833673,-3.263658711038092,,1.0537414320987655,1.0761851449749367,0.0,6
VIX hedge sleeve,Full-spread post-cost,825,circular_block_bootstrap,60,ok,60,-1.0,1.5242569203591605,-6.1020947443671245,-3.055950452733922,-1.0002143575695066,1.108963755970082,1.1237677908673203,0.0,6
VIX hedge sleeve,Full-spread post-cost,826,circular_block_bootstrap,60,ok,60,-1.0,1.48621448019297,-6.295373675730011,-3.0641342727555307,0.0,1.0583986254295532,1.0710399080646853,0.0,6
VIX hedge sleeve,Full-spread post-cost,827,circular_block_bootstrap,60,ok,60,-1.0,1.4391882240142604,-6.828901653909992,-3.123739512465732,-1.0556183908045977,1.109221680251279,1.1304219643743796,0.0,6
VIX hedge sleeve,Full-spread post-cost,828,circular_block_bootstrap,60,ok,60,-1.0,1.3628183835469343,-7.294344355214686,-3.1610319302617755,,1.0609256310950126,1.1269746348813052,0.0,6
VIX hedge sleeve,Full-spread post-cost,829,circular_block_bootstrap,60,ok,60,-1.0,1.2914339442910776,-7.868751167716653,-3.1926737678600765,-1.0,1.0583986254295532,1.0723295294706705,-0.0,6
VIX hedge sleeve,Full-spread post-cost,830,circular_block_bootstrap,60,ok,60,-1.0,1.6018711356467499,-5.871196615152291,-3.0246974227014065,,1.108939989600306,1.1287024691663996,0.0,6
VIX hedge sleeve,Full-spread post-cost,831,circular_block_bootstrap,60,ok,60,-1.0,0.9538332579681754,-11.144527230021755,-3.3173697828093363,0.0,1.0609268819565796,1.1287024691663996,-0.0,6
VIX hedge sleeve,Full-spread post-cost,832,circular_block_bootstrap,60,ok,60,-1.0,1.4184006482525473,-6.900436425472595,-3.1290505862816245,-1.0,1.108939989600306,1.1287024691663996,0.0,6
VIX hedge sleeve,Full-spread post-cost,833,circular_block_bootstrap,60,ok,60,-1.0,1.415313958259648,-6.828910559697053,-3.120759780509719,-1.0,1.0109693987320651,1.07206007340674,-0.0,6
VIX hedge sleeve,Full-spread post-cost,834,circular_block_bootstrap,60,ok,60,-1.0,1.3290053369740722,-7.39384800174028,-3.168576344741543,-1.0,1.0583986254295532,1.0849645577979667,0.0,6
VIX hedge sleeve,Full-spread post-cost,835,circular_block_bootstrap,60,ok,60,-1.0,1.4898044942535043,-6.397084894975528,-3.076180018574511,,1.108963755970082,1.130586817556087,-0.0,6
VIX hedge sleeve,Full-spread post-cost,836,circular_block_bootstrap,60,ok,60,-1.0,1.3516593899275224,-7.224243595243449,-3.145250871012416,,1.058514802644371,1.1269746348813052,-0.0,6
VIX hedge sleeve,Full-spread post-cost,837,circular_block_bootstrap,60,ok,60,-1.0,1.3763741301060148,-7.332414949612468,-3.154593724902828,,1.0609268819565796,1.1450021919467568,-0.0,6
VIX hedge sleeve,Full-spread post-cost,838,circular_block_bootstrap,60,ok,60,-1.0,1.5120863676427623,-6.042356327609385,-3.0398390571502736,-1.0,1.1089387387387388,1.1224656608456636,0.0,6
VIX hedge sleeve,Full-spread post-cost,839,circular_block_bootstrap,60,ok,60,-1.0,1.5209788791482353,-6.194557576330962,-3.0646645969211037,,1.109221680251279,1.1304219643743796,0.0,6
VIX hedge sleeve,Full-spread post-cost,840,circular_block_bootstrap,60,ok,60,-1.0,1.4930035752141637,-6.0375295419097466,-3.037106001141606,-1.0,1.109197913881503,1.1141222415940224,-0.0,6
VIX hedge sleeve,Full-spread post-cost,841,circular_block_bootstrap,60,ok,60,-1.0,1.5805726226021677,-6.032136309377703,-3.035794923395451,0.0,1.108963755970082,1.135992582952588,0.0,6
VIX hedge sleeve,Full-spread post-cost,842,circular_block_bootstrap,60,ok,60,-1.0,1.543011556378684,-5.984114908764265,-3.036180960819103,-1.0558609112709831,1.109221680251279,1.146721687154737,0.0,6
VIX hedge sleeve,Full-spread post-cost,843,circular_block_bootstrap,60,ok,60,-1.0,1.1336719955187777,-9.11123966233014,-3.25952607816757,-1.0,1.1089387387387388,1.1224656608456636,-0.0,6
VIX hedge sleeve,Full-spread post-cost,844,circular_block_bootstrap,60,ok,60,-1.0,1.5418560088396436,-5.995599606775509,-3.045777595319007,-1.0719624325975046,1.0609268819565796,1.1124027463860422,0.0,6
VIX hedge sleeve,Full-spread post-cost,845,circular_block_bootstrap,60,ok,60,-1.0,1.5776024258780963,-6.1731192367322665,-3.052831816611238,-1.0558609112709831,1.1630214099350942,1.1630214099350942,-0.0,6
VIX hedge sleeve,Full-spread post-cost,846,circular_block_bootstrap,60,ok,60,-1.0,1.3892044589345929,-6.86566112723267,-3.1078522148337804,0.0,1.0561527707776506,1.0920920343023435,0.0,6
VIX hedge sleeve,Full-spread post-cost,847,circular_block_bootstrap,60,ok,60,-1.0,1.4764665679042797,-6.296016844255424,-3.069542258429352,0.0,1.0583986254295532,1.084964557797967,0.0,6
VIX hedge sleeve,Full-spread post-cost,848,circular_block_bootstrap,60,ok,60,-1.0,1.126262254115226,-8.831202994994541,-3.23785712118454,-1.0,1.0609268819565796,1.1124027463860422,-0.0,6
VIX hedge sleeve,Full-spread post-cost,849,circular_block_bootstrap,60,ok,60,-1.0,1.4840823879398988,-6.84637123341512,-3.1280660902201034,,1.1630214099350942,1.1630214099350942,0.0,6
VIX hedge sleeve,Full-spread post-cost,850,circular_block_bootstrap,60,ok,60,-1.0,1.6714010495741063,-5.399468474914317,-2.9702588255358617,-1.0,1.0609256310950126,1.1123944073089278,-0.0,6
VIX hedge sleeve,Full-spread post-cost,851,circular_block_bootstrap,60,ok,60,-1.0,1.3661840333898034,-7.045466859275827,-3.141410219294334,0.0,1.108939989600306,1.1269829739584194,-0.0,6
VIX hedge sleeve,Full-spread post-cost,852,circular_block_bootstrap,60,ok,60,-1.0,0.9927948508970516,-10.740342355281562,-3.3006456928290104,,1.0583986254295532,1.0761092470084954,-0.0,6
VIX hedge sleeve,Full-spread post-cost,853,circular_block_bootstrap,60,ok,60,-1.0,1.2220729664603003,-8.255397422797913,-3.2236296082620477,,1.0537414320987655,1.0761851449749367,-0.0,6
VIX hedge sleeve,Full-spread post-cost,854,circular_block_bootstrap,60,ok,60,-1.0,1.410838955408969,-6.559132755066475,-3.079971724280697,-1.0,1.0609256310950126,1.1269746348813052,0.0,6
VIX hedge sleeve,Full-spread post-cost,855,circular_block_bootstrap,60,ok,60,-1.0,1.2823608871254764,-7.692341994241491,-3.1748160515039934,-1.0556183908045977,1.1089387387387388,1.1099754393097956,0.0,6
VIX hedge sleeve,Full-spread post-cost,856,circular_block_bootstrap,60,ok,60,-1.0,1.3973084854649882,-6.964662204487545,-3.1194332341198265,,1.108939989600306,1.1287024691663996,-0.0,6
VIX hedge sleeve,Full-spread post-cost,857,circular_block_bootstrap,60,ok,60,-1.0,1.479194868645919,-6.420176264397803,-3.0741625399497057,-1.0,1.109221680251279,1.1304219643743796,-0.0,6
VIX hedge sleeve,Full-spread post-cost,858,circular_block_bootstrap,60,ok,60,-1.0,1.5475409294732216,-6.10686423856077,-3.0572747059482865,-1.0,1.0561527707776506,1.076973164151043,0.0,6
VIX hedge sleeve,Full-spread post-cost,859,circular_block_bootstrap,60,ok,60,-1.0,1.3671364324059283,-6.985992694568278,-3.1226465395752605,-1.0,1.0561527707776506,1.0920920343023435,0.0,6
VIX hedge sleeve,Full-spread post-cost,860,circular_block_bootstrap,60,ok,60,-1.0,1.4331581760224512,-6.648699489728663,-3.0962672801473947,,1.1089387387387388,1.1197602764242787,0.0,6
VIX hedge sleeve,Full-spread post-cost,861,circular_block_bootstrap,60,ok,60,-1.0,0.9881911436538765,-10.6898397452374,-3.2992176113586336,,1.0561527707776506,1.1101195913677955,-0.0,6
VIX hedge sleeve,Full-spread post-cost,862,circular_block_bootstrap,60,ok,60,-1.0,1.4249861674228763,-6.837748442137553,-3.115977292410543,-1.0,1.108939989600306,1.1287024691663996,-0.0,6
VIX hedge sleeve,Full-spread post-cost,863,circular_block_bootstrap,60,ok,60,-1.0,1.583884927192541,-5.788196608026474,-3.020633647787843,-1.1141222415940224,1.1141222415940224,1.1141222415940224,0.0,6
VIX hedge sleeve,Full-spread post-cost,864,circular_block_bootstrap,60,ok,60,-1.0,1.6651647455827194,-5.736509594579069,-3.022385127647071,-1.0002143575695066,1.1141222415940224,1.1385718257645583,-0.0,6
VIX hedge sleeve,Full-spread post-cost,865,circular_block_bootstrap,60,ok,60,-1.0,1.6184680918067087,-5.458452694242652,-2.978202077973603,0.0,1.109221680251279,1.1304219643743796,0.0,6
VIX hedge sleeve,Full-spread post-cost,866,circular_block_bootstrap,60,ok,60,-1.0,1.2004328046406396,-8.461059054512763,-3.2321838724679157,-1.003276852720113,1.109221680251279,1.1304219643743796,-0.0,6
VIX hedge sleeve,Full-spread post-cost,867,circular_block_bootstrap,60,ok,60,-1.0,1.5224080862706684,-6.391567827672574,-3.087272671747178,-1.0090366764221381,1.1141222415940224,1.1304219643743796,-0.0,6
VIX hedge sleeve,Full-spread post-cost,868,circular_block_bootstrap,60,ok,60,-1.0,1.7241171677437486,-5.318540247042361,-2.9536451805313004,,1.108939989600306,1.1287024691663996,0.0,6
VIX hedge sleeve,Full-spread post-cost,869,circular_block_bootstrap,60,ok,60,-1.0,1.316559485951984,-7.489026071182668,-3.1740117082935244,0.0,1.0583986254295532,1.0806880718953409,-0.0,6
VIX hedge sleeve,Full-spread post-cost,870,circular_block_bootstrap,60,ok,60,-1.0,1.5129214965391484,-5.967861313223999,-3.040729915152691,-1.0,1.0583986254295532,1.0862604335117878,-0.0,6
VIX hedge sleeve,Full-spread post-cost,871,circular_block_bootstrap,60,ok,60,-1.0,1.248193088686306,-8.148015185001027,-3.2123915718187375,-1.0,1.1141222415940224,1.1263470336792902,-0.0,6
VIX hedge sleeve,Full-spread post-cost,872,circular_block_bootstrap,60,ok,60,-1.0,1.1768737352107699,-8.512927449473803,-3.2149195803670727,-1.0,1.1089387387387388,1.1237552822516486,0.0,6
VIX hedge sleeve,Full-spread post-cost,873,circular_block_bootstrap,60,ok,60,-1.0,1.2606175561321744,-8.03265459175505,-3.203292927912632,,1.108939989600306,1.1287024691663996,-0.0,6
VIX hedge sleeve,Full-spread post-cost,874,circular_block_bootstrap,60,ok,60,-1.0,1.0615802720478413,-9.501024547505086,-3.265402297988573,,1.0561527707776506,1.0752453298659483,-0.0,6
VIX hedge sleeve,Full-spread post-cost,875,circular_block_bootstrap,60,ok,60,-1.0,1.3777694630786248,-6.925692951103557,-3.122495542706165,,1.109221680251279,1.146721687154737,0.0,6
VIX hedge sleeve,Full-spread post-cost,876,circular_block_bootstrap,60,ok,60,-1.0,1.2678221791486761,-8.168559642942133,-3.214629090555841,,1.0561527707776506,1.1101279304449099,0.0,6
VIX hedge sleeve,Full-spread post-cost,877,circular_block_bootstrap,60,ok,60,-1.0,1.4546530334538976,-6.432251435857844,-3.0757556878387273,,1.0583986254295532,1.0849645577979667,-0.0,6
VIX hedge sleeve,Full-spread post-cost,878,circular_block_bootstrap,60,ok,60,-1.0,1.5404846393191824,-5.796051301158101,-3.007873648515273,,1.0537327492672528,1.0929739638679148,-0.0,6
VIX hedge sleeve,Full-spread post-cost,879,circular_block_bootstrap,60,ok,60,-1.0,1.56100399894338,-6.173405097567024,-3.071059024968497,-1.0558609112709831,1.116567200011076,1.1630214099350942,-0.0,6
VIX hedge sleeve,Full-spread post-cost,880,circular_block_bootstrap,60,ok,60,-1.0,1.25068503130151,-7.769742352221171,-3.1701710115698294,,1.0557574025358456,1.093819868587438,-0.0,6
VIX hedge sleeve,Full-spread post-cost,881,circular_block_bootstrap,60,ok,60,-1.0,1.2163484210259023,-8.347520354898737,-3.210974228547166,,1.0561527707776506,1.0752453298659483,-0.0,6
VIX hedge sleeve,Full-spread post-cost,882,circular_block_bootstrap,60,ok,60,-1.0,1.1065546940028452,-9.592772904773401,-3.271272175049434,-1.0,1.1089387387387388,1.1224656608456636,0.0,6
VIX hedge sleeve,Full-spread post-cost,883,circular_block_bootstrap,60,ok,60,-1.0,1.638526581162902,-5.452912738926956,-2.9864054056029152,,1.0585160535059381,1.1287024691663996,0.0,6
VIX hedge sleeve,Full-spread post-cost,884,circular_block_bootstrap,60,ok,60,-1.0,1.2606702131893304,-8.109711291417243,-3.199137528996913,-1.0,1.1089387387387388,1.117956686810022,0.0,6
VIX hedge sleeve,Full-spread post-cost,885,circular_block_bootstrap,60,ok,60,-1.0,1.7262102883233992,-5.194127826100092,-2.93906724258599,-1.0,1.109221680251279,1.146721687154737,0.0,6
VIX hedge sleeve,Full-spread post-cost,886,circular_block_bootstrap,60,ok,60,-1.0,1.4588039974886384,-6.629521456481345,-3.0973774713298683,0.0,1.108939989600306,1.1287024691663996,-0.0,6
VIX hedge sleeve,Full-spread post-cost,887,circular_block_bootstrap,60,ok,60,-1.0,1.5608615295918122,-5.873442639436634,-3.028002330023477,-1.0,1.1089387387387388,1.1237552822516486,0.0,6
VIX hedge sleeve,Full-spread post-cost,888,circular_block_bootstrap,60,ok,60,-1.0,1.2767168619963525,-7.975923332337502,-3.207642858522605,-1.0,1.1141222415940224,1.1385718257645583,0.0,6
VIX hedge sleeve,Full-spread post-cost,889,circular_block_bootstrap,60,ok,60,-1.0,1.70172778102819,-5.196912046762321,-2.940064227407772,,1.109221680251279,1.146721687154737,0.0,6
VIX hedge sleeve,Full-spread post-cost,890,circular_block_bootstrap,60,ok,60,-1.0,1.517018300245315,-6.220680558861703,-3.057192464401151,-1.0719624325975046,1.0609256310950126,1.1123944073089278,-0.0,6
VIX hedge sleeve,Full-spread post-cost,891,circular_block_bootstrap,60,ok,60,-1.0,1.2831744403678222,-8.065337566382171,-3.211429390017001,,1.0609268819565796,1.1269829739584194,0.0,6
VIX hedge sleeve,Full-spread post-cost,892,circular_block_bootstrap,60,ok,60,-1.0,1.33287486964861,-7.446479054116183,-3.1607879333294404,0.0,1.0583986254295532,1.0710336537568494,0.0,6
VIX hedge sleeve,Full-spread post-cost,893,circular_block_bootstrap,60,ok,60,-1.0,1.55783939382371,-5.946730201134912,-3.0351086598370873,0.0,1.109197913881503,1.1141222415940224,-0.0,6
VIX hedge sleeve,Full-spread post-cost,894,circular_block_bootstrap,60,ok,60,-1.0,1.3539984532115448,-7.041702059353824,-3.1371405964066743,-1.0006557997625982,1.0585160535059381,1.1450021919467568,0.0,6
VIX hedge sleeve,Full-spread post-cost,895,circular_block_bootstrap,60,ok,60,-1.0,1.6957259443394255,-5.171830023704304,-2.9288990134198922,-1.0,1.0609256310950126,1.1089387387387388,0.0,6
VIX hedge sleeve,Full-spread post-cost,896,circular_block_bootstrap,60,ok,60,-1.0,1.676401305169285,-5.231527734359181,-2.9480652833427183,,1.058773977787135,1.1304219643743796,-0.0,6
VIX hedge sleeve,Full-spread post-cost,897,circular_block_bootstrap,60,ok,60,-1.0,1.4574236634953182,-6.682727658221304,-3.107984519217136,-1.0090366764221381,1.116567200011076,1.1630214099350942,0.0,6
VIX hedge sleeve,Full-spread post-cost,898,circular_block_bootstrap,60,ok,60,-1.0,1.481963675315066,-6.366218642575201,-3.06741611880703,-1.0087245912579244,1.0586797764431097,1.126974634881305,0.0,6
VIX hedge sleeve,Full-spread post-cost,899,circular_block_bootstrap,60,ok,60,-1.0,1.5585439165061525,-6.119036508589632,-3.0572711202301055,,1.109221680251279,1.146721687154737,-0.0,6
VIX hedge sleeve,Full-spread post-cost,900,circular_block_bootstrap,60,ok,60,-1.0,1.4386939139826165,-6.542202765049073,-3.0818262128531146,,1.1089387387387388,1.1110121398808521,-0.0,6
VIX hedge sleeve,Full-spread post-cost,901,circular_block_bootstrap,60,ok,60,-1.0,1.4905941938752048,-6.457101676473974,-3.0886737808649256,0.0,1.1089387387387388,1.1224656608456636,-0.0,6
VIX hedge sleeve,Full-spread post-cost,902,circular_block_bootstrap,60,ok,60,-1.0,1.2096388131510805,-8.2780420390207,-3.2029539536239287,,1.0561527707776506,1.0920920343023435,-0.0,6
VIX hedge sleeve,Full-spread post-cost,903,circular_block_bootstrap,60,ok,60,-1.0,1.5811987206226124,-6.153939194563564,-3.0671870720334375,,1.109221680251279,1.1304219643743796,-0.0,6
VIX hedge sleeve,Full-spread post-cost,904,circular_block_bootstrap,60,ok,60,-1.0,1.3816489138837518,-7.216387820202951,-3.152922226869137,,1.109221680251279,1.146721687154737,0.0,6
VIX hedge sleeve,Full-spread post-cost,905,circular_block_bootstrap,60,ok,60,-1.0,1.5042877738795175,-6.464078691692462,-3.0912962026614683,-1.0087245912579244,1.108963755970082,1.135992582952588,-0.0,6
VIX hedge sleeve,Full-spread post-cost,906,circular_block_bootstrap,60,ok,60,-1.0,1.5377834017724896,-6.099140069616769,-3.060361805524117,,1.0583986254295532,1.0862604335117878,-0.0,6
VIX hedge sleeve,Full-spread post-cost,907,circular_block_bootstrap,60,ok,60,-1.0,1.4751848637927214,-6.086699866023612,-3.053390777278463,-1.0,1.0561527707776506,1.093819868587438,-0.0,6
VIX hedge sleeve,Full-spread post-cost,908,circular_block_bootstrap,60,ok,60,-1.0,0.9994963116703445,-10.73518877783168,-3.301369324509787,-1.0,1.108939989600306,1.1287024691663996,-0.0,6
VIX hedge sleeve,Full-spread post-cost,909,circular_block_bootstrap,60,ok,60,-1.0,1.575403252547229,-5.768790449279155,-3.003298593529856,,1.108963755970082,1.135992582952588,0.0,6
VIX hedge sleeve,Full-spread post-cost,910,circular_block_bootstrap,60,ok,60,-1.0,1.565308956940692,-6.12770649229588,-3.0547025008315645,-1.003276852720113,1.109221680251279,1.146721687154737,-0.0,6
VIX hedge sleeve,Full-spread post-cost,911,circular_block_bootstrap,60,ok,60,-1.0,1.413578558104904,-6.8335870020047,-3.1226744128940505,-1.0,1.109221680251279,1.1304219643743796,0.0,6
VIX hedge sleeve,Full-spread post-cost,912,circular_block_bootstrap,60,ok,60,-1.0,1.436881503711934,-6.43672842805254,-3.0758492896582226,-1.0556183908045977,1.0558695941024958,1.0744573106898423,-0.0,6
VIX hedge sleeve,Full-spread post-cost,913,circular_block_bootstrap,60,ok,60,-1.0,1.1383090898468775,-9.218275137806806,-3.262006592744102,-1.0,1.0609256310950126,1.126974634881305,-0.0,6
VIX hedge sleeve,Full-spread post-cost,914,circular_block_bootstrap,60,ok,60,-1.0,1.4175786847085041,-7.084434605625785,-3.1439537070384844,-1.0,1.108963755970082,1.130586817556087,0.0,6
VIX hedge sleeve,Full-spread post-cost,915,circular_block_bootstrap,60,ok,60,-1.0,1.5171512204520774,-6.023678389759411,-3.0278344200764846,0.0,1.0583986254295532,1.0836749363919818,-0.0,6
VIX hedge sleeve,Full-spread post-cost,916,circular_block_bootstrap,60,ok,60,-1.0,1.4882111331432664,-6.683816548535048,-3.1109575127627713,-1.0719624325975046,1.116567200011076,1.1630214099350942,-0.0,6
VIX hedge sleeve,Full-spread post-cost,917,circular_block_bootstrap,60,ok,60,-1.0,1.3881507732772673,-7.060133272938683,-3.134060664409151,-1.0,1.0561527707776506,1.0920920343023435,-0.0,6
VIX hedge sleeve,Full-spread post-cost,918,circular_block_bootstrap,60,ok,60,-1.0,1.315208068712999,-7.429057878239882,-3.178763495492897,-1.0,1.109221680251279,1.1304219643743796,-0.0,6
VIX hedge sleeve,Full-spread post-cost,919,circular_block_bootstrap,60,ok,60,-1.0,1.3736929096277883,-7.054284888265912,-3.125495486767051,-1.0,1.0582844082013048,1.1106749121009478,-0.0,6
VIX hedge sleeve,Full-spread post-cost,920,circular_block_bootstrap,60,ok,60,-1.0,1.507888446865101,-6.213150226149636,-3.062496886316042,-1.0087245912579244,1.0556391996594297,1.0947596836964264,-0.0,6
VIX hedge sleeve,Full-spread post-cost,921,circular_block_bootstrap,60,ok,60,-1.0,1.29352284164969,-7.654293722593888,-3.180666683580551,-1.0,1.0388248929834354,1.0745925167453325,0.0,6
VIX hedge sleeve,Full-spread post-cost,922,circular_block_bootstrap,60,ok,60,-1.0,1.5580072968785204,-5.74897790173779,-3.014322256079955,0.0,1.108939989600306,1.1124027463860422,-0.0,6
VIX hedge sleeve,Full-spread post-cost,923,circular_block_bootstrap,60,ok,60,-1.0,1.6244507347260109,-5.562242425305983,-2.9980581722926973,-1.0556183908045977,1.109221680251279,1.146721687154737,0.0,6
VIX hedge sleeve,Full-spread post-cost,924,circular_block_bootstrap,60,ok,60,-1.0,1.534673578664903,-6.275438753522274,-3.0799071534814133,0.0,1.1141222415940224,1.1385718257645583,0.0,6
VIX hedge sleeve,Full-spread post-cost,925,circular_block_bootstrap,60,ok,60,-1.0,1.5175639892816664,-6.320616377417603,-3.0796280851986615,-1.0,1.109221680251279,1.1304219643743796,0.0,6
VIX hedge sleeve,Full-spread post-cost,926,circular_block_bootstrap,60,ok,60,-1.0,1.3757937752152856,-7.140418232834412,-3.1484241977269134,,1.0609268819565796,1.1287024691663996,-0.0,6
VIX hedge sleeve,Full-spread post-cost,927,circular_block_bootstrap,60,ok,60,-1.0,1.374492242166982,-7.419849312297368,-3.166332450871394,-1.0,1.1089387387387388,1.1197602764242787,-0.0,6
VIX hedge sleeve,Full-spread post-cost,928,circular_block_bootstrap,60,ok,60,-1.0,1.6602781769447863,-5.367888634931662,-2.961136803337027,,1.0586797764431097,1.1106749121009478,0.0,6
VIX hedge sleeve,Full-spread post-cost,929,circular_block_bootstrap,60,ok,60,-1.0,1.0835808253458084,-9.153086416993604,-3.24551689533778,-1.0,1.109197913881503,1.1141222415940224,0.0,6
VIX hedge sleeve,Full-spread post-cost,930,circular_block_bootstrap,60,ok,60,-1.0,1.4636599730901483,-6.591122711607277,-3.093539815782362,-1.0,1.1089387387387388,1.1197602764242787,0.0,6
VIX hedge sleeve,Full-spread post-cost,931,circular_block_bootstrap,60,ok,60,-1.0,1.5895027768511236,-5.765011593333613,-3.015572165517705,-1.0,1.0558609112709831,1.0836957007186818,0.0,6
VIX hedge sleeve,Full-spread post-cost,932,circular_block_bootstrap,60,ok,60,-1.0,1.6079262039254534,-5.9473526309717295,-3.026051090462009,0.0,1.1116666386683327,1.1630214099350942,-0.0,6
VIX hedge sleeve,Full-spread post-cost,933,circular_block_bootstrap,60,ok,60,-1.0,1.5030293607914045,-6.576028775764475,-3.11001931439321,,1.109221680251279,1.146721687154737,0.0,6
VIX hedge sleeve,Full-spread post-cost,934,circular_block_bootstrap,60,ok,60,-1.0,1.583199555321426,-5.486020831969825,-2.9831566704079586,-1.0556183908045977,1.058514802644371,1.1123944073089278,0.0,6
VIX hedge sleeve,Full-spread post-cost,935,circular_block_bootstrap,60,ok,60,-1.0,1.529650682636927,-5.964853160778404,-3.03495413622243,-1.0,1.0609256310950126,1.126974634881305,-0.0,6
VIX hedge sleeve,Full-spread post-cost,936,circular_block_bootstrap,60,ok,60,-1.0,1.5231693691184096,-6.164078764277934,-3.0569912880587227,,1.1116666386683327,1.1630214099350942,-0.0,6
VIX hedge sleeve,Full-spread post-cost,937,circular_block_bootstrap,60,ok,60,-1.0,1.392531573897666,-6.757964566538112,-3.1243087420583744,,1.0609256310950126,1.1123944073089278,0.0,6
VIX hedge sleeve,Full-spread post-cost,938,circular_block_bootstrap,60,ok,60,-1.0,1.6840723308556151,-5.102830308130987,-2.9287810425163916,,1.013735298631965,1.1123944073089278,0.0,6
VIX hedge sleeve,Full-spread post-cost,939,circular_block_bootstrap,60,ok,60,-1.0,1.33275738571092,-7.3437884284977555,-3.1506038544067807,-1.0,1.1141222415940224,1.1141222415940224,0.0,6
VIX hedge sleeve,Full-spread post-cost,940,circular_block_bootstrap,60,ok,60,-1.0,1.4822167844366303,-6.362295967683098,-3.0890901738565377,-1.0556183908045977,1.0559877969789115,1.0955477028725327,0.0,6
VIX hedge sleeve,Full-spread post-cost,941,circular_block_bootstrap,60,ok,60,-1.0,1.6969959454767247,-5.110361654636017,-2.9135958214730833,-1.0,1.0563866406406406,1.1089387387387388,0.0,6
VIX hedge sleeve,Full-spread post-cost,942,circular_block_bootstrap,60,ok,60,-1.0,1.6652889369663906,-5.456292748982261,-2.971768121649828,,1.1141222415940224,1.1385718257645583,-0.0,6
VIX hedge sleeve,Full-spread post-cost,943,circular_block_bootstrap,60,ok,60,-1.0,1.5519655183956955,-5.745692743223608,-3.0168170600883077,,1.108939989600306,1.1287024691663996,-0.0,6
VIX hedge sleeve,Full-spread post-cost,944,circular_block_bootstrap,60,ok,60,-1.0,1.710008678698542,-5.399793562027878,-2.9688576783388583,,1.109221680251279,1.146721687154737,-0.0,6
VIX hedge sleeve,Full-spread post-cost,945,circular_block_bootstrap,60,ok,60,-1.0,1.6647945713461951,-5.565161396928611,-2.9944161652485666,-1.0,1.109221680251279,1.146721687154737,-0.0,6
VIX hedge sleeve,Full-spread post-cost,946,circular_block_bootstrap,60,ok,60,-1.0,1.5342035927178688,-5.9616005125546,-3.0302168400150347,-1.0,1.108939989600306,1.1124027463860422,-0.0,6
VIX hedge sleeve,Full-spread post-cost,947,circular_block_bootstrap,60,ok,60,-1.0,1.4531499552979505,-6.523151934995486,-3.087391802265126,0.0,1.108939989600306,1.1287024691663996,-0.0,6
VIX hedge sleeve,Full-spread post-cost,948,circular_block_bootstrap,60,ok,60,-1.0,1.5682192257885599,-5.6757471100851165,-3.0008615369815312,-1.0002143575695066,1.108963755970082,1.1237677908673203,0.0,6
VIX hedge sleeve,Full-spread post-cost,949,circular_block_bootstrap,60,ok,60,-1.0,1.466281995732087,-6.407069563649901,-3.0679535971615457,-1.0087245912579244,1.0586797764431097,1.1106665730238332,0.0,6
VIX hedge sleeve,Full-spread post-cost,950,circular_block_bootstrap,60,ok,60,-1.0,1.6177156975259839,-5.3950851654952885,-2.9470836872055277,0.0,1.0558695941024958,1.0744573106898423,-0.0,6
VIX hedge sleeve,Full-spread post-cost,951,circular_block_bootstrap,60,ok,60,-1.0,1.3217971220697475,-7.7594394393500545,-3.184325167575693,,1.108963755970082,1.135992582952588,-0.0,6
VIX hedge sleeve,Full-spread post-cost,952,circular_block_bootstrap,60,ok,60,-1.0,1.4988388521234708,-6.151766887331028,-3.0669941549954194,,1.108963755970082,1.1237677908673203,0.0,6
VIX hedge sleeve,Full-spread post-cost,953,circular_block_bootstrap,60,ok,60,-1.0,1.2139402385228235,-8.404990715127495,-3.216884064216219,-1.0,1.0561527707776506,1.0920920343023435,0.0,6
VIX hedge sleeve,Full-spread post-cost,954,circular_block_bootstrap,60,ok,60,-1.0,1.260229611575205,-7.745665084402088,-3.1857867172890693,-1.0006557997625982,1.0609256310950126,1.1269746348813052,-0.0,6
VIX hedge sleeve,Full-spread post-cost,955,circular_block_bootstrap,60,ok,60,-1.0,1.3231231670682677,-7.465490695154551,-3.167020303369727,-1.0,1.0609256310950126,1.1286941300892852,0.0,6
VIX hedge sleeve,Full-spread post-cost,956,circular_block_bootstrap,60,ok,60,-1.0,1.5776638078962222,-5.632918469695494,-2.9876268325437283,-1.0,1.0609256310950126,1.1106665730238332,-0.0,6
VIX hedge sleeve,Full-spread post-cost,957,circular_block_bootstrap,60,ok,60,-1.0,1.3977558477732566,-7.083910811373302,-3.1309990999501642,-1.0,1.109221680251279,1.146721687154737,-0.0,6
VIX hedge sleeve,Full-spread post-cost,958,circular_block_bootstrap,60,ok,60,-1.0,1.3772747291158633,-7.21775365831128,-3.1450209851864535,,1.109221680251279,1.146721687154737,0.0,6
VIX hedge sleeve,Full-spread post-cost,959,circular_block_bootstrap,60,ok,60,-1.0,1.6258831979864534,-5.776943039854924,-3.0224869916423076,,1.1141222415940224,1.1385718257645583,-0.0,6
VIX hedge sleeve,Full-spread post-cost,960,circular_block_bootstrap,60,ok,60,-1.0,1.2571835858103673,-8.012232772155867,-3.200170334184691,-1.0,1.108963755970082,1.135992582952588,0.0,6
VIX hedge sleeve,Full-spread post-cost,961,circular_block_bootstrap,60,ok,60,-1.0,1.5578173262343986,-5.9095529762122165,-3.034841864008056,,1.0583986254295532,1.0723295294706705,-0.0,6
VIX hedge sleeve,Full-spread post-cost,962,circular_block_bootstrap,60,ok,60,-1.0,1.3061104044667025,-7.713772258621868,-3.1825469715926427,,1.0609268819565796,1.1287024691663996,0.0,6
VIX hedge sleeve,Full-spread post-cost,963,circular_block_bootstrap,60,ok,60,-1.0,1.498080699900685,-6.424646206386614,-3.0860551661611013,-1.0719624325975046,1.1141222415940224,1.133681908930451,0.0,6
VIX hedge sleeve,Full-spread post-cost,964,circular_block_bootstrap,60,ok,60,-1.0,1.4480260756654229,-6.850231853870249,-3.13683469947307,-1.0002143575695066,1.1141222415940224,1.1385718257645583,-0.0,6
VIX hedge sleeve,Full-spread post-cost,965,circular_block_bootstrap,60,ok,60,-1.0,1.2777578259377609,-7.743733264981705,-3.190260178831811,-1.0,1.109197913881503,1.1141222415940224,0.0,6
VIX hedge sleeve,Full-spread post-cost,966,circular_block_bootstrap,60,ok,60,-1.0,1.7553557880262916,-5.073404978341101,-2.923538262055665,,1.1141222415940224,1.1263470336792905,-0.0,6
VIX hedge sleeve,Full-spread post-cost,967,circular_block_bootstrap,60,ok,60,-1.0,1.3262561027131603,-7.843070206205216,-3.1962510539192004,-1.0,1.1116666386683327,1.1630214099350942,0.0,6
VIX hedge sleeve,Full-spread post-cost,968,circular_block_bootstrap,60,ok,60,-1.0,1.6204238876557853,-5.488587517635493,-2.9651755798202495,,1.108939989600306,1.1287024691663996,-0.0,6
VIX hedge sleeve,Full-spread post-cost,969,circular_block_bootstrap,60,ok,60,-1.0,1.383412866807819,-7.1034126841786,-3.145879766509907,-1.1141222415940224,1.108939989600306,1.1287024691663996,-0.0,6
VIX hedge sleeve,Full-spread post-cost,970,circular_block_bootstrap,60,ok,60,-1.0,1.5256288122088435,-6.205696033810462,-3.0709325582598614,0.0,1.0611848062377767,1.1141222415940224,-0.0,6
VIX hedge sleeve,Full-spread post-cost,971,circular_block_bootstrap,60,ok,60,-1.0,1.5473300257165978,-5.849249900212843,-3.0222401305582314,-1.0,1.1089387387387388,1.1102346144525597,0.0,6
VIX hedge sleeve,Full-spread post-cost,972,circular_block_bootstrap,60,ok,60,-1.0,1.66173553966087,-5.548100504635849,-2.9990222918862086,,1.109221680251279,1.1304219643743796,0.0,6
VIX hedge sleeve,Full-spread post-cost,973,circular_block_bootstrap,60,ok,60,-1.0,1.1621698182254927,-9.200014127477052,-3.253795104886452,,1.1116666386683327,1.1630214099350942,-0.0,6
VIX hedge sleeve,Full-spread post-cost,974,circular_block_bootstrap,60,ok,60,-1.0,1.314083067951892,-7.794166926194038,-3.1811649955621473,,1.108939989600306,1.1269829739584194,0.0,6
VIX hedge sleeve,Full-spread post-cost,975,circular_block_bootstrap,60,ok,60,-1.0,1.8305815561751586,-4.673232211844884,-2.839159975588002,0.0,1.1141222415940224,1.1385718257645583,0.0,6
VIX hedge sleeve,Full-spread post-cost,976,circular_block_bootstrap,60,ok,60,-1.0,1.1616752390698675,-9.017104488102754,-3.2588691751310774,-1.0,1.1141222415940224,1.1263470336792902,-0.0,6
VIX hedge sleeve,Full-spread post-cost,977,circular_block_bootstrap,60,ok,60,-1.0,1.2425486744586514,-8.504230383641971,-3.2343717370515153,,1.0561527707776506,1.1101279304449099,-0.0,6
VIX hedge sleeve,Full-spread post-cost,978,circular_block_bootstrap,60,ok,60,-1.0,1.5389137706720428,-5.964760294803884,-3.045105363874088,,1.1141222415940224,1.1263470336792902,0.0,6
VIX hedge sleeve,Full-spread post-cost,979,circular_block_bootstrap,60,ok,60,-1.0,1.26224698771814,-7.789741846564868,-3.1782999228862163,-1.0,1.0558695941024958,1.0744573106898423,0.0,6
VIX hedge sleeve,Full-spread post-cost,980,circular_block_bootstrap,60,ok,60,-1.0,1.7854592061778771,-5.048939845662349,-2.905076117904454,0.0,1.1630214099350942,1.1630214099350942,0.0,6
VIX hedge sleeve,Full-spread post-cost,981,circular_block_bootstrap,60,ok,60,-1.0,1.285130459142121,-7.765352997259658,-3.1786168944659807,,1.1089387387387388,1.1102408687603955,0.0,6
VIX hedge sleeve,Full-spread post-cost,982,circular_block_bootstrap,60,ok,60,-1.0,1.421902678540423,-6.674166355509891,-3.112047812623353,,1.1141222415940224,1.1385718257645583,0.0,6
VIX hedge sleeve,Full-spread post-cost,983,circular_block_bootstrap,60,ok,60,-1.0,1.1537185007306168,-8.761411767584317,-3.2426568236774105,,1.0559877969789115,1.0932728869314001,0.0,6
VIX hedge sleeve,Full-spread post-cost,984,circular_block_bootstrap,60,ok,60,-1.0,1.6657331701630835,-5.216827630693366,-2.939256485211909,,1.1141222415940224,1.1263470336792905,-0.0,6
VIX hedge sleeve,Full-spread post-cost,985,circular_block_bootstrap,60,ok,60,-1.0,1.403700295165996,-6.833110127497701,-3.115373458560475,,1.0609256310950126,1.1106665730238332,-0.0,6
VIX hedge sleeve,Full-spread post-cost,986,circular_block_bootstrap,60,ok,60,-1.0,1.3104843034318123,-7.657143220503139,-3.1777084074724424,,1.108939989600306,1.1287024691663996,0.0,6
VIX hedge sleeve,Full-spread post-cost,987,circular_block_bootstrap,60,ok,60,-1.0,1.4997855798328585,-6.304997667747594,-3.072246537000052,0.0,1.0609256310950126,1.1286941300892852,0.0,6
VIX hedge sleeve,Full-spread post-cost,988,circular_block_bootstrap,60,ok,60,-1.0,1.244095085485753,-7.853034662869513,-3.1839549771197286,0.0,1.0609256310950126,1.1106749121009478,-0.0,6
VIX hedge sleeve,Full-spread post-cost,989,circular_block_bootstrap,60,ok,60,-1.0,1.4932189486649323,-6.097603087417064,-3.0301211072801686,,1.0609256310950126,1.126974634881305,-0.0,6
VIX hedge sleeve,Full-spread post-cost,990,circular_block_bootstrap,60,ok,60,-1.0,1.3228325874856877,-7.3844277108192795,-3.1510226572223283,-1.0,1.0609256310950126,1.1089387387387388,-0.0,6
VIX hedge sleeve,Full-spread post-cost,991,circular_block_bootstrap,60,ok,60,-1.0,1.4659430632797295,-6.303902053895961,-3.070784352599579,0.0,1.0609268819565796,1.1287024691663996,0.0,6
VIX hedge sleeve,Full-spread post-cost,992,circular_block_bootstrap,60,ok,60,-1.0,1.6671487354577574,-5.424956858089104,-2.9648857107545363,-1.0,1.108939989600306,1.1287024691663996,-0.0,6
VIX hedge sleeve,Full-spread post-cost,993,circular_block_bootstrap,60,ok,60,-1.0,0.9908747777209783,-10.964262372037638,-3.3076840735135065,,1.108963755970082,1.135992582952588,0.0,6
VIX hedge sleeve,Full-spread post-cost,994,circular_block_bootstrap,60,ok,60,-1.0,1.4685007303786943,-6.380533469439137,-3.083168326843335,,1.03894558434146,1.056822587077341,0.0,6
VIX hedge sleeve,Full-spread post-cost,995,circular_block_bootstrap,60,ok,60,-1.0,1.3019935379235048,-8.107291243772515,-3.217959133992037,,1.1630214099350942,1.1630214099350942,-0.0,6
VIX hedge sleeve,Full-spread post-cost,996,circular_block_bootstrap,60,ok,60,-1.0,1.5359351362047888,-5.866048245002134,-3.02131699450006,-1.0,1.0561527707776506,1.0752453298659483,0.0,6
VIX hedge sleeve,Full-spread post-cost,997,circular_block_bootstrap,60,ok,60,-1.0,1.4062622758978958,-7.016764521917139,-3.129311991379776,0.0,1.108939989600306,1.1269829739584194,0.0,6
VIX hedge sleeve,Full-spread post-cost,998,circular_block_bootstrap,60,ok,60,-1.0,1.4988222128598512,-6.308972197867616,-3.0777445796445018,-1.0,1.108963755970082,1.130586817556087,0.0,6
VIX hedge sleeve,Full-spread post-cost,999,circular_block_bootstrap,60,ok,60,-1.0,1.5763976442048682,-6.153398002354784,-3.0695635640235976,-1.0,1.116567200011076,1.1630214099350942,-0.0,6
