Strategy,Return basis,path_id,method,n_source_obs,status,n_obs,annualized_return,annualized_volatility,sharpe,sortino,max_drawdown,var_95,cvar_95,terminal_wealth,defaulted,reason
Equity-option Greek Markowitz,Gross before costs,0,garch11_residual_fallback_insufficient_egarch_obs,60,ok,60,0.6633782573880436,1.045228432264003,0.9719054925460423,1.9566289628721,-0.8995530502933157,0.30460941690365884,0.3352396608863846,12.733714307087334,False,insufficient_egarch_obs
Equity-option Greek Markowitz,Gross before costs,1,garch11_residual_fallback_insufficient_egarch_obs,60,ok,60,-0.5292799304161464,1.038437171557635,-0.19243847569045003,-0.2852246892664468,-0.9972583790573862,0.38783249113560603,0.515725909412461,0.023110725341194766,False,insufficient_egarch_obs
Equity-option Greek Markowitz,Gross before costs,2,garch11_residual_fallback_insufficient_egarch_obs,60,ok,60,-0.3077404374957845,1.0737743105925452,0.15668213539459358,0.2654463848770671,-0.9620756855605956,0.35451811442820774,0.4365359383111993,0.15898085117975802,False,insufficient_egarch_obs
Equity-option Greek Markowitz,Gross before costs,3,garch11_residual_fallback_insufficient_egarch_obs,60,ok,60,0.8309328084664553,1.0803294332731748,1.0716574182461718,2.2196193759956935,-0.8403654320647806,0.3316818589880827,0.43935892107656954,20.576051314118434,False,insufficient_egarch_obs
Equity-option Greek Markowitz,Gross before costs,4,garch11_residual_fallback_insufficient_egarch_obs,60,ok,60,0.6279784062442646,1.0093815404816937,0.9558210011971724,1.8882633353519225,-0.6028193767514758,0.2976808420727203,0.3381477085317582,11.435185135275473,False,insufficient_egarch_obs
Equity-option Greek Markowitz,Gross before costs,5,garch11_residual_fallback_insufficient_egarch_obs,60,ok,60,0.7399155806127247,0.8900664755308005,1.055651419432518,2.0316275066680793,-0.6611330892563632,0.28731754702975276,0.32372969515902067,15.945600744597902,False,insufficient_egarch_obs
Equity-option Greek Markowitz,Gross before costs,6,garch11_residual_fallback_insufficient_egarch_obs,60,ok,60,-0.15032243851919358,0.8873621301273087,0.2434821741942655,0.38939693478943155,-0.9204248812570245,0.294922081828485,0.3466829105688065,0.44286437613141866,False,insufficient_egarch_obs
Equity-option Greek Markowitz,Gross before costs,7,garch11_residual_fallback_insufficient_egarch_obs,60,ok,60,0.9241997860417015,0.8518580820852922,1.1793774225057791,2.4555099346825604,-0.7241223413916171,0.25877946647449157,0.2953239694002287,26.378543375370114,False,insufficient_egarch_obs
Equity-option Greek Markowitz,Gross before costs,8,garch11_residual_fallback_insufficient_egarch_obs,60,ok,60,-0.04434952610724163,0.7397755179959075,0.2711818486874891,0.49085217535514003,-0.9108727343839512,0.23144264547980312,0.2567706434792305,0.7970680434798496,False,insufficient_egarch_obs
Equity-option Greek Markowitz,Gross before costs,9,garch11_residual_fallback_insufficient_egarch_obs,60,ok,60,0.5373255099685101,1.080458743488236,0.9275634599073771,1.7513543239200777,-0.9279730220671634,0.34712040153853074,0.4769009801704824,8.586756925593042,False,insufficient_egarch_obs
Equity-option Greek Markowitz,Gross before costs,10,garch11_residual_fallback_insufficient_egarch_obs,60,ok,60,1.2660619524880734,0.9685808988847292,1.3302218380310467,2.7123373917927918,-0.6684128710379904,0.29583860389497846,0.41107505133327077,59.75288721693376,False,insufficient_egarch_obs
Equity-option Greek Markowitz,Gross before costs,11,garch11_residual_fallback_insufficient_egarch_obs,60,ok,60,-0.4242935087624158,1.48505506032426,0.3975683785693205,0.6629380059690939,-0.9861461445289434,0.5142106004350925,0.639798641459229,0.06324200516555907,False,insufficient_egarch_obs
Equity-option Greek Markowitz,Gross before costs,12,garch11_residual_fallback_insufficient_egarch_obs,60,ok,60,-0.7094044807017705,1.341932275704042,-0.1984049168144443,-0.2933942551413429,-0.9995999755876118,0.5005193190076517,0.6222451959751472,0.0020722615459761104,False,insufficient_egarch_obs
Equity-option Greek Markowitz,Gross before costs,13,garch11_residual_fallback_insufficient_egarch_obs,60,ok,60,-0.4759467939170813,1.2299142842006405,0.13616442601758813,0.2068932024574167,-0.9905472014142508,0.5128797028827876,0.6239620241480452,0.039525458035693455,False,insufficient_egarch_obs
Equity-option Greek Markowitz,Gross before costs,14,garch11_residual_fallback_insufficient_egarch_obs,60,ok,60,0.9215347695056677,0.8512755402087289,1.2126383602727224,2.1930310076298674,-0.8253674020855014,0.30219808429397743,0.42958464691545517,26.196377273411574,False,insufficient_egarch_obs
Equity-option Greek Markowitz,Gross before costs,15,garch11_residual_fallback_insufficient_egarch_obs,60,ok,60,0.33369729525182557,1.052005710102071,0.7546909716179253,1.4593583962178782,-0.9116045016464441,0.3294988995583746,0.39378990053499247,4.219746407376965,False,insufficient_egarch_obs
Equity-option Greek Markowitz,Gross before costs,16,garch11_residual_fallback_insufficient_egarch_obs,60,ok,60,-0.8429475021023293,1.2835458448015853,-0.6476861890116558,-0.8416208386486246,-0.9999442360008998,0.5953198867697916,0.6653496720571291,9.554858082669829e-05,False,insufficient_egarch_obs
Equity-option Greek Markowitz,Gross before costs,17,garch11_residual_fallback_insufficient_egarch_obs,60,ok,60,-0.11300650319330663,0.9089459414223731,0.29060920651650995,0.4957978922959763,-0.785474622249011,0.3028835918438728,0.32963610465672427,0.549037715187542,False,insufficient_egarch_obs
Equity-option Greek Markowitz,Gross before costs,18,garch11_residual_fallback_insufficient_egarch_obs,60,ok,60,0.017381343325043153,1.2493514667107124,0.6074464093598901,1.1070433325182247,-0.9652554208229419,0.3989230069357815,0.5416243053370217,1.0899807964918131,False,insufficient_egarch_obs
Equity-option Greek Markowitz,Gross before costs,19,garch11_residual_fallback_insufficient_egarch_obs,60,ok,60,0.8176699514448065,1.2531188741370045,1.0654409517773769,2.1433338690854167,-0.8770727240356738,0.4038899956059162,0.4460464856277812,19.84152913197389,False,insufficient_egarch_obs
Equity-option Greek Markowitz,Gross before costs,20,garch11_residual_fallback_insufficient_egarch_obs,60,ok,60,0.0865828181938717,1.3549656099753362,0.7130490435610027,1.2877578013038213,-0.9584924886854346,0.42904754457316135,0.5161149948682903,1.5146565488179944,False,insufficient_egarch_obs
Equity-option Greek Markowitz,Gross before costs,21,garch11_residual_fallback_insufficient_egarch_obs,60,ok,60,0.30582471812247913,1.1599742276068958,0.7566628536287399,1.4796055628984484,-0.9399666579985031,0.36081223116328515,0.40097989925512284,3.7968586180536557,False,insufficient_egarch_obs
Equity-option Greek Markowitz,Gross before costs,22,garch11_residual_fallback_insufficient_egarch_obs,60,ok,60,-0.05326203004328478,1.129038454323389,0.4804601161972551,0.8399141854373775,-0.8820790509487879,0.354847826156706,0.4119479123611538,0.7605871373852966,False,insufficient_egarch_obs
Equity-option Greek Markowitz,Gross before costs,23,garch11_residual_fallback_insufficient_egarch_obs,60,ok,60,0.013779890977872578,1.2133960723446844,0.5817725635709847,1.0282834890423584,-0.9961297309561962,0.3885454317496294,0.4061240640309638,1.0708246556226186,False,insufficient_egarch_obs
Equity-option Greek Markowitz,Gross before costs,24,garch11_residual_fallback_insufficient_egarch_obs,60,ok,60,-0.3123823768235948,1.0423323781517182,0.1331747836980234,0.22173474572057536,-0.989075684066919,0.3605904094586947,0.4291254357692537,0.1537216346966482,False,insufficient_egarch_obs
Equity-option Greek Markowitz,Gross before costs,25,garch11_residual_fallback_insufficient_egarch_obs,60,ok,60,0.1029781864532402,1.0688927264265895,0.6130676468680214,1.0552938626041015,-0.8018636480491069,0.3499268085047356,0.4569991841604659,1.632430188292533,False,insufficient_egarch_obs
Equity-option Greek Markowitz,Gross before costs,26,garch11_residual_fallback_insufficient_egarch_obs,60,ok,60,2.2817208691767026,1.0454281510087042,1.6686943747056129,3.8550397434352166,-0.6214377388740229,0.31566748402732653,0.3533047700879797,380.63453926065375,False,insufficient_egarch_obs
Equity-option Greek Markowitz,Gross before costs,27,garch11_residual_fallback_insufficient_egarch_obs,60,ok,60,-0.3918966259385769,0.9127986658142015,-0.11393364570525796,-0.1783765312697923,-0.9621594431108478,0.2964570152046632,0.36765272945353594,0.08315475063145278,False,insufficient_egarch_obs
Equity-option Greek Markowitz,Gross before costs,28,garch11_residual_fallback_insufficient_egarch_obs,60,ok,60,-0.6884260678834007,1.7177048569167561,0.2045855247516403,0.34011707868130475,-0.9995501784854661,0.6265731935691757,0.7093393681155865,0.0029363348258285614,False,insufficient_egarch_obs
Equity-option Greek Markowitz,Gross before costs,29,garch11_residual_fallback_insufficient_egarch_obs,60,ok,60,-0.23176434332600604,0.9897983599342017,0.2043300685507578,0.3354331386298646,-0.919723910411866,0.35126252494051063,0.4005505946198999,0.2675914929593693,False,insufficient_egarch_obs
Equity-option Greek Markowitz,Gross before costs,30,garch11_residual_fallback_insufficient_egarch_obs,60,ok,60,0.17706307300804114,1.2615523685429435,0.7194959763741439,1.3264829015395498,-0.8862208443010428,0.39362650779377417,0.44713182699273557,2.2594288812190433,False,insufficient_egarch_obs
Equity-option Greek Markowitz,Gross before costs,31,garch11_residual_fallback_insufficient_egarch_obs,60,ok,60,0.23452432631371956,1.1137142454162845,0.7195076362080945,1.3034376315786704,-0.8705568981145457,0.3551256192303597,0.4335129875394792,2.8674658913273556,False,insufficient_egarch_obs
Equity-option Greek Markowitz,Gross before costs,32,garch11_residual_fallback_insufficient_egarch_obs,60,ok,60,1.0832780327629679,0.9617565682731881,1.2282526728736747,2.5244900559196455,-0.5084873785947202,0.3065034203962509,0.3212476139923897,39.240648154934554,False,insufficient_egarch_obs
Equity-option Greek Markowitz,Gross before costs,33,garch11_residual_fallback_insufficient_egarch_obs,60,ok,60,0.7646956251470591,1.5367642352459492,1.2686611254311744,2.472290142366304,-0.948993390317147,0.5252912753031833,0.7001187566400904,17.113902174362998,False,insufficient_egarch_obs
Equity-option Greek Markowitz,Gross before costs,34,garch11_residual_fallback_insufficient_egarch_obs,60,ok,60,3.5127681479489254,0.9018209975889592,2.2109964106105466,5.03846854354003,-0.5345720585758122,0.2505028295442924,0.36570911543859913,1871.6089225305625,False,insufficient_egarch_obs
Equity-option Greek Markowitz,Gross before costs,35,garch11_residual_fallback_insufficient_egarch_obs,60,ok,60,0.2514424788964158,1.0941220968607945,0.7035709563917036,1.3486256231293758,-0.8961084306262699,0.3174709050167271,0.38107741877720164,3.069406883948385,False,insufficient_egarch_obs
Equity-option Greek Markowitz,Gross before costs,36,garch11_residual_fallback_insufficient_egarch_obs,60,ok,60,0.5668659328842471,1.0497768042266473,0.9519645838236185,1.7342290083336163,-0.6645750156506542,0.33905822883734504,0.47452480390163726,9.444069853647006,False,insufficient_egarch_obs
Equity-option Greek Markowitz,Gross before costs,37,garch11_residual_fallback_insufficient_egarch_obs,60,ok,60,-0.729276158628445,1.4883855959926322,-0.04426186688139333,-0.06517288961835813,-0.9984268865602061,0.6139627050369957,0.6717287145565077,0.0014542280543203797,False,insufficient_egarch_obs
Equity-option Greek Markowitz,Gross before costs,38,garch11_residual_fallback_insufficient_egarch_obs,60,ok,60,0.535998264306905,0.924461680005759,0.8837243543773564,1.8537377681716196,-0.6291482724908255,0.2743890063794198,0.3003432964627172,8.549754110947239,False,insufficient_egarch_obs
Equity-option Greek Markowitz,Gross before costs,39,garch11_residual_fallback_insufficient_egarch_obs,60,ok,60,-0.13003776060210526,0.9560035342229328,0.29509466175587296,0.5064070377443309,-0.8460553514395432,0.30512043721244597,0.32010018213595076,0.4983127652954525,False,insufficient_egarch_obs
Equity-option Greek Markowitz,Gross before costs,40,garch11_residual_fallback_insufficient_egarch_obs,60,ok,60,0.2165811226387797,0.9753367119067763,0.6525065989956012,1.2202158066666717,-0.7404420345808937,0.27507528758522765,0.3701744447282726,2.6650500327925166,False,insufficient_egarch_obs
Equity-option Greek Markowitz,Gross before costs,41,garch11_residual_fallback_insufficient_egarch_obs,60,ok,60,-0.4039993417678063,1.0197171718222584,0.010764204082603993,0.016489336130548926,-0.9543632109160965,0.39105241447853367,0.5172282858749524,0.07520274564134034,False,insufficient_egarch_obs
Equity-option Greek Markowitz,Gross before costs,42,garch11_residual_fallback_insufficient_egarch_obs,60,ok,60,-0.3032485274896548,1.1081268417171268,0.19986777757254381,0.33636071007731955,-0.9500353480604345,0.3280063916503478,0.44101297600127704,0.16420617171162083,False,insufficient_egarch_obs
Equity-option Greek Markowitz,Gross before costs,43,garch11_residual_fallback_insufficient_egarch_obs,60,ok,60,-0.008802656892737626,0.8863548606420288,0.41307187606285684,0.6963124006797453,-0.8400651567514555,0.3114423363854148,0.3929031926445867,0.9567547922938111,False,insufficient_egarch_obs
Equity-option Greek Markowitz,Gross before costs,44,garch11_residual_fallback_insufficient_egarch_obs,60,ok,60,0.44330365672194705,0.8900767622262472,0.8333471549776158,1.5796789344589606,-0.8511378036476791,0.285040905752996,0.36881696355931154,6.2630886616480295,False,insufficient_egarch_obs
Equity-option Greek Markowitz,Gross before costs,45,garch11_residual_fallback_insufficient_egarch_obs,60,ok,60,0.7628130266361155,0.912201461182901,1.0684861312237723,2.1171059742609613,-0.6864365430302417,0.26342676621395533,0.3693871768186893,17.02281015488461,False,insufficient_egarch_obs
Equity-option Greek Markowitz,Gross before costs,46,garch11_residual_fallback_insufficient_egarch_obs,60,ok,60,0.25285737240581607,0.9172714585561239,0.6752832932167206,1.248291871384385,-0.8871006330321258,0.3627386384406299,0.3960472472423888,3.0867976760826448,False,insufficient_egarch_obs
Equity-option Greek Markowitz,Gross before costs,47,garch11_residual_fallback_insufficient_egarch_obs,60,ok,60,0.22724817864809999,1.0672984090786106,0.6914375100995854,1.2634311522922843,-0.8188294416292665,0.3759784080256404,0.41108965320797247,2.7839535266373394,False,insufficient_egarch_obs
Equity-option Greek Markowitz,Gross before costs,48,garch11_residual_fallback_insufficient_egarch_obs,60,ok,60,0.8855896159996262,0.6695634123920697,1.291638752805133,2.5181790642194453,-0.48951799415005204,0.21201032820952445,0.29204089276843703,23.836137897266504,False,insufficient_egarch_obs
Equity-option Greek Markowitz,Gross before costs,49,garch11_residual_fallback_insufficient_egarch_obs,60,ok,60,1.4592224840947443,0.9485317485833227,1.4205971802375505,3.0097193005052563,-0.5739764109972185,0.2986020665249307,0.31181556551037953,89.94750146219806,False,insufficient_egarch_obs
Equity-option Greek Markowitz,Gross before costs,50,garch11_residual_fallback_insufficient_egarch_obs,60,ok,60,0.3576846500290358,1.1241170080856435,0.8225535639080137,1.4647498157694976,-0.83811626924672,0.3487580288915624,0.4701829644993245,4.613117743287545,False,insufficient_egarch_obs
Equity-option Greek Markowitz,Gross before costs,51,garch11_residual_fallback_insufficient_egarch_obs,60,ok,60,0.48379639353826764,0.7942594538429136,0.8725305662018404,1.6769993996828125,-0.6596365005776161,0.2579642248324465,0.2875752612425176,7.192362298164445,False,insufficient_egarch_obs
Equity-option Greek Markowitz,Gross before costs,52,garch11_residual_fallback_insufficient_egarch_obs,60,ok,60,-0.5209607176951414,1.4398158959638425,0.19527684378462934,0.3256849096034896,-0.9930575951167847,0.5107673675958159,0.6064029168817114,0.02522642104018954,False,insufficient_egarch_obs
Equity-option Greek Markowitz,Gross before costs,53,garch11_residual_fallback_insufficient_egarch_obs,60,ok,60,2.4461958215759543,0.9488715161340786,1.7975269646886374,4.343759753306946,-0.6093770731722501,0.2618325376238409,0.2904245580173328,486.0710522530899,False,insufficient_egarch_obs
Equity-option Greek Markowitz,Gross before costs,54,garch11_residual_fallback_insufficient_egarch_obs,60,ok,60,0.06058661030986534,1.4954434026388588,0.7448013241968048,1.3696660259683233,-0.8861558540426616,0.44663149382540274,0.532884203464281,1.3419325882971143,False,insufficient_egarch_obs
Equity-option Greek Markowitz,Gross before costs,55,garch11_residual_fallback_insufficient_egarch_obs,60,ok,60,0.16433197258257803,0.9482322580290667,0.6015248052389975,1.090520866229328,-0.6926278757290049,0.3304149916250846,0.3578888581343389,2.139853871386855,False,insufficient_egarch_obs
Equity-option Greek Markowitz,Gross before costs,56,garch11_residual_fallback_insufficient_egarch_obs,60,ok,60,2.777468412731773,1.427211132364706,1.6538648913689937,3.6170333097547345,-0.6218118035349367,0.43676109735602875,0.48027963503624127,769.137891285672,False,insufficient_egarch_obs
Equity-option Greek Markowitz,Gross before costs,57,garch11_residual_fallback_insufficient_egarch_obs,60,ok,60,0.15416127226733933,0.6984693878635746,0.5419562552062739,0.9113058499436069,-0.8181476091706403,0.26008306643968765,0.2853845824622767,2.0480119557589784,False,insufficient_egarch_obs
Equity-option Greek Markowitz,Gross before costs,58,garch11_residual_fallback_insufficient_egarch_obs,60,ok,60,-0.11854283552125211,1.5660098891442866,0.6615672651501757,1.2042437725581967,-0.9912929037252223,0.5352920328361368,0.5576954077928526,0.5321156845513447,False,insufficient_egarch_obs
Equity-option Greek Markowitz,Gross before costs,59,garch11_residual_fallback_insufficient_egarch_obs,60,ok,60,0.6697951311839723,0.903617464106986,0.9842000053967539,2.0730317520587858,-0.6189779588119577,0.2818294969582067,0.30153450556144085,12.981233204685095,False,insufficient_egarch_obs
Equity-option Greek Markowitz,Gross before costs,60,garch11_residual_fallback_insufficient_egarch_obs,60,ok,60,0.5647369228120704,0.7189215398227904,0.9742779190097176,1.8445509928853525,-0.6308088948786381,0.23486269645934255,0.3000426323686631,9.380082395147461,False,insufficient_egarch_obs
Equity-option Greek Markowitz,Gross before costs,61,garch11_residual_fallback_insufficient_egarch_obs,60,ok,60,0.2966166550991971,0.7463225192688437,0.7027047982725475,1.2758629880946961,-0.7352682105584575,0.24811697358207543,0.28214224653397274,3.6648649805605564,False,insufficient_egarch_obs
Equity-option Greek Markowitz,Gross before costs,62,garch11_residual_fallback_insufficient_egarch_obs,60,ok,60,0.8032319848596186,0.8144575016750062,1.116201358685249,2.262556879391981,-0.5242252797046721,0.2677065839887672,0.29241705250259226,19.06593071087998,False,insufficient_egarch_obs
Equity-option Greek Markowitz,Gross before costs,63,garch11_residual_fallback_insufficient_egarch_obs,60,ok,60,-0.29249083292933153,0.9650248323497604,0.12324087872027902,0.19332409190422578,-0.9028144137626851,0.35446099179460266,0.4840502987061413,0.17728025043149132,False,insufficient_egarch_obs
Equity-option Greek Markowitz,Gross before costs,64,garch11_residual_fallback_insufficient_egarch_obs,60,ok,60,1.249886294576998,1.0984875726197278,1.2671789121537758,2.637881257617819,-0.8810059297791434,0.35977534560069063,0.3709599157994459,57.65046980697953,False,insufficient_egarch_obs
Equity-option Greek Markowitz,Gross before costs,65,garch11_residual_fallback_insufficient_egarch_obs,60,ok,60,0.8680839373306382,1.2987099087107499,1.0925480817607,2.253332498682315,-0.8132969379248205,0.3834808087177064,0.49509808308242215,22.750027760581457,False,insufficient_egarch_obs
Equity-option Greek Markowitz,Gross before costs,66,garch11_residual_fallback_insufficient_egarch_obs,60,ok,60,-0.7509916674590132,1.688828858517554,0.055729787202949715,0.08753221925170064,-0.9998224726387683,0.6035307779610823,0.6569216444541923,0.0009573470435722726,False,insufficient_egarch_obs
Equity-option Greek Markowitz,Gross before costs,67,garch11_residual_fallback_insufficient_egarch_obs,60,ok,60,0.35194388909192087,0.7960287637051767,0.7669366457176332,1.3793429802950192,-0.751307544565349,0.24664288409992202,0.3408403863132928,4.516409740614887,False,insufficient_egarch_obs
Equity-option Greek Markowitz,Gross before costs,68,garch11_residual_fallback_insufficient_egarch_obs,60,ok,60,0.28413055016970246,1.0929397393211109,0.7538630858545409,1.3729156871592474,-0.886252897616696,0.3785381230376303,0.4728959973126923,3.4917721036419374,False,insufficient_egarch_obs
Equity-option Greek Markowitz,Gross before costs,69,garch11_residual_fallback_insufficient_egarch_obs,60,ok,60,1.4472463171108303,0.7582291001038992,1.5775446976609484,3.4218482175830593,-0.4250246822293535,0.2552781901690355,0.2822542571729756,87.77855313286751,False,insufficient_egarch_obs
Equity-option Greek Markowitz,Gross before costs,70,garch11_residual_fallback_insufficient_egarch_obs,60,ok,60,1.4940406265718158,0.7914816655485736,1.581921360900246,3.1593213063111087,-0.5978234416783972,0.2508601035571639,0.3297155646845981,96.49784574851397,False,insufficient_egarch_obs
Equity-option Greek Markowitz,Gross before costs,71,garch11_residual_fallback_insufficient_egarch_obs,60,ok,60,0.11782664719920444,1.2612280471111676,0.7135194416334281,1.2571438928380698,-0.8760375440615418,0.4134296049249016,0.546701811483805,1.7453088522562932,False,insufficient_egarch_obs
Equity-option Greek Markowitz,Gross before costs,72,garch11_residual_fallback_insufficient_egarch_obs,60,ok,60,-0.2090864568837345,1.3760648027392877,0.5513955174224441,0.927846127354614,-0.9759753569987719,0.49672185473747477,0.6354749422529175,0.30948888829104704,False,insufficient_egarch_obs
Equity-option Greek Markowitz,Gross before costs,73,garch11_residual_fallback_insufficient_egarch_obs,60,ok,60,0.16655899912917627,1.1062853447851044,0.6385984186565246,1.226996934628241,-0.9264399639140782,0.36307604800806503,0.3851608772780796,2.1603968799587836,False,insufficient_egarch_obs
Equity-option Greek Markowitz,Gross before costs,74,garch11_residual_fallback_insufficient_egarch_obs,60,ok,60,0.07976228088251647,0.9687831478605048,0.5372979418168343,0.9322360475098179,-0.8922016089236912,0.3337415127205806,0.3463967676930287,1.467711717336765,False,insufficient_egarch_obs
Equity-option Greek Markowitz,Gross before costs,75,garch11_residual_fallback_insufficient_egarch_obs,60,ok,60,0.0002999698543655338,0.9676726354477012,0.4469337623908097,0.792924766902059,-0.7605539644359304,0.3175019416685167,0.3445757204903775,1.001500749360922,False,insufficient_egarch_obs
Equity-option Greek Markowitz,Gross before costs,76,garch11_residual_fallback_insufficient_egarch_obs,60,ok,60,-0.0716383789587044,1.197213404067357,0.5123888757302125,0.8805481035618499,-0.9605821510165646,0.39608331311947376,0.4775033452809619,0.6895819591694747,False,insufficient_egarch_obs
Equity-option Greek Markowitz,Gross before costs,77,garch11_residual_fallback_insufficient_egarch_obs,60,ok,60,0.6448930615871129,0.8384613392511422,0.9922316493457498,2.037916401564004,-0.8683974496520421,0.27068366476072925,0.3516969800594758,12.041714977784872,False,insufficient_egarch_obs
Equity-option Greek Markowitz,Gross before costs,78,garch11_residual_fallback_insufficient_egarch_obs,60,ok,60,0.12284094423544589,1.0217562741176773,0.6091229849288673,1.069776648335674,-0.7888438041579138,0.3750355083193623,0.4648157078669433,1.784806766199314,False,insufficient_egarch_obs
Equity-option Greek Markowitz,Gross before costs,79,garch11_residual_fallback_insufficient_egarch_obs,60,ok,60,2.152435966357844,1.1971955176210753,1.5604498158060853,3.399569303180819,-0.7568371421262825,0.354550507636881,0.41357547636464603,311.3374534195001,False,insufficient_egarch_obs
Equity-option Greek Markowitz,Gross before costs,80,garch11_residual_fallback_insufficient_egarch_obs,60,ok,60,0.16576552935416,1.3147098874887386,0.7517122407680716,1.3557857305983123,-0.9478652496358525,0.44915475544412037,0.49883230942006057,2.1530595773795214,False,insufficient_egarch_obs
Equity-option Greek Markowitz,Gross before costs,81,garch11_residual_fallback_insufficient_egarch_obs,60,ok,60,1.4900021753841637,1.324060863582952,1.3105343883758562,2.881571697526147,-0.8379342576251346,0.41524532160337624,0.46368917733081094,95.71910574795434,False,insufficient_egarch_obs
Equity-option Greek Markowitz,Gross before costs,82,garch11_residual_fallback_insufficient_egarch_obs,60,ok,60,-0.042913736089130405,1.2232175972949524,0.552173102445723,0.9780026966759936,-0.9586944353222946,0.37855470647766826,0.5491693693684353,0.8030737241774714,False,insufficient_egarch_obs
Equity-option Greek Markowitz,Gross before costs,83,garch11_residual_fallback_insufficient_egarch_obs,60,ok,60,0.8710424028853458,1.049422580405698,1.1079263985595218,2.167491481011499,-0.6978367227906921,0.34477398748955845,0.4327280776450994,22.93074419164819,False,insufficient_egarch_obs
Equity-option Greek Markowitz,Gross before costs,84,garch11_residual_fallback_insufficient_egarch_obs,60,ok,60,0.2580100393888034,1.0043125569675588,0.7033477925008728,1.3009928594502147,-0.7599195191965432,0.3338236150735941,0.4276090034696813,3.1507978088280963,False,insufficient_egarch_obs
Equity-option Greek Markowitz,Gross before costs,85,garch11_residual_fallback_insufficient_egarch_obs,60,ok,60,0.11191540569846414,0.977648453868963,0.5713428541514068,1.0121763757866717,-0.9293945264188194,0.3408241245288013,0.3955114751517619,1.699647020685566,False,insufficient_egarch_obs
Equity-option Greek Markowitz,Gross before costs,86,garch11_residual_fallback_insufficient_egarch_obs,60,ok,60,0.13555993875516958,1.1505723885684973,0.6704896142009331,1.1983264668083757,-0.8470383056147639,0.35208651382699985,0.5012683002902226,1.8882100880106973,False,insufficient_egarch_obs
Equity-option Greek Markowitz,Gross before costs,87,garch11_residual_fallback_insufficient_egarch_obs,60,ok,60,-0.016553607307164153,1.0455710724194467,0.4805687216556721,0.8330447799718087,-0.970797362228267,0.3336500021478878,0.41969114861113505,0.9199271962983244,False,insufficient_egarch_obs
Equity-option Greek Markowitz,Gross before costs,88,garch11_residual_fallback_insufficient_egarch_obs,60,ok,60,0.8197607081785234,0.9679148782617054,1.0849581949532958,2.1372474074768175,-0.7878272794696084,0.30450646175872986,0.38267511960583356,19.955904552878607,False,insufficient_egarch_obs
Equity-option Greek Markowitz,Gross before costs,89,garch11_residual_fallback_insufficient_egarch_obs,60,ok,60,0.47841921996228787,0.842851164359878,0.8609901296119938,1.6666011837437404,-0.44573963604583033,0.2226914130198906,0.3356723231339302,7.062980373752619,False,insufficient_egarch_obs
Equity-option Greek Markowitz,Gross before costs,90,garch11_residual_fallback_insufficient_egarch_obs,60,ok,60,0.4313779886580351,0.8465307689752591,0.8286052667598843,1.539261624212906,-0.5167959922181218,0.3025478902603113,0.3527990861756493,6.008577571387569,False,insufficient_egarch_obs
Equity-option Greek Markowitz,Gross before costs,91,garch11_residual_fallback_insufficient_egarch_obs,60,ok,60,3.5815149269386772,1.0834643141960436,2.004822641721312,4.591674992581908,-0.6926510006474333,0.34341571355755046,0.4249838099760146,2018.5779706007315,False,insufficient_egarch_obs
Equity-option Greek Markowitz,Gross before costs,92,garch11_residual_fallback_insufficient_egarch_obs,60,ok,60,1.5242548561539198,0.9024083569663298,1.470304366823292,3.407583585607694,-0.5129165730374887,0.2930083751162657,0.29996513539583924,102.48634431477208,False,insufficient_egarch_obs
Equity-option Greek Markowitz,Gross before costs,93,garch11_residual_fallback_insufficient_egarch_obs,60,ok,60,0.025671428299637755,0.9677685317417204,0.5057849690834172,0.819782825711058,-0.915955423221353,0.36135728094493097,0.4342239151816106,1.1351187269279892,False,insufficient_egarch_obs
Equity-option Greek Markowitz,Gross before costs,94,garch11_residual_fallback_insufficient_egarch_obs,60,ok,60,0.31465954073122937,1.0496892014101726,0.7409664509804946,1.4499160279626693,-0.7636803842720086,0.2932962364403721,0.3751595942697861,3.9270505133676723,False,insufficient_egarch_obs
Equity-option Greek Markowitz,Gross before costs,95,garch11_residual_fallback_insufficient_egarch_obs,60,ok,60,-0.23123385253071593,1.275092297118701,0.37469993942150137,0.6661713066944921,-0.9624747651455342,0.37977961968265495,0.4164596976009356,0.26851667136401053,False,insufficient_egarch_obs
Equity-option Greek Markowitz,Gross before costs,96,garch11_residual_fallback_insufficient_egarch_obs,60,ok,60,0.13514576946652257,1.1511839317705566,0.63250485024639,1.1922482605240228,-0.8164433544736504,0.3694519589858456,0.38473654465035373,1.8847691935707505,False,insufficient_egarch_obs
Equity-option Greek Markowitz,Gross before costs,97,garch11_residual_fallback_insufficient_egarch_obs,60,ok,60,-0.13998460531077384,1.1564356013773265,0.4120584910930426,0.7177406304993976,-0.8314024648003033,0.37060568675616384,0.46843796828199386,0.4704691242105941,False,insufficient_egarch_obs
Equity-option Greek Markowitz,Gross before costs,98,garch11_residual_fallback_insufficient_egarch_obs,60,ok,60,-0.12391285322249845,1.171432190896138,0.4743778228432829,0.7902962485650293,-0.9258750234423981,0.4101035993322093,0.5713457912530467,0.5161031905256014,False,insufficient_egarch_obs
Equity-option Greek Markowitz,Gross before costs,99,garch11_residual_fallback_insufficient_egarch_obs,60,ok,60,0.40362732624963127,1.2416518371730516,0.8519955878206171,1.6400225599688487,-0.9278834002798406,0.40554283658408596,0.4789690451921293,5.448275660937953,False,insufficient_egarch_obs
Equity-option Greek Markowitz,Gross before costs,100,garch11_residual_fallback_insufficient_egarch_obs,60,ok,60,-0.11439445545278726,1.0228001236974367,0.35930666557396074,0.6230993096142474,-0.9085490809729512,0.33512435242732536,0.4145895724796131,0.5447555134553849,False,insufficient_egarch_obs
Equity-option Greek Markowitz,Gross before costs,101,garch11_residual_fallback_insufficient_egarch_obs,60,ok,60,-0.07643893701000715,1.2788605089761507,0.5050710055728533,0.962268962328675,-0.8869178757546795,0.40102498637349443,0.4154686639092287,0.6719362551881942,False,insufficient_egarch_obs
Equity-option Greek Markowitz,Gross before costs,102,garch11_residual_fallback_insufficient_egarch_obs,60,ok,60,0.16094669800625772,1.402061570929854,0.7744905043999835,1.4519958806840767,-0.9378706973970102,0.4270397314508434,0.5536953340110501,2.1089263017117155,False,insufficient_egarch_obs
Equity-option Greek Markowitz,Gross before costs,103,garch11_residual_fallback_insufficient_egarch_obs,60,ok,60,0.7387455841321091,0.8936659946520232,1.043468781747439,2.0924018980305084,-0.6847097597047678,0.2837030674029343,0.3171692513675497,15.892060149921665,False,insufficient_egarch_obs
Equity-option Greek Markowitz,Gross before costs,104,garch11_residual_fallback_insufficient_egarch_obs,60,ok,60,0.7644817509551458,1.0540657662511723,1.0580691575725036,2.0020292544624563,-0.7738632842602587,0.3103239510132837,0.4220148243585525,17.10353399855896,False,insufficient_egarch_obs
Equity-option Greek Markowitz,Gross before costs,105,garch11_residual_fallback_insufficient_egarch_obs,60,ok,60,0.9139943973302322,1.3378643307627045,1.1256435053261638,2.286355936346938,-0.8240945778555488,0.4168634778842149,0.49164054455921063,25.686404113776014,False,insufficient_egarch_obs
Equity-option Greek Markowitz,Gross before costs,106,garch11_residual_fallback_insufficient_egarch_obs,60,ok,60,-0.5534117394440043,0.8319533307891489,-0.5115689302405949,-0.6794681170302815,-0.9939536075843557,0.3179069531453569,0.47393345236171536,0.017763826102681606,False,insufficient_egarch_obs
Equity-option Greek Markowitz,Gross before costs,107,garch11_residual_fallback_insufficient_egarch_obs,60,ok,60,-0.4830768440100167,1.3647801751459459,0.21946734622786737,0.35530746501272775,-0.9834106307769478,0.45801322828660485,0.5782202126306042,0.036908800890788324,False,insufficient_egarch_obs
Equity-option Greek Markowitz,Gross before costs,108,garch11_residual_fallback_insufficient_egarch_obs,60,ok,60,-0.6739056422373332,1.7518977177980921,0.2998751458929758,0.5058847552487771,-0.9999356763513461,0.6716914143787469,0.7462765244253283,0.0036873674912870874,False,insufficient_egarch_obs
Equity-option Greek Markowitz,Gross before costs,109,garch11_residual_fallback_insufficient_egarch_obs,60,ok,60,-0.740223517955849,1.018813100611318,-0.7427114705077613,-0.9758180321631071,-0.999808323654764,0.389079079006039,0.49837595737147117,0.001183039256402974,False,insufficient_egarch_obs
Equity-option Greek Markowitz,Gross before costs,110,garch11_residual_fallback_insufficient_egarch_obs,60,ok,60,1.8947936490587414,0.9588040735977581,1.579640166422046,3.8820581012317685,-0.49201920622617445,0.2656464765615248,0.34155030358792876,203.2769124964149,False,insufficient_egarch_obs
Equity-option Greek Markowitz,Gross before costs,111,garch11_residual_fallback_insufficient_egarch_obs,60,ok,60,0.22073137136610121,0.8729597744128029,0.6560101804537186,1.1426340379624347,-0.668857571816573,0.2927439148349729,0.40349316215745107,2.71081904338711,False,insufficient_egarch_obs
Equity-option Greek Markowitz,Gross before costs,112,garch11_residual_fallback_insufficient_egarch_obs,60,ok,60,0.9387097431518086,1.0244636508529332,1.1482996203768279,2.2610874160767525,-0.8837808623302568,0.3611309084241465,0.4471044629133714,27.38822988344517,False,insufficient_egarch_obs
Equity-option Greek Markowitz,Gross before costs,113,garch11_residual_fallback_insufficient_egarch_obs,60,ok,60,-0.12959110840761923,1.1042702792041061,0.40200621016514454,0.7017387293789122,-0.8829901402553064,0.3296423770218962,0.4628062673704502,0.49959328726422253,False,insufficient_egarch_obs
Equity-option Greek Markowitz,Gross before costs,114,garch11_residual_fallback_insufficient_egarch_obs,60,ok,60,-0.27454338842333226,1.037026455781625,0.17304790846263746,0.2919473070585961,-0.9577573986819347,0.3310577542896455,0.3992782937013435,0.20093575145686154,False,insufficient_egarch_obs
Equity-option Greek Markowitz,Gross before costs,115,garch11_residual_fallback_insufficient_egarch_obs,60,ok,60,-0.668454216974509,1.4064172861303452,-0.06034857698021409,-0.09414215559987216,-0.9993371620908854,0.45931965919616247,0.6484887594482974,0.004006060854196842,False,insufficient_egarch_obs
Equity-option Greek Markowitz,Gross before costs,116,garch11_residual_fallback_insufficient_egarch_obs,60,ok,60,1.08640126602422,0.9022055405112697,1.2459724642668153,2.7389457353406885,-0.5569931325551976,0.252688108579908,0.3070148050839557,39.535677723447435,False,insufficient_egarch_obs
Equity-option Greek Markowitz,Gross before costs,117,garch11_residual_fallback_insufficient_egarch_obs,60,ok,60,0.8677362325049685,0.8986218754103434,1.130695197519895,2.3185193045216104,-0.7186131996695322,0.2561759413885608,0.3414671563825175,22.728863427025143,False,insufficient_egarch_obs
Equity-option Greek Markowitz,Gross before costs,118,garch11_residual_fallback_insufficient_egarch_obs,60,ok,60,-0.014541135328564825,0.8126474167506028,0.3609235289290798,0.6254636442598035,-0.761591606251217,0.29180685925557165,0.34814279581449886,0.9293782459697734,False,insufficient_egarch_obs
Equity-option Greek Markowitz,Gross before costs,119,garch11_residual_fallback_insufficient_egarch_obs,60,ok,60,-0.11885913533677583,1.1160233333602692,0.39371618892535054,0.7145815112688483,-0.9061069231537068,0.33880811986240106,0.42592062882146875,0.5311616543812411,False,insufficient_egarch_obs
Equity-option Greek Markowitz,Gross before costs,120,garch11_residual_fallback_insufficient_egarch_obs,60,ok,60,-0.34827580526800783,0.9131382872152889,-0.04296538877301459,-0.06922255506929223,-0.966090065447085,0.318074844637445,0.3249584270531275,0.11757614604687112,False,insufficient_egarch_obs
Equity-option Greek Markowitz,Gross before costs,121,garch11_residual_fallback_insufficient_egarch_obs,60,ok,60,-0.4445663351692606,0.9722577405920794,-0.09759108784405474,-0.14323187568171156,-0.9590987962534945,0.3843248027411262,0.514216092436712,0.05286411839897539,False,insufficient_egarch_obs
Equity-option Greek Markowitz,Gross before costs,122,garch11_residual_fallback_insufficient_egarch_obs,60,ok,60,0.9331602555652612,1.1428969335890364,1.1551167076526343,2.179847648936665,-0.9469084160210609,0.3403981329890064,0.4913546330585614,26.998478416362293,False,insufficient_egarch_obs
Equity-option Greek Markowitz,Gross before costs,123,garch11_residual_fallback_insufficient_egarch_obs,60,ok,60,-0.2796736841735853,1.3749508492738376,0.3898211007392752,0.7031132017175971,-0.8636819739104451,0.39627902390881514,0.4821129197316381,0.19393062904865227,False,insufficient_egarch_obs
Equity-option Greek Markowitz,Gross before costs,124,garch11_residual_fallback_insufficient_egarch_obs,60,ok,60,-0.8210269622563243,1.3792770262744003,-0.4734884901270472,-0.6605668882759466,-0.9999022062419506,0.529797568692809,0.5959923066513246,0.00018362763786270033,False,insufficient_egarch_obs
Equity-option Greek Markowitz,Gross before costs,125,garch11_residual_fallback_insufficient_egarch_obs,60,ok,60,-0.1726116922253782,1.0657321841650749,0.3318856902441791,0.5641726336265876,-0.9209177479667111,0.3420364243415351,0.47228139756518656,0.38774561659869666,False,insufficient_egarch_obs
Equity-option Greek Markowitz,Gross before costs,126,garch11_residual_fallback_insufficient_egarch_obs,60,ok,60,0.09466239601085502,1.3115385753349187,0.6455830537801376,1.2761727636478795,-0.9185573725761698,0.36669947577361106,0.4075408499307878,1.571813436546988,False,insufficient_egarch_obs
Equity-option Greek Markowitz,Gross before costs,127,garch11_residual_fallback_insufficient_egarch_obs,60,ok,60,1.8206331302261987,0.7660950639466619,1.767940686455167,3.927215102142632,-0.47245980366506024,0.24208765253956738,0.2573656397057627,178.53896524303468,False,insufficient_egarch_obs
Equity-option Greek Markowitz,Gross before costs,128,garch11_residual_fallback_insufficient_egarch_obs,60,ok,60,0.5817570895934743,1.060318267819204,0.9343522998095108,1.7917613683989324,-0.8153891596612828,0.3609293883035946,0.3743117283238926,9.901453413153869,False,insufficient_egarch_obs
Equity-option Greek Markowitz,Gross before costs,129,garch11_residual_fallback_insufficient_egarch_obs,60,ok,60,0.2706293319215467,0.8690292279753113,0.7082507334666384,1.2162934834153742,-0.8263535503833513,0.2935745928066687,0.410543233644336,3.312030923859631,False,insufficient_egarch_obs
Equity-option Greek Markowitz,Gross before costs,130,garch11_residual_fallback_insufficient_egarch_obs,60,ok,60,1.3944598284762044,1.0500398844470904,1.3603733071839834,2.795430832866638,-0.690707688398331,0.3415587104147927,0.41524020171075854,78.71142531234936,False,insufficient_egarch_obs
Equity-option Greek Markowitz,Gross before costs,131,garch11_residual_fallback_insufficient_egarch_obs,60,ok,60,-0.3545445963643845,1.1480775071418121,0.1435129893967504,0.24538281784672927,-0.9880669271881353,0.374855384802817,0.4016379862839063,0.11202919232633583,False,insufficient_egarch_obs
Equity-option Greek Markowitz,Gross before costs,132,garch11_residual_fallback_insufficient_egarch_obs,60,ok,60,0.1490219037070053,1.0507274794030017,0.6541256678486045,1.103579393559252,-0.763380026102229,0.35812563349306054,0.47023434868264724,2.002818242273378,False,insufficient_egarch_obs
Equity-option Greek Markowitz,Gross before costs,133,garch11_residual_fallback_insufficient_egarch_obs,60,ok,60,0.04007883365057863,1.0920445894983275,0.5558179214176434,0.9752461576044207,-0.8371715659661801,0.36844639402103985,0.4417562882753903,1.2171140934174491,False,insufficient_egarch_obs
Equity-option Greek Markowitz,Gross before costs,134,garch11_residual_fallback_insufficient_egarch_obs,60,ok,60,0.5230798889128603,1.037653767988844,0.9026184910180823,1.6727840599335249,-0.8688992403858138,0.34089862011642086,0.37882318233646295,8.196216435766726,False,insufficient_egarch_obs
Equity-option Greek Markowitz,Gross before costs,135,garch11_residual_fallback_insufficient_egarch_obs,60,ok,60,-0.14571681408564197,0.9239020954538036,0.2602313647739935,0.44317624061096544,-0.9381951118140354,0.26754215019112054,0.3702548588549737,0.45499779616065406,False,insufficient_egarch_obs
Equity-option Greek Markowitz,Gross before costs,136,garch11_residual_fallback_insufficient_egarch_obs,60,ok,60,1.192001821701659,0.9775845181560175,1.2787221266859057,2.6604818374409764,-0.8541521482493619,0.30959632198156656,0.38162619027025163,50.6062962701357,False,insufficient_egarch_obs
Equity-option Greek Markowitz,Gross before costs,137,garch11_residual_fallback_insufficient_egarch_obs,60,ok,60,-0.770824953513784,1.6134931406174788,-0.023704055285004137,-0.03653950510389199,-0.9993670749713228,0.6881835378755963,0.7313060050036982,0.000632174015039745,False,insufficient_egarch_obs
Equity-option Greek Markowitz,Gross before costs,138,garch11_residual_fallback_insufficient_egarch_obs,60,ok,60,1.0888142928124749,1.0169555129264007,1.2183992533218755,2.489363603564015,-0.8533661924348676,0.33832125730423335,0.385291532261198,39.7648320514,False,insufficient_egarch_obs
Equity-option Greek Markowitz,Gross before costs,139,garch11_residual_fallback_insufficient_egarch_obs,60,ok,60,-0.27441620025272173,1.2630409054988545,0.3782959980953066,0.6271956069226773,-0.9605700205062835,0.4403744343395221,0.6020475733682953,0.2011119550579041,False,insufficient_egarch_obs
Equity-option Greek Markowitz,Gross before costs,140,garch11_residual_fallback_insufficient_egarch_obs,60,ok,60,-0.14560305943588436,0.9527522688033524,0.28220687181196885,0.47544825368815524,-0.9462779521564445,0.3139824862891156,0.36548002607461744,0.45530080985474997,False,insufficient_egarch_obs
Equity-option Greek Markowitz,Gross before costs,141,garch11_residual_fallback_insufficient_egarch_obs,60,ok,60,0.7835803959882901,1.2056752818795913,1.0734367761109538,2.1199096016482977,-0.861879238687992,0.32762377950778115,0.5355685771202922,18.049428319958352,False,insufficient_egarch_obs
Equity-option Greek Markowitz,Gross before costs,142,garch11_residual_fallback_insufficient_egarch_obs,60,ok,60,2.898051466324108,1.2193783450865663,1.7189227065855432,4.216839476922646,-0.6376055787252668,0.3079241318912941,0.35894739962664574,899.9903322411718,False,insufficient_egarch_obs
Equity-option Greek Markowitz,Gross before costs,143,garch11_residual_fallback_insufficient_egarch_obs,60,ok,60,1.4532787403656693,1.1370550109674449,1.3305119428445238,2.906861990599126,-0.6422320081707951,0.32696997572365055,0.37362674979319044,88.86576353773654,False,insufficient_egarch_obs
Equity-option Greek Markowitz,Gross before costs,144,garch11_residual_fallback_insufficient_egarch_obs,60,ok,60,1.290511004004308,0.9925037466722332,1.3215511283047516,2.820555771617278,-0.6793339056036936,0.2985766636686161,0.36698531090403846,63.0466351251755,False,insufficient_egarch_obs
Equity-option Greek Markowitz,Gross before costs,145,garch11_residual_fallback_insufficient_egarch_obs,60,ok,60,0.6608319647169467,1.1093637251649722,1.000499220350823,1.945527147359658,-0.6974841841081254,0.29148962202754636,0.4220285504988743,12.636548654039503,False,insufficient_egarch_obs
Equity-option Greek Markowitz,Gross before costs,146,garch11_residual_fallback_insufficient_egarch_obs,60,ok,60,3.255925436867134,0.7564844900928556,2.365102493729827,6.912553265441525,-0.41598499455881144,0.21846036610156247,0.23369165716758752,1396.272076814513,False,insufficient_egarch_obs
Equity-option Greek Markowitz,Gross before costs,147,garch11_residual_fallback_insufficient_egarch_obs,60,ok,60,0.2391388184329426,1.077756178999859,0.692740939812406,1.324408093969284,-0.9204861258307013,0.37174993581313337,0.3918064625814215,2.921459106195521,False,insufficient_egarch_obs
Equity-option Greek Markowitz,Gross before costs,148,garch11_residual_fallback_insufficient_egarch_obs,60,ok,60,0.20871416606329052,1.018769540437173,0.6780888952905629,1.199561690646482,-0.9331086511388316,0.35104112150091193,0.41983352946213753,2.579990223237987,False,insufficient_egarch_obs
Equity-option Greek Markowitz,Gross before costs,149,garch11_residual_fallback_insufficient_egarch_obs,60,ok,60,-0.3320603223579395,0.8458822278604137,-0.07398094323056804,-0.11519260776565765,-0.9002874710851182,0.28746401401862476,0.3285512939829081,0.13294934841665673,False,insufficient_egarch_obs
Equity-option Greek Markowitz,Gross before costs,150,garch11_residual_fallback_insufficient_egarch_obs,60,ok,60,1.9640322273746085,0.7850771745950258,1.8042480522515045,4.217395163662663,-0.44576606180238043,0.24441100577817776,0.2513722980022841,228.7781831378367,False,insufficient_egarch_obs
Equity-option Greek Markowitz,Gross before costs,151,garch11_residual_fallback_insufficient_egarch_obs,60,ok,60,0.303852480338451,1.168164440229276,0.7740011658779288,1.448515095542867,-0.9617724226161027,0.41471137852557455,0.45543892680172265,3.7682723832535503,False,insufficient_egarch_obs
Equity-option Greek Markowitz,Gross before costs,152,garch11_residual_fallback_insufficient_egarch_obs,60,ok,60,-0.36303722587084497,1.2280941073074672,0.22364642578803623,0.3793514153134375,-0.9883335063827304,0.41452102296022986,0.53430267392778,0.10485044029309311,False,insufficient_egarch_obs
Equity-option Greek Markowitz,Gross before costs,153,garch11_residual_fallback_insufficient_egarch_obs,60,ok,60,-0.04337421730702584,0.8172717787602423,0.3479793751259227,0.5665480257746236,-0.7978088139013836,0.2713774128801875,0.43631908151514276,0.8011436750853741,False,insufficient_egarch_obs
Equity-option Greek Markowitz,Gross before costs,154,garch11_residual_fallback_insufficient_egarch_obs,60,ok,60,0.5110066251942691,1.257819675794571,0.9159544848811956,1.827707033337197,-0.8728662121409614,0.359468714787841,0.5054839289854183,7.8764739827957655,False,insufficient_egarch_obs
Equity-option Greek Markowitz,Gross before costs,155,garch11_residual_fallback_insufficient_egarch_obs,60,ok,60,0.32633311427515643,1.097571504999577,0.7627515993996101,1.4551815457311401,-0.773404080030383,0.34029943278058256,0.37732296729976755,4.104526495755701,False,insufficient_egarch_obs
Equity-option Greek Markowitz,Gross before costs,156,garch11_residual_fallback_insufficient_egarch_obs,60,ok,60,0.7680909463426087,0.9318014642886915,1.0482601352426832,2.176312847117073,-0.5387867442356219,0.2776842195847562,0.30203118362748244,17.279174939121702,False,insufficient_egarch_obs
Equity-option Greek Markowitz,Gross before costs,157,garch11_residual_fallback_insufficient_egarch_obs,60,ok,60,0.5162584242888897,1.0891579135825282,0.9170989826762234,1.699547893733452,-0.8845726489448735,0.3189654292429556,0.46628070568520336,8.014309940249245,False,insufficient_egarch_obs
Equity-option Greek Markowitz,Gross before costs,158,garch11_residual_fallback_insufficient_egarch_obs,60,ok,60,-0.3341678669328404,1.0209025960735003,0.12506371775748285,0.18944864115396365,-0.9628508281564286,0.413754910807028,0.5007822238922136,0.13086507304593942,False,insufficient_egarch_obs
Equity-option Greek Markowitz,Gross before costs,159,garch11_residual_fallback_insufficient_egarch_obs,60,ok,60,-0.5169107687124217,1.2185368641729524,0.02099131422703883,0.03246152308760398,-0.990736478717744,0.39469766112181004,0.5365689287814537,0.026310965365812886,False,insufficient_egarch_obs
Equity-option Greek Markowitz,Gross before costs,160,garch11_residual_fallback_insufficient_egarch_obs,60,ok,60,-0.5330036335734637,1.150156832626559,-0.10737740797735297,-0.16869032009213972,-0.9848819463292013,0.39028527568451615,0.4465591196249242,0.02221096906569742,False,insufficient_egarch_obs
Equity-option Greek Markowitz,Gross before costs,161,garch11_residual_fallback_insufficient_egarch_obs,60,ok,60,1.1507395073254285,0.945628564140981,1.2781723073728428,2.6795657049778496,-0.7787007702802037,0.2671826478908212,0.38618548512958206,46.019199943286516,False,insufficient_egarch_obs
Equity-option Greek Markowitz,Gross before costs,162,garch11_residual_fallback_insufficient_egarch_obs,60,ok,60,0.31021225757445725,1.3262431908335306,0.8703532041553428,1.5573933385566234,-0.8829679728587578,0.40422949698809585,0.5428029137139517,3.861075470048274,False,insufficient_egarch_obs
Equity-option Greek Markowitz,Gross before costs,163,garch11_residual_fallback_insufficient_egarch_obs,60,ok,60,0.235850760446767,0.9158146128187548,0.6666387878089113,1.187998387156274,-0.7909907777905831,0.32848525503090015,0.3854941118769481,2.882903767628271,False,insufficient_egarch_obs
Equity-option Greek Markowitz,Gross before costs,164,garch11_residual_fallback_insufficient_egarch_obs,60,ok,60,-0.2558931400028901,0.816754900221777,0.037891253003424726,0.0586121620619659,-0.9229649141829239,0.30911685845674763,0.3730213163347648,0.22812692252554256,False,insufficient_egarch_obs
Equity-option Greek Markowitz,Gross before costs,165,garch11_residual_fallback_insufficient_egarch_obs,60,ok,60,0.019092441515903502,0.9345710913433313,0.46940123356696867,0.8044130355988481,-0.9023877862465592,0.29974625075110456,0.3901039773409511,1.099177683746211,False,insufficient_egarch_obs
Equity-option Greek Markowitz,Gross before costs,166,garch11_residual_fallback_insufficient_egarch_obs,60,ok,60,-0.2944953464430875,1.3734722616240487,0.4094193390796127,0.6974828567393458,-0.9463561828138868,0.5052582278274675,0.5416562836708557,0.1747830902752522,False,insufficient_egarch_obs
Equity-option Greek Markowitz,Gross before costs,167,garch11_residual_fallback_insufficient_egarch_obs,60,ok,60,0.6000071009749983,0.9023811664500693,0.9348332301166034,1.946301900712079,-0.7643957890755155,0.2650054997896623,0.3052046532355052,10.485992686814116,False,insufficient_egarch_obs
Equity-option Greek Markowitz,Gross before costs,168,garch11_residual_fallback_insufficient_egarch_obs,60,ok,60,-0.027740190036037227,0.9541152884213676,0.42150870261262663,0.7333834617834559,-0.6812944188817598,0.28772985169832577,0.4246752931745051,0.8687837098211569,False,insufficient_egarch_obs
Equity-option Greek Markowitz,Gross before costs,169,garch11_residual_fallback_insufficient_egarch_obs,60,ok,60,0.3247708571478971,1.0044713855934495,0.7562590883744341,1.392590039773626,-0.8144738999836965,0.3032388894944806,0.40139619010587796,4.080410240100074,False,insufficient_egarch_obs
Equity-option Greek Markowitz,Gross before costs,170,garch11_residual_fallback_insufficient_egarch_obs,60,ok,60,1.9203352483823033,0.9359038885220065,1.6055377547733822,4.0998398308128525,-0.6326230720693359,0.25338344400893764,0.28862404203150804,212.40442105236843,False,insufficient_egarch_obs
Equity-option Greek Markowitz,Gross before costs,171,garch11_residual_fallback_insufficient_egarch_obs,60,ok,60,0.31984363282496187,1.1218194910101038,0.8258152699016091,1.4753046392541362,-0.9061580054927176,0.3875445167327419,0.5718680224576927,4.005091184799181,False,insufficient_egarch_obs
Equity-option Greek Markowitz,Gross before costs,172,garch11_residual_fallback_insufficient_egarch_obs,60,ok,60,-0.27325935886728014,1.511405472856664,0.7151975423554443,1.1990904019128001,-0.9922820287621951,0.5076523088798743,0.8342790544102985,0.20272029917179762,False,insufficient_egarch_obs
Equity-option Greek Markowitz,Gross before costs,173,garch11_residual_fallback_insufficient_egarch_obs,60,ok,60,-0.18528173547489946,1.1761581087513127,0.397719339159792,0.6744151743594271,-0.9530073613132855,0.39841267634405775,0.49239549385635234,0.35895273159768426,False,insufficient_egarch_obs
Equity-option Greek Markowitz,Gross before costs,174,garch11_residual_fallback_insufficient_egarch_obs,60,ok,60,1.8418518883941948,1.1028067543171938,1.4832921908129262,3.3804406304229064,-0.6876707959777741,0.31266807804018504,0.3550193513237338,185.3562344675114,False,insufficient_egarch_obs
Equity-option Greek Markowitz,Gross before costs,175,garch11_residual_fallback_insufficient_egarch_obs,60,ok,60,-0.5265782134581551,1.0881379553921757,-0.12698108684805187,-0.19309609347951076,-0.9933473966197809,0.3434511788595524,0.5409618795682436,0.02378160710742988,False,insufficient_egarch_obs
Equity-option Greek Markowitz,Gross before costs,176,garch11_residual_fallback_insufficient_egarch_obs,60,ok,60,0.29312855517556335,0.6885898020890073,0.7057100948255784,1.2599541713005724,-0.8084062883178706,0.2463262112946766,0.3179446293869794,3.6158342155856893,False,insufficient_egarch_obs
Equity-option Greek Markowitz,Gross before costs,177,garch11_residual_fallback_insufficient_egarch_obs,60,ok,60,0.3202912693669502,0.7846056915484254,0.7199270937085303,1.3607455382673734,-0.6876762847890323,0.25592554281095037,0.3033771741404412,4.011887602348088,False,insufficient_egarch_obs
Equity-option Greek Markowitz,Gross before costs,178,garch11_residual_fallback_insufficient_egarch_obs,60,ok,60,1.4658314251506077,0.8906812106135343,1.4571664867867586,3.2346441935056682,-0.6307403765507269,0.2729993340257124,0.30578864787532356,91.16264454405685,False,insufficient_egarch_obs
Equity-option Greek Markowitz,Gross before costs,179,garch11_residual_fallback_insufficient_egarch_obs,60,ok,60,1.7621313355481938,1.0761685393848226,1.4758435645536092,3.1955365035072383,-0.5721412019879799,0.32333820705554267,0.3619092915219537,160.7761498177078,False,insufficient_egarch_obs
Equity-option Greek Markowitz,Gross before costs,180,garch11_residual_fallback_insufficient_egarch_obs,60,ok,60,0.437501423162004,0.9199760119121608,0.8120376516749094,1.639258748633338,-0.5855277015107556,0.3077825850694636,0.33936978893520425,6.13820539549766,False,insufficient_egarch_obs
Equity-option Greek Markowitz,Gross before costs,181,garch11_residual_fallback_insufficient_egarch_obs,60,ok,60,-0.5678723931902772,1.0835421711690865,-0.21405378615896736,-0.3160242448663231,-0.9826041680650403,0.3591651916868243,0.5152281473836409,0.015068154418270323,False,insufficient_egarch_obs
Equity-option Greek Markowitz,Gross before costs,182,garch11_residual_fallback_insufficient_egarch_obs,60,ok,60,-0.11370229100062479,1.2608072963244508,0.5579595773269678,0.9344024565722248,-0.987492462629733,0.44014917921249946,0.6025852643423965,0.546887671865883,False,insufficient_egarch_obs
Equity-option Greek Markowitz,Gross before costs,183,garch11_residual_fallback_insufficient_egarch_obs,60,ok,60,0.1981628663924495,1.3473971553418045,0.764423239356167,1.4512482911708278,-0.9148417171772152,0.3795819168689998,0.4737440225831309,2.4693308305738966,False,insufficient_egarch_obs
Equity-option Greek Markowitz,Gross before costs,184,garch11_residual_fallback_insufficient_egarch_obs,60,ok,60,0.9256385361432118,1.0417153774893304,1.1109239530418658,2.3793288882590287,-0.6556290542579328,0.27481730020792544,0.31023953380297814,26.477308922813425,False,insufficient_egarch_obs
Equity-option Greek Markowitz,Gross before costs,185,garch11_residual_fallback_insufficient_egarch_obs,60,ok,60,0.2605949869301383,0.8548672956848397,0.668579627027652,1.2480970600653112,-0.8167866181607543,0.24670376542389544,0.33002716357755685,3.183302267189565,False,insufficient_egarch_obs
Equity-option Greek Markowitz,Gross before costs,186,garch11_residual_fallback_insufficient_egarch_obs,60,ok,60,0.3181038138896821,1.2727050766025296,0.8609200625977377,1.5205123546890715,-0.9009415355133115,0.4915832091898162,0.5685634360935509,3.978763115662235,False,insufficient_egarch_obs
Equity-option Greek Markowitz,Gross before costs,187,garch11_residual_fallback_insufficient_egarch_obs,60,ok,60,-0.4537885940568628,1.45408754418026,0.3035626690262763,0.5152792963557385,-0.984293360760983,0.4824643170452291,0.6277308277577474,0.04861875393758488,False,insufficient_egarch_obs
Equity-option Greek Markowitz,Gross before costs,188,garch11_residual_fallback_insufficient_egarch_obs,60,ok,60,1.1922222991455849,0.8360794484126788,1.3558657107665217,2.845891484488667,-0.5655849324781703,0.28457200984855374,0.2964313929694595,50.63175197796328,False,insufficient_egarch_obs
Equity-option Greek Markowitz,Gross before costs,189,garch11_residual_fallback_insufficient_egarch_obs,60,ok,60,-0.41459825472893386,1.1154214472241095,0.044281567549115865,0.07216046271779869,-0.9692195583505244,0.3702008447212883,0.3848590003072572,0.06874958237565432,False,insufficient_egarch_obs
Equity-option Greek Markowitz,Gross before costs,190,garch11_residual_fallback_insufficient_egarch_obs,60,ok,60,-0.21874173759299387,0.9204840563514526,0.1610690090106904,0.2721639600743787,-0.8994521943910643,0.3287838510382023,0.39499303817331083,0.29105369482519555,False,insufficient_egarch_obs
Equity-option Greek Markowitz,Gross before costs,191,garch11_residual_fallback_insufficient_egarch_obs,60,ok,60,0.051939163442290104,1.0250449967251893,0.5550734379674436,0.9325725083887351,-0.9775130975145535,0.34520845097381464,0.472704336331714,1.2881105001952087,False,insufficient_egarch_obs
Equity-option Greek Markowitz,Gross before costs,192,garch11_residual_fallback_insufficient_egarch_obs,60,ok,60,-0.11454955414076251,1.1726249660710097,0.4332466112393085,0.7690464230252991,-0.992204642604812,0.3757578303931409,0.3902229881385754,0.5442786573830501,False,insufficient_egarch_obs
Equity-option Greek Markowitz,Gross before costs,193,garch11_residual_fallback_insufficient_egarch_obs,60,ok,60,0.025524504187314223,1.089353519936055,0.5392079822826413,0.9451955566755965,-0.8539837065220802,0.3396625851596752,0.4293362221423087,1.1343059493988226,False,insufficient_egarch_obs
Equity-option Greek Markowitz,Gross before costs,194,garch11_residual_fallback_insufficient_egarch_obs,60,ok,60,0.6061555861730457,1.3487157232803604,0.9857429631617949,1.9039271070506716,-0.9321464864685733,0.3844555244199687,0.4321458812563718,10.689024255465682,False,insufficient_egarch_obs
Equity-option Greek Markowitz,Gross before costs,195,garch11_residual_fallback_insufficient_egarch_obs,60,ok,60,0.17477202556391247,0.9758044856974203,0.605401519348002,1.1550081684675007,-0.6859329067245891,0.30215213634832033,0.32922731870263305,2.237525437628832,False,insufficient_egarch_obs
Equity-option Greek Markowitz,Gross before costs,196,garch11_residual_fallback_insufficient_egarch_obs,60,ok,60,1.0097190292109315,0.9206961754611102,1.2150818248614885,2.388896480665848,-0.5368221815234528,0.3018687612846349,0.31974898003871166,32.7851159106883,False,insufficient_egarch_obs
Equity-option Greek Markowitz,Gross before costs,197,garch11_residual_fallback_insufficient_egarch_obs,60,ok,60,2.3232425532541985,1.399397787725031,1.6223165142085378,3.424608430617234,-0.9678477568819299,0.38765651590482847,0.6159403142794415,405.3313556951257,False,insufficient_egarch_obs
Equity-option Greek Markowitz,Gross before costs,198,garch11_residual_fallback_insufficient_egarch_obs,60,ok,60,-0.5475722084979531,1.2597856583123765,0.0008105011884635936,0.0012440486439736567,-0.9988048895751117,0.42578696375368064,0.48341610660181217,0.01895598574589095,False,insufficient_egarch_obs
Equity-option Greek Markowitz,Gross before costs,199,garch11_residual_fallback_insufficient_egarch_obs,60,ok,60,1.1192760092546017,1.144318638739755,1.2121295138541013,2.4192322468221237,-0.6877658416721265,0.37893425074739157,0.39968617444101895,42.750146678205056,False,insufficient_egarch_obs
Equity-option Greek Markowitz,Gross before costs,200,garch11_residual_fallback_insufficient_egarch_obs,60,ok,60,0.19514266619603826,1.0086631334768537,0.6390596574266773,1.196891807155857,-0.780290865173955,0.31557222865607387,0.3362081567634745,2.4383652151749966,False,insufficient_egarch_obs
Equity-option Greek Markowitz,Gross before costs,201,garch11_residual_fallback_insufficient_egarch_obs,60,ok,60,0.9785611286526048,0.8449071113471003,1.2079457460634615,2.6878108723422156,-0.6854126744597109,0.22785225195786046,0.30819446807607276,30.321268262779387,False,insufficient_egarch_obs
Equity-option Greek Markowitz,Gross before costs,202,garch11_residual_fallback_insufficient_egarch_obs,60,ok,60,-0.5627795349562426,1.3487224116015932,0.11126538627191283,0.18012962615805536,-0.9983715550293051,0.4627394562442712,0.6586326145743873,0.015977263922470043,False,insufficient_egarch_obs
Equity-option Greek Markowitz,Gross before costs,203,garch11_residual_fallback_insufficient_egarch_obs,60,ok,60,0.12159510871586621,1.120298218663193,0.6103298490899455,1.1486485705566545,-0.9248696050425238,0.34147940673169613,0.36961944117871676,1.7749271529673714,False,insufficient_egarch_obs
Equity-option Greek Markowitz,Gross before costs,204,garch11_residual_fallback_insufficient_egarch_obs,60,ok,60,0.11365229199452509,1.0670932223467693,0.5912446183316766,1.0933721920411994,-0.7288200516749761,0.3069418808416267,0.38892427444598515,1.7129633699180389,False,insufficient_egarch_obs
Equity-option Greek Markowitz,Gross before costs,205,garch11_residual_fallback_insufficient_egarch_obs,60,ok,60,0.6930109374798439,1.2108027590507757,0.9998060579697583,1.9968822393490089,-0.9628610349577689,0.4046700737676165,0.4238618419034375,13.909093261444681,False,insufficient_egarch_obs
Equity-option Greek Markowitz,Gross before costs,206,garch11_residual_fallback_insufficient_egarch_obs,60,ok,60,0.9240739603451811,0.8331686906712111,1.1799797246017998,2.6270751589016217,-0.6173354767110241,0.2289882591350785,0.2681648456416777,26.369919882720584,False,insufficient_egarch_obs
Equity-option Greek Markowitz,Gross before costs,207,garch11_residual_fallback_insufficient_egarch_obs,60,ok,60,1.586266608333288,0.8294369366159329,1.5582790844889194,3.871543285776788,-0.5687572389857017,0.20976695695504588,0.264010426719777,115.70881956800184,False,insufficient_egarch_obs
Equity-option Greek Markowitz,Gross before costs,208,garch11_residual_fallback_insufficient_egarch_obs,60,ok,60,-0.36866277048113183,0.9868112187231134,-0.008505885340544967,-0.014011769687793881,-0.9312713618302878,0.3287800863766987,0.3653756739113405,0.10030140132114264,False,insufficient_egarch_obs
Equity-option Greek Markowitz,Gross before costs,209,garch11_residual_fallback_insufficient_egarch_obs,60,ok,60,-0.04084729833919554,0.867583835794825,0.37570930255069335,0.6092642088358171,-0.9133641633954236,0.3124473378228592,0.3961298392015758,0.8117807939958613,False,insufficient_egarch_obs
Equity-option Greek Markowitz,Gross before costs,210,garch11_residual_fallback_insufficient_egarch_obs,60,ok,60,1.031794593383903,1.1034209527632144,1.189451610627741,2.2908545530575757,-0.8137359265834299,0.3639184331680898,0.40977699437330134,34.625735057095106,False,insufficient_egarch_obs
Equity-option Greek Markowitz,Gross before costs,211,garch11_residual_fallback_insufficient_egarch_obs,60,ok,60,0.9313471153579587,1.0444363427316299,1.1291954360017638,2.2845872475707676,-0.69040513068009,0.31888860366133515,0.3893024328240135,26.87210429138851,False,insufficient_egarch_obs
Equity-option Greek Markowitz,Gross before costs,212,garch11_residual_fallback_insufficient_egarch_obs,60,ok,60,0.4945366225577279,1.12951756961136,0.8902475310193599,1.6846854115555718,-0.722460534094955,0.3591791336964318,0.3883678950806646,7.456461982655318,False,insufficient_egarch_obs
Equity-option Greek Markowitz,Gross before costs,213,garch11_residual_fallback_insufficient_egarch_obs,60,ok,60,0.06297703601385596,1.2687974357730214,0.6389716397827258,1.180983076020056,-0.8725048288420877,0.3729388323113237,0.477532742034353,1.3571236280502816,False,insufficient_egarch_obs
Equity-option Greek Markowitz,Gross before costs,214,garch11_residual_fallback_insufficient_egarch_obs,60,ok,60,-0.009593200208047215,1.1830348144831144,0.5403694545089353,0.9805254371948733,-0.948794671028716,0.34400009143883786,0.4260159015431441,0.952945507554719,False,insufficient_egarch_obs
Equity-option Greek Markowitz,Gross before costs,215,garch11_residual_fallback_insufficient_egarch_obs,60,ok,60,-0.33921696993078587,1.3108606202100468,0.29460524235266067,0.5145469540211867,-0.9389905113613976,0.4503766090327146,0.5238495753727805,0.1259779118764751,False,insufficient_egarch_obs
Equity-option Greek Markowitz,Gross before costs,216,garch11_residual_fallback_insufficient_egarch_obs,60,ok,60,0.21024305126928167,0.8337888238165859,0.613207819791369,1.1457189635324156,-0.865491483617462,0.2707656684728372,0.30097977756866934,2.5963485167461977,False,insufficient_egarch_obs
Equity-option Greek Markowitz,Gross before costs,217,garch11_residual_fallback_insufficient_egarch_obs,60,ok,60,-0.19373440541015274,1.1371924035191452,0.3812099917182652,0.6308700305680277,-0.9275232379795931,0.41850292632024655,0.5671287190967561,0.3407145174183629,False,insufficient_egarch_obs
Equity-option Greek Markowitz,Gross before costs,218,garch11_residual_fallback_insufficient_egarch_obs,60,ok,60,1.9274518492531767,0.955650572803486,1.622746167324154,3.62244539598434,-0.7998628110004291,0.2376953835082949,0.3611047008402541,215.00512027849322,False,insufficient_egarch_obs
Equity-option Greek Markowitz,Gross before costs,219,garch11_residual_fallback_insufficient_egarch_obs,60,ok,60,-0.5244329960734729,1.0069048166882104,-0.2335036870476965,-0.34991229220370546,-0.9960973707429936,0.3530466089945698,0.4555430250671075,0.024325320584572572,False,insufficient_egarch_obs
Equity-option Greek Markowitz,Gross before costs,220,garch11_residual_fallback_insufficient_egarch_obs,60,ok,60,-0.09827736838791812,0.9275446758747298,0.33891696482754957,0.5538071861026944,-0.8295593218088293,0.30366201917188357,0.3908283746801537,0.59616276722998,False,insufficient_egarch_obs
Equity-option Greek Markowitz,Gross before costs,221,garch11_residual_fallback_insufficient_egarch_obs,60,ok,60,0.019066189055590543,1.1798601058654448,0.5855551618541209,1.0318267599304745,-0.9409714500938463,0.3934812567879965,0.5141752264087954,1.099036113508425,False,insufficient_egarch_obs
Equity-option Greek Markowitz,Gross before costs,222,garch11_residual_fallback_insufficient_egarch_obs,60,ok,60,-0.14036831680551787,1.2694952031286155,0.5137451635979301,0.858931495539751,-0.9252902713898862,0.4169611533569523,0.5485773449567057,0.46942051859632233,False,insufficient_egarch_obs
Equity-option Greek Markowitz,Gross before costs,223,garch11_residual_fallback_insufficient_egarch_obs,60,ok,60,-0.26715653305973486,1.1633991773092822,0.2643636322755813,0.4572502507964746,-0.9473502895905992,0.37498487197736324,0.39970457150912814,0.21137620823433378,False,insufficient_egarch_obs
Equity-option Greek Markowitz,Gross before costs,224,garch11_residual_fallback_insufficient_egarch_obs,60,ok,60,-0.4399823552670129,0.9198032318355714,-0.20179309340118448,-0.3254510729621127,-0.9703112691584729,0.29777737086057376,0.3261378648802931,0.05508185449957322,False,insufficient_egarch_obs
Equity-option Greek Markowitz,Gross before costs,225,garch11_residual_fallback_insufficient_egarch_obs,60,ok,60,-0.03339233678698472,1.0192452560419583,0.44297964492339775,0.7721072281273811,-0.8409851110593067,0.31561850199321845,0.3910216549336371,0.8438226321345883,False,insufficient_egarch_obs
Equity-option Greek Markowitz,Gross before costs,226,garch11_residual_fallback_insufficient_egarch_obs,60,ok,60,0.3492260069424511,0.8160437292726868,0.7521531222865331,1.412798302346353,-0.6342993644518744,0.29943057438030257,0.33333904067524106,4.471194054413187,False,insufficient_egarch_obs
Equity-option Greek Markowitz,Gross before costs,227,garch11_residual_fallback_insufficient_egarch_obs,60,ok,60,0.3706887518778337,0.9853460699391129,0.7740478487227355,1.4809322717613296,-0.7026399043791611,0.30124652805156643,0.3398834740020557,4.838316165616577,False,insufficient_egarch_obs
Equity-option Greek Markowitz,Gross before costs,228,garch11_residual_fallback_insufficient_egarch_obs,60,ok,60,-0.21884141290753134,0.9918449126721044,0.21448943678110008,0.3650542571326329,-0.9511945981987125,0.30591892864000625,0.429329639120923,0.290868074599922,False,insufficient_egarch_obs
Equity-option Greek Markowitz,Gross before costs,229,garch11_residual_fallback_insufficient_egarch_obs,60,ok,60,0.022987385437905683,1.162777786922254,0.5620623872355861,1.0134146459068356,-0.8763711330202576,0.37489957635414606,0.4665288182485115,1.1203439985555224,False,insufficient_egarch_obs
Equity-option Greek Markowitz,Gross before costs,230,garch11_residual_fallback_insufficient_egarch_obs,60,ok,60,-0.3240758792785876,1.0085794871038833,0.1213648893897589,0.18748577427362742,-0.9164817235459528,0.3367704887688663,0.47340259006829166,0.1410878852026669,False,insufficient_egarch_obs
Equity-option Greek Markowitz,Gross before costs,231,garch11_residual_fallback_insufficient_egarch_obs,60,ok,60,0.22749512257757698,1.045480436133907,0.6943684331373126,1.2491909139374837,-0.8436849400961536,0.3101966868724145,0.41192491058348296,2.7867555562402684,False,insufficient_egarch_obs
Equity-option Greek Markowitz,Gross before costs,232,garch11_residual_fallback_insufficient_egarch_obs,60,ok,60,-0.5393685237570205,1.9443594412158127,0.6401594646462101,1.0911221743089619,-0.9997420622948374,0.6901622268031641,0.7035961248093804,0.020738056627061914,False,insufficient_egarch_obs
Equity-option Greek Markowitz,Gross before costs,233,garch11_residual_fallback_insufficient_egarch_obs,60,ok,60,0.005247643401787627,1.0322722380735478,0.4860081999995364,0.8631783114164426,-0.7628114491102677,0.3204805575693739,0.39289393084445545,1.026515043500795,False,insufficient_egarch_obs
Equity-option Greek Markowitz,Gross before costs,234,garch11_residual_fallback_insufficient_egarch_obs,60,ok,60,0.6507436176599235,1.1201177710599621,0.980771836518695,1.8876054148107015,-0.7635818286506026,0.34959756928580465,0.3890420153070586,12.257393657391068,False,insufficient_egarch_obs
Equity-option Greek Markowitz,Gross before costs,235,garch11_residual_fallback_insufficient_egarch_obs,60,ok,60,0.4444597919320856,1.1339550026813296,0.8863487231561967,1.6584626439520156,-0.8219025549731964,0.39173182869916556,0.5584752068050712,6.2882136141327925,False,insufficient_egarch_obs
Equity-option Greek Markowitz,Gross before costs,236,garch11_residual_fallback_insufficient_egarch_obs,60,ok,60,0.7789050910042739,0.8453371935294381,1.0883001371358072,2.1998063529633707,-0.3951522480080376,0.26116742072235416,0.3052961915385581,17.814100170754774,False,insufficient_egarch_obs
Equity-option Greek Markowitz,Gross before costs,237,garch11_residual_fallback_insufficient_egarch_obs,60,ok,60,-0.26283601051588257,1.1101472441863007,0.26542805493508814,0.43351031063422585,-0.9586334273133105,0.341971692859489,0.48053503298707567,0.21768101747513896,False,insufficient_egarch_obs
Equity-option Greek Markowitz,Gross before costs,238,garch11_residual_fallback_insufficient_egarch_obs,60,ok,60,0.3495387537472814,0.9253517717493849,0.7667227715503345,1.3728154519121871,-0.7651203367175741,0.33550437018854995,0.34834804935104646,4.476378508557135,False,insufficient_egarch_obs
Equity-option Greek Markowitz,Gross before costs,239,garch11_residual_fallback_insufficient_egarch_obs,60,ok,60,-0.26618603495361726,1.153048171693841,0.3646715430150516,0.5632980228431758,-0.9828749441940331,0.4543785552649606,0.6084558764928863,0.21277953834352695,False,insufficient_egarch_obs
Equity-option Greek Markowitz,Gross before costs,240,garch11_residual_fallback_insufficient_egarch_obs,60,ok,60,1.2744777615798224,0.9167411091380568,1.3526652906076706,2.81573446592738,-0.7479199292937844,0.2895034526116465,0.3397747051321362,60.87072502699633,False,insufficient_egarch_obs
Equity-option Greek Markowitz,Gross before costs,241,garch11_residual_fallback_insufficient_egarch_obs,60,ok,60,-0.3453950139527723,0.8375123632393237,-0.10336522293041903,-0.158618807708948,-0.9462105569865012,0.3082597188918436,0.32214052288523604,0.12019780719310097,False,insufficient_egarch_obs
Equity-option Greek Markowitz,Gross before costs,242,garch11_residual_fallback_insufficient_egarch_obs,60,ok,60,1.72225220757695,0.9571784679372957,1.5288140433703894,3.351339869991598,-0.5089940934968693,0.2728139715501278,0.3223327499162915,149.50020677054016,False,insufficient_egarch_obs
Equity-option Greek Markowitz,Gross before costs,243,garch11_residual_fallback_insufficient_egarch_obs,60,ok,60,0.23306558483644113,1.0644093578124278,0.6792238910618505,1.3169593959835284,-0.861990778435216,0.31164834909923456,0.3920886286735544,2.8505645722546054,False,insufficient_egarch_obs
Equity-option Greek Markowitz,Gross before costs,244,garch11_residual_fallback_insufficient_egarch_obs,60,ok,60,0.18809097019126342,1.0513584158707274,0.6715939116377639,1.1900496442836652,-0.9245673113530221,0.3874870470707943,0.4444550238567826,2.3672737136618216,False,insufficient_egarch_obs
Equity-option Greek Markowitz,Gross before costs,245,garch11_residual_fallback_insufficient_egarch_obs,60,ok,60,0.22498458783883057,0.777420862968889,0.6282957030165796,1.1221362909062875,-0.7048251369379964,0.277432559428628,0.3342492619760318,2.7583738265498194,False,insufficient_egarch_obs
Equity-option Greek Markowitz,Gross before costs,246,garch11_residual_fallback_insufficient_egarch_obs,60,ok,60,0.27439936279274924,0.8436364556908463,0.682101373538205,1.2647192950717125,-0.8874530469318,0.2924415670638344,0.3349013229286401,3.3614583012292414,False,insufficient_egarch_obs
Equity-option Greek Markowitz,Gross before costs,247,garch11_residual_fallback_insufficient_egarch_obs,60,ok,60,-0.020370669871685343,0.9703363460358824,0.4276820780412352,0.7558912269459886,-0.8756535206214064,0.3251696944529938,0.3406866633418156,0.9022126190350125,False,insufficient_egarch_obs
Equity-option Greek Markowitz,Gross before costs,248,garch11_residual_fallback_insufficient_egarch_obs,60,ok,60,-0.03233131279535417,1.0213281128457128,0.46013375072078394,0.7704886023997645,-0.7480774185471627,0.3469920041981893,0.39274304412793476,0.8484640383005075,False,insufficient_egarch_obs
Equity-option Greek Markowitz,Gross before costs,249,garch11_residual_fallback_insufficient_egarch_obs,60,ok,60,0.7132541971645119,1.138321932543044,0.9985368037127039,2.0258655089155733,-0.8053659629492498,0.32962064240133426,0.35559068859495113,14.76077030556293,False,insufficient_egarch_obs
Equity-option Greek Markowitz,Gross before costs,250,garch11_residual_fallback_insufficient_egarch_obs,60,ok,60,1.4098624384840468,0.7854055904883555,1.5232253839114411,3.3418690725515603,-0.6181770426501176,0.259342725350592,0.28790656264410847,81.275801850213,False,insufficient_egarch_obs
Equity-option Greek Markowitz,Gross before costs,251,garch11_residual_fallback_insufficient_egarch_obs,60,ok,60,0.5414086882088722,1.0536853952165834,0.9025155434603326,1.7857741106185403,-0.7971134540274746,0.3140052504854925,0.4107638009398205,8.701397583833316,False,insufficient_egarch_obs
Equity-option Greek Markowitz,Gross before costs,252,garch11_residual_fallback_insufficient_egarch_obs,60,ok,60,0.7205921449928172,0.9051244751335302,1.0157430814870305,2.199113066753688,-0.6905576966167944,0.24871929218339883,0.3038641537079951,15.079595062696312,False,insufficient_egarch_obs
Equity-option Greek Markowitz,Gross before costs,253,garch11_residual_fallback_insufficient_egarch_obs,60,ok,60,0.05372659889835241,0.9840074903198442,0.49011135523315913,0.9381639737448654,-0.8993209781066294,0.29614309305477554,0.32981845515895425,1.2990914209816062,False,insufficient_egarch_obs
Equity-option Greek Markowitz,Gross before costs,254,garch11_residual_fallback_insufficient_egarch_obs,60,ok,60,0.18911526122422218,1.2817217335864477,0.7641154945819227,1.3559412740776429,-0.898600160464613,0.37687595056285667,0.4807367849837729,2.377495834104315,False,insufficient_egarch_obs
Equity-option Greek Markowitz,Gross before costs,255,garch11_residual_fallback_insufficient_egarch_obs,60,ok,60,0.2791619161874759,0.7869019554491538,0.6920745263453898,1.2435161216606618,-0.6841030878983079,0.2176297374614782,0.34976730972917275,3.424739986709647,False,insufficient_egarch_obs
Equity-option Greek Markowitz,Gross before costs,256,garch11_residual_fallback_insufficient_egarch_obs,60,ok,60,0.09175054338704403,1.227279529124176,0.6949663635296927,1.2074261454376911,-0.9261639663021014,0.44876105999258736,0.5868002078583218,1.551018877845073,False,insufficient_egarch_obs
Equity-option Greek Markowitz,Gross before costs,257,garch11_residual_fallback_insufficient_egarch_obs,60,ok,60,0.9100278046992643,0.8131505525999928,1.1980058461676317,2.412904412209357,-0.557522033106897,0.28736837989723835,0.35898054786552763,25.421340461745203,False,insufficient_egarch_obs
Equity-option Greek Markowitz,Gross before costs,258,garch11_residual_fallback_insufficient_egarch_obs,60,ok,60,0.1762380146992517,1.3315805568464805,0.7686280156120137,1.3983335338842764,-0.9111682804789869,0.4114167877136575,0.5302321359406198,2.251521280124563,False,insufficient_egarch_obs
Equity-option Greek Markowitz,Gross before costs,259,garch11_residual_fallback_insufficient_egarch_obs,60,ok,60,-0.14945832851540186,1.0912086391063243,0.35550716384459097,0.614001921226531,-0.8758803173989024,0.34555244710409466,0.3708014846246713,0.44512089504253854,False,insufficient_egarch_obs
Equity-option Greek Markowitz,Gross before costs,260,garch11_residual_fallback_insufficient_egarch_obs,60,ok,60,0.8113516124037057,1.0998462231815387,1.0517500223520624,2.2105724329994487,-0.6864830342545047,0.2922183928315225,0.4034707815378194,19.499066037809854,False,insufficient_egarch_obs
Equity-option Greek Markowitz,Gross before costs,261,garch11_residual_fallback_insufficient_egarch_obs,60,ok,60,0.7482679867160964,0.731177234923652,1.120916545040052,2.2847751467289044,-0.6044726658238797,0.211302330968187,0.30194667174903034,16.33202460167312,False,insufficient_egarch_obs
Equity-option Greek Markowitz,Gross before costs,262,garch11_residual_fallback_insufficient_egarch_obs,60,ok,60,-0.4694404271139818,1.3437893381411001,0.2559613459286557,0.40928597978198283,-0.9823642472806148,0.5820889232398914,0.6951592467521651,0.0420407809200636,False,insufficient_egarch_obs
Equity-option Greek Markowitz,Gross before costs,263,garch11_residual_fallback_insufficient_egarch_obs,60,ok,60,0.2655775986752762,1.1149470557862065,0.7413509113416937,1.3640950912393002,-0.8483959241823592,0.32826557942443363,0.41583521418618424,3.246712963092927,False,insufficient_egarch_obs
Equity-option Greek Markowitz,Gross before costs,264,garch11_residual_fallback_insufficient_egarch_obs,60,ok,60,-0.45587913135624947,1.0085225407874978,-0.12969039531937246,-0.20674529677567496,-0.9361096392747044,0.3313655243712271,0.3579476991258399,0.04769544592130256,False,insufficient_egarch_obs
Equity-option Greek Markowitz,Gross before costs,265,garch11_residual_fallback_insufficient_egarch_obs,60,ok,60,-0.32081139788972823,1.2939865307672669,0.3514188228982966,0.5749272041096414,-0.9857485321220362,0.4834335797882457,0.5565528925326676,0.14452798427811583,False,insufficient_egarch_obs
Equity-option Greek Markowitz,Gross before costs,266,garch11_residual_fallback_insufficient_egarch_obs,60,ok,60,-0.5079776584243891,1.7165074383698662,0.5299128224590826,0.8842421645513525,-0.9946899763405155,0.6363011634339858,0.7625266946671166,0.028835276322610518,False,insufficient_egarch_obs
Equity-option Greek Markowitz,Gross before costs,267,garch11_residual_fallback_insufficient_egarch_obs,60,ok,60,0.4543150975880068,1.16193075134194,0.8651434381446762,1.6702895505081412,-0.7880637093283316,0.3654178451914859,0.4324907042850262,6.505677989628567,False,insufficient_egarch_obs
Equity-option Greek Markowitz,Gross before costs,268,garch11_residual_fallback_insufficient_egarch_obs,60,ok,60,-0.5235946211035587,1.390298354605718,0.20934410885160365,0.3279701213753198,-0.998733994678846,0.5519949044969263,0.6587810904156833,0.02454049290186303,False,insufficient_egarch_obs
Equity-option Greek Markowitz,Gross before costs,269,garch11_residual_fallback_insufficient_egarch_obs,60,ok,60,-0.7723879209418185,1.333137382022108,-0.2648748491428139,-0.3631663522619867,-0.9997908832980358,0.5601916560687913,0.7419644482443165,0.0006109090076544744,False,insufficient_egarch_obs
Equity-option Greek Markowitz,Gross before costs,270,garch11_residual_fallback_insufficient_egarch_obs,60,ok,60,0.6385562736250954,1.2319671174643183,0.9781706383092817,1.9606731137293036,-0.845529003961024,0.36297464366389076,0.4563133871334548,11.811547632061092,False,insufficient_egarch_obs
Equity-option Greek Markowitz,Gross before costs,271,garch11_residual_fallback_insufficient_egarch_obs,60,ok,60,0.5993723075512147,1.0035044286753336,0.9323076593199887,1.8940631719165029,-0.8175011436578892,0.32489936306575,0.3460794420188,10.465207905658628,False,insufficient_egarch_obs
Equity-option Greek Markowitz,Gross before costs,272,garch11_residual_fallback_insufficient_egarch_obs,60,ok,60,0.6340142463096874,1.1679266883834714,0.9669769031499539,1.896452513694616,-0.7647141811447984,0.34989345043064707,0.3792219381514985,11.648746473227158,False,insufficient_egarch_obs
Equity-option Greek Markowitz,Gross before costs,273,garch11_residual_fallback_insufficient_egarch_obs,60,ok,60,-0.1649191774875971,1.029968004200325,0.32056896389418504,0.5298622300699142,-0.9223820017486122,0.3377528016502194,0.41879024853151714,0.406108941345366,False,insufficient_egarch_obs
Equity-option Greek Markowitz,Gross before costs,274,garch11_residual_fallback_insufficient_egarch_obs,60,ok,60,0.7696328574909863,0.9253752753223071,1.047657909980924,2.2050856344529173,-0.7066876877526634,0.2655261248280395,0.30261496819739747,17.354650305573475,False,insufficient_egarch_obs
Equity-option Greek Markowitz,Gross before costs,275,garch11_residual_fallback_insufficient_egarch_obs,60,ok,60,0.5916192016375035,0.9758403463449397,0.9288444392056345,1.8559523746111457,-0.5997393211957449,0.29033860890784496,0.3262711456108553,10.213999908794547,False,insufficient_egarch_obs
Equity-option Greek Markowitz,Gross before costs,276,garch11_residual_fallback_insufficient_egarch_obs,60,ok,60,-0.5312485747268891,0.9828042169882418,-0.2683310618041153,-0.39182464236062514,-0.972593267585939,0.38978889641412295,0.46336637385592105,0.022631482624483237,False,insufficient_egarch_obs
Equity-option Greek Markowitz,Gross before costs,277,garch11_residual_fallback_insufficient_egarch_obs,60,ok,60,-0.5957575993608493,1.821806868492539,0.5577733380103125,0.9203481831253396,-0.9996257007540192,0.7055003338997591,0.8267749651441255,0.010794668794788846,False,insufficient_egarch_obs
Equity-option Greek Markowitz,Gross before costs,278,garch11_residual_fallback_insufficient_egarch_obs,60,ok,60,-0.6383905896605442,1.089297761602633,-0.3491006353314461,-0.49991838322717197,-0.998516888302411,0.3982442419983233,0.5577708865912023,0.0061829910670322535,False,insufficient_egarch_obs
Equity-option Greek Markowitz,Gross before costs,279,garch11_residual_fallback_insufficient_egarch_obs,60,ok,60,-0.07593821886676033,1.0540306683195648,0.42737117767817734,0.7386892092879498,-0.890872485031321,0.34907080306698446,0.43643766163105185,0.6737597171433213,False,insufficient_egarch_obs
Equity-option Greek Markowitz,Gross before costs,280,garch11_residual_fallback_insufficient_egarch_obs,60,ok,60,1.3718905588604193,0.8187857568002234,1.4739189580298118,3.1451331008269876,-0.47527965033564223,0.2190292806270601,0.3101883669679966,75.07117823053467,False,insufficient_egarch_obs
Equity-option Greek Markowitz,Gross before costs,281,garch11_residual_fallback_insufficient_egarch_obs,60,ok,60,0.5977213114946343,1.1534327321044453,0.9920557079117125,1.8239145579008187,-0.7713405074860107,0.3311980128948788,0.5433028710177791,10.41130431395152,False,insufficient_egarch_obs
Equity-option Greek Markowitz,Gross before costs,282,garch11_residual_fallback_insufficient_egarch_obs,60,ok,60,1.183670361828621,0.7817708303347629,1.3818369681046847,3.245366753062278,-0.49789148282334783,0.20591006248431218,0.27716997425151796,49.65184581382298,False,insufficient_egarch_obs
Equity-option Greek Markowitz,Gross before costs,283,garch11_residual_fallback_insufficient_egarch_obs,60,ok,60,0.1592863242901401,0.7810022170056684,0.5485857883546517,1.0208639427019583,-0.6645255251826383,0.24582643710819854,0.3149712477562463,2.093888556216244,False,insufficient_egarch_obs
Equity-option Greek Markowitz,Gross before costs,284,garch11_residual_fallback_insufficient_egarch_obs,60,ok,60,0.17074208122943402,1.0487290032686694,0.63267689884171,1.1925452263731786,-0.8095234700770666,0.32564449815305035,0.4037759816790654,2.1994097437542677,False,insufficient_egarch_obs
Equity-option Greek Markowitz,Gross before costs,285,garch11_residual_fallback_insufficient_egarch_obs,60,ok,60,-0.48855104909784264,1.3950668501724597,0.24020666807015148,0.3878393208687569,-0.9981575697153471,0.5936108707003374,0.650615754140352,0.034995440181114675,False,insufficient_egarch_obs
Equity-option Greek Markowitz,Gross before costs,286,garch11_residual_fallback_insufficient_egarch_obs,60,ok,60,-0.4030384090542125,0.8589121137096113,-0.17077399280681294,-0.25309855130344394,-0.9579806825599959,0.3209167562209387,0.3949596394789728,0.07581095117482892,False,insufficient_egarch_obs
Equity-option Greek Markowitz,Gross before costs,287,garch11_residual_fallback_insufficient_egarch_obs,60,ok,60,-0.43698555288510743,1.3073286636869572,0.23139940393415648,0.3716149035287781,-0.9836086668641331,0.4621918125919161,0.6157728654944927,0.056571500172512834,False,insufficient_egarch_obs
Equity-option Greek Markowitz,Gross before costs,288,garch11_residual_fallback_insufficient_egarch_obs,60,ok,60,-0.14097108789275337,0.8762620142244911,0.28340561100784173,0.42996151811332384,-0.8890358416842546,0.2946433499986983,0.49572308364300843,0.46777704390635944,False,insufficient_egarch_obs
Equity-option Greek Markowitz,Gross before costs,289,garch11_residual_fallback_insufficient_egarch_obs,60,ok,60,-0.006843643587263193,0.94044126823969,0.4389278577371631,0.7672838982859973,-0.9133551059812981,0.2883987068452938,0.38999651317430484,0.9662469423401804,False,insufficient_egarch_obs
Equity-option Greek Markowitz,Gross before costs,290,garch11_residual_fallback_insufficient_egarch_obs,60,ok,60,0.19434853381186512,1.0205432480040622,0.6513443612821244,1.1831072170205224,-0.7968511360868058,0.3348630966880575,0.36011211484463584,2.4302749125701104,False,insufficient_egarch_obs
Equity-option Greek Markowitz,Gross before costs,291,garch11_residual_fallback_insufficient_egarch_obs,60,ok,60,0.451074971715004,1.0243371436257447,0.8501125935839448,1.626274518796575,-0.8211338361060994,0.32965171094586876,0.41805584165586723,6.43352891336938,False,insufficient_egarch_obs
Equity-option Greek Markowitz,Gross before costs,292,garch11_residual_fallback_insufficient_egarch_obs,60,ok,60,0.10569443615589935,1.349548898065984,0.7464182572969517,1.3215012368796175,-0.9432217306510672,0.4109233752329232,0.5694932609445144,1.6526299580359007,False,insufficient_egarch_obs
Equity-option Greek Markowitz,Gross before costs,293,garch11_residual_fallback_insufficient_egarch_obs,60,ok,60,0.4096689080500855,0.771532874925348,0.8030822075782403,1.580418520391565,-0.5817697738679422,0.23656321238898464,0.26836092020779256,5.566543468778182,False,insufficient_egarch_obs
Equity-option Greek Markowitz,Gross before costs,294,garch11_residual_fallback_insufficient_egarch_obs,60,ok,60,0.49214673403425846,1.0836983234035735,0.8986072969567022,1.6470640483294932,-0.780945281369033,0.3571217822049294,0.4626858844554294,7.397034826363745,False,insufficient_egarch_obs
Equity-option Greek Markowitz,Gross before costs,295,garch11_residual_fallback_insufficient_egarch_obs,60,ok,60,0.2410754903258605,1.0525888292017485,0.7026478803221299,1.280750597842616,-0.8942088251784963,0.338164691787864,0.4103835606480737,2.944360580199561,False,insufficient_egarch_obs
Equity-option Greek Markowitz,Gross before costs,296,garch11_residual_fallback_insufficient_egarch_obs,60,ok,60,0.3734683961487686,0.9448502524593466,0.7753024283916624,1.47429879095453,-0.76584078222427,0.28758399542407087,0.3151964553274636,4.887574082978974,False,insufficient_egarch_obs
Equity-option Greek Markowitz,Gross before costs,297,garch11_residual_fallback_insufficient_egarch_obs,60,ok,60,0.44608263852624197,0.9739758552918037,0.8374934633580174,1.6126883245258212,-0.9037768989399231,0.28027674151801646,0.384161798420897,6.323617029387059,False,insufficient_egarch_obs
Equity-option Greek Markowitz,Gross before costs,298,garch11_residual_fallback_insufficient_egarch_obs,60,ok,60,-0.31519621329096026,1.2280294510209082,0.2870840611529661,0.4697500249063399,-0.9058182947403619,0.4273815687760284,0.4688673173838089,0.15060200917573388,False,insufficient_egarch_obs
Equity-option Greek Markowitz,Gross before costs,299,garch11_residual_fallback_insufficient_egarch_obs,60,ok,60,-0.3234847949846794,1.1268454511992267,0.19284584793581094,0.31623959853365247,-0.9346574375324282,0.37421863460088023,0.43440088865443544,0.14170586000788973,False,insufficient_egarch_obs
Equity-option Greek Markowitz,Gross before costs,300,garch11_residual_fallback_insufficient_egarch_obs,60,ok,60,1.1373776618180491,0.8064171013915151,1.3499945459790654,2.816005146873739,-0.5756529366913812,0.23317548949349157,0.323487447178495,44.60734045910308,False,insufficient_egarch_obs
Equity-option Greek Markowitz,Gross before costs,301,garch11_residual_fallback_insufficient_egarch_obs,60,ok,60,0.14877897630048342,0.9844629928493952,0.6248474136146183,1.075260057478959,-0.7319029039858571,0.3304231052914131,0.45943121434348827,2.000701947736685,False,insufficient_egarch_obs
Equity-option Greek Markowitz,Gross before costs,302,garch11_residual_fallback_insufficient_egarch_obs,60,ok,60,0.13352548029887523,1.2036757589260976,0.7030077805897382,1.241536385274591,-0.9520693459035832,0.3687433474142019,0.5488728755255942,1.8713560904695725,False,insufficient_egarch_obs
Equity-option Greek Markowitz,Gross before costs,303,garch11_residual_fallback_insufficient_egarch_obs,60,ok,60,-0.005131775961223495,0.8346011602785319,0.37707738343499747,0.6652195850362977,-0.8098588637534583,0.2654956624695039,0.3025020837937147,0.9746031234435899,False,insufficient_egarch_obs
Equity-option Greek Markowitz,Gross before costs,304,garch11_residual_fallback_insufficient_egarch_obs,60,ok,60,0.9741288745811176,1.106018424241621,1.1331777134841396,2.3777531263865526,-0.7425194046957001,0.34425882314291223,0.37715670398751483,29.98316700773481,False,insufficient_egarch_obs
Equity-option Greek Markowitz,Gross before costs,305,garch11_residual_fallback_insufficient_egarch_obs,60,ok,60,1.242132150247977,1.062705627002028,1.2637183857095533,2.737129744656289,-0.8380417180615026,0.28477105518277773,0.32086065860836976,56.663843675956414,False,insufficient_egarch_obs
Equity-option Greek Markowitz,Gross before costs,306,garch11_residual_fallback_insufficient_egarch_obs,60,ok,60,1.2441403317420576,1.113437744802403,1.2724555559500574,2.6009337158970425,-0.7418677171378072,0.35326486348866737,0.4181980220041514,56.918055500225705,False,insufficient_egarch_obs
Equity-option Greek Markowitz,Gross before costs,307,garch11_residual_fallback_insufficient_egarch_obs,60,ok,60,0.06182004692660814,1.1751361296118246,0.6605763378418388,1.1121880246684188,-0.9925468865735925,0.41049207260124904,0.567454405712275,1.3497539352036332,False,insufficient_egarch_obs
Equity-option Greek Markowitz,Gross before costs,308,garch11_residual_fallback_insufficient_egarch_obs,60,ok,60,0.095542267946928,1.0898687152842024,0.6143374071199719,1.067173897908069,-0.7983995914748977,0.3844351720966398,0.4782100996326608,1.5781405908442159,False,insufficient_egarch_obs
Equity-option Greek Markowitz,Gross before costs,309,garch11_residual_fallback_insufficient_egarch_obs,60,ok,60,-0.4451198021864271,1.2987050919447143,0.18976221515626093,0.307466474460965,-0.9048382002434074,0.42442630158792,0.5569602251159554,0.05260125807963441,False,insufficient_egarch_obs
Equity-option Greek Markowitz,Gross before costs,310,garch11_residual_fallback_insufficient_egarch_obs,60,ok,60,-0.7077848263516349,1.556185518167806,-0.012945662005800426,-0.02028031651976405,-0.9986368211972884,0.5236873069620187,0.5457699808627727,0.002130658355003868,False,insufficient_egarch_obs
Equity-option Greek Markowitz,Gross before costs,311,garch11_residual_fallback_insufficient_egarch_obs,60,ok,60,0.737532382840848,1.434464236769162,1.0951263608245867,2.096462121641683,-0.9663775329927775,0.46862914906683123,0.5732786414222929,15.836694427039875,False,insufficient_egarch_obs
Equity-option Greek Markowitz,Gross before costs,312,garch11_residual_fallback_insufficient_egarch_obs,60,ok,60,0.05221095747542637,1.017986120216303,0.5239904054772342,0.9325762623761672,-0.8359059396226598,0.33979150565206656,0.39950918767500276,1.2897754334962945,False,insufficient_egarch_obs
Equity-option Greek Markowitz,Gross before costs,313,garch11_residual_fallback_insufficient_egarch_obs,60,ok,60,0.42571379510814733,1.0544435760007338,0.8205121968778402,1.5880725512433025,-0.816667537467525,0.3155877299021086,0.3361744055078559,5.890630193701861,False,insufficient_egarch_obs
Equity-option Greek Markowitz,Gross before costs,314,garch11_residual_fallback_insufficient_egarch_obs,60,ok,60,0.18051071552094355,1.0735104598612035,0.6715402256226375,1.1849424918818654,-0.8744630574999014,0.4213217410117732,0.4371938996180104,2.292712863649687,False,insufficient_egarch_obs
Equity-option Greek Markowitz,Gross before costs,315,garch11_residual_fallback_insufficient_egarch_obs,60,ok,60,-0.2137537752846732,1.020857445070826,0.23824010034440024,0.4096022160207232,-0.9479789013262153,0.3552020166202146,0.40062655835560995,0.30046429128544394,False,insufficient_egarch_obs
Equity-option Greek Markowitz,Gross before costs,316,garch11_residual_fallback_insufficient_egarch_obs,60,ok,60,-0.5970697919166326,1.5665461577155695,0.23020222198438864,0.37291932453067345,-0.9996417233388202,0.5531120376631375,0.6414718020848421,0.01062060215333994,False,insufficient_egarch_obs
Equity-option Greek Markowitz,Gross before costs,317,garch11_residual_fallback_insufficient_egarch_obs,60,ok,60,-0.5149177209178468,1.268758055018618,0.0347734225071596,0.057842978354255926,-0.9937897137216032,0.4372545558515418,0.5573593850712201,0.02685820886520766,False,insufficient_egarch_obs
Equity-option Greek Markowitz,Gross before costs,318,garch11_residual_fallback_insufficient_egarch_obs,60,ok,60,0.2855317659409915,1.0254780699850519,0.7178040559711467,1.3635289197517957,-0.8724064724042317,0.3399414523457242,0.386483127307612,3.5108644594558305,False,insufficient_egarch_obs
Equity-option Greek Markowitz,Gross before costs,319,garch11_residual_fallback_insufficient_egarch_obs,60,ok,60,1.2380860548217973,0.9845024425367214,1.3111394728335521,2.7282380977456326,-0.5746432227968334,0.2910576103640673,0.39651781022243665,56.15441484843176,False,insufficient_egarch_obs
Equity-option Greek Markowitz,Gross before costs,320,garch11_residual_fallback_insufficient_egarch_obs,60,ok,60,1.3513412064694328,1.397906110856519,1.3235656782410217,2.643841583961733,-0.7842491088113637,0.4153427219057878,0.5339937330646385,71.87506888774183,False,insufficient_egarch_obs
Equity-option Greek Markowitz,Gross before costs,321,garch11_residual_fallback_insufficient_egarch_obs,60,ok,60,0.48578609857636756,0.9778206704174721,0.8686462595912104,1.6441574655355402,-0.8331614130703117,0.31686754794785593,0.35447184945848775,7.240714993433487,False,insufficient_egarch_obs
Equity-option Greek Markowitz,Gross before costs,322,garch11_residual_fallback_insufficient_egarch_obs,60,ok,60,0.2615705099992929,0.8667305579943165,0.6752435216572438,1.2635735079939567,-0.692670185308186,0.26437972337685844,0.3862658755421706,3.1956384846590296,False,insufficient_egarch_obs
Equity-option Greek Markowitz,Gross before costs,323,garch11_residual_fallback_insufficient_egarch_obs,60,ok,60,-0.1286086491541819,0.9942253078291761,0.34125686478333117,0.5639347583728229,-0.8754609286887581,0.3369789461305403,0.4472141779184226,0.5024191966518636,False,insufficient_egarch_obs
Equity-option Greek Markowitz,Gross before costs,324,garch11_residual_fallback_insufficient_egarch_obs,60,ok,60,0.25403767401649757,0.9860375885159748,0.7126534140523746,1.24175692162103,-0.8924821920378396,0.3245828794838695,0.4384601888943171,3.1013652698677774,False,insufficient_egarch_obs
Equity-option Greek Markowitz,Gross before costs,325,garch11_residual_fallback_insufficient_egarch_obs,60,ok,60,-0.1676450299539307,0.9138409233338256,0.21745991761632152,0.37919255068733404,-0.8348809395773346,0.3092787815149991,0.3288726217827142,0.3995240112636081,False,insufficient_egarch_obs
Equity-option Greek Markowitz,Gross before costs,326,garch11_residual_fallback_insufficient_egarch_obs,60,ok,60,-0.227403331375156,1.016357563077117,0.21998655502743947,0.36777925758954855,-0.9009329219170742,0.33043183270483717,0.3588535997208809,0.27527334221039995,False,insufficient_egarch_obs
Equity-option Greek Markowitz,Gross before costs,327,garch11_residual_fallback_insufficient_egarch_obs,60,ok,60,0.15767255238912847,0.9740378578141334,0.597358212750473,1.1083960791913017,-0.7910537218494231,0.32535676680232445,0.34843106032060484,2.0793552007860727,False,insufficient_egarch_obs
Equity-option Greek Markowitz,Gross before costs,328,garch11_residual_fallback_insufficient_egarch_obs,60,ok,60,-0.04506119892992366,0.9826390566523717,0.4024252519240836,0.7281813435956124,-0.800105901904975,0.3206045103283503,0.3368256813718775,0.7941045780484228,False,insufficient_egarch_obs
Equity-option Greek Markowitz,Gross before costs,329,garch11_residual_fallback_insufficient_egarch_obs,60,ok,60,-0.30451567068014274,1.1163699353887357,0.24219078782074704,0.3856929190028969,-0.9910142109483986,0.46498512311275725,0.553826619808048,0.16271842970459519,False,insufficient_egarch_obs
Equity-option Greek Markowitz,Gross before costs,330,garch11_residual_fallback_insufficient_egarch_obs,60,ok,60,0.6472013147989395,0.8431998468290809,0.9981274154923473,1.9082261811208068,-0.6579968685243922,0.2870609536577558,0.31398090115835725,12.126442207122214,False,insufficient_egarch_obs
Equity-option Greek Markowitz,Gross before costs,331,garch11_residual_fallback_insufficient_egarch_obs,60,ok,60,-0.22677998143559086,1.1753149219080914,0.31381239433325003,0.5554328546943882,-0.9343361750834379,0.3625090568389069,0.38225822067406856,0.2763856220088856,False,insufficient_egarch_obs
Equity-option Greek Markowitz,Gross before costs,332,garch11_residual_fallback_insufficient_egarch_obs,60,ok,60,0.19793161760046885,0.9334794628084323,0.602847473350096,1.2336233500946059,-0.723129893583343,0.24991354914772831,0.2803294097366993,2.466948811361711,False,insufficient_egarch_obs
Equity-option Greek Markowitz,Gross before costs,333,garch11_residual_fallback_insufficient_egarch_obs,60,ok,60,-0.48641358695766224,1.017677020427897,-0.14799206488163733,-0.22265570504041568,-0.9926781433265724,0.34858672868697427,0.4413482218136961,0.035732847808103804,False,insufficient_egarch_obs
Equity-option Greek Markowitz,Gross before costs,334,garch11_residual_fallback_insufficient_egarch_obs,60,ok,60,-0.540339597712074,1.3570670373594131,0.10608533978395131,0.173079495093771,-0.9994498892795769,0.4476969085383315,0.5959277330222906,0.02052038308078786,False,insufficient_egarch_obs
Equity-option Greek Markowitz,Gross before costs,335,garch11_residual_fallback_insufficient_egarch_obs,60,ok,60,0.6520429139120101,1.3367097423891814,1.025523666382245,1.944945193820108,-0.8422337786532366,0.40671591281178576,0.5034597956978816,12.305708476900266,False,insufficient_egarch_obs
Equity-option Greek Markowitz,Gross before costs,336,garch11_residual_fallback_insufficient_egarch_obs,60,ok,60,0.18413527958702391,0.9664704653700078,0.6119576495934811,1.1790290057707193,-0.7856402950477427,0.2715454868460768,0.3031199176149857,2.328126650942116,False,insufficient_egarch_obs
Equity-option Greek Markowitz,Gross before costs,337,garch11_residual_fallback_insufficient_egarch_obs,60,ok,60,0.24837798545390655,0.8477500400089825,0.6606142047847945,1.2109172071144267,-0.731241239892567,0.33548003171873675,0.3539375075968363,3.032009148987632,False,insufficient_egarch_obs
Equity-option Greek Markowitz,Gross before costs,338,garch11_residual_fallback_insufficient_egarch_obs,60,ok,60,2.08803558262822,1.2280177212109822,1.537151970483765,3.301384005102659,-0.760171586024329,0.39962513769105107,0.4688196636223669,280.8092953887019,False,insufficient_egarch_obs
Equity-option Greek Markowitz,Gross before costs,339,garch11_residual_fallback_insufficient_egarch_obs,60,ok,60,1.3923302500754424,0.9961687429803882,1.3653958252529965,2.948473291392737,-0.6681881200221366,0.31644846590389536,0.3937732433460021,78.36202655525207,False,insufficient_egarch_obs
Equity-option Greek Markowitz,Gross before costs,340,garch11_residual_fallback_insufficient_egarch_obs,60,ok,60,0.21141381349475874,0.959019041453901,0.6381087950779848,1.1922971833161553,-0.6943194624415523,0.3256751100529049,0.3383972495084424,2.608931086610526,False,insufficient_egarch_obs
Equity-option Greek Markowitz,Gross before costs,341,garch11_residual_fallback_insufficient_egarch_obs,60,ok,60,-0.0882826802060096,1.1828016220231279,0.48106890354370696,0.8392132697799206,-0.9737026057076957,0.38566329873452926,0.46406245047902783,0.6299426681952609,False,insufficient_egarch_obs
Equity-option Greek Markowitz,Gross before costs,342,garch11_residual_fallback_insufficient_egarch_obs,60,ok,60,1.392363457616356,1.1366720344748433,1.3476840528120837,2.673462750407832,-0.829205448617882,0.35841426125863696,0.4749789157228592,78.36746535795396,False,insufficient_egarch_obs
Equity-option Greek Markowitz,Gross before costs,343,garch11_residual_fallback_insufficient_egarch_obs,60,ok,60,1.4262075314128322,1.0986986890214423,1.3342369413555375,2.874740296769343,-0.6664043292309476,0.34402561605454063,0.368679763129739,84.0697454875287,False,insufficient_egarch_obs
Equity-option Greek Markowitz,Gross before costs,344,garch11_residual_fallback_insufficient_egarch_obs,60,ok,60,1.3791968601018953,0.9118756786243286,1.403227880641331,3.061263014241142,-0.6052408216791181,0.2715600891093748,0.31804475325196246,76.23455861190465,False,insufficient_egarch_obs
Equity-option Greek Markowitz,Gross before costs,345,garch11_residual_fallback_insufficient_egarch_obs,60,ok,60,-0.08780582454789909,1.1003556730587853,0.4405179617487262,0.7734308362644229,-0.9014986337947194,0.33796273392633347,0.46585620901332897,0.631591787452653,False,insufficient_egarch_obs
Equity-option Greek Markowitz,Gross before costs,346,garch11_residual_fallback_insufficient_egarch_obs,60,ok,60,-0.29107005309717293,1.5667130089927956,0.6097822463945481,1.0416321546458445,-0.9967511379941912,0.512045381638519,0.7274308931297879,0.1790674346601068,False,insufficient_egarch_obs
Equity-option Greek Markowitz,Gross before costs,347,garch11_residual_fallback_insufficient_egarch_obs,60,ok,60,0.782487475700318,0.885028881447494,1.0886539224021308,2.047421312839198,-0.7770307386510474,0.2881661667526915,0.30767856033355073,17.994195526346168,False,insufficient_egarch_obs
Equity-option Greek Markowitz,Gross before costs,348,garch11_residual_fallback_insufficient_egarch_obs,60,ok,60,0.1060947288077958,1.1749169693521968,0.6777182457159568,1.1837802625174911,-0.7726827266582527,0.38986824270929865,0.557420312446456,1.6556236187142248,False,insufficient_egarch_obs
Equity-option Greek Markowitz,Gross before costs,349,garch11_residual_fallback_insufficient_egarch_obs,60,ok,60,0.986339017464515,1.1626322109867655,1.123494042151497,2.4123974409777604,-0.6981541561913207,0.35854580843457046,0.38125408894834895,30.921949562633728,False,insufficient_egarch_obs
Equity-option Greek Markowitz,Gross before costs,350,garch11_residual_fallback_insufficient_egarch_obs,60,ok,60,0.1511281044587609,0.8233835250246462,0.540863382431618,1.0446987536474739,-0.8144777552353691,0.2536450278932022,0.29360526321061625,2.0212418701952912,False,insufficient_egarch_obs
Equity-option Greek Markowitz,Gross before costs,351,garch11_residual_fallback_insufficient_egarch_obs,60,ok,60,0.5348995829404473,1.0366053204049746,0.891682811918339,1.759145442712064,-0.8328388002426068,0.2938097490189445,0.32204870524637286,8.51922013411557,False,insufficient_egarch_obs
Equity-option Greek Markowitz,Gross before costs,352,garch11_residual_fallback_insufficient_egarch_obs,60,ok,60,-0.44183342352784216,1.1445386636386168,0.07864749142295582,0.11756638011502915,-0.9890495179076211,0.40562300280638114,0.4739984341757544,0.0541775217167619,False,insufficient_egarch_obs
Equity-option Greek Markowitz,Gross before costs,353,garch11_residual_fallback_insufficient_egarch_obs,60,ok,60,-0.03382002004303808,1.1376438231259514,0.5071169022900802,0.8882439818559418,-0.9700457182429304,0.365437721009202,0.4488077744980949,0.8419575031397502,False,insufficient_egarch_obs
Equity-option Greek Markowitz,Gross before costs,354,garch11_residual_fallback_insufficient_egarch_obs,60,ok,60,0.5345367524062115,0.9139521304096774,0.8970624868813185,1.7603586153584796,-0.7686305667310843,0.29407530375415253,0.34128373731461775,8.50915572269987,False,insufficient_egarch_obs
Equity-option Greek Markowitz,Gross before costs,355,garch11_residual_fallback_insufficient_egarch_obs,60,ok,60,1.2290796094518281,1.30345578100696,1.2141641830553203,2.649661593089072,-0.7615258571214953,0.3750571596795949,0.3798765091218416,55.033596568289035,False,insufficient_egarch_obs
Equity-option Greek Markowitz,Gross before costs,356,garch11_residual_fallback_insufficient_egarch_obs,60,ok,60,-0.2872838918044158,1.2024855809470492,0.30771470320398403,0.5062460164168708,-0.9731786327667123,0.40885479697501614,0.5214063494334494,0.1839004840200363,False,insufficient_egarch_obs
Equity-option Greek Markowitz,Gross before costs,357,garch11_residual_fallback_insufficient_egarch_obs,60,ok,60,-0.30228970160996704,0.9890968616497504,0.10714745480644645,0.17339234565952627,-0.9722601202759521,0.35234173354448267,0.42079834609674965,0.16533913706810374,False,insufficient_egarch_obs
Equity-option Greek Markowitz,Gross before costs,358,garch11_residual_fallback_insufficient_egarch_obs,60,ok,60,-0.5223506498561823,1.3058112800809898,0.13191133336326902,0.19788796905712217,-0.9848544783569605,0.5445213193088874,0.5690537091718376,0.02486256640352496,False,insufficient_egarch_obs
Equity-option Greek Markowitz,Gross before costs,359,garch11_residual_fallback_insufficient_egarch_obs,60,ok,60,1.1935834295907584,0.9186573763412321,1.3062575738640192,2.738122194918924,-0.4616712624662139,0.3012949928283429,0.32922737781353817,50.789131207743544,False,insufficient_egarch_obs
Equity-option Greek Markowitz,Gross before costs,360,garch11_residual_fallback_insufficient_egarch_obs,60,ok,60,-0.4163438344606686,1.3441470123688035,0.25449442876414957,0.42275922756174794,-0.9940906160853388,0.4515845993545302,0.5632251576767049,0.06773067255315915,False,insufficient_egarch_obs
Equity-option Greek Markowitz,Gross before costs,361,garch11_residual_fallback_insufficient_egarch_obs,60,ok,60,0.2818089539200861,0.9416086232986114,0.7039863038215982,1.3095290493177967,-0.8905790991375765,0.33018553992009214,0.36920253251057983,3.4603219277786166,False,insufficient_egarch_obs
Equity-option Greek Markowitz,Gross before costs,362,garch11_residual_fallback_insufficient_egarch_obs,60,ok,60,0.9838174193648221,0.9378800932467428,1.167047573872322,2.6169297706130457,-0.6717868520515062,0.24685472381138843,0.2735700835841256,30.726174794021972,False,insufficient_egarch_obs
Equity-option Greek Markowitz,Gross before costs,363,garch11_residual_fallback_insufficient_egarch_obs,60,ok,60,-0.34304241178451655,1.191867106649817,0.25046698826606,0.4014268342885054,-0.9907975395635091,0.4452476844250947,0.5632356151619583,0.12237329859523387,False,insufficient_egarch_obs
Equity-option Greek Markowitz,Gross before costs,364,garch11_residual_fallback_insufficient_egarch_obs,60,ok,60,-0.18395439051776863,1.0287167392568484,0.33574953719495915,0.5200008479172273,-0.9495225748451541,0.37895769697160026,0.5190697556106614,0.3618863169567844,False,insufficient_egarch_obs
Equity-option Greek Markowitz,Gross before costs,365,garch11_residual_fallback_insufficient_egarch_obs,60,ok,60,1.0557946723714395,1.037209762376067,1.1932371328036073,2.4751121727932497,-0.7496467640282009,0.3335521102671602,0.35507694584378874,36.71966253221976,False,insufficient_egarch_obs
Equity-option Greek Markowitz,Gross before costs,366,garch11_residual_fallback_insufficient_egarch_obs,60,ok,60,0.31062108497349517,1.1814314269883306,0.8344746102891822,1.478598714033923,-0.842982482046208,0.48087674585641055,0.5784664099509654,3.867103114927207,False,insufficient_egarch_obs
Equity-option Greek Markowitz,Gross before costs,367,garch11_residual_fallback_insufficient_egarch_obs,60,ok,60,0.2813013641658968,0.9894965185143039,0.7013681433674906,1.3560592287636157,-0.6570261896184316,0.30362045202335547,0.37833982545168227,3.453476003382442,False,insufficient_egarch_obs
Equity-option Greek Markowitz,Gross before costs,368,garch11_residual_fallback_insufficient_egarch_obs,60,ok,60,-0.15422063518909723,1.245694804189927,0.45506681486113126,0.7958480138365415,-0.9466505843408658,0.4467406643603958,0.49676980052362235,0.4327981796566847,False,insufficient_egarch_obs
Equity-option Greek Markowitz,Gross before costs,369,garch11_residual_fallback_insufficient_egarch_obs,60,ok,60,0.9240761139879807,0.9935044053790196,1.158268866471382,2.205510402843362,-0.7745184129880296,0.3836796847106516,0.45107470045353004,26.370067464145176,False,insufficient_egarch_obs
Equity-option Greek Markowitz,Gross before costs,370,garch11_residual_fallback_insufficient_egarch_obs,60,ok,60,0.5270898096668859,0.8123338577515141,0.9010555009121782,1.794434364042039,-0.6665279087458215,0.2509020429249641,0.301538849496974,8.304679862749795,False,insufficient_egarch_obs
Equity-option Greek Markowitz,Gross before costs,371,garch11_residual_fallback_insufficient_egarch_obs,60,ok,60,1.3949092899494966,0.8682918865156368,1.437758547147168,3.1461190136305346,-0.5807078638673384,0.2504967563873877,0.27839550969453836,78.7853272352341,False,insufficient_egarch_obs
Equity-option Greek Markowitz,Gross before costs,372,garch11_residual_fallback_insufficient_egarch_obs,60,ok,60,0.2618442750972265,1.1988417213314864,0.7646892223409327,1.4189859551195676,-0.9391039471355663,0.36837112986473647,0.47402696435258623,3.1991073120091404,False,insufficient_egarch_obs
Equity-option Greek Markowitz,Gross before costs,373,garch11_residual_fallback_insufficient_egarch_obs,60,ok,60,-0.19755944989076468,0.9945321339288551,0.2535131586591986,0.4203492244929624,-0.9373600676542769,0.3270337518476144,0.40644094712930673,0.33270883597838297,False,insufficient_egarch_obs
Equity-option Greek Markowitz,Gross before costs,374,garch11_residual_fallback_insufficient_egarch_obs,60,ok,60,0.17216503044277975,0.9821265994832076,0.6275772837079445,1.1158851284680145,-0.8747595362083405,0.33053510823581195,0.38735336656999103,2.212808362344335,False,insufficient_egarch_obs
Equity-option Greek Markowitz,Gross before costs,375,garch11_residual_fallback_insufficient_egarch_obs,60,ok,60,1.627181443574639,1.07025260146925,1.4232190419159403,3.1940080248957483,-0.6050469377936933,0.3072989351705196,0.3196907949933168,125.15561528150461,False,insufficient_egarch_obs
Equity-option Greek Markowitz,Gross before costs,376,garch11_residual_fallback_insufficient_egarch_obs,60,ok,60,0.8517980249940025,0.9702126801565949,1.1002397861396995,2.2733883026149018,-0.7883093829736967,0.27129734458308485,0.3961615278119348,21.775497341282183,False,insufficient_egarch_obs
Equity-option Greek Markowitz,Gross before costs,377,garch11_residual_fallback_insufficient_egarch_obs,60,ok,60,0.4023102378949561,1.4200946958099756,0.9180307853261329,1.7555858895058716,-0.9306684081613898,0.391979949336854,0.552681224620453,5.42276174410186,False,insufficient_egarch_obs
Equity-option Greek Markowitz,Gross before costs,378,garch11_residual_fallback_insufficient_egarch_obs,60,ok,60,-0.08141188012235145,0.985483925516854,0.3698153260734258,0.6525972557559009,-0.8116737322036175,0.3224634098241642,0.3938326938756527,0.6540397169059526,False,insufficient_egarch_obs
Equity-option Greek Markowitz,Gross before costs,379,garch11_residual_fallback_insufficient_egarch_obs,60,ok,60,0.11117287375899143,1.102654700138414,0.6224140336326354,1.1149574098708643,-0.9475485943967176,0.33371636773737656,0.47677227493824254,1.6939795133120614,False,insufficient_egarch_obs
Equity-option Greek Markowitz,Gross before costs,380,garch11_residual_fallback_insufficient_egarch_obs,60,ok,60,0.0792858824998306,1.1626583409694577,0.6090334225377784,1.095171721018852,-0.9299247301908155,0.39187441674915674,0.4153624015097037,1.4644767517532964,False,insufficient_egarch_obs
Equity-option Greek Markowitz,Gross before costs,381,garch11_residual_fallback_insufficient_egarch_obs,60,ok,60,-0.3423267436956948,0.9938034315546845,0.08083181939911803,0.12391951033915992,-0.981106911738909,0.3573888988649472,0.5062038059787382,0.12304129973365839,False,insufficient_egarch_obs
Equity-option Greek Markowitz,Gross before costs,382,garch11_residual_fallback_insufficient_egarch_obs,60,ok,60,-0.5119760291632363,1.1601341526931426,-0.0073667831540119,-0.011108888830881266,-0.9941899090876584,0.43943857949767756,0.5842756069633724,0.02768252949712792,False,insufficient_egarch_obs
Equity-option Greek Markowitz,Gross before costs,383,garch11_residual_fallback_insufficient_egarch_obs,60,ok,60,0.037886918505966705,1.0104205046470243,0.5404446128641898,0.9101464231845313,-0.9266829683927269,0.35287407170116986,0.4824173302903561,1.2043429945374042,False,insufficient_egarch_obs
Equity-option Greek Markowitz,Gross before costs,384,garch11_residual_fallback_insufficient_egarch_obs,60,ok,60,-0.13868190201993813,1.2839938771968669,0.5218044460353854,0.8835085344508256,-0.97195904381997,0.4037364241888073,0.5087477536168574,0.47404313702825357,False,insufficient_egarch_obs
Equity-option Greek Markowitz,Gross before costs,385,garch11_residual_fallback_insufficient_egarch_obs,60,ok,60,-0.15089896515871948,0.9808176837514546,0.2874787107551929,0.49380100209873773,-0.8309056424733099,0.3270466453757595,0.3689260090499369,0.4413639430766609,False,insufficient_egarch_obs
Equity-option Greek Markowitz,Gross before costs,386,garch11_residual_fallback_insufficient_egarch_obs,60,ok,60,0.457875487526028,1.0556434280229408,0.8775973530618231,1.5966800054895585,-0.6681571906191357,0.34182513416685584,0.480811888003101,6.58570342746836,False,insufficient_egarch_obs
Equity-option Greek Markowitz,Gross before costs,387,garch11_residual_fallback_insufficient_egarch_obs,60,ok,60,-0.145595686363456,1.0076831735996257,0.3143957584398339,0.5311756302068478,-0.9428145852547442,0.3335056365869442,0.3590991198574531,0.45532045542946575,False,insufficient_egarch_obs
Equity-option Greek Markowitz,Gross before costs,388,garch11_residual_fallback_insufficient_egarch_obs,60,ok,60,1.3247481200156979,0.6754195489456936,1.6046361197631258,3.5885992042250456,-0.4686073338696135,0.20086356293756172,0.23410310720169628,67.90152463711662,False,insufficient_egarch_obs
Equity-option Greek Markowitz,Gross before costs,389,garch11_residual_fallback_insufficient_egarch_obs,60,ok,60,0.0951037088149338,1.132610784839671,0.622565544200838,1.112806730600571,-0.9291322248432955,0.3510132007660659,0.4352609824098647,1.574984372727761,False,insufficient_egarch_obs
Equity-option Greek Markowitz,Gross before costs,390,garch11_residual_fallback_insufficient_egarch_obs,60,ok,60,0.12871804598425896,1.2592973297120795,0.7420635865209958,1.2843219412402573,-0.9454183716186655,0.43237712357106434,0.5888508508983502,1.832007904111692,False,insufficient_egarch_obs
Equity-option Greek Markowitz,Gross before costs,391,garch11_residual_fallback_insufficient_egarch_obs,60,ok,60,0.19066482523697004,0.8642512440423971,0.6037420605676201,1.0997643216746649,-0.8389147074008368,0.2807711248809155,0.3151525411716525,2.393027112917816,False,insufficient_egarch_obs
Equity-option Greek Markowitz,Gross before costs,392,garch11_residual_fallback_insufficient_egarch_obs,60,ok,60,-0.5108542918374648,1.2896893099894966,0.0989746889830033,0.15483698738667137,-0.9959602999631137,0.5176699533592553,0.5520799401202141,0.02800214090190887,False,insufficient_egarch_obs
Equity-option Greek Markowitz,Gross before costs,393,garch11_residual_fallback_insufficient_egarch_obs,60,ok,60,0.5974650104226429,0.9107167887293367,0.9544956190814916,1.8034646673505805,-0.8403681674643908,0.2880385924080953,0.3404090011537552,10.40295626083983,False,insufficient_egarch_obs
Equity-option Greek Markowitz,Gross before costs,394,garch11_residual_fallback_insufficient_egarch_obs,60,ok,60,-0.2360023863961831,1.443292934931923,0.5328203545273023,0.9103791579473058,-0.9631431243647159,0.47646771771815344,0.5892916063128234,0.2602915143851466,False,insufficient_egarch_obs
Equity-option Greek Markowitz,Gross before costs,395,garch11_residual_fallback_insufficient_egarch_obs,60,ok,60,1.2864346929194617,0.9747732674800822,1.3158763384684797,2.941427783437451,-0.634615636430044,0.2952680263397667,0.35143331779507303,62.48762320378662,False,insufficient_egarch_obs
Equity-option Greek Markowitz,Gross before costs,396,garch11_residual_fallback_insufficient_egarch_obs,60,ok,60,0.8400108490188285,1.2686620896173202,1.0797505204576203,2.1497835915377923,-0.7610057404171477,0.37920080628202585,0.40994760575955896,21.09123052258918,False,insufficient_egarch_obs
Equity-option Greek Markowitz,Gross before costs,397,garch11_residual_fallback_insufficient_egarch_obs,60,ok,60,-0.021139092392759795,0.8584916375979221,0.3812207561141057,0.6414856299791951,-0.8852668447317005,0.2934924989218665,0.37881870961465697,0.8986796821040376,False,insufficient_egarch_obs
Equity-option Greek Markowitz,Gross before costs,398,garch11_residual_fallback_insufficient_egarch_obs,60,ok,60,-0.21957369508022961,1.0027345858470784,0.20808681567931278,0.3631105770089276,-0.8876268636352465,0.31947161416892783,0.33753468241833023,0.2895072847266801,False,insufficient_egarch_obs
Equity-option Greek Markowitz,Gross before costs,399,garch11_residual_fallback_insufficient_egarch_obs,60,ok,60,-0.18457113634329902,1.0568128321830992,0.2965085851320655,0.5116540561483107,-0.9303690986931388,0.34669630403556995,0.4016028364070536,0.3605208616288099,False,insufficient_egarch_obs
Equity-option Greek Markowitz,Gross before costs,400,garch11_residual_fallback_insufficient_egarch_obs,60,ok,60,-0.03447670833276362,0.6887603197999526,0.28852427697807154,0.4496644055454778,-0.7339641266036606,0.27967251883136596,0.33552512966936465,0.8391001030413046,False,insufficient_egarch_obs
Equity-option Greek Markowitz,Gross before costs,401,garch11_residual_fallback_insufficient_egarch_obs,60,ok,60,-0.2931067206490955,1.1118494757469002,0.2248863638520192,0.3674992627465734,-0.9713788211396738,0.35497419020502524,0.4498157745242875,0.1765099791137918,False,insufficient_egarch_obs
Equity-option Greek Markowitz,Gross before costs,402,garch11_residual_fallback_insufficient_egarch_obs,60,ok,60,-0.18613543895192652,0.9972775983555383,0.24955241062262842,0.4324836100337517,-0.9307811205250234,0.30497558977566064,0.35115685406144315,0.357076023564854,False,insufficient_egarch_obs
Equity-option Greek Markowitz,Gross before costs,403,garch11_residual_fallback_insufficient_egarch_obs,60,ok,60,0.9172450550880558,1.2367431081331146,1.0982138130127457,2.319477716518954,-0.8256706466156143,0.38551883456097,0.44302472837698037,25.905270506222763,False,insufficient_egarch_obs
Equity-option Greek Markowitz,Gross before costs,404,garch11_residual_fallback_insufficient_egarch_obs,60,ok,60,0.15562152768817672,0.8066493156906231,0.5510200386795103,1.0150610830573576,-0.7388858750343207,0.26116350781990566,0.2949813638324093,2.061000598395086,False,insufficient_egarch_obs
Equity-option Greek Markowitz,Gross before costs,405,garch11_residual_fallback_insufficient_egarch_obs,60,ok,60,0.5575911916806531,1.183350667912519,0.9188395591512694,1.8718718978943738,-0.730410005279687,0.3534269067831351,0.4682673079615727,9.16784817948605,False,insufficient_egarch_obs
Equity-option Greek Markowitz,Gross before costs,406,garch11_residual_fallback_insufficient_egarch_obs,60,ok,60,0.9605318898829818,1.0895709994938159,1.1392329236729084,2.330010196708587,-0.7407808709809665,0.30326863720210384,0.4033979028108901,28.964734668369456,False,insufficient_egarch_obs
Equity-option Greek Markowitz,Gross before costs,407,garch11_residual_fallback_insufficient_egarch_obs,60,ok,60,0.5879758905768446,0.7374354900613782,0.984558869969024,1.8908431721037942,-0.7021009796310878,0.2489345290614507,0.2873432179060232,10.097631609764822,False,insufficient_egarch_obs
Equity-option Greek Markowitz,Gross before costs,408,garch11_residual_fallback_insufficient_egarch_obs,60,ok,60,-0.6643226813775268,1.2869029159005363,-0.13502922086806793,-0.197852075357833,-0.9940368689126438,0.5585131953764808,0.6594570536159073,0.004261966060918204,False,insufficient_egarch_obs
Equity-option Greek Markowitz,Gross before costs,409,garch11_residual_fallback_insufficient_egarch_obs,60,ok,60,1.0173751170603675,1.1044952263374923,1.1545485001142257,2.4047083793892,-0.742392020854117,0.33062359870219443,0.35000980836755574,33.41437167147108,False,insufficient_egarch_obs
Equity-option Greek Markowitz,Gross before costs,410,garch11_residual_fallback_insufficient_egarch_obs,60,ok,60,-0.2099699845619366,1.45370526581735,0.537571045026379,0.942566376699704,-0.9928178532788415,0.5254491076834008,0.5538406195219855,0.30776409952927897,False,insufficient_egarch_obs
Equity-option Greek Markowitz,Gross before costs,411,garch11_residual_fallback_insufficient_egarch_obs,60,ok,60,0.08729166307282177,1.2264754335496837,0.6226652426911029,1.1716893518245888,-0.9168492790483298,0.37330596043490516,0.4089479976049392,1.5196035176945495,False,insufficient_egarch_obs
Equity-option Greek Markowitz,Gross before costs,412,garch11_residual_fallback_insufficient_egarch_obs,60,ok,60,-0.020302257700163584,1.0623056128791286,0.48971247748701857,0.851643553303214,-0.9266573368128947,0.32745886188511236,0.4730920784899891,0.9025276920114564,False,insufficient_egarch_obs
Equity-option Greek Markowitz,Gross before costs,413,garch11_residual_fallback_insufficient_egarch_obs,60,ok,60,-0.8986727522934816,1.4680225491947503,-0.6304668092075562,-0.8406475672361592,-0.9999815642226388,0.5548053943859816,0.7164298626786296,1.0681475079830332e-05,False,insufficient_egarch_obs
Equity-option Greek Markowitz,Gross before costs,414,garch11_residual_fallback_insufficient_egarch_obs,60,ok,60,-0.027588204722985288,0.8669927040386824,0.3699128567659471,0.6428278554953422,-0.7364277380452418,0.273375561192938,0.35432260190718745,0.8694629709167364,False,insufficient_egarch_obs
Equity-option Greek Markowitz,Gross before costs,415,garch11_residual_fallback_insufficient_egarch_obs,60,ok,60,-0.4254554109534806,1.1603024376697457,0.14045876382151515,0.21206955167958572,-0.9904660581592629,0.5438040236716897,0.5762770257473144,0.06260639464368319,False,insufficient_egarch_obs
Equity-option Greek Markowitz,Gross before costs,416,garch11_residual_fallback_insufficient_egarch_obs,60,ok,60,-0.24248123192989546,1.158172394985548,0.3095416870195396,0.5301490386352151,-0.9821928043570147,0.35597004912255087,0.5056291246406509,0.2494405103038314,False,insufficient_egarch_obs
Equity-option Greek Markowitz,Gross before costs,417,garch11_residual_fallback_insufficient_egarch_obs,60,ok,60,-0.5008873947380457,1.2610859423533278,0.07900915949760752,0.12436829290103292,-0.9986053794031099,0.41355351883911,0.5457701055915214,0.03097367173569635,False,insufficient_egarch_obs
Equity-option Greek Markowitz,Gross before costs,418,garch11_residual_fallback_insufficient_egarch_obs,60,ok,60,0.6106445749328058,0.9831266315615916,0.9393138350869964,1.904841716405515,-0.8307328111847893,0.2803243382668689,0.3250714089251898,10.839233464236623,False,insufficient_egarch_obs
Equity-option Greek Markowitz,Gross before costs,419,garch11_residual_fallback_insufficient_egarch_obs,60,ok,60,-0.5005102112186777,1.0138847202954746,-0.2145112126297414,-0.34535889267221587,-0.9726147669406032,0.3240506793663596,0.33408234667288356,0.03109088405665246,False,insufficient_egarch_obs
Equity-option Greek Markowitz,Gross before costs,420,garch11_residual_fallback_insufficient_egarch_obs,60,ok,60,0.1820674660720185,1.0188079704854467,0.6623780887547263,1.1569930368060322,-0.79457698358061,0.3350578673831159,0.45638469285945327,2.307869896179084,False,insufficient_egarch_obs
Equity-option Greek Markowitz,Gross before costs,421,garch11_residual_fallback_insufficient_egarch_obs,60,ok,60,0.09895844595145853,1.357206745203974,0.8002347973330779,1.3943376851915994,-0.9943780249393624,0.5638961910689083,0.667982254042763,1.602899729073831,False,insufficient_egarch_obs
Equity-option Greek Markowitz,Gross before costs,422,garch11_residual_fallback_insufficient_egarch_obs,60,ok,60,-0.46800913769680996,1.0646742163137228,-0.07084164221390608,-0.11170137804341543,-0.97079455495683,0.37457221470734614,0.4837903283380072,0.042610915354493274,False,insufficient_egarch_obs
Equity-option Greek Markowitz,Gross before costs,423,garch11_residual_fallback_insufficient_egarch_obs,60,ok,60,-0.13180022898307509,0.9561605112473868,0.3060621152896386,0.521231936546043,-0.8691207066202805,0.30484799737209217,0.4356219586661479,0.493285483102973,False,insufficient_egarch_obs
Equity-option Greek Markowitz,Gross before costs,424,garch11_residual_fallback_insufficient_egarch_obs,60,ok,60,-0.22025027129981045,1.008901886624311,0.2584727780832433,0.4070995671960264,-0.9754037732475849,0.37286675604270236,0.4611457909701879,0.2882545436348378,False,insufficient_egarch_obs
Equity-option Greek Markowitz,Gross before costs,425,garch11_residual_fallback_insufficient_egarch_obs,60,ok,60,0.29353682799418146,0.9551720494760098,0.7134709277887451,1.3477931927197278,-0.8365561407348087,0.32744576871778874,0.37993891438509836,3.6215458646360217,False,insufficient_egarch_obs
Equity-option Greek Markowitz,Gross before costs,426,garch11_residual_fallback_insufficient_egarch_obs,60,ok,60,1.063957765189039,0.9971708826315402,1.2164196355574963,2.458848203794887,-0.7627107704728308,0.30321294881132793,0.39799609334608627,37.454502287741015,False,insufficient_egarch_obs
Equity-option Greek Markowitz,Gross before costs,427,garch11_residual_fallback_insufficient_egarch_obs,60,ok,60,0.13591897033982048,1.157364551654438,0.6570665732153458,1.1842884342771771,-0.9276163658984908,0.3596658891561912,0.43611418975471056,1.891196966354877,False,insufficient_egarch_obs
Equity-option Greek Markowitz,Gross before costs,428,garch11_residual_fallback_insufficient_egarch_obs,60,ok,60,0.730931021446136,1.157754648024056,1.0039706559797745,2.0747771743771772,-0.8742385500181231,0.34568748095159824,0.36130843414252894,15.53813200613083,False,insufficient_egarch_obs
Equity-option Greek Markowitz,Gross before costs,429,garch11_residual_fallback_insufficient_egarch_obs,60,ok,60,1.0081411934902702,1.0058406351859484,1.1869014033593934,2.3423758023023598,-0.7711127089759604,0.3280301420709725,0.35237727046937506,32.656619429318916,False,insufficient_egarch_obs
Equity-option Greek Markowitz,Gross before costs,430,garch11_residual_fallback_insufficient_egarch_obs,60,ok,60,0.7961971213419643,1.1403053790979745,1.0673336488180611,2.0804658157465266,-0.8017959475673853,0.37521227785537475,0.46569393960477035,18.696916142178928,False,insufficient_egarch_obs
Equity-option Greek Markowitz,Gross before costs,431,garch11_residual_fallback_insufficient_egarch_obs,60,ok,60,-0.4685974554076916,0.8387899183046231,-0.3249016897981622,-0.46004433519291293,-0.9727768222475113,0.33987843788945227,0.3775088694443536,0.04237582323923946,False,insufficient_egarch_obs
Equity-option Greek Markowitz,Gross before costs,432,garch11_residual_fallback_insufficient_egarch_obs,60,ok,60,-0.41443496126169177,0.8441187073502323,-0.21821955440371132,-0.3266361728116758,-0.972393936489798,0.3166415369745852,0.40233091082602906,0.06884552180984373,False,insufficient_egarch_obs
Equity-option Greek Markowitz,Gross before costs,433,garch11_residual_fallback_insufficient_egarch_obs,60,ok,60,0.35263133562282567,1.3537436299532881,0.9029233973344852,1.6743341074498133,-0.8972586164559154,0.44717328532313433,0.627735126126482,4.527904113026389,False,insufficient_egarch_obs
Equity-option Greek Markowitz,Gross before costs,434,garch11_residual_fallback_insufficient_egarch_obs,60,ok,60,1.7916951059547381,1.0224458301998403,1.5370913116172462,3.2488771018577305,-0.691414950712393,0.2978850356980048,0.42866396905400705,169.5664492540867,False,insufficient_egarch_obs
Equity-option Greek Markowitz,Gross before costs,435,garch11_residual_fallback_insufficient_egarch_obs,60,ok,60,0.42083398459251886,0.6110402722136602,0.8714637121881106,1.6083126808251407,-0.4532020753010144,0.21083119056532013,0.23018709578590765,5.79050821027463,False,insufficient_egarch_obs
Equity-option Greek Markowitz,Gross before costs,436,garch11_residual_fallback_insufficient_egarch_obs,60,ok,60,-0.1742247293779683,0.9411440252609413,0.2672261922452265,0.4279501685710543,-0.9587445581884174,0.31479232222041215,0.4456876316038458,0.3839806724901106,False,insufficient_egarch_obs
Equity-option Greek Markowitz,Gross before costs,437,garch11_residual_fallback_insufficient_egarch_obs,60,ok,60,-0.6930167395456603,1.452847812115515,-0.07038449634252573,-0.1119162707589935,-0.9980861640196955,0.5390468093587055,0.6151967923249522,0.0027262989230057958,False,insufficient_egarch_obs
Equity-option Greek Markowitz,Gross before costs,438,garch11_residual_fallback_insufficient_egarch_obs,60,ok,60,0.19843052225488744,0.9057160345540979,0.6144607553198779,1.147889382800786,-0.84522515001763,0.25195201793837757,0.32978441166082706,2.472090164243783,False,insufficient_egarch_obs
Equity-option Greek Markowitz,Gross before costs,439,garch11_residual_fallback_insufficient_egarch_obs,60,ok,60,1.454193115663458,1.0901002301351463,1.3458180502593722,2.941868762643469,-0.8000484746452846,0.3222360206602818,0.356114526100524,89.03149532249383,False,insufficient_egarch_obs
Equity-option Greek Markowitz,Gross before costs,440,garch11_residual_fallback_insufficient_egarch_obs,60,ok,60,1.4290847490432457,1.074650051277815,1.3795323591912905,2.705292324219528,-0.6388296855539617,0.3406447757893094,0.4170217116024824,84.56941695962874,False,insufficient_egarch_obs
Equity-option Greek Markowitz,Gross before costs,441,garch11_residual_fallback_insufficient_egarch_obs,60,ok,60,0.796118570361454,1.2566144137169193,1.068881489471243,2.0622001414486095,-0.7346225941822595,0.4056030091697084,0.41240444677967575,18.69282824829135,False,insufficient_egarch_obs
Equity-option Greek Markowitz,Gross before costs,442,garch11_residual_fallback_insufficient_egarch_obs,60,ok,60,0.0033629156351828726,0.7619970866206303,0.36020892643165103,0.6193634182204416,-0.7771199405768465,0.2517025553228406,0.29390312643120775,1.016928051150436,False,insufficient_egarch_obs
Equity-option Greek Markowitz,Gross before costs,443,garch11_residual_fallback_insufficient_egarch_obs,60,ok,60,0.16472763411203628,1.1649825276490533,0.6667064600742756,1.2476192444134366,-0.9119095592206541,0.3510655313777181,0.43637245259226837,2.143492152783722,False,insufficient_egarch_obs
Equity-option Greek Markowitz,Gross before costs,444,garch11_residual_fallback_insufficient_egarch_obs,60,ok,60,-0.14283109791212178,1.0864759082203101,0.36535329223094787,0.625078728534339,-0.8992438137321621,0.36201546874536944,0.3794328592687776,0.46273466237304417,False,insufficient_egarch_obs
Equity-option Greek Markowitz,Gross before costs,445,garch11_residual_fallback_insufficient_egarch_obs,60,ok,60,0.9697982199836843,0.8204015325285263,1.2222010367981662,2.6105740483156783,-0.7296933577098621,0.23613298902101287,0.26685760157851923,29.65573575584468,False,insufficient_egarch_obs
Equity-option Greek Markowitz,Gross before costs,446,garch11_residual_fallback_insufficient_egarch_obs,60,ok,60,0.14650537081128312,0.8463792742509604,0.558596488202545,0.9908410790691657,-0.7526734808379931,0.28022901946891254,0.3081132349975542,1.9809817183219227,False,insufficient_egarch_obs
Equity-option Greek Markowitz,Gross before costs,447,garch11_residual_fallback_insufficient_egarch_obs,60,ok,60,0.09544840792679476,1.000256038246297,0.5580155687796574,0.9914534221927602,-0.9115368820699066,0.27690683291057344,0.35120351066855604,1.5774646747559475,False,insufficient_egarch_obs
Equity-option Greek Markowitz,Gross before costs,448,garch11_residual_fallback_insufficient_egarch_obs,60,ok,60,0.02315371500538621,0.7651674198789092,0.39452721619430586,0.6478583033466077,-0.8584138838028683,0.2873997079710707,0.3242594285683768,1.1212550896504028,False,insufficient_egarch_obs
Equity-option Greek Markowitz,Gross before costs,449,garch11_residual_fallback_insufficient_egarch_obs,60,ok,60,-0.3942735873960176,1.3205984083131614,0.2873063448752279,0.47797102942051106,-0.9561164055728167,0.4880696919184593,0.5940303877605001,0.0815422248960605,False,insufficient_egarch_obs
Equity-option Greek Markowitz,Gross before costs,450,garch11_residual_fallback_insufficient_egarch_obs,60,ok,60,-0.3994288169557403,1.0056835635267707,-0.012196077717879908,-0.019301406842694477,-0.9745765330393239,0.40050320582295235,0.5027402656551176,0.07813083198400565,False,insufficient_egarch_obs
Equity-option Greek Markowitz,Gross before costs,451,garch11_residual_fallback_insufficient_egarch_obs,60,ok,60,1.078447079457158,1.2472177757289797,1.1921526395505486,2.421682981505263,-0.8240401285002623,0.3646154313555493,0.4656991971835831,38.787773937996135,False,insufficient_egarch_obs
Equity-option Greek Markowitz,Gross before costs,452,garch11_residual_fallback_insufficient_egarch_obs,60,ok,60,0.1209431654226647,1.3416828605728996,0.7089433771418198,1.323845808237038,-0.915851160576401,0.4350264230226115,0.4893503458119112,1.769774636681886,False,insufficient_egarch_obs
Equity-option Greek Markowitz,Gross before costs,453,garch11_residual_fallback_insufficient_egarch_obs,60,ok,60,0.3972273861289255,0.8132978905375932,0.7874273042273848,1.5410204957563374,-0.7278110895208765,0.25351237218815426,0.2808884269312937,5.325194157338302,False,insufficient_egarch_obs
Equity-option Greek Markowitz,Gross before costs,454,garch11_residual_fallback_insufficient_egarch_obs,60,ok,60,1.0258211975541354,1.1834075683204015,1.1431453792277817,2.409074722019091,-0.8498094016022169,0.3222806491212709,0.3582124091026371,34.11972763566943,False,insufficient_egarch_obs
Equity-option Greek Markowitz,Gross before costs,455,garch11_residual_fallback_insufficient_egarch_obs,60,ok,60,0.6628557803864235,1.0776670258434995,0.9760243869779782,1.9343657071358726,-0.7247526842903662,0.3323684120091871,0.3791840399462922,12.71372818963559,False,insufficient_egarch_obs
Equity-option Greek Markowitz,Gross before costs,456,garch11_residual_fallback_insufficient_egarch_obs,60,ok,60,-0.1007523110330647,0.8770675790530427,0.2846345166326138,0.4931880355199964,-0.8336836696078085,0.29588007164363145,0.3398940821235031,0.5880261661436803,False,insufficient_egarch_obs
Equity-option Greek Markowitz,Gross before costs,457,garch11_residual_fallback_insufficient_egarch_obs,60,ok,60,0.1634544609656472,0.7582457982591261,0.5341428442195205,1.0821830607831082,-0.9040261216885762,0.20168995618642663,0.24264163909808512,2.131802394495829,False,insufficient_egarch_obs
Equity-option Greek Markowitz,Gross before costs,458,garch11_residual_fallback_insufficient_egarch_obs,60,ok,60,0.8840410546659005,0.819299189532406,1.1684860975811537,2.459180477117002,-0.4654675372529311,0.23324590734487635,0.2925918630994981,23.73842007300535,False,insufficient_egarch_obs
Equity-option Greek Markowitz,Gross before costs,459,garch11_residual_fallback_insufficient_egarch_obs,60,ok,60,0.4852023098770166,0.8410387824405046,0.8583620602401058,1.7266257097965898,-0.7378847216462365,0.2630393911556681,0.2812650691415037,7.226501214106375,False,insufficient_egarch_obs
Equity-option Greek Markowitz,Gross before costs,460,garch11_residual_fallback_insufficient_egarch_obs,60,ok,60,1.6751831553713559,1.182767969212138,1.4450689610314595,2.9701449288501025,-0.8837423421789504,0.3536439622641147,0.4896055615314228,137.01483936686725,False,insufficient_egarch_obs
Equity-option Greek Markowitz,Gross before costs,461,garch11_residual_fallback_insufficient_egarch_obs,60,ok,60,0.15752086663005138,1.2035263240330354,0.7009822012971388,1.3011895990430655,-0.9345927481026712,0.35354256291865654,0.525295655536225,2.0779933047626633,False,insufficient_egarch_obs
Equity-option Greek Markowitz,Gross before costs,462,garch11_residual_fallback_insufficient_egarch_obs,60,ok,60,-0.053218466431586675,0.9110234402409193,0.359772020858722,0.6184487640631828,-0.9090715914621943,0.29726894663820325,0.3193451773928789,0.7607621434227904,False,insufficient_egarch_obs
Equity-option Greek Markowitz,Gross before costs,463,garch11_residual_fallback_insufficient_egarch_obs,60,ok,60,1.7263938655173523,0.8569973719913961,1.6130945310227458,3.6287659211661785,-0.5601850720970949,0.2552438504161806,0.28525008880197694,150.64092700392925,False,insufficient_egarch_obs
Equity-option Greek Markowitz,Gross before costs,464,garch11_residual_fallback_insufficient_egarch_obs,60,ok,60,0.0010786941736076194,1.2287941702362783,0.5774511195286371,1.0357318610066493,-0.9667980946754761,0.3854631684160487,0.4525107304187393,1.0054051192374924,False,insufficient_egarch_obs
Equity-option Greek Markowitz,Gross before costs,465,garch11_residual_fallback_insufficient_egarch_obs,60,ok,60,-0.00869319012465919,1.0685792069506288,0.4933487791181943,0.8669527843882291,-0.8840136223679296,0.33200977262731685,0.4011406195099041,0.9572832238488739,False,insufficient_egarch_obs
Equity-option Greek Markowitz,Gross before costs,466,garch11_residual_fallback_insufficient_egarch_obs,60,ok,60,0.2781751742700731,1.039562063093545,0.6999160223885073,1.4008142236834777,-0.6256410043414515,0.28926524049518654,0.347416325868046,3.4115511758942003,False,insufficient_egarch_obs
Equity-option Greek Markowitz,Gross before costs,467,garch11_residual_fallback_insufficient_egarch_obs,60,ok,60,0.36790604402245,1.0767407071987045,0.7983320186167471,1.5021447676510362,-0.8035535130847853,0.3115143744331351,0.4059433291983468,4.7894025634843445,False,insufficient_egarch_obs
Equity-option Greek Markowitz,Gross before costs,468,garch11_residual_fallback_insufficient_egarch_obs,60,ok,60,2.105115868425084,0.9926623494279971,1.6411117277890883,3.947964213067984,-0.5567744949005905,0.27889770863934377,0.35192035141325784,288.6616257728591,False,insufficient_egarch_obs
Equity-option Greek Markowitz,Gross before costs,469,garch11_residual_fallback_insufficient_egarch_obs,60,ok,60,-0.5003232726472027,1.256057251085024,0.03343190081452403,0.055169089063983504,-0.9896841597110076,0.39147069049584965,0.41397412814155676,0.03114910784482282,False,insufficient_egarch_obs
Equity-option Greek Markowitz,Gross before costs,470,garch11_residual_fallback_insufficient_egarch_obs,60,ok,60,0.7864026362782219,1.1100266508019205,1.113564484570045,1.991039658840821,-0.8571847029149127,0.4185097594397633,0.5669113083362665,18.192683112438,False,insufficient_egarch_obs
Equity-option Greek Markowitz,Gross before costs,471,garch11_residual_fallback_insufficient_egarch_obs,60,ok,60,1.8480521224296353,1.1359634190501053,1.4778770450942822,3.268528529003244,-0.8195633653267901,0.34221577676716614,0.360839648284953,187.3870893683589,False,insufficient_egarch_obs
Equity-option Greek Markowitz,Gross before costs,472,garch11_residual_fallback_insufficient_egarch_obs,60,ok,60,0.6089465006830741,0.98408983677137,0.9606113665022394,1.803238568495406,-0.7255279685396745,0.30551369471341944,0.4107526717065868,10.78221575051559,False,insufficient_egarch_obs
Equity-option Greek Markowitz,Gross before costs,473,garch11_residual_fallback_insufficient_egarch_obs,60,ok,60,-0.11761274617995165,1.1383085434925784,0.45692782243796465,0.7668764088586689,-0.932792560982928,0.4342611557172848,0.5417848918783092,0.5349289844530069,False,insufficient_egarch_obs
Equity-option Greek Markowitz,Gross before costs,474,garch11_residual_fallback_insufficient_egarch_obs,60,ok,60,-0.2820465198759923,0.9775219816743127,0.1481598878670121,0.23400223420049185,-0.9677070082824466,0.3464961107042277,0.47213387524929223,0.19075745734242555,False,insufficient_egarch_obs
Equity-option Greek Markowitz,Gross before costs,475,garch11_residual_fallback_insufficient_egarch_obs,60,ok,60,-0.5328025872936861,1.1369981698643419,-0.08518495037333415,-0.1299182025252156,-0.994390336432695,0.4471915652242401,0.5748131093196158,0.022258820392800145,False,insufficient_egarch_obs
Equity-option Greek Markowitz,Gross before costs,476,garch11_residual_fallback_insufficient_egarch_obs,60,ok,60,0.08120337692008062,0.8754700585686411,0.5118001984209825,0.884015046445335,-0.7927358054247541,0.2663192962542428,0.4186187127311791,1.4775322443009726,False,insufficient_egarch_obs
Equity-option Greek Markowitz,Gross before costs,477,garch11_residual_fallback_insufficient_egarch_obs,60,ok,60,0.2761606402016623,0.8826875021811318,0.6822586270828327,1.3107300350142637,-0.847193912038874,0.2690404851138652,0.34690721975005795,3.384751030572268,False,insufficient_egarch_obs
Equity-option Greek Markowitz,Gross before costs,478,garch11_residual_fallback_insufficient_egarch_obs,60,ok,60,0.006990731550035045,0.9838678483076152,0.47086377333462687,0.8142175992666217,-0.8331027544350958,0.34032635039459225,0.35629436324948793,1.0354457893778726,False,insufficient_egarch_obs
Equity-option Greek Markowitz,Gross before costs,479,garch11_residual_fallback_insufficient_egarch_obs,60,ok,60,0.3919262355183062,0.7650451139161505,0.7823360661759925,1.5700782637792994,-0.7261041090199822,0.2297408425655145,0.2681388409974232,5.224937541052153,False,insufficient_egarch_obs
Equity-option Greek Markowitz,Gross before costs,480,garch11_residual_fallback_insufficient_egarch_obs,60,ok,60,0.4607514873408569,0.9246314439605944,0.8407693925173664,1.6518832972141932,-0.6741084652474857,0.2514919797295475,0.3520667099200973,6.650919416805856,False,insufficient_egarch_obs
Equity-option Greek Markowitz,Gross before costs,481,garch11_residual_fallback_insufficient_egarch_obs,60,ok,60,0.21722535144827604,1.2740283345549817,0.7551384162452138,1.3900995271541419,-0.9608336641819516,0.42206040592938915,0.4627369841613081,2.6721137677085744,False,insufficient_egarch_obs
Equity-option Greek Markowitz,Gross before costs,482,garch11_residual_fallback_insufficient_egarch_obs,60,ok,60,-0.0332536356355958,0.9574627565345022,0.4167202889907754,0.7168301621886686,-0.7612412287209105,0.3145942131617562,0.3878545748285875,0.8444282178776763,False,insufficient_egarch_obs
Equity-option Greek Markowitz,Gross before costs,483,garch11_residual_fallback_insufficient_egarch_obs,60,ok,60,0.8085712045261322,1.30508003348255,1.0871358670844233,2.0801811506339556,-0.9834246762159928,0.42793753832266224,0.483000757746626,19.349870344389906,False,insufficient_egarch_obs
Equity-option Greek Markowitz,Gross before costs,484,garch11_residual_fallback_insufficient_egarch_obs,60,ok,60,-0.016174985963998467,0.9348753514174536,0.44049311938251506,0.7432671313617408,-0.8741241239676893,0.28441230253885563,0.45826524496205484,0.9216993943904851,False,insufficient_egarch_obs
Equity-option Greek Markowitz,Gross before costs,485,garch11_residual_fallback_insufficient_egarch_obs,60,ok,60,0.3429386579311049,0.9922442884604846,0.7697268244755897,1.4621940396246984,-0.8705777668101667,0.3314090764119744,0.4502980448679584,4.367982383988522,False,insufficient_egarch_obs
Equity-option Greek Markowitz,Gross before costs,486,garch11_residual_fallback_insufficient_egarch_obs,60,ok,60,0.6333723377669429,1.0046930362353186,0.9447512641213943,2.0058465843247406,-0.6679497777912091,0.2917111989299132,0.3072698477798261,11.625883890147458,False,insufficient_egarch_obs
Equity-option Greek Markowitz,Gross before costs,487,garch11_residual_fallback_insufficient_egarch_obs,60,ok,60,-0.1815835529289337,1.3220420908350634,0.43630765533046945,0.8076806606178478,-0.9096309893596716,0.3777065082403158,0.39722715856785346,0.36717384916233253,False,insufficient_egarch_obs
Equity-option Greek Markowitz,Gross before costs,488,garch11_residual_fallback_insufficient_egarch_obs,60,ok,60,-0.038944474699761145,0.9165650671099368,0.37962290207318916,0.6709133305987784,-0.8613326442051285,0.29049754772244724,0.3592670413833729,0.8198650994992683,False,insufficient_egarch_obs
Equity-option Greek Markowitz,Gross before costs,489,garch11_residual_fallback_insufficient_egarch_obs,60,ok,60,-0.10853006403724152,0.887125466426756,0.2880749606201296,0.4831892050511363,-0.8402323883032374,0.25710423725235326,0.3525207833763715,0.5630325562481395,False,insufficient_egarch_obs
Equity-option Greek Markowitz,Gross before costs,490,garch11_residual_fallback_insufficient_egarch_obs,60,ok,60,0.22007636103834627,0.9902758377904691,0.6840703487529183,1.2115191069896851,-0.9228624076867249,0.2971806677222202,0.42681201583177014,2.7035540953253037,False,insufficient_egarch_obs
Equity-option Greek Markowitz,Gross before costs,491,garch11_residual_fallback_insufficient_egarch_obs,60,ok,60,4.4353587909109855,1.1722899261361788,2.091360285829253,5.164574626619547,-0.7066013540434686,0.31764632149658206,0.4286591049748689,4743.960747020758,False,insufficient_egarch_obs
Equity-option Greek Markowitz,Gross before costs,492,garch11_residual_fallback_insufficient_egarch_obs,60,ok,60,-0.5156564905771603,1.1647661922115746,-0.044935941476094,-0.06949774703419338,-0.9747626944073058,0.3923400646723248,0.5061087714338871,0.026654308571480666,False,insufficient_egarch_obs
Equity-option Greek Markowitz,Gross before costs,493,garch11_residual_fallback_insufficient_egarch_obs,60,ok,60,-0.16707984645563756,1.2392392078662817,0.405242259957388,0.7415161995112404,-0.9355763019998784,0.3611990631600444,0.3742039952067342,0.4008822733330699,False,insufficient_egarch_obs
Equity-option Greek Markowitz,Gross before costs,494,garch11_residual_fallback_insufficient_egarch_obs,60,ok,60,-0.10916403154676158,1.109346325950506,0.4336189042497629,0.7469647822079124,-0.8544549865235412,0.35420592902775533,0.5013046781846624,0.5610334028660874,False,insufficient_egarch_obs
Equity-option Greek Markowitz,Gross before costs,495,garch11_residual_fallback_insufficient_egarch_obs,60,ok,60,0.5378259991769483,1.3178913822078326,0.9897302978630269,1.8366839583886199,-0.9493811341367289,0.4107216056031417,0.5663331735154812,8.60074348304575,False,insufficient_egarch_obs
Equity-option Greek Markowitz,Gross before costs,496,garch11_residual_fallback_insufficient_egarch_obs,60,ok,60,1.1662444142511696,0.8862539000614329,1.3039447147721028,2.8125910799875604,-0.5942331124230493,0.24501027903577205,0.31359794724753276,47.70207593288248,False,insufficient_egarch_obs
Equity-option Greek Markowitz,Gross before costs,497,garch11_residual_fallback_insufficient_egarch_obs,60,ok,60,1.1348168330631818,1.037363787769595,1.2250816984095554,2.583519415476138,-0.7621860191683928,0.3040133125090559,0.35719747816629727,44.340755933898265,False,insufficient_egarch_obs
Equity-option Greek Markowitz,Gross before costs,498,garch11_residual_fallback_insufficient_egarch_obs,60,ok,60,0.4781516884448036,1.03035752472913,0.8622874165606498,1.6666011737945166,-0.8901279804566167,0.3404670944768044,0.4053002548005504,7.056592178541458,False,insufficient_egarch_obs
Equity-option Greek Markowitz,Gross before costs,499,garch11_residual_fallback_insufficient_egarch_obs,60,ok,60,-0.024554087759579568,1.1284689349433266,0.49972799975975873,0.8914305694264378,-0.96214807634515,0.3686623682966143,0.42133739394485653,0.8831123646082847,False,insufficient_egarch_obs
Equity-option Greek Markowitz,Gross before costs,500,garch11_residual_fallback_insufficient_egarch_obs,60,ok,60,0.16105855620338816,1.2257385331158852,0.705288072816372,1.2854929275606994,-0.9209745237926334,0.3959043310508008,0.48636640997121444,2.109942481684658,False,insufficient_egarch_obs
Equity-option Greek Markowitz,Gross before costs,501,garch11_residual_fallback_insufficient_egarch_obs,60,ok,60,0.45698405455428515,0.9783715379085051,0.8509664527356907,1.5979967831043913,-0.878703166285789,0.33449332234458357,0.3997383339605704,6.565593554574102,False,insufficient_egarch_obs
Equity-option Greek Markowitz,Gross before costs,502,garch11_residual_fallback_insufficient_egarch_obs,60,ok,60,-0.014605891128846582,1.1318229866173881,0.5049374883691644,0.9151041715845409,-0.8726651886625604,0.3633980052548593,0.4196436973436839,0.9290729327527582,False,insufficient_egarch_obs
Equity-option Greek Markowitz,Gross before costs,503,garch11_residual_fallback_insufficient_egarch_obs,60,ok,60,-0.006363433414787956,0.847368654135943,0.4074767943214061,0.6906318600009332,-0.7181928637335493,0.24757351164420144,0.41449495856300816,0.9685851971991836,False,insufficient_egarch_obs
Equity-option Greek Markowitz,Gross before costs,504,garch11_residual_fallback_insufficient_egarch_obs,60,ok,60,-0.35657341616844174,1.509676485139243,0.5436015880942466,0.9102543350197535,-0.9947705856267384,0.6022029728011268,0.7292521793611352,0.11027955406766393,False,insufficient_egarch_obs
Equity-option Greek Markowitz,Gross before costs,505,garch11_residual_fallback_insufficient_egarch_obs,60,ok,60,-0.5579914764548329,1.0078098598036447,-0.28224155285264835,-0.39940388351439493,-0.9972616843223994,0.369271383397962,0.4390555285291839,0.01687148154065177,False,insufficient_egarch_obs
Equity-option Greek Markowitz,Gross before costs,506,garch11_residual_fallback_insufficient_egarch_obs,60,ok,60,1.7037595914757424,1.054653067930881,1.4724975980107278,3.1528446570368205,-0.6357944782888829,0.3411768061835571,0.37702594601369993,144.4908565024965,False,insufficient_egarch_obs
Equity-option Greek Markowitz,Gross before costs,507,garch11_residual_fallback_insufficient_egarch_obs,60,ok,60,0.13052598597577658,0.834747352173639,0.5256828592019462,0.9808770610588521,-0.8575172723082399,0.249299795223015,0.27061279939756827,1.8467272043590737,False,insufficient_egarch_obs
Equity-option Greek Markowitz,Gross before costs,508,garch11_residual_fallback_insufficient_egarch_obs,60,ok,60,-0.48004404294654135,1.2904285790381316,0.13323754667574328,0.21773583100343868,-0.9946536214764256,0.410445009997996,0.594979432425985,0.0380043046716255,False,insufficient_egarch_obs
Equity-option Greek Markowitz,Gross before costs,509,garch11_residual_fallback_insufficient_egarch_obs,60,ok,60,-0.3248327830852692,0.9932493300004398,0.0990483859420494,0.15647862296787488,-0.972976193863339,0.3401197675770742,0.46239541131115747,0.14029969719644741,False,insufficient_egarch_obs
Equity-option Greek Markowitz,Gross before costs,510,garch11_residual_fallback_insufficient_egarch_obs,60,ok,60,0.8005525241224418,0.7826590279169181,1.1245213117772765,2.41344647491653,-0.6643916709406809,0.22167776935636976,0.2610526174406439,18.92469869570374,False,insufficient_egarch_obs
Equity-option Greek Markowitz,Gross before costs,511,garch11_residual_fallback_insufficient_egarch_obs,60,ok,60,-0.01940978478106603,0.9410063608415499,0.41875892809179677,0.7342235580911839,-0.8806871438356372,0.33841388758267604,0.3884573401367933,0.906646056082698,False,insufficient_egarch_obs
Equity-option Greek Markowitz,Gross before costs,512,garch11_residual_fallback_insufficient_egarch_obs,60,ok,60,0.2715376961186422,1.3851078200793907,0.8737113054151925,1.6078076116671165,-0.9220412153383288,0.38393129855677327,0.6406494700228752,3.3238866038240817,False,insufficient_egarch_obs
Equity-option Greek Markowitz,Gross before costs,513,garch11_residual_fallback_insufficient_egarch_obs,60,ok,60,-0.15271263142492786,1.152065848646378,0.39424211867324244,0.6734361042497837,-0.9471188950414577,0.3451991750715953,0.39532063501258713,0.4366703053113916,False,insufficient_egarch_obs
Equity-option Greek Markowitz,Gross before costs,514,garch11_residual_fallback_insufficient_egarch_obs,60,ok,60,0.5863605369107463,0.9594217710596479,0.949093605109747,1.7451970780039816,-0.7547451115594798,0.3364439278546041,0.40871107949019275,10.046377383708952,False,insufficient_egarch_obs
Equity-option Greek Markowitz,Gross before costs,515,garch11_residual_fallback_insufficient_egarch_obs,60,ok,60,1.0023189314222969,0.8482248097834053,1.2087680837123806,2.9029219816012914,-0.5055006364439085,0.22531325081539186,0.2737029314113433,32.185945208305135,False,insufficient_egarch_obs
Equity-option Greek Markowitz,Gross before costs,516,garch11_residual_fallback_insufficient_egarch_obs,60,ok,60,0.8026718873096561,1.381510027487389,1.0764438195697725,2.1367828110751415,-0.8611386145866803,0.3963659973362419,0.44156445504142455,19.036338985001937,False,insufficient_egarch_obs
Equity-option Greek Markowitz,Gross before costs,517,garch11_residual_fallback_insufficient_egarch_obs,60,ok,60,1.604742425975918,1.1108376635910913,1.4111863320107307,3.0293154820119272,-0.6971086148193059,0.3654893871783846,0.4307715996425543,119.90130759176446,False,insufficient_egarch_obs
Equity-option Greek Markowitz,Gross before costs,518,garch11_residual_fallback_insufficient_egarch_obs,60,ok,60,-0.3154272155286396,1.1024562436997722,0.1904635315424704,0.3110484248088734,-0.9767747707913198,0.3861144454926343,0.4580168471940284,0.15034817049260643,False,insufficient_egarch_obs
Equity-option Greek Markowitz,Gross before costs,519,garch11_residual_fallback_insufficient_egarch_obs,60,ok,60,-0.33547201346661204,0.77647001477869,-0.14974149804838185,-0.22752191615064585,-0.9687462546295404,0.31390811776186933,0.3256128940505078,0.1295884751691429,False,insufficient_egarch_obs
Equity-option Greek Markowitz,Gross before costs,520,garch11_residual_fallback_insufficient_egarch_obs,60,ok,60,0.8597113806796717,0.7742470869327917,1.1681308670367962,2.5491004981375904,-0.5728843212377344,0.23367613367122445,0.2571781756378469,22.244760996059192,False,insufficient_egarch_obs
Equity-option Greek Markowitz,Gross before costs,521,garch11_residual_fallback_insufficient_egarch_obs,60,ok,60,1.3247277911243396,1.108644424366476,1.313239898960419,2.6303735561425934,-0.8090881230678154,0.37580152688632534,0.4381742119668488,67.8985558454346,False,insufficient_egarch_obs
Equity-option Greek Markowitz,Gross before costs,522,garch11_residual_fallback_insufficient_egarch_obs,60,ok,60,-0.24204431697215634,1.0475581936948437,0.22912318150937114,0.39005649374239504,-0.9569519192557675,0.32034933867653237,0.4841784200427493,0.2501606910117759,False,insufficient_egarch_obs
Equity-option Greek Markowitz,Gross before costs,523,garch11_residual_fallback_insufficient_egarch_obs,60,ok,60,0.8243535943664659,0.9387459121678321,1.102592718402725,2.1511924753164933,-0.824304689177933,0.27426528853361315,0.36666148773194873,20.209012072630312,False,insufficient_egarch_obs
Equity-option Greek Markowitz,Gross before costs,524,garch11_residual_fallback_insufficient_egarch_obs,60,ok,60,0.6983809386876618,0.9277071655237815,1.0158122536701046,1.9887899172562178,-0.6699335527442756,0.29433921237304533,0.3628212455497574,14.13108585486266,False,insufficient_egarch_obs
Equity-option Greek Markowitz,Gross before costs,525,garch11_residual_fallback_insufficient_egarch_obs,60,ok,60,0.721897517189942,1.043061664687767,1.0321231510164248,1.9876172510958001,-0.7988489367788931,0.3983897343103336,0.46842226557273786,15.136884569572588,False,insufficient_egarch_obs
Equity-option Greek Markowitz,Gross before costs,526,garch11_residual_fallback_insufficient_egarch_obs,60,ok,60,0.276714341265315,0.9438408988765361,0.7212044151824912,1.272460728581335,-0.8461238903386381,0.30430751417222246,0.4353601691588361,3.39210029052386,False,insufficient_egarch_obs
Equity-option Greek Markowitz,Gross before costs,527,garch11_residual_fallback_insufficient_egarch_obs,60,ok,60,0.27809417927893576,1.00135359096687,0.7338845136816886,1.2930170284048579,-0.9319983272403736,0.32668093788192504,0.4358855422956123,3.4104704025162382,False,insufficient_egarch_obs
Equity-option Greek Markowitz,Gross before costs,528,garch11_residual_fallback_insufficient_egarch_obs,60,ok,60,-0.22850368216727412,0.889990304397312,0.1339367199814311,0.21348517500000322,-0.9235823427762273,0.30235976930068453,0.3401477367960399,0.2733186633122953,False,insufficient_egarch_obs
Equity-option Greek Markowitz,Gross before costs,529,garch11_residual_fallback_insufficient_egarch_obs,60,ok,60,-0.015380585381265521,0.9113860273421164,0.3972327124300663,0.7134871037374348,-0.8727319836328034,0.2768932411596982,0.3062454209768886,0.925426591425575,False,insufficient_egarch_obs
Equity-option Greek Markowitz,Gross before costs,530,garch11_residual_fallback_insufficient_egarch_obs,60,ok,60,-0.3259938578189837,0.9968511249919724,0.09142569308305164,0.14430091273192108,-0.9498633045631774,0.33758806651789697,0.42113264049700766,0.13909748295778623,False,insufficient_egarch_obs
Equity-option Greek Markowitz,Gross before costs,531,garch11_residual_fallback_insufficient_egarch_obs,60,ok,60,0.2733127170259124,0.9132273313684703,0.685596993471976,1.2903243340311794,-0.6369350668580127,0.27985260040536525,0.3247602960407882,3.347151598369753,False,insufficient_egarch_obs
Equity-option Greek Markowitz,Gross before costs,532,garch11_residual_fallback_insufficient_egarch_obs,60,ok,60,0.54921943838941,0.9702590139376079,0.9040685181051146,1.78991358453947,-0.7496760357547243,0.28342540279770406,0.34479097791945224,8.924105332295523,False,insufficient_egarch_obs
Equity-option Greek Markowitz,Gross before costs,533,garch11_residual_fallback_insufficient_egarch_obs,60,ok,60,0.16805843769214346,0.8063793358126113,0.5646736388422051,1.0420062519696207,-0.9177831362590322,0.23850542950799894,0.2804005088701913,2.174316967144049,False,insufficient_egarch_obs
Equity-option Greek Markowitz,Gross before costs,534,garch11_residual_fallback_insufficient_egarch_obs,60,ok,60,-0.34031184633315237,1.2962558546488805,0.31854466883469423,0.5322114147098909,-0.9949873300296219,0.38855460410115716,0.4990951193531567,0.12493767696022204,False,insufficient_egarch_obs
Equity-option Greek Markowitz,Gross before costs,535,garch11_residual_fallback_insufficient_egarch_obs,60,ok,60,0.4748567615686934,0.9528062101976509,0.8517734995379309,1.6566464721525271,-0.7074781225012066,0.29079297297370954,0.3210660873899484,6.978293281818362,False,insufficient_egarch_obs
Equity-option Greek Markowitz,Gross before costs,536,garch11_residual_fallback_insufficient_egarch_obs,60,ok,60,0.3109332893908676,0.9461309549394259,0.7137835534688481,1.4306465508778712,-0.8247294008865449,0.2860695704977659,0.32532046509526186,3.8717112431760743,False,insufficient_egarch_obs
Equity-option Greek Markowitz,Gross before costs,537,garch11_residual_fallback_insufficient_egarch_obs,60,ok,60,-0.3414207887559565,1.2278411727212786,0.2850294527112977,0.4595794797472359,-0.9714117390739765,0.39010595122603575,0.6027632163767193,0.12389109405359666,False,insufficient_egarch_obs
Equity-option Greek Markowitz,Gross before costs,538,garch11_residual_fallback_insufficient_egarch_obs,60,ok,60,-0.3494307519924754,0.9952363333846735,0.05804914800889474,0.08949218786280098,-0.9335206293427019,0.331862220832558,0.4142649145302963,0.11653802481930131,False,insufficient_egarch_obs
Equity-option Greek Markowitz,Gross before costs,539,garch11_residual_fallback_insufficient_egarch_obs,60,ok,60,0.6236351502186264,0.8770574892542532,0.9754530083946698,1.8506696499250177,-0.9112816585431565,0.2788745694891947,0.3072578087531137,11.283458193468014,False,insufficient_egarch_obs
Equity-option Greek Markowitz,Gross before costs,540,garch11_residual_fallback_insufficient_egarch_obs,60,ok,60,-0.42416048236910975,1.2654221262162564,0.1826887361267931,0.29701966589489437,-0.9884668861779589,0.4201070465025786,0.5328478523959381,0.06331510443345718,False,insufficient_egarch_obs
Equity-option Greek Markowitz,Gross before costs,541,garch11_residual_fallback_insufficient_egarch_obs,60,ok,60,-0.3502240662802889,1.3204174486237723,0.3140352659277634,0.5233408681269037,-0.9215542867847926,0.4657308447146593,0.5341390178637365,0.1158292141726484,False,insufficient_egarch_obs
Equity-option Greek Markowitz,Gross before costs,542,garch11_residual_fallback_insufficient_egarch_obs,60,ok,60,0.06290210100139304,1.2366439346575384,0.6369170867665749,1.1631488516293242,-0.982253313107849,0.3592154788223183,0.4825602827678863,1.3566453404893442,False,insufficient_egarch_obs
Equity-option Greek Markowitz,Gross before costs,543,garch11_residual_fallback_insufficient_egarch_obs,60,ok,60,-0.6130106838876019,1.2486080626818774,-0.07168579319308094,-0.10362649886267851,-0.9983683251196359,0.4777165172466889,0.639355663522172,0.008679503378625912,False,insufficient_egarch_obs
Equity-option Greek Markowitz,Gross before costs,544,garch11_residual_fallback_insufficient_egarch_obs,60,ok,60,0.2654327629790161,0.9559414678675613,0.699170780069188,1.2626996487946636,-0.8255382131275278,0.2995716842966763,0.40278617888206325,3.244855580682582,False,insufficient_egarch_obs
Equity-option Greek Markowitz,Gross before costs,545,garch11_residual_fallback_insufficient_egarch_obs,60,ok,60,0.09261139703068966,1.0637055194619802,0.5702601965007178,1.058789046528053,-0.7366229826106083,0.30710101804943846,0.3754451189444031,1.557143479992583,False,insufficient_egarch_obs
Equity-option Greek Markowitz,Gross before costs,546,garch11_residual_fallback_insufficient_egarch_obs,60,ok,60,0.5007919162291388,0.8424291960194934,0.8816459288488756,1.7036011772309594,-0.6135606059823009,0.27364507172219404,0.3025183208345794,7.6138165564091675,False,insufficient_egarch_obs
Equity-option Greek Markowitz,Gross before costs,547,garch11_residual_fallback_insufficient_egarch_obs,60,ok,60,0.01812460881554223,1.417622526365759,0.6859084363878034,1.2397873919355884,-0.9225983619619545,0.503631274372291,0.5399536752344677,1.0939681396485643,False,insufficient_egarch_obs
Equity-option Greek Markowitz,Gross before costs,548,garch11_residual_fallback_insufficient_egarch_obs,60,ok,60,0.8957205577246805,1.0050132424787224,1.1062719677380193,2.364712929982117,-0.6388743437401373,0.3031126216770506,0.31676381479132776,24.483392707190994,False,insufficient_egarch_obs
Equity-option Greek Markowitz,Gross before costs,549,garch11_residual_fallback_insufficient_egarch_obs,60,ok,60,0.40630098576988893,1.4028597146616164,0.9169428146433913,1.746106135424286,-0.8209734053240747,0.44655417209998693,0.5342369780717903,5.5003636833847445,False,insufficient_egarch_obs
Equity-option Greek Markowitz,Gross before costs,550,garch11_residual_fallback_insufficient_egarch_obs,60,ok,60,0.5970011673671625,1.0251643462155196,0.9363345707651278,1.845791607844623,-0.808729375391416,0.3034844692169277,0.3892095393949515,10.38786191570416,False,insufficient_egarch_obs
Equity-option Greek Markowitz,Gross before costs,551,garch11_residual_fallback_insufficient_egarch_obs,60,ok,60,-0.03973193494269178,0.9147923242806666,0.391585551508577,0.6712266845144342,-0.815478430092317,0.28156614338532626,0.3883703082875844,0.816511734210292,False,insufficient_egarch_obs
Equity-option Greek Markowitz,Gross before costs,552,garch11_residual_fallback_insufficient_egarch_obs,60,ok,60,1.2009348420544232,1.3376883279223584,1.2579638971619889,2.518071464701691,-0.8971436201744561,0.41018386411911983,0.5555650298202695,51.645909275731945,False,insufficient_egarch_obs
Equity-option Greek Markowitz,Gross before costs,553,garch11_residual_fallback_insufficient_egarch_obs,60,ok,60,0.06706543315045499,0.9422633306786515,0.5006282174565816,0.9076281278810828,-0.9493052108505526,0.31837843592687115,0.34103113243388533,1.3834238459899697,False,insufficient_egarch_obs
Equity-option Greek Markowitz,Gross before costs,554,garch11_residual_fallback_insufficient_egarch_obs,60,ok,60,-0.14998072253860617,1.0690191509501434,0.360867776304865,0.6077530833514255,-0.949248982317428,0.36523459674757397,0.4711542668157946,0.4437556295589249,False,insufficient_egarch_obs
Equity-option Greek Markowitz,Gross before costs,555,garch11_residual_fallback_insufficient_egarch_obs,60,ok,60,-0.3821017077564596,0.9771722260132868,-0.013790687359816494,-0.02146492465601353,-0.9197605299359618,0.3266263219137706,0.44548795241769046,0.09007099794108767,False,insufficient_egarch_obs
Equity-option Greek Markowitz,Gross before costs,556,garch11_residual_fallback_insufficient_egarch_obs,60,ok,60,0.19595165888159682,0.9374507740058433,0.6406954755400961,1.1188935988738917,-0.6850734965406442,0.3423259042326843,0.38916258703024825,2.4466290485333135,False,insufficient_egarch_obs
Equity-option Greek Markowitz,Gross before costs,557,garch11_residual_fallback_insufficient_egarch_obs,60,ok,60,-0.8420406041493145,1.6203472109444401,-0.25454997333376095,-0.3786782839391207,-0.9999722751594219,0.6125709443377406,0.6505493531807173,9.833934698866081e-05,False,insufficient_egarch_obs
Equity-option Greek Markowitz,Gross before costs,558,garch11_residual_fallback_insufficient_egarch_obs,60,ok,60,-0.615131044590072,0.984284746077501,-0.46535429432145625,-0.6704825352648343,-0.9947628546025755,0.3446003893434364,0.4540383150268735,0.008444314612637666,False,insufficient_egarch_obs
Equity-option Greek Markowitz,Gross before costs,559,garch11_residual_fallback_insufficient_egarch_obs,60,ok,60,0.5165882846730221,1.0084148256541712,0.8996085529251481,1.6773417309182925,-0.8132606774070787,0.29603589195463265,0.3972161326095507,8.02303125644922,False,insufficient_egarch_obs
Equity-option Greek Markowitz,Gross before costs,560,garch11_residual_fallback_insufficient_egarch_obs,60,ok,60,0.08367084275456516,1.0802188354139675,0.5739234491060389,1.0412247930477674,-0.7160861555484077,0.3757947972446828,0.4073942297663226,1.4944691072294811,False,insufficient_egarch_obs
Equity-option Greek Markowitz,Gross before costs,561,garch11_residual_fallback_insufficient_egarch_obs,60,ok,60,0.14633054677798474,0.8847237702933904,0.5642150059599019,1.0221621704791735,-0.9309157327407741,0.28544540139170876,0.31712482924331525,1.9794718361132508,False,insufficient_egarch_obs
Equity-option Greek Markowitz,Gross before costs,562,garch11_residual_fallback_insufficient_egarch_obs,60,ok,60,1.6400416725076177,1.0198609996058694,1.4780013457446208,3.0743215418136147,-0.7469502505761361,0.29950669736089003,0.45154913415905873,128.24897737976505,False,insufficient_egarch_obs
Equity-option Greek Markowitz,Gross before costs,563,garch11_residual_fallback_insufficient_egarch_obs,60,ok,60,0.12725653288716487,1.0810762185694847,0.6146124193774583,1.1462937789579242,-0.9281225917072148,0.2919702379522503,0.41693155599985526,1.8201777635716316,False,insufficient_egarch_obs
Equity-option Greek Markowitz,Gross before costs,564,garch11_residual_fallback_insufficient_egarch_obs,60,ok,60,-0.554641622996076,1.2842119132128726,0.025105125468517585,0.03908363361626508,-0.9919680900693604,0.44293855543543814,0.5936315257654023,0.01752056584795261,False,insufficient_egarch_obs
Equity-option Greek Markowitz,Gross before costs,565,garch11_residual_fallback_insufficient_egarch_obs,60,ok,60,-0.4609410283019455,1.253031094415411,0.09527830537593907,0.15741654189475862,-0.9698450971911856,0.39019112924058885,0.4567882430032375,0.045517813552400165,False,insufficient_egarch_obs
Equity-option Greek Markowitz,Gross before costs,566,garch11_residual_fallback_insufficient_egarch_obs,60,ok,60,0.24176929299073713,1.0253516785797103,0.6969065948585688,1.2532647649690258,-0.775405989679199,0.3370607849645308,0.4009054240957277,2.952599766706603,False,insufficient_egarch_obs
Equity-option Greek Markowitz,Gross before costs,567,garch11_residual_fallback_insufficient_egarch_obs,60,ok,60,0.27252301430705983,1.3281965066445018,0.8010082590892552,1.5003583652103663,-0.9547273790516323,0.42164840672939663,0.45536761163910217,3.3367850244473556,False,insufficient_egarch_obs
Equity-option Greek Markowitz,Gross before costs,568,garch11_residual_fallback_insufficient_egarch_obs,60,ok,60,-0.22127170771899596,1.0887954968397753,0.30948493856412085,0.5053443196334441,-0.9549724513115277,0.3831504490801906,0.4971805222978843,0.28637148232302545,False,insufficient_egarch_obs
Equity-option Greek Markowitz,Gross before costs,569,garch11_residual_fallback_insufficient_egarch_obs,60,ok,60,0.5354837040047968,0.7786269463152792,0.92724864568052,1.7179713675937163,-0.44734385723615955,0.28484580582531954,0.3168090347011952,8.535442840001377,False,insufficient_egarch_obs
Equity-option Greek Markowitz,Gross before costs,570,garch11_residual_fallback_insufficient_egarch_obs,60,ok,60,0.32408646909806227,1.2534278897695974,0.8021055334979958,1.5469431071687239,-0.791810407380148,0.3875724272320867,0.4799772857707179,4.069881248856257,False,insufficient_egarch_obs
Equity-option Greek Markowitz,Gross before costs,571,garch11_residual_fallback_insufficient_egarch_obs,60,ok,60,0.25010790970625507,0.8924787949719548,0.6609157451029599,1.240588170360498,-0.768672207434901,0.28905061078992883,0.30421773589393725,3.053075297107801,False,insufficient_egarch_obs
Equity-option Greek Markowitz,Gross before costs,572,garch11_residual_fallback_insufficient_egarch_obs,60,ok,60,-0.5332038242041868,1.2567275187885463,0.004220337617908595,0.006705145513916012,-0.9926247428483621,0.38920860618950665,0.47620777123253016,0.022163403199063802,False,insufficient_egarch_obs
Equity-option Greek Markowitz,Gross before costs,573,garch11_residual_fallback_insufficient_egarch_obs,60,ok,60,1.0477235081597938,0.9730249494501932,1.2067628358764002,2.463193138057905,-0.7450510189086981,0.2856380620756039,0.3054711128328634,36.00448310542478,False,insufficient_egarch_obs
Equity-option Greek Markowitz,Gross before costs,574,garch11_residual_fallback_insufficient_egarch_obs,60,ok,60,0.2896333950697343,0.9204297123914721,0.7182257568720386,1.3069182637590862,-0.9051169086131428,0.3028054056023877,0.41076336756764187,3.5672319845385947,False,insufficient_egarch_obs
Equity-option Greek Markowitz,Gross before costs,575,garch11_residual_fallback_insufficient_egarch_obs,60,ok,60,0.21098429775479066,1.2874709499777885,0.7832097551457868,1.4207766494563523,-0.9170527833286871,0.3874048403364711,0.5449135671674546,2.604309285960415,False,insufficient_egarch_obs
Equity-option Greek Markowitz,Gross before costs,576,garch11_residual_fallback_insufficient_egarch_obs,60,ok,60,1.7106012602338878,1.0806781787066884,1.4548236511348374,3.1858878599773273,-0.7549417799557687,0.33774993612018306,0.37968956997721764,146.3282502744776,False,insufficient_egarch_obs
Equity-option Greek Markowitz,Gross before costs,577,garch11_residual_fallback_insufficient_egarch_obs,60,ok,60,1.441602449044538,0.8716818791980022,1.4648372743508125,3.211115096890567,-0.4543699637339219,0.22982313764234463,0.31537001307589035,86.77103135237917,False,insufficient_egarch_obs
Equity-option Greek Markowitz,Gross before costs,578,garch11_residual_fallback_insufficient_egarch_obs,60,ok,60,-0.4765901309622509,1.2533774981335444,0.09161313656689372,0.14560423410413523,-0.9964507880903671,0.43663247647565756,0.442100533098583,0.03928344219186083,False,insufficient_egarch_obs
Equity-option Greek Markowitz,Gross before costs,579,garch11_residual_fallback_insufficient_egarch_obs,60,ok,60,1.058729967572284,0.9285221701101991,1.238117896647397,2.459344482722523,-0.8238783778748726,0.2990976749380371,0.34448864261956236,36.98255667973522,False,insufficient_egarch_obs
Equity-option Greek Markowitz,Gross before costs,580,garch11_residual_fallback_insufficient_egarch_obs,60,ok,60,2.2349127937410618,1.2651572848400359,1.5470907351843333,3.5152663603309673,-0.7258385016706888,0.36071876240189227,0.4334474968449145,354.2524704823232,False,insufficient_egarch_obs
Equity-option Greek Markowitz,Gross before costs,581,garch11_residual_fallback_insufficient_egarch_obs,60,ok,60,-0.18188545644322585,0.863401426859557,0.16933123320628318,0.2814616569427255,-0.9511722923946069,0.2639949768372743,0.34458683520068406,0.36649711958994813,False,insufficient_egarch_obs
Equity-option Greek Markowitz,Gross before costs,582,garch11_residual_fallback_insufficient_egarch_obs,60,ok,60,0.35976552723526867,1.0431426544007807,0.8162180406100905,1.4454162388713412,-0.7661004467845569,0.3351702854034626,0.4774206526057119,4.648578120020264,False,insufficient_egarch_obs
Equity-option Greek Markowitz,Gross before costs,583,garch11_residual_fallback_insufficient_egarch_obs,60,ok,60,-0.17052662750833003,1.041772677270919,0.3432863290992036,0.5571977418887968,-0.9865269663678322,0.3833960797709487,0.47425321610584953,0.3926560062015111,False,insufficient_egarch_obs
Equity-option Greek Markowitz,Gross before costs,584,garch11_residual_fallback_insufficient_egarch_obs,60,ok,60,2.6189337238939787,1.1472774689038208,1.6965961737449267,4.045985576643062,-0.7915802289987294,0.32032496776930175,0.39269478212257747,620.7305899498488,False,insufficient_egarch_obs
Equity-option Greek Markowitz,Gross before costs,585,garch11_residual_fallback_insufficient_egarch_obs,60,ok,60,1.3442503479031265,0.9035728130459986,1.3807664309804353,3.15736717689959,-0.5110441974803045,0.252643564761736,0.2737318264525213,70.79782986622894,False,insufficient_egarch_obs
Equity-option Greek Markowitz,Gross before costs,586,garch11_residual_fallback_insufficient_egarch_obs,60,ok,60,0.9747738982947878,1.0440286930775113,1.1526746113442818,2.3233184667863527,-0.6865587545207645,0.31024778309032586,0.3323935364073478,30.032182287983105,False,insufficient_egarch_obs
Equity-option Greek Markowitz,Gross before costs,587,garch11_residual_fallback_insufficient_egarch_obs,60,ok,60,-0.6223641654809158,0.982524394495277,-0.4775165473894069,-0.6833660061427259,-0.9956777039905977,0.38243735472018164,0.49308709645255294,0.00768008439944092,False,insufficient_egarch_obs
Equity-option Greek Markowitz,Gross before costs,588,garch11_residual_fallback_insufficient_egarch_obs,60,ok,60,0.7404000042524161,0.871356123045621,1.0491330459141268,2.138880993881205,-0.6179607343428303,0.2857394297646604,0.3056229167159428,15.967810811771487,False,insufficient_egarch_obs
Equity-option Greek Markowitz,Gross before costs,589,garch11_residual_fallback_insufficient_egarch_obs,60,ok,60,0.2638681119960671,1.0087980216603771,0.7105441377699879,1.318389738986077,-0.9216414828847677,0.33720612946015155,0.4306659680535743,3.2248445338483243,False,insufficient_egarch_obs
Equity-option Greek Markowitz,Gross before costs,590,garch11_residual_fallback_insufficient_egarch_obs,60,ok,60,-0.000730026138776374,1.508526692964948,0.7189867032543582,1.3056959680102853,-0.9093714238442452,0.44877081528029744,0.571945812367569,0.9963551947985829,False,insufficient_egarch_obs
Equity-option Greek Markowitz,Gross before costs,591,garch11_residual_fallback_insufficient_egarch_obs,60,ok,60,0.19948386236830973,1.3212220279463105,0.7798206234871963,1.3978640234511392,-0.9199900678383529,0.4123891761157535,0.5141680431919237,2.4829732864134764,False,insufficient_egarch_obs
Equity-option Greek Markowitz,Gross before costs,592,garch11_residual_fallback_insufficient_egarch_obs,60,ok,60,0.1624881709735282,1.2507130549728334,0.6970480313659324,1.3086848504667248,-0.9210842834490934,0.37866363287233734,0.43495301087438376,2.122964401587526,False,insufficient_egarch_obs
Equity-option Greek Markowitz,Gross before costs,593,garch11_residual_fallback_insufficient_egarch_obs,60,ok,60,1.6483913404599866,0.9879053754816363,1.469621530064797,3.302439115853095,-0.7029270671873478,0.3193077637258165,0.34932873389749325,130.28991354943344,False,insufficient_egarch_obs
Equity-option Greek Markowitz,Gross before costs,594,garch11_residual_fallback_insufficient_egarch_obs,60,ok,60,-0.3918670741607504,1.1446854955986858,0.12373823577803329,0.20248525390521632,-0.936931254745851,0.3953098117304225,0.5177821941214364,0.08317495780076142,False,insufficient_egarch_obs
Equity-option Greek Markowitz,Gross before costs,595,garch11_residual_fallback_insufficient_egarch_obs,60,ok,60,0.18568315916706624,1.291979808681435,0.7519310864404063,1.3665707322792855,-0.9287736261237984,0.3853959291007126,0.4955345652192082,2.3433829031713524,False,insufficient_egarch_obs
Equity-option Greek Markowitz,Gross before costs,596,garch11_residual_fallback_insufficient_egarch_obs,60,ok,60,0.8466700485984344,1.129750420227358,1.064345120521332,2.212854528923869,-0.6984283741629302,0.3287596258188697,0.35222322747142326,21.47566035419796,False,insufficient_egarch_obs
Equity-option Greek Markowitz,Gross before costs,597,garch11_residual_fallback_insufficient_egarch_obs,60,ok,60,-0.3126931313642083,1.1042930379285065,0.19372513196738228,0.32340609265117853,-0.87628910257355,0.3276645707097191,0.4970160816703846,0.15337459197389539,False,insufficient_egarch_obs
Equity-option Greek Markowitz,Gross before costs,598,garch11_residual_fallback_insufficient_egarch_obs,60,ok,60,0.7319907146495108,1.086335242948126,1.039168218373857,1.983388647844627,-0.7211261163177043,0.3354072745758102,0.452663212348648,15.585753274383212,False,insufficient_egarch_obs
Equity-option Greek Markowitz,Gross before costs,599,garch11_residual_fallback_insufficient_egarch_obs,60,ok,60,-0.2890735426140001,1.075189380759017,0.19648685430243157,0.3234347560558297,-0.9481328546624259,0.3466943625333733,0.42583573542917796,0.18160315312233874,False,insufficient_egarch_obs
Equity-option Greek Markowitz,Gross before costs,600,garch11_residual_fallback_insufficient_egarch_obs,60,ok,60,-0.42113257722584496,0.9016294421710247,-0.15397083223216484,-0.2301556388822953,-0.9393764024262048,0.34378937495183987,0.4607978385264661,0.0649973343977242,False,insufficient_egarch_obs
Equity-option Greek Markowitz,Gross before costs,601,garch11_residual_fallback_insufficient_egarch_obs,60,ok,60,1.2569284169297958,0.9716267101018224,1.3397437148673492,2.5929966591688105,-0.6664682001744677,0.3301510562085111,0.42553743227229046,58.55836250259803,False,insufficient_egarch_obs
Equity-option Greek Markowitz,Gross before costs,602,garch11_residual_fallback_insufficient_egarch_obs,60,ok,60,1.4486694824756357,0.9763544540433832,1.3859970117630829,3.191051214883111,-0.6604618404069862,0.24557697040883084,0.2882979268513426,88.0340827366947,False,insufficient_egarch_obs
Equity-option Greek Markowitz,Gross before costs,603,garch11_residual_fallback_insufficient_egarch_obs,60,ok,60,0.5334442935167061,1.4164269732783874,1.0017505311202937,1.859708338193335,-0.9104791861205274,0.5154995208480581,0.5563063020001825,8.478909863676982,False,insufficient_egarch_obs
Equity-option Greek Markowitz,Gross before costs,604,garch11_residual_fallback_insufficient_egarch_obs,60,ok,60,-0.0360419015417377,1.7608066644861073,0.8873906995031268,1.639819063283652,-0.9890327403344108,0.6064096229474193,0.7169497789304465,0.832320864358472,False,insufficient_egarch_obs
Equity-option Greek Markowitz,Gross before costs,605,garch11_residual_fallback_insufficient_egarch_obs,60,ok,60,0.22517724430304553,0.8511727887602322,0.6543811331513447,1.1948214477274433,-0.8455718734372795,0.2587462968723748,0.37596931451452004,2.7605435915211,False,insufficient_egarch_obs
Equity-option Greek Markowitz,Gross before costs,606,garch11_residual_fallback_insufficient_egarch_obs,60,ok,60,0.048899999831605534,0.9048779276596347,0.48326546913402607,0.8368518256032992,-0.7241381581936399,0.2962220153905042,0.3828258682216763,1.2696102697017693,False,insufficient_egarch_obs
Equity-option Greek Markowitz,Gross before costs,607,garch11_residual_fallback_insufficient_egarch_obs,60,ok,60,0.5776522745271324,0.9452073670599248,0.9357274967276124,1.8214736113952565,-0.755179023241707,0.30585517890239944,0.41022459381342774,9.773642279309264,False,insufficient_egarch_obs
Equity-option Greek Markowitz,Gross before costs,608,garch11_residual_fallback_insufficient_egarch_obs,60,ok,60,-0.3488179821862004,0.9823615929011353,0.03046704095844427,0.04951969422588631,-0.9814557435739979,0.33334689465816336,0.4581409543769542,0.11708789428813765,False,insufficient_egarch_obs
Equity-option Greek Markowitz,Gross before costs,609,garch11_residual_fallback_insufficient_egarch_obs,60,ok,60,-1.0,1.9914648786993665,-0.0956416712542242,-0.1430685664389542,-1.0,0.7553737208890094,0.950517080662995,0.0,True,insufficient_egarch_obs
Equity-option Greek Markowitz,Gross before costs,610,garch11_residual_fallback_insufficient_egarch_obs,60,ok,60,1.8006241989144365,1.0753171694275252,1.4865188920683199,3.369984641920597,-0.7538209154976815,0.27221810457162177,0.36877970754013695,172.29559935336817,False,insufficient_egarch_obs
Equity-option Greek Markowitz,Gross before costs,611,garch11_residual_fallback_insufficient_egarch_obs,60,ok,60,0.13595053252438305,1.183438364937581,0.6482618036253732,1.2087101865626042,-0.9284456470095604,0.3485110197670827,0.38924052952594423,1.8914597211217585,False,insufficient_egarch_obs
Equity-option Greek Markowitz,Gross before costs,612,garch11_residual_fallback_insufficient_egarch_obs,60,ok,60,0.1614266301772418,1.1529141699286602,0.6870727289093842,1.2287276847156166,-0.9396135724774297,0.3630122653967159,0.5113130491313228,2.1132890289552195,False,insufficient_egarch_obs
Equity-option Greek Markowitz,Gross before costs,613,garch11_residual_fallback_insufficient_egarch_obs,60,ok,60,0.4615721884730488,0.9184417922939407,0.8578589493395037,1.5805757371769664,-0.9354395200154586,0.2927311790644561,0.4029195055448343,6.669624015253986,False,insufficient_egarch_obs
Equity-option Greek Markowitz,Gross before costs,614,garch11_residual_fallback_insufficient_egarch_obs,60,ok,60,0.24666223532238152,1.3996263279330052,0.9325511693217828,1.5848807860636398,-0.9641097854623636,0.49466799102673015,0.6594127200032963,3.0112306258060766,False,insufficient_egarch_obs
Equity-option Greek Markowitz,Gross before costs,615,garch11_residual_fallback_insufficient_egarch_obs,60,ok,60,0.8518103063775229,0.9409178239370768,1.1299047139687273,2.1309733239434223,-0.8025701995493977,0.29384900367293354,0.4015466026212315,21.776219441581244,False,insufficient_egarch_obs
Equity-option Greek Markowitz,Gross before costs,616,garch11_residual_fallback_insufficient_egarch_obs,60,ok,60,0.2940189384130134,1.0252423109167965,0.7292424622340312,1.3858586588968713,-0.7448662641971187,0.2928745414838538,0.42758184886259193,3.6282997773315584,False,insufficient_egarch_obs
Equity-option Greek Markowitz,Gross before costs,617,garch11_residual_fallback_insufficient_egarch_obs,60,ok,60,-0.12329721757340961,1.2294113134229074,0.46247836511309237,0.8306391551412806,-0.8949841252930525,0.3691280087087681,0.4577932525067127,0.5179190965363948,False,insufficient_egarch_obs
Equity-option Greek Markowitz,Gross before costs,618,garch11_residual_fallback_insufficient_egarch_obs,60,ok,60,-0.18053033106906036,1.1726727642159576,0.3798302023251645,0.6640762629379453,-0.990632131890821,0.3691002818758034,0.4529362405508479,0.3695425218440167,False,insufficient_egarch_obs
Equity-option Greek Markowitz,Gross before costs,619,garch11_residual_fallback_insufficient_egarch_obs,60,ok,60,0.7416929253226301,1.0620056126460327,0.9998771082762073,2.1872917808614263,-0.7900408951409528,0.2644946653890935,0.3379811056793813,16.027210420432503,False,insufficient_egarch_obs
Equity-option Greek Markowitz,Gross before costs,620,garch11_residual_fallback_insufficient_egarch_obs,60,ok,60,0.5351147872481801,1.2716851077963736,0.9467066881025689,1.7986956272566232,-0.9430848549220501,0.37639766720342277,0.47902447714203317,8.525194098369678,False,insufficient_egarch_obs
Equity-option Greek Markowitz,Gross before costs,621,garch11_residual_fallback_insufficient_egarch_obs,60,ok,60,0.9702595116446302,1.1190905158470745,1.1285773084995465,2.349310802316016,-0.8289672292169331,0.3264504498572988,0.37343233453257446,29.690476248965922,False,insufficient_egarch_obs
Equity-option Greek Markowitz,Gross before costs,622,garch11_residual_fallback_insufficient_egarch_obs,60,ok,60,0.4771912618470169,0.9978994417173476,0.844008129937773,1.7029861489766187,-0.8369704283339505,0.288785559986208,0.366989947731315,7.03369690513259,False,insufficient_egarch_obs
Equity-option Greek Markowitz,Gross before costs,623,garch11_residual_fallback_insufficient_egarch_obs,60,ok,60,-0.4152111743422645,1.0805838273355146,0.02888930166457388,0.04560091708424158,-0.9804983043604762,0.36115076808357394,0.43364408426350387,0.06839042883156916,False,insufficient_egarch_obs
Equity-option Greek Markowitz,Gross before costs,624,garch11_residual_fallback_insufficient_egarch_obs,60,ok,60,0.8065171336808277,1.064131343841073,1.0704350581431505,2.0694309742223367,-0.8576735351311637,0.3384529503408548,0.3727503937987902,19.24023732447723,False,insufficient_egarch_obs
Equity-option Greek Markowitz,Gross before costs,625,garch11_residual_fallback_insufficient_egarch_obs,60,ok,60,0.25211950216151346,0.9522037788968019,0.67906671621573,1.2455558010849626,-0.8196275364405496,0.2764585317772691,0.30740773651253356,3.077718530545942,False,insufficient_egarch_obs
Equity-option Greek Markowitz,Gross before costs,626,garch11_residual_fallback_insufficient_egarch_obs,60,ok,60,0.1550062134390413,1.0583920972746288,0.6025796745507569,1.1916416720196428,-0.8737872523710938,0.3217649818585558,0.3441245363380077,2.055519507702565,False,insufficient_egarch_obs
Equity-option Greek Markowitz,Gross before costs,627,garch11_residual_fallback_insufficient_egarch_obs,60,ok,60,0.4805941900463684,0.8251096074763382,0.8774206553438446,1.5856090929368303,-0.7401083350777748,0.2980124169007216,0.31302733905369534,7.115086826912714,False,insufficient_egarch_obs
Equity-option Greek Markowitz,Gross before costs,628,garch11_residual_fallback_insufficient_egarch_obs,60,ok,60,-0.5871366292110445,1.6720864905850539,0.3569926912961251,0.5807886107883603,-0.9996267907890691,0.6200838785211074,0.6956522561178861,0.011995870535684381,False,insufficient_egarch_obs
Equity-option Greek Markowitz,Gross before costs,629,garch11_residual_fallback_insufficient_egarch_obs,60,ok,60,0.44691452256228814,1.4262156335309666,0.9535058125377532,1.828778476850821,-0.955707712897611,0.39154025338896364,0.5478708884014857,6.341826818388249,False,insufficient_egarch_obs
Equity-option Greek Markowitz,Gross before costs,630,garch11_residual_fallback_insufficient_egarch_obs,60,ok,60,-0.37627920977440954,1.0140886945490906,0.0136847932458807,0.02234268230480046,-0.9914984623655936,0.33512998244870384,0.417764258813668,0.09439545892904687,False,insufficient_egarch_obs
Equity-option Greek Markowitz,Gross before costs,631,garch11_residual_fallback_insufficient_egarch_obs,60,ok,60,-0.01317274947569036,0.9313605149280698,0.41297743249796,0.7315110033198312,-0.8838323154002119,0.2944247355034326,0.329601281435911,0.9358487585307489,False,insufficient_egarch_obs
Equity-option Greek Markowitz,Gross before costs,632,garch11_residual_fallback_insufficient_egarch_obs,60,ok,60,-0.1723979253975353,0.8509579280758014,0.17670783521035238,0.29174009671782436,-0.9038677400826587,0.2930634937631029,0.3303066601437539,0.3882467718045683,False,insufficient_egarch_obs
Equity-option Greek Markowitz,Gross before costs,633,garch11_residual_fallback_insufficient_egarch_obs,60,ok,60,0.7841862173586116,1.0725660405345918,1.0667627133359843,2.0611729986404903,-0.8637077686603238,0.3544170216501972,0.4405691120253174,18.080103024207865,False,insufficient_egarch_obs
Equity-option Greek Markowitz,Gross before costs,634,garch11_residual_fallback_insufficient_egarch_obs,60,ok,60,-0.45655945812446674,1.2257786475621388,0.08967251986791047,0.14790564155902766,-0.9715560208921278,0.3614533533653545,0.5115601419499233,0.047398017080919064,False,insufficient_egarch_obs
Equity-option Greek Markowitz,Gross before costs,635,garch11_residual_fallback_insufficient_egarch_obs,60,ok,60,0.5773100851130231,1.064989783760421,0.9258307404401733,1.8234439470221606,-0.6816029910562644,0.3412810282385678,0.3661369508128005,9.763047465447512,False,insufficient_egarch_obs
Equity-option Greek Markowitz,Gross before costs,636,garch11_residual_fallback_insufficient_egarch_obs,60,ok,60,0.10071789978622858,0.7519029102282733,0.4829338153351506,0.8257724100637395,-0.7563896592099256,0.2744453812681152,0.3078499132281209,1.615772249572614,False,insufficient_egarch_obs
Equity-option Greek Markowitz,Gross before costs,637,garch11_residual_fallback_insufficient_egarch_obs,60,ok,60,-0.06449023218449668,1.168989170667705,0.5173781922364832,0.8824318162462138,-0.9574327604495712,0.4413015914353547,0.5232990820239357,0.7165419677023787,False,insufficient_egarch_obs
Equity-option Greek Markowitz,Gross before costs,638,garch11_residual_fallback_insufficient_egarch_obs,60,ok,60,-0.3464878714088544,1.0605777015512865,0.13768918464149602,0.21310474263146822,-0.9933474745825815,0.3793190929131812,0.5068842453629715,0.11919780567673334,False,insufficient_egarch_obs
Equity-option Greek Markowitz,Gross before costs,639,garch11_residual_fallback_insufficient_egarch_obs,60,ok,60,-0.011480946281540283,1.3382661614187374,0.5831518938394732,1.131072889509711,-0.9451627933676213,0.39010102851336415,0.4132489431790664,0.9438983432606517,False,insufficient_egarch_obs
Equity-option Greek Markowitz,Gross before costs,640,garch11_residual_fallback_insufficient_egarch_obs,60,ok,60,1.8499374937499953,1.0571946910729286,1.5077536838923307,3.5233052569823484,-0.4460500232747817,0.2774644685426774,0.36754904929815563,188.00814946575,False,insufficient_egarch_obs
Equity-option Greek Markowitz,Gross before costs,641,garch11_residual_fallback_insufficient_egarch_obs,60,ok,60,-0.1881866978730684,0.8899428403645421,0.20122871821491592,0.31738109299392253,-0.8684565033787058,0.3077141456079109,0.39343835865472515,0.3525987889229039,False,insufficient_egarch_obs
Equity-option Greek Markowitz,Gross before costs,642,garch11_residual_fallback_insufficient_egarch_obs,60,ok,60,-0.5152616673734478,0.9747654473925613,-0.2500680038904386,-0.36599440615263457,-0.989470095534629,0.369995184828077,0.4218965102871522,0.02676312504782976,False,insufficient_egarch_obs
Equity-option Greek Markowitz,Gross before costs,643,garch11_residual_fallback_insufficient_egarch_obs,60,ok,60,0.4901911444424145,1.1073217488257803,0.9092912004125364,1.6594621799202596,-0.8502304399164706,0.3458826024992357,0.46624058516438893,7.348689389354045,False,insufficient_egarch_obs
Equity-option Greek Markowitz,Gross before costs,644,garch11_residual_fallback_insufficient_egarch_obs,60,ok,60,-0.10324208404458912,1.0932636351686627,0.4267158774906261,0.7072099903534624,-0.9057198172190564,0.3640671482084492,0.42822628126321666,0.5799306937418252,False,insufficient_egarch_obs
Equity-option Greek Markowitz,Gross before costs,645,garch11_residual_fallback_insufficient_egarch_obs,60,ok,60,0.5255330753388543,0.8288268729844237,0.9132125933774138,1.681293887207211,-0.5636172060276623,0.2798014454751103,0.3437579893458767,8.262436607948667,False,insufficient_egarch_obs
Equity-option Greek Markowitz,Gross before costs,646,garch11_residual_fallback_insufficient_egarch_obs,60,ok,60,0.42564911202846134,0.9570923309523459,0.8439263119131266,1.4893130454002173,-0.7259228984169961,0.309536627484072,0.41546610325869954,5.8892940576141015,False,insufficient_egarch_obs
Equity-option Greek Markowitz,Gross before costs,647,garch11_residual_fallback_insufficient_egarch_obs,60,ok,60,0.11753848432612934,1.1415507304177768,0.6324116291560153,1.1462669616992514,-0.9084978426898376,0.36931944117065246,0.4418297459568709,1.7430604089017203,False,insufficient_egarch_obs
Equity-option Greek Markowitz,Gross before costs,648,garch11_residual_fallback_insufficient_egarch_obs,60,ok,60,-0.3726872931329871,1.1969860398302081,0.24940321143846286,0.3929528586190354,-0.9876179293520326,0.4847985106013569,0.6303630879800276,0.09714499349921332,False,insufficient_egarch_obs
Equity-option Greek Markowitz,Gross before costs,649,garch11_residual_fallback_insufficient_egarch_obs,60,ok,60,0.6205506116746187,1.224959522425534,1.0082003790443037,1.8879056182268092,-0.7880533695468259,0.3951445076250565,0.5771180214416701,11.176684598785172,False,insufficient_egarch_obs
Equity-option Greek Markowitz,Gross before costs,650,garch11_residual_fallback_insufficient_egarch_obs,60,ok,60,0.31434728306100146,0.7739538977667784,0.7109006414976639,1.3569081740360671,-0.598338332095784,0.25485918143415587,0.29942321352147944,3.922388967064424,False,insufficient_egarch_obs
Equity-option Greek Markowitz,Gross before costs,651,garch11_residual_fallback_insufficient_egarch_obs,60,ok,60,-0.30427424468507547,1.0576035868036442,0.16807753572005457,0.2775018073184174,-0.9691444120963626,0.38493295313689174,0.4838610202259215,0.1630010510414987,False,insufficient_egarch_obs
Equity-option Greek Markowitz,Gross before costs,652,garch11_residual_fallback_insufficient_egarch_obs,60,ok,60,0.12183248424794124,0.9328982255111085,0.5600372853380202,0.9895059898343777,-0.8269894273254847,0.30905161237557743,0.3538327335031426,1.7768061851189982,False,insufficient_egarch_obs
Equity-option Greek Markowitz,Gross before costs,653,garch11_residual_fallback_insufficient_egarch_obs,60,ok,60,0.736880254481012,0.8553838248378023,1.0718986469607583,2.031322809886348,-0.6194870702960151,0.2762916232322144,0.3879867508348957,15.806997690673048,False,insufficient_egarch_obs
Equity-option Greek Markowitz,Gross before costs,654,garch11_residual_fallback_insufficient_egarch_obs,60,ok,60,0.8838356944472721,1.0474211971599545,1.1067974259285482,2.1969453748811794,-0.7221786412719255,0.3213228460289494,0.34753102746463044,23.72548547026127,False,insufficient_egarch_obs
Equity-option Greek Markowitz,Gross before costs,655,garch11_residual_fallback_insufficient_egarch_obs,60,ok,60,-0.22960892202206906,1.2983518055818153,0.42986492645828595,0.7411694006029984,-0.989209150373293,0.3763251057052884,0.5347856971090489,0.2713664932949686,False,insufficient_egarch_obs
Equity-option Greek Markowitz,Gross before costs,656,garch11_residual_fallback_insufficient_egarch_obs,60,ok,60,-0.07700516140093716,1.0941322951607069,0.44571465646658154,0.7664450580295086,-0.9257044031747151,0.3629938508113622,0.43045064757621826,0.6698789983444957,False,insufficient_egarch_obs
Equity-option Greek Markowitz,Gross before costs,657,garch11_residual_fallback_insufficient_egarch_obs,60,ok,60,0.14701561064272783,0.6921591116471353,0.5231292376484062,0.9145806058476319,-0.6154786158840306,0.2289589698096771,0.26145990491438376,1.9853937161806738,False,insufficient_egarch_obs
Equity-option Greek Markowitz,Gross before costs,658,garch11_residual_fallback_insufficient_egarch_obs,60,ok,60,-0.2824506355982407,1.1698509601977432,0.2823815488988831,0.4695987805834166,-0.9665953154191631,0.41680223102459235,0.5215020799860405,0.19022120146233426,False,insufficient_egarch_obs
Equity-option Greek Markowitz,Gross before costs,659,garch11_residual_fallback_insufficient_egarch_obs,60,ok,60,0.3013823938153748,0.9882306350801363,0.7315865998516956,1.3418040699381435,-0.7952209810589699,0.3169278316578663,0.3419226790547571,3.732713304498308,False,insufficient_egarch_obs
Equity-option Greek Markowitz,Gross before costs,660,garch11_residual_fallback_insufficient_egarch_obs,60,ok,60,-0.2283471104344047,0.9955569994334765,0.22378429370964464,0.35944096240952017,-0.9109022084143414,0.33208750786912605,0.4270248045451308,0.27359611991817434,False,insufficient_egarch_obs
Equity-option Greek Markowitz,Gross before costs,661,garch11_residual_fallback_insufficient_egarch_obs,60,ok,60,0.2816435965356274,1.1732066938569734,0.7567619341712478,1.423223689365578,-0.8902530619346115,0.36487872207621563,0.397055699240816,3.458090541533051,False,insufficient_egarch_obs
Equity-option Greek Markowitz,Gross before costs,662,garch11_residual_fallback_insufficient_egarch_obs,60,ok,60,0.42460426650915273,1.1411557344240217,0.820648779576961,1.6813381926669282,-0.7423477255171721,0.34095414903043325,0.35759347961235105,5.867744612114378,False,insufficient_egarch_obs
Equity-option Greek Markowitz,Gross before costs,663,garch11_residual_fallback_insufficient_egarch_obs,60,ok,60,0.47361123412879036,0.9138891947710426,0.8604284260832057,1.6132644326345211,-0.6392848335769861,0.3017057663150627,0.36759479385459853,6.948876907124908,False,insufficient_egarch_obs
Equity-option Greek Markowitz,Gross before costs,664,garch11_residual_fallback_insufficient_egarch_obs,60,ok,60,-0.14389942378174236,1.444225954091848,0.5693050641724651,1.0247955096529202,-0.9877853076470806,0.47628736715706393,0.5251703975797188,0.4598582124570033,False,insufficient_egarch_obs
Equity-option Greek Markowitz,Gross before costs,665,garch11_residual_fallback_insufficient_egarch_obs,60,ok,60,-0.49475323154266027,1.1418586722866493,-0.05270057114685415,-0.08371448873251257,-0.995545845833511,0.38554848615628273,0.4258831131267848,0.032924388855710786,False,insufficient_egarch_obs
Equity-option Greek Markowitz,Gross before costs,666,garch11_residual_fallback_insufficient_egarch_obs,60,ok,60,0.40617142611536217,0.7554616140259709,0.807336269064056,1.535489548926373,-0.8132558489679743,0.2635812703557707,0.2837749299825813,5.497830463496303,False,insufficient_egarch_obs
Equity-option Greek Markowitz,Gross before costs,667,garch11_residual_fallback_insufficient_egarch_obs,60,ok,60,0.3774629025084366,0.9628896582684464,0.7943419052699231,1.4710504106360793,-0.8520791154225302,0.3229646127393309,0.3958294754545126,4.959062214827203,False,insufficient_egarch_obs
Equity-option Greek Markowitz,Gross before costs,668,garch11_residual_fallback_insufficient_egarch_obs,60,ok,60,0.391611129205202,1.1071708379667355,0.8074478459602314,1.5927741179334416,-0.8811941512701081,0.31594485814046436,0.4119441682271254,5.219026072837492,False,insufficient_egarch_obs
Equity-option Greek Markowitz,Gross before costs,669,garch11_residual_fallback_insufficient_egarch_obs,60,ok,60,1.109444651532947,0.9828564420650057,1.2388490404345294,2.5681668681108762,-0.7428921139590716,0.2926045244666587,0.38422784081811767,41.767710819824785,False,insufficient_egarch_obs
Equity-option Greek Markowitz,Gross before costs,670,garch11_residual_fallback_insufficient_egarch_obs,60,ok,60,0.5948820585889287,1.2874950495639812,0.962969777850107,1.8765055437251388,-0.9528826915614892,0.38882908592886584,0.43503516627800104,10.319124748059012,False,insufficient_egarch_obs
Equity-option Greek Markowitz,Gross before costs,671,garch11_residual_fallback_insufficient_egarch_obs,60,ok,60,0.8394027557050026,1.1357161066707282,1.088881348493913,2.1246551744850612,-0.9224814735078305,0.3844396738383193,0.42906814481225436,21.056402027209018,False,insufficient_egarch_obs
Equity-option Greek Markowitz,Gross before costs,672,garch11_residual_fallback_insufficient_egarch_obs,60,ok,60,0.16667214104905237,1.322681044737116,0.7627336757271915,1.3703093717465833,-0.9617513870760834,0.4365320072428138,0.5490334594685852,2.161444743243804,False,insufficient_egarch_obs
Equity-option Greek Markowitz,Gross before costs,673,garch11_residual_fallback_insufficient_egarch_obs,60,ok,60,0.4032636181981102,1.3517470256459025,0.9318629660312566,1.691531507297219,-0.9488632075405068,0.4524341622593557,0.5786355169725138,5.441220529499178,False,insufficient_egarch_obs
Equity-option Greek Markowitz,Gross before costs,674,garch11_residual_fallback_insufficient_egarch_obs,60,ok,60,0.7342315692203836,1.1213163210302803,1.078951575894393,1.9551717781022504,-0.9224590498710722,0.3870473293405891,0.5724562418489939,15.68683896829818,False,insufficient_egarch_obs
Equity-option Greek Markowitz,Gross before costs,675,garch11_residual_fallback_insufficient_egarch_obs,60,ok,60,1.2397511238971215,1.1740015651357874,1.2491230823465578,2.6029298039532125,-0.7383304242031012,0.32759352837173333,0.35656140382291274,56.36361191395907,False,insufficient_egarch_obs
Equity-option Greek Markowitz,Gross before costs,676,garch11_residual_fallback_insufficient_egarch_obs,60,ok,60,-0.343383632756619,0.9959569429855312,0.05508225518547406,0.08710363344943299,-0.9444984014763994,0.3451764514787153,0.36792318766766363,0.12205582770326212,False,insufficient_egarch_obs
Equity-option Greek Markowitz,Gross before costs,677,garch11_residual_fallback_insufficient_egarch_obs,60,ok,60,-0.16065863816887316,1.294635256248879,0.46876866309745685,0.8361622690844109,-0.9794369169783917,0.44358614682486996,0.5188954244978159,0.4165749261553937,False,insufficient_egarch_obs
Equity-option Greek Markowitz,Gross before costs,678,garch11_residual_fallback_insufficient_egarch_obs,60,ok,60,0.5303218894480066,0.7460902428209061,0.9174006801088676,1.871629371091297,-0.6504736753430752,0.23509794320973926,0.27692775455649205,8.392936780656578,False,insufficient_egarch_obs
Equity-option Greek Markowitz,Gross before costs,679,garch11_residual_fallback_insufficient_egarch_obs,60,ok,60,0.5899141536880173,0.9896964820748696,0.9334916324543058,1.889123994772045,-0.861904341868391,0.2711198661963846,0.36562218776447625,10.159407432908678,False,insufficient_egarch_obs
Equity-option Greek Markowitz,Gross before costs,680,garch11_residual_fallback_insufficient_egarch_obs,60,ok,60,0.6112745614627066,1.2682147745384689,0.9657042311292866,1.9565787645170079,-0.901282185354632,0.36415050096432994,0.46611653506393874,10.86044830927223,False,insufficient_egarch_obs
Equity-option Greek Markowitz,Gross before costs,681,garch11_residual_fallback_insufficient_egarch_obs,60,ok,60,0.3329068707350309,0.9063115953892791,0.7454310514305414,1.3657900889009693,-0.761472488718002,0.30550344546041136,0.3169592909428936,4.207256917122271,False,insufficient_egarch_obs
Equity-option Greek Markowitz,Gross before costs,682,garch11_residual_fallback_insufficient_egarch_obs,60,ok,60,0.7709837690986057,0.8523067400719945,1.077622163352669,2.2350230885291134,-0.639812281269475,0.2633781210006201,0.3518292335333881,17.420992937891523,False,insufficient_egarch_obs
Equity-option Greek Markowitz,Gross before costs,683,garch11_residual_fallback_insufficient_egarch_obs,60,ok,60,0.6055845970091884,0.9547923370815752,0.9437748344005821,1.8933368237471022,-0.687797059654101,0.2850020846706666,0.35417388243654374,10.670037990523161,False,insufficient_egarch_obs
Equity-option Greek Markowitz,Gross before costs,684,garch11_residual_fallback_insufficient_egarch_obs,60,ok,60,-0.7892088431109289,1.4002119582233035,-0.393253057477176,-0.5851063437753082,-0.9996709134429415,0.4389810688646662,0.553419228035394,0.0004161615352510167,False,insufficient_egarch_obs
Equity-option Greek Markowitz,Gross before costs,685,garch11_residual_fallback_insufficient_egarch_obs,60,ok,60,0.2696137830533776,1.5275628317830168,0.9712588005341439,1.7979546748815025,-0.9326347070865866,0.44752068092240027,0.6729029492010054,3.2988163817649854,False,insufficient_egarch_obs
Equity-option Greek Markowitz,Gross before costs,686,garch11_residual_fallback_insufficient_egarch_obs,60,ok,60,-0.22122280515466075,1.281833647466947,0.40520077937194265,0.7052577829098129,-0.9949611321875182,0.4079675624067707,0.46948421807980045,0.28646141137126274,False,insufficient_egarch_obs
Equity-option Greek Markowitz,Gross before costs,687,garch11_residual_fallback_insufficient_egarch_obs,60,ok,60,-0.3291562587095457,1.0472666221164675,0.1101914164723949,0.1803370517090459,-0.9651171231432847,0.3567227095969367,0.36458676963139053,0.13586477116977577,False,insufficient_egarch_obs
Equity-option Greek Markowitz,Gross before costs,688,garch11_residual_fallback_insufficient_egarch_obs,60,ok,60,0.1299907589826601,1.0230561943986494,0.6198428365765712,1.060164681171056,-0.9634000269989855,0.3273988086825292,0.45938969515482975,1.8423598443576603,False,insufficient_egarch_obs
Equity-option Greek Markowitz,Gross before costs,689,garch11_residual_fallback_insufficient_egarch_obs,60,ok,60,-0.6850960207930074,1.6658032377752445,0.3777580297822074,0.5829419567623281,-0.9996848058315245,0.692597404441674,0.830268276171604,0.0030966401658877956,False,insufficient_egarch_obs
Equity-option Greek Markowitz,Gross before costs,690,garch11_residual_fallback_insufficient_egarch_obs,60,ok,60,2.36234657261608,1.0340969624121308,1.7086076844176337,3.763688329235356,-0.8143963986795439,0.29541477535496263,0.3212301044557159,429.74653208743223,False,insufficient_egarch_obs
Equity-option Greek Markowitz,Gross before costs,691,garch11_residual_fallback_insufficient_egarch_obs,60,ok,60,0.29444422868162934,1.1284232398002003,0.7755990592112906,1.397179492747982,-0.7363737550895257,0.39231798498937775,0.4645062863583729,3.6342660548235908,False,insufficient_egarch_obs
Equity-option Greek Markowitz,Gross before costs,692,garch11_residual_fallback_insufficient_egarch_obs,60,ok,60,0.6773476793168953,0.8934646120686764,1.024246511563667,1.9098128774476337,-0.7779368788949244,0.289757467721643,0.3868473422259393,13.27747403470943,False,insufficient_egarch_obs
Equity-option Greek Markowitz,Gross before costs,693,garch11_residual_fallback_insufficient_egarch_obs,60,ok,60,1.3440874215113308,0.8356394500675239,1.4526995527491604,2.9406981825361034,-0.7394623387733692,0.2678172111508652,0.34146009898089086,70.77323088997838,False,insufficient_egarch_obs
Equity-option Greek Markowitz,Gross before costs,694,garch11_residual_fallback_insufficient_egarch_obs,60,ok,60,3.1015544143105593,1.1734801777910016,1.8023001554229505,4.430368015372271,-0.5459181606072487,0.298145582693746,0.3846404097440778,1160.7598775716315,False,insufficient_egarch_obs
Equity-option Greek Markowitz,Gross before costs,695,garch11_residual_fallback_insufficient_egarch_obs,60,ok,60,-0.11192285090769039,0.9526962784332237,0.3174444595697206,0.5450708164404098,-0.832082521742881,0.3106294436068784,0.35194212932188823,0.55239975510477,False,insufficient_egarch_obs
Equity-option Greek Markowitz,Gross before costs,696,garch11_residual_fallback_insufficient_egarch_obs,60,ok,60,0.12837573825417659,1.1830517685637378,0.6793201993450356,1.1932929431189392,-0.8695658622954792,0.40028617764586333,0.5075888630485702,1.8292316119474572,False,insufficient_egarch_obs
Equity-option Greek Markowitz,Gross before costs,697,garch11_residual_fallback_insufficient_egarch_obs,60,ok,60,-0.21123599558389095,1.438192854699761,0.518725729707972,0.9297228863504912,-0.963096109680887,0.5428884756755764,0.5740502050617641,0.3053060538027333,False,insufficient_egarch_obs
Equity-option Greek Markowitz,Gross before costs,698,garch11_residual_fallback_insufficient_egarch_obs,60,ok,60,0.6535186329460754,0.9735150613088174,0.9794210136793416,1.8936837646877556,-0.7181543054275479,0.36105546961132085,0.38030839810232325,12.360768306733032,False,insufficient_egarch_obs
Equity-option Greek Markowitz,Gross before costs,699,garch11_residual_fallback_insufficient_egarch_obs,60,ok,60,0.8430843540382122,0.927483790777375,1.0938410817415862,2.3290449642347197,-0.6295822471457082,0.27313166587729293,0.30987726202005345,21.267971125828158,False,insufficient_egarch_obs
Equity-option Greek Markowitz,Gross before costs,700,garch11_residual_fallback_insufficient_egarch_obs,60,ok,60,-0.43546683590338287,1.202668784043767,0.16331719989783725,0.252087808356875,-0.9852743444074309,0.44712341313367804,0.603787620671873,0.057338628470589764,False,insufficient_egarch_obs
Equity-option Greek Markowitz,Gross before costs,701,garch11_residual_fallback_insufficient_egarch_obs,60,ok,60,0.7756912699220821,1.0328668589403645,1.035137880640739,2.135646599236689,-0.6645389779659108,0.3061565457726483,0.33376763252276126,17.653763229323616,False,insufficient_egarch_obs
Equity-option Greek Markowitz,Gross before costs,702,garch11_residual_fallback_insufficient_egarch_obs,60,ok,60,0.37149615482144216,1.1285203820515903,0.8158498315693168,1.538884561528727,-0.9402829713773494,0.36898584944583096,0.4745266384260722,4.8525829917889185,False,insufficient_egarch_obs
Equity-option Greek Markowitz,Gross before costs,703,garch11_residual_fallback_insufficient_egarch_obs,60,ok,60,-0.14973628122507887,1.0148959147124823,0.3184539454110441,0.5294767021634763,-0.9108603623569068,0.3215846734470178,0.3548926733574968,0.44439405398544096,False,insufficient_egarch_obs
Equity-option Greek Markowitz,Gross before costs,704,garch11_residual_fallback_insufficient_egarch_obs,60,ok,60,0.8676885419900306,1.3828350284085729,1.104982989240884,2.233836496733761,-0.8966610296625064,0.4360645706829469,0.5252940660483757,22.725961797157872,False,insufficient_egarch_obs
Equity-option Greek Markowitz,Gross before costs,705,garch11_residual_fallback_insufficient_egarch_obs,60,ok,60,1.6980370193057004,1.5781735267932662,1.4158606768397566,2.871238339510034,-0.9363011040260478,0.5088323286858103,0.5627250716738645,142.96822368091122,False,insufficient_egarch_obs
Equity-option Greek Markowitz,Gross before costs,706,garch11_residual_fallback_insufficient_egarch_obs,60,ok,60,0.8988442825167433,1.0338705586961559,1.1024030040157382,2.321897932739166,-0.6329310491497779,0.29909635856687194,0.3256831879406314,24.685774429712815,False,insufficient_egarch_obs
Equity-option Greek Markowitz,Gross before costs,707,garch11_residual_fallback_insufficient_egarch_obs,60,ok,60,-0.0028817858494998294,0.9457618274137605,0.4203402562535876,0.7807973300791428,-0.8949854433787764,0.2971059301577955,0.31431190652344887,0.9856738786705929,False,insufficient_egarch_obs
Equity-option Greek Markowitz,Gross before costs,708,garch11_residual_fallback_insufficient_egarch_obs,60,ok,60,0.4150749187063132,1.0389125544740516,0.8336238874503403,1.5150788010320473,-0.7485680507437258,0.32238421790250593,0.4110387440354952,5.674102374025267,False,insufficient_egarch_obs
Equity-option Greek Markowitz,Gross before costs,709,garch11_residual_fallback_insufficient_egarch_obs,60,ok,60,0.3393305040117618,0.6521304247692534,0.7629361773607153,1.371732451031551,-0.49757923849677677,0.2321246414591604,0.261881587554039,4.309618246035347,False,insufficient_egarch_obs
Equity-option Greek Markowitz,Gross before costs,710,garch11_residual_fallback_insufficient_egarch_obs,60,ok,60,-0.6051541951030412,1.5173519659692054,0.16866140718184738,0.27361633512724,-0.9968669073437161,0.5024433285013714,0.6469236736283145,0.009597047420126119,False,insufficient_egarch_obs
Equity-option Greek Markowitz,Gross before costs,711,garch11_residual_fallback_insufficient_egarch_obs,60,ok,60,0.2204859648136679,1.1830387273044103,0.7051811835516617,1.3626744517358687,-0.9430365465455659,0.33254964626317635,0.3660337523024868,2.7080953264811596,False,insufficient_egarch_obs
Equity-option Greek Markowitz,Gross before costs,712,garch11_residual_fallback_insufficient_egarch_obs,60,ok,60,0.048360491408061534,0.9726067538489365,0.4894916950795318,0.9054194109206861,-0.9308045428951923,0.33372735673185683,0.3473310000753295,1.2663484660747975,False,insufficient_egarch_obs
Equity-option Greek Markowitz,Gross before costs,713,garch11_residual_fallback_insufficient_egarch_obs,60,ok,60,1.1660845869258956,0.8460459643557777,1.3491531360177207,2.679549847149197,-0.7413875341898348,0.27288376367723705,0.3441739265472404,47.68448103404516,False,insufficient_egarch_obs
Equity-option Greek Markowitz,Gross before costs,714,garch11_residual_fallback_insufficient_egarch_obs,60,ok,60,-0.6047501043958246,1.1838986153597755,-0.18688325901715808,-0.28768831027121905,-0.9963037397884259,0.3992264282726891,0.5409616725710915,0.00964625680156573,False,insufficient_egarch_obs
Equity-option Greek Markowitz,Gross before costs,715,garch11_residual_fallback_insufficient_egarch_obs,60,ok,60,1.0500167858705063,1.5234172773310417,1.2377678938978265,2.413598194806107,-0.8751612689397338,0.4668941958804992,0.5871715053967752,36.20654511359425,False,insufficient_egarch_obs
Equity-option Greek Markowitz,Gross before costs,716,garch11_residual_fallback_insufficient_egarch_obs,60,ok,60,0.3172479301450988,1.2848354303398335,0.8723099804789853,1.551697799418089,-0.9874463502870527,0.4290210459170316,0.5924316538200086,3.9658622382461415,False,insufficient_egarch_obs
Equity-option Greek Markowitz,Gross before costs,717,garch11_residual_fallback_insufficient_egarch_obs,60,ok,60,0.552184617213761,0.9024247627755602,0.9187132490622076,1.7334253122853833,-0.8088516918209762,0.29430851442690265,0.3141865100304776,9.009835783109052,False,insufficient_egarch_obs
Equity-option Greek Markowitz,Gross before costs,718,garch11_residual_fallback_insufficient_egarch_obs,60,ok,60,0.663597315258281,0.9557679617250893,0.9982983716752992,1.877190769335023,-0.7893437651107498,0.3439524585560792,0.3759856741468253,12.742101320455067,False,insufficient_egarch_obs
Equity-option Greek Markowitz,Gross before costs,719,garch11_residual_fallback_insufficient_egarch_obs,60,ok,60,1.7894295549584238,1.3529216694155533,1.3859269996630992,3.2124230806011247,-0.8212519980445369,0.3261057248282095,0.4423605572858969,168.87952175951008,False,insufficient_egarch_obs
Equity-option Greek Markowitz,Gross before costs,720,garch11_residual_fallback_insufficient_egarch_obs,60,ok,60,-0.16057855752630124,1.0452371455295046,0.3490825515848265,0.5807794920669838,-0.930189425455449,0.37109989544984523,0.5067546002969234,0.4167736888727707,False,insufficient_egarch_obs
Equity-option Greek Markowitz,Gross before costs,721,garch11_residual_fallback_insufficient_egarch_obs,60,ok,60,0.7103193520540698,1.0766337664079133,1.0005640445460389,2.0263233957713016,-0.7516358778747874,0.31754850273824897,0.3573545175893467,14.634774961992921,False,insufficient_egarch_obs
Equity-option Greek Markowitz,Gross before costs,722,garch11_residual_fallback_insufficient_egarch_obs,60,ok,60,0.2024241374237361,1.5353753886931396,0.9178633746203306,1.6976764040338763,-0.9933449920564614,0.5154795381431985,0.6763641932198161,2.5135552070710108,False,insufficient_egarch_obs
Equity-option Greek Markowitz,Gross before costs,723,garch11_residual_fallback_insufficient_egarch_obs,60,ok,60,0.8734845678045762,0.9879536565927651,1.1047886266638987,2.240352616124181,-0.8066604306926299,0.31997054922830387,0.3752695802705311,23.080786325429777,False,insufficient_egarch_obs
Equity-option Greek Markowitz,Gross before costs,724,garch11_residual_fallback_insufficient_egarch_obs,60,ok,60,0.771454585111955,1.015241649262426,1.0747643809907534,2.0089533575596143,-0.6653213254399868,0.34257498628322397,0.4948112796393003,17.44416210746091,False,insufficient_egarch_obs
Equity-option Greek Markowitz,Gross before costs,725,garch11_residual_fallback_insufficient_egarch_obs,60,ok,60,1.6007548540526106,1.0934549607791533,1.425592003865951,2.9350137151046964,-0.5677595751385605,0.34970326216326497,0.3925141894457764,118.98633527071676,False,insufficient_egarch_obs
Equity-option Greek Markowitz,Gross before costs,726,garch11_residual_fallback_insufficient_egarch_obs,60,ok,60,2.224902085870353,1.098589807934015,1.6173870558365455,3.6559855309008826,-0.6982936186166173,0.35413272889090813,0.4026393694414155,348.8049711494775,False,insufficient_egarch_obs
Equity-option Greek Markowitz,Gross before costs,727,garch11_residual_fallback_insufficient_egarch_obs,60,ok,60,0.7200249122178293,1.2093309751709518,0.99518203488951,2.1058982831410327,-0.820059018038015,0.330662043746534,0.3763969422585422,15.054754769695219,False,insufficient_egarch_obs
Equity-option Greek Markowitz,Gross before costs,728,garch11_residual_fallback_insufficient_egarch_obs,60,ok,60,-0.361592149342172,1.3177307896606798,0.371896644031504,0.6194336727234664,-0.9848825200673033,0.49952738353963705,0.626921714720804,0.10604521941006916,False,insufficient_egarch_obs
Equity-option Greek Markowitz,Gross before costs,729,garch11_residual_fallback_insufficient_egarch_obs,60,ok,60,0.7327759652637118,1.2047917681692302,1.074539183851898,1.951373950917179,-0.9403956703712613,0.40824421585466264,0.5196451156349008,15.621116699988507,False,insufficient_egarch_obs
Equity-option Greek Markowitz,Gross before costs,730,garch11_residual_fallback_insufficient_egarch_obs,60,ok,60,0.5555050638797085,0.7500432457651867,0.9471366021162813,1.8429387403364874,-0.5921458303194247,0.24794139450819663,0.2688255249815951,9.106618565875204,False,insufficient_egarch_obs
Equity-option Greek Markowitz,Gross before costs,731,garch11_residual_fallback_insufficient_egarch_obs,60,ok,60,-0.23984383041060597,0.999153381946183,0.19910471462540083,0.32440154780688996,-0.9614141116342519,0.32909164595691265,0.3548521437450705,0.25381315254995873,False,insufficient_egarch_obs
Equity-option Greek Markowitz,Gross before costs,732,garch11_residual_fallback_insufficient_egarch_obs,60,ok,60,0.31954039264363576,0.7991488971179278,0.7363833158849034,1.3169314761792101,-0.6349515249749517,0.2542742910690838,0.345652224611205,4.000492357335726,False,insufficient_egarch_obs
Equity-option Greek Markowitz,Gross before costs,733,garch11_residual_fallback_insufficient_egarch_obs,60,ok,60,0.46277617355980216,0.8080445715887863,0.8536727268985219,1.6147283256840406,-0.7164250786679889,0.2582822132303681,0.28417990439007795,6.6971401674329325,False,insufficient_egarch_obs
Equity-option Greek Markowitz,Gross before costs,734,garch11_residual_fallback_insufficient_egarch_obs,60,ok,60,-0.33788190927949857,1.0463002832645498,0.1026925083414332,0.16593971691454135,-0.9497067700058393,0.32324660721849274,0.39648638124036656,0.12725570762814004,False,insufficient_egarch_obs
Equity-option Greek Markowitz,Gross before costs,735,garch11_residual_fallback_insufficient_egarch_obs,60,ok,60,0.5331245900647235,0.9095316852274398,0.9018164196664678,1.7213396922080937,-0.7412083153662927,0.28243628005221155,0.31401726425649334,8.470074829069212,False,insufficient_egarch_obs
Equity-option Greek Markowitz,Gross before costs,736,garch11_residual_fallback_insufficient_egarch_obs,60,ok,60,0.6698185170258646,1.0019042740731647,0.9839789422119672,1.9604287270815313,-0.6914124691140543,0.3177365398846162,0.3281560898449209,12.982142255038239,False,insufficient_egarch_obs
Equity-option Greek Markowitz,Gross before costs,737,garch11_residual_fallback_insufficient_egarch_obs,60,ok,60,-0.17828337155952856,0.8472029941271865,0.17357636090964912,0.2836061348487573,-0.9396875701862893,0.30989712211228515,0.3882941919154402,0.3746367503934117,False,insufficient_egarch_obs
Equity-option Greek Markowitz,Gross before costs,738,garch11_residual_fallback_insufficient_egarch_obs,60,ok,60,0.6444806045355458,0.72605737004339,1.027127016435678,2.222271571616195,-0.650143608502866,0.19911764637648127,0.23023032556071524,12.026625242773829,False,insufficient_egarch_obs
Equity-option Greek Markowitz,Gross before costs,739,garch11_residual_fallback_insufficient_egarch_obs,60,ok,60,1.0797711986855485,0.8813429795247203,1.263444535590359,2.715199185201137,-0.7428543637780594,0.2500720606763561,0.349734059315801,38.91148437311596,False,insufficient_egarch_obs
Equity-option Greek Markowitz,Gross before costs,740,garch11_residual_fallback_insufficient_egarch_obs,60,ok,60,1.1657747594181984,0.8857694044334499,1.3139428026933204,2.6698522056141645,-0.7220621320789471,0.2665955547809034,0.3769446276504634,47.65038786381862,False,insufficient_egarch_obs
Equity-option Greek Markowitz,Gross before costs,741,garch11_residual_fallback_insufficient_egarch_obs,60,ok,60,1.1406676130773428,0.8888338459979037,1.3118942199263284,2.565002223566543,-0.5927125939653527,0.2608656630330455,0.3600300180470503,44.951707441510436,False,insufficient_egarch_obs
Equity-option Greek Markowitz,Gross before costs,742,garch11_residual_fallback_insufficient_egarch_obs,60,ok,60,-0.18795102932856556,1.0868231198946168,0.3371519020766082,0.558057597100676,-0.9643308995167553,0.38570519555668403,0.46164260052927625,0.353110881437207,False,insufficient_egarch_obs
Equity-option Greek Markowitz,Gross before costs,743,garch11_residual_fallback_insufficient_egarch_obs,60,ok,60,-0.2921496801764901,1.0451911467907298,0.19473759311462238,0.31107674034661265,-0.9619380183399584,0.33133609333879294,0.5162591545658505,0.17770807526812196,False,insufficient_egarch_obs
Equity-option Greek Markowitz,Gross before costs,744,garch11_residual_fallback_insufficient_egarch_obs,60,ok,60,-0.0480316731177024,1.2018588491520372,0.5082886472774161,0.9270229213728591,-0.9169591988840055,0.3812369215894129,0.4217298013446747,0.7818302965050352,False,insufficient_egarch_obs
Equity-option Greek Markowitz,Gross before costs,745,garch11_residual_fallback_insufficient_egarch_obs,60,ok,60,-0.6236864180798036,1.5484036893265094,0.17051268509278905,0.2794572743615246,-0.9996991411347939,0.5476390359169105,0.6886022305054903,0.007546567585593608,False,insufficient_egarch_obs
Equity-option Greek Markowitz,Gross before costs,746,garch11_residual_fallback_insufficient_egarch_obs,60,ok,60,-0.15934464090146327,1.1939064156494343,0.41513390337911354,0.7146659473660355,-0.975142210466086,0.3617392180537502,0.40224227262294265,0.41984591265253146,False,insufficient_egarch_obs
Equity-option Greek Markowitz,Gross before costs,747,garch11_residual_fallback_insufficient_egarch_obs,60,ok,60,0.43122190720562426,1.11100437584193,0.8651240616589579,1.5934676694375518,-0.6962836505591705,0.33470207633051124,0.4730034374292836,6.0053023253752125,False,insufficient_egarch_obs
Equity-option Greek Markowitz,Gross before costs,748,garch11_residual_fallback_insufficient_egarch_obs,60,ok,60,-0.5066777844471975,1.1802660608254416,-0.008388313640708415,-0.013172790693658745,-0.9816997199308197,0.39618249480907086,0.5407006187563185,0.029218193871820293,False,insufficient_egarch_obs
Equity-option Greek Markowitz,Gross before costs,749,garch11_residual_fallback_insufficient_egarch_obs,60,ok,60,-0.49330251665868263,1.1589334082008809,0.002174657945960624,0.0033671485821158533,-0.9944811802010264,0.4287898672008585,0.5479540798999326,0.03339979000225908,False,insufficient_egarch_obs
Equity-option Greek Markowitz,Gross before costs,750,garch11_residual_fallback_insufficient_egarch_obs,60,ok,60,-0.5893746302055489,1.2454421138371286,-0.06618186974383897,-0.09964739011208544,-0.981104288315613,0.4547568011952114,0.5675233658138801,0.011674247331562818,False,insufficient_egarch_obs
Equity-option Greek Markowitz,Gross before costs,751,garch11_residual_fallback_insufficient_egarch_obs,60,ok,60,0.09014183369670081,0.8203236821521542,0.5273313514889539,0.8315678046633043,-0.8353735174863095,0.3841818419207471,0.4558094545433245,1.5396252646419688,False,insufficient_egarch_obs
Equity-option Greek Markowitz,Gross before costs,752,garch11_residual_fallback_insufficient_egarch_obs,60,ok,60,0.5770547758191966,1.4524934947570982,1.1665022670655805,2.2189340866923914,-0.9743276116231239,0.42108520320106974,0.7164413010650067,9.75514860654177,False,insufficient_egarch_obs
Equity-option Greek Markowitz,Gross before costs,753,garch11_residual_fallback_insufficient_egarch_obs,60,ok,60,1.5052359911483006,1.1583817035786519,1.3542820862325622,2.85433982895727,-0.6946280366086343,0.35454290661167503,0.4083635224648499,98.68319719030897,False,insufficient_egarch_obs
Equity-option Greek Markowitz,Gross before costs,754,garch11_residual_fallback_insufficient_egarch_obs,60,ok,60,0.14054016750583886,0.9889366113055431,0.5986333217574946,1.0785818800476699,-0.9025176779858286,0.341761775644473,0.4146343148081553,1.92998051429716,False,insufficient_egarch_obs
Equity-option Greek Markowitz,Gross before costs,755,garch11_residual_fallback_insufficient_egarch_obs,60,ok,60,0.022318151866167923,1.24002884377047,0.5858570955323241,1.0711014573646072,-0.8913930348237467,0.39489125112983486,0.4240188277343944,1.1166841711055653,False,insufficient_egarch_obs
Equity-option Greek Markowitz,Gross before costs,756,garch11_residual_fallback_insufficient_egarch_obs,60,ok,60,-0.16574936122362194,1.1285370595469617,0.375840016337756,0.6513758995189358,-0.9200422265266637,0.3677723783162728,0.49598952874556357,0.4040943137832062,False,insufficient_egarch_obs
Equity-option Greek Markowitz,Gross before costs,757,garch11_residual_fallback_insufficient_egarch_obs,60,ok,60,0.17610395605797335,1.2197727627806574,0.6846914466722814,1.3151313425390285,-0.8934457347039259,0.37383781441871505,0.4067667306867686,2.2502385164075815,False,insufficient_egarch_obs
Equity-option Greek Markowitz,Gross before costs,758,garch11_residual_fallback_insufficient_egarch_obs,60,ok,60,0.8022992573818035,1.280335286605901,1.079052363930815,2.074684748277194,-0.9743078274625857,0.42549723083562535,0.45792389816358076,19.016672129145263,False,insufficient_egarch_obs
Equity-option Greek Markowitz,Gross before costs,759,garch11_residual_fallback_insufficient_egarch_obs,60,ok,60,0.18277371416658017,0.944870225865217,0.6318084814194196,1.1390963722533667,-0.7524742461605598,0.30329854900157044,0.4110533996805085,2.3147725374821753,False,insufficient_egarch_obs
Equity-option Greek Markowitz,Gross before costs,760,garch11_residual_fallback_insufficient_egarch_obs,60,ok,60,-0.3683970981163718,1.1851150044164658,0.1898668213621138,0.30936197623747663,-0.987384947716097,0.4045163245722578,0.5314624175387768,0.10051261765311488,False,insufficient_egarch_obs
Equity-option Greek Markowitz,Gross before costs,761,garch11_residual_fallback_insufficient_egarch_obs,60,ok,60,-0.23479061467933093,1.0631742126400778,0.284293944330625,0.4522879723233183,-0.9113184829271628,0.32226280830468146,0.5380372576234176,0.26236230642543934,False,insufficient_egarch_obs
Equity-option Greek Markowitz,Gross before costs,762,garch11_residual_fallback_insufficient_egarch_obs,60,ok,60,0.5080654432958684,0.8417795875230746,0.86797258547282,1.8690787774060413,-0.5974295577128448,0.2329870322028167,0.25229909744376927,7.800113854157592,False,insufficient_egarch_obs
Equity-option Greek Markowitz,Gross before costs,763,garch11_residual_fallback_insufficient_egarch_obs,60,ok,60,0.3975744458467245,1.1150550794638245,0.8258930781932338,1.568947890334872,-0.8611257217723556,0.34894528902154975,0.4373349053611982,5.331811114475688,False,insufficient_egarch_obs
Equity-option Greek Markowitz,Gross before costs,764,garch11_residual_fallback_insufficient_egarch_obs,60,ok,60,0.8575114400501089,1.0021171081135534,1.0929027473774096,2.2348013754037126,-0.7497825405890801,0.3272217353736693,0.34363006190863965,22.113500009147177,False,insufficient_egarch_obs
Equity-option Greek Markowitz,Gross before costs,765,garch11_residual_fallback_insufficient_egarch_obs,60,ok,60,0.14028895905500138,0.9707094825080681,0.5907557646872272,1.0692033267728966,-0.7416527447715899,0.2935658193127022,0.3776164356332079,1.9278560214222054,False,insufficient_egarch_obs
Equity-option Greek Markowitz,Gross before costs,766,garch11_residual_fallback_insufficient_egarch_obs,60,ok,60,0.24540210765839587,1.013860452409671,0.6988705864759805,1.3062425758116538,-0.6968401280878971,0.3172489258812718,0.45276908332885196,2.996042583624602,False,insufficient_egarch_obs
Equity-option Greek Markowitz,Gross before costs,767,garch11_residual_fallback_insufficient_egarch_obs,60,ok,60,-0.5337100264875627,1.4568421883305371,0.22309960634692141,0.3672464164763676,-0.996235255268676,0.4679018398417616,0.6679810063928264,0.022043491557487135,False,insufficient_egarch_obs
Equity-option Greek Markowitz,Gross before costs,768,garch11_residual_fallback_insufficient_egarch_obs,60,ok,60,1.1010237108644798,0.9943483032281015,1.241328622774262,2.461743326487333,-0.5986417473015966,0.30903012713821276,0.39586297867022585,40.940653257433034,False,insufficient_egarch_obs
Equity-option Greek Markowitz,Gross before costs,769,garch11_residual_fallback_insufficient_egarch_obs,60,ok,60,0.17713811615945385,1.0854166203919329,0.669641624788374,1.201313721453683,-0.7499195227133171,0.3260374463708086,0.48722884654514154,2.2601492176592757,False,insufficient_egarch_obs
Equity-option Greek Markowitz,Gross before costs,770,garch11_residual_fallback_insufficient_egarch_obs,60,ok,60,0.37491812744599695,0.9489552392003535,0.7834478622272397,1.4896220573068455,-0.8092538004727308,0.2978581483676806,0.3996857663443277,4.913423396823585,False,insufficient_egarch_obs
Equity-option Greek Markowitz,Gross before costs,771,garch11_residual_fallback_insufficient_egarch_obs,60,ok,60,0.1079999275804262,1.0116510728782702,0.5734161759108138,1.040534783114931,-0.8676454749137521,0.32436949182785313,0.3776660663446109,1.6699315120218146,False,insufficient_egarch_obs
Equity-option Greek Markowitz,Gross before costs,772,garch11_residual_fallback_insufficient_egarch_obs,60,ok,60,0.5557046460950952,1.1572278345986875,0.9219602746732825,1.8093811554524337,-0.8399425497681428,0.34252532179199574,0.41811102540637246,9.11246228059858,False,insufficient_egarch_obs
Equity-option Greek Markowitz,Gross before costs,773,garch11_residual_fallback_insufficient_egarch_obs,60,ok,60,-0.31609630701175484,1.090635265606284,0.181337222222859,0.28998774013039275,-0.9844164130999683,0.34578390980839446,0.42871624650691936,0.14961486476315058,False,insufficient_egarch_obs
Equity-option Greek Markowitz,Gross before costs,774,garch11_residual_fallback_insufficient_egarch_obs,60,ok,60,0.1864930661976607,1.125545115720085,0.6756412887990826,1.2406905068749747,-0.7342533140951554,0.35017242026442896,0.3964229393207605,2.351397341434258,False,insufficient_egarch_obs
Equity-option Greek Markowitz,Gross before costs,775,garch11_residual_fallback_insufficient_egarch_obs,60,ok,60,0.38451684616030013,0.967969194009819,0.7930715835559732,1.505834194232736,-0.6175404888076675,0.31308896055936286,0.3762902262515469,5.087345369985594,False,insufficient_egarch_obs
Equity-option Greek Markowitz,Gross before costs,776,garch11_residual_fallback_insufficient_egarch_obs,60,ok,60,-0.2356689324242922,1.203859342417752,0.36367976641104555,0.6143745093584724,-0.9136794824244667,0.37470960114786966,0.5734661968787383,0.2608600438939658,False,insufficient_egarch_obs
Equity-option Greek Markowitz,Gross before costs,777,garch11_residual_fallback_insufficient_egarch_obs,60,ok,60,0.296901489392396,1.267480634062034,0.7945030702733511,1.535354556443446,-0.9065396776842802,0.3605272665960369,0.46967376000195854,3.6688921459970243,False,insufficient_egarch_obs
Equity-option Greek Markowitz,Gross before costs,778,garch11_residual_fallback_insufficient_egarch_obs,60,ok,60,0.7535948341720922,1.0421290626768225,1.0576666262627168,1.995824667722007,-0.9445857348136106,0.3363405248036831,0.4690552462299505,16.582358008147803,False,insufficient_egarch_obs
Equity-option Greek Markowitz,Gross before costs,779,garch11_residual_fallback_insufficient_egarch_obs,60,ok,60,-0.2807030683158622,1.2946567222675716,0.3913139577073741,0.6555640248037009,-0.9256681882638003,0.4512724027713556,0.5868963341310676,0.19254889854908888,False,insufficient_egarch_obs
Equity-option Greek Markowitz,Gross before costs,780,garch11_residual_fallback_insufficient_egarch_obs,60,ok,60,-0.3356503518133118,1.1956036379269364,0.2061376496985707,0.3533988599159786,-0.9951278973899773,0.37066919013035216,0.39864992392218807,0.1294146811837827,False,insufficient_egarch_obs
Equity-option Greek Markowitz,Gross before costs,781,garch11_residual_fallback_insufficient_egarch_obs,60,ok,60,-0.03344988630577006,1.0899036507072202,0.4773048840065312,0.8331951752479728,-0.8957771866942226,0.33977272083418736,0.38315126923388826,0.8435714660921013,False,insufficient_egarch_obs
Equity-option Greek Markowitz,Gross before costs,782,garch11_residual_fallback_insufficient_egarch_obs,60,ok,60,0.12549764269724673,0.7878185653432684,0.5158598496633209,0.9283281496632084,-0.6290745271841727,0.25848847511374073,0.2851140321898615,1.8060216352342657,False,insufficient_egarch_obs
Equity-option Greek Markowitz,Gross before costs,783,garch11_residual_fallback_insufficient_egarch_obs,60,ok,60,-0.423214290211281,0.9247901911146981,-0.1346806630925468,-0.20432601364525893,-0.9594944899848428,0.3481298426784799,0.4453694686511314,0.06383699858984296,False,insufficient_egarch_obs
Equity-option Greek Markowitz,Gross before costs,784,garch11_residual_fallback_insufficient_egarch_obs,60,ok,60,0.14159316997654092,0.8113244052931151,0.5345390321382121,0.9891829616500272,-0.7799625526276815,0.26231541604452,0.2805572911388719,1.9389062424921424,False,insufficient_egarch_obs
Equity-option Greek Markowitz,Gross before costs,785,garch11_residual_fallback_insufficient_egarch_obs,60,ok,60,0.5140454206055944,1.1475730163039635,0.9095452584688482,1.707261777354327,-0.8352263023042261,0.3639638397264937,0.4344555547477975,7.955995336468858,False,insufficient_egarch_obs
Equity-option Greek Markowitz,Gross before costs,786,garch11_residual_fallback_insufficient_egarch_obs,60,ok,60,-0.309510011152782,1.2313361552833997,0.29004578846988743,0.48517513806104,-0.9842025290029898,0.37247482024576184,0.45457244021303334,0.15695925599891888,False,insufficient_egarch_obs
Equity-option Greek Markowitz,Gross before costs,787,garch11_residual_fallback_insufficient_egarch_obs,60,ok,60,-0.0975668147980393,1.0762928864165873,0.4192954090865696,0.7110231234491895,-0.8777964142017523,0.4014643691358165,0.45809847504639295,0.5985153405413898,False,insufficient_egarch_obs
Equity-option Greek Markowitz,Gross before costs,788,garch11_residual_fallback_insufficient_egarch_obs,60,ok,60,1.5029900563284722,1.0135612800806342,1.396663482157729,3.07141379964157,-0.7758907037487542,0.2906505955567338,0.34664589896053283,98.24164399168714,False,insufficient_egarch_obs
Equity-option Greek Markowitz,Gross before costs,789,garch11_residual_fallback_insufficient_egarch_obs,60,ok,60,0.5539571253848201,1.1259425929760867,0.9078655949934621,1.8107211897908992,-0.7375892377442259,0.317556585260428,0.3349415103191766,9.061397056029278,False,insufficient_egarch_obs
Equity-option Greek Markowitz,Gross before costs,790,garch11_residual_fallback_insufficient_egarch_obs,60,ok,60,0.14119552204786423,1.2433043221373672,0.7025612169247673,1.257600924959254,-0.9769924436711491,0.39941766319234456,0.4748661247457428,1.9355317254723736,False,insufficient_egarch_obs
Equity-option Greek Markowitz,Gross before costs,791,garch11_residual_fallback_insufficient_egarch_obs,60,ok,60,0.06148659873124407,1.0728449697964095,0.5714442026161066,1.006451606466412,-0.8482350955203581,0.35040158237353425,0.44456081889546045,1.3476359189400864,False,insufficient_egarch_obs
Equity-option Greek Markowitz,Gross before costs,792,garch11_residual_fallback_insufficient_egarch_obs,60,ok,60,-0.2172580180360152,1.0460552394780642,0.27324700649653805,0.4570812572316526,-0.8787696489714821,0.33529255600198543,0.4823373945217426,0.2938279722691394,False,insufficient_egarch_obs
Equity-option Greek Markowitz,Gross before costs,793,garch11_residual_fallback_insufficient_egarch_obs,60,ok,60,0.10957701171694523,0.9207199453080589,0.5404967776264274,0.9673958924268725,-0.9182349962706974,0.3065693756435112,0.33682592730492494,1.6818499711392116,False,insufficient_egarch_obs
Equity-option Greek Markowitz,Gross before costs,794,garch11_residual_fallback_insufficient_egarch_obs,60,ok,60,0.6880091265674573,1.1781498357575453,1.012905611764875,1.926825012230521,-0.8678901038996931,0.37502175614727074,0.43291036110919673,13.704839442923577,False,insufficient_egarch_obs
Equity-option Greek Markowitz,Gross before costs,795,garch11_residual_fallback_insufficient_egarch_obs,60,ok,60,0.5471717831175871,1.171146294010888,0.9354724856695148,1.7836598214199066,-0.7749586429532453,0.3736689279808826,0.4680084010597949,8.8652845825982,False,insufficient_egarch_obs
Equity-option Greek Markowitz,Gross before costs,796,garch11_residual_fallback_insufficient_egarch_obs,60,ok,60,0.6011622735306525,0.9115589958481968,0.9526827030199547,1.8263710510673197,-0.6294227463880973,0.30107508915660686,0.3705653083976181,10.523900751296347,False,insufficient_egarch_obs
Equity-option Greek Markowitz,Gross before costs,797,garch11_residual_fallback_insufficient_egarch_obs,60,ok,60,-0.09633061361789075,1.1985991223336794,0.4913781904703736,0.8438700727100403,-0.9270783413379254,0.3937067375599041,0.4593968580152256,0.6026259784820805,False,insufficient_egarch_obs
Equity-option Greek Markowitz,Gross before costs,798,garch11_residual_fallback_insufficient_egarch_obs,60,ok,60,0.03811740143412945,0.9781527511949876,0.49138341665135804,0.8720721331524426,-0.8577546589885082,0.30657642030689414,0.3229310261291008,1.2056808272366804,False,insufficient_egarch_obs
Equity-option Greek Markowitz,Gross before costs,799,garch11_residual_fallback_insufficient_egarch_obs,60,ok,60,0.5113693233863097,0.8834172382867074,0.8848191446980539,1.7340773366528839,-0.7376344083875763,0.277791703248338,0.3354914623743732,7.885931766185364,False,insufficient_egarch_obs
Equity-option Greek Markowitz,Gross before costs,800,garch11_residual_fallback_insufficient_egarch_obs,60,ok,60,0.08474684858092618,0.9324130031584954,0.5331965100998071,0.9255112188698534,-0.8066498947701497,0.32970116992308063,0.41915466431107623,1.50190334806259,False,insufficient_egarch_obs
Equity-option Greek Markowitz,Gross before costs,801,garch11_residual_fallback_insufficient_egarch_obs,60,ok,60,0.4928899592761562,1.2634206429568464,0.9189569947105943,1.7541318897909837,-0.8001549873490039,0.37497369779098144,0.4880841166787053,7.415475179034622,False,insufficient_egarch_obs
Equity-option Greek Markowitz,Gross before costs,802,garch11_residual_fallback_insufficient_egarch_obs,60,ok,60,-0.4811815120240006,0.9342604409336513,-0.23629886868381972,-0.35356029707817876,-0.9742237209798572,0.37894059314472844,0.45254965585666856,0.03759042348069127,False,insufficient_egarch_obs
Equity-option Greek Markowitz,Gross before costs,803,garch11_residual_fallback_insufficient_egarch_obs,60,ok,60,-0.21390718666656272,1.1837298230752755,0.382838732588192,0.6651912879311597,-0.9067878649527318,0.3143084770365749,0.5354143213634305,0.30017127456665077,False,insufficient_egarch_obs
Equity-option Greek Markowitz,Gross before costs,804,garch11_residual_fallback_insufficient_egarch_obs,60,ok,60,0.12393559815423005,1.0690009534244487,0.6103687014964121,1.1107518300363437,-0.9515483209305824,0.33484435124162354,0.4151503784929716,1.7935237570028364,False,insufficient_egarch_obs
Equity-option Greek Markowitz,Gross before costs,805,garch11_residual_fallback_insufficient_egarch_obs,60,ok,60,-0.08672160707101728,1.1832910724749106,0.4720774116577732,0.8435975358188564,-0.955977880796126,0.3448355697575914,0.45743173991090025,0.6353542135328307,False,insufficient_egarch_obs
Equity-option Greek Markowitz,Gross before costs,806,garch11_residual_fallback_insufficient_egarch_obs,60,ok,60,0.06514821058909792,0.8272414287984391,0.4598898471308589,0.8140086124377804,-0.8178520616191347,0.2822475011935258,0.3562525265961746,1.3710402684737475,False,insufficient_egarch_obs
Equity-option Greek Markowitz,Gross before costs,807,garch11_residual_fallback_insufficient_egarch_obs,60,ok,60,0.05460368469037302,1.2911767069610296,0.6852003389107644,1.2118332990183744,-0.9683766295766563,0.42116554731465294,0.5761527782173171,1.3045070241736434,False,insufficient_egarch_obs
Equity-option Greek Markowitz,Gross before costs,808,garch11_residual_fallback_insufficient_egarch_obs,60,ok,60,0.270926691369209,1.2157026046440587,0.762251906916519,1.4252320593938939,-0.9699318872592053,0.3742299088577031,0.4227175768796456,3.315908233848442,False,insufficient_egarch_obs
Equity-option Greek Markowitz,Gross before costs,809,garch11_residual_fallback_insufficient_egarch_obs,60,ok,60,-0.3471667427771482,1.1523000415579674,0.1910900277892548,0.30700593908055124,-0.9773908290906611,0.39019353456895045,0.4928359478120699,0.11857997451203656,False,insufficient_egarch_obs
Equity-option Greek Markowitz,Gross before costs,810,garch11_residual_fallback_insufficient_egarch_obs,60,ok,60,0.2420391245431761,1.2985586189454241,0.7905373461375771,1.4715710296294353,-0.9454847981439379,0.41903304372226785,0.5201362188280997,2.9558091023699524,False,insufficient_egarch_obs
Equity-option Greek Markowitz,Gross before costs,811,garch11_residual_fallback_insufficient_egarch_obs,60,ok,60,-0.36215874185269137,0.9769385843170464,0.033644248302056666,0.051176049030810196,-0.9442545576129566,0.34326463409895885,0.46841984323675706,0.10557547369232413,False,insufficient_egarch_obs
Equity-option Greek Markowitz,Gross before costs,812,garch11_residual_fallback_insufficient_egarch_obs,60,ok,60,0.47963759348193036,0.955384589872913,0.857542200887509,1.6362158117661045,-0.8998027855034412,0.3203933373875031,0.3505031301159427,7.092131589000427,False,insufficient_egarch_obs
Equity-option Greek Markowitz,Gross before costs,813,garch11_residual_fallback_insufficient_egarch_obs,60,ok,60,-0.16112124228247637,1.0336580530708057,0.30167409440053955,0.5272116170930597,-0.8816413505092969,0.30098110980212617,0.35290010176095893,0.41542821174148414,False,insufficient_egarch_obs
Equity-option Greek Markowitz,Gross before costs,814,garch11_residual_fallback_insufficient_egarch_obs,60,ok,60,0.19579890011439915,1.038064047461276,0.6571666290204546,1.1861324483155373,-0.9067881723953846,0.3290972386413548,0.3690609739597502,2.445066909419671,False,insufficient_egarch_obs
Equity-option Greek Markowitz,Gross before costs,815,garch11_residual_fallback_insufficient_egarch_obs,60,ok,60,1.0301433901125168,0.9193624741641201,1.2145120680686354,2.5589185217050034,-0.6857060308198726,0.2681652957450703,0.31528238330475683,34.48526496752949,False,insufficient_egarch_obs
Equity-option Greek Markowitz,Gross before costs,816,garch11_residual_fallback_insufficient_egarch_obs,60,ok,60,0.6489046026621965,1.0559021596509532,0.961872155894928,1.957726989538531,-0.8674416980908299,0.32276963628770755,0.3373043201784469,12.18926871795619,False,insufficient_egarch_obs
Equity-option Greek Markowitz,Gross before costs,817,garch11_residual_fallback_insufficient_egarch_obs,60,ok,60,-0.4787170701159711,1.1802651220701832,0.05262588855220334,0.0808406832650581,-0.9783804131166526,0.40894468253892213,0.541959270308806,0.038491737729972025,False,insufficient_egarch_obs
Equity-option Greek Markowitz,Gross before costs,818,garch11_residual_fallback_insufficient_egarch_obs,60,ok,60,0.1594067883224164,1.3105463260117378,0.6912705285266144,1.3849241766475633,-0.8531218480103483,0.38578390392228207,0.42811271296799647,2.094976685525037,False,insufficient_egarch_obs
Equity-option Greek Markowitz,Gross before costs,819,garch11_residual_fallback_insufficient_egarch_obs,60,ok,60,0.38369008368245217,0.7557098922717602,0.7922232985874981,1.4598669180908102,-0.5542661282947576,0.24506082768762008,0.33195238120705356,5.072173990786975,False,insufficient_egarch_obs
Equity-option Greek Markowitz,Gross before costs,820,garch11_residual_fallback_insufficient_egarch_obs,60,ok,60,0.06275326966085393,0.9562796792932026,0.5375227625870368,0.8941364680903641,-0.9616539789499521,0.3367720052337432,0.4529875963290226,1.3556957948647017,False,insufficient_egarch_obs
Equity-option Greek Markowitz,Gross before costs,821,garch11_residual_fallback_insufficient_egarch_obs,60,ok,60,-0.04535627453999769,0.9367740308873432,0.40127679784749065,0.6645272706100532,-0.8241560032256587,0.3482800327510912,0.39043091769848964,0.7928784464511381,False,insufficient_egarch_obs
Equity-option Greek Markowitz,Gross before costs,822,garch11_residual_fallback_insufficient_egarch_obs,60,ok,60,-0.1168670096106782,1.4935408547863063,0.614186007751936,1.1305776337919333,-0.9779213979179162,0.4511802719135974,0.5766005636998126,0.5371932451285716,False,insufficient_egarch_obs
Equity-option Greek Markowitz,Gross before costs,823,garch11_residual_fallback_insufficient_egarch_obs,60,ok,60,0.010102237394916891,0.986780425669601,0.47294187612406796,0.8328841275432953,-0.7428368372137064,0.33164785526127505,0.3694475077119746,1.0515421010185706,False,insufficient_egarch_obs
Equity-option Greek Markowitz,Gross before costs,824,garch11_residual_fallback_insufficient_egarch_obs,60,ok,60,0.19916489618402755,0.9882850113859136,0.637274569758385,1.1924613374180904,-0.8073631912629923,0.2948618424585738,0.336376836244928,2.47967368629642,False,insufficient_egarch_obs
Equity-option Greek Markowitz,Gross before costs,825,garch11_residual_fallback_insufficient_egarch_obs,60,ok,60,0.7729925772121433,0.9936748011502308,1.071080910016585,2.081433728603103,-0.8636341157592777,0.2865190728985184,0.40888879128878114,17.520019570909394,False,insufficient_egarch_obs
Equity-option Greek Markowitz,Gross before costs,826,garch11_residual_fallback_insufficient_egarch_obs,60,ok,60,0.17487031641650885,0.9221860761096073,0.594692782403518,1.1228222461154582,-0.7457144052386995,0.291278033295821,0.35709941505067677,2.2384616409227163,False,insufficient_egarch_obs
Equity-option Greek Markowitz,Gross before costs,827,garch11_residual_fallback_insufficient_egarch_obs,60,ok,60,0.1378101566562322,1.260715228503393,0.7261498873840665,1.2919816595572078,-0.9176046486344007,0.3777483986186298,0.5722747363433456,1.9069927014025099,False,insufficient_egarch_obs
Equity-option Greek Markowitz,Gross before costs,828,garch11_residual_fallback_insufficient_egarch_obs,60,ok,60,-0.19343424742975035,0.919356707454155,0.19871730433864282,0.3351385163976057,-0.9268583299908111,0.2900020749712331,0.37963129522251,0.3413491988164045,False,insufficient_egarch_obs
Equity-option Greek Markowitz,Gross before costs,829,garch11_residual_fallback_insufficient_egarch_obs,60,ok,60,-0.16605760692134586,1.1880069663172799,0.43026276442763217,0.7223390952008487,-0.9523064016303242,0.38302422092811017,0.5053340257961404,0.4033483250192141,False,insufficient_egarch_obs
Equity-option Greek Markowitz,Gross before costs,830,garch11_residual_fallback_insufficient_egarch_obs,60,ok,60,2.376036961080099,1.2625722215997321,1.5954505016704597,3.540818686933134,-0.6611066458093136,0.3732431579016387,0.43799688903734935,438.5670133982162,False,insufficient_egarch_obs
Equity-option Greek Markowitz,Gross before costs,831,garch11_residual_fallback_insufficient_egarch_obs,60,ok,60,0.30181958582871804,1.0063819130036866,0.7341695152831629,1.355227211010814,-0.7328397860507695,0.3322023356119236,0.3622439553777186,3.7389874376216996,False,insufficient_egarch_obs
Equity-option Greek Markowitz,Gross before costs,832,garch11_residual_fallback_insufficient_egarch_obs,60,ok,60,0.46326142315487573,1.0453443687869224,0.8505122906151303,1.6580819786018077,-0.7184870407202513,0.3280550454949038,0.3721871875457377,6.708255816714395,False,insufficient_egarch_obs
Equity-option Greek Markowitz,Gross before costs,833,garch11_residual_fallback_insufficient_egarch_obs,60,ok,60,0.9231422620325527,1.1420774260753759,1.1133811666006879,2.2724350070185326,-0.773440901402775,0.34543165412268306,0.40929595242471556,26.306135880981117,False,insufficient_egarch_obs
Equity-option Greek Markowitz,Gross before costs,834,garch11_residual_fallback_insufficient_egarch_obs,60,ok,60,-0.5115774354621827,1.2823601625902803,0.13302045345369165,0.20573159826766807,-0.9909621040658377,0.5292531567158101,0.6484368964060102,0.027795762877584833,False,insufficient_egarch_obs
Equity-option Greek Markowitz,Gross before costs,835,garch11_residual_fallback_insufficient_egarch_obs,60,ok,60,0.9865229969046208,0.887564192902678,1.2023498641251065,2.5200189235785313,-0.6161402240927293,0.27968360184862356,0.30611052830012603,30.936272537898883,False,insufficient_egarch_obs
Equity-option Greek Markowitz,Gross before costs,836,garch11_residual_fallback_insufficient_egarch_obs,60,ok,60,-0.48467677317526214,1.419800351540263,0.24486610125861485,0.4108748784335669,-0.9973063048936351,0.43133890575186645,0.5859451957568605,0.036341143440224044,False,insufficient_egarch_obs
Equity-option Greek Markowitz,Gross before costs,837,garch11_residual_fallback_insufficient_egarch_obs,60,ok,60,0.05459825556249487,0.9993352293763084,0.5266274364132693,0.9178061337358489,-0.908340245254969,0.33297040202083655,0.42182440217340317,1.304473446334711,False,insufficient_egarch_obs
Equity-option Greek Markowitz,Gross before costs,838,garch11_residual_fallback_insufficient_egarch_obs,60,ok,60,-0.40033930334174683,1.2006532350228987,0.17968257161105358,0.2912378101780173,-0.972526575695212,0.39626099352476185,0.559316765393206,0.07754037996775803,False,insufficient_egarch_obs
Equity-option Greek Markowitz,Gross before costs,839,garch11_residual_fallback_insufficient_egarch_obs,60,ok,60,0.48313045741543803,0.9415257399834119,0.8614005002046352,1.6762831261260025,-0.8288365588178475,0.27165600797253076,0.3637895324540583,7.1762369167918445,False,insufficient_egarch_obs
Equity-option Greek Markowitz,Gross before costs,840,garch11_residual_fallback_insufficient_egarch_obs,60,ok,60,0.6512523447316976,0.9119778152602139,0.9798965149663047,1.976851575011122,-0.7623868963657179,0.2762453038697851,0.31177750166439683,12.276292753907189,False,insufficient_egarch_obs
Equity-option Greek Markowitz,Gross before costs,841,garch11_residual_fallback_insufficient_egarch_obs,60,ok,60,0.47722474907011936,1.1125824910753124,0.8745693613397578,1.6697797264597427,-0.7425462656836159,0.3634359185272267,0.3768886973109436,7.034494194092173,False,insufficient_egarch_obs
Equity-option Greek Markowitz,Gross before costs,842,garch11_residual_fallback_insufficient_egarch_obs,60,ok,60,-0.06787438113204336,0.9124213102529134,0.34286639576490663,0.5987820837260318,-0.8800653315288838,0.2947183199026529,0.3569043895917452,0.7036751626990538,False,insufficient_egarch_obs
Equity-option Greek Markowitz,Gross before costs,843,garch11_residual_fallback_insufficient_egarch_obs,60,ok,60,0.43735025856919396,1.0017624815973523,0.823442078173677,1.6308616862621101,-0.5583622287892644,0.31135155051801167,0.35182984735739514,6.134978671067562,False,insufficient_egarch_obs
Equity-option Greek Markowitz,Gross before costs,844,garch11_residual_fallback_insufficient_egarch_obs,60,ok,60,0.6125186473429716,1.214123234983755,1.0018279307527171,1.8217520403672247,-0.87296039245225,0.37820721761196685,0.5061027982417544,10.902440566146572,False,insufficient_egarch_obs
Equity-option Greek Markowitz,Gross before costs,845,garch11_residual_fallback_insufficient_egarch_obs,60,ok,60,-0.15923353991555977,1.0688062963206832,0.3302295661838384,0.5777753486521632,-0.7368738507882285,0.335839317029771,0.4501341721333813,0.42012342010686005,False,insufficient_egarch_obs
Equity-option Greek Markowitz,Gross before costs,846,garch11_residual_fallback_insufficient_egarch_obs,60,ok,60,0.3234411162296946,1.0472821329206932,0.7607728455545868,1.4128382969777462,-0.807328972033279,0.3556575851386881,0.3871177088507111,4.059972717380189,False,insufficient_egarch_obs
Equity-option Greek Markowitz,Gross before costs,847,garch11_residual_fallback_insufficient_egarch_obs,60,ok,60,0.09734332490960473,0.9285744796617881,0.525624477181121,0.964327669797089,-0.7332848086113649,0.2851867693349822,0.33321932479897287,1.5911555243412163,False,insufficient_egarch_obs
Equity-option Greek Markowitz,Gross before costs,848,garch11_residual_fallback_insufficient_egarch_obs,60,ok,60,0.3343299274809999,0.9415271353237139,0.7602798572291468,1.396622124815928,-0.8646056998413286,0.313607957912289,0.4008917207209299,4.229763977926107,False,insufficient_egarch_obs
Equity-option Greek Markowitz,Gross before costs,849,garch11_residual_fallback_insufficient_egarch_obs,60,ok,60,0.2338032057198005,0.9440879607684539,0.6567454119620664,1.2367927301039712,-0.9407118349718283,0.2842435339877664,0.3272582260689919,2.8591008297184124,False,insufficient_egarch_obs
Equity-option Greek Markowitz,Gross before costs,850,garch11_residual_fallback_insufficient_egarch_obs,60,ok,60,1.4476104598957593,1.0604620143540051,1.3662055939288185,2.921439387929727,-0.6451378104607073,0.29734426234665945,0.4320132526578231,87.84387847477595,False,insufficient_egarch_obs
Equity-option Greek Markowitz,Gross before costs,851,garch11_residual_fallback_insufficient_egarch_obs,60,ok,60,0.05395178178229343,1.3196395348383356,0.8230597872715046,1.3992714630207306,-0.9941363176527681,0.549287244782284,0.7456769855531036,1.300480102871269,False,insufficient_egarch_obs
Equity-option Greek Markowitz,Gross before costs,852,garch11_residual_fallback_insufficient_egarch_obs,60,ok,60,1.6402287853053816,1.3365007327126426,1.3692252510677225,2.9100581235380316,-0.7760384907061326,0.3860348890247536,0.4368164460528006,128.29443201602018,False,insufficient_egarch_obs
Equity-option Greek Markowitz,Gross before costs,853,garch11_residual_fallback_insufficient_egarch_obs,60,ok,60,-0.262342995557161,1.1194945839360626,0.251407428165206,0.4217489121486252,-0.9533921433370535,0.37193410916280845,0.37818025285795925,0.21840991665194168,False,insufficient_egarch_obs
Equity-option Greek Markowitz,Gross before costs,854,garch11_residual_fallback_insufficient_egarch_obs,60,ok,60,0.7198688222526426,1.263873127325712,1.0427922627380983,2.0731258796337357,-0.7860338025287708,0.39365456475768335,0.49259831325557074,15.047925014875876,False,insufficient_egarch_obs
Equity-option Greek Markowitz,Gross before costs,855,garch11_residual_fallback_insufficient_egarch_obs,60,ok,60,-0.4660223740186492,1.1010065207062674,-0.05607264049489964,-0.09230164363326733,-0.9882731190449618,0.3389347215204254,0.4098727129869482,0.0434125504391322,False,insufficient_egarch_obs
Equity-option Greek Markowitz,Gross before costs,856,garch11_residual_fallback_insufficient_egarch_obs,60,ok,60,-0.16695897328339993,1.0333810563542452,0.30241613346938245,0.5247769314475927,-0.8324118041250355,0.33355054630375486,0.41425378822736003,0.40117323746526795,False,insufficient_egarch_obs
Equity-option Greek Markowitz,Gross before costs,857,garch11_residual_fallback_insufficient_egarch_obs,60,ok,60,3.7932278210403183,0.8868517748116601,2.293377155359655,5.759430403345084,-0.4485919108335067,0.24259441095238699,0.3364106148812292,2530.1155570727747,False,insufficient_egarch_obs
Equity-option Greek Markowitz,Gross before costs,858,garch11_residual_fallback_insufficient_egarch_obs,60,ok,60,1.140179812721589,0.9793778324788958,1.2426533528263348,2.751805081588208,-0.5715234703000254,0.2658085646340468,0.3131688411673297,44.900514375214236,False,insufficient_egarch_obs
Equity-option Greek Markowitz,Gross before costs,859,garch11_residual_fallback_insufficient_egarch_obs,60,ok,60,0.345396982882733,1.318819016959007,0.8662649987454392,1.6272296321915034,-0.9430486526670847,0.3790473063022848,0.5624215486965479,4.408108210979432,False,insufficient_egarch_obs
Equity-option Greek Markowitz,Gross before costs,860,garch11_residual_fallback_insufficient_egarch_obs,60,ok,60,-0.1951485053465296,0.9584371259321365,0.20818759636773548,0.36336064637174265,-0.9399063680722983,0.2866015461252802,0.33871779883666636,0.337737103524506,False,insufficient_egarch_obs
Equity-option Greek Markowitz,Gross before costs,861,garch11_residual_fallback_insufficient_egarch_obs,60,ok,60,1.0174393361365204,0.8963728752576456,1.2069035536460484,2.6787652539235722,-0.4421559830715227,0.23296246050199398,0.2651161908612489,33.41969040640088,False,insufficient_egarch_obs
Equity-option Greek Markowitz,Gross before costs,862,garch11_residual_fallback_insufficient_egarch_obs,60,ok,60,0.9473929792387592,1.016248268296574,1.1445695538037992,2.2905770711839977,-0.5333573162266632,0.3254694404134125,0.33398479146770504,28.007090823015247,False,insufficient_egarch_obs
Equity-option Greek Markowitz,Gross before costs,863,garch11_residual_fallback_insufficient_egarch_obs,60,ok,60,0.709720391646649,0.7607855038677858,1.0631908543255852,2.2820156574281674,-0.5200009810379246,0.21621521332956736,0.23379105076461207,14.609167132134166,False,insufficient_egarch_obs
Equity-option Greek Markowitz,Gross before costs,864,garch11_residual_fallback_insufficient_egarch_obs,60,ok,60,-0.0961463907571537,1.0821990653059235,0.43356974129906434,0.7348939695487148,-0.9197058377677935,0.3290268142693571,0.47691463845557563,0.6032404883728749,False,insufficient_egarch_obs
Equity-option Greek Markowitz,Gross before costs,865,garch11_residual_fallback_insufficient_egarch_obs,60,ok,60,-0.3241079320377196,1.4767998832169482,0.5198024135484659,0.8790936518740948,-0.9784669714989185,0.5175455956129728,0.6983677646061902,0.14105443598117928,False,insufficient_egarch_obs
Equity-option Greek Markowitz,Gross before costs,866,garch11_residual_fallback_insufficient_egarch_obs,60,ok,60,0.4328961723376237,0.8865732404076248,0.8053997895107118,1.6626712315889267,-0.6296700231099138,0.2587368641844412,0.2853164744522437,6.040510071685597,False,insufficient_egarch_obs
Equity-option Greek Markowitz,Gross before costs,867,garch11_residual_fallback_insufficient_egarch_obs,60,ok,60,2.736422105038322,1.4657397236247414,1.6091561295787868,3.7155066060204858,-0.6839688365117446,0.4329465398353957,0.48617768181213655,728.2486089122876,False,insufficient_egarch_obs
Equity-option Greek Markowitz,Gross before costs,868,garch11_residual_fallback_insufficient_egarch_obs,60,ok,60,-0.48129937308787074,1.3498850424837257,0.17955451700035202,0.292720682251834,-0.9960729170717244,0.43096435593365506,0.5486588978298593,0.03754774540623017,False,insufficient_egarch_obs
Equity-option Greek Markowitz,Gross before costs,869,garch11_residual_fallback_insufficient_egarch_obs,60,ok,60,-0.3053174260821937,1.3931551202629773,0.4448830725041405,0.7304044495347366,-0.9895764810457585,0.5277134058884233,0.5871380609366228,0.1617826793847079,False,insufficient_egarch_obs
Equity-option Greek Markowitz,Gross before costs,870,garch11_residual_fallback_insufficient_egarch_obs,60,ok,60,-0.22526423569884602,1.296024177076895,0.4291683901246493,0.7363817379421692,-0.995162769208909,0.4181344384937324,0.54371161443821,0.2791052619692445,False,insufficient_egarch_obs
Equity-option Greek Markowitz,Gross before costs,871,garch11_residual_fallback_insufficient_egarch_obs,60,ok,60,0.5115637568770384,0.965772878892862,0.8741923421472745,1.7369926429456137,-0.7570333708304993,0.3122581088281412,0.327865030618322,7.8910055882314625,False,insufficient_egarch_obs
Equity-option Greek Markowitz,Gross before costs,872,garch11_residual_fallback_insufficient_egarch_obs,60,ok,60,-0.11036656462074634,1.197366743394878,0.48835859411908095,0.8254252477733108,-0.909115068577855,0.41509349693279257,0.5322085446176582,0.5572569374852581,False,insufficient_egarch_obs
Equity-option Greek Markowitz,Gross before costs,873,garch11_residual_fallback_insufficient_egarch_obs,60,ok,60,0.4360466863736254,1.1643461359840805,0.8456093402030049,1.671423322764783,-0.9784903029601933,0.3809421620771953,0.40282767243529616,6.107209188229114,False,insufficient_egarch_obs
Equity-option Greek Markowitz,Gross before costs,874,garch11_residual_fallback_insufficient_egarch_obs,60,ok,60,-0.14245234460810696,0.9797877632742332,0.3306141266850625,0.5360672098738429,-0.9265250135803058,0.32904517929946575,0.4988492962256322,0.46375789848770516,False,insufficient_egarch_obs
Equity-option Greek Markowitz,Gross before costs,875,garch11_residual_fallback_insufficient_egarch_obs,60,ok,60,0.18272612929475085,0.8648172932260483,0.5794036525450122,1.1278386887180571,-0.732711865363322,0.27872944472284134,0.2939290758718744,2.314306940002811,False,insufficient_egarch_obs
Equity-option Greek Markowitz,Gross before costs,876,garch11_residual_fallback_insufficient_egarch_obs,60,ok,60,-0.8252710623350447,1.7892016664132022,0.1519508014172108,0.24253341357965744,-0.9999650249619211,0.6018893229195179,0.8335303355865861,0.0001628636569557464,False,insufficient_egarch_obs
Equity-option Greek Markowitz,Gross before costs,877,garch11_residual_fallback_insufficient_egarch_obs,60,ok,60,0.5931026423803973,1.0081384967463962,0.9340156706707757,1.8409331253797139,-0.7900135205038734,0.3064340645140414,0.3463470935634503,10.261687615724563,False,insufficient_egarch_obs
Equity-option Greek Markowitz,Gross before costs,878,garch11_residual_fallback_insufficient_egarch_obs,60,ok,60,0.34045571514558937,0.7981771557906858,0.7395131601808382,1.3893828887398543,-0.5632154720033935,0.2508557039428939,0.2770470652939414,4.327751877839526,False,insufficient_egarch_obs
Equity-option Greek Markowitz,Gross before costs,879,garch11_residual_fallback_insufficient_egarch_obs,60,ok,60,0.16541041589590377,0.9511394656126148,0.6354632324070999,1.0838698611319897,-0.8589695058327254,0.32426836744453885,0.4673811760230889,2.149782268415253,False,insufficient_egarch_obs
Equity-option Greek Markowitz,Gross before costs,880,garch11_residual_fallback_insufficient_egarch_obs,60,ok,60,0.5148728685781241,1.0725420486287232,0.880389051702044,1.773706430370521,-0.7187935286859657,0.3046993396317107,0.37052120635625063,7.97775945151569,False,insufficient_egarch_obs
Equity-option Greek Markowitz,Gross before costs,881,garch11_residual_fallback_insufficient_egarch_obs,60,ok,60,0.8878687793438487,1.0187938082493746,1.103401988832126,2.3449617882404525,-0.7513019554931339,0.2780003671763389,0.3900023586470867,23.980543503488345,False,insufficient_egarch_obs
Equity-option Greek Markowitz,Gross before costs,882,garch11_residual_fallback_insufficient_egarch_obs,60,ok,60,0.9192761976188799,1.4257199554862752,1.1157308047233028,2.3100473701967306,-0.8934698912492093,0.40446258536635254,0.46661012195738666,26.04278266456157,False,insufficient_egarch_obs
Equity-option Greek Markowitz,Gross before costs,883,garch11_residual_fallback_insufficient_egarch_obs,60,ok,60,-0.49599969946748257,1.4291632024847014,0.3202648480112653,0.4992239178561576,-0.995099631309122,0.6331332581156183,0.7074273333620559,0.03252025759913308,False,insufficient_egarch_obs
Equity-option Greek Markowitz,Gross before costs,884,garch11_residual_fallback_insufficient_egarch_obs,60,ok,60,0.7113636864289483,0.9090773763936686,1.0147592574589828,2.100542596111308,-0.6716738888370488,0.2961034831150908,0.29806339343249727,14.679510100237486,False,insufficient_egarch_obs
Equity-option Greek Markowitz,Gross before costs,885,garch11_residual_fallback_insufficient_egarch_obs,60,ok,60,0.5438070319951003,1.0176211651016442,0.899926695734639,1.7805263927078474,-0.8455145270386192,0.32636189359870976,0.35663119919228164,8.769302954663168,False,insufficient_egarch_obs
Equity-option Greek Markowitz,Gross before costs,886,garch11_residual_fallback_insufficient_egarch_obs,60,ok,60,1.1699392761871041,0.8796982069569531,1.343187149912585,2.6144606378679796,-0.5951966947403153,0.30675717256885177,0.4271256743101974,48.110282092522674,False,insufficient_egarch_obs
Equity-option Greek Markowitz,Gross before costs,887,garch11_residual_fallback_insufficient_egarch_obs,60,ok,60,-0.05535513590007679,1.111970901924884,0.5329075744602951,0.8709145392796916,-0.9769901841969576,0.5006614920114646,0.5766314824751005,0.7522164706638904,False,insufficient_egarch_obs
Equity-option Greek Markowitz,Gross before costs,888,garch11_residual_fallback_insufficient_egarch_obs,60,ok,60,-0.0269184464765595,1.0222348909205097,0.47848679975176095,0.79483885556803,-0.7238576507322222,0.37626056701985017,0.481819599572757,0.8724613545303034,False,insufficient_egarch_obs
Equity-option Greek Markowitz,Gross before costs,889,garch11_residual_fallback_insufficient_egarch_obs,60,ok,60,0.6204813273025682,1.1178730015068106,0.9427708004268687,1.9511430135092174,-0.8073860961219821,0.31207880246406233,0.3979555558635283,11.174295585578447,False,insufficient_egarch_obs
Equity-option Greek Markowitz,Gross before costs,890,garch11_residual_fallback_insufficient_egarch_obs,60,ok,60,-0.45559427560841514,0.8122188946609672,-0.3357365792548863,-0.48842579680444004,-0.9735205904365521,0.29566640026583485,0.42353766825549544,0.047820423251260534,False,insufficient_egarch_obs
Equity-option Greek Markowitz,Gross before costs,891,garch11_residual_fallback_insufficient_egarch_obs,60,ok,60,0.5153050229078138,1.3178222878742971,0.9635069948885068,1.7929614208048676,-0.7239903455164063,0.447964369150149,0.5451693932014574,7.989145195355192,False,insufficient_egarch_obs
Equity-option Greek Markowitz,Gross before costs,892,garch11_residual_fallback_insufficient_egarch_obs,60,ok,60,-0.23150929162751577,1.3607344079338313,0.510953364854483,0.8394147708051561,-0.9952757654637097,0.47159216702278667,0.6111626790333716,0.26803598545696045,False,insufficient_egarch_obs
Equity-option Greek Markowitz,Gross before costs,893,garch11_residual_fallback_insufficient_egarch_obs,60,ok,60,-0.020039906875389035,0.992545034592918,0.4419233570145183,0.7620754697599308,-0.9715801273867498,0.31982075616669386,0.3342255537753544,0.9037367676323053,False,insufficient_egarch_obs
Equity-option Greek Markowitz,Gross before costs,894,garch11_residual_fallback_insufficient_egarch_obs,60,ok,60,0.13765306277598577,1.1995766115581055,0.6743305601805203,1.2143014411669624,-0.8459724901481708,0.3972878148750259,0.45557169841726813,1.9056766023615057,False,insufficient_egarch_obs
Equity-option Greek Markowitz,Gross before costs,895,garch11_residual_fallback_insufficient_egarch_obs,60,ok,60,0.4539274008762961,1.086376681203426,0.8395663494929467,1.681343804339958,-0.6958595774186427,0.31746244175812843,0.35390262781824733,6.4970110729616755,False,insufficient_egarch_obs
Equity-option Greek Markowitz,Gross before costs,896,garch11_residual_fallback_insufficient_egarch_obs,60,ok,60,0.17304103783160962,0.7176521313205093,0.564970556544961,1.0046095315172876,-0.7481934202642946,0.22328156140867333,0.3333120695506824,2.2210893464149044,False,insufficient_egarch_obs
Equity-option Greek Markowitz,Gross before costs,897,garch11_residual_fallback_insufficient_egarch_obs,60,ok,60,0.26594939284640295,1.449009932276591,0.8508754940950634,1.6374407103009168,-0.895846864979117,0.41419930819433903,0.5408027403068268,3.2514847700521448,False,insufficient_egarch_obs
Equity-option Greek Markowitz,Gross before costs,898,garch11_residual_fallback_insufficient_egarch_obs,60,ok,60,-0.46489005377467396,1.3273368100703724,0.17662408677761868,0.2917580696208829,-0.998370971794768,0.45129137665089086,0.5423361707174926,0.04387479668430331,False,insufficient_egarch_obs
Equity-option Greek Markowitz,Gross before costs,899,garch11_residual_fallback_insufficient_egarch_obs,60,ok,60,-0.07973671204491939,0.9434653395708565,0.36011959953090567,0.6195113417039863,-0.8470079506037236,0.3330710678823791,0.42657391880155887,0.6600251513326467,False,insufficient_egarch_obs
Equity-option Greek Markowitz,Gross before costs,900,garch11_residual_fallback_insufficient_egarch_obs,60,ok,60,0.053446401862875303,0.916622410178523,0.47913138488463164,0.8717098529174249,-0.8278093165965974,0.3138665484787414,0.3268565305422046,1.297365128634529,False,insufficient_egarch_obs
Equity-option Greek Markowitz,Gross before costs,901,garch11_residual_fallback_insufficient_egarch_obs,60,ok,60,-0.10059976474607635,0.936305105517964,0.33957945356064784,0.5581153599275799,-0.9161820494299536,0.32281013293781663,0.4061178223697772,0.588525092345938,False,insufficient_egarch_obs
Equity-option Greek Markowitz,Gross before costs,902,garch11_residual_fallback_insufficient_egarch_obs,60,ok,60,-0.3039328775344311,1.233534038827969,0.2860128405570622,0.48290981850448333,-0.8840399848129202,0.40582827583056136,0.4640078994641527,0.16340133689325043,False,insufficient_egarch_obs
Equity-option Greek Markowitz,Gross before costs,903,garch11_residual_fallback_insufficient_egarch_obs,60,ok,60,1.034419265544682,0.9014021645595436,1.225982981257058,2.605792544735105,-0.846331006410201,0.25697924235548,0.3261074223925177,34.849961234598986,False,insufficient_egarch_obs
Equity-option Greek Markowitz,Gross before costs,904,garch11_residual_fallback_insufficient_egarch_obs,60,ok,60,-1.0,1.8955769001519407,0.3785446992590454,0.5649656383675082,-1.0,0.8215229402624592,0.9827338928104842,0.0,True,insufficient_egarch_obs
Equity-option Greek Markowitz,Gross before costs,905,garch11_residual_fallback_insufficient_egarch_obs,60,ok,60,-0.043027635202740444,1.0024611505007142,0.43138254610329074,0.7341442674821398,-0.962387489291378,0.32726647012754456,0.42180323729953545,0.8025959844973886,False,insufficient_egarch_obs
Equity-option Greek Markowitz,Gross before costs,906,garch11_residual_fallback_insufficient_egarch_obs,60,ok,60,0.8329642709372256,1.16156830830256,1.0955160707110296,2.1333122879273954,-0.8956159354852438,0.3414935184332347,0.4905822421755177,20.690452928959843,False,insufficient_egarch_obs
Equity-option Greek Markowitz,Gross before costs,907,garch11_residual_fallback_insufficient_egarch_obs,60,ok,60,0.09824664709622954,1.0781121609796396,0.6365230014600419,1.0667383753017106,-0.9772032215591651,0.3515881898167759,0.5303360139976266,1.5977154331176753,False,insufficient_egarch_obs
Equity-option Greek Markowitz,Gross before costs,908,garch11_residual_fallback_insufficient_egarch_obs,60,ok,60,-0.5414231515479067,1.0469713101659752,-0.21968870580501038,-0.3319695424214467,-0.997122451782681,0.3580029293504064,0.48728703657704736,0.020279657993156758,False,insufficient_egarch_obs
Equity-option Greek Markowitz,Gross before costs,909,garch11_residual_fallback_insufficient_egarch_obs,60,ok,60,-0.20826405853767493,1.1239561960803688,0.29448473015198956,0.5300718844233566,-0.9209835644987021,0.3265094550669587,0.37846669176588205,0.31110128330711206,False,insufficient_egarch_obs
Equity-option Greek Markowitz,Gross before costs,910,garch11_residual_fallback_insufficient_egarch_obs,60,ok,60,-0.20883041981905193,1.2612809646915566,0.42582924184468113,0.7171652872292608,-0.9805307120597003,0.42101762500492906,0.5077199042610318,0.3099901563997405,False,insufficient_egarch_obs
Equity-option Greek Markowitz,Gross before costs,911,garch11_residual_fallback_insufficient_egarch_obs,60,ok,60,0.8031305160496398,1.2419867187008662,1.0629932274198124,2.1094303528720824,-0.9463354782062983,0.37445086039539466,0.45380835265615893,19.06056706491747,False,insufficient_egarch_obs
Equity-option Greek Markowitz,Gross before costs,912,garch11_residual_fallback_insufficient_egarch_obs,60,ok,60,0.10331388250556461,0.8622674134410743,0.5204710319376201,0.9038804124589748,-0.7439639697028679,0.2883272123261934,0.34506237914958865,1.634915885882098,False,insufficient_egarch_obs
Equity-option Greek Markowitz,Gross before costs,913,garch11_residual_fallback_insufficient_egarch_obs,60,ok,60,0.29462045462205433,1.0175346946646568,0.7156364834160583,1.4017666900428878,-0.7251273524021193,0.3218280869103944,0.3274661992567924,3.636740577654975,False,insufficient_egarch_obs
Equity-option Greek Markowitz,Gross before costs,914,garch11_residual_fallback_insufficient_egarch_obs,60,ok,60,-0.49753401129496455,1.0688071445483225,-0.10388765689087161,-0.15539496292057367,-0.9922726719601697,0.429458244505523,0.46795066142648273,0.03202826042804257,False,insufficient_egarch_obs
Equity-option Greek Markowitz,Gross before costs,915,garch11_residual_fallback_insufficient_egarch_obs,60,ok,60,-0.20340195312293896,0.8177144717638519,0.11577537922736272,0.1830952551385645,-0.9040094506507179,0.31175715731246206,0.3482046800622223,0.32077180377964,False,insufficient_egarch_obs
Equity-option Greek Markowitz,Gross before costs,916,garch11_residual_fallback_insufficient_egarch_obs,60,ok,60,0.7923789495066471,1.2975464140715225,1.0826188731704047,2.0933848996896556,-0.9000850404303571,0.38309542487197656,0.5147017227955325,18.499039240253435,False,insufficient_egarch_obs
Equity-option Greek Markowitz,Gross before costs,917,garch11_residual_fallback_insufficient_egarch_obs,60,ok,60,0.04533585627311454,0.9196785416386243,0.4671923671229674,0.8558556587121314,-0.8552286757487707,0.2887180292490858,0.31116002109434215,1.248185799559982,False,insufficient_egarch_obs
Equity-option Greek Markowitz,Gross before costs,918,garch11_residual_fallback_insufficient_egarch_obs,60,ok,60,-0.28478857240459365,1.2954973536093681,0.3679683639178493,0.6260419032868436,-0.959680157914925,0.39645598420528555,0.5398989099501217,0.18714241295931194,False,insufficient_egarch_obs
Equity-option Greek Markowitz,Gross before costs,919,garch11_residual_fallback_insufficient_egarch_obs,60,ok,60,-0.17511757572967068,1.0618817995491958,0.3302090698687981,0.5482653335043567,-0.896420938876497,0.334763252710726,0.46486979011134677,0.3819093148652864,False,insufficient_egarch_obs
Equity-option Greek Markowitz,Gross before costs,920,garch11_residual_fallback_insufficient_egarch_obs,60,ok,60,1.0396324212114867,0.7293642954119297,1.3435091428993426,2.832691825401598,-0.6320023533973489,0.2528762727553563,0.2813493513596608,35.29876684291035,False,insufficient_egarch_obs
Equity-option Greek Markowitz,Gross before costs,921,garch11_residual_fallback_insufficient_egarch_obs,60,ok,60,-0.12450131704473244,1.1291264144013444,0.428987778931381,0.7259252788139767,-0.9095523820112981,0.3759362798676998,0.46833256778657684,0.5143721964541235,False,insufficient_egarch_obs
Equity-option Greek Markowitz,Gross before costs,922,garch11_residual_fallback_insufficient_egarch_obs,60,ok,60,-0.500909724571351,1.4332896255622103,0.2466030552130087,0.41028308635985966,-0.9968932723578937,0.4778738550224125,0.6060304699872284,0.03096674368944177,False,insufficient_egarch_obs
Equity-option Greek Markowitz,Gross before costs,923,garch11_residual_fallback_insufficient_egarch_obs,60,ok,60,-0.23961230158274993,0.9537130777641235,0.17121242673348486,0.2796660587188933,-0.9817673469852803,0.3006267428606817,0.42990584534704457,0.254199920903344,False,insufficient_egarch_obs
Equity-option Greek Markowitz,Gross before costs,924,garch11_residual_fallback_insufficient_egarch_obs,60,ok,60,0.6057061206835994,0.8091282901332386,0.9814488004546997,1.8574931061280944,-0.8083582622464952,0.26547391450996904,0.3390597537165829,10.674076577228057,False,insufficient_egarch_obs
Equity-option Greek Markowitz,Gross before costs,925,garch11_residual_fallback_insufficient_egarch_obs,60,ok,60,-0.17482161470312496,1.0660006069748114,0.32359442824388646,0.5505545171497888,-0.9530183055473459,0.3403133331747998,0.4046988090818391,0.3825949362782111,False,insufficient_egarch_obs
Equity-option Greek Markowitz,Gross before costs,926,garch11_residual_fallback_insufficient_egarch_obs,60,ok,60,-0.5085958320822035,1.1206106957187418,-0.10804754614845563,-0.17381320145582183,-0.9926883961832246,0.3766657856871432,0.4137599414721766,0.028654588658401037,False,insufficient_egarch_obs
Equity-option Greek Markowitz,Gross before costs,927,garch11_residual_fallback_insufficient_egarch_obs,60,ok,60,-0.33875176861181144,1.1029516314620376,0.1845671576500932,0.291307416210448,-0.9901647565664174,0.40970187711616957,0.5285974095434803,0.12642198855492684,False,insufficient_egarch_obs
Equity-option Greek Markowitz,Gross before costs,928,garch11_residual_fallback_insufficient_egarch_obs,60,ok,60,-0.34801180931054965,1.0577506451167311,0.11609225480404066,0.18663560510856583,-0.9617143004546848,0.33864776720265427,0.49159169423393867,0.11781447373461863,False,insufficient_egarch_obs
Equity-option Greek Markowitz,Gross before costs,929,garch11_residual_fallback_insufficient_egarch_obs,60,ok,60,-0.40140914383989235,1.3249727102942919,0.29884098527868247,0.47824666246983594,-0.9852731017622209,0.4467045299252984,0.5981120647642425,0.07685115381289023,False,insufficient_egarch_obs
Equity-option Greek Markowitz,Gross before costs,930,garch11_residual_fallback_insufficient_egarch_obs,60,ok,60,0.7474753996609036,1.2246295062677364,1.062072025464382,2.054442825609642,-0.7930427913961383,0.41217913252912664,0.5520858521906212,16.295037081072078,False,insufficient_egarch_obs
Equity-option Greek Markowitz,Gross before costs,931,garch11_residual_fallback_insufficient_egarch_obs,60,ok,60,-0.25327102827524495,1.268199009177329,0.37990683064567676,0.6528798719202821,-0.8591989673038266,0.4100080916372267,0.502883503153677,0.23217476115682179,False,insufficient_egarch_obs
Equity-option Greek Markowitz,Gross before costs,932,garch11_residual_fallback_insufficient_egarch_obs,60,ok,60,0.6237705965726668,1.0276274475647833,0.9290258865829313,2.027904726076023,-0.6021685200970158,0.27101937285045574,0.297134443070939,11.288165403340745,False,insufficient_egarch_obs
Equity-option Greek Markowitz,Gross before costs,933,garch11_residual_fallback_insufficient_egarch_obs,60,ok,60,0.9879723914819307,0.9815392804632117,1.172814646747771,2.4273811239779506,-0.6328821235542097,0.29538259996180816,0.38099004728139896,31.049294998737107,False,insufficient_egarch_obs
Equity-option Greek Markowitz,Gross before costs,934,garch11_residual_fallback_insufficient_egarch_obs,60,ok,60,-0.3930166532571153,1.1624468108902415,0.14787828429403388,0.23408365924866717,-0.9764675980897977,0.38801704389312186,0.4721130019400192,0.0823917788532824,False,insufficient_egarch_obs
Equity-option Greek Markowitz,Gross before costs,935,garch11_residual_fallback_insufficient_egarch_obs,60,ok,60,0.07123391247699473,1.112757911299154,0.604978899119411,1.0411732393830089,-0.931168787065692,0.3659172512745173,0.45101042974821315,1.410657441748797,False,insufficient_egarch_obs
Equity-option Greek Markowitz,Gross before costs,936,garch11_residual_fallback_insufficient_egarch_obs,60,ok,60,0.197451994157829,1.4859304357720966,0.8377093731597596,1.5488977446380523,-0.9167337938975091,0.4445932735754827,0.564562802770396,2.462014224996679,False,insufficient_egarch_obs
Equity-option Greek Markowitz,Gross before costs,937,garch11_residual_fallback_insufficient_egarch_obs,60,ok,60,-0.6706678647810365,1.0338179542733272,-0.4696066713405409,-0.6119134843967643,-0.9968072567933269,0.5204309547237551,0.5619456225399238,0.003874097527073432,False,insufficient_egarch_obs
Equity-option Greek Markowitz,Gross before costs,938,garch11_residual_fallback_insufficient_egarch_obs,60,ok,60,-0.24140746827501347,0.9245340896112264,0.13962274019754742,0.23332450220402923,-0.8041845006052646,0.3274932192581735,0.43738672135554285,0.25121340726474933,False,insufficient_egarch_obs
Equity-option Greek Markowitz,Gross before costs,939,garch11_residual_fallback_insufficient_egarch_obs,60,ok,60,1.3958947002101296,1.0546804034119668,1.3630133331855845,2.766836518373173,-0.6626630530258363,0.2961564868579348,0.4038169153112152,78.94754587255616,False,insufficient_egarch_obs
Equity-option Greek Markowitz,Gross before costs,940,garch11_residual_fallback_insufficient_egarch_obs,60,ok,60,0.6199845655115162,1.110506972751784,0.9725765258685816,1.8954664022130459,-0.8713358034706765,0.30723017413680165,0.4378735196999472,11.157178570032402,False,insufficient_egarch_obs
Equity-option Greek Markowitz,Gross before costs,941,garch11_residual_fallback_insufficient_egarch_obs,60,ok,60,1.8685155110890626,0.973553629672404,1.5671668668445606,3.618564060115511,-0.5751649823720637,0.28487904945006665,0.3102785133888122,194.2164506607052,False,insufficient_egarch_obs
Equity-option Greek Markowitz,Gross before costs,942,garch11_residual_fallback_insufficient_egarch_obs,60,ok,60,0.2841515417948095,0.9920376834969206,0.7133826669862972,1.3131030583683538,-0.804820934080874,0.3114446129727714,0.34854180251473615,3.4920575121908786,False,insufficient_egarch_obs
Equity-option Greek Markowitz,Gross before costs,943,garch11_residual_fallback_insufficient_egarch_obs,60,ok,60,1.3294632762822367,0.8362415335452518,1.4182944757969558,3.2851733011074242,-0.43699819439802423,0.21382397027920977,0.25644810008029956,68.59292789968036,False,insufficient_egarch_obs
Equity-option Greek Markowitz,Gross before costs,944,garch11_residual_fallback_insufficient_egarch_obs,60,ok,60,-0.07894886844113014,0.9347261213981835,0.3534956047226555,0.6030444604589172,-0.9500839493541018,0.3008112889770996,0.38307602397795715,0.6628552528284357,False,insufficient_egarch_obs
Equity-option Greek Markowitz,Gross before costs,945,garch11_residual_fallback_insufficient_egarch_obs,60,ok,60,-0.045832126605138024,1.0869033460156774,0.44004136850521247,0.8291178169611986,-0.8325920745040238,0.31356790324066147,0.35180609182019595,0.7909043230558193,False,insufficient_egarch_obs
Equity-option Greek Markowitz,Gross before costs,946,garch11_residual_fallback_insufficient_egarch_obs,60,ok,60,-0.23717477236333018,1.078334043784943,0.2564506377924409,0.4345007881246046,-0.8410580597068525,0.35683676360614247,0.4290261831796158,0.2583004938524548,False,insufficient_egarch_obs
Equity-option Greek Markowitz,Gross before costs,947,garch11_residual_fallback_insufficient_egarch_obs,60,ok,60,-0.3612469385132103,0.8854761039459125,-0.06336587707938392,-0.09563744978541322,-0.8438734958840288,0.3253431689510369,0.41592383373743075,0.1063322425884376,False,insufficient_egarch_obs
Equity-option Greek Markowitz,Gross before costs,948,garch11_residual_fallback_insufficient_egarch_obs,60,ok,60,0.30019980423380055,1.2611230503499624,0.7982053892860153,1.535222770511334,-0.8945106621043873,0.39065507423048085,0.5281944688057726,3.7157841815760504,False,insufficient_egarch_obs
Equity-option Greek Markowitz,Gross before costs,949,garch11_residual_fallback_insufficient_egarch_obs,60,ok,60,2.4015199679334702,1.3519287213514752,1.608886236665521,3.267719926341498,-0.8386246823041543,0.46005470322363845,0.48469235390882454,455.3707423815029,False,insufficient_egarch_obs
Equity-option Greek Markowitz,Gross before costs,950,garch11_residual_fallback_insufficient_egarch_obs,60,ok,60,1.3344045428316265,0.8947661704904246,1.4068080582726856,2.8431431980925876,-0.5520299910842184,0.28520182599258986,0.3659629504918436,69.32351872163329,False,insufficient_egarch_obs
Equity-option Greek Markowitz,Gross before costs,951,garch11_residual_fallback_insufficient_egarch_obs,60,ok,60,0.03019432693157431,0.9922814746118611,0.4990318390384132,0.8741398482806031,-0.8703286946004085,0.3357574576782745,0.41497812743390244,1.1603680703914159,False,insufficient_egarch_obs
Equity-option Greek Markowitz,Gross before costs,952,garch11_residual_fallback_insufficient_egarch_obs,60,ok,60,-0.12975175969622532,1.2696422313910734,0.47053749892820734,0.8434418109442103,-0.9614695445635777,0.3722884653817766,0.4291226556305195,0.4991324079904327,False,insufficient_egarch_obs
Equity-option Greek Markowitz,Gross before costs,953,garch11_residual_fallback_insufficient_egarch_obs,60,ok,60,0.17665698397897045,1.0445874740992784,0.6305110850353964,1.1886621054968785,-0.8672207325728225,0.3250370305737213,0.33939126357530286,2.2555340330104117,False,insufficient_egarch_obs
Equity-option Greek Markowitz,Gross before costs,954,garch11_residual_fallback_insufficient_egarch_obs,60,ok,60,0.1075746213062847,1.0763250267842992,0.6016905186053997,1.064564179596984,-0.7097292558727922,0.3592288985090339,0.37414304527010245,1.6667289517372046,False,insufficient_egarch_obs
Equity-option Greek Markowitz,Gross before costs,955,garch11_residual_fallback_insufficient_egarch_obs,60,ok,60,0.4074501669549784,1.0547997568226986,0.8129624293749081,1.5547362066163481,-0.8137690447957568,0.31932560734786875,0.3573903098604883,5.52287399034104,False,insufficient_egarch_obs
Equity-option Greek Markowitz,Gross before costs,956,garch11_residual_fallback_insufficient_egarch_obs,60,ok,60,-0.29691688341836875,1.044913378327116,0.16721678882524868,0.2696550282511622,-0.9500787952642983,0.3303135264279317,0.4246842125941163,0.17180402961151714,False,insufficient_egarch_obs
Equity-option Greek Markowitz,Gross before costs,957,garch11_residual_fallback_insufficient_egarch_obs,60,ok,60,0.3186538173758373,1.0560858256700885,0.7852606278727227,1.3602401099955077,-0.786146180088033,0.38299115794567606,0.44280543843381176,3.9870711129899314,False,insufficient_egarch_obs
Equity-option Greek Markowitz,Gross before costs,958,garch11_residual_fallback_insufficient_egarch_obs,60,ok,60,0.33742759978123016,1.098591121452699,0.7876888465576359,1.4617059631762594,-0.9579746680687409,0.3378605454162423,0.4358609805255276,4.279089856333368,False,insufficient_egarch_obs
Equity-option Greek Markowitz,Gross before costs,959,garch11_residual_fallback_insufficient_egarch_obs,60,ok,60,0.4086069080177688,1.1319419327158118,0.8174626185734725,1.612123875057945,-0.8182147599060314,0.3707855271418403,0.405443655496039,5.545606748502727,False,insufficient_egarch_obs
Equity-option Greek Markowitz,Gross before costs,960,garch11_residual_fallback_insufficient_egarch_obs,60,ok,60,-0.1791985901062182,1.6076138438181373,0.7431843229809181,1.2899185152083859,-0.9740806840885885,0.5757653603457104,0.6880870305537309,0.3725550621249889,False,insufficient_egarch_obs
Equity-option Greek Markowitz,Gross before costs,961,garch11_residual_fallback_insufficient_egarch_obs,60,ok,60,0.021717997211532003,1.3398227914387433,0.6894884426161321,1.2371766539694913,-0.84091033743958,0.45554259190415414,0.6413574339429154,1.113410254869835,False,insufficient_egarch_obs
Equity-option Greek Markowitz,Gross before costs,962,garch11_residual_fallback_insufficient_egarch_obs,60,ok,60,0.3152317282532786,1.3864022342188302,0.8841307557478448,1.6047917664534708,-0.9531328223981643,0.4741589868252707,0.5714096105423387,3.9356039298376304,False,insufficient_egarch_obs
Equity-option Greek Markowitz,Gross before costs,963,garch11_residual_fallback_insufficient_egarch_obs,60,ok,60,0.5962770718162271,1.1902836169929454,0.937183301287608,1.894913519080013,-0.9350949180374508,0.35417069462061174,0.414385621838238,10.364333483394205,False,insufficient_egarch_obs
Equity-option Greek Markowitz,Gross before costs,964,garch11_residual_fallback_insufficient_egarch_obs,60,ok,60,-0.5968655218598126,1.0817686311522399,-0.28453360619942064,-0.41971090466296845,-0.9934727091886927,0.36546810413974384,0.4997929814744249,0.010647550639122958,False,insufficient_egarch_obs
Equity-option Greek Markowitz,Gross before costs,965,garch11_residual_fallback_insufficient_egarch_obs,60,ok,60,-0.13260682453086303,1.1729447525974406,0.45790047935131206,0.764060887603271,-0.9049975567826221,0.4186990152882443,0.4922354456267993,0.49099831789674175,False,insufficient_egarch_obs
Equity-option Greek Markowitz,Gross before costs,966,garch11_residual_fallback_insufficient_egarch_obs,60,ok,60,-0.6626794362467969,1.0361654369414697,-0.5295954641232962,-0.7675445478562495,-0.9971820730788917,0.37090644964525615,0.3972840396082904,0.004367310677025598,False,insufficient_egarch_obs
Equity-option Greek Markowitz,Gross before costs,967,garch11_residual_fallback_insufficient_egarch_obs,60,ok,60,-0.1549750355615851,1.1280802851642295,0.3884732286977892,0.6633188495975125,-0.8671990246654906,0.3740123788807237,0.45015926868737405,0.43087142909892134,False,insufficient_egarch_obs
Equity-option Greek Markowitz,Gross before costs,968,garch11_residual_fallback_insufficient_egarch_obs,60,ok,60,0.4559721554263332,0.8230741387108302,0.8818395445047081,1.5340688360774417,-0.6436061590945634,0.27305208212625726,0.4505795015813702,6.542825644254069,False,insufficient_egarch_obs
Equity-option Greek Markowitz,Gross before costs,969,garch11_residual_fallback_insufficient_egarch_obs,60,ok,60,0.023215267922602312,1.165403796174936,0.5689325826592937,1.0072850256468178,-0.8122161591974099,0.3458988593837142,0.42818021189052874,1.121592403708227,False,insufficient_egarch_obs
Equity-option Greek Markowitz,Gross before costs,970,garch11_residual_fallback_insufficient_egarch_obs,60,ok,60,0.40538402184312483,1.1400778817237265,0.8270203805863251,1.5681304573070276,-0.8848942323148687,0.3525670418623037,0.37703163116601207,5.4824547786751054,False,insufficient_egarch_obs
Equity-option Greek Markowitz,Gross before costs,971,garch11_residual_fallback_insufficient_egarch_obs,60,ok,60,0.04332693557434775,1.0274537654851283,0.5213371039893352,0.9349690754462263,-0.8153953761279074,0.329181950640542,0.43114688102068843,1.2362380272043691,False,insufficient_egarch_obs
Equity-option Greek Markowitz,Gross before costs,972,garch11_residual_fallback_insufficient_egarch_obs,60,ok,60,0.47454436294007385,0.9858649726181967,0.8755642948588329,1.6073262463821423,-0.866684742996345,0.3032050533162128,0.42717356859025574,6.970905832470898,False,insufficient_egarch_obs
Equity-option Greek Markowitz,Gross before costs,973,garch11_residual_fallback_insufficient_egarch_obs,60,ok,60,1.184328408482913,1.2816289444688962,1.2340980376945485,2.4466553490744896,-0.7717948729514759,0.4012196500194328,0.4346258277514143,49.72670356160398,False,insufficient_egarch_obs
Equity-option Greek Markowitz,Gross before costs,974,garch11_residual_fallback_insufficient_egarch_obs,60,ok,60,-0.3262123431109435,0.893378803485487,-0.012121416904562627,-0.019261483850707663,-0.9567982852374692,0.2896258031988598,0.3795391969320046,0.13887218042881125,False,insufficient_egarch_obs
Equity-option Greek Markowitz,Gross before costs,975,garch11_residual_fallback_insufficient_egarch_obs,60,ok,60,0.5878238708915202,0.9858634636336044,0.9260802342164749,1.8756293222067417,-0.7429430750817536,0.2929379702796852,0.33317636922454014,10.092799216171086,False,insufficient_egarch_obs
Equity-option Greek Markowitz,Gross before costs,976,garch11_residual_fallback_insufficient_egarch_obs,60,ok,60,2.4324549980242334,0.9294835173684602,1.8190491073364157,4.27931069144532,-0.48902323579009377,0.26126383237764816,0.31014375514583614,476.45760149032685,False,insufficient_egarch_obs
Equity-option Greek Markowitz,Gross before costs,977,garch11_residual_fallback_insufficient_egarch_obs,60,ok,60,1.1093983744987779,0.861034902944874,1.3038255652330724,2.6286857640350503,-0.5347550487342905,0.2384626111555877,0.39217911532981836,41.76312951693575,False,insufficient_egarch_obs
Equity-option Greek Markowitz,Gross before costs,978,garch11_residual_fallback_insufficient_egarch_obs,60,ok,60,0.09180409341129292,1.0120489782376032,0.59293614502183,0.9921694645560283,-0.9533304085378254,0.39200681033501095,0.47117578175016134,1.551399300127761,False,insufficient_egarch_obs
Equity-option Greek Markowitz,Gross before costs,979,garch11_residual_fallback_insufficient_egarch_obs,60,ok,60,0.8744229323365356,0.843508139809202,1.1598340512801995,2.35646767570822,-0.7932029811151107,0.22984835440866463,0.32758508387770674,23.138646150373905,False,insufficient_egarch_obs
Equity-option Greek Markowitz,Gross before costs,980,garch11_residual_fallback_insufficient_egarch_obs,60,ok,60,-0.9463091681633843,1.9416932004856375,0.07101473871061177,0.1111958234116633,-0.9999999229052812,0.7553492031940181,0.9186586423882653,4.4617030557450176e-07,False,insufficient_egarch_obs
Equity-option Greek Markowitz,Gross before costs,981,garch11_residual_fallback_insufficient_egarch_obs,60,ok,60,-0.11698913319604165,1.2019440212830932,0.4856772791656219,0.8320833784162801,-0.9694391066533855,0.37211009225975755,0.5360456089211123,0.5368219203998474,False,insufficient_egarch_obs
Equity-option Greek Markowitz,Gross before costs,982,garch11_residual_fallback_insufficient_egarch_obs,60,ok,60,0.09076687184508381,0.9104167083472544,0.5095873170127173,0.9333021552125722,-0.8076238585980511,0.27756517727751323,0.31075962330874835,1.544044087196325,False,insufficient_egarch_obs
Equity-option Greek Markowitz,Gross before costs,983,garch11_residual_fallback_insufficient_egarch_obs,60,ok,60,2.29897573853793,1.2776694738667775,1.5896077336446353,3.3402581031557688,-0.8711955176563797,0.3967678403840613,0.48393864836542244,390.7469603135331,False,insufficient_egarch_obs
Equity-option Greek Markowitz,Gross before costs,984,garch11_residual_fallback_insufficient_egarch_obs,60,ok,60,-0.09734848491239356,1.0739184483330946,0.39204011283053153,0.7166739219740244,-0.9085993575160597,0.31867963822880063,0.3989397903179988,0.5992396990442808,False,insufficient_egarch_obs
Equity-option Greek Markowitz,Gross before costs,985,garch11_residual_fallback_insufficient_egarch_obs,60,ok,60,0.4634054047987406,0.595957243185442,0.9313370181908988,1.7642603982821095,-0.4656223715881854,0.17513583749014325,0.26394634392316,6.711556852952396,False,insufficient_egarch_obs
Equity-option Greek Markowitz,Gross before costs,986,garch11_residual_fallback_insufficient_egarch_obs,60,ok,60,-0.11942212928909735,0.8009504185097074,0.2158119127245267,0.36269914445112583,-0.8231811223631458,0.2672638806696679,0.31092175009334005,0.5294669258854139,False,insufficient_egarch_obs
Equity-option Greek Markowitz,Gross before costs,987,garch11_residual_fallback_insufficient_egarch_obs,60,ok,60,0.4366068965566299,1.201149195871198,0.881429672312007,1.6837725972672053,-0.879370591973612,0.38681830123683014,0.49218462481074404,6.119130775477509,False,insufficient_egarch_obs
Equity-option Greek Markowitz,Gross before costs,988,garch11_residual_fallback_insufficient_egarch_obs,60,ok,60,-0.04894577166379355,0.9552445909666821,0.41177308771568616,0.6964809869813091,-0.9426054404697104,0.30845841946914865,0.46631369078112783,0.7780838547673247,False,insufficient_egarch_obs
Equity-option Greek Markowitz,Gross before costs,989,garch11_residual_fallback_insufficient_egarch_obs,60,ok,60,0.6656915673663124,0.9687806452171778,0.978530066025605,1.9843355327681294,-0.6426723781184851,0.28912944620752035,0.3320763356003141,12.822506726389127,False,insufficient_egarch_obs
Equity-option Greek Markowitz,Gross before costs,990,garch11_residual_fallback_insufficient_egarch_obs,60,ok,60,-0.11381059711407338,1.09710615423708,0.4444568702499505,0.7166628731719418,-0.991126631409958,0.40563701349083187,0.5063504044069373,0.5465536035093667,False,insufficient_egarch_obs
Equity-option Greek Markowitz,Gross before costs,991,garch11_residual_fallback_insufficient_egarch_obs,60,ok,60,0.18740950429093228,0.9047970609079606,0.5973674155427319,1.1429402769639065,-0.6581196704452235,0.2668909194257559,0.3222777894708973,2.360492386326045,False,insufficient_egarch_obs
Equity-option Greek Markowitz,Gross before costs,992,garch11_residual_fallback_insufficient_egarch_obs,60,ok,60,-0.5043153509328576,1.4700792467567059,0.3083704463273878,0.4954786065003623,-0.9867604047847136,0.5660566971409444,0.6954966957761423,0.029924530612149104,False,insufficient_egarch_obs
Equity-option Greek Markowitz,Gross before costs,993,garch11_residual_fallback_insufficient_egarch_obs,60,ok,60,0.11717631166860043,1.0469822476295725,0.6111101396562879,1.084765762820735,-0.9280134090942606,0.33115421440303655,0.45094296065212386,1.7402377778026172,False,insufficient_egarch_obs
Equity-option Greek Markowitz,Gross before costs,994,garch11_residual_fallback_insufficient_egarch_obs,60,ok,60,1.4024829777092562,1.0296293525828495,1.3546129225885872,2.880283434639362,-0.7610766782215951,0.3435293187600125,0.3654558618716452,80.03898936267896,False,insufficient_egarch_obs
Equity-option Greek Markowitz,Gross before costs,995,garch11_residual_fallback_insufficient_egarch_obs,60,ok,60,0.21163335138393946,0.8725450793236745,0.6238229694556158,1.14540483608761,-0.5941972801924879,0.26316816044013985,0.3011526444846922,2.6112959550437886,False,insufficient_egarch_obs
Equity-option Greek Markowitz,Gross before costs,996,garch11_residual_fallback_insufficient_egarch_obs,60,ok,60,0.08235969891383021,0.8949307357401656,0.5332157899997599,0.8895072342585323,-0.913989806003658,0.3080049302490519,0.4277303332624082,1.4854500948479683,False,insufficient_egarch_obs
Equity-option Greek Markowitz,Gross before costs,997,garch11_residual_fallback_insufficient_egarch_obs,60,ok,60,1.5028077044944945,1.0663270350188863,1.3691582317583701,3.1131397397930245,-0.8237458093439826,0.27325521616663423,0.3486885094224279,98.2058629189223,False,insufficient_egarch_obs
Equity-option Greek Markowitz,Gross before costs,998,garch11_residual_fallback_insufficient_egarch_obs,60,ok,60,0.3998688702537476,1.0964877958810508,0.8300832948694074,1.5567114712556671,-0.8219070614037703,0.37266796622740317,0.4390130595311499,5.375721731620876,False,insufficient_egarch_obs
Equity-option Greek Markowitz,Gross before costs,999,garch11_residual_fallback_insufficient_egarch_obs,60,ok,60,0.9290878116686223,0.8938214138328043,1.163841406079661,2.434033411384977,-0.48667838578992806,0.24885177751242069,0.30290269376853185,26.71529569206038,False,insufficient_egarch_obs
