config,strategy,return_date,decision_date,contract_rows,active_contracts,gross_weight,net_weight,long_weight,short_weight,max_abs_weight
larger,25% volatility-ceiling EGARCH diagnostic (R1.1),2018-02-28,2018-01-31,262,24,0.094715999999999606,0.071817999999999702,0.0832669999999998,0.0114489999999998,0.032099999999999802
larger,25% volatility-ceiling EGARCH diagnostic (R1.1),2018-04-30,2018-02-28,262,13,0.055840999999999801,0.0265709999999999,0.041205999999999701,0.0146349999999999,0.0178
larger,25% volatility-ceiling EGARCH diagnostic (R1.1),2018-05-31,2018-04-30,262,22,0.065045999999999701,0.0495299999999999,0.0572879999999997,0.0077579999999999004,0.0253499999999999
larger,25% volatility-ceiling EGARCH diagnostic (R1.1),2018-06-29,2018-05-31,262,29,0.065984999999999905,0.033946999999999901,0.049965999999999802,0.016018999999999901,0.013140000000000001
larger,25% volatility-ceiling EGARCH diagnostic (R1.1),2018-07-31,2018-06-29,262,18,0.068903999999999702,0.055467999999999601,0.0621859999999997,0.006718,0.023359999999999902
larger,25% volatility-ceiling EGARCH diagnostic (R1.1),2018-08-31,2018-07-31,262,27,0.066171999999999703,0.031693999999999702,0.048932999999999602,0.0172389999999999,0.0093760000000000007
larger,25% volatility-ceiling EGARCH diagnostic (R1.1),2018-09-28,2018-08-31,262,27,0.091810999999999601,0.0765069999999997,0.084158999999999401,0.0076519999999999002,0.024365999999999902
larger,25% volatility-ceiling EGARCH diagnostic (R1.1),2018-10-31,2018-09-28,262,31,0.0743279999999997,0.0389399999999996,0.056633999999999601,0.017694000000000001,0.0083099999999999008
larger,25% volatility-ceiling EGARCH diagnostic (R1.1),2018-11-30,2018-10-31,262,13,0.066096999999999601,0.040806999999999802,0.053451999999999701,0.0126449999999998,0.025961999999999801
larger,25% volatility-ceiling EGARCH diagnostic (R1.1),2018-12-31,2018-11-30,262,18,0.081566999999999806,0.075384999999999702,0.078475999999999602,0.0030909999999998001,0.0354449999999999
larger,25% volatility-ceiling EGARCH diagnostic (R1.1),2019-01-31,2018-12-31,262,8,0.0303449999999999,0.0250169999999999,0.0276809999999999,0.0026640000000000001,0.0088000000000000005
larger,25% volatility-ceiling EGARCH diagnostic (R1.1),2019-02-28,2019-01-31,262,26,0.055539999999999402,0.0255039999999996,0.0405219999999996,0.015018,0.0072899999999998001
larger,25% volatility-ceiling EGARCH diagnostic (R1.1),2019-04-30,2019-02-28,262,30,0.064075999999999605,0.036881999999999901,0.050478999999999802,0.013596999999999901,0.01431
larger,25% volatility-ceiling EGARCH diagnostic (R1.1),2019-05-31,2019-04-30,262,33,0.085950999999999306,0.069102999999999401,0.077526999999999402,0.0084239999999999003,0.027054000000000002
larger,25% volatility-ceiling EGARCH diagnostic (R1.1),2019-06-28,2019-05-31,262,20,0.0563409999999996,0.029443,0.042891999999999902,0.0134489999999998,0.0089169999999999007
larger,25% volatility-ceiling EGARCH diagnostic (R1.1),2019-07-31,2019-06-28,262,26,0.079697999999999602,0.064661999999999803,0.072179999999999703,0.0075179999999998,0.01243
larger,25% volatility-ceiling EGARCH diagnostic (R1.1),2019-08-30,2019-07-31,262,30,0.0596499999999998,0.025166000000000001,0.0424079999999998,0.0172419999999999,0.011594999999999901
larger,25% volatility-ceiling EGARCH diagnostic (R1.1),2019-09-30,2019-08-30,262,30,0.074023999999999701,0.056699999999999702,0.065361999999999601,0.0086619999999998001,0.0083999999999999006
larger,25% volatility-ceiling EGARCH diagnostic (R1.1),2019-10-31,2019-09-30,262,30,0.074401999999999802,0.062805999999999904,0.068603999999999901,0.0057980000000000002,0.0144499999999999
larger,25% volatility-ceiling EGARCH diagnostic (R1.1),2019-11-29,2019-10-31,262,29,0.073079999999999506,0.046312000000000103,0.059695999999999701,0.0133839999999995,0.011039999999999901
larger,25% volatility-ceiling EGARCH diagnostic (R1.1),2019-12-31,2019-11-29,262,33,0.082530999999999702,0.0638569999999999,0.073193999999999801,0.0093369999999998003,0.0129199999999999
larger,25% volatility-ceiling EGARCH diagnostic (R1.1),2020-01-31,2019-12-31,262,41,0.1014359999999995,0.063637999999999501,0.0825369999999995,0.018898999999999801,0.028785000000000002
larger,25% volatility-ceiling EGARCH diagnostic (R1.1),2020-02-28,2020-01-31,262,28,0.0704619999999994,0.029506000000000001,0.049983999999999702,0.020477999999999601,0.010728
larger,25% volatility-ceiling EGARCH diagnostic (R1.1),2020-03-31,2020-02-28,262,7,0.045805999999999701,0.045805999999999701,0.045805999999999701,0,0.032112000000000002
larger,25% volatility-ceiling EGARCH diagnostic (R1.1),2020-04-30,2020-03-31,262,5,0.041382000000000002,0.041382000000000002,0.041382000000000002,0,0.018575999999999902
larger,25% volatility-ceiling EGARCH diagnostic (R1.1),2020-05-29,2020-04-30,262,15,0.061505999999999401,0.035155999999999701,0.048330999999999701,0.0131749999999998,0.016449999999999802
larger,25% volatility-ceiling EGARCH diagnostic (R1.1),2020-06-30,2020-05-29,262,20,0.086448999999999901,0.039987000000000002,0.063217999999999802,0.023231000000000002,0.014888
larger,25% volatility-ceiling EGARCH diagnostic (R1.1),2020-07-31,2020-06-30,262,21,0.087667999999999302,0.028984000000000301,0.058326000000000003,0.029341999999999702,0.026096000000000001
larger,25% volatility-ceiling EGARCH diagnostic (R1.1),2020-08-31,2020-07-31,262,18,0.069116999999999901,0.056438999999999802,0.062777999999999903,0.006339,0.0135599999999999
larger,25% volatility-ceiling EGARCH diagnostic (R1.1),2020-09-30,2020-08-31,262,26,0.083543999999999702,0.054293999999999801,0.0689189999999998,0.0146249999999998,0.015154999999999801
larger,25% volatility-ceiling EGARCH diagnostic (R1.1),2020-10-30,2020-09-30,262,24,0.0680139999999997,0.030589999999999801,0.049301999999999901,0.018711999999999802,0.0138999999999999
larger,25% volatility-ceiling EGARCH diagnostic (R1.1),2020-11-30,2020-10-30,262,10,0.049494999999999602,0.0104869999999998,0.029990999999999601,0.0195039999999999,0.0128469999999999
larger,25% volatility-ceiling EGARCH diagnostic (R1.1),2020-12-31,2020-11-30,262,22,0.082619999999999805,0.0390820000000002,0.060850999999999801,0.021768999999999601,0.014880000000000001
larger,25% volatility-ceiling EGARCH diagnostic (R1.1),2021-01-29,2020-12-31,262,37,0.088321999999999401,0.040891999999999602,0.064606999999999401,0.023715,0.010359999999999901
larger,25% volatility-ceiling EGARCH diagnostic (R1.1),2021-02-26,2021-01-29,262,14,0.0875329999999995,0.022039,0.0547859999999998,0.0327469999999997,0.019705
larger,25% volatility-ceiling EGARCH diagnostic (R1.1),2021-03-31,2021-02-26,262,13,0.0574329999999997,-0.007809,0.024811999999999501,0.0326209999999999,0.016625000000000001
larger,25% volatility-ceiling EGARCH diagnostic (R1.1),2021-04-30,2021-03-31,262,26,0.078269999999999507,0.029211999999999402,0.053740999999999602,0.024528999999999902,0.0124
larger,25% volatility-ceiling EGARCH diagnostic (R1.1),2021-06-30,2021-04-30,262,30,0.1032319999999996,0.044915999999999602,0.074073999999999501,0.029157999999999702,0.020684999999999901
larger,25% volatility-ceiling EGARCH diagnostic (R1.1),2021-07-30,2021-06-30,262,41,0.088083999999999302,0.034622,0.061352999999999602,0.026730999999999502,0.01188
larger,25% volatility-ceiling EGARCH diagnostic (R1.1),2021-08-31,2021-07-30,262,32,0.082071999999999701,0.03261,0.057340999999999802,0.024730999999999701,0.0112529999999999
larger,25% volatility-ceiling EGARCH diagnostic (R1.1),2021-09-30,2021-08-31,262,52,0.086865999999999,0.041977999999999502,0.064421999999999202,0.022443999999999801,0.01078
larger,25% volatility-ceiling EGARCH diagnostic (R1.1),2021-10-29,2021-09-30,262,34,0.084648999999999405,0.0086249999999996,0.046636999999999401,0.0380119999999999,0.0092399999999998005
larger,25% volatility-ceiling EGARCH diagnostic (R1.1),2021-11-30,2021-10-29,262,36,0.1005309999999992,0.027656999999999501,0.064093999999999401,0.036436999999999602,0.025530000000000001
larger,25% volatility-ceiling EGARCH diagnostic (R1.1),2021-12-31,2021-11-30,262,29,0.079478999999999606,0.0005069999999996,0.039992999999999702,0.039485999999999903,0.0147499999999999
larger,25% volatility-ceiling EGARCH diagnostic (R1.1),2022-01-31,2021-12-31,262,34,0.081026999999999502,0.0278589999999997,0.0544429999999997,0.026584,0.0079920000000000008
larger,25% volatility-ceiling EGARCH diagnostic (R1.1),2022-02-28,2022-01-31,262,21,0.086886999999999701,0.0395769999999998,0.063231999999999802,0.023654999999999801,0.023099999999999801
larger,25% volatility-ceiling EGARCH diagnostic (R1.1),2022-04-29,2022-02-28,262,20,0.068264999999999701,0.017934999999999701,0.043099999999999902,0.025165,0.010761
larger,25% volatility-ceiling EGARCH diagnostic (R1.1),2022-05-31,2022-04-29,262,12,0.0614839999999999,-0.0165160000000001,0.0224839999999999,0.039,0.01968
larger,25% volatility-ceiling EGARCH diagnostic (R1.1),2022-06-30,2022-05-31,262,20,0.059942999999999802,-0.0075469999999998004,0.026197999999999801,0.0337449999999999,0.0177
larger,25% volatility-ceiling EGARCH diagnostic (R1.1),2022-07-29,2022-06-30,262,18,0.059939999999999702,0.0065280000000002003,0.033234,0.026705999999999602,0.022172000000000001
larger,25% volatility-ceiling EGARCH diagnostic (R1.1),2022-08-31,2022-07-29,262,17,0.0668099999999998,-0.0038819999999998001,0.031463999999999902,0.035345999999999801,0.016279999999999802
larger,25% volatility-ceiling EGARCH diagnostic (R1.1),2022-09-30,2022-08-31,262,18,0.063393999999999701,-0.0094460000000001001,0.026973999999999901,0.036420000000000001,0.01891
larger,25% volatility-ceiling EGARCH diagnostic (R1.1),2022-10-31,2022-09-30,262,12,0.063694000000000001,0.010562,0.037128000000000001,0.026565999999999802,0.022092000000000001
larger,25% volatility-ceiling EGARCH diagnostic (R1.1),2022-11-30,2022-10-31,262,14,0.059737999999999701,3.5999999999999574e-05,0.0298869999999999,0.029850999999999801,0.015169999999999901
larger,25% volatility-ceiling EGARCH diagnostic (R1.1),2022-12-30,2022-11-30,262,23,0.071724999999999706,0.0105469999999999,0.041135999999999701,0.030588999999999901,0.0158999999999999
larger,25% volatility-ceiling EGARCH diagnostic (R1.1),2023-01-31,2022-12-30,262,20,0.052704999999999502,0.017555000000000001,0.0351299999999998,0.0175749999999999,0.008352
larger,25% volatility-ceiling EGARCH diagnostic (R1.1),2023-02-28,2023-01-31,262,22,0.0585569999999997,0.0043670000000001,0.0314619999999999,0.0270949999999998,0.0066750000000000004
larger,25% volatility-ceiling EGARCH diagnostic (R1.1),2023-03-31,2023-02-28,262,20,0.071562999999999904,0.0029109999999999002,0.037236999999999701,0.034326000000000002,0.0091000000000000004
larger,25% volatility-ceiling EGARCH diagnostic (R1.1),2023-04-28,2023-03-31,262,20,0.0687689999999999,-0.00069899999999980004,0.034034999999999802,0.0347339999999998,0.0127049999999999
larger,25% volatility-ceiling EGARCH diagnostic (R1.1),2023-05-31,2023-04-28,262,32,0.082127999999999701,0.0453319999999999,0.063729999999999801,0.018397999999999901,0.010692
larger,25% volatility-ceiling EGARCH diagnostic (R1.1),2023-06-30,2023-05-31,262,25,0.072604999999999906,0.025746999999999801,0.0491759999999999,0.023428999999999901,0.0080499999999998004
larger,25% volatility-ceiling EGARCH diagnostic (R1.1),2023-07-31,2023-06-30,262,31,0.082672999999999705,0.041266999999999901,0.0619699999999999,0.020702999999999701,0.0151759999999999
larger,25% volatility-ceiling EGARCH diagnostic (R1.1),2023-08-31,2023-07-31,262,31,0.091320999999999306,0.051760999999999703,0.0715409999999993,0.019779999999999701,0.01626
larger,25% volatility-ceiling EGARCH diagnostic (R1.1),2023-09-29,2023-08-31,262,40,0.0995809999999996,0.0116889999999997,0.055634999999999601,0.043945999999999902,0.010200000000000001
larger,25% volatility-ceiling EGARCH diagnostic (R1.1),2023-10-31,2023-09-29,262,26,0.0890849999999999,0.027172999999999801,0.058129,0.030956000000000001,0.0152999999999999
larger,25% volatility-ceiling EGARCH diagnostic (R1.1),2023-11-30,2023-10-31,262,24,0.088701999999999601,0.034037999999999902,0.0613699999999998,0.027331999999999902,0.013860000000000001
larger,25% volatility-ceiling EGARCH diagnostic (R1.1),2023-12-29,2023-11-30,262,39,0.080500999999999906,0.011605000000000001,0.0460529999999999,0.034447999999999902,0.01209
larger,25% volatility-ceiling EGARCH diagnostic (R1.1),2024-01-31,2023-12-29,262,35,0.078122999999999401,0.052678999999999601,0.065400999999999501,0.0127219999999999,0.0081359999999999003
larger,25% volatility-ceiling EGARCH diagnostic (R1.1),2024-02-29,2024-01-31,262,25,0.0499369999999996,0.022546999999999501,0.036241999999999601,0.013695000000000001,0.0081719999999997003
larger,25% volatility-ceiling EGARCH diagnostic (R1.1),2024-04-30,2024-02-29,262,30,0.0720689999999993,0.0386689999999996,0.055368999999999502,0.016699999999999701,0.0152999999999999
larger,25% volatility-ceiling EGARCH diagnostic (R1.1),2024-05-31,2024-04-30,262,23,0.0530769999999995,0.0039909999999995002,0.028533999999999601,0.024542999999999801,0.0127499999999999
larger,25% volatility-ceiling EGARCH diagnostic (R1.1),2024-06-28,2024-05-31,262,20,0.0598099999999996,0.0243299999999998,0.042069999999999802,0.017739999999999902,0.022845000000000001
larger,25% volatility-ceiling EGARCH diagnostic (R1.1),2024-07-31,2024-06-28,262,24,0.054486999999999702,0.015011000000000101,0.034748999999999801,0.019737999999999801,0.0080800000000000004
larger,25% volatility-ceiling EGARCH diagnostic (R1.1),2024-08-30,2024-07-31,262,28,0.070044999999999302,0.0297029999999999,0.0498739999999998,0.0201709999999998,0.0072950000000000003
larger,25% volatility-ceiling EGARCH diagnostic (R1.1),2024-09-30,2024-08-30,262,25,0.060449999999999601,0.024271999999999901,0.042360999999999802,0.0180889999999999,0.0092700000000000005
larger,25% volatility-ceiling EGARCH diagnostic (R1.1),2024-10-31,2024-09-30,262,25,0.0643699999999999,0.0086339999999999004,0.036502,0.027867999999999601,0.0098200000000000006
larger,25% volatility-ceiling EGARCH diagnostic (R1.1),2024-11-29,2024-10-31,262,23,0.072313999999999601,0.034116,0.053214999999999901,0.019098999999999901,0.0091999999999998004
larger,25% volatility-ceiling EGARCH diagnostic (R1.1),2024-12-31,2024-11-29,262,23,0.079721999999999502,0.058911999999999701,0.069316999999999601,0.0104049999999999,0.0103199999999999
larger,25% volatility-ceiling EGARCH diagnostic (R1.1),2025-01-31,2024-12-31,262,24,0.070068999999999604,0.039892999999999901,0.0549809999999996,0.015087999999999701,0.0089099999999999006
larger,25% volatility-ceiling EGARCH diagnostic (R1.1),2025-02-28,2025-01-31,262,20,0.078411999999999801,0.070999999999999702,0.0747059999999998,0.0037060000000000001,0.0147899999999999
larger,25% volatility-ceiling EGARCH diagnostic (R1.1),2025-04-30,2025-02-28,262,22,0.0805279999999996,0.059537999999999702,0.070032999999999804,0.0104949999999999,0.01358
larger,25% volatility-ceiling EGARCH diagnostic (R1.1),2025-05-30,2025-04-30,262,14,0.060497999999999302,-0.006058,0.027219999999999502,0.033277999999999801,0.0132299999999999
larger,25% volatility-ceiling EGARCH diagnostic (R1.1),2025-06-30,2025-05-30,262,19,0.0803619999999996,0.053876,0.067118999999999901,0.013242999999999901,0.01524
larger,25% volatility-ceiling EGARCH diagnostic (R1.1),2025-07-31,2025-06-30,262,33,0.090250999999999401,0.048390999999999601,0.069320999999999605,0.0209299999999999,0.0087170000000000008
larger,25% volatility-ceiling EGARCH diagnostic (R1.1),2025-08-29,2025-07-31,262,25,0.072197999999999402,0.024702000000000002,0.048449999999999903,0.023747999999999801,0.0089999999999999004
larger,25% volatility-ceiling EGARCH diagnostic (R1.1),2025-09-30,2025-08-29,262,33,0.093490999999999602,0.0441030000000001,0.0687969999999999,0.024693999999999602,0.01005
larger,25% volatility-ceiling EGARCH diagnostic (R1.1),2025-10-31,2025-09-30,262,25,0.0849709999999997,0.025680999999999801,0.055325999999999702,0.0296449999999998,0.01059
larger,25% volatility-ceiling EGARCH diagnostic (R1.1),2025-11-28,2025-10-31,262,17,0.094708999999999502,0.025503000000000001,0.060105999999999701,0.034602999999999703,0.0136919999999999
larger,25% volatility-ceiling EGARCH diagnostic (R1.1),2025-12-31,2025-11-28,262,37,0.10406799999999961,0.0423139999999999,0.073190999999999701,0.0308769999999998,0.01243
larger,25% volatility-ceiling EGARCH diagnostic (R1.1),2026-01-30,2025-12-31,262,27,0.080819999999999906,0.027401999999999802,0.054110999999999701,0.026709,0.011331000000000001
larger,25% volatility-ceiling EGARCH diagnostic (R1.1),2026-02-27,2026-01-30,262,23,0.095477999999999702,0.017969999999999701,0.0567239999999999,0.0387539999999999,0.0112
larger,25% volatility-ceiling EGARCH diagnostic (R1.1),2026-03-31,2026-02-27,262,25,0.1107899999999994,0.035315999999999501,0.073052999999999202,0.037736999999999903,0.0130149999999999
larger,25% volatility-ceiling EGARCH diagnostic (R1.1),2026-04-30,2026-03-31,262,25,0.088707999999999801,0.042029999999999901,0.065368999999999802,0.023338999999999901,0.0095600000000000008
larger,25% volatility-ceiling specification (R1.1),2018-02-28,2018-01-31,262,25,0.092755999999999506,0.069713999999999901,0.081234999999999502,0.0115209999999997,0.032099999999999802
larger,25% volatility-ceiling specification (R1.1),2018-04-30,2018-02-28,262,14,0.0561559999999999,0.0324859999999998,0.044320999999999902,0.011834999999999801,0.013350000000000001
larger,25% volatility-ceiling specification (R1.1),2018-05-31,2018-04-30,262,21,0.0710809999999997,0.055619000000000002,0.063349999999999906,0.0077309999999999003,0.0253499999999999
larger,25% volatility-ceiling specification (R1.1),2018-06-29,2018-05-31,262,27,0.055550999999999802,0.021689000000000101,0.038620000000000002,0.016930999999999901,0.0087600000000000004
larger,25% volatility-ceiling specification (R1.1),2018-07-31,2018-06-29,262,18,0.070063999999999502,0.056271999999999801,0.063167999999999502,0.0068959999999997001,0.021899999999999802
larger,25% volatility-ceiling specification (R1.1),2018-08-31,2018-07-31,262,29,0.069769999999999402,0.035067999999999502,0.052418999999999702,0.017350999999999901,0.0093760000000000007
larger,25% volatility-ceiling specification (R1.1),2018-09-28,2018-08-31,262,28,0.078064999999999801,0.0648609999999996,0.071462999999999804,0.0066020000000000002,0.016244000000000001
larger,25% volatility-ceiling specification (R1.1),2018-10-31,2018-09-28,262,33,0.071634999999999602,0.034922999999999801,0.053278999999999702,0.0183559999999999,0.0074790000000000004
larger,25% volatility-ceiling specification (R1.1),2018-11-30,2018-10-31,262,15,0.0743029999999998,0.050472999999999602,0.062387999999999701,0.011915,0.025961999999999801
larger,25% volatility-ceiling specification (R1.1),2018-12-31,2018-11-30,262,16,0.0848079999999998,0.080743999999999802,0.082775999999999905,0.0020319999999999002,0.0354449999999999
larger,25% volatility-ceiling specification (R1.1),2019-01-31,2018-12-31,262,10,0.044180999999999901,0.038852999999999902,0.041516999999999901,0.0026640000000000001,0.012126
larger,25% volatility-ceiling specification (R1.1),2019-02-28,2019-01-31,262,28,0.060295999999999302,0.033627999999999401,0.0469619999999994,0.013334,0.0072899999999998001
larger,25% volatility-ceiling specification (R1.1),2019-04-30,2019-02-28,262,28,0.059208999999999602,0.028730999999999701,0.043969999999999801,0.0152389999999998,0.011925
larger,25% volatility-ceiling specification (R1.1),2019-05-31,2019-04-30,262,33,0.0766149999999996,0.054626999999999801,0.065620999999999402,0.0109939999999999,0.018036
larger,25% volatility-ceiling specification (R1.1),2019-06-28,2019-05-31,262,19,0.057250999999999802,0.031272999999999801,0.044261999999999802,0.012989000000000001,0.0089169999999999007
larger,25% volatility-ceiling specification (R1.1),2019-07-31,2019-06-28,262,25,0.0758659999999996,0.062933999999999601,0.069399999999999601,0.0064659999999998,0.01243
larger,25% volatility-ceiling specification (R1.1),2019-08-30,2019-07-31,262,31,0.063353999999999702,0.027094,0.045223999999999702,0.0181299999999999,0.0139139999999999
larger,25% volatility-ceiling specification (R1.1),2019-09-30,2019-08-30,262,28,0.076233999999999302,0.0623859999999999,0.069309999999999802,0.0069239999999998001,0.0067200000000000003
larger,25% volatility-ceiling specification (R1.1),2019-10-31,2019-09-30,262,33,0.072202999999999601,0.060090999999999901,0.0661469999999999,0.0060559999999999,0.014935
larger,25% volatility-ceiling specification (R1.1),2019-11-29,2019-10-31,262,39,0.075172999999999102,0.041086999999999603,0.0581299999999993,0.017042999999999701,0.0086249999999999001
larger,25% volatility-ceiling specification (R1.1),2019-12-31,2019-11-29,262,30,0.072578999999999602,0.048608999999999902,0.060593999999999801,0.0119849999999998,0.0125799999999999
larger,25% volatility-ceiling specification (R1.1),2020-01-31,2019-12-31,262,40,0.0872969999999995,0.039756999999999702,0.063526999999999501,0.023769999999999802,0.018180000000000002
larger,25% volatility-ceiling specification (R1.1),2020-02-28,2020-01-31,262,25,0.060916999999999402,0.039972999999999703,0.050444999999999601,0.0104719999999999,0.010728
larger,25% volatility-ceiling specification (R1.1),2020-03-31,2020-02-28,262,7,0.051675999999999701,0.051675999999999701,0.051675999999999701,0,0.032112000000000002
larger,25% volatility-ceiling specification (R1.1),2020-04-30,2020-03-31,262,5,0.051556999999999902,0.051556999999999902,0.051556999999999902,0,0.024767999999999901
larger,25% volatility-ceiling specification (R1.1),2020-05-29,2020-04-30,262,17,0.068635999999999406,0.0478859999999997,0.058260999999999501,0.0103749999999997,0.018800000000000001
larger,25% volatility-ceiling specification (R1.1),2020-06-30,2020-05-29,262,20,0.074769000000000002,0.031133000000000001,0.052950999999999901,0.021818000000000001,0.014888
larger,25% volatility-ceiling specification (R1.1),2020-07-31,2020-06-30,262,21,0.0819159999999996,0.024856000000000301,0.053386000000000003,0.028529999999999701,0.024232
larger,25% volatility-ceiling specification (R1.1),2020-08-31,2020-07-31,262,17,0.067755999999999705,0.046177999999999601,0.056966999999999803,0.010789,0.0135599999999999
larger,25% volatility-ceiling specification (R1.1),2020-09-30,2020-08-31,262,21,0.0738639999999995,0.039854000000000001,0.056858999999999701,0.017004999999999802,0.0119599999999999
larger,25% volatility-ceiling specification (R1.1),2020-10-30,2020-09-30,262,22,0.071970999999999702,0.018386999999999602,0.045178999999999803,0.026791999999999701,0.017850000000000001
larger,25% volatility-ceiling specification (R1.1),2020-11-30,2020-10-30,262,11,0.0579009999999998,0.022973000000000101,0.040437000000000001,0.0174639999999999,0.011075
larger,25% volatility-ceiling specification (R1.1),2020-12-31,2020-11-30,262,21,0.076401999999999901,0.021544000000000001,0.048972999999999801,0.027428999999999901,0.014880000000000001
larger,25% volatility-ceiling specification (R1.1),2021-01-29,2020-12-31,262,34,0.067516999999999702,0.023310999999999801,0.045413999999999802,0.022102999999999901,0.0066600000000000001
larger,25% volatility-ceiling specification (R1.1),2021-02-26,2021-01-29,262,13,0.0659099999999994,0.00041599999999990001,0.033162999999999901,0.0327469999999997,0.016799999999999801
larger,25% volatility-ceiling specification (R1.1),2021-03-31,2021-02-26,262,16,0.078652999999999806,0.016168999999999802,0.047410999999999801,0.031241999999999801,0.017069000000000001
larger,25% volatility-ceiling specification (R1.1),2021-04-30,2021-03-31,262,25,0.0727819999999995,0.022619999999999502,0.047700999999999501,0.025080999999999801,0.0124
larger,25% volatility-ceiling specification (R1.1),2021-06-30,2021-04-30,262,27,0.075201999999999602,0.0233619999999998,0.049281999999999701,0.025919999999999801,0.020684999999999901
larger,25% volatility-ceiling specification (R1.1),2021-07-30,2021-06-30,262,37,0.067710999999999605,0.0192590000000002,0.043484999999999802,0.024225999999999501,0.0087119999999999004
larger,25% volatility-ceiling specification (R1.1),2021-08-31,2021-07-30,262,28,0.064484999999999501,0.0149390000000001,0.039711999999999803,0.024772999999999702,0.0112529999999999
larger,25% volatility-ceiling specification (R1.1),2021-09-30,2021-08-31,262,45,0.067740999999999302,0.0294469999999999,0.0485939999999997,0.0191469999999998,0.0084700000000000001
larger,25% volatility-ceiling specification (R1.1),2021-10-29,2021-09-30,262,29,0.062005999999999402,0.0003119999999997,0.031158999999999701,0.030846999999999802,0.0092399999999998005
larger,25% volatility-ceiling specification (R1.1),2021-11-30,2021-10-29,262,28,0.075604999999999201,0.016074999999999302,0.045839999999999402,0.029764999999999701,0.025530000000000001
larger,25% volatility-ceiling specification (R1.1),2021-12-31,2021-11-30,262,29,0.076085999999999501,-0.0025440000000001,0.0367709999999997,0.039314999999999801,0.0147499999999999
larger,25% volatility-ceiling specification (R1.1),2022-01-31,2021-12-31,262,35,0.074550999999999701,0.0148269999999997,0.044688999999999701,0.029862,0.0079920000000000008
larger,25% volatility-ceiling specification (R1.1),2022-02-28,2022-01-31,262,24,0.076215999999999701,0.0306859999999998,0.0534509999999997,0.022765000000000001,0.0109999999999999
larger,25% volatility-ceiling specification (R1.1),2022-04-29,2022-02-28,262,19,0.071525999999999701,0.020715999999999901,0.046120999999999801,0.0254049999999999,0.014285000000000001
larger,25% volatility-ceiling specification (R1.1),2022-05-31,2022-04-29,262,12,0.052824999999999601,-0.017072999999999901,0.017875999999999701,0.0349489999999998,0.016639999999999901
larger,25% volatility-ceiling specification (R1.1),2022-06-30,2022-05-31,262,21,0.061241999999999901,-0.0095479999999999003,0.025846999999999901,0.035394999999999802,0.01298
larger,25% volatility-ceiling specification (R1.1),2022-07-29,2022-06-30,262,17,0.053177999999999601,0.0053639999999999001,0.029270999999999901,0.023906999999999901,0.01687
larger,25% volatility-ceiling specification (R1.1),2022-08-31,2022-07-29,262,16,0.0551439999999997,0.0033959999999997,0.029269999999999501,0.025874000000000001,0.015224
larger,25% volatility-ceiling specification (R1.1),2022-09-30,2022-08-31,262,19,0.052148999999999703,-0.0027070000000002001,0.024720999999999702,0.027428000000000001,0.01464
larger,25% volatility-ceiling specification (R1.1),2022-10-31,2022-09-30,262,11,0.054896,-0.0008859999999999,0.027005000000000001,0.027890999999999801,0.016832
larger,25% volatility-ceiling specification (R1.1),2022-11-30,2022-10-31,262,16,0.0544639999999997,0.0023779999999999002,0.028420999999999901,0.0260429999999999,0.014800000000000001
larger,25% volatility-ceiling specification (R1.1),2022-12-30,2022-11-30,262,24,0.061231999999999502,0.0016399999999999,0.0314359999999997,0.029795999999999701,0.0107999999999999
larger,25% volatility-ceiling specification (R1.1),2023-01-31,2022-12-30,262,19,0.0467359999999995,0.014659999999999901,0.030697999999999701,0.0160379999999999,0.008352
larger,25% volatility-ceiling specification (R1.1),2023-02-28,2023-01-31,262,22,0.054900999999999603,0.0035550000000001002,0.0292279999999999,0.0256729999999997,0.0066750000000000004
larger,25% volatility-ceiling specification (R1.1),2023-03-31,2023-02-28,262,20,0.064842999999999804,0.0014289999999998,0.0331359999999997,0.031706999999999902,0.0091000000000000004
larger,25% volatility-ceiling specification (R1.1),2023-04-28,2023-03-31,262,20,0.062980999999999801,0.00099500000000000001,0.031988000000000003,0.030992999999999701,0.0127049999999999
larger,25% volatility-ceiling specification (R1.1),2023-05-31,2023-04-28,262,26,0.066766999999999702,0.035921000000000002,0.0513439999999998,0.0154229999999999,0.010692
larger,25% volatility-ceiling specification (R1.1),2023-06-30,2023-05-31,262,26,0.062924999999999801,0.011753,0.0373389999999999,0.0255859999999999,0.0091349999999999001
larger,25% volatility-ceiling specification (R1.1),2023-07-31,2023-06-30,262,26,0.067491999999999802,0.030581999999999901,0.0490369999999999,0.018454999999999801,0.011382
larger,25% volatility-ceiling specification (R1.1),2023-08-31,2023-07-31,262,27,0.065067999999999501,0.038777999999999702,0.0519229999999994,0.0131449999999999,0.0092399999999998005
larger,25% volatility-ceiling specification (R1.1),2023-09-29,2023-08-31,262,36,0.080897999999999401,0.0058819999999997,0.0433899999999997,0.037507999999999903,0.010200000000000001
larger,25% volatility-ceiling specification (R1.1),2023-10-31,2023-09-29,262,22,0.075379000000000002,0.0253769999999999,0.050377999999999902,0.025000999999999801,0.0127499999999999
larger,25% volatility-ceiling specification (R1.1),2023-11-30,2023-10-31,262,26,0.081007999999999705,0.0243980000000001,0.052702999999999903,0.028304999999999601,0.013860000000000001
larger,25% volatility-ceiling specification (R1.1),2023-12-29,2023-11-30,262,37,0.065982999999999806,0.012759,0.039370999999999802,0.0266119999999999,0.010200000000000001
larger,25% volatility-ceiling specification (R1.1),2024-01-31,2023-12-29,262,29,0.056391999999999602,0.0362979999999999,0.046344999999999803,0.0100469999999999,0.0067650000000000002
larger,25% volatility-ceiling specification (R1.1),2024-02-29,2024-01-31,262,23,0.0418469999999996,0.0119029999999997,0.026874999999999701,0.0149719999999999,0.0082810000000000002
larger,25% volatility-ceiling specification (R1.1),2024-04-30,2024-02-29,262,27,0.0528999999999996,0.027527999999999601,0.0402139999999995,0.0126859999999999,0.010200000000000001
larger,25% volatility-ceiling specification (R1.1),2024-05-31,2024-04-30,262,21,0.0438039999999996,0.00037799999999960001,0.022090999999999701,0.021712999999999701,0.0127499999999999
larger,25% volatility-ceiling specification (R1.1),2024-06-28,2024-05-31,262,16,0.039003999999999803,0.021105999999999701,0.030054999999999801,0.0089489999999998009,0.01523
larger,25% volatility-ceiling specification (R1.1),2024-07-31,2024-06-28,262,22,0.044431999999999701,0.0116139999999998,0.028022999999999802,0.016408999999999702,0.0073439999999999001
larger,25% volatility-ceiling specification (R1.1),2024-08-30,2024-07-31,262,26,0.065247999999999501,0.025527999999999901,0.045387999999999602,0.019859999999999801,0.0072950000000000003
larger,25% volatility-ceiling specification (R1.1),2024-09-30,2024-08-30,262,26,0.0551509999999997,0.018973,0.037061999999999901,0.0180889999999999,0.0092700000000000005
larger,25% volatility-ceiling specification (R1.1),2024-10-31,2024-09-30,262,25,0.056955999999999701,0.0023180000000000002,0.0296369999999999,0.027318999999999701,0.0098200000000000006
larger,25% volatility-ceiling specification (R1.1),2024-11-29,2024-10-31,262,22,0.059918999999999702,0.0245269999999999,0.042222999999999802,0.017695999999999702,0.0086400000000000001
larger,25% volatility-ceiling specification (R1.1),2024-12-31,2024-11-29,262,23,0.0680089999999995,0.0520009999999997,0.0600049999999996,0.0080040000000000007,0.0078480000000000008
larger,25% volatility-ceiling specification (R1.1),2025-01-31,2024-12-31,262,22,0.058167999999999602,0.034411999999999901,0.046289999999999602,0.0118779999999998,0.0089099999999999006
larger,25% volatility-ceiling specification (R1.1),2025-02-28,2025-01-31,262,17,0.0643009999999999,0.056888999999999801,0.060594999999999802,0.0037060000000000001,0.0123249999999999
larger,25% volatility-ceiling specification (R1.1),2025-04-30,2025-02-28,262,21,0.070551999999999601,0.0537699999999997,0.0621609999999998,0.0083909999999999003,0.010185
larger,25% volatility-ceiling specification (R1.1),2025-05-30,2025-04-30,262,14,0.058301999999999701,-0.0041780000000001,0.027061999999999701,0.0312399999999999,0.011339999999999901
larger,25% volatility-ceiling specification (R1.1),2025-06-30,2025-05-30,262,17,0.0669709999999996,0.043012999999999801,0.054991999999999701,0.011978999999999801,0.00762
larger,25% volatility-ceiling specification (R1.1),2025-07-31,2025-06-30,262,24,0.068104999999999902,0.029554999999999901,0.048829999999999901,0.019275,0.0087170000000000008
larger,25% volatility-ceiling specification (R1.1),2025-08-29,2025-07-31,262,23,0.0570689999999998,0.020773000000000201,0.0389209999999999,0.0181479999999998,0.0074999999999999
larger,25% volatility-ceiling specification (R1.1),2025-09-30,2025-08-29,262,29,0.074897999999999604,0.030210000000000001,0.052553999999999601,0.022343999999999802,0.0071999999999999001
larger,25% volatility-ceiling specification (R1.1),2025-10-31,2025-09-30,262,25,0.067173999999999706,0.016745999999999601,0.041959999999999602,0.025214,0.007175
larger,25% volatility-ceiling specification (R1.1),2025-11-28,2025-10-31,262,19,0.085513999999999604,0.016008000000000001,0.050760999999999903,0.034752999999999701,0.0154
larger,25% volatility-ceiling specification (R1.1),2025-12-31,2025-11-28,262,36,0.091772999999999702,0.0433950000000001,0.0675839999999997,0.024188999999999801,0.0086
larger,25% volatility-ceiling specification (R1.1),2026-01-30,2025-12-31,262,31,0.075026999999999705,0.027532999999999901,0.051279999999999701,0.0237469999999999,0.0076299999999998001
larger,25% volatility-ceiling specification (R1.1),2026-02-27,2026-01-30,262,23,0.0895369999999997,0.011690999999999801,0.050613999999999701,0.038922999999999902,0.0112
larger,25% volatility-ceiling specification (R1.1),2026-03-31,2026-02-27,262,25,0.0982589999999995,0.028138999999999401,0.063198999999999506,0.035060000000000001,0.0106599999999999
larger,25% volatility-ceiling specification (R1.1),2026-04-30,2026-03-31,262,27,0.091017999999999502,0.032969999999999902,0.061993999999999702,0.0290239999999998,0.0095600000000000008
larger+VIX,25% volatility-ceiling EGARCH diagnostic (R1.1),2018-02-28,2018-01-31,267,19,0.062813999999999801,-0.0089199999999997007,0.026946999999999902,0.035866999999999802,0.013100000000000001
larger+VIX,25% volatility-ceiling EGARCH diagnostic (R1.1),2018-04-30,2018-02-28,267,14,0.048789999999999702,-0.014509999999999801,0.017139999999999801,0.031649999999999803,0.019529999999999902
larger+VIX,25% volatility-ceiling EGARCH diagnostic (R1.1),2018-05-31,2018-04-30,267,16,0.0513719999999998,-0.0016899999999998,0.024840999999999901,0.026530999999999801,0.0084499999999999003
larger+VIX,25% volatility-ceiling EGARCH diagnostic (R1.1),2018-06-29,2018-05-31,267,32,0.059038999999999703,-0.016687000000000101,0.021175999999999601,0.0378629999999998,0.01225
larger+VIX,25% volatility-ceiling EGARCH diagnostic (R1.1),2018-07-31,2018-06-29,267,21,0.070465999999999807,-0.037386000000000003,0.016539999999999801,0.0539259999999998,0.018079999999999902
larger+VIX,25% volatility-ceiling EGARCH diagnostic (R1.1),2018-08-31,2018-07-31,267,26,0.0637619999999995,-0.0073820000000002,0.028189999999999601,0.035571999999999701,0.0247
larger+VIX,25% volatility-ceiling EGARCH diagnostic (R1.1),2018-09-28,2018-08-31,267,28,0.072814999999999602,0.021514999999999802,0.047164999999999603,0.025649999999999801,0.0081220000000000007
larger+VIX,25% volatility-ceiling EGARCH diagnostic (R1.1),2018-10-31,2018-09-28,267,0,0,0,0,0,0
larger+VIX,25% volatility-ceiling EGARCH diagnostic (R1.1),2018-11-30,2018-10-31,267,0,0,0,0,0,0
larger+VIX,25% volatility-ceiling EGARCH diagnostic (R1.1),2018-12-31,2018-11-30,267,0,0,0,0,0,0
larger+VIX,25% volatility-ceiling EGARCH diagnostic (R1.1),2019-01-31,2018-12-31,267,0,0,0,0,0,0
larger+VIX,25% volatility-ceiling EGARCH diagnostic (R1.1),2019-02-28,2019-01-31,267,11,0.0423499999999997,-0.031156000000000201,0.0055969999999994002,0.0367529999999998,0.01694
larger+VIX,25% volatility-ceiling EGARCH diagnostic (R1.1),2019-04-30,2019-02-28,267,0,0,0,0,0,0
larger+VIX,25% volatility-ceiling EGARCH diagnostic (R1.1),2019-05-31,2019-04-30,267,31,0.087364999999999401,-0.022363000000000102,0.0325009999999996,0.054863999999999802,0.02852
larger+VIX,25% volatility-ceiling EGARCH diagnostic (R1.1),2019-06-28,2019-05-31,267,0,0,0,0,0,0
larger+VIX,25% volatility-ceiling EGARCH diagnostic (R1.1),2019-07-31,2019-06-28,267,0,0,0,0,0,0
larger+VIX,25% volatility-ceiling EGARCH diagnostic (R1.1),2019-08-30,2019-07-31,267,22,0.0616589999999997,-0.040205000000000102,0.0107269999999999,0.050931999999999901,0.01976
larger+VIX,25% volatility-ceiling EGARCH diagnostic (R1.1),2019-09-30,2019-08-30,267,0,0,0,0,0,0
larger+VIX,25% volatility-ceiling EGARCH diagnostic (R1.1),2019-10-31,2019-09-30,267,0,0,0,0,0,0
larger+VIX,25% volatility-ceiling EGARCH diagnostic (R1.1),2019-11-29,2019-10-31,267,0,0,0,0,0,0
larger+VIX,25% volatility-ceiling EGARCH diagnostic (R1.1),2019-12-31,2019-11-29,267,0,0,0,0,0,0
larger+VIX,25% volatility-ceiling EGARCH diagnostic (R1.1),2020-01-31,2019-12-31,267,36,0.1071619999999997,-0.067168000000000103,0.0199969999999998,0.087164999999999701,0.0528
larger+VIX,25% volatility-ceiling EGARCH diagnostic (R1.1),2020-02-28,2020-01-31,267,23,0.085741999999999402,-0.063793999999999601,0.010973999999999901,0.074767999999999502,0.052249999999999901
larger+VIX,25% volatility-ceiling EGARCH diagnostic (R1.1),2020-03-31,2020-02-28,267,0,0,0,0,0,0
larger+VIX,25% volatility-ceiling EGARCH diagnostic (R1.1),2020-04-30,2020-03-31,267,0,0,0,0,0,0
larger+VIX,25% volatility-ceiling EGARCH diagnostic (R1.1),2020-05-29,2020-04-30,267,20,0.064434999999999701,-0.046081000000000101,0.0091769999999996004,0.0552579999999998,0.0412799999999999
larger+VIX,25% volatility-ceiling EGARCH diagnostic (R1.1),2020-06-30,2020-05-29,267,0,0,0,0,0,0
larger+VIX,25% volatility-ceiling EGARCH diagnostic (R1.1),2020-07-31,2020-06-30,267,0,0,0,0,0,0
larger+VIX,25% volatility-ceiling EGARCH diagnostic (R1.1),2020-08-31,2020-07-31,267,0,0,0,0,0,0
larger+VIX,25% volatility-ceiling EGARCH diagnostic (R1.1),2020-09-30,2020-08-31,267,0,0,0,0,0,0
larger+VIX,25% volatility-ceiling EGARCH diagnostic (R1.1),2020-10-30,2020-09-30,267,21,0.0683779999999993,-0.039926000000000302,0.014225999999999401,0.0541519999999997,0.03875
larger+VIX,25% volatility-ceiling EGARCH diagnostic (R1.1),2020-11-30,2020-10-30,267,0,0,0,0,0,0
larger+VIX,25% volatility-ceiling EGARCH diagnostic (R1.1),2020-12-31,2020-11-30,267,0,0,0,0,0,0
larger+VIX,25% volatility-ceiling EGARCH diagnostic (R1.1),2021-01-29,2020-12-31,267,0,0,0,0,0,0
larger+VIX,25% volatility-ceiling EGARCH diagnostic (R1.1),2021-02-26,2021-01-29,267,18,0.076363999999999502,-0.051838000000000002,0.0122629999999998,0.0641009999999997,0.052479999999999902
larger+VIX,25% volatility-ceiling EGARCH diagnostic (R1.1),2021-03-31,2021-02-26,267,21,0.066333999999999602,-0.037531999999999802,0.0144009999999999,0.051932999999999702,0.040299999999999801
larger+VIX,25% volatility-ceiling EGARCH diagnostic (R1.1),2021-04-30,2021-03-31,267,24,0.072042999999999302,-0.0311610000000004,0.020440999999999501,0.051602000000000002,0.030200000000000001
larger+VIX,25% volatility-ceiling EGARCH diagnostic (R1.1),2021-06-30,2021-04-30,267,27,0.0823399999999994,-0.021416000000000102,0.030461999999999601,0.051878000000000001,0.025839999999999901
larger+VIX,25% volatility-ceiling EGARCH diagnostic (R1.1),2021-07-30,2021-06-30,267,41,0.1054139999999993,-0.028800000000000301,0.038306999999999501,0.067106999999999806,0.037440000000000001
larger+VIX,25% volatility-ceiling EGARCH diagnostic (R1.1),2021-08-31,2021-07-30,267,33,0.071252999999999705,-0.019497000000000101,0.0258779999999997,0.045374999999999902,0.018960000000000001
larger+VIX,25% volatility-ceiling EGARCH diagnostic (R1.1),2021-09-30,2021-08-31,267,52,0.086042999999999203,0.022976999999999501,0.054509999999999302,0.0315329999999997,0.0134399999999999
larger+VIX,25% volatility-ceiling EGARCH diagnostic (R1.1),2021-10-29,2021-09-30,267,37,0.0868169999999992,-0.045723000000000201,0.0205469999999995,0.066269999999999704,0.046169999999999801
larger+VIX,25% volatility-ceiling EGARCH diagnostic (R1.1),2021-11-30,2021-10-29,267,33,0.077228999999998701,-0.0029669999999998001,0.037130999999999602,0.040097999999999301,0.013776
larger+VIX,25% volatility-ceiling EGARCH diagnostic (R1.1),2021-12-31,2021-11-30,267,30,0.1011499999999996,-0.042745999999999701,0.029201999999999902,0.071947999999999401,0.053319999999999902
larger+VIX,25% volatility-ceiling EGARCH diagnostic (R1.1),2022-01-31,2021-12-31,267,32,0.057552999999999702,-0.00060299999999970002,0.0284749999999999,0.029077999999999701,0.01448
larger+VIX,25% volatility-ceiling EGARCH diagnostic (R1.1),2022-02-28,2022-01-31,267,27,0.10068899999999981,-0.0536150000000001,0.023536999999999801,0.077151999999999901,0.058900000000000001
larger+VIX,25% volatility-ceiling EGARCH diagnostic (R1.1),2022-04-29,2022-02-28,267,28,0.1113079999999997,-0.0537680000000001,0.028769999999999601,0.082537999999999903,0.069650000000000004
larger+VIX,25% volatility-ceiling EGARCH diagnostic (R1.1),2022-05-31,2022-04-29,267,17,0.074506999999999907,-0.047057000000000002,0.0137249999999999,0.060782000000000003,0.050138000000000002
larger+VIX,25% volatility-ceiling EGARCH diagnostic (R1.1),2022-06-30,2022-05-31,267,21,0.063133999999999801,-0.0408359999999999,0.0111489999999999,0.051984999999999802,0.033360000000000001
larger+VIX,25% volatility-ceiling EGARCH diagnostic (R1.1),2022-07-29,2022-06-30,267,16,0.0780469999999997,-0.048694999999999801,0.0146759999999998,0.063370999999999802,0.056709999999999802
larger+VIX,25% volatility-ceiling EGARCH diagnostic (R1.1),2022-08-31,2022-07-29,267,18,0.078991999999999701,-0.045927999999999802,0.016531999999999901,0.0624599999999998,0.051674999999999902
larger+VIX,25% volatility-ceiling EGARCH diagnostic (R1.1),2022-09-30,2022-08-31,267,17,0.0727049999999997,-0.048036999999999802,0.012333999999999901,0.0603709999999998,0.048160000000000001
larger+VIX,25% volatility-ceiling EGARCH diagnostic (R1.1),2022-10-31,2022-09-30,267,23,0.10136899999999981,-0.0562569999999998,0.022556,0.0788129999999998,0.0701099999999997
larger+VIX,25% volatility-ceiling EGARCH diagnostic (R1.1),2022-11-30,2022-10-31,267,14,0.053089999999999901,-0.0220800000000001,0.0155049999999998,0.037585,0.018144
larger+VIX,25% volatility-ceiling EGARCH diagnostic (R1.1),2022-12-30,2022-11-30,267,24,0.0555759999999993,-0.0144239999999998,0.020575999999999602,0.034999999999999601,0.014178
larger+VIX,25% volatility-ceiling EGARCH diagnostic (R1.1),2023-01-31,2022-12-30,267,18,0.0541079999999994,-0.0401319999999998,0.0069879999999997002,0.0471199999999996,0.023736
larger+VIX,25% volatility-ceiling EGARCH diagnostic (R1.1),2023-02-28,2023-01-31,267,18,0.046261999999999602,-0.026415999999999901,0.0099229999999998,0.036338999999999802,0.018024999999999802
larger+VIX,25% volatility-ceiling EGARCH diagnostic (R1.1),2023-03-31,2023-02-28,267,20,0.048927999999999701,-0.0319619999999999,0.0084829999999999003,0.040444999999999801,0.017944999999999801
larger+VIX,25% volatility-ceiling EGARCH diagnostic (R1.1),2023-04-28,2023-03-31,267,21,0.060242999999999901,-0.022312999999999701,0.018964999999999801,0.041277999999999801,0.01992
larger+VIX,25% volatility-ceiling EGARCH diagnostic (R1.1),2023-05-31,2023-04-28,267,30,0.061739999999999302,0.0012419999999995,0.031490999999999401,0.030248999999999901,0.015963000000000001
larger+VIX,25% volatility-ceiling EGARCH diagnostic (R1.1),2023-06-30,2023-05-31,267,23,0.090103999999999906,-0.080430000000000001,0.0048369999999999004,0.085266999999999801,0.019448
larger+VIX,25% volatility-ceiling EGARCH diagnostic (R1.1),2023-07-31,2023-06-30,267,24,0.079058999999999602,-0.054296999999999901,0.0123809999999998,0.066677999999999904,0.018526999999999901
larger+VIX,25% volatility-ceiling EGARCH diagnostic (R1.1),2023-08-31,2023-07-31,267,25,0.066050999999999402,-0.028341000000000002,0.018854999999999601,0.047195999999999801,0.0154019999999999
larger+VIX,25% volatility-ceiling EGARCH diagnostic (R1.1),2023-09-29,2023-08-31,267,25,0.076161999999999605,-0.054991999999999902,0.0105849999999999,0.065576999999999802,0.016863
larger+VIX,25% volatility-ceiling EGARCH diagnostic (R1.1),2023-10-31,2023-09-29,267,16,0.074095999999999801,-0.044608000000000002,0.0147439999999999,0.059351999999999801,0.030487999999999901
larger+VIX,25% volatility-ceiling EGARCH diagnostic (R1.1),2023-11-30,2023-10-31,267,23,0.075505999999999601,-0.038491999999999901,0.018506999999999801,0.0569989999999998,0.027788999999999901
larger+VIX,25% volatility-ceiling EGARCH diagnostic (R1.1),2023-12-29,2023-11-30,267,28,0.094699999999999201,-0.079231999999999705,0.0077339999999998001,0.086965999999999502,0.025763999999999902
larger+VIX,25% volatility-ceiling EGARCH diagnostic (R1.1),2024-01-31,2023-12-29,267,24,0.071662999999999602,-0.0476189999999998,0.012021999999999901,0.059640999999999701,0.019916
larger+VIX,25% volatility-ceiling EGARCH diagnostic (R1.1),2024-02-29,2024-01-31,267,20,0.079082999999999806,-0.071034999999999501,0.0040239999999999001,0.075058999999999806,0.027951
larger+VIX,25% volatility-ceiling EGARCH diagnostic (R1.1),2024-04-30,2024-02-29,267,22,0.070835999999999705,-0.054450000000000102,0.0081929999999997005,0.062642999999999602,0.028043999999999802
larger+VIX,25% volatility-ceiling EGARCH diagnostic (R1.1),2024-05-31,2024-04-30,267,22,0.080445999999999601,-0.065432000000000004,0.0075069999999999,0.072938999999999907,0.034290000000000001
larger+VIX,25% volatility-ceiling EGARCH diagnostic (R1.1),2024-06-28,2024-05-31,267,0,0,0,0,0,0
larger+VIX,25% volatility-ceiling EGARCH diagnostic (R1.1),2024-07-31,2024-06-28,267,20,0.086090999999999501,-0.062594999999999901,0.0117479999999997,0.074342999999999701,0.024472000000000001
larger+VIX,25% volatility-ceiling EGARCH diagnostic (R1.1),2024-08-30,2024-07-31,267,23,0.1001789999999997,-0.0866369999999997,0.0067709999999997,0.0934079999999997,0.035607
larger+VIX,25% volatility-ceiling EGARCH diagnostic (R1.1),2024-09-30,2024-08-30,267,0,0,0,0,0,0
larger+VIX,25% volatility-ceiling EGARCH diagnostic (R1.1),2024-10-31,2024-09-30,267,0,0,0,0,0,0
larger+VIX,25% volatility-ceiling EGARCH diagnostic (R1.1),2024-11-29,2024-10-31,267,0,0,0,0,0,0
larger+VIX,25% volatility-ceiling EGARCH diagnostic (R1.1),2024-12-31,2024-11-29,267,21,0.095256999999999301,-0.068919000000000202,0.013168999999999501,0.0820879999999998,0.032372999999999902
larger+VIX,25% volatility-ceiling EGARCH diagnostic (R1.1),2025-01-31,2024-12-31,267,26,0.1146819999999998,-0.0891600000000001,0.0127609999999997,0.101921,0.038020999999999902
larger+VIX,25% volatility-ceiling EGARCH diagnostic (R1.1),2025-02-28,2025-01-31,267,0,0,0,0,0,0
larger+VIX,25% volatility-ceiling EGARCH diagnostic (R1.1),2025-04-30,2025-02-28,267,0,0,0,0,0,0
larger+VIX,25% volatility-ceiling EGARCH diagnostic (R1.1),2025-05-30,2025-04-30,267,0,0,0,0,0,0
larger+VIX,25% volatility-ceiling EGARCH diagnostic (R1.1),2025-06-30,2025-05-30,267,0,0,0,0,0,0
larger+VIX,25% volatility-ceiling EGARCH diagnostic (R1.1),2025-07-31,2025-06-30,267,38,0.13208199999999951,-0.094017999999999602,0.0190319999999999,0.11304999999999971,0.041318000000000001
larger+VIX,25% volatility-ceiling EGARCH diagnostic (R1.1),2025-08-29,2025-07-31,267,0,0,0,0,0,0
larger+VIX,25% volatility-ceiling EGARCH diagnostic (R1.1),2025-09-30,2025-08-29,267,39,0.1618699999999999,-0.1086899999999999,0.026589999999999801,0.13528000000000001,0.0374079999999999
larger+VIX,25% volatility-ceiling EGARCH diagnostic (R1.1),2025-10-31,2025-09-30,267,38,0.1543969999999997,-0.11169499999999991,0.021350999999999801,0.1330459999999998,0.0361529999999999
larger+VIX,25% volatility-ceiling EGARCH diagnostic (R1.1),2025-11-28,2025-10-31,267,23,0.1152819999999997,-0.081556000000000003,0.016862999999999701,0.098418999999999701,0.034959999999999901
larger+VIX,25% volatility-ceiling EGARCH diagnostic (R1.1),2025-12-31,2025-11-28,267,24,0.12373999999999991,-0.079551999999999901,0.022093999999999801,0.101646,0.031472
larger+VIX,25% volatility-ceiling EGARCH diagnostic (R1.1),2026-01-30,2025-12-31,267,31,0.13563899999999951,-0.089582999999999302,0.023028,0.1126109999999997,0.036477999999999802
larger+VIX,25% volatility-ceiling EGARCH diagnostic (R1.1),2026-02-27,2026-01-30,267,0,0,0,0,0,0
larger+VIX,25% volatility-ceiling EGARCH diagnostic (R1.1),2026-03-31,2026-02-27,267,0,0,0,0,0,0
larger+VIX,25% volatility-ceiling EGARCH diagnostic (R1.1),2026-04-30,2026-03-31,267,0,0,0,0,0,0
larger+VIX,25% volatility-ceiling specification (R1.1),2018-02-28,2018-01-31,267,16,0.047010999999999602,-0.0144269999999997,0.0162919999999999,0.030718999999999701,0.010500000000000001
larger+VIX,25% volatility-ceiling specification (R1.1),2018-04-30,2018-02-28,267,17,0.054478999999999701,-0.037100999999999801,0.0086889999999997004,0.045789999999999803,0.02562
larger+VIX,25% volatility-ceiling specification (R1.1),2018-05-31,2018-04-30,267,18,0.052883999999999903,-0.0016299999999999,0.0256269999999999,0.027256999999999702,0.0084499999999999003
larger+VIX,25% volatility-ceiling specification (R1.1),2018-06-29,2018-05-31,267,26,0.0497809999999997,-0.019057000000000001,0.015361999999999701,0.0344189999999997,0.0127499999999999
larger+VIX,25% volatility-ceiling specification (R1.1),2018-07-31,2018-06-29,267,16,0.0505739999999998,-0.0134519999999999,0.0185609999999999,0.032012999999999701,0.01392
larger+VIX,25% volatility-ceiling specification (R1.1),2018-08-31,2018-07-31,267,0,0,0,0,0,0
larger+VIX,25% volatility-ceiling specification (R1.1),2018-09-28,2018-08-31,267,26,0.057798999999999601,0.013275,0.035536999999999701,0.022261999999999602,0.0081220000000000007
larger+VIX,25% volatility-ceiling specification (R1.1),2018-10-31,2018-09-28,267,0,0,0,0,0,0
larger+VIX,25% volatility-ceiling specification (R1.1),2018-11-30,2018-10-31,267,0,0,0,0,0,0
larger+VIX,25% volatility-ceiling specification (R1.1),2018-12-31,2018-11-30,267,0,0,0,0,0,0
larger+VIX,25% volatility-ceiling specification (R1.1),2019-01-31,2018-12-31,267,0,0,0,0,0,0
larger+VIX,25% volatility-ceiling specification (R1.1),2019-02-28,2019-01-31,267,0,0,0,0,0,0
larger+VIX,25% volatility-ceiling specification (R1.1),2019-04-30,2019-02-28,267,0,0,0,0,0,0
larger+VIX,25% volatility-ceiling specification (R1.1),2019-05-31,2019-04-30,267,0,0,0,0,0,0
larger+VIX,25% volatility-ceiling specification (R1.1),2019-06-28,2019-05-31,267,0,0,0,0,0,0
larger+VIX,25% volatility-ceiling specification (R1.1),2019-07-31,2019-06-28,267,0,0,0,0,0,0
larger+VIX,25% volatility-ceiling specification (R1.1),2019-08-30,2019-07-31,267,0,0,0,0,0,0
larger+VIX,25% volatility-ceiling specification (R1.1),2019-09-30,2019-08-30,267,0,0,0,0,0,0
larger+VIX,25% volatility-ceiling specification (R1.1),2019-10-31,2019-09-30,267,0,0,0,0,0,0
larger+VIX,25% volatility-ceiling specification (R1.1),2019-11-29,2019-10-31,267,0,0,0,0,0,0
larger+VIX,25% volatility-ceiling specification (R1.1),2019-12-31,2019-11-29,267,0,0,0,0,0,0
larger+VIX,25% volatility-ceiling specification (R1.1),2020-01-31,2019-12-31,267,32,0.1019739999999995,-0.069379999999999803,0.016296999999999801,0.085676999999999601,0.0528
larger+VIX,25% volatility-ceiling specification (R1.1),2020-02-28,2020-01-31,267,0,0,0,0,0,0
larger+VIX,25% volatility-ceiling specification (R1.1),2020-03-31,2020-02-28,267,0,0,0,0,0,0
larger+VIX,25% volatility-ceiling specification (R1.1),2020-04-30,2020-03-31,267,0,0,0,0,0,0
larger+VIX,25% volatility-ceiling specification (R1.1),2020-05-29,2020-04-30,267,19,0.065916999999999601,-0.044333000000000101,0.0107919999999998,0.055125,0.0412799999999999
larger+VIX,25% volatility-ceiling specification (R1.1),2020-06-30,2020-05-29,267,17,0.0521449999999999,-0.030487,0.010829,0.041315999999999901,0.02664
larger+VIX,25% volatility-ceiling specification (R1.1),2020-07-31,2020-06-30,267,0,0,0,0,0,0
larger+VIX,25% volatility-ceiling specification (R1.1),2020-08-31,2020-07-31,267,21,0.065533999999999704,-0.027183999999999701,0.0191749999999999,0.046358999999999602,0.0265049999999999
larger+VIX,25% volatility-ceiling specification (R1.1),2020-09-30,2020-08-31,267,22,0.069405999999999801,-0.027603999999999702,0.020900999999999802,0.048504999999999701,0.034679999999999801
larger+VIX,25% volatility-ceiling specification (R1.1),2020-10-30,2020-09-30,267,23,0.058397999999999402,-0.027076000000000301,0.015660999999999502,0.042736999999999803,0.0315
larger+VIX,25% volatility-ceiling specification (R1.1),2020-11-30,2020-10-30,267,0,0,0,0,0,0
larger+VIX,25% volatility-ceiling specification (R1.1),2020-12-31,2020-11-30,267,20,0.0694819999999996,-0.043071999999999902,0.013204999999999901,0.056276999999999702,0.046080000000000003
larger+VIX,25% volatility-ceiling specification (R1.1),2021-01-29,2020-12-31,267,26,0.0857489999999997,-0.050349000000000102,0.017699999999999601,0.068048999999999901,0.050599999999999902
larger+VIX,25% volatility-ceiling specification (R1.1),2021-02-26,2021-01-29,267,0,0,0,0,0,0
larger+VIX,25% volatility-ceiling specification (R1.1),2021-03-31,2021-02-26,267,0,0,0,0,0,0
larger+VIX,25% volatility-ceiling specification (R1.1),2021-04-30,2021-03-31,267,25,0.061339999999999402,-0.0288600000000005,0.016239999999999501,0.045100000000000001,0.024400000000000002
larger+VIX,25% volatility-ceiling specification (R1.1),2021-06-30,2021-04-30,267,25,0.0754129999999993,-0.019059000000000301,0.028176999999999602,0.047236,0.021080000000000002
larger+VIX,25% volatility-ceiling specification (R1.1),2021-07-30,2021-06-30,267,42,0.080467999999999401,-0.021494000000000402,0.0294869999999995,0.050980999999999901,0.029520000000000001
larger+VIX,25% volatility-ceiling specification (R1.1),2021-08-31,2021-07-30,267,32,0.055963999999999701,-0.014748000000000001,0.0206079999999998,0.0353559999999997,0.015959999999999901
larger+VIX,25% volatility-ceiling specification (R1.1),2021-09-30,2021-08-31,267,45,0.065258999999999304,0.0057609999999998001,0.0355099999999995,0.029748999999999502,0.015889999999999901
larger+VIX,25% volatility-ceiling specification (R1.1),2021-10-29,2021-09-30,267,30,0.082998999999999504,-0.048809000000000102,0.0170949999999996,0.065903999999999602,0.0467399999999999
larger+VIX,25% volatility-ceiling specification (R1.1),2021-11-30,2021-10-29,267,30,0.051048999999999102,0.0106889999999997,0.030868999999999501,0.020179999999999702,0.01008
larger+VIX,25% volatility-ceiling specification (R1.1),2021-12-31,2021-11-30,267,30,0.094507999999999703,-0.0471620000000001,0.023672999999999701,0.070834999999999801,0.045579999999999801
larger+VIX,25% volatility-ceiling specification (R1.1),2022-01-31,2021-12-31,267,35,0.060510999999999801,0.0094729999999997004,0.034991999999999801,0.025519,0.01072
larger+VIX,25% volatility-ceiling specification (R1.1),2022-02-28,2022-01-31,267,28,0.097507999999999401,-0.050148000000000102,0.023679999999999701,0.073827999999999602,0.0604499999999999
larger+VIX,25% volatility-ceiling specification (R1.1),2022-04-29,2022-02-28,267,0,0,0,0,0,0
larger+VIX,25% volatility-ceiling specification (R1.1),2022-05-31,2022-04-29,267,19,0.084966999999999501,-0.056057000000000301,0.0144549999999996,0.0705119999999997,0.050138000000000002
larger+VIX,25% volatility-ceiling specification (R1.1),2022-06-30,2022-05-31,267,18,0.056417999999999802,-0.037089999999999901,0.0096639999999999001,0.0467539999999999,0.031199999999999901
larger+VIX,25% volatility-ceiling specification (R1.1),2022-07-29,2022-06-30,267,15,0.0614829999999996,-0.0347309999999997,0.013376000000000001,0.048106999999999803,0.041604999999999802
larger+VIX,25% volatility-ceiling specification (R1.1),2022-08-31,2022-07-29,267,18,0.066076999999999705,-0.032774999999999901,0.016650999999999801,0.049425999999999602,0.040279999999999802
larger+VIX,25% volatility-ceiling specification (R1.1),2022-09-30,2022-08-31,267,18,0.068602999999999401,-0.043935000000000002,0.0123339999999998,0.056268999999999902,0.043903999999999901
larger+VIX,25% volatility-ceiling specification (R1.1),2022-10-31,2022-09-30,267,20,0.099994999999999806,-0.0597909999999999,0.020101999999999901,0.0798929999999997,0.066829999999999903
larger+VIX,25% volatility-ceiling specification (R1.1),2022-11-30,2022-10-31,267,16,0.043415999999999601,-0.019137999999999902,0.0121389999999999,0.031276999999999701,0.0132839999999999
larger+VIX,25% volatility-ceiling specification (R1.1),2022-12-30,2022-11-30,267,28,0.048952999999999601,-0.0054609999999999,0.0217459999999998,0.027206999999999901,0.0106079999999999
larger+VIX,25% volatility-ceiling specification (R1.1),2023-01-31,2022-12-30,267,18,0.043622999999999801,-0.034302999999999702,0.0046600000000000001,0.038962999999999602,0.017663999999999801
larger+VIX,25% volatility-ceiling specification (R1.1),2023-02-28,2023-01-31,267,12,0.042507999999999602,-0.028987999999999702,0.0067599999999998,0.035747999999999801,0.019054999999999801
larger+VIX,25% volatility-ceiling specification (R1.1),2023-03-31,2023-02-28,267,19,0.044499999999999901,-0.018217999999999901,0.013141,0.031358999999999901,0.015132
larger+VIX,25% volatility-ceiling specification (R1.1),2023-04-28,2023-03-31,267,23,0.052190999999999502,-0.0125050000000002,0.019842999999999701,0.032347999999999801,0.014442
larger+VIX,25% volatility-ceiling specification (R1.1),2023-05-31,2023-04-28,267,0,0,0,0,0,0
larger+VIX,25% volatility-ceiling specification (R1.1),2023-06-30,2023-05-31,267,21,0.082177,-0.072572999999999901,0.0048019999999999001,0.077374999999999902,0.019803000000000001
larger+VIX,25% volatility-ceiling specification (R1.1),2023-07-31,2023-06-30,267,14,0.0636039999999998,-0.049584000000000003,0.0070099999999999,0.056593999999999901,0.017363
larger+VIX,25% volatility-ceiling specification (R1.1),2023-08-31,2023-07-31,267,17,0.0562639999999998,-0.0409460000000001,0.0076589999999996002,0.048605000000000002,0.016014
larger+VIX,25% volatility-ceiling specification (R1.1),2023-09-29,2023-08-31,267,20,0.066876999999999701,-0.051083000000000003,0.0078969999999999006,0.058979999999999803,0.016936
larger+VIX,25% volatility-ceiling specification (R1.1),2023-10-31,2023-09-29,267,18,0.0766479999999998,-0.054137999999999901,0.011254999999999901,0.065393000000000007,0.0341959999999999
larger+VIX,25% volatility-ceiling specification (R1.1),2023-11-30,2023-10-31,267,20,0.072575999999999502,-0.053681999999999702,0.0094469999999997004,0.063128999999999602,0.027611999999999901
larger+VIX,25% volatility-ceiling specification (R1.1),2023-12-29,2023-11-30,267,23,0.0810279999999996,-0.068455999999999906,0.0062859999999999002,0.0747419999999996,0.023255999999999801
larger+VIX,25% volatility-ceiling specification (R1.1),2024-01-31,2023-12-29,267,16,0.0595349999999999,-0.037816999999999802,0.010859000000000001,0.048675999999999803,0.019292
larger+VIX,25% volatility-ceiling specification (R1.1),2024-02-29,2024-01-31,267,10,0.059714999999999803,-0.0552949999999999,0.0022100000000000002,0.057504999999999903,0.020174000000000001
larger+VIX,25% volatility-ceiling specification (R1.1),2024-04-30,2024-02-29,267,19,0.057233999999999903,-0.037880000000000101,0.0096769999999998003,0.047557000000000002,0.020171999999999801
larger+VIX,25% volatility-ceiling specification (R1.1),2024-05-31,2024-04-30,267,18,0.0780919999999998,-0.0655079999999999,0.0062919999999999001,0.071799999999999906,0.034965000000000003
larger+VIX,25% volatility-ceiling specification (R1.1),2024-06-28,2024-05-31,267,22,0.079005999999999701,-0.0628019999999999,0.0081019999999998003,0.070903999999999801,0.045594000000000003
larger+VIX,25% volatility-ceiling specification (R1.1),2024-07-31,2024-06-28,267,19,0.081061999999999301,-0.053928000000000101,0.013566999999999701,0.0674949999999995,0.025041999999999901
larger+VIX,25% volatility-ceiling specification (R1.1),2024-08-30,2024-07-31,267,18,0.096018999999999702,-0.0873469999999998,0.0043359999999998001,0.091682999999999806,0.035464000000000002
larger+VIX,25% volatility-ceiling specification (R1.1),2024-09-30,2024-08-30,267,0,0,0,0,0,0
larger+VIX,25% volatility-ceiling specification (R1.1),2024-10-31,2024-09-30,267,12,0.069549999999999806,-0.0642539999999997,0.0026480000000000002,0.066901999999999906,0.021096
larger+VIX,25% volatility-ceiling specification (R1.1),2024-11-29,2024-10-31,267,0,0,0,0,0,0
larger+VIX,25% volatility-ceiling specification (R1.1),2024-12-31,2024-11-29,267,16,0.080622999999999501,-0.064243000000000106,0.0081899999999996004,0.0724329999999999,0.030084
larger+VIX,25% volatility-ceiling specification (R1.1),2025-01-31,2024-12-31,267,19,0.1084369999999997,-0.087163000000000102,0.010636999999999701,0.097799999999999901,0.038986
larger+VIX,25% volatility-ceiling specification (R1.1),2025-02-28,2025-01-31,267,0,0,0,0,0,0
larger+VIX,25% volatility-ceiling specification (R1.1),2025-04-30,2025-02-28,267,0,0,0,0,0,0
larger+VIX,25% volatility-ceiling specification (R1.1),2025-05-30,2025-04-30,267,0,0,0,0,0,0
larger+VIX,25% volatility-ceiling specification (R1.1),2025-06-30,2025-05-30,267,0,0,0,0,0,0
larger+VIX,25% volatility-ceiling specification (R1.1),2025-07-31,2025-06-30,267,23,0.1155589999999997,-0.088565000000000102,0.0134969999999997,0.1020619999999999,0.043361999999999901
larger+VIX,25% volatility-ceiling specification (R1.1),2025-08-29,2025-07-31,267,28,0.1445419999999997,-0.1129919999999999,0.0157749999999999,0.1287669999999998,0.038303999999999901
larger+VIX,25% volatility-ceiling specification (R1.1),2025-09-30,2025-08-29,267,33,0.1462049999999995,-0.1091369999999998,0.018533999999999901,0.1276709999999997,0.0375749999999999
larger+VIX,25% volatility-ceiling specification (R1.1),2025-10-31,2025-09-30,267,29,0.1356989999999996,-0.1063549999999998,0.0146719999999999,0.1210269999999998,0.0349169999999999
larger+VIX,25% volatility-ceiling specification (R1.1),2025-11-28,2025-10-31,267,0,0,0,0,0,0
larger+VIX,25% volatility-ceiling specification (R1.1),2025-12-31,2025-11-28,267,25,0.12006099999999981,-0.082875000000000101,0.018592999999999901,0.101468,0.031584000000000001
larger+VIX,25% volatility-ceiling specification (R1.1),2026-01-30,2025-12-31,267,28,0.1273099999999999,-0.086875999999999801,0.020216999999999902,0.1070929999999999,0.036111999999999901
larger+VIX,25% volatility-ceiling specification (R1.1),2026-02-27,2026-01-30,267,0,0,0,0,0,0
larger+VIX,25% volatility-ceiling specification (R1.1),2026-03-31,2026-02-27,267,0,0,0,0,0,0
larger+VIX,25% volatility-ceiling specification (R1.1),2026-04-30,2026-03-31,267,0,0,0,0,0,0
orig,25% volatility-ceiling EGARCH diagnostic (R1.1),2018-02-28,2018-01-31,49,15,0.092248999999999706,0.070990999999999901,0.081619999999999804,0.0106289999999998,0.032099999999999802
orig,25% volatility-ceiling EGARCH diagnostic (R1.1),2018-04-30,2018-02-28,49,10,0.059034999999999803,0.0330649999999999,0.046049999999999702,0.012985,0.0178
orig,25% volatility-ceiling EGARCH diagnostic (R1.1),2018-05-31,2018-04-30,49,14,0.059258999999999701,0.044689,0.051973999999999902,0.0072849999999999001,0.0253499999999999
orig,25% volatility-ceiling EGARCH diagnostic (R1.1),2018-06-29,2018-05-31,49,15,0.064069000000000001,0.0320869999999999,0.048077999999999801,0.015990999999999901,0.013140000000000001
orig,25% volatility-ceiling EGARCH diagnostic (R1.1),2018-07-31,2018-06-29,49,11,0.065873999999999905,0.043032000000000001,0.0544529999999998,0.011421000000000001,0.023359999999999902
orig,25% volatility-ceiling EGARCH diagnostic (R1.1),2018-08-31,2018-07-31,49,13,0.0528639999999998,0.028871999999999801,0.040867999999999703,0.011996,0.0093760000000000007
orig,25% volatility-ceiling EGARCH diagnostic (R1.1),2018-09-28,2018-08-31,49,14,0.079842999999999706,0.066192999999999502,0.073017999999999805,0.0068250000000000003,0.024365999999999902
orig,25% volatility-ceiling EGARCH diagnostic (R1.1),2018-10-31,2018-09-28,49,15,0.070433999999999802,0.0392199999999997,0.054826999999999702,0.0156069999999999,0.01298
orig,25% volatility-ceiling EGARCH diagnostic (R1.1),2018-11-30,2018-10-31,49,5,0.057756999999999802,0.027947,0.042852000000000001,0.0149049999999998,0.025961999999999801
orig,25% volatility-ceiling EGARCH diagnostic (R1.1),2018-12-31,2018-11-30,49,7,0.063224000000000002,0.054939999999999801,0.059081999999999801,0.0041419999999999001,0.0354449999999999
orig,25% volatility-ceiling EGARCH diagnostic (R1.1),2019-01-31,2018-12-31,49,6,0.027535999999999901,0.022207999999999901,0.024871999999999901,0.0026640000000000001,0.0088000000000000005
orig,25% volatility-ceiling EGARCH diagnostic (R1.1),2019-02-28,2019-01-31,49,8,0.035775000000000001,0.019243,0.027508999999999902,0.0082659999999999002,0.0145799999999999
orig,25% volatility-ceiling EGARCH diagnostic (R1.1),2019-04-30,2019-02-28,49,12,0.049945000000000003,0.039144999999999902,0.044545000000000001,0.0053999999999997002,0.01908
orig,25% volatility-ceiling EGARCH diagnostic (R1.1),2019-05-31,2019-04-30,49,16,0.0697039999999996,0.055359999999999701,0.062531999999999602,0.0071719999999998001,0.027054000000000002
orig,25% volatility-ceiling EGARCH diagnostic (R1.1),2019-06-28,2019-05-31,49,8,0.038176999999999801,0.014465,0.0263209999999999,0.0118559999999999,0.010340999999999901
orig,25% volatility-ceiling EGARCH diagnostic (R1.1),2019-07-31,2019-06-28,49,13,0.0644169999999996,0.0492949999999997,0.056855999999999803,0.007561,0.0123
orig,25% volatility-ceiling EGARCH diagnostic (R1.1),2019-08-30,2019-07-31,49,14,0.052415000000000003,0.0308689999999999,0.041641999999999901,0.010773,0.0139139999999999
orig,25% volatility-ceiling EGARCH diagnostic (R1.1),2019-09-30,2019-08-30,49,13,0.0614399999999998,0.046371999999999802,0.053905999999999801,0.0075339999999999002,0.0151199999999998
orig,25% volatility-ceiling EGARCH diagnostic (R1.1),2019-10-31,2019-09-30,49,13,0.070101999999999901,0.066091999999999901,0.068096999999999602,0.0020049999999999001,0.016995
orig,25% volatility-ceiling EGARCH diagnostic (R1.1),2019-11-29,2019-10-31,49,14,0.0704809999999996,0.047220999999999701,0.058850999999999501,0.0116299999999998,0.010005
orig,25% volatility-ceiling EGARCH diagnostic (R1.1),2019-12-31,2019-11-29,49,15,0.0717139999999995,0.039767999999999901,0.055740999999999902,0.0159729999999999,0.0136999999999999
orig,25% volatility-ceiling EGARCH diagnostic (R1.1),2020-01-31,2019-12-31,49,15,0.082466999999999901,0.0460310000000001,0.064249000000000001,0.0182179999999998,0.028785000000000002
orig,25% volatility-ceiling EGARCH diagnostic (R1.1),2020-02-28,2020-01-31,49,10,0.0448949999999999,0.031933000000000003,0.0384139999999999,0.0064809999999999,0.012512000000000001
orig,25% volatility-ceiling EGARCH diagnostic (R1.1),2020-03-31,2020-02-28,49,2,0.026741999999999801,0.026741999999999901,0.026741999999999801,0,0.020081999999999801
orig,25% volatility-ceiling EGARCH diagnostic (R1.1),2020-04-30,2020-03-31,49,3,0.025237999999999702,0.025238,0.025237999999999702,0,0.012338
orig,25% volatility-ceiling EGARCH diagnostic (R1.1),2020-05-29,2020-04-30,49,10,0.0579559999999993,0.024781999999999901,0.041368999999999601,0.0165869999999998,0.0159899999999999
orig,25% volatility-ceiling EGARCH diagnostic (R1.1),2020-06-30,2020-05-29,49,7,0.067666000000000004,0.029805999999999801,0.048736000000000002,0.018929999999999801,0.016566000000000001
orig,25% volatility-ceiling EGARCH diagnostic (R1.1),2020-07-31,2020-06-30,49,12,0.0765619999999997,0.0301059999999999,0.053333999999999701,0.023227999999999902,0.033551999999999901
orig,25% volatility-ceiling EGARCH diagnostic (R1.1),2020-08-31,2020-07-31,49,6,0.067387000000000002,0.058187000000000003,0.062786999999999801,0.0045999999999999002,0.021649999999999801
orig,25% volatility-ceiling EGARCH diagnostic (R1.1),2020-09-30,2020-08-31,49,6,0.084359999999999602,0.077459999999999904,0.080909999999999802,0.0034499999999999002,0.023814999999999802
orig,25% volatility-ceiling EGARCH diagnostic (R1.1),2020-10-30,2020-09-30,49,8,0.049119999999999601,0.0118519999999998,0.030485999999999701,0.018633999999999901,0.0142799999999999
orig,25% volatility-ceiling EGARCH diagnostic (R1.1),2020-11-30,2020-10-30,49,6,0.054687999999999702,0.033697999999999902,0.044192999999999802,0.0104949999999999,0.015505
orig,25% volatility-ceiling EGARCH diagnostic (R1.1),2020-12-31,2020-11-30,49,10,0.060185999999999802,0.0411759999999999,0.050680999999999803,0.0095049999999999007,0.02232
orig,25% volatility-ceiling EGARCH diagnostic (R1.1),2021-01-29,2020-12-31,49,12,0.0503799999999998,0.015683999999999702,0.0330319999999997,0.017347999999999902,0.0077999999999998001
orig,25% volatility-ceiling EGARCH diagnostic (R1.1),2021-02-26,2021-01-29,49,6,0.079463000000000006,0.051149,0.065306000000000003,0.014156999999999901,0.039410000000000001
orig,25% volatility-ceiling EGARCH diagnostic (R1.1),2021-03-31,2021-02-26,49,5,0.052002,0.0023519999999999002,0.027177,0.024825,0.019949999999999801
orig,25% volatility-ceiling EGARCH diagnostic (R1.1),2021-04-30,2021-03-31,49,8,0.0562639999999998,0.0066159999999998,0.031439999999999801,0.024823999999999902,0.0124
orig,25% volatility-ceiling EGARCH diagnostic (R1.1),2021-06-30,2021-04-30,49,8,0.067318999999999601,0.019972999999999901,0.043645999999999803,0.023673,0.027064000000000001
orig,25% volatility-ceiling EGARCH diagnostic (R1.1),2021-07-30,2021-06-30,49,11,0.0614329999999998,0.0332610000000002,0.047347,0.0140859999999998,0.018149999999999802
orig,25% volatility-ceiling EGARCH diagnostic (R1.1),2021-08-31,2021-07-30,49,10,0.0618559999999998,0.019359999999999902,0.040607999999999901,0.021248,0.015004
orig,25% volatility-ceiling EGARCH diagnostic (R1.1),2021-09-30,2021-08-31,49,18,0.0568379999999995,0.0216859999999999,0.0392619999999997,0.017575999999999901,0.0068539999999999001
orig,25% volatility-ceiling EGARCH diagnostic (R1.1),2021-10-29,2021-09-30,49,12,0.067094999999999502,0.021906999999999802,0.044500999999999902,0.022593999999999701,0.011972
orig,25% volatility-ceiling EGARCH diagnostic (R1.1),2021-11-30,2021-10-29,49,10,0.0618909999999998,0.0312509999999998,0.0465709999999998,0.01532,0.0131599999999998
orig,25% volatility-ceiling EGARCH diagnostic (R1.1),2021-12-31,2021-11-30,49,9,0.0457899999999999,0.0155500000000001,0.030669999999999802,0.0151199999999998,0.019837
orig,25% volatility-ceiling EGARCH diagnostic (R1.1),2022-01-31,2021-12-31,49,11,0.063286999999999802,0.015520999999999801,0.0394039999999998,0.023883000000000001,0.015984000000000002
orig,25% volatility-ceiling EGARCH diagnostic (R1.1),2022-02-28,2022-01-31,49,10,0.073142999999999903,0.0320629999999998,0.0526029999999999,0.020539999999999801,0.0264
orig,25% volatility-ceiling EGARCH diagnostic (R1.1),2022-04-29,2022-02-28,49,10,0.065880999999999801,0.017295000000000001,0.041588,0.024292999999999901,0.010761
orig,25% volatility-ceiling EGARCH diagnostic (R1.1),2022-05-31,2022-04-29,49,8,0.061635999999999802,0.0039560000000001001,0.032795999999999902,0.0288399999999999,0.0147599999999999
orig,25% volatility-ceiling EGARCH diagnostic (R1.1),2022-06-30,2022-05-31,49,8,0.0553089999999999,0.008489,0.0318989999999999,0.02341,0.0145799999999999
orig,25% volatility-ceiling EGARCH diagnostic (R1.1),2022-07-29,2022-06-30,49,9,0.0670899999999999,0.0047720000000000002,0.035930999999999901,0.031158999999999801,0.027956000000000002
orig,25% volatility-ceiling EGARCH diagnostic (R1.1),2022-08-31,2022-07-29,49,7,0.0429029999999999,0.0033430000000000001,0.023122999999999901,0.019779999999999801,0.019029999999999901
orig,25% volatility-ceiling EGARCH diagnostic (R1.1),2022-09-30,2022-08-31,49,10,0.0635879999999997,-0.016972000000000102,0.0233079999999997,0.040279999999999802,0.020434999999999901
orig,25% volatility-ceiling EGARCH diagnostic (R1.1),2022-10-31,2022-09-30,49,7,0.064321999999999602,0.018905999999999801,0.041613999999999901,0.022707999999999801,0.024195999999999902
orig,25% volatility-ceiling EGARCH diagnostic (R1.1),2022-11-30,2022-10-31,49,8,0.062681000000000001,0.010871,0.036776000000000003,0.0259049999999999,0.02146
orig,25% volatility-ceiling EGARCH diagnostic (R1.1),2022-12-30,2022-11-30,49,11,0.0626719999999997,0.0040439999999999001,0.033357999999999902,0.029313999999999701,0.0207
orig,25% volatility-ceiling EGARCH diagnostic (R1.1),2023-01-31,2022-12-30,49,10,0.0596659999999999,0.023133999999999901,0.041399999999999902,0.018266000000000001,0.0120249999999999
orig,25% volatility-ceiling EGARCH diagnostic (R1.1),2023-02-28,2023-01-31,49,13,0.055193999999999702,0.0035740000000001001,0.029384,0.025809999999999701,0.0095699999999997003
orig,25% volatility-ceiling EGARCH diagnostic (R1.1),2023-03-31,2023-02-28,49,10,0.067796999999999802,0.0010889999999998,0.0344429999999998,0.033354000000000002,0.0104999999999999
orig,25% volatility-ceiling EGARCH diagnostic (R1.1),2023-04-28,2023-03-31,49,10,0.0657659999999997,-0.0019539999999998001,0.0319059999999999,0.0338599999999998,0.0127049999999999
orig,25% volatility-ceiling EGARCH diagnostic (R1.1),2023-05-31,2023-04-28,49,14,0.0722739999999997,0.0368779999999998,0.054575999999999701,0.017697999999999901,0.0138
orig,25% volatility-ceiling EGARCH diagnostic (R1.1),2023-06-30,2023-05-31,49,14,0.064873999999999502,0.013535999999999901,0.0392049999999999,0.0256689999999999,0.01035
orig,25% volatility-ceiling EGARCH diagnostic (R1.1),2023-07-31,2023-06-30,49,12,0.065942999999999502,0.032722999999999801,0.049332999999999801,0.01661,0.020053999999999801
orig,25% volatility-ceiling EGARCH diagnostic (R1.1),2023-08-31,2023-07-31,49,18,0.084910999999999501,0.0376649999999999,0.061287999999999801,0.023622999999999901,0.01626
orig,25% volatility-ceiling EGARCH diagnostic (R1.1),2023-09-29,2023-08-31,49,13,0.066549999999999707,-4.6000000000098913e-05,0.033251999999999803,0.0332979999999998,0.0130499999999999
orig,25% volatility-ceiling EGARCH diagnostic (R1.1),2023-10-31,2023-09-29,49,9,0.068564,0.0065559999999997001,0.037559999999999802,0.031004,0.0152999999999999
orig,25% volatility-ceiling EGARCH diagnostic (R1.1),2023-11-30,2023-10-31,49,12,0.073446999999999901,0.028136999999999902,0.0507919999999999,0.022655000000000002,0.013860000000000001
orig,25% volatility-ceiling EGARCH diagnostic (R1.1),2023-12-29,2023-11-30,49,17,0.063988999999999602,-0.007953,0.0280179999999998,0.035971000000000003,0.018134999999999901
orig,25% volatility-ceiling EGARCH diagnostic (R1.1),2024-01-31,2023-12-29,49,12,0.071019999999999903,0.045499999999999902,0.058259999999999902,0.012760000000000001,0.013719999999999901
orig,25% volatility-ceiling EGARCH diagnostic (R1.1),2024-02-29,2024-01-31,49,9,0.0426159999999998,0.0284199999999999,0.0355179999999998,0.0070980000000000001,0.01362
orig,25% volatility-ceiling EGARCH diagnostic (R1.1),2024-04-30,2024-02-29,49,8,0.0517149999999999,0.026154999999999901,0.0389349999999999,0.01278,0.020400000000000001
orig,25% volatility-ceiling EGARCH diagnostic (R1.1),2024-05-31,2024-04-30,49,5,0.036592,-0.013568,0.011512,0.025080000000000002,0.022950000000000002
orig,25% volatility-ceiling EGARCH diagnostic (R1.1),2024-06-28,2024-05-31,49,4,0.0481699999999999,0.025479999999999801,0.036824999999999802,0.0113449999999999,0.030460000000000001
orig,25% volatility-ceiling EGARCH diagnostic (R1.1),2024-07-31,2024-06-28,49,10,0.0476419999999999,0.024937999999999901,0.036289999999999802,0.0113519999999999,0.0098670000000000008
orig,25% volatility-ceiling EGARCH diagnostic (R1.1),2024-08-30,2024-07-31,49,10,0.046426999999999802,0.025586999999999901,0.0360069999999999,0.0104199999999999,0.010670000000000001
orig,25% volatility-ceiling EGARCH diagnostic (R1.1),2024-09-30,2024-08-30,49,11,0.0480829999999998,0.023606999999999701,0.035844999999999801,0.0122379999999999,0.0092700000000000005
orig,25% volatility-ceiling EGARCH diagnostic (R1.1),2024-10-31,2024-09-30,49,13,0.071117999999999904,0.033538000000000102,0.052328,0.018789999999999901,0.0132079999999999
orig,25% volatility-ceiling EGARCH diagnostic (R1.1),2024-11-29,2024-10-31,49,11,0.0600549999999999,0.033159000000000001,0.046607000000000003,0.0134479999999998,0.0184
orig,25% volatility-ceiling EGARCH diagnostic (R1.1),2024-12-31,2024-11-29,49,12,0.0610999999999998,0.048583999999999801,0.054841999999999801,0.0062579999999998002,0.0154799999999999
orig,25% volatility-ceiling EGARCH diagnostic (R1.1),2025-01-31,2024-12-31,49,10,0.057657999999999703,0.035962000000000202,0.0468099999999999,0.010847999999999801,0.011526
orig,25% volatility-ceiling EGARCH diagnostic (R1.1),2025-02-28,2025-01-31,49,8,0.059694999999999901,0.057714999999999801,0.058704999999999702,0.00098999999999990003,0.0203399999999999
orig,25% volatility-ceiling EGARCH diagnostic (R1.1),2025-04-30,2025-02-28,49,11,0.0523749999999997,0.024725,0.0385499999999998,0.0138249999999999,0.017219999999999801
orig,25% volatility-ceiling EGARCH diagnostic (R1.1),2025-05-30,2025-04-30,49,11,0.0585729999999995,0.033918999999999602,0.0462459999999996,0.012326999999999901,0.0091199999999999008
orig,25% volatility-ceiling EGARCH diagnostic (R1.1),2025-06-30,2025-05-30,49,12,0.065009999999999804,0.032781999999999901,0.048895999999999801,0.016113999999999701,0.026669999999999802
orig,25% volatility-ceiling EGARCH diagnostic (R1.1),2025-07-31,2025-06-30,49,19,0.0739759999999995,0.049631999999999801,0.061803999999999602,0.012172000000000001,0.0088000000000000005
orig,25% volatility-ceiling EGARCH diagnostic (R1.1),2025-08-29,2025-07-31,49,14,0.059006999999999601,0.040454999999999901,0.0497309999999999,0.0092759999999999006,0.017999999999999901
orig,25% volatility-ceiling EGARCH diagnostic (R1.1),2025-09-30,2025-08-29,49,16,0.080562999999999302,0.054742999999999702,0.067652999999999602,0.012909999999999901,0.0140699999999999
orig,25% volatility-ceiling EGARCH diagnostic (R1.1),2025-10-31,2025-09-30,49,15,0.079352999999999702,0.031685000000000102,0.055518999999999902,0.0238339999999998,0.015532000000000001
orig,25% volatility-ceiling EGARCH diagnostic (R1.1),2025-11-28,2025-10-31,49,12,0.077855999999999606,0.0139559999999998,0.0459059999999996,0.031949999999999701,0.021679
orig,25% volatility-ceiling EGARCH diagnostic (R1.1),2025-12-31,2025-11-28,49,19,0.087681999999999302,0.037559999999999802,0.062620999999999705,0.025060999999999702,0.01243
orig,25% volatility-ceiling EGARCH diagnostic (R1.1),2026-01-30,2025-12-31,49,21,0.079092999999999802,0.020918999999999702,0.050006000000000002,0.029086999999999901,0.017399999999999902
orig,25% volatility-ceiling EGARCH diagnostic (R1.1),2026-02-27,2026-01-30,49,16,0.0819379999999999,0.012377999999999801,0.047157999999999901,0.034779999999999901,0.0144
orig,25% volatility-ceiling EGARCH diagnostic (R1.1),2026-03-31,2026-02-27,49,15,0.0883209999999999,0.030494999999999901,0.059407999999999801,0.028913000000000001,0.0143849999999999
orig,25% volatility-ceiling EGARCH diagnostic (R1.1),2026-04-30,2026-03-31,49,13,0.063816999999999902,0.029093000000000101,0.046454999999999802,0.017361999999999801,0.01251
orig,25% volatility-ceiling specification (R1.1),2018-02-28,2018-01-31,49,14,0.087529999999999802,0.0662719999999999,0.0769009999999999,0.0106289999999998,0.032099999999999802
orig,25% volatility-ceiling specification (R1.1),2018-04-30,2018-02-28,49,10,0.0572999999999999,0.025729999999999802,0.041514999999999802,0.015785,0.013350000000000001
orig,25% volatility-ceiling specification (R1.1),2018-05-31,2018-04-30,49,13,0.063786999999999802,0.051053000000000001,0.057419999999999902,0.0063669999999997002,0.0253499999999999
orig,25% volatility-ceiling specification (R1.1),2018-06-29,2018-05-31,49,16,0.0518609999999999,0.018107000000000002,0.034984000000000001,0.016877,0.0086999999999999005
orig,25% volatility-ceiling specification (R1.1),2018-07-31,2018-06-29,49,11,0.074292999999999901,0.049935,0.062113999999999801,0.0121789999999999,0.02044
orig,25% volatility-ceiling specification (R1.1),2018-08-31,2018-07-31,49,16,0.067183999999999702,0.0380579999999998,0.0526209999999998,0.014563,0.018752000000000001
orig,25% volatility-ceiling specification (R1.1),2018-09-28,2018-08-31,49,13,0.066468999999999806,0.0592189999999998,0.0628439999999999,0.0036250000000000002,0.024365999999999902
orig,25% volatility-ceiling specification (R1.1),2018-10-31,2018-09-28,49,14,0.058439999999999701,0.026706000000000001,0.042572999999999903,0.015866999999999801,0.01298
orig,25% volatility-ceiling specification (R1.1),2018-11-30,2018-10-31,49,7,0.066810999999999801,0.043421000000000001,0.055115999999999901,0.0116949999999999,0.025961999999999801
orig,25% volatility-ceiling specification (R1.1),2018-12-31,2018-11-30,49,9,0.073315999999999701,0.066261999999999904,0.069788999999999601,0.0035269999999999,0.0354449999999999
orig,25% volatility-ceiling specification (R1.1),2019-01-31,2018-12-31,49,7,0.0355669999999998,0.030238999999999801,0.0329029999999998,0.0026640000000000001,0.012126
orig,25% volatility-ceiling specification (R1.1),2019-02-28,2019-01-31,49,8,0.042670999999999903,0.0280589999999999,0.035364999999999903,0.007306,0.0145799999999999
orig,25% volatility-ceiling specification (R1.1),2019-04-30,2019-02-28,49,10,0.036014999999999901,0.025215000000000001,0.030615,0.0053999999999997002,0.01908
orig,25% volatility-ceiling specification (R1.1),2019-05-31,2019-04-30,49,13,0.056652999999999801,0.035944999999999901,0.046298999999999702,0.0103539999999999,0.018036
orig,25% volatility-ceiling specification (R1.1),2019-06-28,2019-05-31,49,8,0.042915999999999802,0.0204159999999999,0.031665999999999903,0.01125,0.0106799999999999
orig,25% volatility-ceiling specification (R1.1),2019-07-31,2019-06-28,49,13,0.061743999999999702,0.046621999999999601,0.0541829999999996,0.007561,0.013325
orig,25% volatility-ceiling specification (R1.1),2019-08-30,2019-07-31,49,15,0.052514999999999701,0.023884999999999702,0.038199999999999602,0.014315,0.0162329999999999
orig,25% volatility-ceiling specification (R1.1),2019-09-30,2019-08-30,49,15,0.0650369999999999,0.053729000000000103,0.059382999999999901,0.0056539999999999004,0.017954999999999902
orig,25% volatility-ceiling specification (R1.1),2019-10-31,2019-09-30,49,13,0.068331000000000003,0.0640509999999999,0.066191,0.00214,0.017510000000000001
orig,25% volatility-ceiling specification (R1.1),2019-11-29,2019-10-31,49,13,0.055879999999999902,0.022300000000000101,0.03909,0.016789999999999802,0.0079349999999999005
orig,25% volatility-ceiling specification (R1.1),2019-12-31,2019-11-29,49,17,0.065455999999999501,0.031079999999999702,0.0482679999999997,0.017187999999999801,0.0129199999999999
orig,25% volatility-ceiling specification (R1.1),2020-01-31,2019-12-31,49,17,0.073485999999999801,0.029242000000000101,0.051364,0.022121999999999802,0.028785000000000002
orig,25% volatility-ceiling specification (R1.1),2020-02-28,2020-01-31,49,11,0.055016999999999802,0.028555000000000001,0.0417859999999999,0.013231,0.012512000000000001
orig,25% volatility-ceiling specification (R1.1),2020-03-31,2020-02-28,49,2,0.0284069999999998,0.028406999999999901,0.0284069999999998,0,0.020081999999999801
orig,25% volatility-ceiling specification (R1.1),2020-04-30,2020-03-31,49,3,0.030628999999999702,0.030629,0.030628999999999702,0,0.0141289999999999
orig,25% volatility-ceiling specification (R1.1),2020-05-29,2020-04-30,49,10,0.060361999999999402,0.030659999999999701,0.0455109999999996,0.0148509999999998,0.016399999999999901
orig,25% volatility-ceiling specification (R1.1),2020-06-30,2020-05-29,49,7,0.062321000000000001,0.0099609999999999005,0.036141,0.026179999999999901,0.018610000000000002
orig,25% volatility-ceiling specification (R1.1),2020-07-31,2020-06-30,49,10,0.072971999999999801,0.026515999999999901,0.049743999999999802,0.023227999999999902,0.033551999999999901
orig,25% volatility-ceiling specification (R1.1),2020-08-31,2020-07-31,49,6,0.069552000000000003,0.060352000000000003,0.064951999999999802,0.0045999999999999002,0.023814999999999802
orig,25% volatility-ceiling specification (R1.1),2020-09-30,2020-08-31,49,5,0.046784999999999702,0.030684999999999601,0.0387349999999997,0.0080499999999998004,0.015154999999999801
orig,25% volatility-ceiling specification (R1.1),2020-10-30,2020-09-30,49,7,0.060049999999999701,0.01772,0.038884999999999802,0.021164999999999701,0.017850000000000001
orig,25% volatility-ceiling specification (R1.1),2020-11-30,2020-10-30,49,6,0.044433999999999502,0.025993999999999701,0.035213999999999801,0.0092199999999999002,0.0141759999999999
orig,25% volatility-ceiling specification (R1.1),2020-12-31,2020-11-30,49,9,0.049711999999999902,0.010824,0.030268,0.019443999999999802,0.014880000000000001
orig,25% volatility-ceiling specification (R1.1),2021-01-29,2020-12-31,49,12,0.0475769999999998,-0.0033630000000000001,0.0221069999999998,0.02547,0.0074999999999999
orig,25% volatility-ceiling specification (R1.1),2021-02-26,2021-01-29,49,5,0.058603000000000002,0.025003000000000001,0.041803,0.016799999999999801,0.019705
orig,25% volatility-ceiling specification (R1.1),2021-03-31,2021-02-26,49,5,0.050201999999999802,0.00055199999999990001,0.025377,0.024825,0.019949999999999801
orig,25% volatility-ceiling specification (R1.1),2021-04-30,2021-03-31,49,8,0.0557539999999997,-0.0036100000000001001,0.026071999999999901,0.029682,0.01311
orig,25% volatility-ceiling specification (R1.1),2021-06-30,2021-04-30,49,8,0.060232999999999801,-0.0045889999999997001,0.027822,0.032410999999999801,0.020684999999999901
orig,25% volatility-ceiling specification (R1.1),2021-07-30,2021-06-30,49,10,0.0517619999999996,0.012734000000000001,0.032247999999999902,0.019513999999999702,0.01047
orig,25% volatility-ceiling specification (R1.1),2021-08-31,2021-07-30,49,12,0.0555229999999996,-0.0078269999999999,0.0238479999999998,0.031674999999999801,0.018755000000000001
orig,25% volatility-ceiling specification (R1.1),2021-09-30,2021-08-31,49,16,0.048245999999999602,0.0049999999999997,0.0266229999999998,0.021622999999999701,0.0054079999999998001
orig,25% volatility-ceiling specification (R1.1),2021-10-29,2021-09-30,49,12,0.062010999999999802,0.0056630000000001002,0.033836999999999902,0.028173999999999901,0.011972
orig,25% volatility-ceiling specification (R1.1),2021-11-30,2021-10-29,49,8,0.058718999999999702,0.0010889999999998,0.029904,0.0288149999999999,0.025530000000000001
orig,25% volatility-ceiling specification (R1.1),2021-12-31,2021-11-30,49,10,0.0437119999999998,0.010942,0.0273269999999999,0.0163849999999999,0.014101000000000001
orig,25% volatility-ceiling specification (R1.1),2022-01-31,2021-12-31,49,10,0.059445999999999902,-0.001188,0.029128999999999901,0.030317,0.015984000000000002
orig,25% volatility-ceiling specification (R1.1),2022-02-28,2022-01-31,49,10,0.063827999999999802,0.019188,0.041508000000000003,0.02232,0.017600000000000001
orig,25% volatility-ceiling specification (R1.1),2022-04-29,2022-02-28,49,10,0.070226999999999901,0.0122869999999999,0.041257000000000002,0.028969999999999801,0.014285000000000001
orig,25% volatility-ceiling specification (R1.1),2022-05-31,2022-04-29,49,7,0.056014999999999801,-0.0067849999999997001,0.024615000000000001,0.0313999999999999,0.016639999999999901
orig,25% volatility-ceiling specification (R1.1),2022-06-30,2022-05-31,49,9,0.051712999999999801,0.0025329999999998002,0.027122999999999901,0.024590000000000001,0.01239
orig,25% volatility-ceiling specification (R1.1),2022-07-29,2022-06-30,49,8,0.062372999999999901,0.0022390000000000001,0.032306000000000001,0.030066999999999702,0.021930999999999801
orig,25% volatility-ceiling specification (R1.1),2022-08-31,2022-07-29,49,8,0.042662999999999902,-0.004065,0.0192989999999999,0.023363999999999802,0.015224
orig,25% volatility-ceiling specification (R1.1),2022-09-30,2022-08-31,49,10,0.0534949999999998,-0.0079690000000000004,0.022762999999999801,0.030731999999999801,0.017690000000000001
orig,25% volatility-ceiling specification (R1.1),2022-10-31,2022-09-30,49,6,0.060443999999999901,0.016303999999999801,0.038373999999999901,0.022069999999999802,0.024195999999999902
orig,25% volatility-ceiling specification (R1.1),2022-11-30,2022-10-31,49,8,0.054325999999999701,0.0110260000000001,0.0326759999999999,0.021649999999999801,0.01924
orig,25% volatility-ceiling specification (R1.1),2022-12-30,2022-11-30,49,11,0.0576819999999999,-0.00060999999999990001,0.028535999999999902,0.029145999999999801,0.0155999999999999
orig,25% volatility-ceiling specification (R1.1),2023-01-31,2022-12-30,49,10,0.056476999999999701,0.022492999999999801,0.039484999999999902,0.0169919999999999,0.0111
orig,25% volatility-ceiling specification (R1.1),2023-02-28,2023-01-31,49,11,0.050338999999999801,0.0002890000000001,0.025313999999999701,0.0250249999999997,0.0095699999999997003
orig,25% volatility-ceiling specification (R1.1),2023-03-31,2023-02-28,49,10,0.058648999999999701,-0.0042110000000001001,0.0272189999999999,0.03143,0.0104
orig,25% volatility-ceiling specification (R1.1),2023-04-28,2023-03-31,49,10,0.0592119999999998,-0.011137999999999801,0.024036999999999802,0.035174999999999901,0.0127049999999999
orig,25% volatility-ceiling specification (R1.1),2023-05-31,2023-04-28,49,13,0.058473999999999603,0.0230779999999998,0.040775999999999701,0.017697999999999901,0.010692
orig,25% volatility-ceiling specification (R1.1),2023-06-30,2023-05-31,49,14,0.055357999999999803,-0.0050699999999999001,0.025144,0.030213999999999901,0.0130499999999999
orig,25% volatility-ceiling specification (R1.1),2023-07-31,2023-06-30,49,7,0.054361999999999702,0.017665999999999901,0.0360139999999999,0.018348,0.0140919999999999
orig,25% volatility-ceiling specification (R1.1),2023-08-31,2023-07-31,49,12,0.061289999999999602,0.025919999999999901,0.043604999999999901,0.017684999999999802,0.01355
orig,25% volatility-ceiling specification (R1.1),2023-09-29,2023-08-31,49,15,0.057406999999999701,-0.0072290000000000002,0.025088999999999601,0.032317999999999902,0.0105899999999999
orig,25% volatility-ceiling specification (R1.1),2023-10-31,2023-09-29,49,9,0.0586709999999998,0.0030469999999999,0.0308589999999999,0.027812,0.0152999999999999
orig,25% volatility-ceiling specification (R1.1),2023-11-30,2023-10-31,49,12,0.061701999999999702,0.010661999999999901,0.036181999999999701,0.025520000000000001,0.013860000000000001
orig,25% volatility-ceiling specification (R1.1),2023-12-29,2023-11-30,49,14,0.050517999999999702,-0.0042319999999998002,0.0231429999999999,0.027374999999999702,0.0114
orig,25% volatility-ceiling specification (R1.1),2024-01-31,2023-12-29,49,10,0.048243999999999801,0.032003999999999901,0.040123999999999702,0.0081200000000000005,0.0094710000000000003
orig,25% volatility-ceiling specification (R1.1),2024-02-29,2024-01-31,49,6,0.035155999999999701,0.0091299999999997009,0.022142999999999802,0.013013,0.013013
orig,25% volatility-ceiling specification (R1.1),2024-04-30,2024-02-29,49,7,0.037294999999999801,0.016154999999999801,0.026724999999999902,0.01057,0.0152999999999999
orig,25% volatility-ceiling specification (R1.1),2024-05-31,2024-04-30,49,3,0.030595000000000001,-0.020854999999999901,0.0048700000000000002,0.025725000000000001,0.020400000000000001
orig,25% volatility-ceiling specification (R1.1),2024-06-28,2024-05-31,49,5,0.0455749999999999,0.012845000000000001,0.02921,0.016365000000000001,0.022845000000000001
orig,25% volatility-ceiling specification (R1.1),2024-07-31,2024-06-28,49,9,0.037631999999999902,0.015778,0.026705,0.0109269999999999,0.0080800000000000004
orig,25% volatility-ceiling specification (R1.1),2024-08-30,2024-07-31,49,10,0.049627999999999901,0.028788000000000001,0.039208,0.0104199999999999,0.013871
orig,25% volatility-ceiling specification (R1.1),2024-09-30,2024-08-30,49,11,0.043037999999999903,0.018561999999999901,0.0307999999999998,0.0122379999999999,0.0092700000000000005
orig,25% volatility-ceiling specification (R1.1),2024-10-31,2024-09-30,49,12,0.053441999999999802,0.015862000000000001,0.034652000000000002,0.018789999999999901,0.0098200000000000006
orig,25% volatility-ceiling specification (R1.1),2024-11-29,2024-10-31,49,10,0.045858999999999803,0.018963000000000001,0.032410999999999801,0.0134479999999998,0.0119599999999999
orig,25% volatility-ceiling specification (R1.1),2024-12-31,2024-11-29,49,11,0.0482189999999997,0.0363229999999998,0.042270999999999802,0.0059480000000000002,0.0087600000000000004
orig,25% volatility-ceiling specification (R1.1),2025-01-31,2024-12-31,49,10,0.044683999999999703,0.022988000000000001,0.033835999999999901,0.010847999999999801,0.0089099999999999006
orig,25% volatility-ceiling specification (R1.1),2025-02-28,2025-01-31,49,9,0.052631999999999901,0.047252000000000002,0.049942,0.0026900000000000001,0.017255
orig,25% volatility-ceiling specification (R1.1),2025-04-30,2025-02-28,49,11,0.0467619999999997,0.022221999999999902,0.034491999999999801,0.012269999999999901,0.01435
orig,25% volatility-ceiling specification (R1.1),2025-05-30,2025-04-30,49,11,0.056698999999999701,0.0320449999999999,0.0443719999999998,0.012326999999999901,0.0091199999999999008
orig,25% volatility-ceiling specification (R1.1),2025-06-30,2025-05-30,49,10,0.050892999999999501,0.0104089999999998,0.030650999999999502,0.020241999999999701,0.0123839999999999
orig,25% volatility-ceiling specification (R1.1),2025-07-31,2025-06-30,49,15,0.051853999999999602,0.029201999999999801,0.0405279999999998,0.0113259999999999,0.0077999999999998001
orig,25% volatility-ceiling specification (R1.1),2025-08-29,2025-07-31,49,11,0.041893999999999702,0.027394000000000002,0.0346439999999998,0.0072499999999998,0.012
orig,25% volatility-ceiling specification (R1.1),2025-09-30,2025-08-29,49,15,0.063922999999999702,0.038102999999999901,0.051012999999999802,0.012909999999999901,0.01141
orig,25% volatility-ceiling specification (R1.1),2025-10-31,2025-09-30,49,13,0.054107999999999802,0.018603999999999801,0.036355999999999902,0.0177519999999999,0.0084749999999998004
orig,25% volatility-ceiling specification (R1.1),2025-11-28,2025-10-31,49,12,0.070547999999999805,0.0029559999999999001,0.036751999999999702,0.033795999999999701,0.01141
orig,25% volatility-ceiling specification (R1.1),2025-12-31,2025-11-28,49,18,0.068233999999999601,0.022211999999999701,0.045222999999999701,0.0230109999999999,0.0101699999999999
orig,25% volatility-ceiling specification (R1.1),2026-01-30,2025-12-31,49,18,0.0596869999999999,0.0122729999999999,0.035979999999999901,0.023706999999999801,0.01218
orig,25% volatility-ceiling specification (R1.1),2026-02-27,2026-01-30,49,15,0.0723769999999999,-0.000495,0.035940999999999702,0.036435999999999802,0.0097999999999999008
orig,25% volatility-ceiling specification (R1.1),2026-03-31,2026-02-27,49,16,0.077814999999999801,0.015979,0.046897000000000001,0.030918000000000001,0.01316
orig,25% volatility-ceiling specification (R1.1),2026-04-30,2026-03-31,49,12,0.0601299999999996,0.014866000000000001,0.037497999999999802,0.022631999999999802,0.010425
orig+VIX,25% volatility-ceiling EGARCH diagnostic (R1.1),2018-02-28,2018-01-31,54,13,0.063247999999999902,-0.011851999999999901,0.025697999999999901,0.037549999999999903,0.0144
orig+VIX,25% volatility-ceiling EGARCH diagnostic (R1.1),2018-04-30,2018-02-28,54,12,0.0483149999999999,-0.0178249999999999,0.015245,0.033069999999999801,0.021420000000000002
orig+VIX,25% volatility-ceiling EGARCH diagnostic (R1.1),2018-05-31,2018-04-30,54,12,0.049371999999999902,-0.0050159999999998001,0.022178,0.027193999999999802,0.0086400000000000001
orig+VIX,25% volatility-ceiling EGARCH diagnostic (R1.1),2018-06-29,2018-05-31,54,20,0.057063000000000003,-0.019542999999999901,0.018759999999999801,0.0383029999999999,0.013875
orig+VIX,25% volatility-ceiling EGARCH diagnostic (R1.1),2018-07-31,2018-06-29,54,0,0,0,0,0,0
orig+VIX,25% volatility-ceiling EGARCH diagnostic (R1.1),2018-08-31,2018-07-31,54,14,0.060272999999999702,-0.012539,0.023866999999999802,0.036406000000000001,0.025649999999999801
orig+VIX,25% volatility-ceiling EGARCH diagnostic (R1.1),2018-09-28,2018-08-31,54,17,0.068745999999999502,0.0130559999999998,0.040900999999999701,0.027844999999999901,0.016244000000000001
orig+VIX,25% volatility-ceiling EGARCH diagnostic (R1.1),2018-10-31,2018-09-28,54,0,0,0,0,0,0
orig+VIX,25% volatility-ceiling EGARCH diagnostic (R1.1),2018-11-30,2018-10-31,54,0,0,0,0,0,0
orig+VIX,25% volatility-ceiling EGARCH diagnostic (R1.1),2018-12-31,2018-11-30,54,0,0,0,0,0,0
orig+VIX,25% volatility-ceiling EGARCH diagnostic (R1.1),2019-01-31,2018-12-31,54,6,0.043897999999999902,-0.031902,0.0059979999999999001,0.037900000000000003,0.0154
orig+VIX,25% volatility-ceiling EGARCH diagnostic (R1.1),2019-02-28,2019-01-31,54,4,0.0384069999999999,-0.0371029999999999,0.00065200000000000002,0.0377549999999999,0.017930000000000001
orig+VIX,25% volatility-ceiling EGARCH diagnostic (R1.1),2019-04-30,2019-02-28,54,0,0,0,0,0,0
orig+VIX,25% volatility-ceiling EGARCH diagnostic (R1.1),2019-05-31,2019-04-30,54,13,0.080764999999999906,-0.026991000000000102,0.026886999999999901,0.053878000000000002,0.02945
orig+VIX,25% volatility-ceiling EGARCH diagnostic (R1.1),2019-06-28,2019-05-31,54,0,0,0,0,0,0
orig+VIX,25% volatility-ceiling EGARCH diagnostic (R1.1),2019-07-31,2019-06-28,54,0,0,0,0,0,0
orig+VIX,25% volatility-ceiling EGARCH diagnostic (R1.1),2019-08-30,2019-07-31,54,6,0.056226999999999902,-0.052614999999999801,0.0018059999999998,0.0544209999999999,0.025745000000000001
orig+VIX,25% volatility-ceiling EGARCH diagnostic (R1.1),2019-09-30,2019-08-30,54,14,0.080818999999999502,-0.054340999999999702,0.0132389999999999,0.067579999999999502,0.0403849999999999
orig+VIX,25% volatility-ceiling EGARCH diagnostic (R1.1),2019-10-31,2019-09-30,54,12,0.084638999999999701,-0.065641000000000005,0.0094990000000000005,0.075139999999999901,0.041180000000000001
orig+VIX,25% volatility-ceiling EGARCH diagnostic (R1.1),2019-11-29,2019-10-31,54,12,0.093110999999999902,-0.041356999999999901,0.0258769999999999,0.067234000000000002,0.026950000000000002
orig+VIX,25% volatility-ceiling EGARCH diagnostic (R1.1),2019-12-31,2019-11-29,54,10,0.059715999999999901,-0.037533999999999901,0.011091,0.0486249999999998,0.019
orig+VIX,25% volatility-ceiling EGARCH diagnostic (R1.1),2020-01-31,2019-12-31,54,12,0.098874999999999602,-0.072782999999999903,0.013046,0.085828999999999905,0.051810000000000002
orig+VIX,25% volatility-ceiling EGARCH diagnostic (R1.1),2020-02-28,2020-01-31,54,10,0.080034999999999801,-0.072414999999999702,0.00381,0.076224999999999904,0.0545
orig+VIX,25% volatility-ceiling EGARCH diagnostic (R1.1),2020-03-31,2020-02-28,54,0,0,0,0,0,0
orig+VIX,25% volatility-ceiling EGARCH diagnostic (R1.1),2020-04-30,2020-03-31,54,0,0,0,0,0,0
orig+VIX,25% volatility-ceiling EGARCH diagnostic (R1.1),2020-05-29,2020-04-30,54,12,0.0589529999999997,-0.050613000000000102,0.0041699999999997,0.054782999999999901,0.042560000000000001
orig+VIX,25% volatility-ceiling EGARCH diagnostic (R1.1),2020-06-30,2020-05-29,54,11,0.059388000000000003,-0.044951999999999902,0.0072179999999998001,0.052170000000000001,0.033360000000000001
orig+VIX,25% volatility-ceiling EGARCH diagnostic (R1.1),2020-07-31,2020-06-30,54,0,0,0,0,0,0
orig+VIX,25% volatility-ceiling EGARCH diagnostic (R1.1),2020-08-31,2020-07-31,54,9,0.064474999999999602,-0.045004999999999601,0.0097350000000000006,0.054739999999999601,0.038759999999999802
orig+VIX,25% volatility-ceiling EGARCH diagnostic (R1.1),2020-09-30,2020-08-31,54,0,0,0,0,0,0
orig+VIX,25% volatility-ceiling EGARCH diagnostic (R1.1),2020-10-30,2020-09-30,54,11,0.060336999999999502,-0.048038999999999901,0.0061489999999996001,0.054187999999999702,0.0439999999999999
orig+VIX,25% volatility-ceiling EGARCH diagnostic (R1.1),2020-11-30,2020-10-30,54,0,0,0,0,0,0
orig+VIX,25% volatility-ceiling EGARCH diagnostic (R1.1),2020-12-31,2020-11-30,54,0,0,0,0,0,0
orig+VIX,25% volatility-ceiling EGARCH diagnostic (R1.1),2021-01-29,2020-12-31,54,0,0,0,0,0,0
orig+VIX,25% volatility-ceiling EGARCH diagnostic (R1.1),2021-02-26,2021-01-29,54,11,0.075328000000000006,-0.052643999999999802,0.011342,0.063986000000000001,0.052479999999999902
orig+VIX,25% volatility-ceiling EGARCH diagnostic (R1.1),2021-03-31,2021-02-26,54,6,0.0498139999999999,-0.0465739999999999,0.0016199999999998,0.048193999999999702,0.0418599999999998
orig+VIX,25% volatility-ceiling EGARCH diagnostic (R1.1),2021-04-30,2021-03-31,54,10,0.0618769999999998,-0.040017000000000101,0.0109299999999999,0.050946999999999902,0.034000000000000002
orig+VIX,25% volatility-ceiling EGARCH diagnostic (R1.1),2021-06-30,2021-04-30,54,11,0.055476999999999901,-0.031338999999999902,0.012069,0.043408000000000002,0.029749999999999902
orig+VIX,25% volatility-ceiling EGARCH diagnostic (R1.1),2021-07-30,2021-06-30,54,15,0.0805559999999996,-0.034061999999999801,0.023247,0.0573089999999997,0.04104
orig+VIX,25% volatility-ceiling EGARCH diagnostic (R1.1),2021-08-31,2021-07-30,54,12,0.054556999999999502,-0.0301430000000001,0.0122069999999998,0.042349999999999902,0.020760000000000001
orig+VIX,25% volatility-ceiling EGARCH diagnostic (R1.1),2021-09-30,2021-08-31,54,16,0.0501519999999996,-0.0040600000000000002,0.023045999999999602,0.0271059999999998,0.017079999999999901
orig+VIX,25% volatility-ceiling EGARCH diagnostic (R1.1),2021-10-29,2021-09-30,54,15,0.0821069999999995,-0.0477229999999998,0.017191999999999801,0.064914999999999501,0.044174999999999902
orig+VIX,25% volatility-ceiling EGARCH diagnostic (R1.1),2021-11-30,2021-10-29,54,10,0.045523999999999801,-0.012298,0.016612999999999802,0.028910999999999801,0.015568
orig+VIX,25% volatility-ceiling EGARCH diagnostic (R1.1),2021-12-31,2021-11-30,54,13,0.078391999999999906,-0.054361999999999903,0.012015,0.0663769999999997,0.0516
orig+VIX,25% volatility-ceiling EGARCH diagnostic (R1.1),2022-01-31,2021-12-31,54,12,0.0467999999999998,-0.026404,0.0101979999999999,0.036601999999999801,0.016320000000000001
orig+VIX,25% volatility-ceiling EGARCH diagnostic (R1.1),2022-02-28,2022-01-31,54,0,0,0,0,0,0
orig+VIX,25% volatility-ceiling EGARCH diagnostic (R1.1),2022-04-29,2022-02-28,54,0,0,0,0,0,0
orig+VIX,25% volatility-ceiling EGARCH diagnostic (R1.1),2022-05-31,2022-04-29,54,12,0.071289000000000005,-0.054773000000000002,0.0082579999999999008,0.063031000000000004,0.050611000000000003
orig+VIX,25% volatility-ceiling EGARCH diagnostic (R1.1),2022-06-30,2022-05-31,54,9,0.0555279999999998,-0.0436079999999998,0.00596,0.0495679999999998,0.0347999999999999
orig+VIX,25% volatility-ceiling EGARCH diagnostic (R1.1),2022-07-29,2022-06-30,54,8,0.074401999999999802,-0.055707999999999702,0.0093469999999999005,0.065054999999999502,0.059359999999999802
orig+VIX,25% volatility-ceiling EGARCH diagnostic (R1.1),2022-08-31,2022-07-29,54,11,0.0776089999999999,-0.052822999999999801,0.012393,0.065215999999999802,0.055119999999999801
orig+VIX,25% volatility-ceiling EGARCH diagnostic (R1.1),2022-09-30,2022-08-31,54,12,0.075172999999999601,-0.0511069999999995,0.0120329999999999,0.063139999999999502,0.051520000000000003
orig+VIX,25% volatility-ceiling EGARCH diagnostic (R1.1),2022-10-31,2022-09-30,54,11,0.0895509999999997,-0.059658999999999802,0.0149459999999999,0.074604999999999602,0.069699999999999901
orig+VIX,25% volatility-ceiling EGARCH diagnostic (R1.1),2022-11-30,2022-10-31,54,9,0.045290999999999901,-0.029178999999999702,0.0080560000000000007,0.0372349999999999,0.0207359999999999
orig+VIX,25% volatility-ceiling EGARCH diagnostic (R1.1),2022-12-30,2022-11-30,54,12,0.0470819999999997,-0.027319999999999602,0.0098809999999999003,0.0372009999999997,0.015911999999999801
orig+VIX,25% volatility-ceiling EGARCH diagnostic (R1.1),2023-01-31,2022-12-30,54,11,0.0477279999999995,-0.0408359999999999,0.0034459999999997002,0.044281999999999801,0.0235979999999999
orig+VIX,25% volatility-ceiling EGARCH diagnostic (R1.1),2023-02-28,2023-01-31,54,7,0.040501999999999802,-0.029233999999999701,0.0056340000000000001,0.034867999999999802,0.019157999999999901
orig+VIX,25% volatility-ceiling EGARCH diagnostic (R1.1),2023-03-31,2023-02-28,54,12,0.046060999999999901,-0.035833000000000101,0.0051139999999998001,0.0409469999999999,0.019788
orig+VIX,25% volatility-ceiling EGARCH diagnostic (R1.1),2023-04-28,2023-03-31,54,12,0.0544349999999999,-0.034562999999999802,0.0099360000000000004,0.0444989999999999,0.024070000000000001
orig+VIX,25% volatility-ceiling EGARCH diagnostic (R1.1),2023-05-31,2023-04-28,54,9,0.043610999999999803,-0.022009000000000001,0.0108009999999998,0.032809999999999902,0.019481999999999802
orig+VIX,25% volatility-ceiling EGARCH diagnostic (R1.1),2023-06-30,2023-05-31,54,14,0.090520999999999602,-0.086376999999999801,0.0020720000000000001,0.088449,0.022527999999999802
orig+VIX,25% volatility-ceiling EGARCH diagnostic (R1.1),2023-07-31,2023-06-30,54,14,0.075727999999999601,-0.064736000000000002,0.0054959999999999003,0.070232000000000003,0.020369999999999801
orig+VIX,25% volatility-ceiling EGARCH diagnostic (R1.1),2023-08-31,2023-07-31,54,15,0.0648809999999998,-0.047695000000000001,0.0085929999999998005,0.056287999999999901,0.018207000000000001
orig+VIX,25% volatility-ceiling EGARCH diagnostic (R1.1),2023-09-29,2023-08-31,54,12,0.076248999999999803,-0.064896999999999802,0.0056759999999998001,0.070572999999999803,0.019563999999999901
orig+VIX,25% volatility-ceiling EGARCH diagnostic (R1.1),2023-10-31,2023-09-29,54,9,0.070550000000000002,-0.061349999999999801,0.0045999999999999002,0.0659499999999998,0.032753999999999901
orig+VIX,25% volatility-ceiling EGARCH diagnostic (R1.1),2023-11-30,2023-10-31,54,13,0.0752129999999996,-0.044750999999999902,0.0152309999999998,0.059981999999999702,0.028142999999999901
orig+VIX,25% volatility-ceiling EGARCH diagnostic (R1.1),2023-12-29,2023-11-30,54,16,0.093775999999999804,-0.0877519999999999,0.0030119999999999002,0.0907639999999999,0.0286139999999999
orig+VIX,25% volatility-ceiling EGARCH diagnostic (R1.1),2024-01-31,2023-12-29,54,11,0.0697519999999998,-0.059949999999999802,0.004901,0.064850999999999701,0.0237119999999999
orig+VIX,25% volatility-ceiling EGARCH diagnostic (R1.1),2024-02-29,2024-01-31,54,0,0,0,0,0,0
orig+VIX,25% volatility-ceiling EGARCH diagnostic (R1.1),2024-04-30,2024-02-29,54,10,0.068978999999999804,-0.065186999999999801,0.0018959999999998,0.067082999999999601,0.030585999999999901
orig+VIX,25% volatility-ceiling EGARCH diagnostic (R1.1),2024-05-31,2024-04-30,54,9,0.080247999999999903,-0.072767999999999902,0.0037399999999999001,0.076507999999999701,0.034290000000000001
orig+VIX,25% volatility-ceiling EGARCH diagnostic (R1.1),2024-06-28,2024-05-31,54,0,0,0,0,0,0
orig+VIX,25% volatility-ceiling EGARCH diagnostic (R1.1),2024-07-31,2024-06-28,54,13,0.089732999999999702,-0.074722999999999901,0.0075049999999998,0.082227999999999801,0.025232000000000001
orig+VIX,25% volatility-ceiling EGARCH diagnostic (R1.1),2024-08-30,2024-07-31,54,14,0.1104129999999999,-0.095130999999999702,0.0076410000000000002,0.10277199999999991,0.034605999999999901
orig+VIX,25% volatility-ceiling EGARCH diagnostic (R1.1),2024-09-30,2024-08-30,54,0,0,0,0,0,0
orig+VIX,25% volatility-ceiling EGARCH diagnostic (R1.1),2024-10-31,2024-09-30,54,0,0,0,0,0,0
orig+VIX,25% volatility-ceiling EGARCH diagnostic (R1.1),2024-11-29,2024-10-31,54,0,0,0,0,0,0
orig+VIX,25% volatility-ceiling EGARCH diagnostic (R1.1),2024-12-31,2024-11-29,54,12,0.099597000000000005,-0.081870999999999902,0.0088629999999999005,0.090733999999999801,0.032918000000000003
orig+VIX,25% volatility-ceiling EGARCH diagnostic (R1.1),2025-01-31,2024-12-31,54,15,0.1163919999999997,-0.1019559999999997,0.0072179999999998001,0.1091739999999997,0.036560000000000002
orig+VIX,25% volatility-ceiling EGARCH diagnostic (R1.1),2025-02-28,2025-01-31,54,0,0,0,0,0,0
orig+VIX,25% volatility-ceiling EGARCH diagnostic (R1.1),2025-04-30,2025-02-28,54,0,0,0,0,0,0
orig+VIX,25% volatility-ceiling EGARCH diagnostic (R1.1),2025-05-30,2025-04-30,54,0,0,0,0,0,0
orig+VIX,25% volatility-ceiling EGARCH diagnostic (R1.1),2025-06-30,2025-05-30,54,16,0.14187,-0.101128,0.020371,0.121499,0.040559999999999902
orig+VIX,25% volatility-ceiling EGARCH diagnostic (R1.1),2025-07-31,2025-06-30,54,24,0.15183999999999981,-0.0984479999999998,0.0266959999999999,0.12514399999999981,0.037376
orig+VIX,25% volatility-ceiling EGARCH diagnostic (R1.1),2025-08-29,2025-07-31,54,0,0,0,0,0,0
orig+VIX,25% volatility-ceiling EGARCH diagnostic (R1.1),2025-09-30,2025-08-29,54,23,0.1673819999999995,-0.1178759999999998,0.0247529999999999,0.1426289999999997,0.035144999999999801
orig+VIX,25% volatility-ceiling EGARCH diagnostic (R1.1),2025-10-31,2025-09-30,54,22,0.17407999999999971,-0.1195619999999997,0.027258999999999901,0.14682099999999951,0.041717999999999901
orig+VIX,25% volatility-ceiling EGARCH diagnostic (R1.1),2025-11-28,2025-10-31,54,15,0.13029199999999941,-0.091427999999999801,0.0194319999999997,0.1108599999999996,0.0367839999999999
orig+VIX,25% volatility-ceiling EGARCH diagnostic (R1.1),2025-12-31,2025-11-28,54,16,0.1237039999999999,-0.0943019999999999,0.0147009999999999,0.10900299999999991,0.037075999999999901
orig+VIX,25% volatility-ceiling EGARCH diagnostic (R1.1),2026-01-30,2025-12-31,54,17,0.15188799999999961,-0.1041779999999999,0.0238549999999998,0.1280329999999997,0.041907
orig+VIX,25% volatility-ceiling EGARCH diagnostic (R1.1),2026-02-27,2026-01-30,54,17,0.1527789999999998,-0.1078969999999999,0.022440999999999801,0.1303379999999999,0.042064999999999901
orig+VIX,25% volatility-ceiling EGARCH diagnostic (R1.1),2026-03-31,2026-02-27,54,16,0.14595299999999961,-0.1205629999999998,0.012694999999999901,0.13325799999999971,0.040833000000000001
orig+VIX,25% volatility-ceiling EGARCH diagnostic (R1.1),2026-04-30,2026-03-31,54,18,0.140373,-0.10749300000000001,0.01644,0.1239329999999999,0.055944000000000001
orig+VIX,25% volatility-ceiling specification (R1.1),2018-02-28,2018-01-31,54,10,0.044788999999999801,-0.019714999999999702,0.012537,0.032251999999999802,0.0115999999999999
orig+VIX,25% volatility-ceiling specification (R1.1),2018-04-30,2018-02-28,54,0,0,0,0,0,0
orig+VIX,25% volatility-ceiling specification (R1.1),2018-05-31,2018-04-30,54,13,0.0578659999999998,0.0016100000000000001,0.029738000000000001,0.0281279999999999,0.016899999999999901
orig+VIX,25% volatility-ceiling specification (R1.1),2018-06-29,2018-05-31,54,17,0.047409,-0.027365,0.010022,0.037386999999999802,0.014625000000000001
orig+VIX,25% volatility-ceiling specification (R1.1),2018-07-31,2018-06-29,54,11,0.050503999999999903,-0.019533999999999802,0.015485000000000001,0.0350189999999998,0.01504
orig+VIX,25% volatility-ceiling specification (R1.1),2018-08-31,2018-07-31,54,0,0,0,0,0,0
orig+VIX,25% volatility-ceiling specification (R1.1),2018-09-28,2018-08-31,54,14,0.0491009999999997,0.0037110000000001001,0.026405999999999801,0.022694999999999702,0.0081220000000000007
orig+VIX,25% volatility-ceiling specification (R1.1),2018-10-31,2018-09-28,54,18,0.1181949999999999,-0.032628999999999901,0.042783000000000002,0.075411999999999701,0.023429999999999802
orig+VIX,25% volatility-ceiling specification (R1.1),2018-11-30,2018-10-31,54,0,0,0,0,0,0
orig+VIX,25% volatility-ceiling specification (R1.1),2018-12-31,2018-11-30,54,0,0,0,0,0,0
orig+VIX,25% volatility-ceiling specification (R1.1),2019-01-31,2018-12-31,54,0,0,0,0,0,0
orig+VIX,25% volatility-ceiling specification (R1.1),2019-02-28,2019-01-31,54,0,0,0,0,0,0
orig+VIX,25% volatility-ceiling specification (R1.1),2019-04-30,2019-02-28,54,0,0,0,0,0,0
orig+VIX,25% volatility-ceiling specification (R1.1),2019-05-31,2019-04-30,54,0,0,0,0,0,0
orig+VIX,25% volatility-ceiling specification (R1.1),2019-06-28,2019-05-31,54,0,0,0,0,0,0
orig+VIX,25% volatility-ceiling specification (R1.1),2019-07-31,2019-06-28,54,0,0,0,0,0,0
orig+VIX,25% volatility-ceiling specification (R1.1),2019-08-30,2019-07-31,54,0,0,0,0,0,0
orig+VIX,25% volatility-ceiling specification (R1.1),2019-09-30,2019-08-30,54,0,0,0,0,0,0
orig+VIX,25% volatility-ceiling specification (R1.1),2019-10-31,2019-09-30,54,0,0,0,0,0,0
orig+VIX,25% volatility-ceiling specification (R1.1),2019-11-29,2019-10-31,54,12,0.085827999999999502,-0.0332659999999999,0.026280999999999902,0.059546999999999801,0.02563
orig+VIX,25% volatility-ceiling specification (R1.1),2019-12-31,2019-11-29,54,9,0.045898000000000001,-0.035060000000000001,0.0054190000000000002,0.040479000000000001,0.019
orig+VIX,25% volatility-ceiling specification (R1.1),2020-01-31,2019-12-31,54,12,0.095917999999999601,-0.0765479999999997,0.0096849999999999003,0.086232999999999602,0.051810000000000002
orig+VIX,25% volatility-ceiling specification (R1.1),2020-02-28,2020-01-31,54,0,0,0,0,0,0
orig+VIX,25% volatility-ceiling specification (R1.1),2020-03-31,2020-02-28,54,0,0,0,0,0,0
orig+VIX,25% volatility-ceiling specification (R1.1),2020-04-30,2020-03-31,54,0,0,0,0,0,0
orig+VIX,25% volatility-ceiling specification (R1.1),2020-05-29,2020-04-30,54,12,0.0605829999999997,-0.051423000000000101,0.0045799999999996,0.0560029999999999,0.042880000000000001
orig+VIX,25% volatility-ceiling specification (R1.1),2020-06-30,2020-05-29,54,10,0.047857999999999901,-0.039534,0.0041619999999999002,0.043695999999999902,0.028320000000000001
orig+VIX,25% volatility-ceiling specification (R1.1),2020-07-31,2020-06-30,54,0,0,0,0,0,0
orig+VIX,25% volatility-ceiling specification (R1.1),2020-08-31,2020-07-31,54,9,0.0510599999999998,-0.036299999999999902,0.0073800000000000003,0.043679999999999802,0.028215
orig+VIX,25% volatility-ceiling specification (R1.1),2020-09-30,2020-08-31,54,7,0.0509449999999999,-0.0430249999999998,0.00396,0.046984999999999902,0.0374849999999999
orig+VIX,25% volatility-ceiling specification (R1.1),2020-10-30,2020-09-30,54,13,0.049893999999999501,-0.036086,0.0069039999999998001,0.042989999999999702,0.0362499999999999
orig+VIX,25% volatility-ceiling specification (R1.1),2020-11-30,2020-10-30,54,0,0,0,0,0,0
orig+VIX,25% volatility-ceiling specification (R1.1),2020-12-31,2020-11-30,54,11,0.062889,-0.052298999999999901,0.0052949999999997001,0.057593999999999902,0.048480000000000002
orig+VIX,25% volatility-ceiling specification (R1.1),2021-01-29,2020-12-31,54,12,0.069198999999999802,-0.0563429999999999,0.0064279999999998002,0.062770999999999702,0.053624999999999902
orig+VIX,25% volatility-ceiling specification (R1.1),2021-02-26,2021-01-29,54,0,0,0,0,0,0
orig+VIX,25% volatility-ceiling specification (R1.1),2021-03-31,2021-02-26,54,8,0.0627019999999998,-0.047345999999999902,0.0076779999999999002,0.055023999999999802,0.048359999999999903
orig+VIX,25% volatility-ceiling specification (R1.1),2021-04-30,2021-03-31,54,10,0.048861999999999801,-0.034492000000000002,0.0071849999999998001,0.041676999999999902,0.0292
orig+VIX,25% volatility-ceiling specification (R1.1),2021-06-30,2021-04-30,54,8,0.0403819999999998,-0.035133999999999901,0.0026239999999998001,0.037758,0.025159999999999901
orig+VIX,25% volatility-ceiling specification (R1.1),2021-07-30,2021-06-30,54,13,0.0621999999999997,-0.034135999999999701,0.0140319999999999,0.048167999999999801,0.034380000000000001
orig+VIX,25% volatility-ceiling specification (R1.1),2021-08-31,2021-07-30,54,10,0.040100999999999602,-0.026916999999999702,0.0065919999999999,0.033508999999999803,0.017760000000000001
orig+VIX,25% volatility-ceiling specification (R1.1),2021-09-30,2021-08-31,54,14,0.0373499999999993,-0.0169360000000001,0.0102069999999996,0.027142999999999601,0.018619999999999901
orig+VIX,25% volatility-ceiling specification (R1.1),2021-10-29,2021-09-30,54,14,0.074471999999999802,-0.055237999999999801,0.0096170000000000005,0.064854999999999802,0.045600000000000002
orig+VIX,25% volatility-ceiling specification (R1.1),2021-11-30,2021-10-29,54,11,0.035501999999999902,-0.010204,0.0126489999999999,0.022852999999999901,0.011088000000000001
orig+VIX,25% volatility-ceiling specification (R1.1),2021-12-31,2021-11-30,54,0,0,0,0,0,0
orig+VIX,25% volatility-ceiling specification (R1.1),2022-01-31,2021-12-31,54,12,0.036106999999999903,-0.0107409999999999,0.012683,0.0234239999999999,0.0129599999999999
orig+VIX,25% volatility-ceiling specification (R1.1),2022-02-28,2022-01-31,54,0,0,0,0,0,0
orig+VIX,25% volatility-ceiling specification (R1.1),2022-04-29,2022-02-28,54,0,0,0,0,0,0
orig+VIX,25% volatility-ceiling specification (R1.1),2022-05-31,2022-04-29,54,0,0,0,0,0,0
orig+VIX,25% volatility-ceiling specification (R1.1),2022-06-30,2022-05-31,54,10,0.0481499999999997,-0.039565999999999803,0.0042919999999999001,0.0438579999999998,0.0319199999999999
orig+VIX,25% volatility-ceiling specification (R1.1),2022-07-29,2022-06-30,54,6,0.0549209999999999,-0.039998999999999903,0.0074609999999999,0.047459999999999801,0.0424
orig+VIX,25% volatility-ceiling specification (R1.1),2022-08-31,2022-07-29,54,11,0.064560999999999702,-0.0396809999999998,0.01244,0.052120999999999702,0.042665000000000002
orig+VIX,25% volatility-ceiling specification (R1.1),2022-09-30,2022-08-31,54,11,0.065577999999999803,-0.049848000000000003,0.0078649999999997004,0.057712999999999903,0.045920000000000002
orig+VIX,25% volatility-ceiling specification (R1.1),2022-10-31,2022-09-30,54,10,0.085686999999999902,-0.0579429999999998,0.0138719999999999,0.071814999999999601,0.0672399999999998
orig+VIX,25% volatility-ceiling specification (R1.1),2022-11-30,2022-10-31,54,10,0.0358239999999998,-0.023627999999999701,0.0060980000000000001,0.029725999999999801,0.0149039999999999
orig+VIX,25% volatility-ceiling specification (R1.1),2022-12-30,2022-11-30,54,11,0.037317999999999601,-0.0200939999999999,0.0086119999999998004,0.028705999999999701,0.012648
orig+VIX,25% volatility-ceiling specification (R1.1),2023-01-31,2022-12-30,54,12,0.041371999999999402,-0.028243999999999901,0.0065639999999998,0.0348079999999997,0.017663999999999801
orig+VIX,25% volatility-ceiling specification (R1.1),2023-02-28,2023-01-31,54,7,0.040716999999999802,-0.032314999999999802,0.0042009999999999001,0.036515999999999701,0.0206
orig+VIX,25% volatility-ceiling specification (R1.1),2023-03-31,2023-02-28,54,10,0.039654000000000002,-0.022296,0.0086789999999999003,0.030974999999999801,0.016781000000000001
orig+VIX,25% volatility-ceiling specification (R1.1),2023-04-28,2023-03-31,54,9,0.041192999999999903,-0.0204409999999998,0.010376,0.0308169999999999,0.016931999999999801
orig+VIX,25% volatility-ceiling specification (R1.1),2023-05-31,2023-04-28,54,6,0.034034999999999802,-0.024594999999999902,0.0047200000000000002,0.029315000000000001,0.019991999999999802
orig+VIX,25% volatility-ceiling specification (R1.1),2023-06-30,2023-05-31,54,12,0.084581000000000003,-0.082027000000000003,0.0012769999999999,0.083304000000000003,0.022088
orig+VIX,25% volatility-ceiling specification (R1.1),2023-07-31,2023-06-30,54,8,0.063527,-0.058651000000000002,0.0024379999999998001,0.0610889999999999,0.019691
orig+VIX,25% volatility-ceiling specification (R1.1),2023-08-31,2023-07-31,54,7,0.057296,-0.054056,0.0016199999999998,0.055676000000000003,0.018768
orig+VIX,25% volatility-ceiling specification (R1.1),2023-09-29,2023-08-31,54,9,0.067279999999999701,-0.063519999999999702,0.0018799999999999,0.065399999999999903,0.019563999999999901
orig+VIX,25% volatility-ceiling specification (R1.1),2023-10-31,2023-09-29,54,8,0.076171999999999906,-0.0671319999999999,0.0045199999999999,0.071651999999999702,0.035947
orig+VIX,25% volatility-ceiling specification (R1.1),2023-11-30,2023-10-31,54,9,0.077153999999999501,-0.0577579999999999,0.0096979999999998005,0.067455999999999905,0.0267269999999999
orig+VIX,25% volatility-ceiling specification (R1.1),2023-12-29,2023-11-30,54,12,0.083560999999999802,-0.076468999999999801,0.0035459999999998002,0.0800149999999996,0.024737999999999701
orig+VIX,25% volatility-ceiling specification (R1.1),2024-01-31,2023-12-29,54,9,0.061737999999999502,-0.056109999999999702,0.0028140000000000001,0.058923999999999602,0.0232439999999999
orig+VIX,25% volatility-ceiling specification (R1.1),2024-02-29,2024-01-31,54,5,0.0655189999999998,-0.064570999999999906,0.00047399999999990001,0.0650449999999997,0.022637999999999901
orig+VIX,25% volatility-ceiling specification (R1.1),2024-04-30,2024-02-29,54,8,0.055010999999999602,-0.0520309999999998,0.00149,0.053520999999999701,0.022796
orig+VIX,25% volatility-ceiling specification (R1.1),2024-05-31,2024-04-30,54,9,0.083030999999999702,-0.075800999999999702,0.0036150000000000002,0.079416,0.03483
orig+VIX,25% volatility-ceiling specification (R1.1),2024-06-28,2024-05-31,54,11,0.0801529999999996,-0.064872999999999501,0.0076400000000000001,0.0725129999999998,0.044982000000000001
orig+VIX,25% volatility-ceiling specification (R1.1),2024-07-31,2024-06-28,54,14,0.087157999999999902,-0.064490000000000103,0.0113339999999999,0.075824000000000003,0.025992000000000001
orig+VIX,25% volatility-ceiling specification (R1.1),2024-08-30,2024-07-31,54,12,0.1087369999999997,-0.097282999999999703,0.0057269999999998,0.1030099999999997,0.034749000000000002
orig+VIX,25% volatility-ceiling specification (R1.1),2024-09-30,2024-08-30,54,16,0.1061789999999998,-0.0849189999999998,0.0106299999999999,0.095548999999999801,0.049225999999999902
orig+VIX,25% volatility-ceiling specification (R1.1),2024-10-31,2024-09-30,54,8,0.080296999999999702,-0.0761489999999998,0.0020739999999999001,0.078223000000000001,0.025992000000000001
orig+VIX,25% volatility-ceiling specification (R1.1),2024-11-29,2024-10-31,54,0,0,0,0,0,0
orig+VIX,25% volatility-ceiling specification (R1.1),2024-12-31,2024-11-29,54,0,0,0,0,0,0
orig+VIX,25% volatility-ceiling specification (R1.1),2025-01-31,2024-12-31,54,0,0,0,0,0,0
orig+VIX,25% volatility-ceiling specification (R1.1),2025-02-28,2025-01-31,54,0,0,0,0,0,0
orig+VIX,25% volatility-ceiling specification (R1.1),2025-04-30,2025-02-28,54,0,0,0,0,0,0
orig+VIX,25% volatility-ceiling specification (R1.1),2025-05-30,2025-04-30,54,0,0,0,0,0,0
orig+VIX,25% volatility-ceiling specification (R1.1),2025-06-30,2025-05-30,54,0,0,0,0,0,0
orig+VIX,25% volatility-ceiling specification (R1.1),2025-07-31,2025-06-30,54,0,0,0,0,0,0
orig+VIX,25% volatility-ceiling specification (R1.1),2025-08-29,2025-07-31,54,19,0.14698099999999981,-0.1221149999999997,0.012432999999999901,0.13454799999999981,0.044899000000000001
orig+VIX,25% volatility-ceiling specification (R1.1),2025-09-30,2025-08-29,54,22,0.1561909999999995,-0.1193649999999999,0.0184129999999997,0.1377779999999996,0.0350699999999999
orig+VIX,25% volatility-ceiling specification (R1.1),2025-10-31,2025-09-30,54,20,0.1461959999999993,-0.1277919999999996,0.0092019999999998006,0.13699399999999951,0.040800000000000003
orig+VIX,25% volatility-ceiling specification (R1.1),2025-11-28,2025-10-31,54,15,0.1474229999999998,-0.1227429999999998,0.01234,0.1350829999999999,0.036630000000000003
orig+VIX,25% volatility-ceiling specification (R1.1),2025-12-31,2025-11-28,54,16,0.121451,-0.099039000000000002,0.0112059999999999,0.110245,0.037440000000000001
orig+VIX,25% volatility-ceiling specification (R1.1),2026-01-30,2025-12-31,54,17,0.13905599999999971,-0.1117899999999997,0.0136329999999999,0.1254229999999997,0.041907
orig+VIX,25% volatility-ceiling specification (R1.1),2026-02-27,2026-01-30,54,17,0.16675399999999971,-0.13171199999999961,0.017520999999999901,0.1492329999999997,0.0444779999999999
orig+VIX,25% volatility-ceiling specification (R1.1),2026-03-31,2026-02-27,54,16,0.1516659999999998,-0.12522599999999981,0.0132199999999999,0.13844599999999971,0.0420079999999999
orig+VIX,25% volatility-ceiling specification (R1.1),2026-04-30,2026-03-31,54,0,0,0,0,0,0
