Strategy,Return basis,path_id,method,n_source_obs,status,n_obs,annualized_return,annualized_volatility,sharpe,sortino,max_drawdown,var_95,cvar_95,terminal_wealth,defaulted,block_length
orig+VIX E1 capped,Full-cost net,0,circular_block_bootstrap,60,ok,60,4.411295432945401,1.0085019634742607,2.211776761433568,7.6707716583312004,-0.3455469506197406,0.19199402228154966,0.2696190391140265,4639.874413405305,False,6
orig+VIX E1 capped,Full-cost net,1,circular_block_bootstrap,60,ok,60,0.4464041184863685,1.0672225597775082,0.8030292461161974,1.8391733001282349,-0.542391463520437,0.3332150787829156,0.3455469506197406,6.330649200910862,False,6
orig+VIX E1 capped,Full-cost net,2,circular_block_bootstrap,60,ok,60,0.4352447029207296,0.9915144169087803,0.7862814002244489,1.8044109655121425,-0.6781143809697232,0.2706002396627969,0.3114013740623573,6.090174877255954,False,6
orig+VIX E1 capped,Full-cost net,3,circular_block_bootstrap,60,ok,60,1.7195775067021781,0.9598281839039313,1.4978603330853482,3.898281520747904,-0.6366090349488127,0.2577151159674443,0.31582145428571784,148.76720463130556,False,6
orig+VIX E1 capped,Full-cost net,4,circular_block_bootstrap,60,ok,60,1.2453776058993702,0.9970153899378916,1.2637430682619326,3.1617837053467754,-0.5342338211462014,0.29432858578366566,0.31669253877095976,57.07513332339391,False,6
orig+VIX E1 capped,Full-cost net,5,circular_block_bootstrap,60,ok,60,2.231290226037126,1.119573176744239,1.543007232050457,4.999937353358319,-0.45720309861988984,0.2571026810530653,0.2620021603680975,352.2733868388769,False,6
orig+VIX E1 capped,Full-cost net,6,circular_block_bootstrap,60,ok,60,2.0865197445517625,0.9945213195850238,1.6046635520665282,4.543757285969625,-0.6969064737973516,0.2577151159674443,0.2776771148216525,280.12076100630975,False,6
orig+VIX E1 capped,Full-cost net,7,circular_block_bootstrap,60,ok,60,1.0141217207439,0.7598080893412672,1.304509226940977,2.6465787850132005,-0.4411356611390329,0.33256603289676695,0.33256603289676695,33.14580454534524,False,6
orig+VIX E1 capped,Full-cost net,8,circular_block_bootstrap,60,ok,60,1.677774177144443,0.8506847460494242,1.5852382902825808,3.6672133011181036,-0.5346742952909789,0.23562845024647502,0.31982021719239984,137.67964763876248,False,6
orig+VIX E1 capped,Full-cost net,9,circular_block_bootstrap,60,ok,60,-0.0035767379346279826,0.905835417066164,0.38486390913668495,0.7509223386149236,-0.8103428608466624,0.2962404581393207,0.33256603289676695,0.9822437841130915,False,6
orig+VIX E1 capped,Full-cost net,10,circular_block_bootstrap,60,ok,60,0.4510597445033586,1.078691049512794,0.8021699222364761,1.8309477213574739,-0.6398141618415606,0.2962404581393207,0.3412199780454161,6.433191361374178,False,6
orig+VIX E1 capped,Full-cost net,11,circular_block_bootstrap,60,ok,60,1.3006823801787757,0.9612526362736977,1.2856391228676711,3.519615414521874,-0.6624779190030817,0.23253896942872815,0.27254979481594366,64.4589656473639,False,6
orig+VIX E1 capped,Full-cost net,12,circular_block_bootstrap,60,ok,60,0.5365552092505665,0.8402821884795107,0.9027526965955869,1.7858129797332085,-0.7314812690980125,0.29432858578366566,0.3122197481735009,8.565265836612769,False,6
orig+VIX E1 capped,Full-cost net,13,circular_block_bootstrap,60,ok,60,1.732535095078982,0.977353012930283,1.4691695530526854,4.494049869537462,-0.45733695977145905,0.19199402228154966,0.2442205153543283,152.3451884657299,False,6
orig+VIX E1 capped,Full-cost net,14,circular_block_bootstrap,60,ok,60,0.9169558912963423,1.035475560749111,1.097278863961641,2.4604638037306694,-0.6738239421322123,0.33256603289676695,0.3358112623275104,25.88574090310104,False,6
orig+VIX E1 capped,Full-cost net,15,circular_block_bootstrap,60,ok,60,0.8135099384647528,0.9820772530763276,1.0260709111870248,2.650745822096106,-0.60440543256025,0.23562845024647502,0.32414718976672446,19.61551431800597,False,6
orig+VIX E1 capped,Full-cost net,16,circular_block_bootstrap,60,ok,60,0.47530263609875156,0.8487747408779062,0.8289368767552714,1.895489365108303,-0.6120282953183546,0.2577151159674443,0.2904229305260196,6.988847951170185,False,6
orig+VIX E1 capped,Full-cost net,17,circular_block_bootstrap,60,ok,60,3.1826568367260872,1.0321717264031458,1.904274879068424,5.828139546138083,-0.34984233500160034,0.19199402228154966,0.2991004623029183,1280.1509216244256,False,6
orig+VIX E1 capped,Full-cost net,18,circular_block_bootstrap,60,ok,60,1.0272541912091513,1.0808061811858292,1.1279449668950086,2.726259861639004,-0.7014607621618318,0.2968895040254694,0.3455469506197406,34.24057387088088,False,6
orig+VIX E1 capped,Full-cost net,19,circular_block_bootstrap,60,ok,60,1.3254613907729347,0.9468083994786196,1.3190852724683393,3.411500057780027,-0.6219203349165225,0.2693513793406459,0.2818399825621558,68.0057550700041,False,6
orig+VIX E1 capped,Full-cost net,20,circular_block_bootstrap,60,ok,60,3.84646564936103,0.8974798471288221,2.2760923903825687,6.332882147662809,-0.3455469506197406,0.2062074856692737,0.27587721814450716,2673.7801483758044,False,6
orig+VIX E1 capped,Full-cost net,21,circular_block_bootstrap,60,ok,60,1.2127447082426195,0.9998728127787634,1.2440327452946807,3.056505385270313,-0.45720309861988995,0.2962404581393207,0.3412199780454161,53.04647795964164,False,6
orig+VIX E1 capped,Full-cost net,22,circular_block_bootstrap,60,ok,60,1.4380035253900774,1.0240157342796294,1.3414873430356566,3.3458877758629932,-0.4598283802349983,0.29432858578366566,0.303887947561941,86.13341103736029,False,6
orig+VIX E1 capped,Full-cost net,23,circular_block_bootstrap,60,ok,60,1.3600202157057049,0.9546381252011324,1.3292584566925285,3.562234983193624,-0.4598283802349984,0.23253896942872815,0.2634337776061969,73.2113837721676,False,6
orig+VIX E1 capped,Full-cost net,24,circular_block_bootstrap,60,ok,60,1.9516772495260817,0.9750976909480824,1.5712563270320248,4.392812942855489,-0.594090304984078,0.23253896942872815,0.2729931393844722,224.0496859920833,False,6
orig+VIX E1 capped,Full-cost net,25,circular_block_bootstrap,60,ok,60,0.6227911578500513,1.067671522634188,0.9065686404715877,2.1103305644058032,-0.4794132305895279,0.29432858578366566,0.31669253877095976,11.254162026880794,False,6
orig+VIX E1 capped,Full-cost net,26,circular_block_bootstrap,60,ok,60,0.9564258395279805,1.0803296097385282,1.083643694190038,2.720598865362722,-0.5148740842364044,0.29432858578366566,0.30713317699268444,28.66269026957366,False,6
orig+VIX E1 capped,Full-cost net,27,circular_block_bootstrap,60,ok,60,1.422963626726828,1.0621395137664098,1.2951911247724912,3.5690219954776254,-0.49324524307029727,0.2577151159674443,0.31582145428571784,83.50922879707086,False,6
orig+VIX E1 capped,Full-cost net,28,circular_block_bootstrap,60,ok,60,1.1257375219953083,1.0781916004923455,1.1632580890481172,3.032683792382515,-0.6044389237188172,0.2693513793406459,0.30744916498019326,43.40584270916198,False,6
orig+VIX E1 capped,Full-cost net,29,circular_block_bootstrap,60,ok,60,2.5847948687386255,1.0168612756642068,1.7513411928380271,5.1524729839230625,-0.45720309861988984,0.2577151159674443,0.31582145428571784,591.9997813090986,False,6
orig+VIX E1 capped,Full-cost net,30,circular_block_bootstrap,60,ok,60,1.6003441488821295,0.8498969661700418,1.5326385035562828,4.0702394509387645,-0.4842918789995375,0.19199402228154966,0.29477348972859374,118.89241470927806,False,6
orig+VIX E1 capped,Full-cost net,31,circular_block_bootstrap,60,ok,60,1.5748931277126954,0.9737077251614776,1.420088743322337,3.6154178180942593,-0.45720309861988995,0.2693513793406459,0.2884002721604196,113.18686746744278,False,6
orig+VIX E1 capped,Full-cost net,32,circular_block_bootstrap,60,ok,60,1.910678619738921,1.010814557135478,1.524850799215346,4.340075176620229,-0.4598283802349984,0.23562845024647502,0.3241471897667244,208.91579651097828,False,6
orig+VIX E1 capped,Full-cost net,33,circular_block_bootstrap,60,ok,60,0.6349524370701658,1.0759633853136858,0.916057353117028,2.1428556971493067,-0.6964611142460504,0.29432858578366566,0.31993776820170317,11.682226301544024,False,6
orig+VIX E1 capped,Full-cost net,34,circular_block_bootstrap,60,ok,60,1.5415871601498012,1.0238635625862482,1.3744381523732234,3.624895250234606,-0.45720309861988984,0.2577151159674443,0.31582145428571784,106.05350812914686,False,6
orig+VIX E1 capped,Full-cost net,35,circular_block_bootstrap,60,ok,60,2.247608020534406,1.0648094821972476,1.600722398687365,4.600898176986984,-0.4598283802349984,0.2577151159674443,0.3030756385813507,361.25846020970863,False,6
orig+VIX E1 capped,Full-cost net,36,circular_block_bootstrap,60,ok,60,0.7479938882285058,0.8738079081202018,1.0527361998002067,2.15049966824122,-0.6123524711725321,0.2962404581393207,0.3368930054710915,16.319225706442346,False,6
orig+VIX E1 capped,Full-cost net,37,circular_block_bootstrap,60,ok,60,1.1597042813836267,0.8809407104694779,1.2941625812712727,2.9883652451983966,-0.5631958049693254,0.23562845024647502,0.32414718976672446,46.98632151626089,False,6
orig+VIX E1 capped,Full-cost net,38,circular_block_bootstrap,60,ok,60,1.9462932143871563,0.9274860875189707,1.6196821777394363,4.119058304855623,-0.5691318828825551,0.2577151159674443,0.2904229305260196,222.0137271019863,False,6
orig+VIX E1 capped,Full-cost net,39,circular_block_bootstrap,60,ok,60,1.2006824683274089,1.058514222701375,1.2172245290813957,2.99579122944361,-0.5287604180394729,0.2962404581393207,0.3412199780454161,51.616305760086114,False,6
orig+VIX E1 capped,Full-cost net,40,circular_block_bootstrap,60,ok,60,1.2744156035942074,0.9372558233144456,1.3014898942187514,3.4750249760472567,-0.4870776533301584,0.23562845024647502,0.3070744014880327,60.86240796423997,False,6
orig+VIX E1 capped,Full-cost net,41,circular_block_bootstrap,60,ok,60,0.2815709383745906,1.0618508493260694,0.692378023958188,1.4356385449786588,-0.5913714473490113,0.33256603289676695,0.33905649175825375,3.4571104328142463,False,6
orig+VIX E1 capped,Full-cost net,42,circular_block_bootstrap,60,ok,60,1.1571603258587597,1.0154108298930915,1.2219204456387975,2.833193382293471,-0.4598283802349984,0.2962404581393207,0.3412199780454161,46.710242404554414,False,6
orig+VIX E1 capped,Full-cost net,43,circular_block_bootstrap,60,ok,60,1.2144451144577029,1.0444965870528216,1.222925654769335,3.1840075293329964,-0.45720309861988984,0.2693513793406459,0.30420393554944986,53.25061198858685,False,6
orig+VIX E1 capped,Full-cost net,44,circular_block_bootstrap,60,ok,60,2.5773360882548473,1.0701234074381754,1.703475769759504,4.995452685803927,-0.45720309861988984,0.2577151159674443,0.32014842686004236,585.8665715198691,False,6
orig+VIX E1 capped,Full-cost net,45,circular_block_bootstrap,60,ok,60,2.8792652615505725,0.8632204478804363,2.0290889576594715,6.231286135343871,-0.45720309861988995,0.19124594526114314,0.22723648772899935,878.5113704906373,False,6
orig+VIX E1 capped,Full-cost net,46,circular_block_bootstrap,60,ok,60,2.229292637342617,0.9549682356927524,1.6943030206022656,4.709718060446827,-0.43984331381789654,0.21061354067499327,0.3114013740623573,351.18585249521345,False,6
orig+VIX E1 capped,Full-cost net,47,circular_block_bootstrap,60,ok,60,1.1754286991391747,0.9682535114553871,1.2482088943650391,2.978292527949049,-0.6360153986574337,0.29432858578366566,0.31993776820170317,48.721905839575605,False,6
orig+VIX E1 capped,Full-cost net,48,circular_block_bootstrap,60,ok,60,1.1586693772003218,0.9924603049084776,1.233280044266212,2.8283647008694532,-0.5424012542637613,0.3332150787829156,0.3455469506197406,46.87385296875953,False,6
orig+VIX E1 capped,Full-cost net,49,circular_block_bootstrap,60,ok,60,1.4708546349513676,0.9573921018166783,1.3793389352982492,3.777796630397588,-0.4598283802349983,0.23562845024647502,0.32414718976672446,92.09498446015246,False,6
orig+VIX E1 capped,Full-cost net,50,circular_block_bootstrap,60,ok,60,0.6726805568014511,1.0260068268232947,0.9510500381658223,2.1145653278568926,-0.5591734956355185,0.29432858578366566,0.3134473093402163,13.093780115853473,False,6
orig+VIX E1 capped,Full-cost net,51,circular_block_bootstrap,60,ok,60,1.0977809715892897,0.9143732327604923,1.2366035114191019,2.7688680629895783,-0.5470714013288327,0.33256603289676695,0.3358112623275104,40.62568610592102,False,6
orig+VIX E1 capped,Full-cost net,52,circular_block_bootstrap,60,ok,60,0.5587708140858052,1.0836173257969486,0.8788492267099376,1.974270484099608,-0.634083853372363,0.3332150787829156,0.3455469506197406,9.202616584036797,False,6
orig+VIX E1 capped,Full-cost net,53,circular_block_bootstrap,60,ok,60,0.9598975758836659,1.0270294680196475,1.1089760492733878,2.724940226624255,-0.7250776651597686,0.2693513793406459,0.29464457377117453,28.917908467961894,False,6
orig+VIX E1 capped,Full-cost net,54,circular_block_bootstrap,60,ok,60,0.7640191828991176,1.0044493377022992,1.0016763219789164,2.412710565235847,-0.49422740538514554,0.33256603289676695,0.3390564917582538,17.08112684855897,False,6
orig+VIX E1 capped,Full-cost net,55,circular_block_bootstrap,60,ok,60,1.5841460219703247,1.0931897392819594,1.3467856030701026,3.8067541416922133,-0.4598283802349983,0.2577151159674443,0.3030756385813507,115.23522474400022,False,6
orig+VIX E1 capped,Full-cost net,56,circular_block_bootstrap,60,ok,60,0.9297690177684188,0.8455737498176034,1.187015271866027,2.49890942833586,-0.6203897854872957,0.2962404581393207,0.3368930054710915,26.76249800066541,False,6
orig+VIX E1 capped,Full-cost net,57,circular_block_bootstrap,60,ok,60,2.614756731194735,0.8971323475140629,1.8917210582588384,5.341628968001923,-0.3749351259135092,0.2075240598572464,0.28247909979637154,617.1565968536335,False,6
orig+VIX E1 capped,Full-cost net,58,circular_block_bootstrap,60,ok,60,1.5206445506506165,1.1376310113479418,1.3074167369997247,3.679764353269508,-0.5169996137798896,0.2577151159674443,0.29474990310034416,101.75553434413975,False,6
orig+VIX E1 capped,Full-cost net,59,circular_block_bootstrap,60,ok,60,1.0103749008453375,1.0708627097809,1.1264487371504177,2.631792758806547,-0.4598283802349984,0.3332150787829156,0.3455469506197406,32.83864793859048,False,6
orig+VIX E1 capped,Full-cost net,60,circular_block_bootstrap,60,ok,60,0.6768912164979164,0.9944228041382609,0.9483418284054851,2.2795906310986,-0.753454816741799,0.29432858578366566,0.29432858578366566,13.259417624663197,False,6
orig+VIX E1 capped,Full-cost net,61,circular_block_bootstrap,60,ok,60,2.1477187300219254,0.9016522199244212,1.7369036088139604,4.138954174955461,-0.42901482763089593,0.27251211201845194,0.3412199780454161,309.01502146978333,False,6
orig+VIX E1 capped,Full-cost net,62,circular_block_bootstrap,60,ok,60,0.4772887913270736,1.014640116146333,0.8165766765459512,1.8523872396215133,-0.6882863057546307,0.29432858578366566,0.31669253877095976,7.036019161597134,False,6
orig+VIX E1 capped,Full-cost net,63,circular_block_bootstrap,60,ok,60,-0.10807302709764288,0.9075001561962723,0.26890482174671604,0.5013595061307492,-0.7736972135277311,0.2962404581393207,0.3368930054710915,0.5644773086324826,False,6
orig+VIX E1 capped,Full-cost net,64,circular_block_bootstrap,60,ok,60,1.1131166068668805,1.0266517594803801,1.1760653059830726,2.9857905626837162,-0.5520244705575594,0.2706002396627969,0.29432858578366566,42.1325083618003,False,6
orig+VIX E1 capped,Full-cost net,65,circular_block_bootstrap,60,ok,60,0.6254240976696783,1.0652503741741244,0.9136056077466712,2.0852254450869645,-0.6902058585232753,0.2693513793406459,0.28380463330094796,11.345756808583559,False,6
orig+VIX E1 capped,Full-cost net,66,circular_block_bootstrap,60,ok,60,2.205639791739616,0.8364370301329985,1.8327158216762958,4.550654590187205,-0.4598283802349983,0.2075240598572464,0.29080483527737816,338.51163611689066,False,6
orig+VIX E1 capped,Full-cost net,67,circular_block_bootstrap,60,ok,60,2.330737169603988,1.0823001620761405,1.6282628436115232,4.202063094788065,-0.47497042444946913,0.2706002396627969,0.32414718976672446,409.92255791883736,False,6
orig+VIX E1 capped,Full-cost net,68,circular_block_bootstrap,60,ok,60,1.9924267045288335,0.9063230846452414,1.6532105895627505,4.654910935968078,-0.5553035615800741,0.2075240598572464,0.29080483527737816,239.94826208781632,False,6
orig+VIX E1 capped,Full-cost net,69,circular_block_bootstrap,60,ok,60,0.9090620394879927,1.0770061612068433,1.0417298658440812,2.9917728233508156,-0.6377189107805308,0.2577151159674443,0.2987486660070262,25.35713660226215,False,6
orig+VIX E1 capped,Full-cost net,70,circular_block_bootstrap,60,ok,60,1.503577020159283,1.0431969254567697,1.3327712997079273,3.959475934858934,-0.45720309861988995,0.20875224543846327,0.28634003109682604,98.35688884261222,False,6
orig+VIX E1 capped,Full-cost net,71,circular_block_bootstrap,60,ok,60,1.0457731352648585,1.0649039961061162,1.1318110777572932,2.922165071094125,-0.6275987256080846,0.2706002396627969,0.32414718976672446,35.83334543100986,False,6
orig+VIX E1 capped,Full-cost net,72,circular_block_bootstrap,60,ok,60,0.8609478079243496,1.1339124265795635,1.0370574101442374,2.4678733072063315,-0.6996206917879086,0.2962404581393207,0.3412199780454161,22.31880642377316,False,6
orig+VIX E1 capped,Full-cost net,73,circular_block_bootstrap,60,ok,60,1.2471498771194103,1.122986955685153,1.1986620776575254,3.363909363734261,-0.5094407115660555,0.2577151159674443,0.2987486660070262,57.300735513927506,False,6
orig+VIX E1 capped,Full-cost net,74,circular_block_bootstrap,60,ok,60,0.5900640366137357,1.0907814616713754,0.886939864493699,2.06823114594868,-0.6287958522485181,0.2962404581393207,0.33689300547109147,10.164197027461272,False,6
orig+VIX E1 capped,Full-cost net,75,circular_block_bootstrap,60,ok,60,0.8456479058338691,1.0568097095469173,1.0260583458221457,2.6608846019978514,-0.5216755977677376,0.2693513793406459,0.30420393554944986,21.41629158910287,False,6
orig+VIX E1 capped,Full-cost net,76,circular_block_bootstrap,60,ok,60,2.0407460549636633,0.9598480231247345,1.6226858237715196,4.3128910871281425,-0.42901482763089593,0.20875224543846327,0.3117385548565243,259.9565471316516,False,6
orig+VIX E1 capped,Full-cost net,77,circular_block_bootstrap,60,ok,60,2.467009536315701,0.9774412811874125,1.74743602184735,5.067274785435651,-0.4598283802349984,0.233767155009945,0.27359421539245893,500.9278538754338,False,6
orig+VIX E1 capped,Full-cost net,78,circular_block_bootstrap,60,ok,60,1.890945248009221,0.916643581834743,1.6175633648482655,3.7333301673294383,-0.6145070195538056,0.27251211201845194,0.33256603289676695,201.929296824829,False,6
orig+VIX E1 capped,Full-cost net,79,circular_block_bootstrap,60,ok,60,1.3883421913601421,1.0387480188690223,1.3039986484406405,3.287904098747091,-0.7506215580970117,0.2706002396627969,0.328474162341049,77.71104584168795,False,6
orig+VIX E1 capped,Full-cost net,80,circular_block_bootstrap,60,ok,60,0.7413289794486899,0.9740962253286415,1.0097657027317994,2.212554472409193,-0.5715333279236645,0.2962404581393207,0.3368930054710915,16.010472108605345,False,6
orig+VIX E1 capped,Full-cost net,81,circular_block_bootstrap,60,ok,60,0.8944404389055411,0.9246563022100835,1.102745068116482,2.7139702666316943,-0.5851719723645958,0.2693513793406459,0.29139934434043113,24.40084005406502,False,6
orig+VIX E1 capped,Full-cost net,82,circular_block_bootstrap,60,ok,60,0.7039156430848725,0.8657547261634316,1.0168051176240378,2.1047498215623737,-0.5931475796399277,0.33256603289676695,0.3358112623275104,14.362844224047036,False,6
orig+VIX E1 capped,Full-cost net,83,circular_block_bootstrap,60,ok,60,1.119967933372363,0.8936195708548755,1.2779521050338079,2.7181299361429168,-0.45384692973775187,0.33256603289676695,0.3390564917582538,42.81997991088713,False,6
orig+VIX E1 capped,Full-cost net,84,circular_block_bootstrap,60,ok,60,0.560101420999519,1.0809381493820653,0.871815924958054,2.0027610390112036,-0.5719568963654049,0.3332150787829156,0.3455469506197406,9.241961651314476,False,6
orig+VIX E1 capped,Full-cost net,85,circular_block_bootstrap,60,ok,60,1.0111003213321177,0.9587187765802435,1.1581656763673223,2.776312408593565,-0.5076250140311616,0.29432858578366566,0.303887947561941,32.89793793924775,False,6
orig+VIX E1 capped,Full-cost net,86,circular_block_bootstrap,60,ok,60,0.9222362025301685,0.9198674146740937,1.142036950143566,2.4790579578682497,-0.5766802293306142,0.29432858578366566,0.31993776820170317,26.244225546775127,False,6
orig+VIX E1 capped,Full-cost net,87,circular_block_bootstrap,60,ok,60,0.6606791072521327,1.0074105969370728,0.9359608188379657,2.2018921214313862,-0.7853689152391456,0.2962404581393207,0.33689300547109147,12.63073459424722,False,6
orig+VIX E1 capped,Full-cost net,88,circular_block_bootstrap,60,ok,60,0.4288018761121333,0.9945630064156997,0.7679168971657288,1.8684762830259585,-0.7618954227607463,0.2706002396627969,0.3070744014880327,5.9547023660033584,False,6
orig+VIX E1 capped,Full-cost net,89,circular_block_bootstrap,60,ok,60,1.5924302511008452,0.8330866177286456,1.5621603491381368,3.6613634056730175,-0.6575677600205776,0.23437958992432403,0.2987486660070262,117.09420517541056,False,6
orig+VIX E1 capped,Full-cost net,90,circular_block_bootstrap,60,ok,60,1.5532911160005112,0.9029644340390809,1.4620347659716182,3.8400679913011637,-0.45720309861988984,0.20875224543846327,0.28634003109682604,108.51797242371819,False,6
orig+VIX E1 capped,Full-cost net,91,circular_block_bootstrap,60,ok,60,1.8350680666012118,1.0745032747656809,1.4582683510965382,4.135866236534278,-0.5544678618694232,0.23562845024647502,0.3241471897667244,183.15444000329094,False,6
orig+VIX E1 capped,Full-cost net,92,circular_block_bootstrap,60,ok,60,1.2583202701202292,0.8927694879716347,1.3519634716621554,2.9634647679776407,-0.6488032809951831,0.2962404581393207,0.3412199780454161,58.7391507661931,False,6
orig+VIX E1 capped,Full-cost net,93,circular_block_bootstrap,60,ok,60,0.7361817966391815,0.8293864101180822,1.0712327316243113,2.0453962320295886,-0.7369262583692793,0.33256603289676695,0.33581126232751035,15.775240620759977,False,6
orig+VIX E1 capped,Full-cost net,94,circular_block_bootstrap,60,ok,60,1.2125338979734481,1.0565462412098634,1.1937423288312772,3.451873466206963,-0.6391302994527914,0.2571026810530653,0.26016485562496044,53.021213834779324,False,6
orig+VIX E1 capped,Full-cost net,95,circular_block_bootstrap,60,ok,60,0.9329455349390543,0.9323181649709904,1.1105812660130312,2.743451193087821,-0.6161969788706095,0.2693513793406459,0.2818399825621558,26.98348782642814,False,6
orig+VIX E1 capped,Full-cost net,96,circular_block_bootstrap,60,ok,60,1.713194154581474,1.0172778352754306,1.4344843903964413,4.275932670548062,-0.45720309861988984,0.2577151159674443,0.2904229305260196,147.02946049832076,False,6
orig+VIX E1 capped,Full-cost net,97,circular_block_bootstrap,60,ok,60,1.3087662724157991,1.0285720238572718,1.269005208924704,3.283135629087307,-0.45880314999492267,0.2693513793406459,0.29463724076309433,65.59939696369962,False,6
orig+VIX E1 capped,Full-cost net,98,circular_block_bootstrap,60,ok,60,0.75182334007669,0.9062884798013976,1.0258633231076137,2.2972481962748414,-0.5880066885552528,0.2706002396627969,0.31982021719239984,16.49876897756742,False,6
orig+VIX E1 capped,Full-cost net,99,circular_block_bootstrap,60,ok,60,1.365054285532012,0.9969881577862306,1.3136538573114176,3.358276518176382,-0.45720309861988984,0.2693513793406459,0.29464457377117453,73.99554413275213,False,6
orig+VIX E1 capped,Full-cost net,100,circular_block_bootstrap,60,ok,60,0.7720571996667895,0.9401564712637576,1.0281551300518477,2.295919365364745,-0.5989273709498584,0.2962404581393207,0.33256603289676695,17.4738531323806,False,6
orig+VIX E1 capped,Full-cost net,101,circular_block_bootstrap,60,ok,60,2.3927803420748024,1.0413175279706284,1.66643239454988,4.6306465889659405,-0.45720309861988984,0.2577151159674443,0.31582145428571784,449.55073875269375,False,6
orig+VIX E1 capped,Full-cost net,102,circular_block_bootstrap,60,ok,60,0.9795980068275889,0.9882298532078974,1.120364008955977,2.875603093285911,-0.5916542156865345,0.2577151159674443,0.29874866600702615,30.400801895166133,False,6
orig+VIX E1 capped,Full-cost net,103,circular_block_bootstrap,60,ok,60,1.9169013670130925,1.0322488701038905,1.5131042439276468,4.169170585535757,-0.45720309861988984,0.2693513793406459,0.30744916498019326,211.1585737912196,False,6
orig+VIX E1 capped,Full-cost net,104,circular_block_bootstrap,60,ok,60,1.4486729998000816,1.0345840613653334,1.3336583388028727,3.335714271470547,-0.5382134266507219,0.27251211201845194,0.3368930054710915,88.03471500928818,False,6
orig+VIX E1 capped,Full-cost net,105,circular_block_bootstrap,60,ok,60,0.5751635264075639,0.9245402759260357,0.89829152531077,2.019582689660427,-0.5605902268478967,0.33256603289676695,0.33581126232751035,9.696795459169195,False,6
orig+VIX E1 capped,Full-cost net,106,circular_block_bootstrap,60,ok,60,1.6425833111899926,0.9829143792742084,1.4439838698198604,3.784782605214662,-0.4881151220922403,0.2577151159674443,0.29874866600702615,128.86751078313708,False,6
orig+VIX E1 capped,Full-cost net,107,circular_block_bootstrap,60,ok,60,1.6296486200836693,0.9770893561122682,1.4476831793813603,3.556928757778079,-0.5518393077112504,0.27251211201845194,0.33256603289676695,125.74438597689597,False,6
orig+VIX E1 capped,Full-cost net,108,circular_block_bootstrap,60,ok,60,1.395757436990452,1.001248565828668,1.328860291321001,3.2219086189714474,-0.4598283802349984,0.2706002396627969,0.31982021719239984,78.92493354171476,False,6
orig+VIX E1 capped,Full-cost net,109,circular_block_bootstrap,60,ok,60,2.18021935616797,0.9709709308209109,1.6666568783628195,4.368496043550643,-0.5877235587875063,0.2962404581393207,0.3368930054710915,325.300988334879,False,6
orig+VIX E1 capped,Full-cost net,110,circular_block_bootstrap,60,ok,60,0.8118343637786851,1.026554876311045,1.0175525788758564,2.458556581588521,-0.5432922709988588,0.2693513793406459,0.2869897513404741,19.52506380577935,False,6
orig+VIX E1 capped,Full-cost net,111,circular_block_bootstrap,60,ok,60,0.13707930517174738,0.8899451450586139,0.5317308042572452,1.062456942630425,-0.8366755019487706,0.29432858578366566,0.30197607520628594,1.9008759554916108,False,6
orig+VIX E1 capped,Full-cost net,112,circular_block_bootstrap,60,ok,60,0.9775330594299472,1.0167298513563328,1.102941362805372,2.894266047074062,-0.4869746401604502,0.2693513793406459,0.30420393554944986,30.24257475042976,False,6
orig+VIX E1 capped,Full-cost net,113,circular_block_bootstrap,60,ok,60,0.5025730739538672,1.061740939271777,0.8289171152422048,2.002345901709484,-0.6380453622423319,0.29432858578366566,0.303887947561941,7.659104767034632,False,6
orig+VIX E1 capped,Full-cost net,114,circular_block_bootstrap,60,ok,60,1.903743426391904,1.0161805523170242,1.5106532129042085,4.520440551038976,-0.4857385154698416,0.23437958992432403,0.2987486660070262,206.4387392848575,False,6
orig+VIX E1 capped,Full-cost net,115,circular_block_bootstrap,60,ok,60,1.0980308871192013,0.9533820685408322,1.2188648328025027,2.7825977039212346,-0.6474602760423653,0.2962404581393207,0.3412199780454161,40.64989122889366,False,6
orig+VIX E1 capped,Full-cost net,116,circular_block_bootstrap,60,ok,60,2.281594609679517,0.742390897208104,2.0050231824192473,5.708838729257152,-0.34984233500160034,0.15704313273863327,0.2476667938500525,380.56132305852157,False,6
orig+VIX E1 capped,Full-cost net,117,circular_block_bootstrap,60,ok,60,1.992909684044902,1.012788486179845,1.5506749234452302,4.364905505770139,-0.4598283802349983,0.2577151159674443,0.2860028503026591,240.14196359240697,False,6
orig+VIX E1 capped,Full-cost net,118,circular_block_bootstrap,60,ok,60,0.7857834511110449,0.9675394866055894,1.019528549370456,2.422934551504261,-0.6394711129036659,0.2706002396627969,0.31982021719239984,18.16117612421308,False,6
orig+VIX E1 capped,Full-cost net,119,circular_block_bootstrap,60,ok,60,0.7195058540631953,1.0682736983822494,0.9828206984487635,2.1785053690628966,-0.7687832633804623,0.3332150787829156,0.3455469506197406,15.032052835840696,False,6
orig+VIX E1 capped,Full-cost net,120,circular_block_bootstrap,60,ok,60,0.8191892199388617,1.1103254414660342,1.01492613950549,2.4325549000014086,-0.5034842660252793,0.29432858578366566,0.3148159317180957,19.924588886346147,False,6
orig+VIX E1 capped,Full-cost net,121,circular_block_bootstrap,60,ok,60,1.319943991095072,0.9990361305638678,1.3012987138927041,3.1700157544648873,-0.48088475988397783,0.29432858578366566,0.31669253877095976,67.20282048069085,False,6
orig+VIX E1 capped,Full-cost net,122,circular_block_bootstrap,60,ok,60,0.2921101525238643,1.035709163731896,0.6759854712241152,1.512649207835757,-0.6297203367174458,0.29432858578366566,0.3166925387709597,3.6016183837577778,False,6
orig+VIX E1 capped,Full-cost net,123,circular_block_bootstrap,60,ok,60,3.296120807855438,0.8961481640791887,2.1114189109128243,6.037818467081151,-0.4598283802349984,0.2075240598572464,0.29080483527737816,1463.4652905379596,False,6
orig+VIX E1 capped,Full-cost net,124,circular_block_bootstrap,60,ok,60,1.7142773210088489,0.9843705568141984,1.4835596379430036,3.71731405264428,-0.5286729769731495,0.29432858578366566,0.31993776820170317,147.32318180094967,False,6
orig+VIX E1 capped,Full-cost net,125,circular_block_bootstrap,60,ok,60,0.5304265806505719,1.1042856271421515,0.8464540328248022,2.0456353549920383,-0.6389835004285813,0.29432858578366566,0.3148159317180957,8.395808029118218,False,6
orig+VIX E1 capped,Full-cost net,126,circular_block_bootstrap,60,ok,60,1.3858399166023823,1.0608720213492266,1.28831565005064,3.5309385421391943,-0.5903735274816064,0.23562845024647502,0.29432858578366566,77.30480724938606,False,6
orig+VIX E1 capped,Full-cost net,127,circular_block_bootstrap,60,ok,60,0.9995486348233948,0.9632332559837513,1.1557296892594888,2.731789812331781,-0.43630824781465016,0.33256603289676695,0.3358112623275104,31.963907080635526,False,6
orig+VIX E1 capped,Full-cost net,128,circular_block_bootstrap,60,ok,60,2.549452692904124,1.1075044838516674,1.65432898971816,5.123500198267228,-0.34984233500160034,0.23253896942872815,0.28904296002423435,563.3871813883841,False,6
orig+VIX E1 capped,Full-cost net,129,circular_block_bootstrap,60,ok,60,1.555401305884478,0.993087234560084,1.3940882722829044,3.8697172875151993,-0.4870776533301583,0.2577151159674443,0.2860028503026591,108.96714241177192,False,6
orig+VIX E1 capped,Full-cost net,130,circular_block_bootstrap,60,ok,60,0.9561474028487225,0.9672194452210082,1.133560975999048,2.5767006800225403,-0.7215873395789952,0.2962404581393207,0.3412199780454161,28.64229983913837,False,6
orig+VIX E1 capped,Full-cost net,131,circular_block_bootstrap,60,ok,60,1.1239663969040539,0.8600382046096818,1.288210397159694,2.852884461987154,-0.4249627046092097,0.2968895040254694,0.3455469506197406,43.22531906090277,False,6
orig+VIX E1 capped,Full-cost net,132,circular_block_bootstrap,60,ok,60,0.9083255493406821,1.0371849594471891,1.07193119971272,2.472693602064641,-0.6044389237188171,0.2962404581393207,0.3368930054710915,25.308262136412296,False,6
orig+VIX E1 capped,Full-cost net,133,circular_block_bootstrap,60,ok,60,1.7031837156298546,0.951296841262745,1.501146670879131,3.6225293783572625,-0.5523025364647248,0.2693513793406459,0.2895859348850688,144.33704594069295,False,6
orig+VIX E1 capped,Full-cost net,134,circular_block_bootstrap,60,ok,60,2.121241842114755,0.9981494752089335,1.6037732151323538,4.773571869832147,-0.45720309861988995,0.2571026810530653,0.26322703019685556,296.23549959711755,False,6
orig+VIX E1 capped,Full-cost net,135,circular_block_bootstrap,60,ok,60,1.127693440829919,0.9652100636382367,1.2302388425269632,2.741649843982671,-0.6014700902041035,0.33256603289676695,0.3358112623275104,43.60590193637483,False,6
orig+VIX E1 capped,Full-cost net,136,circular_block_bootstrap,60,ok,60,0.688952692046843,1.1100884840497736,0.9453115498329507,2.251728824149098,-0.8039469386983962,0.29432858578366566,0.30923788777519506,13.743186031559116,False,6
orig+VIX E1 capped,Full-cost net,137,circular_block_bootstrap,60,ok,60,2.318336688772845,0.8867101959615591,1.8017720439147644,5.181314461800504,-0.3716678731191747,0.19124594526114314,0.210919975416252,402.34836789323475,False,6
orig+VIX E1 capped,Full-cost net,138,circular_block_bootstrap,60,ok,60,1.6532864827323919,1.0776275932180277,1.4079194185505177,3.4419012020990394,-0.480500068421033,0.3332150787829156,0.3455469506197406,131.4984768752665,False,6
orig+VIX E1 capped,Full-cost net,139,circular_block_bootstrap,60,ok,60,3.052458112396608,0.884221580477902,2.061021509938217,5.3189799424701825,-0.45720309861988984,0.2577151159674443,0.29474990310034416,1092.9308191217488,False,6
orig+VIX E1 capped,Full-cost net,140,circular_block_bootstrap,60,ok,60,1.8245666689170998,1.0085101785229114,1.4763435689436128,4.671759274618926,-0.4845848055806292,0.20875224543846327,0.26118558048225876,179.7873577098897,False,6
orig+VIX E1 capped,Full-cost net,141,circular_block_bootstrap,60,ok,60,0.524972567177959,1.011345862543812,0.8490690074992449,1.9976077296747983,-0.6654712029928507,0.2706002396627969,0.32414718976672446,8.247268922212761,False,6
orig+VIX E1 capped,Full-cost net,142,circular_block_bootstrap,60,ok,60,1.7236911830964843,1.0710386006211718,1.4231849339441396,3.874152260760893,-0.4711005786003537,0.29432858578366566,0.30713317699268444,149.89575184285965,False,6
orig+VIX E1 capped,Full-cost net,143,circular_block_bootstrap,60,ok,60,0.8321310392785208,1.027194912434436,1.0318398559797806,2.47209964598711,-0.4870776533301582,0.2706002396627969,0.32414718976672446,20.643468178919292,False,6
orig+VIX E1 capped,Full-cost net,144,circular_block_bootstrap,60,ok,60,2.244399466267304,1.0587486556750019,1.6051784702753207,4.689170763804501,-0.543724411085098,0.2577151159674443,0.32014842686004236,359.47741201770987,False,6
orig+VIX E1 capped,Full-cost net,145,circular_block_bootstrap,60,ok,60,0.5317195115505664,1.0101733138497646,0.8379651527750299,2.0866688888444638,-0.630242003717151,0.2693513793406459,0.2818399825621558,8.431332622692095,False,6
orig+VIX E1 capped,Full-cost net,146,circular_block_bootstrap,60,ok,60,2.0428429354479425,0.9982038719715539,1.583655920709543,4.6220517088245,-0.40983791391497704,0.19199402228154966,0.2614311352392475,260.85410666413645,False,6
orig+VIX E1 capped,Full-cost net,147,circular_block_bootstrap,60,ok,60,0.8467836301593197,0.8894790501807053,1.0943928981780937,2.439175066864051,-0.5241969210739412,0.2706002396627969,0.3070744014880327,21.48226559236915,False,6
orig+VIX E1 capped,Full-cost net,148,circular_block_bootstrap,60,ok,60,1.6861728776757925,1.006141297297399,1.441059785290125,3.9731602341951406,-0.582071318567634,0.2577151159674443,0.2987486660070262,139.8523597093564,False,6
orig+VIX E1 capped,Full-cost net,149,circular_block_bootstrap,60,ok,60,0.864921054360581,0.9738068121273218,1.0588515410199586,2.662903931260267,-0.7696431805763313,0.2577151159674443,0.3114944817113933,22.558086629058735,False,6
orig+VIX E1 capped,Full-cost net,150,circular_block_bootstrap,60,ok,60,1.0406302714738414,1.0105072065863512,1.143849869016795,2.972177830128307,-0.6717079398370924,0.2693513793406459,0.2818399825621558,35.385197526368486,False,6
orig+VIX E1 capped,Full-cost net,151,circular_block_bootstrap,60,ok,60,2.3889151305003855,1.0531515807934488,1.6608813344341868,4.621506723487453,-0.4598283802349984,0.23562845024647502,0.328474162341049,446.9958222475517,False,6
orig+VIX E1 capped,Full-cost net,152,circular_block_bootstrap,60,ok,60,0.6783347721785269,1.0140012027597467,0.9482141756734715,2.1591779477823714,-0.5234193131576652,0.27251211201845194,0.3412199780454161,13.316587972003452,False,6
orig+VIX E1 capped,Full-cost net,153,circular_block_bootstrap,60,ok,60,1.0196568283612404,0.9514896528315717,1.1654754748032914,2.7364218363608024,-0.5243060904682648,0.2962404581393207,0.33689300547109147,33.60376284569611,False,6
orig+VIX E1 capped,Full-cost net,154,circular_block_bootstrap,60,ok,60,1.9490686532542458,1.0361206743404405,1.5247909281515803,4.166633583383409,-0.45720309861988984,0.2577151159674443,0.32014842686004236,223.0613952781712,False,6
orig+VIX E1 capped,Full-cost net,155,circular_block_bootstrap,60,ok,60,0.6301960318188125,1.0002301019412299,0.9246813563477966,2.1151117786998905,-0.6366698144146828,0.2962404581393207,0.3368930054710915,11.513282427061638,False,6
orig+VIX E1 capped,Full-cost net,156,circular_block_bootstrap,60,ok,60,0.9984138199432249,0.8944227588468132,1.185822290360596,2.7055858166661095,-0.6293998748346523,0.2962404581393207,0.3412199780454161,31.873306713264,False,6
orig+VIX E1 capped,Full-cost net,157,circular_block_bootstrap,60,ok,60,0.8046892487417181,1.0918054817684588,0.9964749213551034,2.4825572664914937,-0.705371523852151,0.2693513793406459,0.2869897513404741,19.14309503475804,False,6
orig+VIX E1 capped,Full-cost net,158,circular_block_bootstrap,60,ok,60,1.8836895706954229,1.1053656795361928,1.4447270503273435,4.362015526910442,-0.45720309861988984,0.2577151159674443,0.2860028503026591,199.4079798172596,False,6
orig+VIX E1 capped,Full-cost net,159,circular_block_bootstrap,60,ok,60,0.6986395214141907,1.0985310104754011,0.9505445287416205,2.30274491521675,-0.5164289903454401,0.29432858578366566,0.30286497992301153,14.14184659608737,False,6
orig+VIX E1 capped,Full-cost net,160,circular_block_bootstrap,60,ok,60,1.7940353320220046,1.1192554528617265,1.4286840908040757,3.661919936204554,-0.5523025364647249,0.33256603289676695,0.3390564917582538,170.27836382138898,False,6
orig+VIX E1 capped,Full-cost net,161,circular_block_bootstrap,60,ok,60,1.2435072412713706,1.0183869067349798,1.2651630765764543,2.9639606521169632,-0.6353107845612841,0.2962404581393207,0.3412199780454161,56.837815524500726,False,6
orig+VIX E1 capped,Full-cost net,162,circular_block_bootstrap,60,ok,60,1.2249078959998667,1.0292544676749489,1.220153171428814,3.3441252529191243,-0.4598283802349984,0.2577151159674443,0.2776771148216525,54.52054475006875,False,6
orig+VIX E1 capped,Full-cost net,163,circular_block_bootstrap,60,ok,60,0.6721432356992503,0.9571431280704641,0.9571379164353166,2.2287881852286313,-0.5807738241311341,0.2962404581393207,0.33256603289676695,13.072762816200902,False,6
orig+VIX E1 capped,Full-cost net,164,circular_block_bootstrap,60,ok,60,1.8617502388761462,0.9199931435276667,1.5754730289570986,4.5607318529241,-0.5210315085330715,0.23253896942872815,0.2634337776061969,191.93697183506944,False,6
orig+VIX E1 capped,Full-cost net,165,circular_block_bootstrap,60,ok,60,1.5802314028379403,0.8241265671038457,1.5587071161197583,3.979391740980904,-0.4515430610598965,0.19199402228154966,0.2947734897285938,114.36503906601547,False,6
orig+VIX E1 capped,Full-cost net,166,circular_block_bootstrap,60,ok,60,1.4480954752247595,1.0856599491499108,1.3016470531595359,3.5470221208595563,-0.4694964363009383,0.2706002396627969,0.328474162341049,87.93094812294119,False,6
orig+VIX E1 capped,Full-cost net,167,circular_block_bootstrap,60,ok,60,0.9399740655781352,1.155958212830229,1.0621300465801147,2.8126371855346792,-0.6682491186872905,0.2968895040254694,0.3455469506197406,27.477652106931362,False,6
orig+VIX E1 capped,Full-cost net,168,circular_block_bootstrap,60,ok,60,1.1014842200750374,1.0006519473336404,1.1869590453030257,3.0122571069484545,-0.5573999132448977,0.23818936848827876,0.3455469506197406,40.985540457870975,False,6
orig+VIX E1 capped,Full-cost net,169,circular_block_bootstrap,60,ok,60,3.501684549538318,1.0258323777419016,1.9821694996309571,6.273242706211515,-0.4661129682172478,0.20875224543846327,0.3117385548565243,1848.7376898041027,False,6
orig+VIX E1 capped,Full-cost net,170,circular_block_bootstrap,60,ok,60,1.0235459662512048,1.0859049549378836,1.133658594159198,2.7040080413549967,-0.606727829205276,0.3332150787829156,0.3455469506197406,33.928555550348236,False,6
orig+VIX E1 capped,Full-cost net,171,circular_block_bootstrap,60,ok,60,1.6345272281227916,1.1182353586385876,1.3552933623253216,3.8352339531420694,-0.6257714177611506,0.2693513793406459,0.29464457377117453,126.91514697999965,False,6
orig+VIX E1 capped,Full-cost net,172,circular_block_bootstrap,60,ok,60,1.053536756362409,0.9356590027545306,1.2033721129948847,2.6568091230897637,-0.45720309861988984,0.2731611579046006,0.3455469506197406,36.518455689849226,False,6
orig+VIX E1 capped,Full-cost net,173,circular_block_bootstrap,60,ok,60,0.8955583135670722,0.9919834487053143,1.0774474527070166,2.7034362593036003,-0.5479566081095417,0.2706002396627969,0.3070744014880327,24.472917514696782,False,6
orig+VIX E1 capped,Full-cost net,174,circular_block_bootstrap,60,ok,60,1.213934709003885,0.9172875431010787,1.2837212324742493,3.2006747847601216,-0.45720309861988984,0.2577151159674443,0.2987486660070262,53.18927184433076,False,6
orig+VIX E1 capped,Full-cost net,175,circular_block_bootstrap,60,ok,60,0.3125040402692634,0.7998034977720796,0.7016012296057972,1.401494020769258,-0.6480950147683724,0.29432858578366566,0.3134473093402163,3.8949621780734405,False,6
orig+VIX E1 capped,Full-cost net,176,circular_block_bootstrap,60,ok,60,0.582412122810656,1.0654511692646051,0.8922827232890762,1.9483941735354426,-0.5989273709498584,0.33256603289676695,0.3351622164413617,9.92197222385437,False,6
orig+VIX E1 capped,Full-cost net,177,circular_block_bootstrap,60,ok,60,1.900988069568347,0.8717496585277296,1.660065152025457,4.28281087388999,-0.34984233500160034,0.2062074856692737,0.27587721814450716,205.46114960261266,False,6
orig+VIX E1 capped,Full-cost net,178,circular_block_bootstrap,60,ok,60,1.4301298144863894,1.0782324345157246,1.2951507465860757,3.656050151864716,-0.5467190935001388,0.2577151159674443,0.3030756385813507,84.75149511878672,False,6
orig+VIX E1 capped,Full-cost net,179,circular_block_bootstrap,60,ok,60,0.6764141582511152,1.0780146116639677,0.917508426640002,2.4853236971613617,-0.5853659544321623,0.23562845024647502,0.31140137406235735,13.24056751560433,False,6
orig+VIX E1 capped,Full-cost net,180,circular_block_bootstrap,60,ok,60,1.013405532480129,1.0042040546505036,1.1384083288308433,2.8768315355271254,-0.4906019156043321,0.33256603289676695,0.33905649175825375,33.086915949298714,False,6
orig+VIX E1 capped,Full-cost net,181,circular_block_bootstrap,60,ok,60,1.4496901014552446,1.0940415516822999,1.306775632010079,3.4607982205500276,-0.6275641959755305,0.29432858578366566,0.31993776820170317,88.21770120152874,False,6
orig+VIX E1 capped,Full-cost net,182,circular_block_bootstrap,60,ok,60,0.434898533816523,0.9544187491263241,0.7984225593961279,1.7074496703715947,-0.7684421639883343,0.2962404581393207,0.33689300547109147,6.082833921224672,False,6
orig+VIX E1 capped,Full-cost net,183,circular_block_bootstrap,60,ok,60,0.6394930017257123,1.0070759042303914,0.9072787335344094,2.2056990326509425,-0.6054641653152566,0.2693513793406459,0.29139934434043113,11.845348320938614,False,6
orig+VIX E1 capped,Full-cost net,184,circular_block_bootstrap,60,ok,60,2.0181033158357335,1.0103378217384424,1.5742585435066443,4.128875524491274,-0.42901482763089593,0.29432858578366566,0.3166925387709597,250.42086560851317,False,6
orig+VIX E1 capped,Full-cost net,185,circular_block_bootstrap,60,ok,60,0.8689126638429066,0.8400354616680368,1.149151445167881,2.346659988720847,-0.5287604180394729,0.33256603289676695,0.33581126232751035,22.80053482285471,False,6
orig+VIX E1 capped,Full-cost net,186,circular_block_bootstrap,60,ok,60,0.7963340895354469,1.1154073024140034,0.9929996766438807,2.5361068900114225,-0.5544678618694232,0.2706002396627969,0.31140137406235735,18.70404585357014,False,6
orig+VIX E1 capped,Full-cost net,187,circular_block_bootstrap,60,ok,60,4.024131011068619,1.1096827720742637,2.0055742096622042,6.86048320198072,-0.5008899695953591,0.20875224543846327,0.29066700367115056,3201.1408130998984,False,6
orig+VIX E1 capped,Full-cost net,188,circular_block_bootstrap,60,ok,60,4.559520159774723,0.8185087032639353,2.598803666125839,8.70160379747632,-0.332566032896767,0.16737970916359213,0.24832700141177144,5311.125294738689,False,6
orig+VIX E1 capped,Full-cost net,189,circular_block_bootstrap,60,ok,60,2.608716453556753,0.9322116539996524,1.856488763743008,4.835982163963533,-0.45720309861988984,0.2577151159674443,0.32014842686004236,612.0174409846982,False,6
orig+VIX E1 capped,Full-cost net,190,circular_block_bootstrap,60,ok,60,1.3314434123619132,0.9391428462106706,1.315408800260079,3.685520999374916,-0.562083902431108,0.233767155009945,0.28634003109682604,68.88495748332444,False,6
orig+VIX E1 capped,Full-cost net,191,circular_block_bootstrap,60,ok,60,2.7088459924566934,0.9486500696732135,1.8460168238962893,6.055802424928981,-0.4598283802349984,0.16869628335156486,0.2531355082137073,701.7687086857028,False,6
orig+VIX E1 capped,Full-cost net,192,circular_block_bootstrap,60,ok,60,1.011987759234001,0.8419224585481038,1.2413974308263016,2.6300939477519307,-0.46996846692324323,0.2962404581393207,0.3368930054710915,32.97058636389429,False,6
orig+VIX E1 capped,Full-cost net,193,circular_block_bootstrap,60,ok,60,1.2051954162098322,1.0397440963012474,1.2155027914810683,3.294564531752713,-0.5795447577116809,0.29432858578366566,0.31669253877095976,52.14772965067432,False,6
orig+VIX E1 capped,Full-cost net,194,circular_block_bootstrap,60,ok,60,1.7507964010705641,0.8313412267349407,1.6369824052393018,3.840389616261532,-0.5142897635988243,0.2577151159674443,0.29474990310034416,157.50423561667802,False,6
orig+VIX E1 capped,Full-cost net,195,circular_block_bootstrap,60,ok,60,1.1193698719410294,1.0610076458624105,1.1744112992527849,2.9769942718632345,-0.49462923536987413,0.29432858578366566,0.31993776820170317,42.75961453196834,False,6
orig+VIX E1 capped,Full-cost net,196,circular_block_bootstrap,60,ok,60,1.040324138978752,1.010759340631329,1.1692159566478384,2.6709795086197734,-0.7239196935194923,0.2962404581393207,0.3412199780454161,35.35866329996719,False,6
orig+VIX E1 capped,Full-cost net,197,circular_block_bootstrap,60,ok,60,0.8092985110634972,1.0225313293706062,1.016264509600007,2.5182496457922476,-0.5526994045985713,0.2706002396627969,0.3070744014880327,19.38880884650594,False,6
orig+VIX E1 capped,Full-cost net,198,circular_block_bootstrap,60,ok,60,1.491003808484698,1.155163771219139,1.2908825401961415,3.51959656518994,-0.4870776533301582,0.2706002396627969,0.31140137406235735,95.91178146270236,False,6
orig+VIX E1 capped,Full-cost net,199,circular_block_bootstrap,60,ok,60,1.9142824878391305,0.9684219267074065,1.5551340017120816,4.577557095576076,-0.4788621150490684,0.19124594526114314,0.2523466273006797,210.21235275717572,False,6
orig+VIX E1 capped,Full-cost net,200,circular_block_bootstrap,60,ok,60,1.4362590813412157,1.1040195435916333,1.2951653709839217,3.28057640423892,-0.5230699513388131,0.2693513793406459,0.2998296078522838,85.82570014345188,False,6
orig+VIX E1 capped,Full-cost net,201,circular_block_bootstrap,60,ok,60,0.7602980162612405,1.07402299285861,0.9837262192531455,2.4071968741158014,-0.4598283802349984,0.29432858578366566,0.31669253877095976,16.901723697869116,False,6
orig+VIX E1 capped,Full-cost net,202,circular_block_bootstrap,60,ok,60,1.1692569238458295,0.9798103074908932,1.2467179314135428,2.9031340077241445,-0.45720309861988984,0.3455469506197406,0.3455469506197406,48.03468660376289,False,6
orig+VIX E1 capped,Full-cost net,203,circular_block_bootstrap,60,ok,60,2.2520561830001387,0.9603287315203572,1.6956070768087963,4.744190363601436,-0.4919283891616708,0.2075240598572464,0.3078776235560698,363.73927732547,False,6
orig+VIX E1 capped,Full-cost net,204,circular_block_bootstrap,60,ok,60,1.165699320638804,0.8500547485068145,1.3194291824304307,2.9080797035314188,-0.6869612510708438,0.33256603289676695,0.33256603289676695,47.642089593951845,False,6
orig+VIX E1 capped,Full-cost net,205,circular_block_bootstrap,60,ok,60,1.1249060692181883,1.118881925047315,1.1601884099560584,2.9506516193579353,-0.5615314191834342,0.29432858578366566,0.3122197481735009,43.32102111901779,False,6
orig+VIX E1 capped,Full-cost net,206,circular_block_bootstrap,60,ok,60,3.240334265756003,1.0125064685751308,1.941266276932503,6.025467069368018,-0.6384043458452036,0.2075240598572464,0.29080483527737816,1370.8832402418766,False,6
orig+VIX E1 capped,Full-cost net,207,circular_block_bootstrap,60,ok,60,3.0824086945270635,0.9393851592978194,1.9915101060408897,5.552248620081307,-0.45720309861988984,0.20875224543846327,0.29066700367115056,1133.9199632139535,False,6
orig+VIX E1 capped,Full-cost net,208,circular_block_bootstrap,60,ok,60,0.7868287968993204,1.101686220317675,1.0010023764303342,2.4103424485638114,-0.6412005534910225,0.29432858578366566,0.3148159317180957,18.21439351787042,False,6
orig+VIX E1 capped,Full-cost net,209,circular_block_bootstrap,60,ok,60,2.198579403330931,0.897898654735051,1.7394724857043828,4.756467560953488,-0.47885116606380185,0.2577151159674443,0.29474990310034416,334.8001792093973,False,6
orig+VIX E1 capped,Full-cost net,210,circular_block_bootstrap,60,ok,60,1.6832896431731297,1.0472498073332615,1.429055525937804,3.6250547799256294,-0.606727829205276,0.27251211201845194,0.3412199780454161,139.10340854583,False,6
orig+VIX E1 capped,Full-cost net,211,circular_block_bootstrap,60,ok,60,1.5919449047736474,0.9653446433491211,1.4350132372441045,3.6636033394168805,-0.44916029546093617,0.2962404581393207,0.3368930054710915,116.98463623549766,False,6
orig+VIX E1 capped,Full-cost net,212,circular_block_bootstrap,60,ok,60,1.100155871664139,0.9217203851594957,1.218489939687432,2.987321295914871,-0.5467562443795657,0.23562845024647502,0.32414718976672446,40.85616928877404,False,6
orig+VIX E1 capped,Full-cost net,213,circular_block_bootstrap,60,ok,60,0.6977654289513557,1.0764885599393073,0.9442707250798125,2.310064941300397,-0.6369289694814687,0.29432858578366566,0.3122197481735009,14.10549819468244,False,6
orig+VIX E1 capped,Full-cost net,214,circular_block_bootstrap,60,ok,60,0.2370084031914701,1.0360122504005365,0.6534741488078102,1.3411481493924136,-0.6464473712630436,0.33256603289676695,0.33775839998595647,2.8964314157304485,False,6
orig+VIX E1 capped,Full-cost net,215,circular_block_bootstrap,60,ok,60,1.0176472317680352,1.00870739673451,1.1378681158560242,2.9436055004650505,-0.5735248943213471,0.23562845024647502,0.328474162341049,33.43691332755154,False,6
orig+VIX E1 capped,Full-cost net,216,circular_block_bootstrap,60,ok,60,1.7953494088044772,0.973751218346984,1.520293091217715,3.943389676495592,-0.45720309861988984,0.2577151159674443,0.29474990310034416,170.67916300812698,False,6
orig+VIX E1 capped,Full-cost net,217,circular_block_bootstrap,60,ok,60,1.017459753297897,1.0750650849671974,1.12341855836512,2.680056710820898,-0.48170448709576275,0.33256603289676695,0.3390564917582538,33.42138153289726,False,6
orig+VIX E1 capped,Full-cost net,218,circular_block_bootstrap,60,ok,60,2.7900023930154267,1.0873735647633018,1.732279744728452,5.365206811887755,-0.45858613782577184,0.2577151159674443,0.2693513793406459,781.9831965159,False,6
orig+VIX E1 capped,Full-cost net,219,circular_block_bootstrap,60,ok,60,1.348767779153845,0.9861724009603432,1.3304837869690638,3.1525630135279394,-0.5509938450289495,0.3332150787829156,0.3455469506197406,71.48261024079478,False,6
orig+VIX E1 capped,Full-cost net,220,circular_block_bootstrap,60,ok,60,1.8275436111784833,1.0800071824531576,1.4469028327557945,4.169778101353854,-0.45720309861988995,0.2577151159674443,0.29474990310034416,180.73678821568788,False,6
orig+VIX E1 capped,Full-cost net,221,circular_block_bootstrap,60,ok,60,0.7845756788541236,0.9252082612024516,1.0440182956438515,2.371950174862426,-0.7648216387707085,0.2706002396627969,0.29432858578366566,18.099844738043522,False,6
orig+VIX E1 capped,Full-cost net,222,circular_block_bootstrap,60,ok,60,0.45256291210295885,1.086526056526961,0.7978907161753983,1.8820330234255738,-0.5492168783038665,0.29432858578366566,0.30197607520628594,6.466581511101194,False,6
orig+VIX E1 capped,Full-cost net,223,circular_block_bootstrap,60,ok,60,1.662603073907206,1.0325686807543317,1.4171646955199497,3.7487178652349544,-0.48458480558062933,0.2693513793406459,0.29464457377117453,133.82342638443086,False,6
orig+VIX E1 capped,Full-cost net,224,circular_block_bootstrap,60,ok,60,1.127443935222617,0.9665868528011413,1.2140473604268447,2.9930319089268043,-0.5234193131576652,0.27251211201845194,0.3412199780454161,43.58034053393922,False,6
orig+VIX E1 capped,Full-cost net,225,circular_block_bootstrap,60,ok,60,1.8104734442733719,1.008166397709929,1.4831870232192124,4.273283341120003,-0.5342338211462014,0.2571026810530653,0.27903069358588584,175.34663273618926,False,6
orig+VIX E1 capped,Full-cost net,226,circular_block_bootstrap,60,ok,60,0.3774260313772133,1.0016088705198303,0.7466838976934406,1.6624861980020942,-0.7300566767564374,0.2706002396627969,0.31140137406235735,4.958398543794933,False,6
orig+VIX E1 capped,Full-cost net,227,circular_block_bootstrap,60,ok,60,0.42477019321215725,1.0316608679234347,0.7665311729503638,1.800808356231139,-0.6365585567836387,0.2693513793406459,0.2904229305260196,5.871162551976803,False,6
orig+VIX E1 capped,Full-cost net,228,circular_block_bootstrap,60,ok,60,1.655973180175439,0.9257721577962765,1.4979125089124772,3.8122247874804067,-0.42901482763089593,0.21252541303064834,0.3368930054710915,132.1655982728783,False,6
orig+VIX E1 capped,Full-cost net,229,circular_block_bootstrap,60,ok,60,0.8961924050927574,0.9907546399295082,1.0831386909817005,2.5243915215591093,-0.46278458621447494,0.2962404581393207,0.33256603289676695,24.513877623922387,False,6
orig+VIX E1 capped,Full-cost net,230,circular_block_bootstrap,60,ok,60,2.107882729969937,0.9653339351926824,1.6677920031399127,3.9634833983585853,-0.5082140046680903,0.3332150787829156,0.3455469506197406,289.9500018254515,False,6
orig+VIX E1 capped,Full-cost net,231,circular_block_bootstrap,60,ok,60,1.6939990276760346,0.9605636211367151,1.4794681767042244,4.052763633321356,-0.4515430610598966,0.21252541303064834,0.3412199780454161,141.90156107380918,False,6
orig+VIX E1 capped,Full-cost net,232,circular_block_bootstrap,60,ok,60,1.5342996648592395,0.9701244691165969,1.4095130193975576,3.6549669980866097,-0.42901482763089593,0.33256603289676695,0.3390564917582538,104.54176563796273,False,6
orig+VIX E1 capped,Full-cost net,233,circular_block_bootstrap,60,ok,60,0.9630946658209423,1.0032727260680827,1.1016186036991187,2.84193862601496,-0.6016789835348852,0.2693513793406459,0.27559568095140086,29.154541434969374,False,6
orig+VIX E1 capped,Full-cost net,234,circular_block_bootstrap,60,ok,60,1.1253000818217513,1.0907611592160706,1.1634638438104077,2.988203956789945,-0.5041650952648916,0.27251211201845194,0.3368930054710915,43.36120021168674,False,6
orig+VIX E1 capped,Full-cost net,235,circular_block_bootstrap,60,ok,60,0.5553555364516589,1.0522803263868967,0.8583179326440004,2.1056104191888143,-0.6380453622423319,0.29432858578366566,0.31993776820170317,9.102242406913984,False,6
orig+VIX E1 capped,Full-cost net,236,circular_block_bootstrap,60,ok,60,0.9469016640510819,1.0628100209001647,1.0849665741669292,2.6326982942337365,-0.7055623982926418,0.2706002396627969,0.31982021719239984,27.97177856786017,False,6
orig+VIX E1 capped,Full-cost net,237,circular_block_bootstrap,60,ok,60,2.147218854374668,1.146804415499196,1.514336359895014,4.5077236041462925,-0.45720309861988984,0.2577151159674443,0.32014842686004236,308.7697326689638,False,6
orig+VIX E1 capped,Full-cost net,238,circular_block_bootstrap,60,ok,60,1.3459304441123323,0.985107681362668,1.315322423350717,3.3659448055427896,-0.6412005534910223,0.2962404581393207,0.3412199780454161,71.0518935671157,False,6
orig+VIX E1 capped,Full-cost net,239,circular_block_bootstrap,60,ok,60,1.9093898504221043,1.0226054001746252,1.5273249044280335,4.002920089729149,-0.4950287126761671,0.2693513793406459,0.30420393554944986,208.45369474545305,False,6
orig+VIX E1 capped,Full-cost net,240,circular_block_bootstrap,60,ok,60,2.41656841706243,0.9111190297969237,1.799062667150331,5.823142087888117,-0.4437945853619004,0.1484160483223958,0.21360583858531387,465.5331475212184,False,6
orig+VIX E1 capped,Full-cost net,241,circular_block_bootstrap,60,ok,60,1.465746105480842,0.9461458269525881,1.3902732932475643,3.758506897677039,-0.6233998387557563,0.23562845024647502,0.31140137406235735,91.14687414625216,False,6
orig+VIX E1 capped,Full-cost net,242,circular_block_bootstrap,60,ok,60,1.5899900913376852,0.897298047105581,1.5106463430516954,3.3394021883379956,-0.4598283802349984,0.2968895040254694,0.3455469506197406,116.54415916701986,False,6
orig+VIX E1 capped,Full-cost net,243,circular_block_bootstrap,60,ok,60,0.4484700271080344,0.9925163831327072,0.7996051563720546,1.7858870734955052,-0.6613489647088304,0.29432858578366566,0.31993776820170317,6.375989076318534,False,6
orig+VIX E1 capped,Full-cost net,244,circular_block_bootstrap,60,ok,60,1.304267149574843,1.041368877483855,1.252609733745,3.3594870562860226,-0.45720309861988984,0.2577151159674443,0.31582145428571784,64.96271125232448,False,6
orig+VIX E1 capped,Full-cost net,245,circular_block_bootstrap,60,ok,60,1.1366977213504508,1.0710133628991638,1.1497631792125007,3.659243576116153,-0.5216755977677375,0.16533614197908258,0.220525887698724,44.536433372123376,False,6
orig+VIX E1 capped,Full-cost net,246,circular_block_bootstrap,60,ok,60,2.5507929917745624,1.0538174622304743,1.7187522106469681,4.656826659505482,-0.3455469506197406,0.2731611579046006,0.3455469506197406,564.45168027232,False,6
orig+VIX E1 capped,Full-cost net,247,circular_block_bootstrap,60,ok,60,0.9986622394023308,0.8795123263916871,1.1891174969509877,2.7291898825236167,-0.5191962761119566,0.2693513793406459,0.29139934434043113,31.893122224729368,False,6
orig+VIX E1 capped,Full-cost net,248,circular_block_bootstrap,60,ok,60,1.0924852464012846,0.98175808621555,1.1927412648674773,3.00462415063798,-0.480500068421033,0.213174458916797,0.3455469506197406,40.115482749066885,False,6
orig+VIX E1 capped,Full-cost net,249,circular_block_bootstrap,60,ok,60,0.89250396495601,1.05261382485629,1.0498254243475778,2.7795498462535395,-0.7410717542965205,0.2693513793406459,0.2818399825621558,24.27638354217455,False,6
orig+VIX E1 capped,Full-cost net,250,circular_block_bootstrap,60,ok,60,1.1219786104296428,1.0088880551169987,1.1982036531689337,2.9488736838986105,-0.592117548140275,0.2706002396627969,0.3241471897667244,43.023427854530524,False,6
orig+VIX E1 capped,Full-cost net,251,circular_block_bootstrap,60,ok,60,0.560799549916881,0.9929554793025837,0.8868640290501971,1.9234940063117592,-0.522007640689497,0.33256603289676695,0.3390564917582538,9.262658567731565,False,6
orig+VIX E1 capped,Full-cost net,252,circular_block_bootstrap,60,ok,60,2.0983774603508785,1.0000513795697834,1.607799737906024,4.4144626642285925,-0.48188509488885645,0.2962404581393207,0.3368930054710915,285.54306915822974,False,6
orig+VIX E1 capped,Full-cost net,253,circular_block_bootstrap,60,ok,60,1.1377280207020468,0.912311766613664,1.2598038279054886,2.9171144245998355,-0.47657093894272007,0.27251211201845194,0.3368930054710915,44.64391261668825,False,6
orig+VIX E1 capped,Full-cost net,254,circular_block_bootstrap,60,ok,60,0.9078584827757172,0.9759926372030372,1.0739608519803723,2.8158949573703245,-0.5287604180394729,0.23562845024647502,0.3241471897667244,25.277306049730804,False,6
orig+VIX E1 capped,Full-cost net,255,circular_block_bootstrap,60,ok,60,0.34261927408151727,0.8884206592189311,0.7282676827922048,1.4900869389104314,-0.6568851219474958,0.33256603289676695,0.33256603289676695,4.36279078563192,False,6
orig+VIX E1 capped,Full-cost net,256,circular_block_bootstrap,60,ok,60,1.1460755168732315,1.030120632073259,1.1988082344961537,3.008810458469041,-0.7278767568246842,0.29432858578366566,0.3071331769926844,45.52238422293128,False,6
orig+VIX E1 capped,Full-cost net,257,circular_block_bootstrap,60,ok,60,0.8755592081239405,0.9412874695307913,1.0793800791582562,2.6515714423671604,-0.5486853567970338,0.2577151159674443,0.2904229305260196,23.208864505435486,False,6
orig+VIX E1 capped,Full-cost net,258,circular_block_bootstrap,60,ok,60,1.369252472052175,0.954742789263371,1.3325918628833362,3.566081916824123,-0.4628347754936851,0.23437958992432403,0.31582145428571784,74.65462394955519,False,6
orig+VIX E1 capped,Full-cost net,259,circular_block_bootstrap,60,ok,60,0.8040396180486278,1.150298085313335,1.0019647561063494,2.479591087217007,-0.7564367213724541,0.3332150787829156,0.3455469506197406,19.10866530609559,False,6
orig+VIX E1 capped,Full-cost net,260,circular_block_bootstrap,60,ok,60,0.3181167257965414,1.0230904136315657,0.6897200352082272,1.5922217950778073,-0.6818781096167452,0.2706002396627969,0.31982021719239984,3.9789579957040146,False,6
orig+VIX E1 capped,Full-cost net,261,circular_block_bootstrap,60,ok,60,1.4871669531215548,1.041540206035909,1.3297322821672675,3.884925212545292,-0.4996186846171896,0.23253896942872815,0.2729931393844722,95.17539613855901,False,6
orig+VIX E1 capped,Full-cost net,262,circular_block_bootstrap,60,ok,60,0.9732860611057501,1.14130123150734,1.073727232703835,2.8073832273237267,-0.6912540870433844,0.2706002396627969,0.3070744014880327,29.919218170526968,False,6
orig+VIX E1 capped,Full-cost net,263,circular_block_bootstrap,60,ok,60,2.8294476283602075,0.9702411630417813,1.8785912680463923,5.276854170946219,-0.5381711911056399,0.21061354067499327,0.3114013740623573,823.5323662765376,False,6
orig+VIX E1 capped,Full-cost net,264,circular_block_bootstrap,60,ok,60,0.15699882975607404,1.0334536989084395,0.5767119364724055,1.2209222017817998,-0.6436677224478187,0.2962404581393207,0.3368930054710915,2.0733116997435137,False,6
orig+VIX E1 capped,Full-cost net,265,circular_block_bootstrap,60,ok,60,1.4082554341474696,1.1436211184647658,1.2538944243948205,3.6348137530756546,-0.5687021923149959,0.2693513793406459,0.2818399825621558,81.00517128203984,False,6
orig+VIX E1 capped,Full-cost net,266,circular_block_bootstrap,60,ok,60,1.067871876302401,0.954245050351069,1.1896484642925245,3.0634599511681175,-0.49739643606616224,0.19124594526114314,0.2503701638599874,37.8109973993561,False,6
orig+VIX E1 capped,Full-cost net,267,circular_block_bootstrap,60,ok,60,1.4124277391379745,1.0443242006641682,1.3162736533221824,3.3061128696902653,-0.48813859439667284,0.2706002396627969,0.3070744014880327,81.70931462518257,False,6
orig+VIX E1 capped,Full-cost net,268,circular_block_bootstrap,60,ok,60,2.238175608260287,0.8758736533400753,1.7885608835131503,4.905662146176459,-0.5716912061568797,0.16737970916359213,0.2991004623029183,356.0426178374301,False,6
orig+VIX E1 capped,Full-cost net,269,circular_block_bootstrap,60,ok,60,1.3507049371175261,0.885717583732417,1.40370154424974,3.0006641077144534,-0.7349031797940174,0.33256603289676695,0.33905649175825375,71.7778750817065,False,6
orig+VIX E1 capped,Full-cost net,270,circular_block_bootstrap,60,ok,60,1.9690667299153604,0.9008662827038997,1.6551423281023805,4.395746181434283,-0.6019170572570517,0.19515121696511825,0.31582145428571784,230.72772955198317,False,6
orig+VIX E1 capped,Full-cost net,271,circular_block_bootstrap,60,ok,60,0.943490269130044,1.0487353195028783,1.1039961491935404,2.550444312841041,-0.4598283802349984,0.2968895040254694,0.3455469506197406,27.72757269036172,False,6
orig+VIX E1 capped,Full-cost net,272,circular_block_bootstrap,60,ok,60,0.7649606160909248,0.8656044362189714,1.0624667459522366,2.187658521201212,-0.7105104883234717,0.29432858578366566,0.3166925387709597,17.126755357688424,False,6
orig+VIX E1 capped,Full-cost net,273,circular_block_bootstrap,60,ok,60,0.549689721044448,0.9009327058191984,0.887022887450888,1.9060737188066952,-0.6661877269875495,0.29432858578366566,0.3134473093402163,8.937658611516266,False,6
orig+VIX E1 capped,Full-cost net,274,circular_block_bootstrap,60,ok,60,1.142959826656901,1.0857615280541022,1.1697750683005963,2.983100792590238,-0.4598283802349984,0.29432858578366566,0.30962356462890617,45.19289345484678,False,6
orig+VIX E1 capped,Full-cost net,275,circular_block_bootstrap,60,ok,60,1.9575641503827095,0.8547703641322189,1.7022836966053412,4.358378366718287,-0.4598283802349983,0.2075240598572464,0.29080483527737816,226.29286810239518,False,6
orig+VIX E1 capped,Full-cost net,276,circular_block_bootstrap,60,ok,60,1.0077238409543052,1.0570608111123196,1.131466150890903,2.679624654519238,-0.6470964340303409,0.2706002396627969,0.328474162341049,32.6226983609587,False,6
orig+VIX E1 capped,Full-cost net,277,circular_block_bootstrap,60,ok,60,0.7659557348652557,0.9307827906055536,1.020457056821126,2.3662092392506193,-0.797842999612508,0.2693513793406459,0.2818399825621558,17.175091804977356,False,6
orig+VIX E1 capped,Full-cost net,278,circular_block_bootstrap,60,ok,60,0.9470795459116976,0.9906281697352046,1.1036679536941336,2.7675678573284084,-0.6262098862732617,0.29432858578366566,0.3071331769926844,27.98455934002809,False,6
orig+VIX E1 capped,Full-cost net,279,circular_block_bootstrap,60,ok,60,0.44759238881220886,0.8817736222134752,0.822366019558872,1.649107095765676,-0.6831658784310464,0.33256603289676695,0.33516221644136174,6.356696184145533,False,6
orig+VIX E1 capped,Full-cost net,280,circular_block_bootstrap,60,ok,60,0.45107933580760595,1.0585274151001094,0.7809603690738166,1.9261310430404193,-0.5967576372320125,0.2706002396627969,0.32414718976672446,6.433625657801486,False,6
orig+VIX E1 capped,Full-cost net,281,circular_block_bootstrap,60,ok,60,1.5320827559788057,1.047224960954871,1.3623390194585865,3.4590160049689502,-0.6263170127921268,0.27251211201845194,0.3412199780454161,104.08531911456426,False,6
orig+VIX E1 capped,Full-cost net,282,circular_block_bootstrap,60,ok,60,3.010900989827756,0.9119060067102307,2.014716641678204,5.339412613393147,-0.42901482763089605,0.2062074856692737,0.25934708810486573,1038.0295267338984,False,6
orig+VIX E1 capped,Full-cost net,283,circular_block_bootstrap,60,ok,60,1.2092609408039854,0.9214803856128485,1.3055066441585301,2.7498091320814577,-0.6368990051023566,0.27251211201845194,0.3412199780454161,52.63020625770315,False,6
orig+VIX E1 capped,Full-cost net,284,circular_block_bootstrap,60,ok,60,1.1689320276008126,1.018670277557059,1.2139729728437452,3.0865415491642536,-0.49422740538514554,0.29432858578366566,0.31669253877095976,47.99872586754636,False,6
orig+VIX E1 capped,Full-cost net,285,circular_block_bootstrap,60,ok,60,1.885734177114382,1.0030772844197364,1.5458889544843837,3.637619710017776,-0.4805000684210329,0.3332150787829156,0.3455469506197406,200.1159086519886,False,6
orig+VIX E1 capped,Full-cost net,286,circular_block_bootstrap,60,ok,60,4.0681532886455125,0.9367661742782719,2.2377243886839304,8.885499796393487,-0.302813869769609,0.1484160483223958,0.1706083573171195,3343.8647971040177,False,6
orig+VIX E1 capped,Full-cost net,287,circular_block_bootstrap,60,ok,60,1.3735894772457362,1.0358023548334303,1.2967812235694989,3.3282177421784023,-0.42901482763089605,0.33256603289676695,0.3390564917582538,75.34042050581309,False,6
orig+VIX E1 capped,Full-cost net,288,circular_block_bootstrap,60,ok,60,0.861785274314665,0.963016785780231,1.0597343576290184,2.7507600286855634,-0.5565763004685622,0.23562845024647502,0.3070744014880327,22.369071349718013,False,6
orig+VIX E1 capped,Full-cost net,289,circular_block_bootstrap,60,ok,60,1.7941566603299823,0.8803292640049948,1.6051027144685213,3.9709799480217045,-0.4873300433986101,0.2062074856692737,0.2726319887137637,170.31533790660234,False,6
orig+VIX E1 capped,Full-cost net,290,circular_block_bootstrap,60,ok,60,2.1888345474242294,1.0049497861840135,1.6273597887706428,4.608884487105227,-0.45720309861988984,0.2577151159674443,0.31582145428571784,329.731115902108,False,6
orig+VIX E1 capped,Full-cost net,291,circular_block_bootstrap,60,ok,60,0.07323560607348534,0.8985181773140081,0.47088936779903967,0.9153851773371976,-0.6986675616785059,0.2962404581393207,0.3412199780454161,1.4238864683141856,False,6
orig+VIX E1 capped,Full-cost net,292,circular_block_bootstrap,60,ok,60,2.3042924806479754,1.0767832223752696,1.6061893558788654,4.899603933856506,-0.5056830434164603,0.2577151159674443,0.29474990310034416,393.9058316222814,False,6
orig+VIX E1 capped,Full-cost net,293,circular_block_bootstrap,60,ok,60,3.7763936757174896,0.9780027422871529,2.123263924294553,6.4618180845666435,-0.42901482763089593,0.19199402228154966,0.29477348972859374,2485.9968451837626,False,6
orig+VIX E1 capped,Full-cost net,294,circular_block_bootstrap,60,ok,60,0.5552512666667855,0.9531896596788554,0.8824630241064892,1.9574791391195658,-0.7299046447094146,0.29432858578366566,0.3166925387709597,9.099191780894348,False,6
orig+VIX E1 capped,Full-cost net,295,circular_block_bootstrap,60,ok,60,0.9350003658806076,1.0678216254418558,1.0921601445272662,2.4776636145531583,-0.523069951338813,0.3332150787829156,0.3455469506197406,27.127217992774284,False,6
orig+VIX E1 capped,Full-cost net,296,circular_block_bootstrap,60,ok,60,2.2396050234401894,0.9486862919426647,1.700127700907952,4.587104075510086,-0.45720309861988984,0.2577151159674443,0.29474990310034416,356.8291444113284,False,6
orig+VIX E1 capped,Full-cost net,297,circular_block_bootstrap,60,ok,60,1.709974692458423,0.9484154748768208,1.5023503804447365,3.8712216317756267,-0.4740156486246935,0.2577151159674443,0.31149448171139327,146.1592062494551,False,6
orig+VIX E1 capped,Full-cost net,298,circular_block_bootstrap,60,ok,60,0.8517746998828284,1.018162305697202,1.0514598509088273,2.5755588377491185,-0.6675713756527748,0.2962404581393207,0.3412199780454161,21.774125963047847,False,6
orig+VIX E1 capped,Full-cost net,299,circular_block_bootstrap,60,ok,60,1.024129508259847,0.9654018825764089,1.1518217481211028,2.942035959747844,-0.5572634115377832,0.2589639762895953,0.328474162341049,33.97750467243342,False,6
orig+VIX E1 capped,Full-cost net,300,circular_block_bootstrap,60,ok,60,0.756265976587305,1.1088294183658434,0.9914088987394821,2.2438290888191124,-0.6122487076593494,0.3332150787829156,0.3455469506197406,16.709037742779042,False,6
orig+VIX E1 capped,Full-cost net,301,circular_block_bootstrap,60,ok,60,1.0582002612617,0.9729571182255635,1.1890176485142117,2.698774846091959,-0.5716912061568797,0.3332150787829156,0.3455469506197406,36.935003538500546,False,6
orig+VIX E1 capped,Full-cost net,302,circular_block_bootstrap,60,ok,60,1.2207217238757058,1.0865669922245857,1.2111040075167827,2.9455921325997787,-0.5293300006853807,0.2693513793406459,0.282050641220495,54.009568184839004,False,6
orig+VIX E1 capped,Full-cost net,303,circular_block_bootstrap,60,ok,60,1.5164089307241588,1.011723110964456,1.3793940623302539,3.4414995068772662,-0.5745023335638482,0.2706002396627969,0.328474162341049,100.90346710651184,False,6
orig+VIX E1 capped,Full-cost net,304,circular_block_bootstrap,60,ok,60,1.8276242128681899,1.0106751602505395,1.5013143469197479,3.9675998655160436,-0.5191962761119566,0.2706002396627969,0.328474162341049,180.76255001299282,False,6
orig+VIX E1 capped,Full-cost net,305,circular_block_bootstrap,60,ok,60,1.2906649209706202,1.0308357179145307,1.2485124985750247,3.6361621880048762,-0.4573368950105645,0.2571026810530653,0.26322703019685556,63.0678209021708,False,6
orig+VIX E1 capped,Full-cost net,306,circular_block_bootstrap,60,ok,60,0.5857048493180468,0.8968087551386298,0.9081863986531986,2.0527539413780214,-0.6394711129036659,0.29432858578366566,0.303887947561941,10.025632282965729,False,6
orig+VIX E1 capped,Full-cost net,307,circular_block_bootstrap,60,ok,60,-0.1857189719313227,0.8390311798183848,0.13705010702363685,0.23399056185186823,-0.7871188856797166,0.33256603289676695,0.33256603289676695,0.3579905655382726,False,6
orig+VIX E1 capped,Full-cost net,308,circular_block_bootstrap,60,ok,60,0.3123192852751959,1.014896740811603,0.7112474196806186,1.4569590567816206,-0.6291097765768696,0.33256603289676695,0.3390564917582538,3.8922215726074776,False,6
orig+VIX E1 capped,Full-cost net,309,circular_block_bootstrap,60,ok,60,1.7111680739090374,0.9946431558745434,1.470308092270507,3.871486592890392,-0.45720309861988984,0.2577151159674443,0.3030756385813507,146.48130773317155,False,6
orig+VIX E1 capped,Full-cost net,310,circular_block_bootstrap,60,ok,60,0.5942714011813888,1.1057497545577204,0.9014713831839096,2.0043071302294013,-0.64303769795581,0.33256603289676695,0.3390564917582538,10.29938464780864,False,6
orig+VIX E1 capped,Full-cost net,311,circular_block_bootstrap,60,ok,60,1.845696330597121,1.023099561184648,1.4702976147496971,5.010732408502671,-0.47225994434602425,0.1666316321431856,0.20999746678638165,186.61337584558711,False,6
orig+VIX E1 capped,Full-cost net,312,circular_block_bootstrap,60,ok,60,2.4150151377065443,0.9770201105398617,1.7318905690764557,4.841169240765668,-0.4598283802349984,0.2577151159674443,0.29874866600702615,464.4758793101519,False,6
orig+VIX E1 capped,Full-cost net,313,circular_block_bootstrap,60,ok,60,1.977735229580159,1.0108644985721493,1.5599388325173609,4.162915298136199,-0.4885967858003938,0.23562845024647502,0.32414718976672446,234.11562272278383,False,6
orig+VIX E1 capped,Full-cost net,314,circular_block_bootstrap,60,ok,60,1.2551305106811728,1.0088755408220866,1.2785407105451263,2.900120064328657,-0.6779053137538585,0.3332150787829156,0.3455469506197406,58.32549104955716,False,6
orig+VIX E1 capped,Full-cost net,315,circular_block_bootstrap,60,ok,60,1.187706595081362,0.9808715632827953,1.2347560625206202,3.13812668707781,-0.5807738241311342,0.2693513793406459,0.30095870611870645,50.112420487102895,False,6
orig+VIX E1 capped,Full-cost net,316,circular_block_bootstrap,60,ok,60,0.7379844734316978,1.042829109592704,0.9988187943269937,2.205591478431828,-0.6833462070219956,0.3455469506197406,0.3455469506197406,15.857307991774132,False,6
orig+VIX E1 capped,Full-cost net,317,circular_block_bootstrap,60,ok,60,1.1302391410507031,1.0139595865161393,1.1941421732278448,2.991335262399384,-0.6255006472902571,0.29432858578366566,0.31669253877095976,43.867390509563684,False,6
orig+VIX E1 capped,Full-cost net,318,circular_block_bootstrap,60,ok,60,3.3711677866479413,0.9917940623940151,2.00252433974546,5.919837201917403,-0.4598283802349983,0.2075240598572464,0.29080483527737816,1595.8327948208296,False,6
orig+VIX E1 capped,Full-cost net,319,circular_block_bootstrap,60,ok,60,2.490546826133756,0.8397843706585016,1.951344605791698,4.584401901831553,-0.45720309861988984,0.2577151159674443,0.31582145428571784,518.1641263103759,False,6
orig+VIX E1 capped,Full-cost net,320,circular_block_bootstrap,60,ok,60,0.8752080606250154,1.094213929092081,1.0474550845092296,2.5679536621894483,-0.686039748757999,0.3332150787829156,0.3455469506197406,23.18714649294299,False,6
orig+VIX E1 capped,Full-cost net,321,circular_block_bootstrap,60,ok,60,2.460020136622942,1.0127526617155242,1.7183803022343125,4.80712003192285,-0.5412023210769896,0.2577151159674443,0.3030756385813507,495.8988846896734,False,6
orig+VIX E1 capped,Full-cost net,322,circular_block_bootstrap,60,ok,60,0.7342361033997129,0.8810107703724587,1.0499911333750915,2.0692297553687373,-0.6084992103025639,0.33256603289676695,0.33775839998595647,15.68704403697003,False,6
orig+VIX E1 capped,Full-cost net,323,circular_block_bootstrap,60,ok,60,0.9643989077638748,0.9468708374306416,1.1316086613024203,2.6959890719802773,-0.4870776533301582,0.2706002396627969,0.3070744014880327,29.251518762621956,False,6
orig+VIX E1 capped,Full-cost net,324,circular_block_bootstrap,60,ok,60,0.7848916693548111,1.1155828863418198,0.9986115074137063,2.3920971396565873,-0.45720309861988995,0.3455469506197406,0.3455469506197406,18.115874892608627,False,6
orig+VIX E1 capped,Full-cost net,325,circular_block_bootstrap,60,ok,60,2.846493067600479,0.9437016038902181,1.9149597703308225,5.2764064605010566,-0.5290109285382432,0.2589639762895953,0.31982021719239984,842.0245817282507,False,6
orig+VIX E1 capped,Full-cost net,326,circular_block_bootstrap,60,ok,60,2.146439221932091,0.881517422857712,1.7501646864851332,4.499139540455905,-0.45720309861988995,0.2577151159674443,0.31149448171139327,308.3874782480053,False,6
orig+VIX E1 capped,Full-cost net,327,circular_block_bootstrap,60,ok,60,2.657246550909495,1.1362333522498915,1.652212173693106,5.7646607873517,-0.4870776533301583,0.23253896942872815,0.2634337776061969,654.2913744769429,False,6
orig+VIX E1 capped,Full-cost net,328,circular_block_bootstrap,60,ok,60,0.2451805525669768,1.1125664619557614,0.6631361994601327,1.4565311285420834,-0.7071289454747551,0.2962404581393207,0.3368930054710915,2.9933785751386326,False,6
orig+VIX E1 capped,Full-cost net,329,circular_block_bootstrap,60,ok,60,1.1525338225699424,1.01844604649406,1.2156686610159981,2.7830454107303253,-0.4615788884176255,0.33256603289676695,0.3390564917582538,46.21148460711838,False,6
orig+VIX E1 capped,Full-cost net,330,circular_block_bootstrap,60,ok,60,0.8001087065387729,0.8703097200782498,1.0726338333513292,2.3129293541498646,-0.6674490077096763,0.2706002396627969,0.31982021719239984,18.90138647802268,False,6
orig+VIX E1 capped,Full-cost net,331,circular_block_bootstrap,60,ok,60,1.2602068984867998,0.9968478528006243,1.2496519949636762,3.4343185344480736,-0.45720309861988995,0.2577151159674443,0.2776771148216525,58.98491808115192,False,6
orig+VIX E1 capped,Full-cost net,332,circular_block_bootstrap,60,ok,60,0.9920938556184276,0.8944790509552999,1.1886898027000479,2.648884060500415,-0.5801634446794317,0.2577151159674443,0.31582145428571784,31.37248929042098,False,6
orig+VIX E1 capped,Full-cost net,333,circular_block_bootstrap,60,ok,60,1.3206004695630655,0.9415119394362294,1.3389068035090557,3.248028668732883,-0.5880249356015174,0.29432858578366566,0.30713317699268444,67.29795678507874,False,6
orig+VIX E1 capped,Full-cost net,334,circular_block_bootstrap,60,ok,60,0.9392039955659159,0.9695990206180355,1.1207757732472858,2.5599129353059555,-0.4870776533301583,0.29432858578366566,0.3166925387709597,27.423159306496377,False,6
orig+VIX E1 capped,Full-cost net,335,circular_block_bootstrap,60,ok,60,0.38374043799628166,0.9055965321862438,0.7415549602441636,1.647674186788381,-0.6915700145795824,0.29432858578366566,0.3134473093402163,5.073096973591185,False,6
orig+VIX E1 capped,Full-cost net,336,circular_block_bootstrap,60,ok,60,1.5820075612959412,1.1299652399468003,1.342165190278362,3.6579117564032537,-0.3965161142686544,0.29432858578366566,0.31481593171809563,114.75920968632796,False,6
orig+VIX E1 capped,Full-cost net,337,circular_block_bootstrap,60,ok,60,1.2929834326671843,0.918189802235755,1.3479052520426085,2.923218544893154,-0.5666498493969689,0.33256603289676695,0.3390564917582538,63.387640228386815,False,6
orig+VIX E1 capped,Full-cost net,338,circular_block_bootstrap,60,ok,60,1.6059600589997438,1.0722390739417167,1.3832297439831085,3.4564296798100003,-0.45720309861988984,0.2693513793406459,0.2998296078522838,120.18181968910496,False,6
orig+VIX E1 capped,Full-cost net,339,circular_block_bootstrap,60,ok,60,1.4087038636195421,1.0629729393235874,1.2949730350046675,3.4102521495272353,-0.6015054701160445,0.2706002396627969,0.3070744014880327,81.08061725848819,False,6
orig+VIX E1 capped,Full-cost net,340,circular_block_bootstrap,60,ok,60,1.0684770204094152,1.112758477512183,1.1355133618588982,2.834515844646058,-0.45720309861988984,0.2962404581393207,0.3412199780454161,37.86635503136434,False,6
orig+VIX E1 capped,Full-cost net,341,circular_block_bootstrap,60,ok,60,0.8156684617968948,1.1020035500489145,1.018743050536529,2.4573073387006645,-0.7024152794972887,0.29432858578366566,0.3045722587508807,19.732528997143877,False,6
orig+VIX E1 capped,Full-cost net,342,circular_block_bootstrap,60,ok,60,1.2524034775385897,0.9063377694870608,1.305300915822624,3.3856544351090276,-0.4586165427586527,0.233767155009945,0.2989927391521572,57.973690271036276,False,6
orig+VIX E1 capped,Full-cost net,343,circular_block_bootstrap,60,ok,60,1.4516637301740212,0.9594413559020848,1.360359305505356,3.916147659534257,-0.550479134026804,0.2577151159674443,0.2776771148216525,88.57364369712195,False,6
orig+VIX E1 capped,Full-cost net,344,circular_block_bootstrap,60,ok,60,0.26222489581925457,0.974272684930191,0.6602964483426648,1.3521368579309527,-0.6749096785221043,0.2962404581393207,0.33256603289676695,3.2039350921028023,False,6
orig+VIX E1 capped,Full-cost net,345,circular_block_bootstrap,60,ok,60,1.5962605968064705,0.9481391531985848,1.4373076640177151,4.101102078374964,-0.5045895360654093,0.20875224543846327,0.28634003109682604,117.96180538697583,False,6
orig+VIX E1 capped,Full-cost net,346,circular_block_bootstrap,60,ok,60,1.9513277359136434,0.9238206526859871,1.6227410182935342,4.102083390051432,-0.45720309861988984,0.2577151159674443,0.31582145428571784,223.9170666956578,False,6
orig+VIX E1 capped,Full-cost net,347,circular_block_bootstrap,60,ok,60,1.671419897560976,1.0084093254483872,1.4280047120355925,3.9627464353823503,-0.4661129682172479,0.2577151159674443,0.29874866600702615,136.05383316193277,False,6
orig+VIX E1 capped,Full-cost net,348,circular_block_bootstrap,60,ok,60,0.4421941667225546,1.0532920199176585,0.7678189947616991,1.9842991739527738,-0.6391302994527914,0.2577151159674443,0.29474990310034416,6.239052974292158,False,6
orig+VIX E1 capped,Full-cost net,349,circular_block_bootstrap,60,ok,60,2.12143375156553,1.1296293440568295,1.5321691235843202,4.109103285760396,-0.5344093619029405,0.2706002396627969,0.328474162341049,296.32658094586037,False,6
orig+VIX E1 capped,Full-cost net,350,circular_block_bootstrap,60,ok,60,2.5944072511118543,1.0572394635955666,1.7077008754771414,5.151866857593892,-0.5957466656978926,0.2571026810530653,0.2694713318076105,599.9794955434613,False,6
orig+VIX E1 capped,Full-cost net,351,circular_block_bootstrap,60,ok,60,2.7478975330402395,1.0832662655818772,1.7290126677515356,5.492392947256328,-0.45720309861988995,0.2571026810530653,0.28227592301662924,739.5006229137492,False,6
orig+VIX E1 capped,Full-cost net,352,circular_block_bootstrap,60,ok,60,1.5377009041183736,0.9894159006666007,1.3880798062806325,3.6978058486435503,-0.45720309861988984,0.2577151159674443,0.29474990310034416,105.24516953480429,False,6
orig+VIX E1 capped,Full-cost net,353,circular_block_bootstrap,60,ok,60,0.5765937939135468,1.0539766247140376,0.8855410777499243,2.008831820985996,-0.5456588390294546,0.2962404581393207,0.3412199780454161,9.740899517459919,False,6
orig+VIX E1 capped,Full-cost net,354,circular_block_bootstrap,60,ok,60,2.8369532141016776,0.9886251279155074,1.8516365049319523,5.206418658977922,-0.4598283802349983,0.2577151159674443,0.3030756385813507,831.6345397262145,False,6
orig+VIX E1 capped,Full-cost net,355,circular_block_bootstrap,60,ok,60,1.7800041276160794,0.9555481102308189,1.5176170418495274,4.169765976731715,-0.6432152610124424,0.23253896942872815,0.2729931393844722,166.0455357151638,False,6
orig+VIX E1 capped,Full-cost net,356,circular_block_bootstrap,60,ok,60,1.399282394929032,1.094964051707701,1.3078625713959948,3.0399449364006816,-0.42901482763089593,0.3455469506197406,0.3455469506197406,79.50726909636612,False,6
orig+VIX E1 capped,Full-cost net,357,circular_block_bootstrap,60,ok,60,1.0835906957119916,0.9031702867790578,1.2329443629842867,2.8678120499284163,-0.6019170572570516,0.23562845024647502,0.3241471897667244,39.270103608982275,False,6
orig+VIX E1 capped,Full-cost net,358,circular_block_bootstrap,60,ok,60,1.971255419439621,1.0552224313087424,1.509916946291991,4.530858809104725,-0.4707084426775059,0.23253896942872815,0.28579773059349095,231.579405318681,False,6
orig+VIX E1 capped,Full-cost net,359,circular_block_bootstrap,60,ok,60,1.3743023242957646,1.010121337062999,1.3120207621331688,3.2325085793496857,-0.4994073542492774,0.2706002396627969,0.31140137406235735,75.45362134631714,False,6
orig+VIX E1 capped,Full-cost net,360,circular_block_bootstrap,60,ok,60,0.9089703723397693,1.0474430092348668,1.0691378327943246,2.63972278972953,-0.5469470982391831,0.2693513793406459,0.2998296078522838,25.351049337574644,False,6
orig+VIX E1 capped,Full-cost net,361,circular_block_bootstrap,60,ok,60,3.1847430251190056,0.8829695578020732,2.0834952774464957,6.704084722924633,-0.41215129410324647,0.2062074856692737,0.21674007917305546,1283.3466193585239,False,6
orig+VIX E1 capped,Full-cost net,362,circular_block_bootstrap,60,ok,60,0.7483106867111067,0.9883182956131009,0.9735680789629818,2.6078268651747254,-0.559121515201046,0.2577151159674443,0.2776771148216525,16.334019179852373,False,6
orig+VIX E1 capped,Full-cost net,363,circular_block_bootstrap,60,ok,60,0.8554328314244759,0.9206599671203988,1.0914126740624517,2.460512097305809,-0.690187145297056,0.2962404581393207,0.3412199780454161,21.990048403629384,False,6
orig+VIX E1 capped,Full-cost net,364,circular_block_bootstrap,60,ok,60,1.9329817667931395,1.0864539859871498,1.4870454357284706,3.994693305994258,-0.45720309861988984,0.27251211201845194,0.3412199780454161,217.04351578721744,False,6
orig+VIX E1 capped,Full-cost net,365,circular_block_bootstrap,60,ok,60,1.1598602083598277,0.7958874756264935,1.34479424102263,3.2776941031392073,-0.4598283802349983,0.2075240598572464,0.2864778627030536,47.00328562817354,False,6
orig+VIX E1 capped,Full-cost net,366,circular_block_bootstrap,60,ok,60,1.6276544617010296,1.0472812417275894,1.3987322466110013,3.750906251824487,-0.5588464293971771,0.2693513793406459,0.29139934434043113,125.2683257998446,False,6
orig+VIX E1 capped,Full-cost net,367,circular_block_bootstrap,60,ok,60,0.3803153429837589,0.9392998135719021,0.7358705550989785,1.6865503308258265,-0.6262400817514765,0.29432858578366566,0.303887947561941,5.010621264839008,False,6
orig+VIX E1 capped,Full-cost net,368,circular_block_bootstrap,60,ok,60,3.2307283893211283,0.8107321439597646,2.251834037457427,5.978584801200272,-0.34690063723663533,0.2062074856692737,0.27587721814450716,1355.4257240469308,False,6
orig+VIX E1 capped,Full-cost net,369,circular_block_bootstrap,60,ok,60,2.445634383257472,1.0178645969912092,1.7030046222582664,5.14827630007674,-0.6464830362561207,0.2075240598572464,0.29080483527737816,485.6752389795759,False,6
orig+VIX E1 capped,Full-cost net,370,circular_block_bootstrap,60,ok,60,1.117858230813531,0.9746508522544388,1.203382420242023,2.9877943718106734,-0.6238621242464018,0.29432858578366566,0.3166925387709597,42.60734037366782,False,6
orig+VIX E1 capped,Full-cost net,371,circular_block_bootstrap,60,ok,60,0.8327728822302871,1.0193902823221517,1.04533969529453,2.4343336809153775,-0.5933814986244699,0.2962404581393207,0.33689300547109147,20.679653230808658,False,6
orig+VIX E1 capped,Full-cost net,372,circular_block_bootstrap,60,ok,60,1.095709974659163,1.030480469504767,1.166876984661767,2.9590530144366944,-0.5484797995485715,0.29432858578366566,0.3134473093402163,40.425546736321174,False,6
orig+VIX E1 capped,Full-cost net,373,circular_block_bootstrap,60,ok,60,1.6469374651483224,0.9348329121158642,1.4916574611831943,3.5385677501441144,-0.45720309861988984,0.27251211201845194,0.3368930054710915,129.93268268244478,False,6
orig+VIX E1 capped,Full-cost net,374,circular_block_bootstrap,60,ok,60,1.6924118831183868,1.0941169515163955,1.3831756154013166,4.246554117271489,-0.630242003717151,0.23253896942872815,0.27623836881521563,141.48405335790628,False,6
orig+VIX E1 capped,Full-cost net,375,circular_block_bootstrap,60,ok,60,1.7137613609018838,0.8929907031655567,1.5598124471178565,3.835053279927425,-0.558786071044348,0.23562845024647502,0.32414718976672446,147.18321085768727,False,6
orig+VIX E1 capped,Full-cost net,376,circular_block_bootstrap,60,ok,60,-0.024330945855885022,0.9944970530772423,0.4126160760153961,0.7739908273219536,-0.6871025044148787,0.33256603289676695,0.3358112623275104,0.8841229257810107,False,6
orig+VIX E1 capped,Full-cost net,377,circular_block_bootstrap,60,ok,60,0.9614239225345433,1.0671360533535565,1.0961985653110133,2.6170697839935526,-0.5011120390725227,0.29432858578366566,0.31669253877095976,29.030688738716545,False,6
orig+VIX E1 capped,Full-cost net,378,circular_block_bootstrap,60,ok,60,1.3717802752285513,0.8903254568716581,1.405580763355241,3.2123385893054834,-0.42901482763089593,0.20936468035284228,0.31582145428571784,75.05372727291105,False,6
orig+VIX E1 capped,Full-cost net,379,circular_block_bootstrap,60,ok,60,1.2632855370877434,1.2023036199688752,1.1918567388320631,3.184971030834791,-0.6179565219048747,0.2693513793406459,0.28621350896099834,59.38773212915451,False,6
orig+VIX E1 capped,Full-cost net,380,circular_block_bootstrap,60,ok,60,1.5117129601426917,0.9274131097187734,1.4158840530786643,3.753237070736933,-0.5974713192384391,0.2577151159674443,0.29874866600702615,99.96547467145918,False,6
orig+VIX E1 capped,Full-cost net,381,circular_block_bootstrap,60,ok,60,0.3778343526017971,0.9648032266731675,0.7595325115790431,1.5773657132495629,-0.5431554217995367,0.2962404581393207,0.33689300547109147,4.965752187557911,False,6
orig+VIX E1 capped,Full-cost net,382,circular_block_bootstrap,60,ok,60,1.2161479194092664,1.1018708605996863,1.203620075901525,3.0868549248883275,-0.4870776533301582,0.2706002396627969,0.328474162341049,53.45566327380056,False,6
orig+VIX E1 capped,Full-cost net,383,circular_block_bootstrap,60,ok,60,0.44100756157253174,1.0851379521529676,0.7800023046541475,1.947512732629059,-0.5105806387409892,0.2706002396627969,0.31140137406235735,6.2134284084284594,False,6
orig+VIX E1 capped,Full-cost net,384,circular_block_bootstrap,60,ok,60,1.4186553499330818,1.1244933791660816,1.2772605744076482,3.3573787864490705,-0.5274481856435631,0.2706002396627969,0.3070744014880327,82.76942468437143,False,6
orig+VIX E1 capped,Full-cost net,385,circular_block_bootstrap,60,ok,60,1.32829761998138,0.9757371512651046,1.3139904352405873,3.28126655914974,-0.4870776533301582,0.29432858578366566,0.30962356462890617,68.42148111150644,False,6
orig+VIX E1 capped,Full-cost net,386,circular_block_bootstrap,60,ok,60,0.6689378280968397,0.9858139552883249,0.9484648192191925,2.2656213995093437,-0.5820457626001695,0.29432858578366566,0.303887947561941,12.947943403286212,False,6
orig+VIX E1 capped,Full-cost net,387,circular_block_bootstrap,60,ok,60,0.6238656742427655,1.010997443366169,0.9156552903283697,2.1816743711044606,-0.5772950106438286,0.2693513793406459,0.29464457377117453,11.291470605939958,False,6
orig+VIX E1 capped,Full-cost net,388,circular_block_bootstrap,60,ok,60,1.7408327509399393,0.893654343794403,1.5579961840729213,4.149699470132515,-0.5043704257420518,0.20875224543846327,0.28634003109682604,154.67234706949682,False,6
orig+VIX E1 capped,Full-cost net,389,circular_block_bootstrap,60,ok,60,1.758871447310737,0.7794077577568728,1.7119295734810132,4.046147868386942,-0.45720309861988984,0.20875224543846327,0.28634003109682604,159.82964048704514,False,6
orig+VIX E1 capped,Full-cost net,390,circular_block_bootstrap,60,ok,60,1.2479891843835271,1.0945223797049233,1.2301613104651397,3.0876346823245533,-0.5175967837450873,0.2968895040254694,0.3455469506197406,57.40782419266442,False,6
orig+VIX E1 capped,Full-cost net,391,circular_block_bootstrap,60,ok,60,3.5112966976073556,0.9610906175971989,2.0795955052565467,6.133182481937403,-0.5544678618694232,0.23562845024647502,0.328474162341049,1868.5595921223764,False,6
orig+VIX E1 capped,Full-cost net,392,circular_block_bootstrap,60,ok,60,1.598336735192063,1.0405041792497105,1.3914116307447948,3.686947682623576,-0.4437945853619003,0.2608758486452503,0.3412199780454161,118.43420987083361,False,6
orig+VIX E1 capped,Full-cost net,393,circular_block_bootstrap,60,ok,60,1.005842685225765,1.125646897825733,1.1009001229744457,2.7270909099080956,-0.5190294294342019,0.2706002396627969,0.3241471897667244,32.47015376543607,False,6
orig+VIX E1 capped,Full-cost net,394,circular_block_bootstrap,60,ok,60,2.363894872161922,1.034073610818485,1.6750899938601738,4.4171798614025715,-0.5194904133166418,0.2962404581393207,0.3412199780454161,430.73689613198064,False,6
orig+VIX E1 capped,Full-cost net,395,circular_block_bootstrap,60,ok,60,1.9087363522017773,1.0361080778405831,1.5101026902851258,4.066951854632295,-0.4598283802349984,0.2962404581393207,0.3412199780454161,208.21968874626685,False,6
orig+VIX E1 capped,Full-cost net,396,circular_block_bootstrap,60,ok,60,1.1796275149343032,1.0629127991776095,1.182890222130756,3.4503477710092123,-0.4949729100050907,0.2577151159674443,0.2693513793406459,49.19391748316189,False,6
orig+VIX E1 capped,Full-cost net,397,circular_block_bootstrap,60,ok,60,1.5536700954200162,1.110890915079795,1.3489139000043422,3.509758453909264,-0.49636973754271996,0.3332150787829156,0.3455469506197406,108.5985317619331,False,6
orig+VIX E1 capped,Full-cost net,398,circular_block_bootstrap,60,ok,60,0.627532022690676,0.9096054955718538,0.9395648876455971,2.0504326976928504,-0.6938882131700608,0.2706002396627969,0.31982021719239984,11.419516376772915,False,6
orig+VIX E1 capped,Full-cost net,399,circular_block_bootstrap,60,ok,60,1.16674150786843,1.0290847032024568,1.2050416918510283,3.0710846939371312,-0.6271787004360031,0.29432858578366566,0.3071331769926844,47.75683264109635,False,6
orig+VIX E1 capped,Full-cost net,400,circular_block_bootstrap,60,ok,60,0.6678465081824183,0.8706018297450545,1.0021257203874283,1.9668933282142105,-0.6004898852025751,0.33256603289676695,0.3368930054710915,12.90566537280913,False,6
orig+VIX E1 capped,Full-cost net,401,circular_block_bootstrap,60,ok,60,0.9535038147556041,0.9055262220920446,1.1504116243628426,2.684274854365023,-0.6988033807216398,0.2706002396627969,0.29432858578366566,28.44928252516119,False,6
orig+VIX E1 capped,Full-cost net,402,circular_block_bootstrap,60,ok,60,1.5261806464375907,1.0687016148566566,1.3435776919267257,3.6062568620781543,-0.5234193700323473,0.2962404581393207,0.3412199780454161,102.87788279987986,False,6
orig+VIX E1 capped,Full-cost net,403,circular_block_bootstrap,60,ok,60,1.4495548891132204,0.9747729567067175,1.3596729182116805,3.673513579254412,-0.6266161407992556,0.2577151159674443,0.2860028503026591,88.1933577033632,False,6
orig+VIX E1 capped,Full-cost net,404,circular_block_bootstrap,60,ok,60,0.7265094452187806,0.8974661818519474,1.008899778796131,2.2592521943095023,-0.6018554862817453,0.2962404581393207,0.3368930054710915,15.340686432582348,False,6
orig+VIX E1 capped,Full-cost net,405,circular_block_bootstrap,60,ok,60,1.0185199339430895,0.9369227680776792,1.1729611958538162,2.76597130409239,-0.5202707794863073,0.2962404581393207,0.3368930054710915,33.50928901486322,False,6
orig+VIX E1 capped,Full-cost net,406,circular_block_bootstrap,60,ok,60,0.47875685489922404,1.01574524470757,0.7992394248299407,2.006759874722317,-0.662356014110929,0.2693513793406459,0.29139934434043113,7.071049121671007,False,6
orig+VIX E1 capped,Full-cost net,407,circular_block_bootstrap,60,ok,60,1.3920054221833893,1.0393174817486939,1.2997940699228723,3.438144014701836,-0.47885116606380185,0.2693513793406459,0.30744916498019326,78.30884146393083,False,6
orig+VIX E1 capped,Full-cost net,408,circular_block_bootstrap,60,ok,60,1.9076372185350485,0.9173118171720333,1.6131931525162613,4.128535880617765,-0.4919283891616708,0.23754032260213007,0.3412199780454161,207.82658269173623,False,6
orig+VIX E1 capped,Full-cost net,409,circular_block_bootstrap,60,ok,60,1.3950827782573958,1.0081566959868324,1.3286471428381998,3.383886570865241,-0.592117548140275,0.2693513793406459,0.29464457377117453,78.81386759288053,False,6
orig+VIX E1 capped,Full-cost net,410,circular_block_bootstrap,60,ok,60,3.1955778012022806,1.0721613221931665,1.854796543522637,5.989401953866185,-0.4598283802349984,0.2571026810530653,0.2694713318076105,1300.046524130328,False,6
orig+VIX E1 capped,Full-cost net,411,circular_block_bootstrap,60,ok,60,2.423355817053525,0.995154060630273,1.733984196331425,4.42812590446126,-0.43984331381789665,0.2968895040254694,0.3455469506197406,470.17572846855325,False,6
orig+VIX E1 capped,Full-cost net,412,circular_block_bootstrap,60,ok,60,0.09983850259962157,1.0507313361531636,0.5461920216915472,1.077868208342589,-0.7794329979571668,0.3332150787829156,0.3455469506197406,1.609328105373139,False,6
orig+VIX E1 capped,Full-cost net,413,circular_block_bootstrap,60,ok,60,1.022244195571416,1.0080132425320445,1.1353390705481325,2.9801492598157853,-0.5097528659327017,0.2577151159674443,0.31582145428571784,33.81956269928959,False,6
orig+VIX E1 capped,Full-cost net,414,circular_block_bootstrap,60,ok,60,1.4301465603524397,1.1459978574049783,1.2802083139292644,3.2407083440527793,-0.4598283802349983,0.2693513793406459,0.28621350896099834,84.75441524415666,False,6
orig+VIX E1 capped,Full-cost net,415,circular_block_bootstrap,60,ok,60,2.294605240311188,0.9938230447307461,1.6653232524653612,5.076193492036126,-0.46278458621447494,0.233767155009945,0.28634003109682604,388.16549241395126,False,6
orig+VIX E1 capped,Full-cost net,416,circular_block_bootstrap,60,ok,60,1.6077672373573146,0.9364820302435214,1.4594736103440669,3.785539359280141,-0.5424012542637613,0.23562845024647502,0.3114013740623573,120.59911585042697,False,6
orig+VIX E1 capped,Full-cost net,417,circular_block_bootstrap,60,ok,60,3.140817255459755,0.9753050226212556,1.9652361902753106,5.5317278231837035,-0.42901482763089593,0.21061354067499327,0.32414718976672446,1217.391659888619,False,6
orig+VIX E1 capped,Full-cost net,418,circular_block_bootstrap,60,ok,60,2.206678183933486,0.943451637057149,1.6971467691838211,4.729275673425162,-0.4805000684210329,0.2062074856692737,0.27263198871376376,339.06025614694613,False,6
orig+VIX E1 capped,Full-cost net,419,circular_block_bootstrap,60,ok,60,0.9969104920444818,1.0049767278929893,1.1236977673756197,2.959529262700495,-0.4598283802349984,0.23562845024647502,0.31140137406235735,31.75360178964044,False,6
orig+VIX E1 capped,Full-cost net,420,circular_block_bootstrap,60,ok,60,0.6866472970883972,1.0632310190067717,0.9322883824098753,2.336851122362117,-0.4794132305895279,0.29432858578366566,0.303887947561941,13.649645534539568,False,6
orig+VIX E1 capped,Full-cost net,421,circular_block_bootstrap,60,ok,60,0.697858744357523,0.9684437549829887,0.9699990387873714,2.2464549839108714,-0.5506095933701878,0.29432858578366566,0.30197607520628594,14.109375070049634,False,6
orig+VIX E1 capped,Full-cost net,422,circular_block_bootstrap,60,ok,60,1.3672500260720808,1.0472746543477058,1.2993795791069505,3.209934009095182,-0.7165834035024488,0.33256603289676695,0.3390564917582538,74.33967361886691,False,6
orig+VIX E1 capped,Full-cost net,423,circular_block_bootstrap,60,ok,60,1.3076515864297145,0.966385776997819,1.3033385365401837,3.310453226803197,-0.46996846692324334,0.2577151159674443,0.3114944817113933,65.44119092249991,False,6
orig+VIX E1 capped,Full-cost net,424,circular_block_bootstrap,60,ok,60,1.7384885366141432,0.9610112809043861,1.4895122429094143,4.283769333603695,-0.5989976242025477,0.2577151159674443,0.2987486660070262,154.01202690023413,False,6
orig+VIX E1 capped,Full-cost net,425,circular_block_bootstrap,60,ok,60,0.8284715005557093,1.0046694622743346,1.0509200809415675,2.3547649314075,-0.6809097375486646,0.2962404581393207,0.3412199780454161,20.43812156613681,False,6
orig+VIX E1 capped,Full-cost net,426,circular_block_bootstrap,60,ok,60,1.8433937676184526,1.013882068866359,1.495948164672181,4.3124403033424406,-0.5467190935001388,0.23562845024647502,0.3114013740623573,185.85961612027575,False,6
orig+VIX E1 capped,Full-cost net,427,circular_block_bootstrap,60,ok,60,1.1689669875782065,0.9816566077439687,1.2434735157830663,2.8093050137408193,-0.47753271768549144,0.2693513793406459,0.29258641681318187,48.002594334712825,False,6
orig+VIX E1 capped,Full-cost net,428,circular_block_bootstrap,60,ok,60,2.3031600250912736,1.0017888436528306,1.6753012492797905,4.59917271554538,-0.47055763951342156,0.2577151159674443,0.31582145428571784,393.23129207820614,False,6
orig+VIX E1 capped,Full-cost net,429,circular_block_bootstrap,60,ok,60,0.48822714668975054,0.9864618054733104,0.8456060964206984,1.7288087253044098,-0.6365168612376451,0.33256603289676695,0.33775839998595647,7.300390833303509,False,6
orig+VIX E1 capped,Full-cost net,430,circular_block_bootstrap,60,ok,60,1.9379809255665141,0.991512550251177,1.5442127601354145,4.278918083102596,-0.4598283802349983,0.2577151159674443,0.2987486660070262,218.89954524202352,False,6
orig+VIX E1 capped,Full-cost net,431,circular_block_bootstrap,60,ok,60,1.863558604003365,0.9403377487605086,1.5737596237191969,3.946326275516026,-0.4598283802349983,0.23562845024647502,0.32414718976672446,192.54417203755617,False,6
orig+VIX E1 capped,Full-cost net,432,circular_block_bootstrap,60,ok,60,2.2095190773286544,1.055663111021233,1.5948393450521818,4.400242653910777,-0.45720309861988984,0.2577151159674443,0.29474990310034416,340.56483848429195,False,6
orig+VIX E1 capped,Full-cost net,433,circular_block_bootstrap,60,ok,60,1.4363998637626318,0.9202857263864926,1.3871477745650964,3.6939098890043907,-0.491363134366505,0.23437958992432403,0.2860028503026591,85.85050076193748,False,6
orig+VIX E1 capped,Full-cost net,434,circular_block_bootstrap,60,ok,60,2.6452579023066125,0.8723866691477181,1.9617213157096853,4.665045236972448,-0.5978906477553858,0.2577151159674443,0.31582145428571784,643.6374425993273,False,6
orig+VIX E1 capped,Full-cost net,435,circular_block_bootstrap,60,ok,60,1.8627259303955417,1.0173839736541632,1.5131737124137725,3.9449185322309246,-0.5218247821840054,0.2693513793406459,0.30420393554944986,192.26439212152766,False,6
orig+VIX E1 capped,Full-cost net,436,circular_block_bootstrap,60,ok,60,1.6938509404218487,1.122671180604945,1.3729101892698157,3.98168008446942,-0.45720309861988984,0.2693513793406459,0.2818399825621558,141.86256421036202,False,6
orig+VIX E1 capped,Full-cost net,437,circular_block_bootstrap,60,ok,60,1.123201004356004,0.993544842080525,1.200173811469644,3.164875149848641,-0.5302026750510176,0.20936468035284228,0.31582145428571784,43.147491791150316,False,6
orig+VIX E1 capped,Full-cost net,438,circular_block_bootstrap,60,ok,60,1.2709716835202514,0.8825871432934099,1.3433426392987184,3.2623450836579146,-0.5402349240493771,0.2706002396627969,0.32414718976672446,60.40301202082254,False,6
orig+VIX E1 capped,Full-cost net,439,circular_block_bootstrap,60,ok,60,1.9032363044562115,0.8634200917052708,1.6759324031237295,3.9330710424582067,-0.4598283802349983,0.23562845024647502,0.32414718976672446,206.25853560081995,False,6
orig+VIX E1 capped,Full-cost net,440,circular_block_bootstrap,60,ok,60,1.5859600191208894,0.9832827526911735,1.438144537256407,3.2143189796415026,-0.640432655536337,0.33256603289676695,0.3390564917582538,115.64025226339874,False,6
orig+VIX E1 capped,Full-cost net,441,circular_block_bootstrap,60,ok,60,0.7725935573170883,1.0080625959538636,1.0217483333576853,2.2788696894433964,-0.6649712048356906,0.2962404581393207,0.3368930054710915,17.50031364960276,False,6
orig+VIX E1 capped,Full-cost net,442,circular_block_bootstrap,60,ok,60,0.7587551977937603,1.0137658022187641,0.9853050784115674,2.5718812022552067,-0.6287696135837946,0.23562845024647502,0.32414718976672446,16.82778558633946,False,6
orig+VIX E1 capped,Full-cost net,443,circular_block_bootstrap,60,ok,60,1.752361583669471,1.0274535121588546,1.4400056025842625,4.504325811916879,-0.5772950106438288,0.19199402228154966,0.2442205153543283,157.9528394969563,False,6
orig+VIX E1 capped,Full-cost net,444,circular_block_bootstrap,60,ok,60,0.43747186121943105,0.9807552097022765,0.7948149639379454,1.6864277491968165,-0.7225126896337399,0.2706002396627969,0.31140137406235735,6.137574266340622,False,6
orig+VIX E1 capped,Full-cost net,445,circular_block_bootstrap,60,ok,60,1.0451476163473545,1.1268457692115774,1.1175434118542082,2.8115870050187093,-0.5132872732534374,0.27251211201845194,0.3412199780454161,35.778596611846,False,6
orig+VIX E1 capped,Full-cost net,446,circular_block_bootstrap,60,ok,60,2.3453680529339023,0.999180563417367,1.6816427089789456,5.192806525814138,-0.45720309861988995,0.19453878205073924,0.28634003109682604,419.0053094241713,False,6
orig+VIX E1 capped,Full-cost net,447,circular_block_bootstrap,60,ok,60,1.2209302942251141,1.2527946324788186,1.163295754764601,3.1181387706148698,-0.6063520872217281,0.2693513793406459,0.28621350896099834,54.03493586275651,False,6
orig+VIX E1 capped,Full-cost net,448,circular_block_bootstrap,60,ok,60,0.37107172005964784,1.0194589646265746,0.7183971813099967,1.7732948998425624,-0.5694310045003632,0.2693513793406459,0.29139934434043113,4.845079031504321,False,6
orig+VIX E1 capped,Full-cost net,449,circular_block_bootstrap,60,ok,60,0.9860843015525729,0.9037179521308528,1.173912441214751,2.79189237624341,-0.42901482763089593,0.21061354067499327,0.32414718976672446,30.90212844259381,False,6
orig+VIX E1 capped,Full-cost net,450,circular_block_bootstrap,60,ok,60,1.9119389640423514,1.0087734893829583,1.5476127328018152,3.8650168458355396,-0.5585195115967662,0.29432858578366566,0.31993776820170317,209.36849842996511,False,6
orig+VIX E1 capped,Full-cost net,451,circular_block_bootstrap,60,ok,60,2.0945060644703863,1.032164560471373,1.5801577958621387,4.330886481304613,-0.46872555347289957,0.2577151159674443,0.29474990310034416,283.7636035763131,False,6
orig+VIX E1 capped,Full-cost net,452,circular_block_bootstrap,60,ok,60,3.3737503337505874,0.9440255351445351,2.0569458066857162,6.447681122181106,-0.3455469506197406,0.19331059646952237,0.29080483527737816,1600.55257028956,False,6
orig+VIX E1 capped,Full-cost net,453,circular_block_bootstrap,60,ok,60,1.5828861063307769,0.972388550037517,1.4342294178178885,3.579176664499892,-0.5290109285382432,0.2962404581393207,0.3412199780454161,114.95458046842631,False,6
orig+VIX E1 capped,Full-cost net,454,circular_block_bootstrap,60,ok,60,2.5135439311888845,0.892273945419201,1.860185053722422,5.127229004006486,-0.45720309861988984,0.2577151159674443,0.2904229305260196,535.45988488077,False,6
orig+VIX E1 capped,Full-cost net,455,circular_block_bootstrap,60,ok,60,1.762409306101528,1.0207777534613445,1.4705615931828737,3.9034474539722512,-0.45720309861988984,0.2706002396627969,0.3241471897667244,160.85706565022934,False,6
orig+VIX E1 capped,Full-cost net,456,circular_block_bootstrap,60,ok,60,0.6061955297681572,1.1050244018000095,0.881290962136938,2.276417503147744,-0.6382748771717237,0.29432858578366566,0.3071331769926844,10.690353452018313,False,6
orig+VIX E1 capped,Full-cost net,457,circular_block_bootstrap,60,ok,60,1.667521934749887,0.9423962432222814,1.4779208039467748,3.926883038078032,-0.45720309861988984,0.2577151159674443,0.2776771148216525,135.06412094076057,False,6
orig+VIX E1 capped,Full-cost net,458,circular_block_bootstrap,60,ok,60,0.9933038821451194,1.196398004128069,1.070552594621001,2.92210224961931,-0.5967576372320125,0.2706002396627969,0.3114013740623573,31.467885621626877,False,6
orig+VIX E1 capped,Full-cost net,459,circular_block_bootstrap,60,ok,60,1.0396972974470504,1.0029111179265668,1.1664126759024036,2.6987401234795447,-0.46031862239190546,0.2962404581393207,0.3412199780454161,35.304381081967946,False,6
orig+VIX E1 capped,Full-cost net,460,circular_block_bootstrap,60,ok,60,1.433523438592771,0.9251859611995146,1.3818200068601656,3.701245579512249,-0.48188509488885645,0.2693513793406459,0.29139934434043113,85.34491842746998,False,6
orig+VIX E1 capped,Full-cost net,461,circular_block_bootstrap,60,ok,60,0.611186673563409,0.9347368996509146,0.9051963862630193,2.137367119843631,-0.5666497742458356,0.2571026810530653,0.2948343569749161,10.857486685325211,False,6
orig+VIX E1 capped,Full-cost net,462,circular_block_bootstrap,60,ok,60,0.8826732028607731,1.0957743920919647,1.0406110677319824,2.611607229061432,-0.598193280001704,0.2706002396627969,0.31140137406235735,23.6523722498814,False,6
orig+VIX E1 capped,Full-cost net,463,circular_block_bootstrap,60,ok,60,1.924293084898916,0.9856107372318224,1.5603009116486353,4.041540429316023,-0.4839097123895263,0.2577151159674443,0.31582145428571784,213.84765211459234,False,6
orig+VIX E1 capped,Full-cost net,464,circular_block_bootstrap,60,ok,60,1.7848906724345102,0.9370960342353768,1.5189986636281192,4.726674863995197,-0.5853659544321623,0.1666316321431856,0.25211698252887943,167.5100054903516,False,6
orig+VIX E1 capped,Full-cost net,465,circular_block_bootstrap,60,ok,60,0.9044257961434568,1.068982944506616,1.060588162831822,2.639128176472655,-0.608815592218249,0.2693513793406459,0.29723342430768906,25.05072374118734,False,6
orig+VIX E1 capped,Full-cost net,466,circular_block_bootstrap,60,ok,60,1.4362344340180244,0.9242616256322461,1.3918181125572644,3.5094908725029716,-0.4792870748214376,0.23754032260213007,0.33689300547109147,85.82135879284539,False,6
orig+VIX E1 capped,Full-cost net,467,circular_block_bootstrap,60,ok,60,1.8833038770106953,0.9207487801995996,1.578252893375136,4.670279720015444,-0.5469470441722779,0.233767155009945,0.28634003109682604,199.2746613274849,False,6
orig+VIX E1 capped,Full-cost net,468,circular_block_bootstrap,60,ok,60,1.6119427893913651,0.9834328519186262,1.4149599177799683,4.033536678618331,-0.5469470441722779,0.2571026810530653,0.26322703019685556,121.5677281643751,False,6
orig+VIX E1 capped,Full-cost net,469,circular_block_bootstrap,60,ok,60,1.7316156795572502,0.9882908783672928,1.4637948242517915,3.9909351873331262,-0.4919283891616707,0.2577151159674443,0.31582145428571784,152.08906310939224,False,6
orig+VIX E1 capped,Full-cost net,470,circular_block_bootstrap,60,ok,60,0.9174792588465721,1.1264477804056547,1.0628467754739102,2.5934818629338414,-0.6783236357607001,0.29432858578366566,0.31993776820170317,25.921096845573583,False,6
orig+VIX E1 capped,Full-cost net,471,circular_block_bootstrap,60,ok,60,0.8437228851825704,1.150134245183556,1.0131807222840048,2.565045453863806,-0.599426848215658,0.2706002396627969,0.29432858578366566,21.304837791359162,False,6
orig+VIX E1 capped,Full-cost net,472,circular_block_bootstrap,60,ok,60,1.0898723700622135,1.109849151813538,1.134549246417155,3.0338163563520264,-0.45720309861988984,0.2962404581393207,0.33689300547109147,39.865647405937644,False,6
orig+VIX E1 capped,Full-cost net,473,circular_block_bootstrap,60,ok,60,1.507255237643891,0.9853631672926302,1.38564468489875,3.480477547601012,-0.4598283802349984,0.2706002396627969,0.31982021719239984,99.08153726746554,False,6
orig+VIX E1 capped,Full-cost net,474,circular_block_bootstrap,60,ok,60,1.4741952384870336,0.8527744585037006,1.4964058928743533,3.1363248629389435,-0.6447649126976311,0.2693513793406459,0.30744916498019326,92.71923375246276,False,6
orig+VIX E1 capped,Full-cost net,475,circular_block_bootstrap,60,ok,60,0.9887850316954507,0.9105793097191993,1.1925731865159217,2.509268944700802,-0.7545777991526291,0.29432858578366566,0.3166925387709597,31.112808312043047,False,6
orig+VIX E1 capped,Full-cost net,476,circular_block_bootstrap,60,ok,60,1.8731929203513813,0.9909846637517384,1.5419685039681155,3.8447125951198453,-0.6287696135837946,0.3332150787829156,0.3455469506197406,195.80507242821423,False,6
orig+VIX E1 capped,Full-cost net,477,circular_block_bootstrap,60,ok,60,1.83690375606801,1.0411678432262772,1.4674968694164752,4.395024703149674,-0.4598283802349983,0.233767155009945,0.27359421539245893,183.7481653466646,False,6
orig+VIX E1 capped,Full-cost net,478,circular_block_bootstrap,60,ok,60,1.2273618790827694,1.1455368944900972,1.1934029665112782,3.1828561477448463,-0.5045895360654093,0.29432858578366566,0.31669253877095976,54.82187847226407,False,6
orig+VIX E1 capped,Full-cost net,479,circular_block_bootstrap,60,ok,60,2.8707514583121103,1.021359381373954,1.8379040568773912,5.231720992723532,-0.495028712676167,0.2577151159674443,0.32014842686004236,868.913271234754,False,6
orig+VIX E1 capped,Full-cost net,480,circular_block_bootstrap,60,ok,60,0.5842660716986297,1.0257634927263506,0.8799357836919893,2.106868972817508,-0.7198170364633376,0.2706002396627969,0.32414718976672446,9.980231328034536,False,6
orig+VIX E1 capped,Full-cost net,481,circular_block_bootstrap,60,ok,60,1.963793834361737,1.0050856401845405,1.5398778445253931,4.623554616541167,-0.4598283802349983,0.23253896942872815,0.2634337776061969,228.68619637138482,False,6
orig+VIX E1 capped,Full-cost net,482,circular_block_bootstrap,60,ok,60,1.4745007076610919,0.9854073454799958,1.3771488928198636,3.473346271842972,-0.5067430573642184,0.29432858578366566,0.3166925387709597,92.7764844127464,False,6
orig+VIX E1 capped,Full-cost net,483,circular_block_bootstrap,60,ok,60,0.9290109065602943,0.9686103375043977,1.1055775677791535,2.731874190879814,-0.5509938450289497,0.2693513793406459,0.29464457377117453,26.70997095025671,False,6
orig+VIX E1 capped,Full-cost net,484,circular_block_bootstrap,60,ok,60,2.2169751047654525,1.0168191288641828,1.6254308739318633,4.77933114474305,-0.6203897854872956,0.20875224543846327,0.28634003109682604,344.53908830371216,False,6
orig+VIX E1 capped,Full-cost net,485,circular_block_bootstrap,60,ok,60,0.8528492508231518,0.9844264359099653,1.0765743095954323,2.3271072070955046,-0.5989273709498584,0.3332150787829156,0.3455469506197406,21.837374957284283,False,6
orig+VIX E1 capped,Full-cost net,486,circular_block_bootstrap,60,ok,60,1.7458133589312177,0.9855149187963627,1.4856181443721685,3.8170697083181824,-0.4598283802349983,0.2706002396627969,0.31982021719239984,156.0828074598198,False,6
orig+VIX E1 capped,Full-cost net,487,circular_block_bootstrap,60,ok,60,2.004262602383379,0.8494790210304273,1.72475780937629,4.436612402654744,-0.43175640938587145,0.2075240598572464,0.2992236784074207,244.73126678112212,False,6
orig+VIX E1 capped,Full-cost net,488,circular_block_bootstrap,60,ok,60,1.58675793719474,1.143683925115691,1.319475900997284,3.8744787467559614,-0.45720309861988984,0.2693513793406459,0.2693513793406459,115.81877089164679,False,6
orig+VIX E1 capped,Full-cost net,489,circular_block_bootstrap,60,ok,60,2.040052307651148,1.0289450625199166,1.5676614942895017,4.194075807536415,-0.5611984571352417,0.29432858578366566,0.3166925387709597,259.66013651351903,False,6
orig+VIX E1 capped,Full-cost net,490,circular_block_bootstrap,60,ok,60,1.2225610644673952,1.1278238448176772,1.183856186093265,3.3501062224515494,-0.4598283802349983,0.29432858578366566,0.31993776820170317,54.233609515383,False,6
orig+VIX E1 capped,Full-cost net,491,circular_block_bootstrap,60,ok,60,1.9678825271507554,0.9745749667670556,1.593594979593657,3.865134643809194,-0.5033257680998446,0.2693513793406459,0.29723342430768906,230.2679713612867,False,6
orig+VIX E1 capped,Full-cost net,492,circular_block_bootstrap,60,ok,60,1.696225465307938,0.9346824638440794,1.5124242220215904,3.818229360105896,-0.5234193131576651,0.1983119496429243,0.33256603289676695,142.48889909589383,False,6
orig+VIX E1 capped,Full-cost net,493,circular_block_bootstrap,60,ok,60,1.462644588360566,0.9840111609385652,1.378242577289412,3.296627919789112,-0.45720309861988995,0.27251211201845194,0.3412199780454161,90.57507294445428,False,6
orig+VIX E1 capped,Full-cost net,494,circular_block_bootstrap,60,ok,60,1.2456256931547776,1.0370426868289218,1.2481704103763922,3.006950205933895,-0.634083853372363,0.29432858578366566,0.3166925387709597,57.10667087507582,False,6
orig+VIX E1 capped,Full-cost net,495,circular_block_bootstrap,60,ok,60,1.5634078389644612,1.0970124463768205,1.3487216248384701,3.5377778033569602,-0.42901482763089593,0.2962404581393207,0.3412199780454161,110.684941617698,False,6
orig+VIX E1 capped,Full-cost net,496,circular_block_bootstrap,60,ok,60,0.8084153670511147,1.0386859678279459,1.0362276731952609,2.3346796846191356,-0.45720309861988995,0.3455469506197406,0.3455469506197406,19.34153526939465,False,6
orig+VIX E1 capped,Full-cost net,497,circular_block_bootstrap,60,ok,60,1.297099904793948,0.9631775783280451,1.2893152559754175,3.422921852331034,-0.47793394918933074,0.2577151159674443,0.3114944817113933,63.95866925111636,False,6
orig+VIX E1 capped,Full-cost net,498,circular_block_bootstrap,60,ok,60,1.2302547660901326,0.9019937547840865,1.3182327775686724,3.0753134153604305,-0.6203897854872957,0.2962404581393207,0.3368930054710915,55.17881642161845,False,6
orig+VIX E1 capped,Full-cost net,499,circular_block_bootstrap,60,ok,60,0.491498927389046,0.9255920783105192,0.8423575435105933,1.7833440203584927,-0.6125340187340611,0.33256603289676695,0.3390564917582538,7.380991868566274,False,6
orig+VIX E1 capped,Full-cost net,500,circular_block_bootstrap,60,ok,60,2.2763504731717132,0.825353960179604,1.864436776875917,5.513306694661682,-0.5005431185248346,0.15574764257453025,0.26407692021983836,377.53025514480186,False,6
orig+VIX E1 capped,Full-cost net,501,circular_block_bootstrap,60,ok,60,2.235127658600445,1.0840167489021186,1.5760348841572878,4.897219103049178,-0.45720309861988995,0.2577151159674443,0.2860028503026591,354.37013442595526,False,6
orig+VIX E1 capped,Full-cost net,502,circular_block_bootstrap,60,ok,60,1.5607752322264057,1.0884832820608228,1.3559678057885363,3.5891713981915974,-0.5033039560853446,0.29432858578366566,0.3071331769926844,110.11774348965128,False,6
orig+VIX E1 capped,Full-cost net,503,circular_block_bootstrap,60,ok,60,1.3097075401870413,0.8930440456126045,1.345571910798839,3.4308977341681848,-0.4598283802349983,0.23437958992432403,0.2987486660070262,65.73322810709254,False,6
orig+VIX E1 capped,Full-cost net,504,circular_block_bootstrap,60,ok,60,0.9384480145301322,0.9117910787508247,1.1336247086938227,2.764949688741359,-0.643555468851588,0.2706002396627969,0.29432858578366566,27.369747620984793,False,6
orig+VIX E1 capped,Full-cost net,505,circular_block_bootstrap,60,ok,60,2.283468161036709,0.8664210283328925,1.8181476101535938,4.932424370780923,-0.42901482763089593,0.19199402228154966,0.2777007014499021,381.6489281356051,False,6
orig+VIX E1 capped,Full-cost net,506,circular_block_bootstrap,60,ok,60,2.2190903415224996,0.8133355179152841,1.8684673243865764,4.838347747610734,-0.42901482763089593,0.19199402228154966,0.2947734897285938,345.6732916044503,False,6
orig+VIX E1 capped,Full-cost net,507,circular_block_bootstrap,60,ok,60,1.5300810114285386,0.7647984196399209,1.5977046088167581,3.8819539011780573,-0.5092908353093638,0.2062074856692737,0.24145592571503047,103.6745445192914,False,6
orig+VIX E1 capped,Full-cost net,508,circular_block_bootstrap,60,ok,60,0.4871011186831935,1.0370093148874424,0.8144521881458613,1.9802734135482656,-0.5320618110687385,0.2706002396627969,0.32414718976672446,7.272814349442445,False,6
orig+VIX E1 capped,Full-cost net,509,circular_block_bootstrap,60,ok,60,1.065650820890828,1.1723592036911168,1.1192287630205342,2.877382009128486,-0.5523025364647249,0.3332150787829156,0.3455469506197406,37.60837335816862,False,6
orig+VIX E1 capped,Full-cost net,510,circular_block_bootstrap,60,ok,60,2.342581419556459,0.9871837575183976,1.6911254187520592,5.172730282134542,-0.45720309861988995,0.233767155009945,0.28634003109682604,417.26309365421895,False,6
orig+VIX E1 capped,Full-cost net,511,circular_block_bootstrap,60,ok,60,1.025396622879109,0.9124272021039805,1.1912380478181415,2.8278066299751115,-0.5981164213760367,0.2706002396627969,0.32414718976672446,34.083988298428885,False,6
orig+VIX E1 capped,Full-cost net,512,circular_block_bootstrap,60,ok,60,0.15281728196507216,0.9510358392433216,0.5479524263136473,1.2049756988207008,-0.6993000506365395,0.29432858578366566,0.3134473093402163,2.0361154154410905,False,6
orig+VIX E1 capped,Full-cost net,513,circular_block_bootstrap,60,ok,60,1.186809234514946,0.9771373816648239,1.2832843662648081,2.5852374263429456,-0.5913714473490113,0.3455469506197406,0.3455469506197406,50.009728393298246,False,6
orig+VIX E1 capped,Full-cost net,514,circular_block_bootstrap,60,ok,60,0.8715791347685331,0.9759205727325113,1.0911844207341805,2.403138559513116,-0.42901482763089605,0.33256603289676695,0.3390564917582538,22.96365291871026,False,6
orig+VIX E1 capped,Full-cost net,515,circular_block_bootstrap,60,ok,60,0.7413859062229504,0.9748164261798029,1.0153351229439278,2.1697165958226097,-0.7335368759996941,0.3455469506197406,0.3455469506197406,16.013089316887154,False,6
orig+VIX E1 capped,Full-cost net,516,circular_block_bootstrap,60,ok,60,1.1261373314390144,0.8772460216111287,1.2828405106215093,2.8369599329305477,-0.4870776533301583,0.2962404581393207,0.33689300547109147,43.44667699559839,False,6
orig+VIX E1 capped,Full-cost net,517,circular_block_bootstrap,60,ok,60,1.6210674499763544,1.139662422852835,1.3238383858183163,4.2030479335303905,-0.490601915604332,0.2577151159674443,0.2776771148216525,123.70606304055991,False,6
orig+VIX E1 capped,Full-cost net,518,circular_block_bootstrap,60,ok,60,0.974254553226781,0.9684105202046676,1.1444699761100907,2.6057304871866482,-0.5191962761119565,0.27251211201845194,0.3412199780454161,29.99271229045544,False,6
orig+VIX E1 capped,Full-cost net,519,circular_block_bootstrap,60,ok,60,3.1246442772241556,1.0648972089931144,1.8481771872057984,5.8807264217512865,-0.4598283802349983,0.233767155009945,0.27359421539245893,1193.8025374052847,False,6
orig+VIX E1 capped,Full-cost net,520,circular_block_bootstrap,60,ok,60,1.0373304537614607,0.9129905107259514,1.19106343384475,2.9852925849060803,-0.5444660126230594,0.23562845024647502,0.31982021719239984,35.10002170906228,False,6
orig+VIX E1 capped,Full-cost net,521,circular_block_bootstrap,60,ok,60,1.2427038604892306,1.0359049351975236,1.2449441697661463,3.0826647367281463,-0.48440215456409963,0.29432858578366566,0.30713317699268444,56.73612269970593,False,6
orig+VIX E1 capped,Full-cost net,522,circular_block_bootstrap,60,ok,60,0.9427666265765109,0.9619035554516269,1.1386982041812101,2.4370123181390015,-0.6145070195538056,0.2962404581393207,0.3368930054710915,27.67599045343898,False,6
orig+VIX E1 capped,Full-cost net,523,circular_block_bootstrap,60,ok,60,1.6577447154138114,1.049937084963108,1.4017046601860614,3.7956549719688897,-0.6610875105487952,0.2693513793406459,0.27559568095140086,132.60695920685168,False,6
orig+VIX E1 capped,Full-cost net,524,circular_block_bootstrap,60,ok,60,0.7407294914382412,0.9500436672949985,0.991461949894965,2.4894822733449726,-0.5588234438831845,0.23562845024647502,0.3070744014880327,15.982931420472884,False,6
orig+VIX E1 capped,Full-cost net,525,circular_block_bootstrap,60,ok,60,0.86512392519536,1.0270804195326635,1.062475272458982,2.4558128389696328,-0.5441003702448018,0.2962404581393207,0.3368930054710915,22.57035892772524,False,6
orig+VIX E1 capped,Full-cost net,526,circular_block_bootstrap,60,ok,60,1.6749675882437063,1.0182493617648223,1.4256443774845895,4.0844087597573,-0.5957466656978925,0.23253896942872815,0.27623836881521563,136.95964476146648,False,6
orig+VIX E1 capped,Full-cost net,527,circular_block_bootstrap,60,ok,60,3.489706644881262,1.0254547712262185,1.9760925086711814,6.543383166574393,-0.45720309861988984,0.19453878205073924,0.29066700367115056,1824.272984553035,False,6
orig+VIX E1 capped,Full-cost net,528,circular_block_bootstrap,60,ok,60,1.4238544582959496,1.0707623441006777,1.2856444203916024,3.668089704543235,-0.5660626904075434,0.2577151159674443,0.2987486660070262,83.66285755839691,False,6
orig+VIX E1 capped,Full-cost net,529,circular_block_bootstrap,60,ok,60,0.7921337928984971,1.0474494517324593,1.0228408981516104,2.326815791208039,-0.7471900251268154,0.33256603289676695,0.33775839998595647,18.486391464872327,False,6
orig+VIX E1 capped,Full-cost net,530,circular_block_bootstrap,60,ok,60,0.9766893721465382,1.086375044749878,1.090311450889801,2.8842259319008385,-0.5033039560853447,0.2706002396627969,0.3114013740623573,30.17811688102409,False,6
orig+VIX E1 capped,Full-cost net,531,circular_block_bootstrap,60,ok,60,2.3450352108955137,0.9660857546855831,1.7121698432347778,5.204233121645587,-0.39174211611883925,0.19199402228154966,0.2614311352392475,418.7969095850108,False,6
orig+VIX E1 capped,Full-cost net,532,circular_block_bootstrap,60,ok,60,1.527483116644079,0.964240668839018,1.4201010954726219,3.396853024887964,-0.5043704257420519,0.2706002396627969,0.328474162341049,103.14336979446061,False,6
orig+VIX E1 capped,Full-cost net,533,circular_block_bootstrap,60,ok,60,2.867339334275523,0.9309807137751417,1.9402945397804436,5.339504429212825,-0.45720309861988984,0.20875224543846327,0.29066700367115056,865.090218532092,False,6
orig+VIX E1 capped,Full-cost net,534,circular_block_bootstrap,60,ok,60,2.4957677844083195,0.8956942434790529,1.8414237464892345,5.817322497905145,-0.3808185977668527,0.16737970916359213,0.23558118570740436,522.0509360776794,False,6
orig+VIX E1 capped,Full-cost net,535,circular_block_bootstrap,60,ok,60,1.4397235262770938,1.0223608246541849,1.3403756914470244,3.404791585894627,-0.45720309861988984,0.3332150787829156,0.3455469506197406,86.43767378162138,False,6
orig+VIX E1 capped,Full-cost net,536,circular_block_bootstrap,60,ok,60,0.6444135317597992,0.968934685615006,0.9637017315434725,1.9296178825430619,-0.71020518364255,0.3332150787829156,0.3455469506197406,12.024172816954431,False,6
orig+VIX E1 capped,Full-cost net,537,circular_block_bootstrap,60,ok,60,2.1803873766795587,1.0526362070067263,1.592082982126347,4.475374545179182,-0.45720309861988984,0.2693513793406459,0.30744916498019326,325.3869305421212,False,6
orig+VIX E1 capped,Full-cost net,538,circular_block_bootstrap,60,ok,60,0.4540677132647417,1.0704580103514898,0.7952368576873863,1.9212392558064884,-0.7198170364633375,0.29432858578366566,0.3148159317180957,6.500146673505802,False,6
orig+VIX E1 capped,Full-cost net,539,circular_block_bootstrap,60,ok,60,1.9378633346917167,1.0008413478937626,1.5624769419915077,3.8898113003666666,-0.5115261087469514,0.2962404581393207,0.3412199780454161,218.85574215199347,False,6
orig+VIX E1 capped,Full-cost net,540,circular_block_bootstrap,60,ok,60,1.436003691840496,0.904399806970828,1.3968773781061528,3.960820882224532,-0.5424012542637614,0.19199402228154966,0.24435834696055583,85.7807246564688,False,6
orig+VIX E1 capped,Full-cost net,541,circular_block_bootstrap,60,ok,60,1.5191961615535265,1.0582016850465499,1.339698857112647,3.655198467058453,-0.6355094036417965,0.2693513793406459,0.2818399825621558,101.46352107772776,False,6
orig+VIX E1 capped,Full-cost net,542,circular_block_bootstrap,60,ok,60,1.3432563627126077,0.9668902852259293,1.3305789660405594,3.218025965130734,-0.5437244110850981,0.2962404581393207,0.3412199780454161,70.6478622167962,False,6
orig+VIX E1 capped,Full-cost net,543,circular_block_bootstrap,60,ok,60,1.3458732051607867,0.9892406990370999,1.3162706556565162,3.3302484786062077,-0.5169996137798897,0.2589639762895953,0.328474162341049,71.04322592428815,False,6
orig+VIX E1 capped,Full-cost net,544,circular_block_bootstrap,60,ok,60,3.101537036762905,0.8000020828183972,2.215641596152655,6.594067162963295,-0.45720309861988984,0.19199402228154966,0.2442205153543283,1160.7352881268412,False,6
orig+VIX E1 capped,Full-cost net,545,circular_block_bootstrap,60,ok,60,2.0229655676155893,1.0976948601732948,1.4940292678323965,4.8306176193313775,-0.38726023580081126,0.19453878205073924,0.2989927391521572,252.44455185251297,False,6
orig+VIX E1 capped,Full-cost net,546,circular_block_bootstrap,60,ok,60,1.6063661564521245,1.0188811595696987,1.399645008956795,3.9989556788919747,-0.4598283802349984,0.2577151159674443,0.2860028503026591,120.2754910102225,False,6
orig+VIX E1 capped,Full-cost net,547,circular_block_bootstrap,60,ok,60,1.9347601904179919,0.9195512063260126,1.6018548487389679,4.704516507574534,-0.4598283802349983,0.23253896942872815,0.2729931393844722,217.7023396905543,False,6
orig+VIX E1 capped,Full-cost net,548,circular_block_bootstrap,60,ok,60,2.2202369630932886,1.0192582973475484,1.6269655357671884,4.672379814088922,-0.6610875105487954,0.2577151159674443,0.2776771148216525,346.2893645799111,False,6
orig+VIX E1 capped,Full-cost net,549,circular_block_bootstrap,60,ok,60,1.0468610176855475,1.0630149879360633,1.1541601206509842,2.670299566791754,-0.5928460807805298,0.3332150787829156,0.3455469506197406,35.928722448685946,False,6
orig+VIX E1 capped,Full-cost net,550,circular_block_bootstrap,60,ok,60,1.2728928386385343,0.898299932370589,1.352959716520877,2.921224119716334,-0.5578826924731167,0.33256603289676695,0.33581126232751035,60.6589378421865,False,6
orig+VIX E1 capped,Full-cost net,551,circular_block_bootstrap,60,ok,60,2.427179571259977,0.8588461252326347,1.9011100495536692,4.496064505407851,-0.4598283802349984,0.23562845024647502,0.328474162341049,472.8074402008868,False,6
orig+VIX E1 capped,Full-cost net,552,circular_block_bootstrap,60,ok,60,1.4950480044131442,1.004306117166212,1.3723712436218745,3.4827384229200895,-0.48188509488885645,0.33256603289676695,0.3390564917582538,96.69288738299389,False,6
orig+VIX E1 capped,Full-cost net,553,circular_block_bootstrap,60,ok,60,0.06209435296690646,1.0336514975251045,0.4981560191143804,1.0158553487523725,-0.8269922865502175,0.33256603289676695,0.3351622164413617,1.3514982844612715,False,6
orig+VIX E1 capped,Full-cost net,554,circular_block_bootstrap,60,ok,60,0.2711364953804145,1.0763638768494794,0.6676078816885289,1.494732947999324,-0.6094390394811042,0.33256603289676695,0.3358112623275104,3.3186460808838616,False,6
orig+VIX E1 capped,Full-cost net,555,circular_block_bootstrap,60,ok,60,1.2378891793606432,1.0911118594960383,1.214125577063913,3.2435053378219894,-0.5996618159583684,0.2706002396627969,0.32414718976672446,56.12972079910487,False,6
orig+VIX E1 capped,Full-cost net,556,circular_block_bootstrap,60,ok,60,1.3099964306240084,0.995451237804895,1.2909002477359781,3.2607870330881976,-0.592498439549898,0.2577151159674443,0.2776771148216525,65.77434684526708,False,6
orig+VIX E1 capped,Full-cost net,557,circular_block_bootstrap,60,ok,60,0.7325698568293761,0.9341566656290726,1.0219802151701727,2.108715222410776,-0.5047878904285548,0.33256603289676695,0.3390564917582538,15.61182848810329,False,6
orig+VIX E1 capped,Full-cost net,558,circular_block_bootstrap,60,ok,60,0.9093597765952468,1.0350572046124895,1.0843664079424125,2.532013839407921,-0.46771382957818275,0.2962404581393207,0.3368930054710915,25.376916252244563,False,6
orig+VIX E1 capped,Full-cost net,559,circular_block_bootstrap,60,ok,60,0.35030660608909336,1.077432868266712,0.7165416036315578,1.7346946222365238,-0.7839805830120061,0.29432858578366566,0.303887947561941,4.489127721163376,False,6
orig+VIX E1 capped,Full-cost net,560,circular_block_bootstrap,60,ok,60,0.898707110547526,1.0778596405080367,1.056877590814302,2.614647159688598,-0.5125163295875746,0.2693513793406459,0.27934226191785383,24.676859251356742,False,6
orig+VIX E1 capped,Full-cost net,561,circular_block_bootstrap,60,ok,60,1.278153895480881,0.9416489200338753,1.3117338071569886,3.1522338538366603,-0.47106383949751507,0.2962404581393207,0.33256603289676695,61.364230491378166,False,6
orig+VIX E1 capped,Full-cost net,562,circular_block_bootstrap,60,ok,60,1.7271666578301539,0.9219975314567083,1.5353537583127026,3.8229844783303655,-0.6106862335966761,0.2693513793406459,0.30420393554944986,150.85454280867734,False,6
orig+VIX E1 capped,Full-cost net,563,circular_block_bootstrap,60,ok,60,2.0998008906668515,0.9131659266837309,1.6967025536776161,4.2374425600900825,-0.45720309861988995,0.2577151159674443,0.2904229305260196,286.19958098451286,False,6
orig+VIX E1 capped,Full-cost net,564,circular_block_bootstrap,60,ok,60,1.066442357020251,1.0546999227930232,1.1671686649127457,2.711939424098004,-0.6263170127921268,0.3332150787829156,0.3455469506197406,37.680484308873815,False,6
orig+VIX E1 capped,Full-cost net,565,circular_block_bootstrap,60,ok,60,1.678705242399829,0.9473436192040223,1.469026193146275,4.22708694241199,-0.47189002220675413,0.2571026810530653,0.2852749951966408,137.91917102937666,False,6
orig+VIX E1 capped,Full-cost net,566,circular_block_bootstrap,60,ok,60,2.145613809718755,0.8725602273022208,1.7620508461682276,4.342442508961072,-0.42901482763089593,0.2577151159674443,0.31582145428571784,307.9831906447027,False,6
orig+VIX E1 capped,Full-cost net,567,circular_block_bootstrap,60,ok,60,1.1700944497502657,1.0255760312367532,1.2052585408071668,3.1055643827823203,-0.45720309861988984,0.2706002396627969,0.3241471897667244,48.127486517944575,False,6
orig+VIX E1 capped,Full-cost net,568,circular_block_bootstrap,60,ok,60,2.13661279945471,0.9830955425308071,1.625292467727837,4.61620822084988,-0.45720309861988995,0.2577151159674443,0.2693513793406459,303.6019465127395,False,6
orig+VIX E1 capped,Full-cost net,569,circular_block_bootstrap,60,ok,60,1.8212704805060564,0.9113028699182106,1.575506735692033,4.329439189676571,-0.3933186394961642,0.19331059646952237,0.27373204699868653,178.7407697504749,False,6
orig+VIX E1 capped,Full-cost net,570,circular_block_bootstrap,60,ok,60,0.9681400208595272,1.116263765303521,1.0839985670476187,2.712242639344037,-0.6302420037171509,0.2706002396627969,0.328474162341049,29.53112301162149,False,6
orig+VIX E1 capped,Full-cost net,571,circular_block_bootstrap,60,ok,60,1.860372268711842,1.1372480778128546,1.4350400923575888,4.005901371510394,-0.4602088378443262,0.2968895040254694,0.3455469506197406,191.4753158261197,False,6
orig+VIX E1 capped,Full-cost net,572,circular_block_bootstrap,60,ok,60,1.1065146269748785,1.0254668750719078,1.1791976394631205,3.100078184278776,-0.4733812431914649,0.19640007728726924,0.3241471897667244,41.47843819834912,False,6
orig+VIX E1 capped,Full-cost net,573,circular_block_bootstrap,60,ok,60,0.2911401854391191,0.9769369175016859,0.6791330713286536,1.472174217205363,-0.8057641222342833,0.2962404581393207,0.3412199780454161,3.5881202688582747,False,6
orig+VIX E1 capped,Full-cost net,574,circular_block_bootstrap,60,ok,60,2.0134553853357944,0.9225324589219066,1.654716292659573,4.247682167114385,-0.41306457285070297,0.2062074856692737,0.252653973986096,248.4985335952557,False,6
orig+VIX E1 capped,Full-cost net,575,circular_block_bootstrap,60,ok,60,1.3989356184048072,0.9434366624242028,1.388741998632921,3.101428511196749,-0.5467562443795657,0.33256603289676695,0.3377583999859564,79.44982840972213,False,6
orig+VIX E1 capped,Full-cost net,576,circular_block_bootstrap,60,ok,60,1.170079644535389,1.120223175997226,1.1781321403832017,3.091369137187338,-0.542391463520437,0.29432858578366566,0.31993776820170317,48.12584481968322,False,6
orig+VIX E1 capped,Full-cost net,577,circular_block_bootstrap,60,ok,60,0.6808486417663542,0.9838217325689284,0.9616986655668646,2.149912600203498,-0.6412005534910223,0.2962404581393207,0.3368930054710915,13.416617477378386,False,6
orig+VIX E1 capped,Full-cost net,578,circular_block_bootstrap,60,ok,60,0.8479951557747214,1.0335854054101625,1.0305014570266202,2.6261983785034286,-0.6253448116261848,0.2693513793406459,0.29464457377117453,21.552822003398195,False,6
orig+VIX E1 capped,Full-cost net,579,circular_block_bootstrap,60,ok,60,1.0309138771779511,0.9846854751315591,1.146543474531563,3.0189665133151395,-0.5139314998143725,0.23562845024647502,0.3070744014880327,34.55075449553549,False,6
orig+VIX E1 capped,Full-cost net,580,circular_block_bootstrap,60,ok,60,2.406037170073073,1.0361445911713523,1.6604113362563424,5.59825406830524,-0.5772950106438287,0.16737970916359213,0.24435834696055583,458.40243460745364,False,6
orig+VIX E1 capped,Full-cost net,581,circular_block_bootstrap,60,ok,60,1.6228585517649776,0.7625496283699448,1.6564754556598673,4.147133030611679,-0.3576773506929949,0.19199402228154966,0.2947734897285938,124.12931269199008,False,6
orig+VIX E1 capped,Full-cost net,582,circular_block_bootstrap,60,ok,60,0.1838772480317039,0.899563730217788,0.5924498791169481,1.1268522117201778,-0.8561568611312541,0.33256603289676695,0.33256603289676695,2.325591178849856,False,6
orig+VIX E1 capped,Full-cost net,583,circular_block_bootstrap,60,ok,60,1.7121984265291044,0.9199007346326074,1.5185729692804093,3.9673381586775247,-0.42901482763089593,0.2589639762895953,0.3241471897667244,146.75986324067426,False,6
orig+VIX E1 capped,Full-cost net,584,circular_block_bootstrap,60,ok,60,1.413651794562162,0.9637045272517935,1.3605966407198262,3.4606047518327734,-0.6290833998220196,0.2706002396627969,0.3070744014880327,81.91681986103941,False,6
orig+VIX E1 capped,Full-cost net,585,circular_block_bootstrap,60,ok,60,1.6848292103113542,0.90530093239693,1.5198886046217868,3.9976493455549207,-0.5668090748205787,0.2075240598572464,0.2864778627030536,139.50292734253796,False,6
orig+VIX E1 capped,Full-cost net,586,circular_block_bootstrap,60,ok,60,0.8755360216568868,0.991904133785707,1.0664949445649552,2.58615596391532,-0.7174620061089011,0.2706002396627969,0.32414718976672446,23.20742995123742,False,6
orig+VIX E1 capped,Full-cost net,587,circular_block_bootstrap,60,ok,60,0.8839372274317532,1.0017606734046305,1.0664754279406266,2.601723912313664,-0.6432152610124425,0.29432858578366566,0.3134473093402163,23.731879815150073,False,6
orig+VIX E1 capped,Full-cost net,588,circular_block_bootstrap,60,ok,60,1.585188084633868,0.9048763715826058,1.4754319689767523,3.8040650981664617,-0.4392343883358557,0.2577151159674443,0.3114944817113933,115.46775651697878,False,6
orig+VIX E1 capped,Full-cost net,589,circular_block_bootstrap,60,ok,60,1.4811196873199926,0.9070083080917511,1.4345362838897928,3.6029001627223485,-0.6238621242464018,0.23437958992432403,0.3030756385813507,94.02396772337586,False,6
orig+VIX E1 capped,Full-cost net,590,circular_block_bootstrap,60,ok,60,1.2483516251497013,1.0551549595568024,1.2380624538717135,3.1234315065048714,-0.6271787004360031,0.29432858578366566,0.3148159317180957,57.4541181125126,False,6
orig+VIX E1 capped,Full-cost net,591,circular_block_bootstrap,60,ok,60,1.4920501702851108,1.0842698993283693,1.3264035371827736,3.5474269832544434,-0.5431554217995367,0.2706002396627969,0.32414718976672446,96.11339249955981,False,6
orig+VIX E1 capped,Full-cost net,592,circular_block_bootstrap,60,ok,60,1.3558197822376479,1.0122001987481661,1.2948486120056202,3.3900994948056478,-0.4870776533301583,0.2706002396627969,0.3241471897667244,72.56217995074263,False,6
orig+VIX E1 capped,Full-cost net,593,circular_block_bootstrap,60,ok,60,1.243210440106417,0.9824769645703794,1.2537326396585484,3.416458189685487,-0.5190294294342019,0.233767155009945,0.27359421539245893,56.80022913590591,False,6
orig+VIX E1 capped,Full-cost net,594,circular_block_bootstrap,60,ok,60,0.9928423515030258,1.0495167981085098,1.1073192209538458,2.8418505668713823,-0.6083567250110643,0.2706002396627969,0.32414718976672446,31.431472033024427,False,6
orig+VIX E1 capped,Full-cost net,595,circular_block_bootstrap,60,ok,60,1.278959782188862,0.9813227934183935,1.2746423951123054,3.344071286591809,-0.45720309861988984,0.2693513793406459,0.2884002721604196,61.47284391178448,False,6
orig+VIX E1 capped,Full-cost net,596,circular_block_bootstrap,60,ok,60,0.832684150699081,1.1773417187569086,1.006925905544224,2.5019312793468993,-0.6470964340303409,0.2706002396627969,0.328474162341049,20.674647810743426,False,6
orig+VIX E1 capped,Full-cost net,597,circular_block_bootstrap,60,ok,60,0.946377293410223,1.1894020663722542,1.0462914593592207,2.8729162305727853,-0.5286729769731496,0.2706002396627969,0.29432858578366566,27.93412982360501,False,6
orig+VIX E1 capped,Full-cost net,598,circular_block_bootstrap,60,ok,60,0.37560572427262606,1.0288340410643577,0.7466202446729182,1.6849484135081698,-0.715352476445088,0.29432858578366566,0.30962356462890617,4.925721711500361,False,6
orig+VIX E1 capped,Full-cost net,599,circular_block_bootstrap,60,ok,60,2.7515080611080855,1.0739957936721147,1.7518556612552016,4.933792297761377,-0.4646262852524027,0.29432858578366566,0.3071331769926844,743.069473105467,False,6
orig+VIX E1 capped,Full-cost net,600,circular_block_bootstrap,60,ok,60,2.527252684614877,1.0900858355908765,1.6717433421733061,4.722072051044507,-0.459873572332658,0.2693513793406459,0.30744916498019326,545.9877054985716,False,6
orig+VIX E1 capped,Full-cost net,601,circular_block_bootstrap,60,ok,60,1.1925233354425444,1.0296683754406848,1.2062734165932527,3.127353177381778,-0.4598283802349983,0.2706002396627969,0.3070744014880327,50.666525325928426,False,6
orig+VIX E1 capped,Full-cost net,602,circular_block_bootstrap,60,ok,60,1.428945884142291,1.0502056010932797,1.3099834024362582,3.508648486717973,-0.4792870748214376,0.27251211201845194,0.3412199780454161,84.54524657802574,False,6
orig+VIX E1 capped,Full-cost net,603,circular_block_bootstrap,60,ok,60,2.802983241832121,1.021420651326023,1.8102593802459204,4.944486475579768,-0.45720309861988984,0.2693513793406459,0.29464457377117453,795.4667997666124,False,6
orig+VIX E1 capped,Full-cost net,604,circular_block_bootstrap,60,ok,60,0.6660815301465974,1.0211268464139247,0.9376129711021999,2.204282506562155,-0.561176228661387,0.2693513793406459,0.29463724076309433,12.837523438685945,False,6
orig+VIX E1 capped,Full-cost net,605,circular_block_bootstrap,60,ok,60,0.753505893467745,1.0854848270840203,0.9628860277177999,2.5155834898392846,-0.7264773133790052,0.2693513793406459,0.29139934434043113,16.57815322556597,False,6
orig+VIX E1 capped,Full-cost net,606,circular_block_bootstrap,60,ok,60,0.7632665624440156,1.0998325411532033,0.9787334336759952,2.4168152015210618,-0.48574477231069546,0.2962404581393207,0.3412199780454161,17.044719533509095,False,6
orig+VIX E1 capped,Full-cost net,607,circular_block_bootstrap,60,ok,60,0.70079857391228,1.039562696992233,0.9586962342891714,2.210469438805989,-0.5005095054558979,0.29432858578366566,0.303887947561941,14.23195019178305,False,6
orig+VIX E1 capped,Full-cost net,608,circular_block_bootstrap,60,ok,60,0.8996375776796699,1.0683108956341345,1.0742609124215927,2.462991629553776,-0.64491439510659,0.3332150787829156,0.3455469506197406,24.737383387970052,False,6
orig+VIX E1 capped,Full-cost net,609,circular_block_bootstrap,60,ok,60,1.8409298190235046,1.0543988524147934,1.4918592321753577,3.647646460470244,-0.5290529243333171,0.3332150787829156,0.3455469506197406,185.05572543126013,False,6
orig+VIX E1 capped,Full-cost net,610,circular_block_bootstrap,60,ok,60,0.6705988358596202,0.9168865050921848,0.9662278105511135,2.2161735508252014,-0.6234044519582032,0.2706002396627969,0.31982021719239984,13.0125038849815,False,6
orig+VIX E1 capped,Full-cost net,611,circular_block_bootstrap,60,ok,60,1.9538039495796573,0.9722827391454955,1.5706477208622278,4.584256992785056,-0.6488032809951831,0.19331059646952237,0.27373204699868653,224.85799522803987,False,6
orig+VIX E1 capped,Full-cost net,612,circular_block_bootstrap,60,ok,60,1.6563679317143634,0.9744190349483263,1.454851115178857,3.819148616180521,-0.6063520872217281,0.23437958992432403,0.2860028503026591,132.26384490540997,False,6
orig+VIX E1 capped,Full-cost net,613,circular_block_bootstrap,60,ok,60,2.887315556900182,0.9781252624259117,1.8793686192221548,5.699395941922177,-0.34984233500160045,0.19199402228154966,0.2991004623029183,887.6647660867509,False,6
orig+VIX E1 capped,Full-cost net,614,circular_block_bootstrap,60,ok,60,0.4903432035022661,1.0163125933524446,0.8365472986813566,1.8560187628329154,-0.5283600783447926,0.2968895040254694,0.3455469506197406,7.352439454817634,False,6
orig+VIX E1 capped,Full-cost net,615,circular_block_bootstrap,60,ok,60,0.8639194553028524,0.9804873447556209,1.08140194220908,2.40648459640979,-0.597072085917737,0.2962404581393207,0.3412199780454161,22.497574947189758,False,6
orig+VIX E1 capped,Full-cost net,616,circular_block_bootstrap,60,ok,60,1.1196907149980215,1.0395725437536574,1.1728697191705462,3.0884926535068153,-0.5877235587875063,0.2706002396627969,0.31982021719239984,42.79199038108636,False,6
orig+VIX E1 capped,Full-cost net,617,circular_block_bootstrap,60,ok,60,1.9255598605376587,0.9569835650090099,1.5798820968938279,4.184094034489736,-0.45720309861988984,0.2693513793406459,0.30744916498019326,214.31123731256642,False,6
orig+VIX E1 capped,Full-cost net,618,circular_block_bootstrap,60,ok,60,1.4040821461903525,1.0114048807029605,1.3304041801065765,3.402457646724833,-0.5989273709498584,0.33256603289676695,0.3358112623275104,80.30572660873037,False,6
orig+VIX E1 capped,Full-cost net,619,circular_block_bootstrap,60,ok,60,2.3312938261800915,0.9609521604156276,1.7173761194987371,5.307962718044436,-0.582443336300827,0.1484160483223958,0.2607125344638552,410.2652183583435,False,6
orig+VIX E1 capped,Full-cost net,620,circular_block_bootstrap,60,ok,60,1.632110120726872,0.9335904610041305,1.4738326930340657,3.752100795048301,-0.5424011996543594,0.2589639762895953,0.3070744014880327,126.33400826270444,False,6
orig+VIX E1 capped,Full-cost net,621,circular_block_bootstrap,60,ok,60,1.2783280403345305,0.8424242292273323,1.3975736892020896,2.9448505749858738,-0.4598283802349984,0.2706002396627969,0.31982021719239984,61.3876878592638,False,6
orig+VIX E1 capped,Full-cost net,622,circular_block_bootstrap,60,ok,60,0.3393053237183785,0.8658839116370864,0.7218102413495251,1.4696810820160058,-0.7381249056017241,0.2962404581393207,0.33689300547109147,4.309213142996335,False,6
orig+VIX E1 capped,Full-cost net,623,circular_block_bootstrap,60,ok,60,1.739024237923048,0.9199503816261148,1.5459348299211573,3.8687577436717007,-0.42735515524976464,0.213174458916797,0.3455469506197406,154.1627244995454,False,6
orig+VIX E1 capped,Full-cost net,624,circular_block_bootstrap,60,ok,60,1.5069347286453323,0.9027656505285343,1.459472416429282,3.395785235195566,-0.42901482763089593,0.33256603289676695,0.3390564917582538,99.01822419545121,False,6
orig+VIX E1 capped,Full-cost net,625,circular_block_bootstrap,60,ok,60,1.9137383233010592,0.9391110444014029,1.5901235284664907,4.224091154924323,-0.6469600935849995,0.2693513793406459,0.30095870611870645,210.01616828006394,False,6
orig+VIX E1 capped,Full-cost net,626,circular_block_bootstrap,60,ok,60,1.576221845321475,0.8111339917462725,1.5687505398681887,3.8437485261825564,-0.5346742952909789,0.1983119496429243,0.33256603289676695,113.47920713166619,False,6
orig+VIX E1 capped,Full-cost net,627,circular_block_bootstrap,60,ok,60,0.8430159399757524,1.0568772068226302,1.0351982579345258,2.4745170036842636,-0.5168225579377157,0.29432858578366566,0.303887947561941,21.264024154311485,False,6
orig+VIX E1 capped,Full-cost net,628,circular_block_bootstrap,60,ok,60,2.00616928798062,1.059988663389877,1.5314272472640897,4.172966238632937,-0.6464830362561207,0.2589639762895953,0.328474162341049,245.5088590170618,False,6
orig+VIX E1 capped,Full-cost net,629,circular_block_bootstrap,60,ok,60,1.628980630196708,1.0157384179211786,1.4209462171337492,3.686451637319469,-0.5191962761119566,0.27251211201845194,0.3412199780454161,125.5847575865525,False,6
orig+VIX E1 capped,Full-cost net,630,circular_block_bootstrap,60,ok,60,1.0523946974439151,0.825451655161428,1.2724698825490504,2.638394721997101,-0.6093252706188215,0.2706002396627969,0.32414718976672446,36.41702126344533,False,6
orig+VIX E1 capped,Full-cost net,631,circular_block_bootstrap,60,ok,60,0.9817876294344658,1.1463037891646652,1.0957680358715156,2.5824795953549384,-0.6447649126976309,0.27251211201845194,0.3412199780454161,30.569305053498937,False,6
orig+VIX E1 capped,Full-cost net,632,circular_block_bootstrap,60,ok,60,0.6042940847029781,1.0393258699348393,0.9171594807187572,1.986426605717393,-0.5913714473490113,0.2962404581393207,0.3412199780454161,10.627225865393859,False,6
orig+VIX E1 capped,Full-cost net,633,circular_block_bootstrap,60,ok,60,1.4745887269351035,1.0958319922059654,1.311521347233085,3.4399321892828114,-0.45720309861988984,0.2693513793406459,0.30744916498019326,92.79298612508157,False,6
orig+VIX E1 capped,Full-cost net,634,circular_block_bootstrap,60,ok,60,1.0260262825730675,0.9487780351992774,1.170237281948539,2.7011283603052365,-0.4870776533301582,0.2706002396627969,0.3241471897667244,34.13700177101679,False,6
orig+VIX E1 capped,Full-cost net,635,circular_block_bootstrap,60,ok,60,3.8869013090992546,0.9398491898185202,2.2083915435824863,6.234770627998608,-0.45720309861988984,0.20875224543846327,0.29066700367115056,2787.1981350135393,False,6
orig+VIX E1 capped,Full-cost net,636,circular_block_bootstrap,60,ok,60,0.9473290624120154,0.9236649404668529,1.1440068066827143,2.622214756622187,-0.6154529306039955,0.29432858578366566,0.30962356462890617,28.0024949174002,False,6
orig+VIX E1 capped,Full-cost net,637,circular_block_bootstrap,60,ok,60,0.364588871382894,0.9413007326963091,0.7339842208455265,1.6244625330211366,-0.6470964340303409,0.2706002396627969,0.31982021719239984,4.731612013670428,False,6
orig+VIX E1 capped,Full-cost net,638,circular_block_bootstrap,60,ok,60,0.48252746511346767,0.9474262314189726,0.8140795537039478,1.896530692616818,-0.7349031797940175,0.2706002396627969,0.31982021719239984,7.161660658789401,False,6
orig+VIX E1 capped,Full-cost net,639,circular_block_bootstrap,60,ok,60,0.3836041435749715,0.8964754563203062,0.7430685372088502,1.7028768234573006,-0.5441003702448017,0.2693513793406459,0.29139934434043113,5.070599039000096,False,6
orig+VIX E1 capped,Full-cost net,640,circular_block_bootstrap,60,ok,60,1.2393322264186617,0.9572630741229867,1.2977044368670714,2.901185441819404,-0.45720309861988984,0.33256603289676695,0.33905649175825375,56.310923593808845,False,6
orig+VIX E1 capped,Full-cost net,641,circular_block_bootstrap,60,ok,60,1.304581906423568,0.9847110878018216,1.288277881710297,3.413090200079917,-0.5718822552634074,0.2577151159674443,0.3030756385813507,65.0070920550965,False,6
orig+VIX E1 capped,Full-cost net,642,circular_block_bootstrap,60,ok,60,1.412923695004194,1.035096152297103,1.298479163613912,3.8698165546462877,-0.6421243103515675,0.2571026810530653,0.26322703019685556,81.79333969030355,False,6
orig+VIX E1 capped,Full-cost net,643,circular_block_bootstrap,60,ok,60,2.914122892854143,0.9536723712523311,1.9257154744545488,5.405668616734297,-0.6408756752791593,0.2075240598572464,0.29080483527737816,918.6969742755575,False,6
orig+VIX E1 capped,Full-cost net,644,circular_block_bootstrap,60,ok,60,0.6904381656677887,0.9070240150352453,0.9782399736952625,2.238809661143883,-0.6329329088115828,0.2577151159674443,0.31149448171139327,13.803729714057773,False,6
orig+VIX E1 capped,Full-cost net,645,circular_block_bootstrap,60,ok,60,1.0041881164481379,0.9905658787198203,1.1373842433669876,2.843785065933497,-0.599426848215658,0.2693513793406459,0.29464457377117453,32.33645548291558,False,6
orig+VIX E1 capped,Full-cost net,646,circular_block_bootstrap,60,ok,60,1.0530320768927526,0.9079686893396223,1.212639938621156,2.7315713742666157,-0.4870776533301582,0.2706002396627969,0.31140137406235735,36.47360366027571,False,6
orig+VIX E1 capped,Full-cost net,647,circular_block_bootstrap,60,ok,60,0.44085098590133076,1.06246522513342,0.7857476562196091,1.8642580081335487,-0.6113883217474877,0.29432858578366566,0.3148159317180957,6.210053477048427,False,6
orig+VIX E1 capped,Full-cost net,648,circular_block_bootstrap,60,ok,60,2.2599471856355726,1.0313543913021985,1.6404894132438699,4.368059384270762,-0.5201229589862817,0.2706002396627969,0.328474162341049,368.17374967918494,False,6
orig+VIX E1 capped,Full-cost net,649,circular_block_bootstrap,60,ok,60,1.699965356724919,0.9163784589389121,1.5219283928425882,3.9336725676264135,-0.48440215456409963,0.2577151159674443,0.2776771148216525,143.4798648078476,False,6
orig+VIX E1 capped,Full-cost net,650,circular_block_bootstrap,60,ok,60,3.5067272865934145,1.048976380663738,1.9543420147880333,6.154610181453514,-0.45720309861988984,0.2577151159674443,0.2904229305260196,1859.115591372071,False,6
orig+VIX E1 capped,Full-cost net,651,circular_block_bootstrap,60,ok,60,0.44550960619477387,0.9286664540329128,0.7852992760563141,1.8884121929227868,-0.6084665833939606,0.2577151159674443,0.29874866600702615,6.3110978060454395,False,6
orig+VIX E1 capped,Full-cost net,652,circular_block_bootstrap,60,ok,60,1.2990867194308073,1.0540388760954666,1.2710440100861273,2.985981632939465,-0.5585195115967663,0.2962404581393207,0.3412199780454161,64.2357447685134,False,6
orig+VIX E1 capped,Full-cost net,653,circular_block_bootstrap,60,ok,60,0.9802402210415093,1.0236826231717169,1.1101405521772816,2.8307363304113458,-0.6159743547799189,0.2577151159674443,0.31582145428571784,30.45014650664031,False,6
orig+VIX E1 capped,Full-cost net,654,circular_block_bootstrap,60,ok,60,1.8041255286184437,1.031031578251091,1.4789751184650353,4.004149265274079,-0.4598283802349984,0.23562845024647502,0.328474162341049,173.37531219568524,False,6
orig+VIX E1 capped,Full-cost net,655,circular_block_bootstrap,60,ok,60,1.8094542222894558,1.022410544350489,1.4879037906311157,3.865591207981771,-0.45720309861988995,0.2577151159674443,0.32014842686004236,175.02891479754726,False,6
orig+VIX E1 capped,Full-cost net,656,circular_block_bootstrap,60,ok,60,1.091994627317967,1.0048520084064951,1.1775920442100742,2.9264756961792444,-0.6360993494236094,0.2693513793406459,0.29463724076309433,40.06847597977997,False,6
orig+VIX E1 capped,Full-cost net,657,circular_block_bootstrap,60,ok,60,0.9121695861749948,0.865036600619991,1.1505789310004961,2.5635053383866495,-0.6434872680457251,0.27251211201845194,0.33689300547109147,25.56418969026078,False,6
orig+VIX E1 capped,Full-cost net,658,circular_block_bootstrap,60,ok,60,1.7935886420759117,0.9493655579828456,1.5212265954632371,4.458088924142962,-0.6480950147683724,0.23253896942872815,0.27623836881521563,170.14229303549618,False,6
orig+VIX E1 capped,Full-cost net,659,circular_block_bootstrap,60,ok,60,1.292456736471947,0.8950282364284343,1.3413211415486463,3.341220027687488,-0.5578826924731167,0.23754032260213007,0.33256603289676695,63.31487325044012,False,6
orig+VIX E1 capped,Full-cost net,660,circular_block_bootstrap,60,ok,60,1.3032675621117447,1.042629395371092,1.2650165128796746,3.261977429816122,-0.459873572332658,0.2962404581393207,0.3412199780454161,64.82192983730899,False,6
orig+VIX E1 capped,Full-cost net,661,circular_block_bootstrap,60,ok,60,2.028712791679958,1.1209329359618618,1.497758872056306,4.1606562554029125,-0.46872555347289946,0.27251211201845194,0.3412199780454161,254.8534158720281,False,6
orig+VIX E1 capped,Full-cost net,662,circular_block_bootstrap,60,ok,60,1.0162987207542376,0.936425396040907,1.173921261010652,2.7438645016424887,-0.5005095054558979,0.29432858578366566,0.30713317699268444,33.325323420134595,False,6
orig+VIX E1 capped,Full-cost net,663,circular_block_bootstrap,60,ok,60,2.4695366756218973,0.8791546451523607,1.8967830970569683,4.342797354759462,-0.42901482763089605,0.33256603289676695,0.3390564917582538,502.7561749082112,False,6
orig+VIX E1 capped,Full-cost net,664,circular_block_bootstrap,60,ok,60,0.26335193328741924,0.9053822086644698,0.6634360392137442,1.3171673543311408,-0.7187624740198673,0.33256603289676695,0.3390564917582538,3.2182645871554656,False,6
orig+VIX E1 capped,Full-cost net,665,circular_block_bootstrap,60,ok,60,0.6290578266699955,0.8915416196839848,0.9587952666908269,1.9229280497990697,-0.7237633721233812,0.33256603289676695,0.3351622164413617,11.473145563991002,False,6
orig+VIX E1 capped,Full-cost net,666,circular_block_bootstrap,60,ok,60,2.861629033482495,0.8908172870859038,1.9919975942909502,5.607931906059497,-0.40983791391497704,0.19199402228154966,0.2947734897285938,858.7223278268549,False,6
orig+VIX E1 capped,Full-cost net,667,circular_block_bootstrap,60,ok,60,1.8798743121317378,1.0261011710133374,1.5144211892269974,4.057429157620902,-0.5314425331086008,0.2731611579046006,0.3455469506197406,198.09233450409798,False,6
orig+VIX E1 capped,Full-cost net,668,circular_block_bootstrap,60,ok,60,1.2853864057392204,0.9317197501439028,1.3208030754124496,3.2004175307444034,-0.45720309861988984,0.27251211201845194,0.33689300547109147,62.344507512633896,False,6
orig+VIX E1 capped,Full-cost net,669,circular_block_bootstrap,60,ok,60,0.7181473195320389,0.984735183910301,0.9693537802844507,2.4046265523546473,-0.4870776533301582,0.29432858578366566,0.303887947561941,14.972764525620347,False,6
orig+VIX E1 capped,Full-cost net,670,circular_block_bootstrap,60,ok,60,0.6374961997632491,1.0290492878952455,0.9175736414340665,2.2544944854881166,-0.5148740842364044,0.2706002396627969,0.29432858578366566,11.773389277743126,False,6
orig+VIX E1 capped,Full-cost net,671,circular_block_bootstrap,60,ok,60,0.6528364613352031,1.1537051682340376,0.923834157124558,2.1405526361544815,-0.5884916744821698,0.33256603289676695,0.3390564917582538,12.33529169454879,False,6
orig+VIX E1 capped,Full-cost net,672,circular_block_bootstrap,60,ok,60,1.2811754106240807,0.9739191185943117,1.2991088738283865,3.18096263148578,-0.4598283802349983,0.29432858578366566,0.31669253877095976,61.77224820942347,False,6
orig+VIX E1 capped,Full-cost net,673,circular_block_bootstrap,60,ok,60,2.2170484057870476,0.9788332370603097,1.6608597330081263,4.78590563685452,-0.5025199138344512,0.233767155009945,0.29466576657783267,344.5783429097699,False,6
orig+VIX E1 capped,Full-cost net,674,circular_block_bootstrap,60,ok,60,1.495941879556522,1.0472327431309336,1.335931056476958,3.640422814824476,-0.4609456843612373,0.29432858578366566,0.3071331769926844,96.86621735572975,False,6
orig+VIX E1 capped,Full-cost net,675,circular_block_bootstrap,60,ok,60,0.5043768775765203,1.0446258261168215,0.8291053316393107,1.9789220722671916,-0.6189051012485656,0.29432858578366566,0.3134473093402163,7.705188153676392,False,6
orig+VIX E1 capped,Full-cost net,676,circular_block_bootstrap,60,ok,60,1.6319570775421672,0.9811149302140563,1.4428586747740153,3.658293614048581,-0.5072915865111568,0.2706002396627969,0.328474162341049,126.29728428497972,False,6
orig+VIX E1 capped,Full-cost net,677,circular_block_bootstrap,60,ok,60,4.57965906922837,0.8464463237128103,2.5396315434452057,8.382647115754704,-0.3455469506197406,0.1666316321431856,0.2476667938500525,5408.020341620893,False,6
orig+VIX E1 capped,Full-cost net,678,circular_block_bootstrap,60,ok,60,1.8563525436805945,0.8078801657853402,1.713336422108552,4.414332777333151,-0.3855024426444381,0.1577912097590398,0.2947734897285938,190.13367598905288,False,6
orig+VIX E1 capped,Full-cost net,679,circular_block_bootstrap,60,ok,60,1.0368858059083066,1.0212789061827927,1.1305944417732754,3.1225075357090084,-0.562083902431108,0.23562845024647502,0.31982021719239984,35.061735484487336,False,6
orig+VIX E1 capped,Full-cost net,680,circular_block_bootstrap,60,ok,60,0.4334033662484138,1.0400681194094372,0.7945965521760007,1.78983392667177,-0.8048195923207953,0.2962404581393207,0.3412199780454161,6.051208263363983,False,6
orig+VIX E1 capped,Full-cost net,681,circular_block_bootstrap,60,ok,60,0.9268316112327837,0.9425368924133352,1.1202310967595708,2.6501895997430256,-0.5043649694605061,0.27251211201845194,0.3412199780454161,26.559433852620195,False,6
orig+VIX E1 capped,Full-cost net,682,circular_block_bootstrap,60,ok,60,2.3490518453883698,1.0337749655679143,1.6430133093149755,5.470753990285169,-0.45720309861988984,0.19453878205073924,0.26526847991145236,421.31735950115825,False,6
orig+VIX E1 capped,Full-cost net,683,circular_block_bootstrap,60,ok,60,2.3412646238512766,0.9904757997480266,1.7006925205302963,4.770600116327877,-0.4598283802349984,0.23562845024647502,0.32414718976672446,416.44184587580645,False,6
orig+VIX E1 capped,Full-cost net,684,circular_block_bootstrap,60,ok,60,2.0257747810611515,0.7810165900207666,1.823379223830781,4.92760682309788,-0.5931475796399277,0.19331059646952237,0.2864778627030536,253.6197056708965,False,6
orig+VIX E1 capped,Full-cost net,685,circular_block_bootstrap,60,ok,60,1.4302702814854054,1.0052054616697774,1.329976060967922,3.620930794174958,-0.5469470441722779,0.2577151159674443,0.2904229305260196,84.7759920910007,False,6
orig+VIX E1 capped,Full-cost net,686,circular_block_bootstrap,60,ok,60,1.2504703874648668,1.0230624477458226,1.2427032020669604,3.3213339750549817,-0.45720309861988984,0.2693513793406459,0.30744916498019326,57.72534185235513,False,6
orig+VIX E1 capped,Full-cost net,687,circular_block_bootstrap,60,ok,60,1.48141641262806,1.1070325080099663,1.3045441531844706,3.531503143724875,-0.5473064782671084,0.2706002396627969,0.3241471897667244,94.08020435892803,False,6
orig+VIX E1 capped,Full-cost net,688,circular_block_bootstrap,60,ok,60,2.3373547777663735,1.0712292166048618,1.624646296326251,4.774210013302983,-0.6263170127921268,0.2577151159674443,0.31582145428571784,414.0110037174331,False,6
orig+VIX E1 capped,Full-cost net,689,circular_block_bootstrap,60,ok,60,0.8987021442350518,1.1513663553443296,1.0380594179472198,2.6373811528162014,-0.5361484578656123,0.2706002396627969,0.328474162341049,24.67653652556049,False,6
orig+VIX E1 capped,Full-cost net,690,circular_block_bootstrap,60,ok,60,2.298659669798335,0.9526559964768874,1.7298609612950333,4.300501584895058,-0.45720309861988984,0.2577151159674443,0.31582145428571784,390.5598124741223,False,6
orig+VIX E1 capped,Full-cost net,691,circular_block_bootstrap,60,ok,60,0.7745035775692752,0.9259441606106009,1.0293898280125944,2.3635976329505834,-0.4915929417794046,0.2706002396627969,0.31982021719239984,17.594802501418727,False,6
orig+VIX E1 capped,Full-cost net,692,circular_block_bootstrap,60,ok,60,0.5820725946778667,0.8318078577252379,0.9435842065213076,1.9057862568025852,-0.5290529243333171,0.33256603289676695,0.33581126232751035,9.911332317457328,False,6
orig+VIX E1 capped,Full-cost net,693,circular_block_bootstrap,60,ok,60,2.987487495063597,0.9638601865188807,1.9152368251092906,6.02854827024576,-0.45720309861988984,0.20875224543846327,0.26118558048225876,1008.0838809115876,False,6
orig+VIX E1 capped,Full-cost net,694,circular_block_bootstrap,60,ok,60,1.6249534538784394,1.2036650940456213,1.3222962164132739,3.6082248899778797,-0.4788621150490684,0.2706002396627969,0.31982021719239984,124.62582151459532,False,6
orig+VIX E1 capped,Full-cost net,695,circular_block_bootstrap,60,ok,60,1.4651453005654491,0.9703603186225859,1.3977065275724014,3.2012758964888413,-0.5994268482156578,0.2968895040254694,0.3455469506197406,91.03588378522865,False,6
orig+VIX E1 capped,Full-cost net,696,circular_block_bootstrap,60,ok,60,1.3566979466867854,1.1055527455639014,1.2492585157046625,3.4706556173817606,-0.5881947495803377,0.2693513793406459,0.29139934434043113,72.6975236029619,False,6
orig+VIX E1 capped,Full-cost net,697,circular_block_bootstrap,60,ok,60,0.691113341603536,0.9153367101066057,1.0116979731897078,1.9410832168985588,-0.5034842660252796,0.3332150787829156,0.3455469506197406,13.83131840149904,False,6
orig+VIX E1 capped,Full-cost net,698,circular_block_bootstrap,60,ok,60,1.2975134688932903,1.0132784078846766,1.2722474039090625,3.2916613741731693,-0.5766802293306144,0.29432858578366566,0.3166925387709597,64.01626477721932,False,6
orig+VIX E1 capped,Full-cost net,699,circular_block_bootstrap,60,ok,60,1.2941376285574493,0.9035786732648713,1.3478697969220963,3.1325434971879975,-0.8244199763721933,0.2706002396627969,0.31140137406235735,63.54733489357751,False,6
orig+VIX E1 capped,Full-cost net,700,circular_block_bootstrap,60,ok,60,1.3181523458468747,1.036916758016393,1.2774199004810964,3.3345019330516363,-0.6263170127921269,0.2962404581393207,0.3412199780454161,66.9437241673428,False,6
orig+VIX E1 capped,Full-cost net,701,circular_block_bootstrap,60,ok,60,2.2448033425224505,0.8920895189227308,1.7676346462580208,4.88458401170987,-0.5723976509092908,0.2075240598572464,0.29080483527737816,359.70121390044875,False,6
orig+VIX E1 capped,Full-cost net,702,circular_block_bootstrap,60,ok,60,0.8848737276090746,1.0683599083709154,1.0482781602073825,2.6506763682742993,-0.7906042687878886,0.29432858578366566,0.30197607520628594,23.790923758346356,False,6
orig+VIX E1 capped,Full-cost net,703,circular_block_bootstrap,60,ok,60,0.7711461284690202,1.0929675013882731,0.9894684113926057,2.4149485636142884,-0.6527400254865232,0.29432858578366566,0.31993776820170317,17.428979967910852,False,6
orig+VIX E1 capped,Full-cost net,704,circular_block_bootstrap,60,ok,60,0.35094973856888023,0.9302366012377521,0.7359492281060386,1.5235380045300904,-0.7958143628390506,0.2962404581393207,0.3368930054710915,4.499828458745168,False,6
orig+VIX E1 capped,Full-cost net,705,circular_block_bootstrap,60,ok,60,2.0185360375505734,0.9115670772242509,1.6538676476766818,4.7636377972339226,-0.4598283802349983,0.19331059646952237,0.2864778627030536,250.60043802958867,False,6
orig+VIX E1 capped,Full-cost net,706,circular_block_bootstrap,60,ok,60,1.8281449644166523,0.9700497795030588,1.5319724910808188,4.110985509219301,-0.3765438787284804,0.21061354067499327,0.328474162341049,180.92906269120098,False,6
orig+VIX E1 capped,Full-cost net,707,circular_block_bootstrap,60,ok,60,0.8898991826039531,1.0348360957021556,1.069026833226616,2.5023449108236826,-0.6015054701160445,0.2962404581393207,0.33689300547109147,24.109776582414728,False,6
orig+VIX E1 capped,Full-cost net,708,circular_block_bootstrap,60,ok,60,1.179558216806897,0.9409576909477029,1.2478762524017433,3.1854894316090525,-0.5410223720455756,0.2706002396627969,0.29432858578366566,49.18609773053578,False,6
orig+VIX E1 capped,Full-cost net,709,circular_block_bootstrap,60,ok,60,1.1270269292009636,1.0154309259250953,1.1803619475090543,3.190115822760257,-0.4598283802349983,0.2577151159674443,0.3030756385813507,43.53764577441394,False,6
orig+VIX E1 capped,Full-cost net,710,circular_block_bootstrap,60,ok,60,1.864211913218151,1.1126279971772526,1.4454715020908764,4.1245887372259045,-0.6576869290882659,0.2706002396627969,0.328474162341049,192.7639131179711,False,6
orig+VIX E1 capped,Full-cost net,711,circular_block_bootstrap,60,ok,60,2.7161642469587615,0.9345317056908463,1.8755914683073764,5.905315748799831,-0.4469886789543829,0.15574764257453025,0.2768227359242055,708.7196976924632,False,6
orig+VIX E1 capped,Full-cost net,712,circular_block_bootstrap,60,ok,60,1.3982502328492799,1.010091638175283,1.3191649992269832,3.483611617224021,-0.45584758549071536,0.2608758486452503,0.3412199780454161,79.33639756578268,False,6
orig+VIX E1 capped,Full-cost net,713,circular_block_bootstrap,60,ok,60,1.3796092552395427,0.908442191830826,1.3871441493289385,3.3091608379453477,-0.534674295290979,0.33256603289676695,0.33581126232751035,76.30065163368509,False,6
orig+VIX E1 capped,Full-cost net,714,circular_block_bootstrap,60,ok,60,0.6148151350557769,0.9734681085788455,0.8838812167748611,2.4221661976044304,-0.5727677844271173,0.233767155009945,0.27359421539245893,10.980296214130243,False,6
orig+VIX E1 capped,Full-cost net,715,circular_block_bootstrap,60,ok,60,2.5648251961088877,0.9546884733256272,1.794135648060199,5.978017213004322,-0.4870776533301583,0.16737970916359213,0.24435834696055583,575.6933247344255,False,6
orig+VIX E1 capped,Full-cost net,716,circular_block_bootstrap,60,ok,60,1.5695301594345072,1.037448932371245,1.3894437960561763,3.6312082639231185,-0.4598283802349984,0.2706002396627969,0.328474162341049,112.01304349228327,False,6
orig+VIX E1 capped,Full-cost net,717,circular_block_bootstrap,60,ok,60,2.028975370295363,0.940478140909737,1.6309612613679927,4.522788996413737,-0.4598283802349984,0.2075240598572464,0.29080483527737816,254.9639094479601,False,6
orig+VIX E1 capped,Full-cost net,718,circular_block_bootstrap,60,ok,60,1.5850035356577163,1.0364485105690233,1.392996988730237,3.669032227952452,-0.45720309861988984,0.27251211201845194,0.3368930054710915,115.42654788278168,False,6
orig+VIX E1 capped,Full-cost net,719,circular_block_bootstrap,60,ok,60,0.21528012295713927,1.0692362096953631,0.613826596767744,1.4023361411529915,-0.7010849403543464,0.29432858578366566,0.30197607520628594,2.650830588378677,False,6
orig+VIX E1 capped,Full-cost net,720,circular_block_bootstrap,60,ok,60,1.1721269230736957,0.9988956996287576,1.24543382726844,2.7334718621484044,-0.4658008629217244,0.3332150787829156,0.3455469506197406,48.35328598300476,False,6
orig+VIX E1 capped,Full-cost net,721,circular_block_bootstrap,60,ok,60,0.6094174313498324,0.9688736211643905,0.9027161009061662,2.1823492823567596,-0.5283600783447927,0.29432858578366566,0.29432858578366566,10.79800449595161,False,6
orig+VIX E1 capped,Full-cost net,722,circular_block_bootstrap,60,ok,60,2.224838981610742,0.9281859813899815,1.7035905938588158,5.541150018870609,-0.41808393478322825,0.19124594526114314,0.19950455009466012,348.7708457443231,False,6
orig+VIX E1 capped,Full-cost net,723,circular_block_bootstrap,60,ok,60,1.4386527897357193,0.941340168248079,1.382734283844157,3.614041505537695,-0.5718822552634074,0.233767155009945,0.2989927391521572,86.24816301779164,False,6
orig+VIX E1 capped,Full-cost net,724,circular_block_bootstrap,60,ok,60,1.124822167032177,0.9911789118656779,1.2126208647167818,2.8144993293957006,-0.6900710177040623,0.2706002396627969,0.3070744014880327,43.31246911429463,False,6
orig+VIX E1 capped,Full-cost net,725,circular_block_bootstrap,60,ok,60,2.0328369625330907,0.8938981003417702,1.6722795172173384,4.674254109130746,-0.4598283802349984,0.233767155009945,0.27359421539245893,256.5933057817569,False,6
orig+VIX E1 capped,Full-cost net,726,circular_block_bootstrap,60,ok,60,0.6907752153767861,0.9048741410150957,0.9982552572475029,2.0972617274956553,-0.5374977859463352,0.2962404581393207,0.33689300547109147,13.81749655525796,False,6
orig+VIX E1 capped,Full-cost net,727,circular_block_bootstrap,60,ok,60,2.9270821614154996,0.9852442062658403,1.8799182956135396,5.982127221507323,-0.5801804158504085,0.19124594526114314,0.2523466273006797,934.0065843260996,False,6
orig+VIX E1 capped,Full-cost net,728,circular_block_bootstrap,60,ok,60,0.45794032985301025,1.0640434008776676,0.8102065590449938,1.8181229256575324,-0.6529895927497404,0.3332150787829156,0.3455469506197406,6.587168128421436,False,6
orig+VIX E1 capped,Full-cost net,729,circular_block_bootstrap,60,ok,60,0.6634991607470981,0.8517165225389738,0.986314008484122,2.147520015893752,-0.7381318704576534,0.29432858578366566,0.3134473093402163,12.738342757194598,False,6
orig+VIX E1 capped,Full-cost net,730,circular_block_bootstrap,60,ok,60,0.3943497117158734,0.9051339024169991,0.7656164527716093,1.5623044569591937,-0.6019170572570516,0.33256603289676695,0.33256603289676695,5.2705817769198315,False,6
orig+VIX E1 capped,Full-cost net,731,circular_block_bootstrap,60,ok,60,0.6043347460605617,0.9095480609564729,0.9245834902491691,1.9383076633498986,-0.6527400254865231,0.2706002396627969,0.31982021719239984,10.628572686216879,False,6
orig+VIX E1 capped,Full-cost net,732,circular_block_bootstrap,60,ok,60,2.8779406535500542,0.9720312866557016,1.8872774414141502,5.52304292814449,-0.4870776533301583,0.2075240598572464,0.29080483527737816,877.0125186671239,False,6
orig+VIX E1 capped,Full-cost net,733,circular_block_bootstrap,60,ok,60,0.9423149385069702,1.083294329430995,1.080880492957565,2.7206808017834407,-0.698114763242512,0.2706002396627969,0.3070744014880327,27.643832439650453,False,6
orig+VIX E1 capped,Full-cost net,734,circular_block_bootstrap,60,ok,60,2.5492496891467664,1.0075075437803171,1.737469747105223,5.463523679851415,-0.42901482763089593,0.19331059646952237,0.2740692277928534,563.2260908724331,False,6
orig+VIX E1 capped,Full-cost net,735,circular_block_bootstrap,60,ok,60,2.0669782638068095,0.9943116058989101,1.586353609345019,5.034567832134126,-0.31761368842977244,0.1666316321431856,0.2305940055713608,271.36478611017634,False,6
orig+VIX E1 capped,Full-cost net,736,circular_block_bootstrap,60,ok,60,1.8520964982873038,1.0380494157580022,1.4938010667476553,3.9337572527180495,-0.480500068421033,0.27251211201845194,0.3412199780454161,188.72136847394768,False,6
orig+VIX E1 capped,Full-cost net,737,circular_block_bootstrap,60,ok,60,1.7517760103865991,0.9862399192192303,1.4749843025194094,4.3695773363452455,-0.5491382718535356,0.23253896942872815,0.2634337776061969,157.78488624661534,False,6
orig+VIX E1 capped,Full-cost net,738,circular_block_bootstrap,60,ok,60,1.0054949514215856,1.0109875548517042,1.1181938656603587,3.086944899220144,-0.4903144534022976,0.2075240598572464,0.2864778627030536,32.44201831882945,False,6
orig+VIX E1 capped,Full-cost net,739,circular_block_bootstrap,60,ok,60,2.0646732453952894,1.120434222483299,1.5152287203349057,4.095816635827348,-0.5921175481402748,0.2706002396627969,0.328474162341049,270.3465830484718,False,6
orig+VIX E1 capped,Full-cost net,740,circular_block_bootstrap,60,ok,60,1.9541853763904866,0.9891551499094399,1.5586426933875275,4.324842242827395,-0.45720309861988984,0.2577151159674443,0.29474990310034416,225.00321309389653,False,6
orig+VIX E1 capped,Full-cost net,741,circular_block_bootstrap,60,ok,60,0.9274741891019322,0.9379405705033248,1.1366001614926733,2.4220692225052103,-0.5218572582764676,0.33256603289676695,0.33581126232751035,26.603749845527297,False,6
orig+VIX E1 capped,Full-cost net,742,circular_block_bootstrap,60,ok,60,0.643415187293269,0.9549105516510714,0.9318406607766426,2.2092102456092473,-0.5970944321193228,0.29432858578366566,0.3134473093402163,11.987716964687538,False,6
orig+VIX E1 capped,Full-cost net,743,circular_block_bootstrap,60,ok,60,1.9407399243537937,0.9265244562533336,1.6442662060172388,3.558382649359924,-0.45720309861988984,0.2731611579046006,0.3455469506197406,219.92929826531298,False,6
orig+VIX E1 capped,Full-cost net,744,circular_block_bootstrap,60,ok,60,0.8394880175659054,1.0377218300787896,1.045250662403764,2.4920034347838125,-0.5320618110687385,0.2962404581393207,0.3412199780454161,21.061282618093156,False,6
orig+VIX E1 capped,Full-cost net,745,circular_block_bootstrap,60,ok,60,1.3786079782148626,1.0472211477842899,1.2806131323144205,3.6185146274395206,-0.5283600783447926,0.2577151159674443,0.2776771148216525,76.14026012463358,False,6
orig+VIX E1 capped,Full-cost net,746,circular_block_bootstrap,60,ok,60,1.8837156471437755,1.0567098289593477,1.4779500042283897,4.377528105239124,-0.45720309861988984,0.2577151159674443,0.2776771148216525,199.41699595058802,False,6
orig+VIX E1 capped,Full-cost net,747,circular_block_bootstrap,60,ok,60,0.6926359101533273,1.0232698300339498,0.9576423564597832,2.269125058420004,-0.6982417961118221,0.29432858578366566,0.30962356462890617,13.893694720645255,False,6
orig+VIX E1 capped,Full-cost net,748,circular_block_bootstrap,60,ok,60,0.8463691480346127,0.9826752604885,1.0792842468382502,2.290158812882758,-0.6068599601880285,0.33256603289676695,0.3368930054710915,21.458169593520463,False,6
orig+VIX E1 capped,Full-cost net,749,circular_block_bootstrap,60,ok,60,0.40042989370448945,1.0306626594601096,0.7562758236927335,1.7262677570463028,-0.694323206735824,0.2962404581393207,0.33256603289676695,5.386502470981161,False,6
orig+VIX E1 capped,Full-cost net,750,circular_block_bootstrap,60,ok,60,0.6094499104042601,0.77722811951343,0.9838668170705963,1.9472565049336117,-0.5980960630642547,0.2962404581393207,0.33256603289676695,10.799094092485868,False,6
orig+VIX E1 capped,Full-cost net,751,circular_block_bootstrap,60,ok,60,1.8311967534789555,0.9855863337889675,1.5385623407147488,3.7398946449685475,-0.59284608078053,0.2968895040254694,0.3455469506197406,181.90735459240904,False,6
orig+VIX E1 capped,Full-cost net,752,circular_block_bootstrap,60,ok,60,2.234015880773239,1.059684756288501,1.6222004727877446,4.1931918096965894,-0.3455469506197406,0.2968895040254694,0.3455469506197406,353.7616419594396,False,6
orig+VIX E1 capped,Full-cost net,753,circular_block_bootstrap,60,ok,60,2.8055875214811388,1.0705504204710181,1.7618792290445857,5.337966699765663,-0.4646262852524027,0.23562845024647502,0.31140137406235735,798.1942075597366,False,6
orig+VIX E1 capped,Full-cost net,754,circular_block_bootstrap,60,ok,60,1.2252789128978976,1.056060647491842,1.2274135096516918,3.0810985006726375,-0.5432167819260398,0.29432858578366566,0.31993776820170317,54.56601807247383,False,6
orig+VIX E1 capped,Full-cost net,755,circular_block_bootstrap,60,ok,60,1.642477995196212,1.1365832814510741,1.3459314177214108,3.9385707607096085,-0.4788511038703924,0.2693513793406459,0.2818399825621558,128.8418337719647,False,6
orig+VIX E1 capped,Full-cost net,756,circular_block_bootstrap,60,ok,60,0.9586446551650742,0.943199009843326,1.139740162055679,2.683133345714982,-0.5484432056245283,0.29432858578366566,0.31669253877095976,28.825593562799742,False,6
orig+VIX E1 capped,Full-cost net,757,circular_block_bootstrap,60,ok,60,1.94046879658339,1.0665115333823474,1.5179044073828336,3.844342919899024,-0.42901482763089593,0.2962404581393207,0.3412199780454161,219.82793271174737,False,6
orig+VIX E1 capped,Full-cost net,758,circular_block_bootstrap,60,ok,60,0.40136551920284536,0.9716557333052294,0.7609915869407733,1.759156422422457,-0.6955286416355777,0.2706002396627969,0.3241471897667244,5.404520108573726,False,6
orig+VIX E1 capped,Full-cost net,759,circular_block_bootstrap,60,ok,60,1.1217053830193184,1.0363871370961444,1.2112293664588167,2.678341600562262,-0.5190294294342019,0.3332150787829156,0.3455469506197406,42.99573635731638,False,6
orig+VIX E1 capped,Full-cost net,760,circular_block_bootstrap,60,ok,60,1.886638648119506,0.9333382274479334,1.594906793119314,3.7914038443949707,-0.6287958522485182,0.2962404581393207,0.3368930054710915,200.42971533334455,False,6
orig+VIX E1 capped,Full-cost net,761,circular_block_bootstrap,60,ok,60,0.7409998488731779,0.8792562332449887,1.0353671944257068,2.1988289378058887,-0.49130672603241043,0.2962404581393207,0.33256603289676695,15.995347039373762,False,6
orig+VIX E1 capped,Full-cost net,762,circular_block_bootstrap,60,ok,60,1.4110240144964665,0.9552270000187673,1.368744367439244,3.32159464410916,-0.5946961721878239,0.29432858578366566,0.3166925387709597,81.47186921752548,False,6
orig+VIX E1 capped,Full-cost net,763,circular_block_bootstrap,60,ok,60,1.4324678029884415,1.1773209885704947,1.259627945314665,3.426161837075001,-0.5491382718535356,0.2693513793406459,0.2895859348850688,85.15997053628176,False,6
orig+VIX E1 capped,Full-cost net,764,circular_block_bootstrap,60,ok,60,0.3940147142113297,0.9195930432087882,0.7669570775802185,1.6003763978573897,-0.7185627285477132,0.33256603289676695,0.3390564917582538,5.264253437863069,False,6
orig+VIX E1 capped,Full-cost net,765,circular_block_bootstrap,60,ok,60,0.6810615619156668,1.0041795475929176,0.9596816389776585,2.1357962282990592,-0.8518322205615255,0.29432858578366566,0.3122197481735009,13.425117326649543,False,6
orig+VIX E1 capped,Full-cost net,766,circular_block_bootstrap,60,ok,60,3.1045378445766687,0.7858683780798186,2.263905747288607,5.826014924075162,-0.5302316694465011,0.21061354067499327,0.3241471897667244,1164.9876500662847,False,6
orig+VIX E1 capped,Full-cost net,767,circular_block_bootstrap,60,ok,60,1.5743632149258784,0.9961456821827023,1.417506038379273,3.569936555365078,-0.5769429909957409,0.2962404581393207,0.3412199780454161,113.07044615777725,False,6
orig+VIX E1 capped,Full-cost net,768,circular_block_bootstrap,60,ok,60,2.7756945363340852,1.136216103901476,1.703961534326192,5.225196532107239,-0.60737237015332,0.23562845024647502,0.328474162341049,767.3336739921167,False,6
orig+VIX E1 capped,Full-cost net,769,circular_block_bootstrap,60,ok,60,0.9051024404659469,1.060530919843438,1.07652405397421,2.5500511481682064,-0.647096434030341,0.27251211201845194,0.3412199780454161,25.09525810770536,False,6
orig+VIX E1 capped,Full-cost net,770,circular_block_bootstrap,60,ok,60,1.2331826792457363,0.7899420123358033,1.3970682388509768,3.3096955118524107,-0.5041650952648915,0.233767155009945,0.29466576657783267,55.54196671277502,False,6
orig+VIX E1 capped,Full-cost net,771,circular_block_bootstrap,60,ok,60,3.1779757055461673,1.002618769765858,1.9316800284491715,5.64958618384689,-0.45720309861988984,0.2571026810530653,0.28227592301662924,1273.0033642472517,False,6
orig+VIX E1 capped,Full-cost net,772,circular_block_bootstrap,60,ok,60,0.3826582266594101,0.9067078310332868,0.759681172913341,1.5735077814567768,-0.6627447428159017,0.33256603289676695,0.33256603289676695,5.053289855132888,False,6
orig+VIX E1 capped,Full-cost net,773,circular_block_bootstrap,60,ok,60,1.3663739382439313,1.0198722975026295,1.3026225589888505,3.171534154002833,-0.5243060904682648,0.2706002396627969,0.32414718976672446,74.20221476524478,False,6
orig+VIX E1 capped,Full-cost net,774,circular_block_bootstrap,60,ok,60,1.0869912278266787,0.9819914673463148,1.1854596728352258,3.0559513777158176,-0.4598283802349983,0.23437958992432403,0.29874866600702615,39.59160592513327,False,6
orig+VIX E1 capped,Full-cost net,775,circular_block_bootstrap,60,ok,60,0.9823727319816433,0.9081725303497377,1.1713172084665007,2.6778351667447033,-0.5509938450289497,0.2706002396627969,0.32414718976672446,30.6144580823295,False,6
orig+VIX E1 capped,Full-cost net,776,circular_block_bootstrap,60,ok,60,0.3501579648403088,0.9917022886148855,0.7140090591283472,1.6527645475639106,-0.7146658518571125,0.29432858578366566,0.3134473093402163,4.4866574575283575,False,6
orig+VIX E1 capped,Full-cost net,777,circular_block_bootstrap,60,ok,60,2.07460290309379,0.9910741561730859,1.602287198908519,4.300005056646509,-0.45720309861988984,0.27251211201845194,0.3368930054710915,274.75472169836263,False,6
orig+VIX E1 capped,Full-cost net,778,circular_block_bootstrap,60,ok,60,1.4458457697398348,0.9767658361565144,1.3602551586294636,3.659701241451278,-0.48930571915461685,0.2577151159674443,0.2860028503026591,87.52766423013728,False,6
orig+VIX E1 capped,Full-cost net,779,circular_block_bootstrap,60,ok,60,0.8684011609166769,1.0484988902985333,1.0555931502024742,2.444792188888465,-0.7786116680863531,0.33256603289676695,0.33905649175825375,22.76935049196028,False,6
orig+VIX E1 capped,Full-cost net,780,circular_block_bootstrap,60,ok,60,0.6073200780520818,0.888718841480466,0.9406692744493257,1.9892751489506568,-0.5484432056245283,0.2962404581393207,0.3412199780454161,10.727829163744024,False,6
orig+VIX E1 capped,Full-cost net,781,circular_block_bootstrap,60,ok,60,1.2802179717982578,0.7966345088618306,1.4337547773299644,3.1483211181742323,-0.6995307224530898,0.2706002396627969,0.31982021719239984,61.64272392325372,False,6
orig+VIX E1 capped,Full-cost net,782,circular_block_bootstrap,60,ok,60,1.1074783523610692,0.873811174227992,1.2558086288138293,3.082354958127397,-0.5382134266507219,0.23437958992432403,0.2987486660070262,41.573406483765,False,6
orig+VIX E1 capped,Full-cost net,783,circular_block_bootstrap,60,ok,60,1.4964239504572898,1.0483042787862251,1.348580393917525,3.4602072050670647,-0.6169637429708534,0.2706002396627969,0.31140137406235735,96.95979811291062,False,6
orig+VIX E1 capped,Full-cost net,784,circular_block_bootstrap,60,ok,60,1.2337310846976677,1.0394437124090592,1.238253038688406,3.088093837293143,-0.521232846084577,0.2706002396627969,0.31140137406235735,55.610197765426726,False,6
orig+VIX E1 capped,Full-cost net,785,circular_block_bootstrap,60,ok,60,1.2527545265040358,1.0808194571263636,1.2285927290731622,3.059086299938822,-0.5202707794863073,0.2706002396627969,0.32414718976672446,58.01888188300602,False,6
orig+VIX E1 capped,Full-cost net,786,circular_block_bootstrap,60,ok,60,2.2138735229865905,1.010289911595532,1.6462203540030182,4.344854521108885,-0.5080156775083066,0.2706002396627969,0.31140137406235735,342.8813857417633,False,6
orig+VIX E1 capped,Full-cost net,787,circular_block_bootstrap,60,ok,60,0.8865850236006634,1.0102616220896337,1.0691251494068201,2.5051981295777805,-0.6189051012485656,0.33256603289676695,0.33256603289676695,23.899120151230132,False,6
orig+VIX E1 capped,Full-cost net,788,circular_block_bootstrap,60,ok,60,1.5500531063084404,1.0321505921686933,1.372918227968853,3.624636801507452,-0.6019170572570516,0.2706002396627969,0.3241471897667244,107.83161874424361,False,6
orig+VIX E1 capped,Full-cost net,789,circular_block_bootstrap,60,ok,60,2.4696400929435764,0.8909117346211443,1.8545576633357583,4.913109545665037,-0.5931475796399277,0.2589639762895953,0.32414718976672446,502.8311082517636,False,6
orig+VIX E1 capped,Full-cost net,790,circular_block_bootstrap,60,ok,60,0.7668707078536152,1.0246895091209969,0.9900975227073637,2.400124266686296,-0.6554120266823903,0.2693513793406459,0.2895859348850688,17.21963153317998,False,6
orig+VIX E1 capped,Full-cost net,791,circular_block_bootstrap,60,ok,60,0.8894102809199502,1.1284159401654905,1.0332600712429907,2.8670943309829644,-0.49739643606616235,0.29432858578366566,0.31669253877095976,24.078607688609136,False,6
orig+VIX E1 capped,Full-cost net,792,circular_block_bootstrap,60,ok,60,1.5860697806024882,0.9717886637300867,1.4355388593264302,3.5286549622876375,-0.4701959131033935,0.33256603289676695,0.3390564917582538,115.66479619074566,False,6
orig+VIX E1 capped,Full-cost net,793,circular_block_bootstrap,60,ok,60,0.6827756294493856,0.9844865490050666,0.9641377442091787,2.1318108959836115,-0.49246978632332883,0.33256603289676695,0.3358112623275104,13.4937005745045,False,6
orig+VIX E1 capped,Full-cost net,794,circular_block_bootstrap,60,ok,60,0.596805257688998,0.9867457256965149,0.9096106250026574,2.040865594869096,-0.46379483080057804,0.3332150787829156,0.3455469506197406,10.381491903313979,False,6
orig+VIX E1 capped,Full-cost net,795,circular_block_bootstrap,60,ok,60,0.9759489206521252,0.9247232957982432,1.152751883303449,2.829656065008436,-0.670174216395844,0.2706002396627969,0.31982021719239984,30.121636845517187,False,6
orig+VIX E1 capped,Full-cost net,796,circular_block_bootstrap,60,ok,60,0.8332546000366106,0.8667874565325501,1.0841968760937937,2.615539414012855,-0.6262098862732616,0.23253896942872815,0.27623836881521563,20.706844257231623,False,6
orig+VIX E1 capped,Full-cost net,797,circular_block_bootstrap,60,ok,60,1.8466484362455557,1.1165422685738442,1.4364315788121973,3.9766855138836803,-0.6044389237188172,0.2693513793406459,0.30744916498019326,186.9257678945902,False,6
orig+VIX E1 capped,Full-cost net,798,circular_block_bootstrap,60,ok,60,2.0835758956955415,1.0597043694879522,1.5544280453451447,4.416659873019517,-0.45720309861988984,0.2693513793406459,0.30420393554944986,278.78744432810004,False,6
orig+VIX E1 capped,Full-cost net,799,circular_block_bootstrap,60,ok,60,2.326154078266183,0.9573532368718148,1.7169210090810907,4.941847235816006,-0.4598283802349984,0.2577151159674443,0.29874866600702615,407.11004326396136,False,6
orig+VIX E1 capped,Full-cost net,800,circular_block_bootstrap,60,ok,60,1.1450977277071872,0.9814870024064681,1.2169335530508354,2.9885194321120667,-0.5952812190604729,0.29432858578366566,0.3134473093402163,45.41877474600675,False,6
orig+VIX E1 capped,Full-cost net,801,circular_block_bootstrap,60,ok,60,0.7929050798745731,1.0008374038155048,1.012961391215198,2.5200187642388983,-0.697191924710109,0.29432858578366566,0.31993776820170317,18.52620598963748,False,6
orig+VIX E1 capped,Full-cost net,802,circular_block_bootstrap,60,ok,60,0.845732609499487,1.1542322189153478,0.9867134869370686,2.883112707403296,-0.4984381430706778,0.2577151159674443,0.2776771148216525,21.421206407659056,False,6
orig+VIX E1 capped,Full-cost net,803,circular_block_bootstrap,60,ok,60,1.9357085442821722,1.003782250778985,1.5429985797771766,4.268210613950845,-0.5115261087469514,0.2577151159674443,0.2904229305260196,218.05431449805258,False,6
orig+VIX E1 capped,Full-cost net,804,circular_block_bootstrap,60,ok,60,0.07524898237133515,1.0043483739835815,0.48759881340142225,1.055396526838681,-0.6554120266823903,0.29432858578366566,0.3166925387709597,1.4372926378450819,False,6
orig+VIX E1 capped,Full-cost net,805,circular_block_bootstrap,60,ok,60,1.2363446921044905,0.9597310136590015,1.2939898242039762,2.877655698060031,-0.45720309861988984,0.3332150787829156,0.3455469506197406,55.93629732503679,False,6
orig+VIX E1 capped,Full-cost net,806,circular_block_bootstrap,60,ok,60,2.4424590280608953,0.985471064534359,1.745217789061623,4.511703777338501,-0.421526872179536,0.23754032260213007,0.3412199780454161,483.4414680677002,False,6
orig+VIX E1 capped,Full-cost net,807,circular_block_bootstrap,60,ok,60,1.2659497793278498,1.1685701578268752,1.1991774301961935,3.217781908190285,-0.5293300006853808,0.2693513793406459,0.2895859348850688,59.738099433584644,False,6
orig+VIX E1 capped,Full-cost net,808,circular_block_bootstrap,60,ok,60,1.2290473307750331,1.045366817855976,1.2435294639470054,2.851646746596234,-0.45720309861988984,0.33256603289676695,0.3358112623275104,55.02961205328501,False,6
orig+VIX E1 capped,Full-cost net,809,circular_block_bootstrap,60,ok,60,0.7300402411259319,0.957055915939249,0.993752149543716,2.310674939319726,-0.5401070000664785,0.2706002396627969,0.3070744014880327,15.498191582597102,False,6
orig+VIX E1 capped,Full-cost net,810,circular_block_bootstrap,60,ok,60,1.9590241830740571,0.9142020188427072,1.6395845677196963,4.150829093527776,-0.42901482763089593,0.23562845024647502,0.32414718976672446,226.8519791401194,False,6
orig+VIX E1 capped,Full-cost net,811,circular_block_bootstrap,60,ok,60,1.7762848331432721,0.8207438075172813,1.6738539792871319,3.7980940298653185,-0.5218247821840054,0.20936468035284228,0.32014842686004236,164.93776400529006,False,6
orig+VIX E1 capped,Full-cost net,812,circular_block_bootstrap,60,ok,60,2.302610953244676,0.8655852429479223,1.810048767313277,5.438025208106995,-0.6215695288257538,0.19199402228154966,0.2442205153543283,392.9045739334313,False,6
orig+VIX E1 capped,Full-cost net,813,circular_block_bootstrap,60,ok,60,1.1481448816644995,0.8424046479181632,1.3074559452597043,3.047071022350989,-0.5989273709498585,0.21252541303064834,0.3368930054710915,45.742283904972105,False,6
orig+VIX E1 capped,Full-cost net,814,circular_block_bootstrap,60,ok,60,1.0811853539086833,0.8511373297205428,1.2640884457112822,2.9372723541683623,-0.6824747114220164,0.2577151159674443,0.3114944817113933,39.043955102675724,False,6
orig+VIX E1 capped,Full-cost net,815,circular_block_bootstrap,60,ok,60,1.5820840902800133,1.0774631038294087,1.3580412050038833,3.624176246568355,-0.4598283802349984,0.2706002396627969,0.3070744014880327,114.7762176271384,False,6
orig+VIX E1 capped,Full-cost net,816,circular_block_bootstrap,60,ok,60,1.4185561369904294,1.1672558961724673,1.2590312307598268,3.460990284701655,-0.6015214382958247,0.29432858578366566,0.303887947561941,82.75245011931287,False,6
orig+VIX E1 capped,Full-cost net,817,circular_block_bootstrap,60,ok,60,0.3949769913388259,1.1948611394574375,0.7676600362373392,1.8258320993663464,-0.5967576372320125,0.29432858578366566,0.31993776820170317,5.282447898213763,False,6
orig+VIX E1 capped,Full-cost net,818,circular_block_bootstrap,60,ok,60,0.6179776310237355,0.9965817751931011,0.9162586122821275,2.0928845482047613,-0.47928707482143773,0.33256603289676695,0.3390564917582538,11.088238670282081,False,6
orig+VIX E1 capped,Full-cost net,819,circular_block_bootstrap,60,ok,60,1.3849134647895522,1.0059094971035085,1.3239688469904671,3.2237998708283047,-0.6014700902041035,0.27251211201845194,0.33689300547109147,77.15483159794535,False,6
orig+VIX E1 capped,Full-cost net,820,circular_block_bootstrap,60,ok,60,2.177225140048865,1.0638106065561268,1.5857122234951788,4.383711826857415,-0.5094407115660555,0.2693513793406459,0.29464457377117453,323.77249458443936,False,6
orig+VIX E1 capped,Full-cost net,821,circular_block_bootstrap,60,ok,60,1.5283089122582258,1.0823270073682425,1.3193973926803324,3.84402768258318,-0.5593916341111713,0.2577151159674443,0.2776771148216525,103.31197827715953,False,6
orig+VIX E1 capped,Full-cost net,822,circular_block_bootstrap,60,ok,60,0.44955507628560265,0.8627873564497128,0.8065514472784222,1.7494476529207776,-0.635866863572818,0.27251211201845194,0.33256603289676695,6.399906155317148,False,6
orig+VIX E1 capped,Full-cost net,823,circular_block_bootstrap,60,ok,60,1.127708128414434,1.0897881747301048,1.1542890663964027,3.1111930722055017,-0.6482978499656242,0.2693513793406459,0.29139934434043113,43.60740702681719,False,6
orig+VIX E1 capped,Full-cost net,824,circular_block_bootstrap,60,ok,60,2.4965258068517784,0.8571124347131952,1.920168320236739,4.7899333613679005,-0.42901482763089605,0.2962404581393207,0.3368930054710915,522.6171893393919,False,6
orig+VIX E1 capped,Full-cost net,825,circular_block_bootstrap,60,ok,60,1.6212295461575468,1.0888313999781825,1.379866722308987,3.6600386641383986,-0.5164289903454401,0.2706002396627969,0.328474162341049,123.74431989803261,False,6
orig+VIX E1 capped,Full-cost net,826,circular_block_bootstrap,60,ok,60,0.04905531196273749,0.9614976872343939,0.481611369509439,0.8962353421204713,-0.7555937346897943,0.3332150787829156,0.3455469506197406,1.2705505131976502,False,6
orig+VIX E1 capped,Full-cost net,827,circular_block_bootstrap,60,ok,60,2.1079820435763805,1.0592772260930972,1.552543250774449,4.832047833292894,-0.5376977358573785,0.1699244689327817,0.27359421539245893,289.9963321141144,False,6
orig+VIX E1 capped,Full-cost net,828,circular_block_bootstrap,60,ok,60,1.0192799498763732,1.0018816925687715,1.1432970848462065,2.8052867612099783,-0.5881947495803377,0.29432858578366566,0.31669253877095976,33.572421358878245,False,6
orig+VIX E1 capped,Full-cost net,829,circular_block_bootstrap,60,ok,60,0.8021416729811555,0.9752877597920012,1.0582355441749656,2.19689974668586,-0.6643164061266436,0.3332150787829156,0.3455469506197406,19.008359949928092,False,6
orig+VIX E1 capped,Full-cost net,830,circular_block_bootstrap,60,ok,60,1.5755765830572765,1.0486052157242012,1.3841396126219367,3.5587853309316064,-0.45720309861988984,0.29432858578366566,0.3166925387709597,113.33716350501693,False,6
orig+VIX E1 capped,Full-cost net,831,circular_block_bootstrap,60,ok,60,1.4284453676889681,1.1475800495048343,1.275248430652174,3.4033020737265325,-0.6464830362561207,0.2968895040254694,0.3455469506197406,84.45817413402892,False,6
orig+VIX E1 capped,Full-cost net,832,circular_block_bootstrap,60,ok,60,3.0388634319609285,1.0080496850522858,1.8767339649498482,6.3341367569291815,-0.5610108051091485,0.19331059646952237,0.2529976766074798,1074.7212647659362,False,6
orig+VIX E1 capped,Full-cost net,833,circular_block_bootstrap,60,ok,60,1.5488208923315083,0.9866382892268257,1.3952098535457442,3.8684848965504357,-0.5484700872160009,0.23562845024647502,0.29432858578366566,107.57134322412655,False,6
orig+VIX E1 capped,Full-cost net,834,circular_block_bootstrap,60,ok,60,0.9126440547880526,0.9513456774369095,1.112130463405047,2.601145256173788,-0.5718822552634075,0.2962404581393207,0.3412199780454161,25.59592177765427,False,6
orig+VIX E1 capped,Full-cost net,835,circular_block_bootstrap,60,ok,60,0.3705698206288497,0.9636886555323539,0.7565142822196159,1.5253623541774202,-0.5400933558342933,0.33256603289676695,0.3358112623275104,4.836217486628734,False,6
orig+VIX E1 capped,Full-cost net,836,circular_block_bootstrap,60,ok,60,0.5111732398051454,1.0655271462000935,0.8230440419865548,2.0280052239305313,-0.6583700192836208,0.29432858578366566,0.3134473093402163,7.880817527930346,False,6
orig+VIX E1 capped,Full-cost net,837,circular_block_bootstrap,60,ok,60,1.124911112438967,0.9540323808659136,1.2367048903529863,2.700043807105807,-0.5361484578656123,0.3332150787829156,0.3455469506197406,43.32153520882648,False,6
orig+VIX E1 capped,Full-cost net,838,circular_block_bootstrap,60,ok,60,1.1528888189546769,0.9555128215973344,1.2383068086766873,3.0246029035899418,-0.5470260326568757,0.2706002396627969,0.3070744014880327,46.24960322270612,False,6
orig+VIX E1 capped,Full-cost net,839,circular_block_bootstrap,60,ok,60,1.3326889235214003,1.0284395513973368,1.290756130908065,3.2019447241106835,-0.5651350655342171,0.2706002396627969,0.32414718976672446,69.06915389416962,False,6
orig+VIX E1 capped,Full-cost net,840,circular_block_bootstrap,60,ok,60,2.716159996741598,0.9377472275476391,1.8785920401462213,5.435620840966945,-0.42901482763089605,0.19199402228154966,0.29477348972859374,708.7156448498914,False,6
orig+VIX E1 capped,Full-cost net,841,circular_block_bootstrap,60,ok,60,0.9889548804208739,1.1151171063869914,1.103461729414766,2.6944103746923367,-0.5127845125059838,0.2962404581393207,0.3412199780454161,31.1260962578267,False,6
orig+VIX E1 capped,Full-cost net,842,circular_block_bootstrap,60,ok,60,1.4648746706877827,1.0811929414014494,1.301103119090225,3.7231563481867704,-0.545443819325526,0.2577151159674443,0.2776771148216525,90.98592400953216,False,6
orig+VIX E1 capped,Full-cost net,843,circular_block_bootstrap,60,ok,60,0.9615021548608749,0.9844551947618132,1.1088012931871298,2.883823423970373,-0.7091035438173873,0.2577151159674443,0.3030756385813507,29.036478714731,False,6
orig+VIX E1 capped,Full-cost net,844,circular_block_bootstrap,60,ok,60,1.3426187040692983,1.0131610025975777,1.2987260102828995,3.3422905966761634,-0.42901482763089605,0.27251211201845194,0.3412199780454161,70.55178927035458,False,6
orig+VIX E1 capped,Full-cost net,845,circular_block_bootstrap,60,ok,60,1.0979243395919465,1.1982779526364407,1.131078262146718,2.8314910368205983,-0.6434872680457251,0.2693513793406459,0.2892671257456767,40.639570347699475,False,6
orig+VIX E1 capped,Full-cost net,846,circular_block_bootstrap,60,ok,60,1.49729798469617,0.8852768108731071,1.479568454191541,3.2283509948120335,-0.4598283802349983,0.2962404581393207,0.3368930054710915,97.1296521672398,False,6
orig+VIX E1 capped,Full-cost net,847,circular_block_bootstrap,60,ok,60,1.415226243780313,0.9409183411530294,1.3821010885198581,3.3525187007580803,-0.6004898852025753,0.33256603289676695,0.3390564917582538,82.1843444579286,False,6
orig+VIX E1 capped,Full-cost net,848,circular_block_bootstrap,60,ok,60,1.8935608834604025,1.1422526108082005,1.4384264134470415,4.1839657190481025,-0.490601915604332,0.2706002396627969,0.3241471897667244,202.84444740054724,False,6
orig+VIX E1 capped,Full-cost net,849,circular_block_bootstrap,60,ok,60,1.1152295938352554,1.1190665958213837,1.156942174160301,2.8610337080713943,-0.5713679259685902,0.2693513793406459,0.29474990310034416,42.343579674430465,False,6
orig+VIX E1 capped,Full-cost net,850,circular_block_bootstrap,60,ok,60,1.4355005561534515,0.9041089723249884,1.4147190098577593,3.4492883517495216,-0.4598283802349984,0.29432858578366566,0.3166925387709597,85.69217487455263,False,6
orig+VIX E1 capped,Full-cost net,851,circular_block_bootstrap,60,ok,60,0.9093438479020097,0.9983369543863789,1.0822523505896828,2.6662111136356703,-0.6034061927084511,0.2706002396627969,0.3070744014880327,25.37585774463659,False,6
orig+VIX E1 capped,Full-cost net,852,circular_block_bootstrap,60,ok,60,1.0589654690563193,1.0928459474416965,1.1618067706052582,2.5880235865518655,-0.5801634446794317,0.3455469506197406,0.3455469506197406,37.00371399497906,False,6
orig+VIX E1 capped,Full-cost net,853,circular_block_bootstrap,60,ok,60,2.499895600586962,0.8812510255505857,1.8816769252321661,4.98384048339494,-0.6464830362561207,0.23562845024647502,0.3114013740623573,525.1404224883132,False,6
orig+VIX E1 capped,Full-cost net,854,circular_block_bootstrap,60,ok,60,1.737071059356707,1.0117941729496163,1.4780635690577055,3.596058551434643,-0.45720309861988984,0.33256603289676695,0.3358112623275104,153.61384618693975,False,6
orig+VIX E1 capped,Full-cost net,855,circular_block_bootstrap,60,ok,60,2.1212080920581147,0.9421090550745054,1.6647187913383594,4.817895110206735,-0.34984233500160045,0.19124594526114314,0.22509845441448872,296.2194839386362,False,6
orig+VIX E1 capped,Full-cost net,856,circular_block_bootstrap,60,ok,60,2.6136574797014087,1.0697681245631006,1.7167626348197187,4.8946699579157364,-0.45720309861988984,0.2577151159674443,0.3030756385813507,616.2187774152312,False,6
orig+VIX E1 capped,Full-cost net,857,circular_block_bootstrap,60,ok,60,1.1189279077957561,0.9739117843792002,1.2012568895879996,3.0502383688001418,-0.5990057177930515,0.2706002396627969,0.31982021719239984,42.715048605842846,False,6
orig+VIX E1 capped,Full-cost net,858,circular_block_bootstrap,60,ok,60,0.5645265241717599,1.0351851922212079,0.8817641345216801,1.9705132651221533,-0.48170448709576275,0.2962404581393207,0.3412199780454161,9.373777738162243,False,6
orig+VIX E1 capped,Full-cost net,859,circular_block_bootstrap,60,ok,60,1.7995148331560715,0.8969714621733902,1.5891179852353792,4.004577469175013,-0.42901482763089593,0.21252541303064834,0.3368930054710915,171.95462630736142,False,6
orig+VIX E1 capped,Full-cost net,860,circular_block_bootstrap,60,ok,60,0.9041292530816325,1.0029370821894847,1.097492335604456,2.4882085193807617,-0.4870776533301582,0.2962404581393207,0.3412199780454161,25.03122624951383,False,6
orig+VIX E1 capped,Full-cost net,861,circular_block_bootstrap,60,ok,60,2.3638302721280158,0.9534203769341497,1.7380439186238028,4.791988228551785,-0.42901482763089605,0.233767155009945,0.3117385548565243,430.69553849381145,False,6
orig+VIX E1 capped,Full-cost net,862,circular_block_bootstrap,60,ok,60,1.0325758193116443,0.9551694505470636,1.1983526948398384,2.5454946544043557,-0.42901482763089593,0.33256603289676695,0.33775839998595647,34.692354320571035,False,6
orig+VIX E1 capped,Full-cost net,863,circular_block_bootstrap,60,ok,60,2.9886491722484796,0.8874938217589557,2.0203049670389257,6.623135741221828,-0.3808185977668528,0.1666316321431856,0.2305940055713608,1009.5531652430315,False,6
orig+VIX E1 capped,Full-cost net,864,circular_block_bootstrap,60,ok,60,1.4580844638353239,1.0255573511196807,1.3346492884788639,3.525748537013794,-0.45720309861988984,0.2693513793406459,0.29464457377117453,89.73957520484954,False,6
orig+VIX E1 capped,Full-cost net,865,circular_block_bootstrap,60,ok,60,1.2209236148461153,1.0314143416600556,1.2199949456530448,3.266027499877102,-0.6911372201153709,0.2693513793406459,0.29139934434043113,54.03412332567274,False,6
orig+VIX E1 capped,Full-cost net,866,circular_block_bootstrap,60,ok,60,4.451349198590055,1.0098301635559819,2.225033964146221,7.064543013183506,-0.45720309861988984,0.2577151159674443,0.31582145428571784,4814.154381271946,False,6
orig+VIX E1 capped,Full-cost net,867,circular_block_bootstrap,60,ok,60,1.827000875107403,1.0345688436526337,1.477752479225613,3.9612714018286828,-0.46691814228924144,0.2693513793406459,0.30420393554944986,180.56339615151043,False,6
orig+VIX E1 capped,Full-cost net,868,circular_block_bootstrap,60,ok,60,1.137188134134166,0.9585340195984461,1.2340956354366328,2.8335273627291326,-0.561746487578516,0.29432858578366566,0.31669253877095976,44.5875666332966,False,6
orig+VIX E1 capped,Full-cost net,869,circular_block_bootstrap,60,ok,60,1.4143011418389437,1.0981498337665925,1.2945099388036592,3.2539863022058326,-0.584062776450066,0.2968895040254694,0.3455469506197406,82.02707000683318,False,6
orig+VIX E1 capped,Full-cost net,870,circular_block_bootstrap,60,ok,60,0.7914725911246603,0.9965589702447827,1.025070999856441,2.402505093996091,-0.6856693444698558,0.2962404581393207,0.3412199780454161,18.452314157807944,False,6
orig+VIX E1 capped,Full-cost net,871,circular_block_bootstrap,60,ok,60,3.026831694842694,1.0319712863361172,1.8744673245312855,5.209748379525227,-0.5072915865111569,0.2577151159674443,0.32014842686004236,1058.8084320346368,False,6
orig+VIX E1 capped,Full-cost net,872,circular_block_bootstrap,60,ok,60,2.5567647770706623,0.9603067657741998,1.811153445104323,4.691825976566094,-0.4417529297576138,0.2608758486452503,0.3412199780454161,569.2141958906562,False,6
orig+VIX E1 capped,Full-cost net,873,circular_block_bootstrap,60,ok,60,0.7438718682806043,0.9354915796711334,1.0045183050881257,2.295016330969936,-0.5928460807805298,0.2706002396627969,0.3241471897667244,16.12771569710198,False,6
orig+VIX E1 capped,Full-cost net,874,circular_block_bootstrap,60,ok,60,1.7357745447650186,1.088263303091636,1.4221771431326706,3.820944350590192,-0.6184264048116708,0.2962404581393207,0.3412199780454161,153.25036640015244,False,6
orig+VIX E1 capped,Full-cost net,875,circular_block_bootstrap,60,ok,60,1.4601607538964911,1.0902795207254157,1.3062900947395923,3.52261977087723,-0.5999724374432527,0.2706002396627969,0.3070744014880327,90.11922128042232,False,6
orig+VIX E1 capped,Full-cost net,876,circular_block_bootstrap,60,ok,60,0.9590957201291768,0.8892946825656959,1.175434526949423,2.495665966105886,-0.6915700145795824,0.29432858578366566,0.31669253877095976,28.858800723032495,False,6
orig+VIX E1 capped,Full-cost net,877,circular_block_bootstrap,60,ok,60,0.9384325221150489,0.9015089425962275,1.166189783507602,2.414642056755869,-0.6561739437639622,0.33256603289676695,0.33775839998595647,27.368653919451397,False,6
orig+VIX E1 capped,Full-cost net,878,circular_block_bootstrap,60,ok,60,0.9155925159594536,0.9772924107314421,1.103315778467842,2.5695799003540296,-0.635498181754629,0.2962404581393207,0.33256603289676695,25.793819602446423,False,6
orig+VIX E1 capped,Full-cost net,879,circular_block_bootstrap,60,ok,60,2.552044096388482,1.115306454001787,1.6504274636833844,4.839707077374393,-0.45720309861988984,0.2693513793406459,0.2884002721604196,565.4467902694515,False,6
orig+VIX E1 capped,Full-cost net,880,circular_block_bootstrap,60,ok,60,1.457619187648326,1.0085256007674335,1.3578746816236578,3.421805927275454,-0.558797178673255,0.33256603289676695,0.3358112623275104,89.65467599905418,False,6
orig+VIX E1 capped,Full-cost net,881,circular_block_bootstrap,60,ok,60,0.5284530992228513,0.883185109120975,0.8938438792063661,1.745853762586979,-0.6733067896817186,0.33256603289676695,0.33775839998595647,8.34181558284955,False,6
orig+VIX E1 capped,Full-cost net,882,circular_block_bootstrap,60,ok,60,1.9169872356009399,0.9895133718238655,1.5661617197240283,3.802262633818741,-0.45720309861988995,0.2731611579046006,0.3455469506197406,211.18965635767756,False,6
orig+VIX E1 capped,Full-cost net,883,circular_block_bootstrap,60,ok,60,1.4007591331934557,0.9540016245977229,1.3345122159975111,4.034872945864605,-0.5718822552634073,0.233767155009945,0.27359421539245893,79.75225077778886,False,6
orig+VIX E1 capped,Full-cost net,884,circular_block_bootstrap,60,ok,60,1.307418704551174,1.0291471976341375,1.2766124605412859,3.1956217407828538,-0.45720309861988984,0.27251211201845194,0.3412199780454161,65.40817685767269,False,6
orig+VIX E1 capped,Full-cost net,885,circular_block_bootstrap,60,ok,60,0.9735727605692575,1.02965795863869,1.102874277812901,2.8219424848869346,-0.5913714473490113,0.2693513793406459,0.29464457377117453,29.94095935868954,False,6
orig+VIX E1 capped,Full-cost net,886,circular_block_bootstrap,60,ok,60,1.827769365546653,0.9126004856252118,1.597249587655291,3.7936802979343116,-0.45720309861988984,0.27251211201845194,0.3412199780454161,180.80895091401868,False,6
orig+VIX E1 capped,Full-cost net,887,circular_block_bootstrap,60,ok,60,0.9220568629447081,0.849188089015865,1.1510132638577462,2.797000383233392,-0.6238621242464018,0.2589639762895953,0.3070744014880327,26.231985244636707,False,6
orig+VIX E1 capped,Full-cost net,888,circular_block_bootstrap,60,ok,60,1.1166800018405332,1.0523249534682906,1.1733013873189144,2.994118561663466,-0.6050051414409474,0.2706002396627969,0.3114013740623573,42.48895337232354,False,6
orig+VIX E1 capped,Full-cost net,889,circular_block_bootstrap,60,ok,60,0.7850589991418448,1.0476426850381804,0.9935918867426535,2.5128842693483535,-0.5623136013981396,0.2693513793406459,0.29139934434043113,18.124368108061553,False,6
orig+VIX E1 capped,Full-cost net,890,circular_block_bootstrap,60,ok,60,2.8810901553068105,0.8634775430048515,2.040692664608634,5.419089588303315,-0.42901482763089593,0.2062074856692737,0.27263198871376376,880.5796732098669,False,6
orig+VIX E1 capped,Full-cost net,891,circular_block_bootstrap,60,ok,60,2.0340866475451764,0.929164705582912,1.6487362908890457,4.25016002622418,-0.45720309861988984,0.2693513793406459,0.30420393554944986,257.12238990141844,False,6
orig+VIX E1 capped,Full-cost net,892,circular_block_bootstrap,60,ok,60,1.1876942952733858,0.9768616784699082,1.254466235682521,2.8730864620222167,-0.5484797995485715,0.3332150787829156,0.3455469506197406,50.11101178307503,False,6
orig+VIX E1 capped,Full-cost net,893,circular_block_bootstrap,60,ok,60,1.4689086197382482,0.9684028806266998,1.3737216340102554,3.762595871599345,-0.42901482763089605,0.19640007728726924,0.32414718976672446,91.73289079366722,False,6
orig+VIX E1 capped,Full-cost net,894,circular_block_bootstrap,60,ok,60,0.7521730782682612,1.0941556051480568,0.9611091159118611,2.5267594927860704,-0.7223123266635363,0.2706002396627969,0.3070744014880327,16.51524482283711,False,6
orig+VIX E1 capped,Full-cost net,895,circular_block_bootstrap,60,ok,60,0.8734381867215626,0.9928067044309964,1.0615281298831425,2.6959512255073923,-0.4598283802349983,0.23562845024647502,0.31140137406235735,23.077929459454346,False,6
orig+VIX E1 capped,Full-cost net,896,circular_block_bootstrap,60,ok,60,1.6212377397375524,0.8853820720852588,1.5092537817436424,3.8934703081876694,-0.5424809806939224,0.2589639762895953,0.31982021719239984,123.7462539433082,False,6
orig+VIX E1 capped,Full-cost net,897,circular_block_bootstrap,60,ok,60,0.8079850289483614,1.084020303473621,1.0082492949541404,2.440377700735875,-0.7788761269508061,0.2706002396627969,0.32414718976672446,19.318533255188832,False,6
orig+VIX E1 capped,Full-cost net,898,circular_block_bootstrap,60,ok,60,1.8886352694812572,1.0168724525978885,1.5190825272047406,4.031542029270188,-0.5382134266507221,0.2577151159674443,0.2987486660070262,201.1238379387641,False,6
orig+VIX E1 capped,Full-cost net,899,circular_block_bootstrap,60,ok,60,0.7308238615900566,0.9436252099295831,1.012046468430652,2.125719560794075,-0.4905239584225555,0.2962404581393207,0.33689300547109147,15.533322866374714,False,6
orig+VIX E1 capped,Full-cost net,900,circular_block_bootstrap,60,ok,60,2.367413087954966,0.8739945387119571,1.8458407193928927,4.9589345525564426,-0.42901482763089593,0.16737970916359213,0.2904465171542692,432.99409889600287,False,6
orig+VIX E1 capped,Full-cost net,901,circular_block_bootstrap,60,ok,60,1.2091874928396438,1.0471268641310933,1.2233380804274925,3.0681173686848315,-0.5491383256589419,0.2706002396627969,0.31140137406235735,52.62145825418905,False,6
orig+VIX E1 capped,Full-cost net,902,circular_block_bootstrap,60,ok,60,2.7961362208161264,0.8893768086830529,1.9718557305526523,5.316099423955717,-0.4701959131033935,0.2075240598572464,0.3035506509817452,788.3316108642645,False,6
orig+VIX E1 capped,Full-cost net,903,circular_block_bootstrap,60,ok,60,2.1651178668969564,0.9298324753537633,1.6979870414271672,4.469776230408081,-0.5235484425883451,0.2577151159674443,0.2860028503026591,317.6504226112896,False,6
orig+VIX E1 capped,Full-cost net,904,circular_block_bootstrap,60,ok,60,2.022612443602604,1.116749560404028,1.4975876355982787,4.19401732569206,-0.5072915865111569,0.2693513793406459,0.30420393554944986,252.2971412930852,False,6
orig+VIX E1 capped,Full-cost net,905,circular_block_bootstrap,60,ok,60,1.1733754864668033,0.9444710278420917,1.2526037402589187,3.005991688126851,-0.6360153986574338,0.2693513793406459,0.29464457377117453,48.492415946533185,False,6
orig+VIX E1 capped,Full-cost net,906,circular_block_bootstrap,60,ok,60,1.9216410816499079,0.9751094959358475,1.5713904475082456,4.042536128137251,-0.4515430610598966,0.2962404581393207,0.3412199780454161,212.87973106791006,False,6
orig+VIX E1 capped,Full-cost net,907,circular_block_bootstrap,60,ok,60,1.278546309608397,0.9906943509851059,1.2878206589384549,3.1487237784117235,-0.7061847458190302,0.29432858578366566,0.3166925387709597,61.41709893041643,False,6
orig+VIX E1 capped,Full-cost net,908,circular_block_bootstrap,60,ok,60,2.855298023010401,0.9175027099965135,1.9413265964483506,5.747694479690581,-0.45720309861988984,0.2062074856692737,0.23471725793306464,851.7061398067748,False,6
orig+VIX E1 capped,Full-cost net,909,circular_block_bootstrap,60,ok,60,1.5479164739850568,1.0192192858142461,1.3726228069831858,3.711895990287507,-0.45720309861988995,0.2577151159674443,0.2904229305260196,107.38062665172313,False,6
orig+VIX E1 capped,Full-cost net,910,circular_block_bootstrap,60,ok,60,0.622019118813302,1.0325662434806613,0.9160519295457085,2.080136538117111,-0.7070146038200787,0.29432858578366566,0.3166925387709597,11.227416782770472,False,6
orig+VIX E1 capped,Full-cost net,911,circular_block_bootstrap,60,ok,60,1.1382167281018507,1.1270874143535434,1.1611176307590605,3.0629595630518103,-0.6824374024475992,0.29432858578366566,0.31669253877095976,44.69496632438441,False,6
orig+VIX E1 capped,Full-cost net,912,circular_block_bootstrap,60,ok,60,1.2832145168906548,1.0148410384364592,1.2613675300149647,3.4001407908373413,-0.5946961721878239,0.23253896942872815,0.27623836881521563,62.04882835929188,False,6
orig+VIX E1 capped,Full-cost net,913,circular_block_bootstrap,60,ok,60,2.217859297412617,0.9838870133191074,1.664542462492669,4.488949292959313,-0.45720309861988984,0.2706002396627969,0.31140137406235735,345.0128352647518,False,6
orig+VIX E1 capped,Full-cost net,914,circular_block_bootstrap,60,ok,60,1.7455372613287499,1.0065577631426659,1.456320173910226,4.107331381971104,-0.6034061927084511,0.2577151159674443,0.2693513793406459,156.0043508829269,False,6
orig+VIX E1 capped,Full-cost net,915,circular_block_bootstrap,60,ok,60,0.6903691541054999,1.0401190768597035,0.9671078734530542,2.1501042465345925,-0.7013225782255488,0.33256603289676695,0.3390564917582538,13.800912281291003,False,6
orig+VIX E1 capped,Full-cost net,916,circular_block_bootstrap,60,ok,60,2.0260036123055025,1.1239660843948218,1.490796297252272,4.2724635571875345,-0.4921730889737085,0.2693513793406459,0.2851550427296762,253.71562307377025,False,6
orig+VIX E1 capped,Full-cost net,917,circular_block_bootstrap,60,ok,60,0.814621479030051,0.9159348262395292,1.0734144237873846,2.289655507569731,-0.6238621242464015,0.33256603289676695,0.33581126232751035,19.675701977923953,False,6
orig+VIX E1 capped,Full-cost net,918,circular_block_bootstrap,60,ok,60,3.0810424361035817,0.9891656288862125,1.9099746860661557,6.578975221857137,-0.45720309861988984,0.12135523504387348,0.29066700367115056,1132.023789649479,False,6
orig+VIX E1 capped,Full-cost net,919,circular_block_bootstrap,60,ok,60,1.402517915278385,0.9182061302534328,1.3759795115015334,3.61160129579279,-0.46278458621447494,0.19515121696511825,0.3114944817113933,80.04480927708018,False,6
orig+VIX E1 capped,Full-cost net,920,circular_block_bootstrap,60,ok,60,1.9242819573255958,0.9187298770289116,1.6102808612347508,4.355358273013125,-0.6432152610124424,0.2075240598572464,0.2864778627030536,213.84358346064866,False,6
orig+VIX E1 capped,Full-cost net,921,circular_block_bootstrap,60,ok,60,1.9489320420696554,1.0523260227040672,1.506524721947051,4.388295966181717,-0.42901482763089593,0.21061354067499327,0.31982021719239984,223.00973514075815,False,6
orig+VIX E1 capped,Full-cost net,922,circular_block_bootstrap,60,ok,60,2.4069891359689866,0.9510189329322963,1.7515765942159276,5.295704762801324,-0.42901482763089605,0.19331059646952237,0.278152127222047,459.04339573558514,False,6
orig+VIX E1 capped,Full-cost net,923,circular_block_bootstrap,60,ok,60,1.0597751633345323,1.0923332722413397,1.1315636188930656,2.9570381622825406,-0.725918923059136,0.2693513793406459,0.27934226191785383,37.0765303444155,False,6
orig+VIX E1 capped,Full-cost net,924,circular_block_bootstrap,60,ok,60,2.392001170153062,1.0487373686930896,1.65858529917403,4.800349752050146,-0.45720309861988984,0.2577151159674443,0.32014842686004236,449.03476596902414,False,6
orig+VIX E1 capped,Full-cost net,925,circular_block_bootstrap,60,ok,60,1.6090825341289867,0.9645269287713353,1.444675224279826,3.717877030695752,-0.5218247821840054,0.2693513793406459,0.30420393554944986,120.90355966406305,False,6
orig+VIX E1 capped,Full-cost net,926,circular_block_bootstrap,60,ok,60,1.5518604293773683,1.1150544364076604,1.3285130779689485,3.6776961378317594,-0.6791453525513292,0.29432858578366566,0.3166925387709597,108.21428335438212,False,6
orig+VIX E1 capped,Full-cost net,927,circular_block_bootstrap,60,ok,60,0.7631875173468914,0.9457157795287214,1.0151740065574784,2.3813136339387095,-0.6275987256080846,0.2577151159674443,0.3030756385813507,17.040899405715287,False,6
orig+VIX E1 capped,Full-cost net,928,circular_block_bootstrap,60,ok,60,0.7632038048139429,0.9268019387179556,1.0200056947696234,2.3977999967448196,-0.597072085917737,0.29432858578366566,0.3134473093402163,17.041686497878526,False,6
orig+VIX E1 capped,Full-cost net,929,circular_block_bootstrap,60,ok,60,4.96004333633922,1.0665978453090335,2.239792925229829,8.155033221647976,-0.3455469506197406,0.1666316321431856,0.24267961371400895,7520.506446185253,False,6
orig+VIX E1 capped,Full-cost net,930,circular_block_bootstrap,60,ok,60,1.763871309047421,0.9472037334085397,1.5286770037744375,3.8744295915877056,-0.4598283802349983,0.2577151159674443,0.3030756385813507,161.28318383244863,False,6
orig+VIX E1 capped,Full-cost net,931,circular_block_bootstrap,60,ok,60,0.5437133380992794,1.093405719818475,0.8427617978459101,2.1325102312076605,-0.6266638916729448,0.29432858578366566,0.30197607520628594,8.76664222564474,False,6
orig+VIX E1 capped,Full-cost net,932,circular_block_bootstrap,60,ok,60,1.8852082142598787,1.090233757064882,1.4681590511608558,3.842338462418049,-0.45720309861988984,0.2693513793406459,0.2851550427296762,199.93360638953123,False,6
orig+VIX E1 capped,Full-cost net,933,circular_block_bootstrap,60,ok,60,1.0869094128321928,1.094530157648626,1.140183017747623,3.0339127015244687,-0.5080156775083067,0.2706002396627969,0.29432858578366566,39.58384611038266,False,6
orig+VIX E1 capped,Full-cost net,934,circular_block_bootstrap,60,ok,60,1.779898404629447,1.0692032323436178,1.435491520754163,4.125152826660816,-0.4598283802349984,0.23562845024647502,0.29432858578366566,166.01396472824334,False,6
orig+VIX E1 capped,Full-cost net,935,circular_block_bootstrap,60,ok,60,0.9059887912220939,1.0747283159489989,1.0654139337572024,2.6296071719943734,-0.7653282709714421,0.29432858578366566,0.31669253877095976,25.15369041953251,False,6
orig+VIX E1 capped,Full-cost net,936,circular_block_bootstrap,60,ok,60,0.2155791815822683,0.9870127046970465,0.6240112714983235,1.2787538407084027,-0.8084653444301545,0.2962404581393207,0.3368930054710915,2.6540938031601518,False,6
orig+VIX E1 capped,Full-cost net,937,circular_block_bootstrap,60,ok,60,2.971743554806998,0.9397888160984763,1.9414525942269123,6.829923076390423,-0.3455469506197407,0.14892070618579328,0.22540641152596863,988.3391462573892,False,6
orig+VIX E1 capped,Full-cost net,938,circular_block_bootstrap,60,ok,60,0.5861788510641097,0.9503696065387592,0.8911523368699462,2.1817544706783822,-0.5455230156562205,0.23562845024647502,0.3070744014880327,10.040625644156735,False,6
orig+VIX E1 capped,Full-cost net,939,circular_block_bootstrap,60,ok,60,3.5487810987744783,0.9525291877236239,2.096218998876526,6.243227306912903,-0.42901482763089593,0.19199402228154966,0.29044651715426917,1947.4897868071141,False,6
orig+VIX E1 capped,Full-cost net,940,circular_block_bootstrap,60,ok,60,2.6768462224447407,0.9434101292984759,1.842761265491181,5.891155024247396,-0.42901482763089593,0.16869628335156486,0.3035506509817452,672.0124719896095,False,6
orig+VIX E1 capped,Full-cost net,941,circular_block_bootstrap,60,ok,60,0.9602938705219992,0.8920207212102192,1.1625980353818857,2.793912525719055,-0.5382134266507221,0.19640007728726924,0.31982021719239984,28.947156546085917,False,6
orig+VIX E1 capped,Full-cost net,942,circular_block_bootstrap,60,ok,60,1.432428634970131,1.0574518832162478,1.301184472355408,3.6593619820219203,-0.5484432056245283,0.2577151159674443,0.2904229305260196,85.15311445402692,False,6
orig+VIX E1 capped,Full-cost net,943,circular_block_bootstrap,60,ok,60,0.4933266174156623,0.9788434750569065,0.815275441629068,2.0462375080611177,-0.7364081013816481,0.2706002396627969,0.29432858578366566,7.426326355045792,False,6
orig+VIX E1 capped,Full-cost net,944,circular_block_bootstrap,60,ok,60,0.4760717101370433,1.127709198432238,0.8087886798837997,1.945867790453925,-0.6215695288257539,0.29432858578366566,0.3166925387709597,7.00708335661285,False,6
orig+VIX E1 capped,Full-cost net,945,circular_block_bootstrap,60,ok,60,0.8624893793227699,0.9895799988966214,1.0586120461622015,2.4982488124466387,-0.634083853372363,0.29432858578366566,0.303887947561941,22.41140193677564,False,6
orig+VIX E1 capped,Full-cost net,946,circular_block_bootstrap,60,ok,60,1.4432206325948922,1.0641300886296932,1.3050501006401776,3.6654699439098537,-0.6461997160072839,0.2706002396627969,0.31982021719239984,87.05895229490913,False,6
orig+VIX E1 capped,Full-cost net,947,circular_block_bootstrap,60,ok,60,1.9706255927536636,0.9684723534103031,1.6016035935565476,3.970716361629259,-0.45720309861988984,0.27251211201845194,0.3412199780454161,231.33406614846308,False,6
orig+VIX E1 capped,Full-cost net,948,circular_block_bootstrap,60,ok,60,0.6318707401691166,1.0636233393838799,0.9165774061561197,2.1433758822604436,-0.7161820605528295,0.2962404581393207,0.33689300547109147,11.57254231450475,False,6
orig+VIX E1 capped,Full-cost net,949,circular_block_bootstrap,60,ok,60,2.867373868743436,0.7661713254871418,2.218868547089344,5.480692140222971,-0.4701959131033935,0.19199402228154966,0.29044651715426917,865.1288445245092,False,6
orig+VIX E1 capped,Full-cost net,950,circular_block_bootstrap,60,ok,60,0.36130103176003225,0.9352474287947645,0.7374629416120516,1.5455767593810732,-0.6596146954201567,0.33256603289676695,0.33516221644136174,4.67488431646358,False,6
orig+VIX E1 capped,Full-cost net,951,circular_block_bootstrap,60,ok,60,1.1373715782279565,0.8865136540994182,1.2904688195182796,2.6895270857999987,-0.5045895360654095,0.27251211201845194,0.3368930054710915,44.60670563626734,False,6
orig+VIX E1 capped,Full-cost net,952,circular_block_bootstrap,60,ok,60,1.6002032111510713,1.0946760007702072,1.3548782197353666,3.8910418740455004,-0.6665196047636359,0.2693513793406459,0.29464457377117453,118.86019856802237,False,6
orig+VIX E1 capped,Full-cost net,953,circular_block_bootstrap,60,ok,60,1.1206022971224523,0.8851132320122852,1.2639079398393136,2.9223936235063954,-0.481841722121944,0.23754032260213007,0.3368930054710915,42.88408395664574,False,6
orig+VIX E1 capped,Full-cost net,954,circular_block_bootstrap,60,ok,60,2.1863228443125897,0.9701743303144055,1.6571591359859028,4.839453015559875,-0.4513062780759627,0.20875224543846327,0.29066700367115056,328.4345872908911,False,6
orig+VIX E1 capped,Full-cost net,955,circular_block_bootstrap,60,ok,60,0.8788830535742489,1.027116563049653,1.05248586093085,2.692855835381932,-0.4903141347808856,0.33256603289676695,0.33905649175825375,23.415247183630576,False,6
orig+VIX E1 capped,Full-cost net,956,circular_block_bootstrap,60,ok,60,0.9434215458577444,0.9027251723266825,1.1493996364044876,2.6905610972910003,-0.5518433822326342,0.2962404581393207,0.3368930054710915,27.72267069830821,False,6
orig+VIX E1 capped,Full-cost net,957,circular_block_bootstrap,60,ok,60,1.9230821187559632,1.0089741604639022,1.54054991644833,3.9855360153867667,-0.647096434030341,0.2693513793406459,0.30420393554944986,213.40524112448946,False,6
orig+VIX E1 capped,Full-cost net,958,circular_block_bootstrap,60,ok,60,1.070613810945087,1.0179269446147818,1.1746700042023281,2.7577296355094982,-0.5472984478763077,0.2706002396627969,0.3241471897667244,38.06234418280014,False,6
orig+VIX E1 capped,Full-cost net,959,circular_block_bootstrap,60,ok,60,1.3788846191922208,1.0609538436592534,1.2708995013624835,3.60407050368342,-0.45720309861988995,0.2577151159674443,0.2693513793406459,76.18454740583107,False,6
orig+VIX E1 capped,Full-cost net,960,circular_block_bootstrap,60,ok,60,1.0129466559664628,1.1466515308731302,1.091251590848427,2.8888972585710087,-0.48206229304485404,0.2706002396627969,0.32414718976672446,33.04922883330483,False,6
orig+VIX E1 capped,Full-cost net,961,circular_block_bootstrap,60,ok,60,0.6930978098077283,0.8788341638710954,1.0078652170626496,2.142660230930281,-0.4450873617917822,0.3332150787829156,0.3455469506197406,13.912662167270772,False,6
orig+VIX E1 capped,Full-cost net,962,circular_block_bootstrap,60,ok,60,0.6093582320794975,1.1067944718291,0.9036523214635804,2.0928397786784037,-0.5491382718535358,0.33256603289676695,0.3390564917582538,10.796018724732255,False,6
orig+VIX E1 capped,Full-cost net,963,circular_block_bootstrap,60,ok,60,1.7199170092073799,1.0360813337794406,1.4277675661075628,4.130994101373058,-0.608259359424314,0.2571026810530653,0.27903069358588584,148.86008569519643,False,6
orig+VIX E1 capped,Full-cost net,964,circular_block_bootstrap,60,ok,60,2.9389490550796684,1.0330669366679495,1.8213624506981838,5.88520101521576,-0.45720309861988984,0.2577151159674443,0.2776771148216525,948.2040789096163,False,6
orig+VIX E1 capped,Full-cost net,965,circular_block_bootstrap,60,ok,60,2.5442929541832044,0.9723069304320993,1.7714140141055548,5.774351234879231,-0.39208448353118275,0.16533614197908258,0.2095525724452524,559.3041695315666,False,6
orig+VIX E1 capped,Full-cost net,966,circular_block_bootstrap,60,ok,60,0.5631786817705662,0.9593542358989476,0.8817433215540655,1.9839049321688298,-0.7947795293178587,0.2706002396627969,0.32414718976672446,9.33346961755037,False,6
orig+VIX E1 capped,Full-cost net,967,circular_block_bootstrap,60,ok,60,1.5718645726760272,1.0558223262472572,1.371511341533222,3.514537935274694,-0.5691318828825551,0.2693513793406459,0.2884002721604196,112.52278703350477,False,6
orig+VIX E1 capped,Full-cost net,968,circular_block_bootstrap,60,ok,60,0.6255748282873708,0.9446167766422745,0.9268159189688457,2.049286290496449,-0.7926568179616869,0.2962404581393207,0.33256603289676695,11.35101842042807,False,6
orig+VIX E1 capped,Full-cost net,969,circular_block_bootstrap,60,ok,60,1.467144515381781,0.9816423942257654,1.3598500704972447,3.620987043478774,-0.49324524307029727,0.2577151159674443,0.32014842686004236,91.40563020331714,False,6
orig+VIX E1 capped,Full-cost net,970,circular_block_bootstrap,60,ok,60,1.359646406623408,1.0693448814303788,1.287664205965161,3.2272370163220323,-0.5467562443795657,0.2962404581393207,0.3412199780454161,73.15342153120496,False,6
orig+VIX E1 capped,Full-cost net,971,circular_block_bootstrap,60,ok,60,1.1344493969495466,1.0120447540248287,1.2015311395306008,3.029845895288292,-0.6233998387557562,0.29432858578366566,0.31993776820170317,44.302610301482545,False,6
orig+VIX E1 capped,Full-cost net,972,circular_block_bootstrap,60,ok,60,1.8838182977159739,0.9460938585122708,1.5676471977661246,4.173533292393083,-0.4598283802349984,0.2577151159674443,0.2860028503026591,199.45249134722667,False,6
orig+VIX E1 capped,Full-cost net,973,circular_block_bootstrap,60,ok,60,0.931167772450965,1.0238019768019848,1.1028542714416145,2.4507629949150447,-0.705371523852151,0.2962404581393207,0.3368930054710915,26.859630028447874,False,6
orig+VIX E1 capped,Full-cost net,974,circular_block_bootstrap,60,ok,60,1.8178294674391124,0.953607751186192,1.5599697888656787,3.5931225845772006,-0.5218247821840054,0.2693513793406459,0.30744916498019326,177.6534035346748,False,6
orig+VIX E1 capped,Full-cost net,975,circular_block_bootstrap,60,ok,60,2.2720659454250076,1.1112883637494542,1.5832949790611883,4.472737492424618,-0.45720309861988984,0.2693513793406459,0.29464457377117453,375.06819584964455,False,6
orig+VIX E1 capped,Full-cost net,976,circular_block_bootstrap,60,ok,60,3.6693046336056128,1.0595477793797943,1.9867565482793659,6.366300238992319,-0.45720309861988984,0.20875224543846327,0.29066700367115056,2219.5301300537794,False,6
orig+VIX E1 capped,Full-cost net,977,circular_block_bootstrap,60,ok,60,1.6858760015159011,1.060687638195547,1.4067734440199442,3.8401478535006843,-0.4598283802349983,0.2577151159674443,0.3030756385813507,139.77509428923273,False,6
orig+VIX E1 capped,Full-cost net,978,circular_block_bootstrap,60,ok,60,2.026389989391531,0.9134187246297233,1.6646397981450227,4.400861568432342,-0.45720309861988984,0.2577151159674443,0.31582145428571784,253.87764360133184,False,6
orig+VIX E1 capped,Full-cost net,979,circular_block_bootstrap,60,ok,60,1.651624733829835,0.9885483662909227,1.4418684554005956,3.7580284244410307,-0.4973964960463897,0.23754032260213007,0.33689300547109147,131.08720596992015,False,6
orig+VIX E1 capped,Full-cost net,980,circular_block_bootstrap,60,ok,60,0.9385104442821599,1.1248781027316088,1.0680579603487141,2.566586228284928,-0.5470918729192853,0.27251211201845194,0.33256603289676695,27.374155262066378,False,6
orig+VIX E1 capped,Full-cost net,981,circular_block_bootstrap,60,ok,60,0.866351962655733,1.0496039715467778,1.0459648120798253,2.6288012113010795,-0.5412023210769896,0.29432858578366566,0.3134473093402163,22.644760872756912,False,6
orig+VIX E1 capped,Full-cost net,982,circular_block_bootstrap,60,ok,60,1.6340000244624449,1.0077810538443128,1.4239632989427315,3.7406367877116984,-0.42901482763089593,0.2608758486452503,0.3412199780454161,126.788210815731,False,6
orig+VIX E1 capped,Full-cost net,983,circular_block_bootstrap,60,ok,60,1.1179747255326555,1.0665406747624488,1.1635858577139246,3.112777482195673,-0.5381711911056399,0.2962404581393207,0.3412199780454161,42.61905994052615,False,6
orig+VIX E1 capped,Full-cost net,984,circular_block_bootstrap,60,ok,60,1.1480216282281415,0.9863795835273443,1.2024992070341496,3.2132083269088256,-0.5527498517878654,0.2577151159674443,0.31149448171139327,45.72916270724459,False,6
orig+VIX E1 capped,Full-cost net,985,circular_block_bootstrap,60,ok,60,1.8245250246818303,0.9365909363756506,1.565909135640658,4.031973848788346,-0.46231300729999614,0.2062074856692737,0.27587721814450716,179.7741045508565,False,6
orig+VIX E1 capped,Full-cost net,986,circular_block_bootstrap,60,ok,60,0.9653405048847485,0.9029377416519747,1.145912215123547,2.7858510569441726,-0.4842918789995373,0.2577151159674443,0.31149448171139327,29.32169178848021,False,6
orig+VIX E1 capped,Full-cost net,987,circular_block_bootstrap,60,ok,60,0.8393613049422555,0.959908853031516,1.0576227358821841,2.5018086006150497,-0.5758166462885392,0.2962404581393207,0.33689300547109147,21.054029614245593,False,6
orig+VIX E1 capped,Full-cost net,988,circular_block_bootstrap,60,ok,60,1.4510743054606325,0.9353511898935537,1.3940500387585713,3.4374113054336806,-0.5611762286613868,0.27251211201845194,0.33689300547109147,88.46722127737303,False,6
orig+VIX E1 capped,Full-cost net,989,circular_block_bootstrap,60,ok,60,0.9689822446043879,0.9672172019205814,1.1438051863130456,2.5832456152827086,-0.712510594095877,0.33256603289676695,0.3358112623275104,29.59436319928339,False,6
orig+VIX E1 capped,Full-cost net,990,circular_block_bootstrap,60,ok,60,1.728959784114417,0.8825866407058662,1.5818624520520461,3.8034190498004983,-0.5302316694465011,0.2962404581393207,0.33689300547109147,151.35113364031747,False,6
orig+VIX E1 capped,Full-cost net,991,circular_block_bootstrap,60,ok,60,0.8122742458930368,1.077009926323748,1.0048521294054915,2.5403711663158437,-0.5478104279062901,0.2962404581393207,0.3412199780454161,19.54877705993548,False,6
orig+VIX E1 capped,Full-cost net,992,circular_block_bootstrap,60,ok,60,0.3764047979346372,0.9837860948300988,0.7489559749546217,1.6548920546133603,-0.6470964340303409,0.29432858578366566,0.3166925387709597,4.940044819660399,False,6
orig+VIX E1 capped,Full-cost net,993,circular_block_bootstrap,60,ok,60,2.1397539943686095,1.1179060115003616,1.540284519270073,4.152106741398642,-0.45720309861988995,0.2693513793406459,0.29464457377117453,305.12522177388297,False,6
orig+VIX E1 capped,Full-cost net,994,circular_block_bootstrap,60,ok,60,0.6166186752565646,0.9367502599539078,0.9294921616634154,2.0151459084290058,-0.6059126894198852,0.29432858578366566,0.31221974817350095,11.041751207770389,False,6
orig+VIX E1 capped,Full-cost net,995,circular_block_bootstrap,60,ok,60,1.5224581100200347,1.0991330437256754,1.3271031089648313,3.4647571530870134,-0.4788511038703924,0.2693513793406459,0.2895859348850688,102.12211804176982,False,6
orig+VIX E1 capped,Full-cost net,996,circular_block_bootstrap,60,ok,60,1.2444205657171428,0.902417475302174,1.3362815259626892,2.9434356831982313,-0.4412951653008501,0.33256603289676695,0.3390564917582538,56.95360220107384,False,6
orig+VIX E1 capped,Full-cost net,997,circular_block_bootstrap,60,ok,60,0.7568925275563225,1.0322294824692835,0.9904081859652849,2.364508875017197,-0.6287696135837946,0.2706002396627969,0.31982021719239984,16.738863908940132,False,6
orig+VIX E1 capped,Full-cost net,998,circular_block_bootstrap,60,ok,60,1.6958262216423496,1.0356111290228789,1.4286300847389468,3.776169306208507,-0.5008899695953591,0.2693513793406459,0.2869897513404741,142.38343509393175,False,6
orig+VIX E1 capped,Full-cost net,999,circular_block_bootstrap,60,ok,60,1.4738508305000004,1.1942423996913516,1.2769243025619603,3.4576165911496575,-0.45720309861988984,0.2706002396627969,0.328474162341049,92.65471912730057,False,6
