Strategy,Return basis,path_id,method,n_source_obs,status,n_obs,annualized_return,annualized_volatility,sharpe,sortino,max_drawdown,var_95,cvar_95,terminal_wealth,defaulted,block_length
larger+VIX GM paper,Gross before costs,0,circular_block_bootstrap,60,ok,60,0.6434726115366829,0.7676566550826877,1.0330634218640933,1.8657872634074852,-0.5941365403247889,0.3861526511001301,0.4134286996981533,11.989811486178892,False,6
larger+VIX GM paper,Gross before costs,1,circular_block_bootstrap,60,ok,60,-0.012667469655176178,0.6445641197642064,0.29187281840599255,0.47287146924464685,-0.7573351013203315,0.30219702796662573,0.33000494589950763,0.9382471011890737,False,6
larger+VIX GM paper,Gross before costs,2,circular_block_bootstrap,60,ok,60,0.23805722613522917,0.6365913952933906,0.6329740933449063,1.169386242441865,-0.5835471462200462,0.2677070258204603,0.31275994482642494,2.9087312492714563,False,6
larger+VIX GM paper,Gross before costs,3,circular_block_bootstrap,60,ok,60,-0.17110694589519582,0.6051545393264749,0.003141418671808442,0.00443467049467866,-0.7910772235165591,0.30632303004804295,0.39428761296269843,0.3912843715541408,False,6
larger+VIX GM paper,Gross before costs,4,circular_block_bootstrap,60,ok,60,-0.03182314812553455,0.584877120128777,0.23870521715969623,0.36025311188409104,-0.7159026835520347,0.30219702796662573,0.34345704878079836,0.850694205156125,False,6
larger+VIX GM paper,Gross before costs,5,circular_block_bootstrap,60,ok,60,0.20522224440986392,0.8637591259060627,0.6298742761240489,1.1161326335882717,-0.6276434600903764,0.3861526511001301,0.4134286996981533,2.5429375426964693,False,6
larger+VIX GM paper,Gross before costs,6,circular_block_bootstrap,60,ok,60,0.2607274444070884,0.698125318659413,0.6690861141307498,1.173076816021831,-0.6794115848946101,0.30632303004804295,0.39428761296269843,3.1849750519097944,False,6
larger+VIX GM paper,Gross before costs,7,circular_block_bootstrap,60,ok,60,0.6745905912827468,0.33873749400310826,1.7147088926842722,3.845254492064714,-0.23387151125542105,0.10476448895755079,0.15942244895780552,13.168710004722133,False,6
larger+VIX GM paper,Gross before costs,8,circular_block_bootstrap,60,ok,60,0.9279519620078307,0.6204363554827922,1.3721584770623834,2.9268117274568137,-0.4134286996981533,0.1591748802662443,0.31918940608364327,26.636738234591842,False,6
larger+VIX GM paper,Gross before costs,9,circular_block_bootstrap,60,ok,60,0.3424160700022161,0.5708940911574408,0.7714808289865602,1.6832024343319953,-0.49934131522116554,0.16090773905132857,0.25301076820511764,4.359490264815766,False,6
larger+VIX GM paper,Gross before costs,10,circular_block_bootstrap,60,ok,60,1.011960163399996,0.704445383950946,1.3236690776843665,3.615708299182963,-0.4134286996981533,0.1591618503351095,0.2100673399322575,32.96832535145517,False,6
larger+VIX GM paper,Gross before costs,11,circular_block_bootstrap,60,ok,60,0.7095480395786324,0.6762607265796309,1.12222314144563,2.3562539701238983,-0.4591517493274181,0.1665611779082465,0.3667809324199167,14.601805072870265,False,6
larger+VIX GM paper,Gross before costs,12,circular_block_bootstrap,60,ok,60,0.8074609940338204,0.6378914600382075,1.2170119217818942,3.3747806401775757,-0.364390232191218,0.1591748802662443,0.20701397529407894,19.290552605663805,False,6
larger+VIX GM paper,Gross before costs,13,circular_block_bootstrap,60,ok,60,0.0018927739822842682,0.6611104513706919,0.3355680130162535,0.5122330421451236,-0.8076238287632829,0.30632303004804295,0.39428761296269843,1.009499763719495,False,6
larger+VIX GM paper,Gross before costs,14,circular_block_bootstrap,60,ok,60,0.16083295840784384,0.6562977640086711,0.5401186331936269,0.9459534843043109,-0.5886618171156031,0.2694315259277686,0.3763514757876441,2.1078934315758375,False,6
larger+VIX GM paper,Gross before costs,15,circular_block_bootstrap,60,ok,60,-0.028470503865096752,0.7435687310455389,0.31330269357185714,0.5276692900282236,-0.6988364971135107,0.30632303004804295,0.4038581563304258,0.8655256697408226,False,6
larger+VIX GM paper,Gross before costs,16,circular_block_bootstrap,60,ok,60,0.4445503690461112,0.5012706017572943,0.9931666346861839,1.6622415332656644,-0.5145766778937402,0.1930571895778765,0.3277775844950798,6.290185422834367,False,6
larger+VIX GM paper,Gross before costs,17,circular_block_bootstrap,60,ok,60,0.3726268320296411,0.6398381039451849,0.8016896692691695,1.4719880359238093,-0.5664115480291003,0.2694315259277686,0.3297037085094075,4.872618626001302,False,6
larger+VIX GM paper,Gross before costs,18,circular_block_bootstrap,60,ok,60,0.7453212684615143,0.6004427957785989,1.2119304163162656,2.976789821218477,-0.4134286996981533,0.10512859704570146,0.2539062669538432,16.194849078267534,False,6
larger+VIX GM paper,Gross before costs,19,circular_block_bootstrap,60,ok,60,0.7162201678755167,0.7297480598832152,1.0961846878408035,2.2079135179984912,-0.49723210273459273,0.198907691766602,0.4038581563304258,14.888982039315408,False,6
larger+VIX GM paper,Gross before costs,20,circular_block_bootstrap,60,ok,60,0.18903177956209927,0.7701065709981223,0.6030669855292035,1.0000897720928816,-0.7849078852441791,0.384717069594971,0.39907288464656215,2.3766613925484426,False,6
larger+VIX GM paper,Gross before costs,21,circular_block_bootstrap,60,ok,60,0.28690367663382044,0.5831429213317106,0.7046097535609418,1.3388217620320397,-0.49934131522116565,0.1930571895778765,0.3277775844950798,3.5296383399113807,False,6
larger+VIX GM paper,Gross before costs,22,circular_block_bootstrap,60,ok,60,0.5610566676243232,0.675094820664167,0.9721765397993604,2.0619699827124145,-0.5503523042443681,0.2677070258204603,0.28495202689354304,9.270290484100725,False,6
larger+VIX GM paper,Gross before costs,23,circular_block_bootstrap,60,ok,60,1.0923396175563824,0.6507817403206738,1.4668993777324522,3.2764371854854275,-0.49723210273459273,0.1591618503351095,0.2791173674908358,40.101525283118114,False,6
larger+VIX GM paper,Gross before costs,24,circular_block_bootstrap,60,ok,60,0.14074288524686773,0.7578712032084791,0.5403201826368329,0.910902012569875,-0.6673532756514136,0.30632303004804295,0.4038581563304258,1.93169628197958,False,6
larger+VIX GM paper,Gross before costs,25,circular_block_bootstrap,60,ok,60,0.5675362748778858,0.5934500428835987,1.0297423997124775,2.4456632413603097,-0.44561808213511656,0.18912825082826684,0.21739544511285658,9.464289119670527,False,6
larger+VIX GM paper,Gross before costs,26,circular_block_bootstrap,60,ok,60,0.421631314645567,0.6866860460445003,0.8301239206741937,1.7106509110155115,-0.6544276612313185,0.18912825082826684,0.2941005677374145,5.8067737661555245,False,6
larger+VIX GM paper,Gross before costs,27,circular_block_bootstrap,60,ok,60,0.4617778249799822,0.7403084939461569,0.8610631421216388,1.7346405264319198,-0.7581373550676508,0.198907691766602,0.39428761296269843,6.674317263328975,False,6
larger+VIX GM paper,Gross before costs,28,circular_block_bootstrap,60,ok,60,0.46426890397693055,0.6008240508835584,0.9405077364085841,1.6865972006864445,-0.6774493501267324,0.1930571895778765,0.364854808405589,6.731381390833534,False,6
larger+VIX GM paper,Gross before costs,29,circular_block_bootstrap,60,ok,60,0.10511820547629758,0.5875399535586355,0.47386032089114233,0.7128925819663423,-0.7555138747785355,0.30632303004804295,0.39428761296269843,1.6483281184178236,False,6
larger+VIX GM paper,Gross before costs,30,circular_block_bootstrap,60,ok,60,0.2185257514965515,0.45283181118911203,0.6900546097029483,0.9586836550659902,-0.6761915515934861,0.2694315259277686,0.3572103890521892,2.6864178130372345,False,6
larger+VIX GM paper,Gross before costs,31,circular_block_bootstrap,60,ok,60,0.529897644177866,0.5633863909973845,1.0403164162477725,1.8707771820521752,-0.612636306719414,0.1930571895778765,0.3277775844950798,8.381309520779949,False,6
larger+VIX GM paper,Gross before costs,32,circular_block_bootstrap,60,ok,60,1.3581662429373358,0.7747417886586841,1.4957523167307516,3.4463297006662157,-0.4134286996981533,0.17187519280326163,0.4134286996981533,72.92427007875908,False,6
larger+VIX GM paper,Gross before costs,33,circular_block_bootstrap,60,ok,60,0.1647236896434392,0.6080535771307433,0.5525384296077354,0.9161115291503981,-0.5507307080839399,0.2694315259277686,0.3667809324199167,2.143455857258611,False,6
larger+VIX GM paper,Gross before costs,34,circular_block_bootstrap,60,ok,60,0.45209470525707784,0.6361779005188668,0.8993177323858232,1.6310290106392713,-0.6761665052304808,0.2694315259277686,0.33927425187713495,6.456166311553533,False,6
larger+VIX GM paper,Gross before costs,35,circular_block_bootstrap,60,ok,60,0.9980532730568512,0.741235093599121,1.28888733824205,2.9954038294647867,-0.49934131522116554,0.1930571895778765,0.3277775844950798,31.844564729250976,False,6
larger+VIX GM paper,Gross before costs,36,circular_block_bootstrap,60,ok,60,0.9223039829707678,0.6073786666287325,1.3741887127253374,3.364882122182114,-0.4134286996981533,0.1591748802662443,0.24409119920458813,26.248852893355686,False,6
larger+VIX GM paper,Gross before costs,37,circular_block_bootstrap,60,ok,60,0.35176884345453674,0.6805063393297877,0.7761218494642199,1.3486637282513811,-0.6642424462703511,0.30219702796662573,0.3578128638323895,4.513486641766895,False,6
larger+VIX GM paper,Gross before costs,38,circular_block_bootstrap,60,ok,60,0.12514170520711798,0.6610922800073071,0.4928993442602474,0.8298233576413486,-0.7760910086728554,0.30219702796662573,0.33000494589950763,1.803167678357899,False,6
larger+VIX GM paper,Gross before costs,39,circular_block_bootstrap,60,ok,60,0.33365100491849975,0.7087473075440307,0.7529473970710797,1.3456958462862718,-0.49723210273459273,0.384717069594971,0.3990728846465621,4.219014157602078,False,6
larger+VIX GM paper,Gross before costs,40,circular_block_bootstrap,60,ok,60,0.020399764491297212,0.7551113298202385,0.39499183715949704,0.6395263399523745,-0.7377982650789721,0.384717069594971,0.3990728846465621,1.1062460895078408,False,6
larger+VIX GM paper,Gross before costs,41,circular_block_bootstrap,60,ok,60,-0.01148944634477389,0.5539900842955663,0.24394035735374936,0.3963202074208322,-0.6107155332570096,0.2677070258204603,0.28495202689354304,0.9438577620619616,False,6
larger+VIX GM paper,Gross before costs,42,circular_block_bootstrap,60,ok,60,0.6298280395011819,0.7063842071206762,1.0292725717879878,2.1585295495640864,-0.6404421667660989,0.1665611779082465,0.3667809324199167,11.50029353785753,False,6
larger+VIX GM paper,Gross before costs,43,circular_block_bootstrap,60,ok,60,-0.12212232757805319,0.6039386620339559,0.09843390604525697,0.13748228831421094,-0.6905248206756055,0.30219702796662573,0.34668969665923677,0.5213987882238007,False,6
larger+VIX GM paper,Gross before costs,44,circular_block_bootstrap,60,ok,60,0.07465924829683224,0.6714520988263519,0.4427780009429592,0.7068058578758147,-0.6779212095914031,0.3861526511001301,0.4134286996981533,1.4333554512460507,False,6
larger+VIX GM paper,Gross before costs,45,circular_block_bootstrap,60,ok,60,0.24006382106775503,0.7453879442916774,0.6532464445942175,1.088592884287172,-0.6614121714547012,0.30632303004804295,0.4038581563304258,2.932379573296067,False,6
larger+VIX GM paper,Gross before costs,46,circular_block_bootstrap,60,ok,60,1.1119908264465495,0.59542531947888,1.5713482855908312,3.336731345597497,-0.6363453136280697,0.16483667780093825,0.3182070411273523,42.02039566483957,False,6
larger+VIX GM paper,Gross before costs,47,circular_block_bootstrap,60,ok,60,0.2485797504516618,0.6418685975883821,0.6642724679407404,1.1268514633495281,-0.7286984121351157,0.30219702796662573,0.35063495630659397,3.0344601337994463,False,6
larger+VIX GM paper,Gross before costs,48,circular_block_bootstrap,60,ok,60,0.16491302813890418,0.7102393825673378,0.5530342170365082,0.9776534305347584,-0.7063279842618668,0.30219702796662573,0.3578128638323895,2.145198634018268,False,6
larger+VIX GM paper,Gross before costs,49,circular_block_bootstrap,60,ok,60,0.6064742562311038,0.6084980812198246,1.0776501919893227,2.1252328538504566,-0.4280382625656213,0.16458910910937702,0.35528426503786154,10.699632268548644,False,6
larger+VIX GM paper,Gross before costs,50,circular_block_bootstrap,60,ok,60,0.10584788258395483,0.71823905733667,0.46993733526655584,0.8656304866351651,-0.8030933711788686,0.2694315259277686,0.33927425187713495,1.653777022500871,False,6
larger+VIX GM paper,Gross before costs,51,circular_block_bootstrap,60,ok,60,0.8548563407079606,0.5367210705506803,1.4227933096900582,3.3660562490165074,-0.4134286996981533,0.10476448895755079,0.24409119920458813,21.95590762697863,False,6
larger+VIX GM paper,Gross before costs,52,circular_block_bootstrap,60,ok,60,0.07999395187918479,0.6588001681732493,0.42325226960832424,0.7632227768549511,-0.6664186322013911,0.2694315259277686,0.3763514757876441,1.4692869352528077,False,6
larger+VIX GM paper,Gross before costs,53,circular_block_bootstrap,60,ok,60,-0.24840479255468118,0.5940429325952621,-0.17695332772113642,-0.24743285328780643,-0.7384755348471549,0.30219702796662573,0.33000494589950763,0.23983911378401204,False,6
larger+VIX GM paper,Gross before costs,54,circular_block_bootstrap,60,ok,60,-0.037857419008707205,0.5662310215144662,0.2333224990660193,0.326884859010953,-0.6259774926771056,0.384717069594971,0.39907288464656215,0.8245123724831599,False,6
larger+VIX GM paper,Gross before costs,55,circular_block_bootstrap,60,ok,60,0.16079035941729614,0.7045231286940088,0.5559274872240316,0.9468024894806039,-0.6055521182121669,0.384717069594971,0.3918949771207666,2.107506694011129,False,6
larger+VIX GM paper,Gross before costs,56,circular_block_bootstrap,60,ok,60,0.8528091858987084,0.624973453279728,1.3026629732731072,2.7214611852275454,-0.5281926205020755,0.15942244895780552,0.28642557432797944,21.835014066507732,False,6
larger+VIX GM paper,Gross before costs,57,circular_block_bootstrap,60,ok,60,0.9231230859500694,0.6868599127632816,1.3113051463827579,2.4779847019145618,-0.6279665280706586,0.30632303004804295,0.4038581563304258,26.304824385254605,False,6
larger+VIX GM paper,Gross before costs,58,circular_block_bootstrap,60,ok,60,-0.15018669074540114,0.7284305034470313,0.12758495930692199,0.2021210143585467,-0.8028701580940094,0.30219702796662573,0.34094737063860026,0.4432182578170647,False,6
larger+VIX GM paper,Gross before costs,59,circular_block_bootstrap,60,ok,60,0.54614285185223,0.5764142656468373,1.026322979995991,2.284786008463904,-0.5338805870097945,0.16090773905132857,0.25301076820511764,8.835844917380484,False,6
larger+VIX GM paper,Gross before costs,60,circular_block_bootstrap,60,ok,60,0.11614328253749129,0.6850975875791848,0.47575237224613387,0.8731875689838151,-0.8239530572808328,0.2694315259277686,0.3297037085094075,1.7322068396524908,False,6
larger+VIX GM paper,Gross before costs,61,circular_block_bootstrap,60,ok,60,0.7312966776226892,0.43637294296422074,1.5054629660692118,2.7970779578470824,-0.49723210273459273,0.12289864969015542,0.24442258979368112,15.554550958818856,False,6
larger+VIX GM paper,Gross before costs,62,circular_block_bootstrap,60,ok,60,0.5462604336084997,0.6801397180807429,0.9535595388040051,2.1143792214835,-0.5519137373481403,0.18912825082826684,0.2648480567937868,8.839205189663659,False,6
larger+VIX GM paper,Gross before costs,63,circular_block_bootstrap,60,ok,60,0.2993042607035128,0.6271974023265802,0.6890204465604826,1.6345351033447664,-0.5763880761135962,0.15942244895780552,0.2025425441776259,3.7030051239346577,False,6
larger+VIX GM paper,Gross before costs,64,circular_block_bootstrap,60,ok,60,0.7275429268188631,0.6332786619216517,1.172696049933124,2.505681138500029,-0.5644632411663062,0.18912825082826684,0.2662926498045326,15.38665579936052,False,6
larger+VIX GM paper,Gross before costs,65,circular_block_bootstrap,60,ok,60,0.4290004785917214,0.6090714427281751,0.8671075783362343,1.810991524065416,-0.49723210273459273,0.18912825082826684,0.22824601458160765,5.958842014358178,False,6
larger+VIX GM paper,Gross before costs,66,circular_block_bootstrap,60,ok,60,1.6375351784235321,0.6372148824234427,1.877939046694331,4.299303107788526,-0.4136850037379014,0.0924790770383414,0.3286730832438054,127.64132505184833,False,6
larger+VIX GM paper,Gross before costs,67,circular_block_bootstrap,60,ok,60,0.29121707382277995,0.654632326922859,0.7087543094065264,1.2553003507966534,-0.5593715925313335,0.2694315259277686,0.3667809324199167,3.5891887726164984,False,6
larger+VIX GM paper,Gross before costs,68,circular_block_bootstrap,60,ok,60,0.6477568678798822,0.6439180924333632,1.0975010810352808,2.0769327225962617,-0.49934131522116565,0.2694315259277686,0.3763514757876441,12.146905486595756,False,6
larger+VIX GM paper,Gross before costs,69,circular_block_bootstrap,60,ok,60,0.1640738799165513,0.5330406601256856,0.5619751465823672,0.8718286805407065,-0.49723210273459273,0.198907691766602,0.38471706959497104,2.1374832596785134,False,6
larger+VIX GM paper,Gross before costs,70,circular_block_bootstrap,60,ok,60,0.14497791195301413,0.5645790801813659,0.5316842906884991,0.8210126459859423,-0.7956310690962214,0.2735575280091858,0.38471706959497104,1.9678207845987477,False,6
larger+VIX GM paper,Gross before costs,71,circular_block_bootstrap,60,ok,60,0.5559542366428389,0.6310517227165435,1.0103772656058059,1.9605394338422761,-0.5620911838012979,0.1930571895778765,0.3552842650378616,9.119774447337907,False,6
larger+VIX GM paper,Gross before costs,72,circular_block_bootstrap,60,ok,60,-0.005792156252947933,0.664091207459353,0.3029541489400266,0.5254638106222173,-0.7222022568597946,0.2694315259277686,0.3763514757876441,0.9713727718822375,False,6
larger+VIX GM paper,Gross before costs,73,circular_block_bootstrap,60,ok,60,-0.04611015921612549,0.7257601054195786,0.277791792389403,0.47190571949188137,-0.6277361689730252,0.30632303004804295,0.39428761296269843,0.7897526961416883,False,6
larger+VIX GM paper,Gross before costs,74,circular_block_bootstrap,60,ok,60,0.1757392752194027,0.6628360954592064,0.5570054917939987,1.002544723648733,-0.6649291167634979,0.2694315259277686,0.3667809324199167,2.2467519618588003,False,6
larger+VIX GM paper,Gross before costs,75,circular_block_bootstrap,60,ok,60,0.06723139572864412,0.6164010041820932,0.4089193160797565,0.6612168425835212,-0.6380404083271811,0.2735575280091858,0.39428761296269843,1.3845000125084943,False,6
larger+VIX GM paper,Gross before costs,76,circular_block_bootstrap,60,ok,60,0.5368496481104812,0.747671635083566,0.9386340671939317,1.7570944650782396,-0.8034543350073547,0.30219702796662573,0.3578128638323895,8.573475479203122,False,6
larger+VIX GM paper,Gross before costs,77,circular_block_bootstrap,60,ok,60,0.02193733388913044,0.6722698695704307,0.3617844970477045,0.572635706139185,-0.857250335749618,0.30219702796662573,0.33520504461796385,1.114605871376928,False,6
larger+VIX GM paper,Gross before costs,78,circular_block_bootstrap,60,ok,60,0.5687436325528603,0.6502625646075838,1.013930685335657,1.918527409556835,-0.6136788965922627,0.19478168968518478,0.3763514757876441,9.500793531943598,False,6
larger+VIX GM paper,Gross before costs,79,circular_block_bootstrap,60,ok,60,0.5648156298337239,0.6379004376120517,1.0153574263007983,1.980549506124875,-0.6215684303554592,0.18912825082826684,0.2788484303762214,9.382441745823833,False,6
larger+VIX GM paper,Gross before costs,80,circular_block_bootstrap,60,ok,60,0.4569268859059994,0.6344206392352074,0.8950748366043337,1.7719807040920774,-0.4687294475143051,0.16090773905132857,0.33866188340819114,6.56430556294069,False,6
larger+VIX GM paper,Gross before costs,81,circular_block_bootstrap,60,ok,60,0.15864926430009585,0.5752079599961067,0.5353996874244599,0.8873260480397945,-0.6748052656049051,0.2694315259277686,0.33927425187713495,2.088141626685849,False,6
larger+VIX GM paper,Gross before costs,82,circular_block_bootstrap,60,ok,60,0.3980561749979328,0.5515630390597136,0.8775305129568752,1.642594883181501,-0.49723210273459273,0.1591748802662443,0.31918940608364327,5.341006546327657,False,6
larger+VIX GM paper,Gross before costs,83,circular_block_bootstrap,60,ok,60,0.36082108097032184,0.47901815183499413,0.8944829045039792,1.4407018318295257,-0.7113765511575252,0.2677070258204603,0.28495202689354304,4.666649059153216,False,6
larger+VIX GM paper,Gross before costs,84,circular_block_bootstrap,60,ok,60,0.3600896965776206,0.5824967728199981,0.7985043508557487,1.6887168164360042,-0.5297417781906886,0.1591748802662443,0.25399313316140854,4.6541218889953715,False,6
larger+VIX GM paper,Gross before costs,85,circular_block_bootstrap,60,ok,60,0.7916893932719855,0.6029058581261098,1.2565099006966691,3.052459581143185,-0.49723210273459273,0.1591618503351095,0.21555065515007488,18.463482259800003,False,6
larger+VIX GM paper,Gross before costs,86,circular_block_bootstrap,60,ok,60,0.6876746918282113,0.6994575348942835,1.087813928417633,2.199366462521291,-0.49934131522116565,0.2694315259277686,0.3667809324199167,13.691268548838025,False,6
larger+VIX GM paper,Gross before costs,87,circular_block_bootstrap,60,ok,60,0.5054805243401188,0.6027655069466545,0.9736487979247848,1.901213228436854,-0.45121090658446206,0.16090773905132857,0.33866188340819114,7.733493202904451,False,6
larger+VIX GM paper,Gross before costs,88,circular_block_bootstrap,60,ok,60,0.2709988012450675,0.7279420577754602,0.6685306281525237,1.2643189918716968,-0.5239761904737746,0.2694315259277686,0.3667809324199167,3.3168490310930574,False,6
larger+VIX GM paper,Gross before costs,89,circular_block_bootstrap,60,ok,60,0.8021998831252297,0.5435792837372471,1.3565690381142694,2.8866221135217716,-0.49934131522116565,0.16483667780093825,0.2792036932025155,19.011430049437912,False,6
larger+VIX GM paper,Gross before costs,90,circular_block_bootstrap,60,ok,60,0.008246333261228145,0.6139500408720393,0.3276928040809164,0.4831769346118524,-0.7679032443806025,0.30632303004804295,0.38471706959497104,1.0419173172607499,False,6
larger+VIX GM paper,Gross before costs,91,circular_block_bootstrap,60,ok,60,-0.29387578796969227,0.6658752919203414,-0.1757178174175362,-0.24664537383780447,-0.9040238145184157,0.384717069594971,0.39045939561560744,0.1755518924650075,False,6
larger+VIX GM paper,Gross before costs,92,circular_block_bootstrap,60,ok,60,0.27141552871522645,0.6106314671433163,0.6953952761970875,1.162386049817377,-0.6371768637415312,0.30219702796662573,0.33000494589950763,3.3222901408364467,False,6
larger+VIX GM paper,Gross before costs,93,circular_block_bootstrap,60,ok,60,0.656958415697646,0.4939332075745677,1.2696632600479647,2.6203237817774223,-0.49934131522116576,0.16090773905132857,0.25301076820511764,12.48987367446797,False,6
larger+VIX GM paper,Gross before costs,94,circular_block_bootstrap,60,ok,60,0.08631036481685683,0.7506069571935001,0.4592274758419623,0.8153183024689568,-0.5940300165353672,0.30219702796662573,0.30219702796662573,1.5127585508624593,False,6
larger+VIX GM paper,Gross before costs,95,circular_block_bootstrap,60,ok,60,0.9558195424190714,0.5460123466290355,1.4994184055505704,4.043476649641603,-0.3468684008151077,0.16066017035976735,0.18912825082826687,28.61830489531848,False,6
larger+VIX GM paper,Gross before costs,96,circular_block_bootstrap,60,ok,60,0.2033891041691469,0.684196762411229,0.6179832565817762,0.9920453869198606,-0.6798128503451947,0.384717069594971,0.39620172163624384,2.523657271919222,False,6
larger+VIX GM paper,Gross before costs,97,circular_block_bootstrap,60,ok,60,0.2904268105114387,0.6150613251208682,0.7187733224603506,1.2518049017820734,-0.6003828884560538,0.198907691766602,0.39428761296269843,3.5782187565810166,False,6
larger+VIX GM paper,Gross before costs,98,circular_block_bootstrap,60,ok,60,0.24573161219335926,0.6314075569351804,0.6490080106454524,1.1505526071769558,-0.5158890521725453,0.2694315259277686,0.3763514757876441,3.0000080986015534,False,6
larger+VIX GM paper,Gross before costs,99,circular_block_bootstrap,60,ok,60,0.4089886595475294,0.6289947508663085,0.8576147800812496,1.5167473196235535,-0.6742538359183841,0.2694315259277686,0.3667809324199167,5.553125495051962,False,6
larger+VIX GM paper,Gross before costs,100,circular_block_bootstrap,60,ok,60,0.058437289561615424,0.6114173360234578,0.3876810702187236,0.6403906079905737,-0.7484146654338462,0.2694315259277686,0.3667809324199167,1.3283901905062276,False,6
larger+VIX GM paper,Gross before costs,101,circular_block_bootstrap,60,ok,60,0.5654451551558464,0.6809376282077176,0.9885050655775267,1.9722683842548066,-0.5545841721498629,0.19478168968518478,0.3667809324199167,9.401329718372832,False,6
larger+VIX GM paper,Gross before costs,102,circular_block_bootstrap,60,ok,60,-0.25119497750926123,0.6327055308015954,-0.1320855053303209,-0.18443669250046674,-0.8861566382429267,0.30219702796662573,0.33520504461796385,0.2354202104001832,False,6
larger+VIX GM paper,Gross before costs,103,circular_block_bootstrap,60,ok,60,0.5894856342905925,0.577935450031765,1.0901384160121224,2.0782275294432826,-0.49934131522116565,0.1930571895778765,0.3277775844950798,10.145723810337223,False,6
larger+VIX GM paper,Gross before costs,104,circular_block_bootstrap,60,ok,60,0.03135730823593219,0.5153371301454569,0.32950628411076793,0.47771095033374916,-0.8512988029634216,0.2694315259277686,0.3572103890521892,1.1669325438856353,False,6
larger+VIX GM paper,Gross before costs,105,circular_block_bootstrap,60,ok,60,-0.3346934246471275,0.530637745300536,-0.455848005170456,-0.5413540501527234,-0.8711807228281232,0.384717069594971,0.384717069594971,0.13034941259693525,False,6
larger+VIX GM paper,Gross before costs,106,circular_block_bootstrap,60,ok,60,0.028720481831609135,0.6901098222260926,0.37216654065249993,0.6128737362334086,-0.7482848858060811,0.30219702796662573,0.33520504461796385,1.1520913969978743,False,6
larger+VIX GM paper,Gross before costs,107,circular_block_bootstrap,60,ok,60,0.592278400414253,0.608760008346052,1.0689390476651974,2.0480387686293184,-0.49723210273459273,0.16090773905132857,0.32909134004046375,10.235169029494703,False,6
larger+VIX GM paper,Gross before costs,108,circular_block_bootstrap,60,ok,60,0.44639904141276854,0.5064384314670829,0.9796579082826481,1.8908119009005697,-0.5501919788544684,0.16090773905132857,0.2543245237505016,6.330538094526833,False,6
larger+VIX GM paper,Gross before costs,109,circular_block_bootstrap,60,ok,60,0.5810632009385226,0.665009706339657,1.0187996785331943,1.897478385318002,-0.5844231466679558,0.2735575280091858,0.39428761296269843,9.879754503306946,False,6
larger+VIX GM paper,Gross before costs,110,circular_block_bootstrap,60,ok,60,0.3351878573138787,0.6684566008338135,0.7437069420826702,1.4523756735285647,-0.5624161459548778,0.1930571895778765,0.3277775844950798,4.243379464161303,False,6
larger+VIX GM paper,Gross before costs,111,circular_block_bootstrap,60,ok,60,-0.00608065413730674,0.6396628682576619,0.2779543721185594,0.512390381789497,-0.7058730531485464,0.2677070258204603,0.28495202689354304,0.9699642314054121,False,6
larger+VIX GM paper,Gross before costs,112,circular_block_bootstrap,60,ok,60,0.27228404629616465,0.5546775868787444,0.7020644280062851,1.2608070493944936,-0.5701396225750487,0.1930571895778765,0.3182070411273524,3.333653114672872,False,6
larger+VIX GM paper,Gross before costs,113,circular_block_bootstrap,60,ok,60,0.12288492129074835,0.6729403196042563,0.488838335781508,0.8649888581256238,-0.6697016332503304,0.2694315259277686,0.3667809324199167,1.7851563112297468,False,6
larger+VIX GM paper,Gross before costs,114,circular_block_bootstrap,60,ok,60,0.2366510913943778,0.719639382557539,0.6355900872450918,1.146101730230555,-0.8030325833642319,0.30632303004804295,0.39428761296269843,2.8922506381279947,False,6
larger+VIX GM paper,Gross before costs,115,circular_block_bootstrap,60,ok,60,0.6676468585841673,0.6826843300939227,1.0896067580736382,2.104370923393706,-0.5787026274884889,0.198907691766602,0.4038581563304258,12.897942857273302,False,6
larger+VIX GM paper,Gross before costs,116,circular_block_bootstrap,60,ok,60,0.7766498162449593,0.4399901741179156,1.5704822965273413,2.536871960283419,-0.7278138874316797,0.16483667780093825,0.3182070411273524,17.70146360791481,False,6
larger+VIX GM paper,Gross before costs,117,circular_block_bootstrap,60,ok,60,0.46946552928726026,0.7830335190833112,0.8556968665089528,1.7275375648611198,-0.4134286996981533,0.30219702796662573,0.3578128638323895,6.851679096361383,False,6
larger+VIX GM paper,Gross before costs,118,circular_block_bootstrap,60,ok,60,0.18007201998898625,0.5717146727232912,0.5644903896536432,0.9800848330080314,-0.6050557095995681,0.2677070258204603,0.30558203730062933,2.288455995791891,False,6
larger+VIX GM paper,Gross before costs,119,circular_block_bootstrap,60,ok,60,-0.029623931111852464,0.61015606866516,0.24231263150410828,0.3991412899941971,-0.695428137938634,0.2694315259277686,0.33927425187713495,0.8603999723876621,False,6
larger+VIX GM paper,Gross before costs,120,circular_block_bootstrap,60,ok,60,0.8532038293284798,0.7861189383652549,1.1530476158641123,2.7070827418315044,-0.6507143904240836,0.18912825082826684,0.2941005677374145,21.858277974370328,False,6
larger+VIX GM paper,Gross before costs,121,circular_block_bootstrap,60,ok,60,0.22535146496124714,0.7002559593996326,0.6240184509996295,1.129699282951505,-0.5300520764985244,0.30632303004804295,0.39428761296269843,2.7625069014174786,False,6
larger+VIX GM paper,Gross before costs,122,circular_block_bootstrap,60,ok,60,0.29639256264698033,0.6125574904966409,0.7026487517212601,1.4855619285761406,-0.6159317921775906,0.18912825082826684,0.23802545551994286,3.661699107482517,False,6
larger+VIX GM paper,Gross before costs,123,circular_block_bootstrap,60,ok,60,1.472606462915523,0.6324459367790604,1.7811390003879193,3.948385383121531,-0.49723210273459273,0.12288561975902061,0.31910253987607795,92.42192296249088,False,6
larger+VIX GM paper,Gross before costs,124,circular_block_bootstrap,60,ok,60,0.8907045598726298,0.722553501227955,1.2396450106480748,2.554181367392668,-0.4134286996981533,0.17187519280326163,0.4134286996981533,24.161192082999047,False,6
larger+VIX GM paper,Gross before costs,125,circular_block_bootstrap,60,ok,60,0.5428942972839554,0.740276581520677,0.9236611623471632,2.0726431896304582,-0.49499194939102453,0.16066017035976735,0.33866188340819114,8.74341050739211,False,6
larger+VIX GM paper,Gross before costs,126,circular_block_bootstrap,60,ok,60,0.34172562584740773,0.6821033141520452,0.7538731416684401,1.4365648220119627,-0.7844643072837129,0.2694315259277686,0.3572103890521892,4.348290719522092,False,6
larger+VIX GM paper,Gross before costs,127,circular_block_bootstrap,60,ok,60,0.45773534715460973,0.5255356401948631,0.9810079115592408,1.80644894988333,-0.49934131522116576,0.16483667780093825,0.3182070411273523,6.5825387350280655,False,6
larger+VIX GM paper,Gross before costs,128,circular_block_bootstrap,60,ok,60,0.6778544168879177,0.7245853987045393,1.0755070458370473,2.0695294830336937,-0.49723210273459273,0.384717069594971,0.3990728846465621,13.297542209946227,False,6
larger+VIX GM paper,Gross before costs,129,circular_block_bootstrap,60,ok,60,0.28528412216451304,0.7377947284264866,0.690070160781931,1.259285166555672,-0.60894448188372,0.30632303004804295,0.4038581563304258,3.5074841119484823,False,6
larger+VIX GM paper,Gross before costs,130,circular_block_bootstrap,60,ok,60,0.5438422472666173,0.625125602949699,0.999109253716816,1.98514210869463,-0.6055524545910339,0.16090773905132857,0.32909134004046375,8.770303168637339,False,6
larger+VIX GM paper,Gross before costs,131,circular_block_bootstrap,60,ok,60,0.6736643245944502,0.49554466728122887,1.3081406743573027,2.3215393288067165,-0.5200988514149701,0.16458910910937702,0.3182070411273523,13.132330214175974,False,6
larger+VIX GM paper,Gross before costs,132,circular_block_bootstrap,60,ok,60,0.9861511541653454,0.6041297040428426,1.4234568812113892,4.353447093626651,-0.3722489100661952,0.1591748802662443,0.17922631687144638,30.90732969993063,False,6
larger+VIX GM paper,Gross before costs,133,circular_block_bootstrap,60,ok,60,0.8616283843137902,0.5918995333602207,1.3374963407807634,3.1478643906275225,-0.49934131522116565,0.18912825082826684,0.23704013886090491,22.35964788868984,False,6
larger+VIX GM paper,Gross before costs,134,circular_block_bootstrap,60,ok,60,-0.07342250596022593,0.6458131719318185,0.2077389633470277,0.31238490563659405,-0.8732814044667327,0.30632303004804295,0.39428761296269843,0.6829811796235689,False,6
larger+VIX GM paper,Gross before costs,135,circular_block_bootstrap,60,ok,60,0.3220949189385527,0.5144750454835738,0.8006414865687228,1.384939692603253,-0.5902706580207571,0.1930571895778765,0.3182070411273523,4.0393657689216,False,6
larger+VIX GM paper,Gross before costs,136,circular_block_bootstrap,60,ok,60,0.30340694971392357,0.6660691638336618,0.7016003682137623,1.4386714207462592,-0.539909000594617,0.1930571895778765,0.3182070411273524,3.7618386271055693,False,6
larger+VIX GM paper,Gross before costs,137,circular_block_bootstrap,60,ok,60,0.1278230140075325,0.5683113903738757,0.5004323709044266,0.7600012868435774,-0.6786706523957309,0.30219702796662573,0.30219702796662573,1.8247558393906622,False,6
larger+VIX GM paper,Gross before costs,138,circular_block_bootstrap,60,ok,60,0.37656991922292393,0.6348433201381222,0.8168327032756851,1.4578423714956639,-0.549664070455617,0.2694315259277686,0.3667809324199167,4.943008709001125,False,6
larger+VIX GM paper,Gross before costs,139,circular_block_bootstrap,60,ok,60,1.6632787416117982,0.5977658936222852,1.9729380636612475,4.990360116165951,-0.4591517493274181,0.12438393978367847,0.2543245237505016,133.99330913991787,False,6
larger+VIX GM paper,Gross before costs,140,circular_block_bootstrap,60,ok,60,0.21223413439914096,0.7519120216721126,0.6240661532552686,1.0629241668233207,-0.8130036264868123,0.384717069594971,0.39907288464656215,2.6177763759334005,False,6
larger+VIX GM paper,Gross before costs,141,circular_block_bootstrap,60,ok,60,0.22364978724168627,0.6376693713574695,0.6280376482893729,1.0713585243874482,-0.7344851305722524,0.2694315259277686,0.3763514757876441,2.74337827513646,False,6
larger+VIX GM paper,Gross before costs,142,circular_block_bootstrap,60,ok,60,0.4643138701766927,0.8303801008052444,0.8422632698670844,1.7244602824234143,-0.6813810340697505,0.30632303004804295,0.39428761296269843,6.7324150234891045,False,6
larger+VIX GM paper,Gross before costs,143,circular_block_bootstrap,60,ok,60,0.26633495634494,0.5728824146385486,0.6874575876491285,1.2417614211520636,-0.6011524327270575,0.1930571895778765,0.3182070411273523,3.256439224473857,False,6
larger+VIX GM paper,Gross before costs,144,circular_block_bootstrap,60,ok,60,0.3150573154804197,0.7313141650001871,0.7424464179293384,1.2545978259883455,-0.6569175563427352,0.3861526511001301,0.4134286996981533,3.9329951212467833,False,6
larger+VIX GM paper,Gross before costs,145,circular_block_bootstrap,60,ok,60,0.31481723952056906,0.6083949590078471,0.7369029898204106,1.409362362413148,-0.49723210273459273,0.18912825082826684,0.2869226602116189,3.9294064073587363,False,6
larger+VIX GM paper,Gross before costs,146,circular_block_bootstrap,60,ok,60,-0.23843997249947702,0.6763526168679252,-0.059394828892862545,-0.08454857712669069,-0.8207194897094456,0.30219702796662573,0.31595036823801664,0.2561655384502269,False,6
larger+VIX GM paper,Gross before costs,147,circular_block_bootstrap,60,ok,60,0.2862794483839406,0.549198832086501,0.7266675371878341,1.2758077021141614,-0.6603041926320306,0.1930571895778765,0.3182070411273523,3.5210861709908596,False,6
larger+VIX GM paper,Gross before costs,148,circular_block_bootstrap,60,ok,60,0.6849943423755274,0.780568058244189,1.0445146156552263,2.071847239816726,-0.49934131522116565,0.3077586115532021,0.4134286996981533,13.582891607412035,False,6
larger+VIX GM paper,Gross before costs,149,circular_block_bootstrap,60,ok,60,0.12401328788041166,0.578283566319706,0.4728960696405798,0.8366416344555336,-0.7133485610014221,0.2677070258204603,0.28495202689354304,1.7941437108244611,False,6
larger+VIX GM paper,Gross before costs,150,circular_block_bootstrap,60,ok,60,0.46866568000308884,0.6995684224447133,0.8827677932378167,1.7050412228321414,-0.5650152076298915,0.2694315259277686,0.3667809324199167,6.8330520930439995,False,6
larger+VIX GM paper,Gross before costs,151,circular_block_bootstrap,60,ok,60,0.6680615252678286,0.6878879915464448,1.0863608362903157,2.1311906202730557,-0.49723210273459284,0.17043961129810253,0.4038581563304258,12.913986444673103,False,6
larger+VIX GM paper,Gross before costs,152,circular_block_bootstrap,60,ok,60,0.39409754216015025,0.5696847274186411,0.8727233150005053,1.5409799190526055,-0.5722125155880673,0.18912825082826684,0.27310610435558497,5.26581755023467,False,6
larger+VIX GM paper,Gross before costs,153,circular_block_bootstrap,60,ok,60,0.8926202940568493,0.7012416617484016,1.245790745294311,2.907795174540583,-0.5767615322205524,0.1591618503351095,0.2791173674908358,24.28384560598556,False,6
larger+VIX GM paper,Gross before costs,154,circular_block_bootstrap,60,ok,60,0.0563971646357575,0.6022740627274963,0.39412231672797177,0.6155577120761238,-0.6448325044579256,0.30219702796662573,0.34345704878079836,1.315637168746584,False,6
larger+VIX GM paper,Gross before costs,155,circular_block_bootstrap,60,ok,60,0.5029717256958441,0.6581119559324626,0.9233277374201371,1.9853699304160135,-0.49934131522116565,0.16483667780093825,0.3277775844950798,7.669270449180327,False,6
larger+VIX GM paper,Gross before costs,156,circular_block_bootstrap,60,ok,60,0.9099061793342875,0.4887225937738074,1.577361630557425,3.8835393602774166,-0.26770702582046035,0.1591748802662443,0.20541924186884422,25.413247684078918,False,6
larger+VIX GM paper,Gross before costs,157,circular_block_bootstrap,60,ok,60,0.3273355828555071,0.6787183251875115,0.7288696770027755,1.48853827397113,-0.5519435302828213,0.18912825082826684,0.24057118347911066,4.12006136926318,False,6
larger+VIX GM paper,Gross before costs,158,circular_block_bootstrap,60,ok,60,0.3285264196209039,0.7586509468615958,0.738888004992676,1.3602285802516823,-0.7156855417518861,0.384717069594971,0.3918949771207666,4.138576400657222,False,6
larger+VIX GM paper,Gross before costs,159,circular_block_bootstrap,60,ok,60,0.4813076195642956,0.7840895456221344,0.8578004797385798,1.846382741166321,-0.6106265526210434,0.2694315259277686,0.3572103890521892,7.132245502944963,False,6
larger+VIX GM paper,Gross before costs,160,circular_block_bootstrap,60,ok,60,-0.061210658764927484,0.6151772304521437,0.2097227783755433,0.31337541901169996,-0.826001463678821,0.30632303004804295,0.4038581563304258,0.7291900776980514,False,6
larger+VIX GM paper,Gross before costs,161,circular_block_bootstrap,60,ok,60,0.3406681580398516,0.7455135415505079,0.7439632382890888,1.4119718722054189,-0.8021957471085831,0.30632303004804295,0.39428761296269843,4.331182396258347,False,6
larger+VIX GM paper,Gross before costs,162,circular_block_bootstrap,60,ok,60,0.5309168055055014,0.7760530053238044,0.913805160359018,1.8534044387813164,-0.5712680111415489,0.198907691766602,0.4038581563304258,8.409263334423896,False,6
larger+VIX GM paper,Gross before costs,163,circular_block_bootstrap,60,ok,60,0.08821318390416444,0.6025674328125122,0.43718864841881183,0.7048952419524299,-0.5028539677354882,0.30219702796662573,0.35063495630659397,1.5260540500134554,False,6
larger+VIX GM paper,Gross before costs,164,circular_block_bootstrap,60,ok,60,0.4107690351459108,0.7266314652384894,0.81983448546579,1.5522334972897125,-0.49723210273459273,0.30632303004804295,0.4038581563304258,5.5882984748845805,False,6
larger+VIX GM paper,Gross before costs,165,circular_block_bootstrap,60,ok,60,0.4814036498382135,0.6493112881433305,0.938148289287161,1.5824472573265334,-0.6008315096324248,0.30632303004804295,0.4038581563304258,7.134557650296904,False,6
larger+VIX GM paper,Gross before costs,166,circular_block_bootstrap,60,ok,60,-0.014526486305043051,0.6232575139579307,0.2924542241866089,0.45381011796979015,-0.8804112843882634,0.384717069594971,0.3918949771207666,0.9294473248986028,False,6
larger+VIX GM paper,Gross before costs,167,circular_block_bootstrap,60,ok,60,-0.15172696920673878,0.638871644856643,0.07350335805735493,0.10647839053377732,-0.8011129582876003,0.4134286996981533,0.4134286996981533,0.4392161475307172,False,6
larger+VIX GM paper,Gross before costs,168,circular_block_bootstrap,60,ok,60,0.36583188081325435,0.5470800754610873,0.8537869663884906,1.4150114062321595,-0.577590421930927,0.2694315259277686,0.3572103890521892,4.753201530825335,False,6
larger+VIX GM paper,Gross before costs,169,circular_block_bootstrap,60,ok,60,0.0019854060403337037,0.7030598390708905,0.3665180273256665,0.5521346560037365,-0.6576167054797593,0.384717069594971,0.39428761296269843,1.0099665269123128,False,6
larger+VIX GM paper,Gross before costs,170,circular_block_bootstrap,60,ok,60,-0.10333878379058126,0.6466536134637959,0.150053977320268,0.23196767896391438,-0.8338923452014689,0.30632303004804295,0.4038581563304258,0.57961808396854,False,6
larger+VIX GM paper,Gross before costs,171,circular_block_bootstrap,60,ok,60,0.28124082490606783,0.7521527788391584,0.671287705567279,1.3382225013567097,-0.7002377409061159,0.2694315259277686,0.3667809324199167,3.4526602268157762,False,6
larger+VIX GM paper,Gross before costs,172,circular_block_bootstrap,60,ok,60,1.2932645979846575,0.5090657159508715,1.9178973951331932,4.89366108496543,-0.27206805817067337,0.10662691707035932,0.21532117582566465,63.42651267951906,False,6
larger+VIX GM paper,Gross before costs,173,circular_block_bootstrap,60,ok,60,0.4828996618670427,0.6361987382761997,0.9248016301750129,1.7736139558059105,-0.6973811104763905,0.2694315259277686,0.33927425187713495,7.170655047247278,False,6
larger+VIX GM paper,Gross before costs,174,circular_block_bootstrap,60,ok,60,0.03483654984824702,0.6301290224470382,0.36045095553024226,0.5856624891097403,-0.7312112948786811,0.30219702796662573,0.3506349563065939,1.186748787761677,False,6
larger+VIX GM paper,Gross before costs,175,circular_block_bootstrap,60,ok,60,0.3679117948353292,0.5365465437568758,0.8366634164641089,1.6267202714019378,-0.4326630942066678,0.16483667780093825,0.2792036932025155,4.789503239951319,False,6
larger+VIX GM paper,Gross before costs,176,circular_block_bootstrap,60,ok,60,0.13688039281521647,0.5665805687067813,0.49696327041311755,0.8813654110997658,-0.5444301476975073,0.18912825082826684,0.28692266021161894,1.8992139102394021,False,6
larger+VIX GM paper,Gross before costs,177,circular_block_bootstrap,60,ok,60,0.9109010475307182,0.4979794813832968,1.5756299141850008,3.1153349110653346,-0.4134286996981533,0.10476448895755079,0.29168272554086155,25.479505350266145,False,6
larger+VIX GM paper,Gross before costs,178,circular_block_bootstrap,60,ok,60,0.9717382869775515,0.6477484047388419,1.3632582172476995,3.367868120214568,-0.4134286996981533,0.12288561975902061,0.2539062669538432,29.80206434080131,False,6
larger+VIX GM paper,Gross before costs,179,circular_block_bootstrap,60,ok,60,0.331469915435193,0.6631335908310448,0.7432780543098334,1.4552483739277116,-0.7028956451410764,0.16458910910937702,0.3457137216701341,4.184627357768878,False,6
larger+VIX GM paper,Gross before costs,180,circular_block_bootstrap,60,ok,60,0.1760374193375498,0.5213889857123299,0.5875194854993648,0.872850723487242,-0.5239761904737747,0.2735575280091858,0.4038581563304258,2.2496020652232565,False,6
larger+VIX GM paper,Gross before costs,181,circular_block_bootstrap,60,ok,60,-0.033294246626422,0.7808652253094265,0.33619546966801167,0.5544635273652027,-0.7580657741609167,0.384717069594971,0.39620172163624395,0.8442508694705098,False,6
larger+VIX GM paper,Gross before costs,182,circular_block_bootstrap,60,ok,60,0.3577205822759355,0.5695698539338311,0.8102316812034669,1.5329953705903012,-0.5319168841599232,0.16483667780093825,0.3182070411273524,4.613728225478282,False,6
larger+VIX GM paper,Gross before costs,183,circular_block_bootstrap,60,ok,60,1.0940628549027966,0.6446281679538501,1.4546701090028058,4.394405742442759,-0.4273088273319927,0.16066017035976735,0.18912825082826687,40.26693429982224,False,6
larger+VIX GM paper,Gross before costs,184,circular_block_bootstrap,60,ok,60,0.6742436858828136,0.6412505319530845,1.1273758615418201,2.1443691444438997,-0.5218799958984732,0.2694315259277686,0.3667809324199167,13.15507561460562,False,6
larger+VIX GM paper,Gross before costs,185,circular_block_bootstrap,60,ok,60,0.1591157316796714,0.44306989310074185,0.57424840932363,0.8025744850012405,-0.5202298429334623,0.2694315259277686,0.3297037085094075,2.092348398292947,False,6
larger+VIX GM paper,Gross before costs,186,circular_block_bootstrap,60,ok,60,0.008547937114209647,0.6608883147494677,0.3174040561705945,0.5651638566985528,-0.6422738359987216,0.2694315259277686,0.3297037085094075,1.0434766303406466,False,6
larger+VIX GM paper,Gross before costs,187,circular_block_bootstrap,60,ok,60,-0.03273004279871283,0.7951734094847838,0.35882390473562503,0.5616217201435562,-0.7621668641953145,0.3861526511001301,0.4134286996981533,0.8467174209561336,False,6
larger+VIX GM paper,Gross before costs,188,circular_block_bootstrap,60,ok,60,0.9756583605141873,0.6137517075840978,1.4400817191695716,2.710613920743012,-0.7124359999538484,0.13416338072201364,0.39428761296269843,30.099496664500187,False,6
larger+VIX GM paper,Gross before costs,189,circular_block_bootstrap,60,ok,60,0.8414258725646662,0.5988196740784977,1.3281707528930444,2.646575701614486,-0.49934131522116565,0.1930571895778765,0.3277775844950798,21.17245429878884,False,6
larger+VIX GM paper,Gross before costs,190,circular_block_bootstrap,60,ok,60,0.3520046681449289,0.6046466588580006,0.7991748053823465,1.3808033563090245,-0.7244067003709665,0.2694315259277686,0.3297037085094075,4.517425048246776,False,6
larger+VIX GM paper,Gross before costs,191,circular_block_bootstrap,60,ok,60,0.06052669344820094,0.6947182054521933,0.4259289510446026,0.6909354495309281,-0.7140773802456405,0.384717069594971,0.384717069594971,1.3415535749084655,False,6
larger+VIX GM paper,Gross before costs,192,circular_block_bootstrap,60,ok,60,0.547045379114171,0.6044583830558856,1.0117731317172751,1.9835945027766992,-0.6584625107012887,0.2677070258204603,0.2815030266789265,8.86166370357723,False,6
larger+VIX GM paper,Gross before costs,193,circular_block_bootstrap,60,ok,60,0.5672790721322145,0.6189023867597919,1.0235416442172995,2.1250752548106204,-0.6920550627037354,0.12288561975902061,0.3191025398760779,9.456527122412268,False,6
larger+VIX GM paper,Gross before costs,194,circular_block_bootstrap,60,ok,60,0.4489649130314115,0.4854471763536997,1.0175917263806713,1.7099589348858888,-0.5011882921830519,0.1930571895778765,0.2907003605845706,6.3868886602436294,False,6
larger+VIX GM paper,Gross before costs,195,circular_block_bootstrap,60,ok,60,0.14858802310373664,0.6974692784284819,0.5368181967290806,0.9269829546900494,-0.7221638475353602,0.384717069594971,0.39907288464656215,1.999039689573773,False,6
larger+VIX GM paper,Gross before costs,196,circular_block_bootstrap,60,ok,60,0.03943423146983549,0.6407681227787339,0.3627311378479483,0.6025425680975085,-0.8737796583998804,0.2694315259277686,0.30219702796662573,1.2133471552743136,False,6
larger+VIX GM paper,Gross before costs,197,circular_block_bootstrap,60,ok,60,0.4041351054937079,0.6013386688018535,0.8580597089901435,1.6001660107641111,-0.49723210273459273,0.18912825082826684,0.28692266021161894,5.4581376934536765,False,6
larger+VIX GM paper,Gross before costs,198,circular_block_bootstrap,60,ok,60,0.4842196757840085,0.76286392919736,0.8778704528858203,1.7457424018570622,-0.6394068638237804,0.2694315259277686,0.3667809324199167,7.202626970341504,False,6
larger+VIX GM paper,Gross before costs,199,circular_block_bootstrap,60,ok,60,0.14468432262442987,0.6351310981114004,0.5342973331308746,0.8359293332495102,-0.49934131522116565,0.30632303004804295,0.39428761296269843,1.965299185818727,False,6
larger+VIX GM paper,Gross before costs,200,circular_block_bootstrap,60,ok,60,0.823664681867563,0.6049531338724271,1.291463566705356,2.9798527996600046,-0.49934131522116565,0.18912825082826684,0.23704013886090491,20.170884238241953,False,6
larger+VIX GM paper,Gross before costs,201,circular_block_bootstrap,60,ok,60,0.4938515081539123,0.5889806239890888,0.9537179081136329,2.0696323714313647,-0.48900378621835816,0.18912825082826684,0.23704013886090491,7.439386964395993,False,6
larger+VIX GM paper,Gross before costs,202,circular_block_bootstrap,60,ok,60,0.08446864321415637,0.48433681587671135,0.43212863900428017,0.6020182219033422,-0.6044173279505565,0.2694315259277686,0.3667809324199167,1.499978367587006,False,6
larger+VIX GM paper,Gross before costs,203,circular_block_bootstrap,60,ok,60,0.6268130882369645,0.6907532767097639,1.0506071860553285,1.9443164357373601,-0.6761915515934861,0.30632303004804295,0.39428761296269843,11.394316768700055,False,6
larger+VIX GM paper,Gross before costs,204,circular_block_bootstrap,60,ok,60,0.43948666604813047,0.5857920839767126,0.9156020341262227,1.6387978937469772,-0.6250646964892848,0.17043961129810253,0.39428761296269843,6.180708077852164,False,6
larger+VIX GM paper,Gross before costs,205,circular_block_bootstrap,60,ok,60,0.2158779138476552,0.7683300425100399,0.6130358867759211,1.1427156507252738,-0.7323934889331365,0.30632303004804295,0.4038581563304258,2.657356664433846,False,6
larger+VIX GM paper,Gross before costs,206,circular_block_bootstrap,60,ok,60,0.3194529929170915,0.8050007866244276,0.7372231877597574,1.2918529985993412,-0.667829170953951,0.3861526511001301,0.4134286996981533,3.9991676702475565,False,6
larger+VIX GM paper,Gross before costs,207,circular_block_bootstrap,60,ok,60,0.7082183899990162,0.675061464534778,1.1395779217014856,2.035466248649386,-0.684253110756377,0.30219702796662573,0.3506349563065939,14.545108491577869,False,6
larger+VIX GM paper,Gross before costs,208,circular_block_bootstrap,60,ok,60,0.33434794086874065,0.7189874293761228,0.7280511165284672,1.506959036572631,-0.49934131522116565,0.2694315259277686,0.33927425187713495,4.230049493652884,False,6
larger+VIX GM paper,Gross before costs,209,circular_block_bootstrap,60,ok,60,0.30855663922772414,0.47535751273729415,0.8201136813289235,1.283812438865531,-0.6784006989056992,0.18912825082826684,0.28692266021161894,3.8367422661180095,False,6
larger+VIX GM paper,Gross before costs,210,circular_block_bootstrap,60,ok,60,-0.07641809431486735,0.5744290338706737,0.15114215827750455,0.22260430564792713,-0.7023658487397869,0.30219702796662573,0.35063495630659397,0.6720120790574365,False,6
larger+VIX GM paper,Gross before costs,211,circular_block_bootstrap,60,ok,60,0.8924368289121953,0.6039552025002948,1.365736211899261,2.895012118328571,-0.4591517493274181,0.12288561975902061,0.31910253987607795,24.2720778584122,False,6
larger+VIX GM paper,Gross before costs,212,circular_block_bootstrap,60,ok,60,0.6155584504233171,0.6613312119505982,1.040825019882833,2.2305628500297088,-0.5271939210795191,0.1591748802662443,0.31918940608364327,11.005591184847987,False,6
larger+VIX GM paper,Gross before costs,213,circular_block_bootstrap,60,ok,60,0.7217000123839941,0.6630475378895085,1.1314649799283414,2.6778345272400235,-0.49723210273459273,0.16090773905132857,0.2543245237505016,15.128205418602608,False,6
larger+VIX GM paper,Gross before costs,214,circular_block_bootstrap,60,ok,60,0.5199027519673853,0.5106091897663868,1.060548050407898,2.422242134159169,-0.45951503982785213,0.15942244895780552,0.19392004364108456,8.111086010512954,False,6
larger+VIX GM paper,Gross before costs,215,circular_block_bootstrap,60,ok,60,-0.26583801505672633,0.601379698618596,-0.1819935046709477,-0.23592946476594467,-0.8947931245219064,0.384717069594971,0.3918949771207666,0.21328458314674625,False,6
larger+VIX GM paper,Gross before costs,216,circular_block_bootstrap,60,ok,60,-0.1110040332188762,0.6402399434746121,0.1506138577019059,0.2144988144851328,-0.6578400769492934,0.384717069594971,0.3918949771207666,0.5552632788483177,False,6
larger+VIX GM paper,Gross before costs,217,circular_block_bootstrap,60,ok,60,0.49023552737528386,0.5913190453972546,0.9641712238097637,1.8776205097577983,-0.4591517493274181,0.18912825082826684,0.2941005677374145,7.349783798677709,False,6
larger+VIX GM paper,Gross before costs,218,circular_block_bootstrap,60,ok,60,0.020103622366536955,0.5993461205763259,0.3319832441212365,0.5161172345825221,-0.7966056483783022,0.2694315259277686,0.3572103890521892,1.104641738069967,False,6
larger+VIX GM paper,Gross before costs,219,circular_block_bootstrap,60,ok,60,0.40012197180669684,0.7049885360351805,0.8260730614575976,1.4524973278805708,-0.5199635385325567,0.30632303004804295,0.4038581563304258,5.380583242726819,False,6
larger+VIX GM paper,Gross before costs,220,circular_block_bootstrap,60,ok,60,0.24402303022084215,0.6896519617373322,0.6519018248193382,1.1283437731341814,-0.6981434495578202,0.30632303004804295,0.39428761296269843,2.9794911649599447,False,6
larger+VIX GM paper,Gross before costs,221,circular_block_bootstrap,60,ok,60,0.5836335889123518,0.5872149788249471,1.071721609529468,2.0852174308646725,-0.5598486334093236,0.2677070258204603,0.28495202689354304,9.960325308036433,False,6
larger+VIX GM paper,Gross before costs,222,circular_block_bootstrap,60,ok,60,0.2372144049688354,0.7346840939627801,0.6273081403781892,1.236212570490752,-0.738498343670053,0.17068717998966376,0.39428761296269843,2.8988439651553435,False,6
larger+VIX GM paper,Gross before costs,223,circular_block_bootstrap,60,ok,60,0.1264909790769877,0.6110851442571127,0.4932119717702845,0.8258372728961768,-0.6355685251408734,0.2694315259277686,0.3572103890521892,1.8140054655766684,False,6
larger+VIX GM paper,Gross before costs,224,circular_block_bootstrap,60,ok,60,0.3317413407939147,0.6521644198555285,0.7719588223643401,1.297740061617249,-0.6575594653587957,0.384717069594971,0.39907288464656215,4.188894360512227,False,6
larger+VIX GM paper,Gross before costs,225,circular_block_bootstrap,60,ok,60,0.2404992653030078,0.6628895309157006,0.6549305230761391,1.0963722976746226,-0.7017300930476892,0.30632303004804295,0.39428761296269843,2.937531666372615,False,6
larger+VIX GM paper,Gross before costs,226,circular_block_bootstrap,60,ok,60,0.16321462605601833,0.658803030741918,0.5332161755961068,0.9754340558175821,-0.801407855636511,0.2677070258204603,0.28150302667892646,2.1296060477367282,False,6
larger+VIX GM paper,Gross before costs,227,circular_block_bootstrap,60,ok,60,0.3690987560785379,0.5273461564530736,0.8538497975139043,1.5948122753765155,-0.459151749327418,0.18912825082826684,0.25767014926799126,4.810319016149189,False,6
larger+VIX GM paper,Gross before costs,228,circular_block_bootstrap,60,ok,60,0.172109336878284,0.5887775088270675,0.5787580569914745,0.8590027031785779,-0.7152817968893568,0.30632303004804295,0.39428761296269843,2.212282721877456,False,6
larger+VIX GM paper,Gross before costs,229,circular_block_bootstrap,60,ok,60,0.1660701817455883,0.614727683650256,0.5427516862296848,0.9705812042203448,-0.6357564733863741,0.19478168968518478,0.3572103890521892,2.1558743701329512,False,6
larger+VIX GM paper,Gross before costs,230,circular_block_bootstrap,60,ok,60,0.11061671090011038,0.6728602593353129,0.48286240078071657,0.7796704266158464,-0.7280086004069035,0.30219702796662573,0.32444336231293125,1.689744412378574,False,6
larger+VIX GM paper,Gross before costs,231,circular_block_bootstrap,60,ok,60,0.10617401058860221,0.5622672751711292,0.47780948670336026,0.7023939161288641,-0.5428183053655224,0.384717069594971,0.3990728846465621,1.6562170561639304,False,6
larger+VIX GM paper,Gross before costs,232,circular_block_bootstrap,60,ok,60,-0.10145322471026041,0.6646963970408889,0.18927486297939944,0.2691422556173706,-0.8905945319906191,0.4134286996981533,0.4134286996981533,0.5857380669734784,False,6
larger+VIX GM paper,Gross before costs,233,circular_block_bootstrap,60,ok,60,-0.06160453669939814,0.6222421066421999,0.21129268057106537,0.31835511757111806,-0.8704192940853204,0.30632303004804295,0.38471706959497104,0.7276616678343307,False,6
larger+VIX GM paper,Gross before costs,234,circular_block_bootstrap,60,ok,60,-0.1804929900487724,0.6514009129344985,0.021798358830982748,0.03231165857220391,-0.9317368733412781,0.30219702796662573,0.34094737063860026,0.3696267247923439,False,6
larger+VIX GM paper,Gross before costs,235,circular_block_bootstrap,60,ok,60,0.22897544352049692,0.6166341656032582,0.6350472076838447,1.112714851979853,-0.7534136792794729,0.2694315259277686,0.3667809324199167,2.8035998372984845,False,6
larger+VIX GM paper,Gross before costs,236,circular_block_bootstrap,60,ok,60,0.10349495549295296,0.6902235447308652,0.46953218153787957,0.8312821779598715,-0.6772027776429853,0.198907691766602,0.39428761296269843,1.6362579168968232,False,6
larger+VIX GM paper,Gross before costs,237,circular_block_bootstrap,60,ok,60,0.05912482579833678,0.7695643531983734,0.4542734523958315,0.7382652159479578,-0.7423187402534288,0.384717069594971,0.39620172163624395,1.3327102560908972,False,6
larger+VIX GM paper,Gross before costs,238,circular_block_bootstrap,60,ok,60,0.2350085269205031,0.6419634780408175,0.6484697594929525,1.082045892182501,-0.709631331727093,0.30632303004804295,0.4038581563304258,2.873093638999087,False,6
larger+VIX GM paper,Gross before costs,239,circular_block_bootstrap,60,ok,60,0.03873852483369866,0.6320754098030896,0.36994807636649885,0.5866174075208683,-0.6996727535154348,0.30219702796662573,0.34345704878079836,1.2092920432746423,False,6
larger+VIX GM paper,Gross before costs,240,circular_block_bootstrap,60,ok,60,0.6058583604362808,0.7864010472882228,0.9854381395756753,1.8191310573268857,-0.6178044513442631,0.3077586115532021,0.4134286996981533,10.67913767442429,False,6
larger+VIX GM paper,Gross before costs,241,circular_block_bootstrap,60,ok,60,0.42768870218601474,0.6037535175688351,0.889749561442376,1.6009460186587894,-0.4134286996981533,0.1665611779082465,0.3763514757876441,5.931542056293859,False,6
larger+VIX GM paper,Gross before costs,242,circular_block_bootstrap,60,ok,60,0.9620117500702741,0.6177017188707522,1.405287737153183,3.035963824373079,-0.49934131522116576,0.16483667780093825,0.3182070411273523,29.07421647813168,False,6
larger+VIX GM paper,Gross before costs,243,circular_block_bootstrap,60,ok,60,0.36808294793025054,0.6217006363092468,0.8015658798769136,1.5226165914151035,-0.6801030359659026,0.2677070258204603,0.3055820373006294,4.792500302564185,False,6
larger+VIX GM paper,Gross before costs,244,circular_block_bootstrap,60,ok,60,0.29018027154744996,0.6157391611665991,0.7137350341735399,1.2891491837766953,-0.6244443152794288,0.19478168968518478,0.3572103890521892,3.574801928438964,False,6
larger+VIX GM paper,Gross before costs,245,circular_block_bootstrap,60,ok,60,0.08452971200404513,0.6785507597840271,0.4573139035260867,0.728780017361512,-0.6366065506236709,0.30632303004804295,0.38471706959497104,1.5004007503895085,False,6
larger+VIX GM paper,Gross before costs,246,circular_block_bootstrap,60,ok,60,0.8594911942185754,0.6107864729468584,1.3206345945091331,2.871696838978596,-0.49723210273459273,0.1032193217522231,0.30637403791955553,22.231595416813107,False,6
larger+VIX GM paper,Gross before costs,247,circular_block_bootstrap,60,ok,60,0.48363983407589917,0.6174570902032095,0.9384985226203246,1.8022551632588335,-0.6190927038245555,0.1930571895778765,0.3277775844950798,7.188568668583757,False,6
larger+VIX GM paper,Gross before costs,248,circular_block_bootstrap,60,ok,60,0.2934322766622157,0.5360874264786938,0.7573999073442197,1.2331709968891174,-0.49723210273459273,0.13416338072201364,0.39428761296269843,3.6200825269357693,False,6
larger+VIX GM paper,Gross before costs,249,circular_block_bootstrap,60,ok,60,0.23793925359462587,0.7240645690149434,0.6258820413825553,1.2175234969070867,-0.542644858375884,0.2694315259277686,0.33927425187713495,2.9073456710531693,False,6
larger+VIX GM paper,Gross before costs,250,circular_block_bootstrap,60,ok,60,-0.07370798018321845,0.6789063954201559,0.22114589074224703,0.3427954490955672,-0.7807965190148096,0.30219702796662573,0.34094737063860026,0.681929711079594,False,6
larger+VIX GM paper,Gross before costs,251,circular_block_bootstrap,60,ok,60,0.08273072525670311,0.4753969699991506,0.4143186101405463,0.6067244100974621,-0.6392281461101892,0.2677070258204603,0.30558203730062933,1.4879978573985346,False,6
larger+VIX GM paper,Gross before costs,252,circular_block_bootstrap,60,ok,60,1.1027261421786143,0.7087706239425628,1.409640962355804,2.9869520247819796,-0.4134286996981533,0.13559896222717277,0.4134286996981533,41.10679058631571,False,6
larger+VIX GM paper,Gross before costs,253,circular_block_bootstrap,60,ok,60,0.05336270685904698,0.5360256752908608,0.36320146213958326,0.5573443448565997,-0.49934131522116565,0.2694315259277686,0.30219702796662573,1.2968498403055648,False,6
larger+VIX GM paper,Gross before costs,254,circular_block_bootstrap,60,ok,60,0.6093263571414251,0.6537123408453751,1.042667734559784,2.2106012849205317,-0.5657660892259428,0.1591618503351095,0.24938393803905406,10.794949637718819,False,6
larger+VIX GM paper,Gross before costs,255,circular_block_bootstrap,60,ok,60,-0.319426624174422,0.4840444325387762,-0.5102983978571967,-0.590289379923794,-0.8972903641647846,0.30219702796662573,0.33520504461796385,0.14600736960393657,False,6
larger+VIX GM paper,Gross before costs,256,circular_block_bootstrap,60,ok,60,0.5462673401739975,0.6594087285616557,0.9679562981803117,2.084276895322136,-0.7281713096594786,0.2677070258204603,0.28495202689354304,8.839402598501227,False,6
larger+VIX GM paper,Gross before costs,257,circular_block_bootstrap,60,ok,60,0.18555528656117137,0.6346676844193655,0.5797722816905908,0.9611427023082597,-0.6648667446349887,0.2694315259277686,0.3667809324199167,2.3421195393068133,False,6
larger+VIX GM paper,Gross before costs,258,circular_block_bootstrap,60,ok,60,0.7621748281518488,0.5968929927620548,1.2456139160652675,2.6282716111427114,-0.4134286996981533,0.10514162697683625,0.3287599494513707,16.992018266879555,False,6
larger+VIX GM paper,Gross before costs,259,circular_block_bootstrap,60,ok,60,0.3610091808596114,0.7972374172321671,0.7603881315389426,1.4937894744889835,-0.6282723257330867,0.4134286996981533,0.4134286996981533,4.669875195507457,False,6
larger+VIX GM paper,Gross before costs,260,circular_block_bootstrap,60,ok,60,0.13252277865005824,0.5557409584153042,0.5021382684776825,0.8062766409598112,-0.5886800681396835,0.1930571895778765,0.3457137216701341,1.8630938365235257,False,6
larger+VIX GM paper,Gross before costs,261,circular_block_bootstrap,60,ok,60,0.5933643038251772,0.723105411035098,0.9799436541035658,2.1161791238962997,-0.5239761904737747,0.2677070258204603,0.31275994482642494,10.270117612992655,False,6
larger+VIX GM paper,Gross before costs,262,circular_block_bootstrap,60,ok,60,-0.10216823442394418,0.6147989570554255,0.11882679003055222,0.19441556739212212,-0.768733918976608,0.19478168968518478,0.3572103890521892,0.5834112965485596,False,6
larger+VIX GM paper,Gross before costs,263,circular_block_bootstrap,60,ok,60,0.9537152372706639,0.6284546890616113,1.3988603475106907,2.6999689103674553,-0.49934131522116576,0.2694315259277686,0.3667809324199167,28.464680808221196,False,6
larger+VIX GM paper,Gross before costs,264,circular_block_bootstrap,60,ok,60,0.11486648836963131,0.6534505424552179,0.47666055703425353,0.8476848104249657,-0.5785765508950445,0.198907691766602,0.38471706959497104,1.7223218302742362,False,6
larger+VIX GM paper,Gross before costs,265,circular_block_bootstrap,60,ok,60,0.8146672663379879,0.6630294197701264,1.2100397169038652,3.0383877879101244,-0.4134286996981533,0.12288561975902061,0.2539062669538432,19.67818443197995,False,6
larger+VIX GM paper,Gross before costs,266,circular_block_bootstrap,60,ok,60,-0.08909620288108044,0.5636324983995018,0.12899224765331288,0.17858745843064872,-0.6007331722690923,0.30219702796662573,0.3187010362922948,0.6271371993646357,False,6
larger+VIX GM paper,Gross before costs,267,circular_block_bootstrap,60,ok,60,-0.08276270941774289,0.6907173834693165,0.20454817228890784,0.33332752934515997,-0.6970586482498748,0.30219702796662573,0.35063495630659397,0.6492448509589541,False,6
larger+VIX GM paper,Gross before costs,268,circular_block_bootstrap,60,ok,60,0.6781123104650395,0.552073418778432,1.2380763315895378,2.0933757153909487,-0.648894342006636,0.2694315259277686,0.3667809324199167,13.307764804551116,False,6
larger+VIX GM paper,Gross before costs,269,circular_block_bootstrap,60,ok,60,0.7382379204613492,0.5964102156508587,1.225787656601992,2.5463592043798466,-0.4280382625656213,0.1591748802662443,0.31918940608364327,15.868873572491609,False,6
larger+VIX GM paper,Gross before costs,270,circular_block_bootstrap,60,ok,60,0.24454797230120584,0.7374898268524528,0.662362431809152,1.0999022017934974,-0.7217209982364261,0.3861526511001301,0.4134286996981533,2.985782772056089,False,6
larger+VIX GM paper,Gross before costs,271,circular_block_bootstrap,60,ok,60,0.39578929171795774,0.6089369017365552,0.8347486934947627,1.646308679522816,-0.5438846467441019,0.2677070258204603,0.28495202689354304,5.297845767220228,False,6
larger+VIX GM paper,Gross before costs,272,circular_block_bootstrap,60,ok,60,1.0529535436377033,0.5724708925547894,1.55801902643185,3.5122773535334617,-0.459151749327418,0.1591618503351095,0.24268694902141255,36.466628192819016,False,6
larger+VIX GM paper,Gross before costs,273,circular_block_bootstrap,60,ok,60,0.3113326769014815,0.5622216820285845,0.7433862735187731,1.4410822988739231,-0.49934131522116576,0.1930571895778765,0.2792036932025155,3.8776125945681943,False,6
larger+VIX GM paper,Gross before costs,274,circular_block_bootstrap,60,ok,60,0.6940500680731734,0.7222630227321466,1.0634479728197352,2.495534550111553,-0.45269034598135105,0.16066017035976735,0.32909134004046375,13.951831076013677,False,6
larger+VIX GM paper,Gross before costs,275,circular_block_bootstrap,60,ok,60,0.1923749400875019,0.6938089427281496,0.5965412256230832,0.9725352878056502,-0.8445243899883237,0.30219702796662573,0.34094737063860026,2.410261700881171,False,6
larger+VIX GM paper,Gross before costs,276,circular_block_bootstrap,60,ok,60,-0.1316682350249122,0.5554566779602448,0.033489458029698015,0.04691110696198389,-0.810203250596755,0.30219702796662573,0.33000494589950763,0.49366057249136,False,6
larger+VIX GM paper,Gross before costs,277,circular_block_bootstrap,60,ok,60,0.6383762872313079,0.5670504270110397,1.1440683949796508,2.467976726713476,-0.5438846467441019,0.18912825082826684,0.23704013886090491,11.805061889373805,False,6
larger+VIX GM paper,Gross before costs,278,circular_block_bootstrap,60,ok,60,0.6591775610685477,0.8596364516686925,0.9932391963785251,2.0924735158267502,-0.4973682984688639,0.3861526511001301,0.4134286996981533,12.573735726428188,False,6
larger+VIX GM paper,Gross before costs,279,circular_block_bootstrap,60,ok,60,0.3215094804070959,0.4817364227628153,0.8266214160988858,1.3614156120467917,-0.6896800708437922,0.16483667780093825,0.3182070411273524,4.030430302425955,False,6
larger+VIX GM paper,Gross before costs,280,circular_block_bootstrap,60,ok,60,0.5271170723177805,0.6395440758284037,0.9622992108955715,2.0438255322175762,-0.4591517493274181,0.18912825082826684,0.2439617695800463,8.305421193320422,False,6
larger+VIX GM paper,Gross before costs,281,circular_block_bootstrap,60,ok,60,0.7846510180917137,0.6777679158706825,1.1964547631833249,2.370011561721729,-0.6375308401267938,0.198907691766602,0.4038581563304258,18.103665656540826,False,6
larger+VIX GM paper,Gross before costs,282,circular_block_bootstrap,60,ok,60,0.23491036242919372,0.7318907764870598,0.659956676227319,1.0565828882661243,-0.7467680230475707,0.384717069594971,0.39907288464656215,2.8719519831407685,False,6
larger+VIX GM paper,Gross before costs,283,circular_block_bootstrap,60,ok,60,0.8511543714433487,0.48384228575460747,1.5413151333664383,3.081991452045824,-0.49273340959430645,0.16090773905132857,0.2543245237505016,21.737679674299034,False,6
larger+VIX GM paper,Gross before costs,284,circular_block_bootstrap,60,ok,60,0.1970414228198747,0.740522449115433,0.5976372195034224,1.0559496462364606,-0.7141438407747118,0.3861526511001301,0.4134286996981533,2.4577963542717076,False,6
larger+VIX GM paper,Gross before costs,285,circular_block_bootstrap,60,ok,60,0.28482084050779055,0.6276459184329295,0.7257556181779987,1.1569361454326317,-0.5601444578008858,0.3077586115532021,0.4134286996981533,3.501167290580711,False,6
larger+VIX GM paper,Gross before costs,286,circular_block_bootstrap,60,ok,60,0.5805925820312607,0.816874359001192,0.965937567747419,1.7228760870698927,-0.789801657290687,0.4134286996981533,0.4134286996981533,9.865059227077273,False,6
larger+VIX GM paper,Gross before costs,287,circular_block_bootstrap,60,ok,60,0.4866714231380831,0.6834569691813911,0.9094284562814058,1.7746906205524413,-0.5358732201946856,0.2694315259277686,0.3763514757876441,7.26231307812431,False,6
larger+VIX GM paper,Gross before costs,288,circular_block_bootstrap,60,ok,60,0.3591718989607793,0.6393645556036384,0.7806238041599465,1.5098443458694895,-0.49723210273459273,0.1665611779082465,0.3572103890521892,4.638439905124398,False,6
larger+VIX GM paper,Gross before costs,289,circular_block_bootstrap,60,ok,60,0.1032163543858291,0.7317688723444441,0.5081612506984436,0.790231166236367,-0.7081528648614676,0.3861526511001301,0.4134286996981533,1.6341934165654213,False,6
larger+VIX GM paper,Gross before costs,290,circular_block_bootstrap,60,ok,60,0.4386398949118937,0.6173176740992838,0.8978421731930547,1.6101188498887706,-0.6836471273993494,0.2694315259277686,0.3763514757876441,6.162550592921458,False,6
larger+VIX GM paper,Gross before costs,291,circular_block_bootstrap,60,ok,60,0.3903531962435176,0.5889767958343113,0.83640803072488,1.7038659465654178,-0.4964636052770194,0.16066017035976735,0.28051744874789936,5.195480247265401,False,6
larger+VIX GM paper,Gross before costs,292,circular_block_bootstrap,60,ok,60,0.2939261916418594,0.6197181937433439,0.7278039340121233,1.2270427291320682,-0.5604038674534929,0.198907691766602,0.4038581563304258,3.626999700321464,False,6
larger+VIX GM paper,Gross before costs,293,circular_block_bootstrap,60,ok,60,0.07449581440422137,0.7431568060941985,0.45864682409982976,0.7483917777774215,-0.769829405215208,0.384717069594971,0.39907288464656215,1.4322658611269126,False,6
larger+VIX GM paper,Gross before costs,294,circular_block_bootstrap,60,ok,60,0.33842607486021437,0.6322293632747303,0.7534036499112211,1.4906551153106475,-0.5207476415713624,0.1930571895778765,0.3277775844950798,4.295086792660464,False,6
larger+VIX GM paper,Gross before costs,295,circular_block_bootstrap,60,ok,60,1.0852334115427795,0.7060446222378732,1.393478366105161,3.222700320360865,-0.5690122926488854,0.16066017035976735,0.3290913400404637,39.425151864877016,False,6
larger+VIX GM paper,Gross before costs,296,circular_block_bootstrap,60,ok,60,0.5881101302126153,0.5194198043669278,1.151246125021973,2.2704771367145984,-0.6163088899843427,0.18912825082826684,0.23704013886090491,10.101900350845238,False,6
larger+VIX GM paper,Gross before costs,297,circular_block_bootstrap,60,ok,60,0.05288973019240384,0.6053078934719275,0.3985193007411671,0.5884357193488561,-0.8290948698783437,0.30632303004804295,0.39428761296269843,1.2939409224023122,False,6
larger+VIX GM paper,Gross before costs,298,circular_block_bootstrap,60,ok,60,0.14727549415237173,0.5000551901760433,0.5231541594647799,0.8519470535406934,-0.5537421771176495,0.1930571895778765,0.3182070411273523,1.987643925097098,False,6
larger+VIX GM paper,Gross before costs,299,circular_block_bootstrap,60,ok,60,0.6475799218775273,0.5496299937956409,1.1964888820393098,2.237643494642692,-0.5650152076298915,0.16066017035976735,0.3290913400404637,12.140384849847344,False,6
larger+VIX GM paper,Gross before costs,300,circular_block_bootstrap,60,ok,60,0.7992141124094745,0.6127522894222115,1.2547471603361018,3.0098284996620515,-0.5224380835260489,0.1591618503351095,0.22304225527336421,18.8544663359835,False,6
larger+VIX GM paper,Gross before costs,301,circular_block_bootstrap,60,ok,60,0.3715911397092,0.587781025871892,0.8332767922903239,1.434347870325071,-0.6590003553104506,0.2694315259277686,0.3763514757876441,4.854263586726123,False,6
larger+VIX GM paper,Gross before costs,302,circular_block_bootstrap,60,ok,60,0.3306622370135579,0.6390600574743602,0.7551096884444087,1.3715938416631097,-0.6907304798148537,0.1930571895778765,0.3277775844950798,4.171950634063969,False,6
larger+VIX GM paper,Gross before costs,303,circular_block_bootstrap,60,ok,60,0.7834916855730485,0.6124409205370954,1.249796549084321,2.6122073694137455,-0.650638881787009,0.1930571895778765,0.2907003605845706,18.044940120220364,False,6
larger+VIX GM paper,Gross before costs,304,circular_block_bootstrap,60,ok,60,0.43789242540528783,0.7028661677691382,0.8687870475852637,1.5320073646841232,-0.6233093950191868,0.3861526511001301,0.4134286996981533,6.146557937033953,False,6
larger+VIX GM paper,Gross before costs,305,circular_block_bootstrap,60,ok,60,-0.11934847234732171,0.6838915288550107,0.1512415093374761,0.23132117727932053,-0.6713688587996639,0.30632303004804295,0.4038581563304258,0.5296884022624199,False,6
larger+VIX GM paper,Gross before costs,306,circular_block_bootstrap,60,ok,60,0.33698808921958223,0.608162516841764,0.7658460779076258,1.4308571095058547,-0.6093348312446373,0.2677070258204603,0.30558203730062933,4.272063421767799,False,6
larger+VIX GM paper,Gross before costs,307,circular_block_bootstrap,60,ok,60,0.0952289646327924,0.4547162944035699,0.4095685847899119,0.7270167866513383,-0.646401777364563,0.16090773905132857,0.25301076820511764,1.575885296938725,False,6
larger+VIX GM paper,Gross before costs,308,circular_block_bootstrap,60,ok,60,0.33877820275642345,0.5714106737824265,0.7744504608738885,1.620653496993976,-0.49723210273459284,0.16066017035976735,0.2543245237505016,4.3007397604349435,False,6
larger+VIX GM paper,Gross before costs,309,circular_block_bootstrap,60,ok,60,-0.024406216744083165,0.6556230243291152,0.2890377116737733,0.4403540333149562,-0.6869571171369409,0.30219702796662573,0.3409473706386003,0.8837819369476956,False,6
larger+VIX GM paper,Gross before costs,310,circular_block_bootstrap,60,ok,60,0.004255658352242397,0.5364065712098885,0.26924721211425406,0.4307765433226318,-0.5439431006701478,0.18912825082826684,0.25910979543436524,1.0214601704091457,False,6
larger+VIX GM paper,Gross before costs,311,circular_block_bootstrap,60,ok,60,0.3743800574974616,0.6517191837377955,0.809817590915407,1.4409039557097527,-0.6549771475005013,0.30632303004804295,0.39428761296269843,4.903816653802614,False,6
larger+VIX GM paper,Gross before costs,312,circular_block_bootstrap,60,ok,60,0.02680138774648433,0.6942028862795014,0.3771629992340394,0.6096094707261268,-0.6623980677069679,0.30632303004804295,0.39428761296269843,1.1413851945140352,False,6
larger+VIX GM paper,Gross before costs,313,circular_block_bootstrap,60,ok,60,0.24617795016801036,0.7408496645665589,0.655611454055539,1.1355862387825701,-0.6850704730198339,0.30632303004804295,0.4038581563304258,3.005386373475934,False,6
larger+VIX GM paper,Gross before costs,314,circular_block_bootstrap,60,ok,60,0.7703375275073927,0.6791199818597813,1.1682224500379248,2.6151127596295902,-0.6159317921775908,0.1591618503351095,0.2791173674908358,17.389231052052175,False,6
larger+VIX GM paper,Gross before costs,315,circular_block_bootstrap,60,ok,60,0.9104527045331368,0.6092149404607589,1.3601447280826382,3.233619100311235,-0.4134286996981533,0.16090773905132857,0.26389506711822897,25.449628872362528,False,6
larger+VIX GM paper,Gross before costs,316,circular_block_bootstrap,60,ok,60,0.693172050160382,0.6828579273982458,1.09360583974408,2.4470938850367054,-0.4134286996981533,0.1591748802662443,0.3287599494513707,13.915712704353963,False,6
larger+VIX GM paper,Gross before costs,317,circular_block_bootstrap,60,ok,60,0.7919221894402348,0.6525614205100027,1.1990877721712208,2.9672078471139716,-0.6180172521369687,0.1591618503351095,0.22304225527336424,18.47548027974375,False,6
larger+VIX GM paper,Gross before costs,318,circular_block_bootstrap,60,ok,60,0.9349688442656223,0.733612706227285,1.2580793195217823,2.6624188983627297,-0.6382142015570997,0.2694315259277686,0.3667809324199167,27.125008520679707,False,6
larger+VIX GM paper,Gross before costs,319,circular_block_bootstrap,60,ok,60,0.5062601462322447,0.578537058031352,1.0034156261284901,1.7582114322091755,-0.702437592442297,0.2694315259277686,0.33927425187713495,7.753538126283328,False,6
larger+VIX GM paper,Gross before costs,320,circular_block_bootstrap,60,ok,60,0.08541959149877343,0.6546713362391956,0.44916776847850903,0.7428639345276911,-0.7084336562349529,0.3861526511001301,0.4134286996981533,1.5065664124515954,False,6
larger+VIX GM paper,Gross before costs,321,circular_block_bootstrap,60,ok,60,0.43505966147717534,0.566324051851861,0.9355063839215575,1.5429110034773426,-0.6366900431898528,0.2694315259277686,0.3572103890521892,6.086249956990193,False,6
larger+VIX GM paper,Gross before costs,322,circular_block_bootstrap,60,ok,60,0.38492102854072874,0.5031634924857614,0.8911114338153476,1.6408370686078686,-0.5110281988019226,0.1930571895778765,0.2907003605845706,5.094775457459636,False,6
larger+VIX GM paper,Gross before costs,323,circular_block_bootstrap,60,ok,60,0.595202417406208,0.6665513769192577,1.0196171805465128,2.123404391191831,-0.5979270449224527,0.16090773905132857,0.3290913400404637,10.32949275899901,False,6
larger+VIX GM paper,Gross before costs,324,circular_block_bootstrap,60,ok,60,0.2827255991329656,0.45372780704402804,0.7777217795152621,1.3379457524617817,-0.5403693398302973,0.18912825082826684,0.24520336304573842,3.4727123363345447,False,6
larger+VIX GM paper,Gross before costs,325,circular_block_bootstrap,60,ok,60,0.5092311033683763,0.7725687645603855,0.8966808681765359,1.734648379931526,-0.6723907899588343,0.30219702796662573,0.3506349563065939,7.83030600516219,False,6
larger+VIX GM paper,Gross before costs,326,circular_block_bootstrap,60,ok,60,0.39697815383083235,0.6281030722649391,0.8474511500824213,1.430613109541138,-0.6723907899588344,0.2694315259277686,0.3763514757876441,5.32044640836986,False,6
larger+VIX GM paper,Gross before costs,327,circular_block_bootstrap,60,ok,60,0.41453571841726533,0.8459249485191657,0.8121994478002338,1.5596763320094562,-0.75860870199926,0.384717069594971,0.39620172163624395,5.663300306513983,False,6
larger+VIX GM paper,Gross before costs,328,circular_block_bootstrap,60,ok,60,0.27253692796117845,0.6597011601552795,0.661446641648934,1.4110826821875544,-0.4591517493274181,0.16090773905132857,0.29201411612995454,3.33696744899859,False,6
larger+VIX GM paper,Gross before costs,329,circular_block_bootstrap,60,ok,60,0.2836677133585328,0.6174861344142976,0.712537891393797,1.2247592818517026,-0.5677119793433794,0.198907691766602,0.39428761296269843,3.4854839731454224,False,6
larger+VIX GM paper,Gross before costs,330,circular_block_bootstrap,60,ok,60,0.5728080051918074,0.5727005971911772,1.0679290495363933,2.2250547120763553,-0.45190170280145614,0.16090773905132857,0.28051744874789936,9.624508374006217,False,6
larger+VIX GM paper,Gross before costs,331,circular_block_bootstrap,60,ok,60,0.7841391752825475,0.5595431336183206,1.3183270102075884,2.7470950772688796,-0.4134286996981533,0.18912825082826684,0.2648480567937868,18.077719638649526,False,6
larger+VIX GM paper,Gross before costs,332,circular_block_bootstrap,60,ok,60,0.43630450139162624,0.5710611134077129,0.9164923526552892,1.6075991432321293,-0.627184689153607,0.2677070258204603,0.2815030266789265,6.1126933264451475,False,6
larger+VIX GM paper,Gross before costs,333,circular_block_bootstrap,60,ok,60,0.16505145113205089,0.7896610181439558,0.5608466882215718,1.0163393538392118,-0.8329895911312238,0.30219702796662573,0.34668969665923677,2.146473473371442,False,6
larger+VIX GM paper,Gross before costs,334,circular_block_bootstrap,60,ok,60,0.19668674114752527,0.6992065384615785,0.5826714753454556,1.084314223024191,-0.681070554312335,0.2694315259277686,0.3667809324199167,2.454157303568086,False,6
larger+VIX GM paper,Gross before costs,335,circular_block_bootstrap,60,ok,60,0.7885068323084055,0.5674983777413615,1.2942745052575348,3.2920010913939723,-0.2877778085879178,0.16066017035976735,0.21532117582566465,18.300081240602168,False,6
larger+VIX GM paper,Gross before costs,336,circular_block_bootstrap,60,ok,60,1.433434735711712,0.6168936963393329,1.7657593177858368,4.871547920321615,-0.4134286996981533,0.08896945739114309,0.14838047895471132,85.32936528307734,False,6
larger+VIX GM paper,Gross before costs,337,circular_block_bootstrap,60,ok,60,0.9701732419195603,0.5784057116063873,1.4716380049488664,3.2598521441294257,-0.5609056522318157,0.16090773905132857,0.263895067118229,29.683976686568048,False,6
larger+VIX GM paper,Gross before costs,338,circular_block_bootstrap,60,ok,60,0.554319404687357,0.48048656522464755,1.1691850229624061,2.2096200083945075,-0.5291774026285072,0.18912825082826684,0.2380254555199429,9.071964553513917,False,6
larger+VIX GM paper,Gross before costs,339,circular_block_bootstrap,60,ok,60,0.7640527762683336,0.7893751558334543,1.0817803553866463,2.5126947027142923,-0.6201300679442121,0.1930571895778765,0.3277775844950798,17.082753345770005,False,6
larger+VIX GM paper,Gross before costs,340,circular_block_bootstrap,60,ok,60,0.25645513185196545,0.5723909458106272,0.6738161230559115,1.2186185396628544,-0.7487055551675287,0.1930571895778765,0.3182070411273524,3.1313738646990563,False,6
larger+VIX GM paper,Gross before costs,341,circular_block_bootstrap,60,ok,60,0.15203529458620646,0.7869734798786548,0.5395117466022026,1.0226549043444466,-0.6458625653898309,0.30219702796662573,0.35063495630659397,2.0292190149505243,False,6
larger+VIX GM paper,Gross before costs,342,circular_block_bootstrap,60,ok,60,0.6638192773309235,0.6832846159770569,1.076914439324785,2.162423788874779,-0.7443653187724293,0.2694315259277686,0.33927425187713495,12.75060403323341,False,6
larger+VIX GM paper,Gross before costs,343,circular_block_bootstrap,60,ok,60,0.5352095190575326,0.5301655439507438,1.0717451471332193,2.1233414507753885,-0.5924999202874819,0.16066017035976735,0.2543245237505016,8.52782486823006,False,6
larger+VIX GM paper,Gross before costs,344,circular_block_bootstrap,60,ok,60,0.18900343046681667,0.6067968886049898,0.5622017811510863,1.082807662670564,-0.48900378621835827,0.1930571895778765,0.2907003605845706,2.376378082258855,False,6
larger+VIX GM paper,Gross before costs,345,circular_block_bootstrap,60,ok,60,0.6831518467058819,0.6863445512588556,1.105487323475667,2.0606412204065703,-0.5704579579336008,0.2735575280091858,0.4038581563304258,13.508791218075135,False,6
larger+VIX GM paper,Gross before costs,346,circular_block_bootstrap,60,ok,60,-0.0012981007902505004,0.5421702729194994,0.2860185215868212,0.40653093226111237,-0.7843000060338514,0.30632303004804295,0.38471706959497104,0.9935263248457067,False,6
larger+VIX GM paper,Gross before costs,347,circular_block_bootstrap,60,ok,60,0.23756381259394566,0.6283007359407301,0.6421826680248203,1.141235978888649,-0.6334148518515137,0.2694315259277686,0.3572103890521892,2.9029396596706936,False,6
larger+VIX GM paper,Gross before costs,348,circular_block_bootstrap,60,ok,60,0.5223066929610396,0.6158080702245142,0.9705273989994279,2.148062362428202,-0.49723210273459273,0.16066017035976735,0.2543245237505016,8.175433381636589,False,6
larger+VIX GM paper,Gross before costs,349,circular_block_bootstrap,60,ok,60,-0.07916719850509402,0.7358759780034023,0.24399835887415372,0.3952671413160161,-0.7517555491268058,0.384717069594971,0.39907288464656215,0.6620699943866177,False,6
larger+VIX GM paper,Gross before costs,350,circular_block_bootstrap,60,ok,60,0.17261393292520055,0.775634819969977,0.5627228001159759,1.038918658465359,-0.7481770298376503,0.30219702796662573,0.32282703837371207,2.2170487903774436,False,6
larger+VIX GM paper,Gross before costs,351,circular_block_bootstrap,60,ok,60,0.3500504879048163,0.6280041455134014,0.7853905987311222,1.3905745270203873,-0.5626761707755097,0.2694315259277686,0.3572103890521892,4.48487197967499,False,6
larger+VIX GM paper,Gross before costs,352,circular_block_bootstrap,60,ok,60,0.26082381689766443,0.621136664516015,0.673141831455221,1.1992352653151213,-0.5843922721484056,0.19478168968518478,0.3667809324199167,3.186192566884697,False,6
larger+VIX GM paper,Gross before costs,353,circular_block_bootstrap,60,ok,60,0.20192691413629427,0.622662352440208,0.5863980781237942,1.0921990075316597,-0.6407661796896471,0.18912825082826684,0.2941005677374145,2.5083625094814654,False,6
larger+VIX GM paper,Gross before costs,354,circular_block_bootstrap,60,ok,60,1.2784982061733121,0.6646906441229886,1.5895843772306941,3.5356412807263493,-0.49723210273459273,0.16066017035976735,0.32909134004046375,61.41061618157036,False,6
larger+VIX GM paper,Gross before costs,355,circular_block_bootstrap,60,ok,60,0.4351191157522267,0.7728267650435505,0.8444656996134586,1.5352580808302139,-0.48900378621835827,0.384717069594971,0.3990728846465621,6.087510822907459,False,6
larger+VIX GM paper,Gross before costs,356,circular_block_bootstrap,60,ok,60,0.6782701553695538,0.5841006647097515,1.1713542995721011,2.5319442152390437,-0.46875599864116335,0.1591748802662443,0.29168272554086155,13.314024689694035,False,6
larger+VIX GM paper,Gross before costs,357,circular_block_bootstrap,60,ok,60,0.03914613008518519,0.5911627074115197,0.3504634075450172,0.565401052184529,-0.7101227856010748,0.30219702796662573,0.30219702796662573,1.2116665618384217,False,6
larger+VIX GM paper,Gross before costs,358,circular_block_bootstrap,60,ok,60,0.03386075611379069,0.7136479011581776,0.39633605486620266,0.6456397021637692,-0.7536977215953633,0.30632303004804295,0.4038581563304258,1.1811641367929626,False,6
larger+VIX GM paper,Gross before costs,359,circular_block_bootstrap,60,ok,60,0.4935942143933816,0.6930311323406247,0.9119745562490417,1.782019649482086,-0.6181488578057197,0.19478168968518478,0.3763514757876441,7.432982550711428,False,6
larger+VIX GM paper,Gross before costs,360,circular_block_bootstrap,60,ok,60,0.09678817355721137,0.504150517895414,0.44687066646537066,0.6542105311086158,-0.7823749221084968,0.2677070258204603,0.31275994482642494,1.5871347278907193,False,6
larger+VIX GM paper,Gross before costs,361,circular_block_bootstrap,60,ok,60,1.1313963397053195,0.7738783548439505,1.3727164157772234,2.7958380524751307,-0.505087046102147,0.3077586115532021,0.4134286996981533,43.98666929384468,False,6
larger+VIX GM paper,Gross before costs,362,circular_block_bootstrap,60,ok,60,0.14715471111981748,0.650326725139636,0.5189229035186773,0.9143642477670657,-0.7258533186489493,0.2694315259277686,0.3667809324199167,1.986597868075754,False,6
larger+VIX GM paper,Gross before costs,363,circular_block_bootstrap,60,ok,60,0.6240268832167204,0.5108914555175493,1.1991329601083631,2.6865012713177725,-0.4280382625656213,0.10475145902641599,0.23434692342173,11.297076512489982,False,6
larger+VIX GM paper,Gross before costs,364,circular_block_bootstrap,60,ok,60,0.13825573629802035,0.6012828659101325,0.5095049552025093,0.8451113492332746,-0.7577062955164637,0.2694315259277686,0.3763514757876441,1.9107296293013731,False,6
larger+VIX GM paper,Gross before costs,365,circular_block_bootstrap,60,ok,60,0.9026690810316249,0.5984819562254431,1.3871692837692253,2.7340270146254655,-0.5900585917398231,0.16483667780093825,0.3457137216701341,24.935397976185325,False,6
larger+VIX GM paper,Gross before costs,366,circular_block_bootstrap,60,ok,60,0.2913986288314756,0.8199808535587126,0.6886930410237918,1.3180482076332292,-0.5857246153089031,0.3077586115532021,0.4134286996981533,3.5917128194541807,False,6
larger+VIX GM paper,Gross before costs,367,circular_block_bootstrap,60,ok,60,1.0059656820333895,0.6387963610145164,1.3883570334457191,4.289640359879522,-0.2921029711614668,0.1591618503351095,0.165155130433741,32.48011021690734,False,6
larger+VIX GM paper,Gross before costs,368,circular_block_bootstrap,60,ok,60,0.7904804667503831,0.6286951234286209,1.2505375898941073,2.3489556401795175,-0.5231306092680139,0.2694315259277686,0.3667809324199167,18.40127590862727,False,6
larger+VIX GM paper,Gross before costs,369,circular_block_bootstrap,60,ok,60,0.40414642896618047,0.6392546885017529,0.8434723252411613,1.5435117674304915,-0.5376827859021255,0.2694315259277686,0.3667809324199167,5.458357779357546,False,6
larger+VIX GM paper,Gross before costs,370,circular_block_bootstrap,60,ok,60,0.8519085137482223,0.6268076032190488,1.2883124634762961,2.981430589734972,-0.5725585603581448,0.16066017035976735,0.28051744874789936,21.781994363806547,False,6
larger+VIX GM paper,Gross before costs,371,circular_block_bootstrap,60,ok,60,-0.12159981591667524,0.6374197793691576,0.1150702344389783,0.17557036051042774,-0.7690061053613073,0.30632303004804295,0.39428761296269843,0.5229523158790204,False,6
larger+VIX GM paper,Gross before costs,372,circular_block_bootstrap,60,ok,60,0.7065823184227003,0.7803809485660888,1.0575900129589682,2.2206163260330998,-0.4685971670101998,0.198907691766602,0.4038581563304258,14.47558781787001,False,6
larger+VIX GM paper,Gross before costs,373,circular_block_bootstrap,60,ok,60,0.2203152676737925,0.569517663260886,0.6388651738607362,1.0340503582364688,-0.5822355298936758,0.198907691766602,0.39428761296269843,2.7062020853721016,False,6
larger+VIX GM paper,Gross before costs,374,circular_block_bootstrap,60,ok,60,0.14267568215922344,0.7871861591095257,0.5502865985870143,0.9421979736973981,-0.6375308401267937,0.384717069594971,0.39620172163624384,1.9481165022911617,False,6
larger+VIX GM paper,Gross before costs,375,circular_block_bootstrap,60,ok,60,0.564894802003008,0.6782857081709676,0.9822316871887169,1.9637987976994504,-0.49934131522116565,0.2694315259277686,0.33927425187713495,9.38481551888353,False,6
larger+VIX GM paper,Gross before costs,376,circular_block_bootstrap,60,ok,60,0.5568764039982737,0.6336198286646069,0.9765676937804597,2.653150257686519,-0.3379232153658248,0.15942244895780552,0.17427534989303617,9.146831582616526,False,6
larger+VIX GM paper,Gross before costs,377,circular_block_bootstrap,60,ok,60,0.42434875238955283,0.6927149567239983,0.8278681745505974,1.7282667072490872,-0.5307922084123802,0.1930571895778765,0.3277775844950798,5.862484365776098,False,6
larger+VIX GM paper,Gross before costs,378,circular_block_bootstrap,60,ok,60,-0.06046560277033475,0.5781752389608388,0.19856875588051925,0.27276285668387135,-0.9012896170055253,0.30219702796662573,0.3187010362922948,0.7320882277041192,False,6
larger+VIX GM paper,Gross before costs,379,circular_block_bootstrap,60,ok,60,0.003051736317182252,0.5663916483039302,0.27830642549925594,0.45530436004818575,-0.6442161947843197,0.1930571895778765,0.3182070411273524,1.0153520971764298,False,6
larger+VIX GM paper,Gross before costs,380,circular_block_bootstrap,60,ok,60,1.0531436299977028,0.5198387475153988,1.6479780222326317,4.857378807166122,-0.2937339680991673,0.10512859704570146,0.17913945066388104,36.48351384619925,False,6
larger+VIX GM paper,Gross before costs,381,circular_block_bootstrap,60,ok,60,-0.017790615814287425,0.6055514788148433,0.2628788877801491,0.4223986922724133,-0.7982803601958289,0.2694315259277686,0.33927425187713495,0.914156171768705,False,6
larger+VIX GM paper,Gross before costs,382,circular_block_bootstrap,60,ok,60,0.4785410310104301,0.5783470345251397,0.9573862110990148,1.843607178239425,-0.5228104037110473,0.2677070258204603,0.28495202689354304,7.065890545696648,False,6
larger+VIX GM paper,Gross before costs,383,circular_block_bootstrap,60,ok,60,-0.08410137960394648,0.6605083804179991,0.18485943405936509,0.2988250420535873,-0.7261519904422757,0.30219702796662573,0.34345704878079836,0.6445209287499202,False,6
larger+VIX GM paper,Gross before costs,384,circular_block_bootstrap,60,ok,60,0.19131568920850217,0.6205719960126087,0.5719675566682788,1.0611491220485034,-0.7531043494579072,0.1930571895778765,0.3182070411273523,2.399574878703767,False,6
larger+VIX GM paper,Gross before costs,385,circular_block_bootstrap,60,ok,60,0.06460281051396044,0.5942424982319737,0.3898690592815693,0.6491340959867128,-0.6163711349857872,0.2694315259277686,0.3297037085094075,1.3675337138171293,False,6
larger+VIX GM paper,Gross before costs,386,circular_block_bootstrap,60,ok,60,-0.1677134106489807,0.6564000688867949,0.032501715881291096,0.05171343033483415,-0.7404658044459548,0.30219702796662573,0.32282703837371207,0.39935992717616925,False,6
larger+VIX GM paper,Gross before costs,387,circular_block_bootstrap,60,ok,60,-0.170599464081035,0.5555541639472455,-0.04726766376068079,-0.06451967160810329,-0.756795442741047,0.30219702796662573,0.32282703837371207,0.3924836396348735,False,6
larger+VIX GM paper,Gross before costs,388,circular_block_bootstrap,60,ok,60,-0.12817001813783446,0.6012956386890228,0.08258220531032795,0.11644216827910736,-0.8601381825761307,0.30632303004804295,0.38471706959497104,0.5036849804796586,False,6
larger+VIX GM paper,Gross before costs,389,circular_block_bootstrap,60,ok,60,0.26023693905064893,0.5003382162952853,0.7301700691601336,1.059241373790792,-0.6510167111010683,0.2694315259277686,0.30219702796662573,3.1787840541239607,False,6
larger+VIX GM paper,Gross before costs,390,circular_block_bootstrap,60,ok,60,-0.0267695034237585,0.735937781012002,0.33044066559384444,0.5153529039308592,-0.8422441422823983,0.4134286996981533,0.4134286996981533,0.8731292679413561,False,6
larger+VIX GM paper,Gross before costs,391,circular_block_bootstrap,60,ok,60,0.7508887677634661,0.6809502226089823,1.1565993516461206,2.3407585641142643,-0.43323330371906954,0.17043961129810253,0.4038581563304258,16.454806640802673,False,6
larger+VIX GM paper,Gross before costs,392,circular_block_bootstrap,60,ok,60,0.001569506870239712,0.7723139917720908,0.37245361544308003,0.6201937300743778,-0.9164360621483069,0.3077586115532021,0.4134286996981533,1.0078722065621815,False,6
larger+VIX GM paper,Gross before costs,393,circular_block_bootstrap,60,ok,60,-0.17218075767002428,0.6824166338458159,0.05475947849386962,0.08613834254659063,-0.8774651284668666,0.30219702796662573,0.34345704878079836,0.3887564305686864,False,6
larger+VIX GM paper,Gross before costs,394,circular_block_bootstrap,60,ok,60,0.8369631321787849,0.6438074408672514,1.2761513752174722,2.4926197573707176,-0.6505343430340795,0.2694315259277686,0.3667809324199167,20.917135056875612,False,6
larger+VIX GM paper,Gross before costs,395,circular_block_bootstrap,60,ok,60,0.6223027441266928,0.6307969250023651,1.0702272842823706,2.2654064329538595,-0.49723210273459273,0.1591618503351095,0.2791173674908358,11.237236313868742,False,6
larger+VIX GM paper,Gross before costs,396,circular_block_bootstrap,60,ok,60,0.030092344437933294,0.7316015504818661,0.39877231874246866,0.6442893648851385,-0.6389973362030896,0.384717069594971,0.3990728846465621,1.1597938398828398,False,6
larger+VIX GM paper,Gross before costs,397,circular_block_bootstrap,60,ok,60,0.5090918918108043,0.633072306508301,0.9601421131311036,1.808779733247283,-0.5661946620985456,0.2694315259277686,0.3763514757876441,7.826695332100603,False,6
larger+VIX GM paper,Gross before costs,398,circular_block_bootstrap,60,ok,60,0.5282890647706964,0.6058840998565482,0.9896305729192856,1.9926853831756117,-0.3804316760437675,0.18912825082826684,0.2497040956006828,8.337340301670913,False,6
larger+VIX GM paper,Gross before costs,399,circular_block_bootstrap,60,ok,60,0.5799016161752606,0.689783150672423,0.9835896598500148,2.1531440954392886,-0.561843471112392,0.16483667780093825,0.3277775844950798,9.843515212206903,False,6
larger+VIX GM paper,Gross before costs,400,circular_block_bootstrap,60,ok,60,0.36185795243949137,0.3907889542898898,1.0026901913655881,1.6568576145227318,-0.5281926205020755,0.15942244895780552,0.2229240116428925,4.684454833287461,False,6
larger+VIX GM paper,Gross before costs,401,circular_block_bootstrap,60,ok,60,0.555479967496781,0.6198004303641315,1.0001721131480914,2.1735938881643726,-0.49934131522116565,0.1930571895778765,0.2792036932025155,9.105883962634303,False,6
larger+VIX GM paper,Gross before costs,402,circular_block_bootstrap,60,ok,60,0.2070824706587091,0.7429731871963053,0.6041982483274376,1.1115386035465735,-0.8903955961248893,0.30632303004804295,0.4038581563304258,2.5626229755731322,False,6
larger+VIX GM paper,Gross before costs,403,circular_block_bootstrap,60,ok,60,0.29657266427220463,0.7517772001645396,0.696614853359325,1.296551656966769,-0.7936221077767026,0.30219702796662573,0.3506349563065939,3.6642433261129286,False,6
larger+VIX GM paper,Gross before costs,404,circular_block_bootstrap,60,ok,60,0.628268365311186,0.5508690375084516,1.1488899086302475,2.577434444073778,-0.4134286996981533,0.1591748802662443,0.25399313316140854,11.445372361777446,False,6
larger+VIX GM paper,Gross before costs,405,circular_block_bootstrap,60,ok,60,0.7973209401180907,0.6525018645915173,1.21586550035782,2.669247855243347,-0.5034252556099389,0.16066017035976735,0.33866188340819114,18.75547946611891,False,6
larger+VIX GM paper,Gross before costs,406,circular_block_bootstrap,60,ok,60,0.5080854585946,0.542949792327952,1.0166095453701052,2.139061531164932,-0.459151749327418,0.16066017035976735,0.2543245237505016,7.800631490026199,False,6
larger+VIX GM paper,Gross before costs,407,circular_block_bootstrap,60,ok,60,0.42357153103656575,0.5727417755891969,0.8967178557594684,1.6902645895778128,-0.48900378621835827,0.1930571895778765,0.3182070411273523,5.846506965153353,False,6
larger+VIX GM paper,Gross before costs,408,circular_block_bootstrap,60,ok,60,0.8794718656087208,0.7464277314587942,1.22296391300461,2.3845112475456287,-0.46561563000722583,0.384717069594971,0.3990728846465621,23.4519600151692,False,6
larger+VIX GM paper,Gross before costs,409,circular_block_bootstrap,60,ok,60,0.15042614231256768,0.6204249870005932,0.5232495879557516,0.8715548266592706,-0.5860272524503534,0.30219702796662573,0.30219702796662573,2.015086578231464,False,6
larger+VIX GM paper,Gross before costs,410,circular_block_bootstrap,60,ok,60,0.2520600580439316,0.655954308226431,0.6617371791278075,1.1785856854458614,-0.6370080800628957,0.198907691766602,0.38471706959497104,3.076988029617397,False,6
larger+VIX GM paper,Gross before costs,411,circular_block_bootstrap,60,ok,60,1.1452922739664388,0.6128818351711854,1.574289793835482,3.3270963480577596,-0.49723210273459273,0.12438393978367847,0.32909134004046375,45.439374403312826,False,6
larger+VIX GM paper,Gross before costs,412,circular_block_bootstrap,60,ok,60,0.1662052368562641,0.4861204171085868,0.5500556332596114,0.9989741775000633,-0.4134286996981533,0.15942244895780552,0.21616485947996736,2.157123134183325,False,6
larger+VIX GM paper,Gross before costs,413,circular_block_bootstrap,60,ok,60,0.1170064488336704,0.58854244945147,0.47359156587735923,0.7886126719368749,-0.6915264375159285,0.2694315259277686,0.3297037085094075,1.7389151940595269,False,6
larger+VIX GM paper,Gross before costs,414,circular_block_bootstrap,60,ok,60,0.3536323099205545,0.5595259971994824,0.8015143909342588,1.625201006487745,-0.5097240991169073,0.18912825082826684,0.21174200625593861,4.544682626487146,False,6
larger+VIX GM paper,Gross before costs,415,circular_block_bootstrap,60,ok,60,-0.00950192033477859,0.7673173865995025,0.3656205410120229,0.5929132434204353,-0.802940977975947,0.384717069594971,0.39428761296269843,0.9533847249570294,False,6
larger+VIX GM paper,Gross before costs,416,circular_block_bootstrap,60,ok,60,1.7344345224389444,0.7241858954628616,1.7587801992992782,5.1379475131624375,-0.4134286996981533,0.1591618503351095,0.2227285626758705,152.8754125579698,False,6
larger+VIX GM paper,Gross before costs,417,circular_block_bootstrap,60,ok,60,0.623305889859127,0.64666358875666,1.0670742905786712,2.069666307453679,-0.49934131522116576,0.2694315259277686,0.3667809324199167,11.272021852669022,False,6
larger+VIX GM paper,Gross before costs,418,circular_block_bootstrap,60,ok,60,0.06692132667861062,0.6220019613154426,0.43447506934438856,0.6261895384985741,-0.7412175123481703,0.384717069594971,0.39907288464656215,1.38248994595145,False,6
larger+VIX GM paper,Gross before costs,419,circular_block_bootstrap,60,ok,60,0.9496382263339871,0.6412463528101768,1.354341007042148,3.229995271773491,-0.4134286996981533,0.1591618503351095,0.24986485654720814,28.168917451812028,False,6
larger+VIX GM paper,Gross before costs,420,circular_block_bootstrap,60,ok,60,0.9398287683877311,0.6576491676364171,1.3122109605365535,3.830994444004347,-0.2937339680991673,0.1591618503351095,0.1691506504994953,27.467363753781274,False,6
larger+VIX GM paper,Gross before costs,421,circular_block_bootstrap,60,ok,60,0.41632507891843495,0.7038038814028074,0.8131933043851921,1.7962241195036708,-0.7325250465932296,0.1591618503351095,0.23434692342173,5.6992108743071554,False,6
larger+VIX GM paper,Gross before costs,422,circular_block_bootstrap,60,ok,60,0.3670874420429584,0.7371045925569089,0.7806291230483966,1.4266679179079753,-0.6209840840418496,0.4134286996981533,0.4134286996981533,4.775088989892495,False,6
larger+VIX GM paper,Gross before costs,423,circular_block_bootstrap,60,ok,60,0.029890541493794887,0.6558648548067426,0.3628757851527071,0.5823293997786672,-0.7903108748233958,0.30219702796662573,0.33000494589950763,1.158658222642192,False,6
larger+VIX GM paper,Gross before costs,424,circular_block_bootstrap,60,ok,60,-0.05460057932164475,0.6515210848519007,0.2476555826799732,0.36902013235166475,-0.6716370658343057,0.384717069594971,0.39045939561560744,0.7552255240298607,False,6
larger+VIX GM paper,Gross before costs,425,circular_block_bootstrap,60,ok,60,0.43884378617231423,0.5661658750302707,0.9254853135385324,1.6897598838943713,-0.7412659221639786,0.1930571895778765,0.3277775844950798,6.16691876877598,False,6
larger+VIX GM paper,Gross before costs,426,circular_block_bootstrap,60,ok,60,0.182839689864275,0.7150518005154749,0.5733944132914431,1.0268869374935534,-0.7540535573338307,0.30632303004804295,0.39428761296269843,2.3154182052449013,False,6
larger+VIX GM paper,Gross before costs,427,circular_block_bootstrap,60,ok,60,0.6386683497384873,0.4605281887750995,1.3176445028017554,2.4995096182555,-0.5639282993930657,0.18912825082826684,0.23704013886090491,11.815587693053812,False,6
larger+VIX GM paper,Gross before costs,428,circular_block_bootstrap,60,ok,60,0.1340321777008282,0.6478511227821336,0.5362735473128212,0.804164453188974,-0.7432511405253812,0.384717069594971,0.39620172163624395,1.8755424073403633,False,6
larger+VIX GM paper,Gross before costs,429,circular_block_bootstrap,60,ok,60,0.13237866237726092,0.5215786805532806,0.49769330410132023,0.8222365353529901,-0.49723210273459273,0.16090773905132857,0.3195207966727363,1.8619087221123674,False,6
larger+VIX GM paper,Gross before costs,430,circular_block_bootstrap,60,ok,60,0.9152426618602778,0.568410807039831,1.4310462436450904,3.3909646443147605,-0.5008798605123661,0.12288561975902061,0.24433572358611577,25.770273942745593,False,6
larger+VIX GM paper,Gross before costs,431,circular_block_bootstrap,60,ok,60,0.6164587335446432,0.694180417804342,1.0297492307606493,2.038511821308417,-0.5438846467441019,0.2694315259277686,0.3667809324199167,11.0362901574827,False,6
larger+VIX GM paper,Gross before costs,432,circular_block_bootstrap,60,ok,60,0.06625118977599076,0.6273265149503722,0.41918017180417527,0.6571780058900688,-0.7124359999538484,0.30632303004804295,0.38471706959497104,1.3781536635298441,False,6
larger+VIX GM paper,Gross before costs,433,circular_block_bootstrap,60,ok,60,0.8239973792504247,0.6749112827186121,1.2141635844002712,2.713791029139758,-0.658913115289219,0.16483667780093825,0.3182070411273523,20.189290169601147,False,6
larger+VIX GM paper,Gross before costs,434,circular_block_bootstrap,60,ok,60,0.7267777044547323,0.7300368680552183,1.113191966861315,2.0657514457507253,-0.5706778469666867,0.30219702796662573,0.3578128638323895,15.352608058231452,False,6
larger+VIX GM paper,Gross before costs,435,circular_block_bootstrap,60,ok,60,0.3993552409268766,0.595443367495742,0.8693388323354061,1.4558481351106203,-0.6728594784283568,0.2694315259277686,0.3667809324199167,5.365866869670519,False,6
larger+VIX GM paper,Gross before costs,436,circular_block_bootstrap,60,ok,60,0.7995854288157567,0.7398931504580387,1.1374698053830088,2.6720636782943945,-0.4134286996981533,0.18912825082826684,0.2734705573303282,18.87393000878877,False,6
larger+VIX GM paper,Gross before costs,437,circular_block_bootstrap,60,ok,60,0.3574415389620238,0.5246478273895958,0.8483720329329543,1.4242041079982446,-0.48900378621835827,0.2677070258204603,0.31275994482642494,4.608989028970706,False,6
larger+VIX GM paper,Gross before costs,438,circular_block_bootstrap,60,ok,60,0.13562393376174642,0.6385497357947882,0.5210654205166512,0.8259807097047153,-0.7531239581302568,0.30632303004804295,0.4038581563304258,1.8887422027550775,False,6
larger+VIX GM paper,Gross before costs,439,circular_block_bootstrap,60,ok,60,0.9581608040915348,0.6489293883775469,1.3557951614956012,3.0077393360012055,-0.724712545459328,0.2677070258204603,0.28495202689354304,28.790006696251695,False,6
larger+VIX GM paper,Gross before costs,440,circular_block_bootstrap,60,ok,60,0.5917209087760362,0.48376408122282605,1.2140337861782857,2.33692479164975,-0.546824636651219,0.16090773905132857,0.2543245237505016,10.217263784594516,False,6
larger+VIX GM paper,Gross before costs,441,circular_block_bootstrap,60,ok,60,-0.3115205650988129,0.6799220318983556,-0.2173686348862313,-0.325570648209513,-0.9508019307903252,0.30219702796662573,0.3187010362922948,0.15468737204234653,False,6
larger+VIX GM paper,Gross before costs,442,circular_block_bootstrap,60,ok,60,0.0637738642033574,0.6314804419376874,0.39643129234871044,0.6673011818446984,-0.7997885925535841,0.2694315259277686,0.33927425187713495,1.362217890724432,False,6
larger+VIX GM paper,Gross before costs,443,circular_block_bootstrap,60,ok,60,-0.1740984684847281,0.6931270993007697,0.08873221612550114,0.12466422045350634,-0.7867169560091355,0.384717069594971,0.39045939561560744,0.3842743151577209,False,6
larger+VIX GM paper,Gross before costs,444,circular_block_bootstrap,60,ok,60,0.3355661686540332,0.6439053157368555,0.7472922467838291,1.498463348503707,-0.49942043410356995,0.18912825082826684,0.25085977000927945,4.249394454939185,False,6
larger+VIX GM paper,Gross before costs,445,circular_block_bootstrap,60,ok,60,0.29794988078454,0.735516285182953,0.7011639878561977,1.3277908583388829,-0.46277356279490356,0.20034327327176113,0.4134286996981533,3.6837454667012794,False,6
larger+VIX GM paper,Gross before costs,446,circular_block_bootstrap,60,ok,60,0.1582739277391474,0.7893233216061651,0.5707415082973747,0.9637185069606373,-0.757728661669566,0.3861526511001301,0.4134286996981533,2.0847616207568214,False,6
larger+VIX GM paper,Gross before costs,447,circular_block_bootstrap,60,ok,60,-0.22210184742637462,0.6661595725607642,-0.049571287142491476,-0.07591994870500013,-0.7613800182538539,0.30219702796662573,0.35063495630659397,0.284848344954573,False,6
larger+VIX GM paper,Gross before costs,448,circular_block_bootstrap,60,ok,60,0.2166166821309461,0.5620371254937107,0.6118612641823096,1.154949368906516,-0.459151749327418,0.18912825082826684,0.25767014926799126,2.6654395397645807,False,6
larger+VIX GM paper,Gross before costs,449,circular_block_bootstrap,60,ok,60,0.154944018399356,0.6525064388495381,0.5469049372609012,0.8706039026194355,-0.6460769149145011,0.30219702796662573,0.3506349563065939,2.0549661368706236,False,6
larger+VIX GM paper,Gross before costs,450,circular_block_bootstrap,60,ok,60,1.0842237280669953,0.761538153440198,1.343446624623435,2.9163672483801832,-0.43850833391535937,0.17187519280326163,0.4134286996981533,39.32979468982374,False,6
larger+VIX GM paper,Gross before costs,451,circular_block_bootstrap,60,ok,60,0.10676328983260586,0.7447443750412559,0.4930185429349756,0.8348445711456359,-0.6765561751695887,0.30219702796662573,0.34668969665923677,1.66063324529178,False,6
larger+VIX GM paper,Gross before costs,452,circular_block_bootstrap,60,ok,60,0.8310493750522878,0.7250397995814808,1.1828332108680402,2.503067985337998,-0.4280382625656213,0.2694315259277686,0.3667809324199167,20.582602033672604,False,6
larger+VIX GM paper,Gross before costs,453,circular_block_bootstrap,60,ok,60,0.3275712815108942,0.6021551953332033,0.7739415047250155,1.2911090273081132,-0.5363364356659948,0.30219702796662573,0.3506349563065939,4.12372072217273,False,6
larger+VIX GM paper,Gross before costs,454,circular_block_bootstrap,60,ok,60,1.0753823720750564,0.5642102624076377,1.586193863432053,3.6781954531681045,-0.48138879735560036,0.10662691707035932,0.26389506711822897,38.50264968929135,False,6
larger+VIX GM paper,Gross before costs,455,circular_block_bootstrap,60,ok,60,0.4516966454478666,0.7786739648809872,0.8456215933529155,1.641131917345344,-0.6322397189895046,0.3861526511001301,0.4134286996981533,6.447322082172604,False,6
larger+VIX GM paper,Gross before costs,456,circular_block_bootstrap,60,ok,60,0.41399858090112196,0.8000508892611431,0.7975577452300334,1.6940042867441916,-0.6159317921775908,0.17043961129810253,0.4038581563304258,5.652555927069322,False,6
larger+VIX GM paper,Gross before costs,457,circular_block_bootstrap,60,ok,60,0.7257419408095283,0.4604988102034461,1.4256251785576672,3.0210390590402225,-0.5171355794699406,0.16090773905132857,0.2268178432077198,15.306618906714993,False,6
larger+VIX GM paper,Gross before costs,458,circular_block_bootstrap,60,ok,60,0.7490016630786727,0.7126373118615622,1.1125110426244618,2.7292810072190448,-0.4273088273319927,0.18912825082826684,0.23398834060224413,16.366322780717997,False,6
larger+VIX GM paper,Gross before costs,459,circular_block_bootstrap,60,ok,60,0.3484222842924767,0.7183576495020919,0.7509108769922626,1.4754715311760305,-0.7553057147458291,0.2694315259277686,0.3667809324199167,4.4578926463828035,False,6
larger+VIX GM paper,Gross before costs,460,circular_block_bootstrap,60,ok,60,0.42560853654735986,0.4951642227212496,0.9759450716955426,1.6607981818257747,-0.6820078303252184,0.12438393978367847,0.31952079667273625,5.888456027639036,False,6
larger+VIX GM paper,Gross before costs,461,circular_block_bootstrap,60,ok,60,0.8097668500046313,0.6197607384328241,1.264474645274357,2.778213558676745,-0.459151749327418,0.18912825082826684,0.25767014926799126,19.413915915293483,False,6
larger+VIX GM paper,Gross before costs,462,circular_block_bootstrap,60,ok,60,0.5923097855620916,0.64499472965643,1.023976760820764,2.2860467453262245,-0.5680894929976943,0.18912825082826684,0.23802545551994286,10.236177788254562,False,6
larger+VIX GM paper,Gross before costs,463,circular_block_bootstrap,60,ok,60,0.01079665877224767,0.7278975138580311,0.38072410516206207,0.5891163287129014,-0.8631882076162892,0.3861526511001301,0.4134286996981533,1.0551616257866872,False,6
larger+VIX GM paper,Gross before costs,464,circular_block_bootstrap,60,ok,60,0.493406286834255,0.6617339976261851,0.931186259030196,1.7083186463423212,-0.625984128469286,0.2735575280091858,0.39428761296269843,7.428307550013381,False,6
larger+VIX GM paper,Gross before costs,465,circular_block_bootstrap,60,ok,60,-0.005519655218929942,0.594153621808906,0.2767095267490896,0.450234347112968,-0.7783378760698682,0.2694315259277686,0.3297037085094075,0.9727047128277208,False,6
larger+VIX GM paper,Gross before costs,466,circular_block_bootstrap,60,ok,60,0.5295653899300214,0.5664384115214183,1.0336346161369876,1.9550509436710364,-0.5218799958984732,0.16483667780093825,0.3182070411273523,8.372212453328885,False,6
larger+VIX GM paper,Gross before costs,467,circular_block_bootstrap,60,ok,60,0.4084348346480178,0.6997631101957021,0.8336627619783279,1.481282239231623,-0.7014300640987658,0.30632303004804295,0.4038581563304258,5.542220359710754,False,6
larger+VIX GM paper,Gross before costs,468,circular_block_bootstrap,60,ok,60,0.7907087232006702,0.6004078790743774,1.2795279548926772,2.5324868002695395,-0.4848506904646467,0.18912825082826684,0.2941005677374145,18.413008181187294,False,6
larger+VIX GM paper,Gross before costs,469,circular_block_bootstrap,60,ok,60,0.6425406621061196,0.5696813370975496,1.1573794071796206,2.3039419101304737,-0.49934131522116565,0.1930571895778765,0.3182070411273524,11.955855238516238,False,6
larger+VIX GM paper,Gross before costs,470,circular_block_bootstrap,60,ok,60,0.48352394503630536,0.7868321718345898,0.859292375053967,1.8544403162144483,-0.49934131522116565,0.2694315259277686,0.33927425187713495,7.185761564848949,False,6
larger+VIX GM paper,Gross before costs,471,circular_block_bootstrap,60,ok,60,0.7576973802463323,0.8051947660690495,1.071254126877822,2.491494489871432,-0.49273340959430656,0.18912825082826684,0.2788484303762214,16.77724038541433,False,6
larger+VIX GM paper,Gross before costs,472,circular_block_bootstrap,60,ok,60,0.3230833023178976,0.6202035897035028,0.7451120316475421,1.4170302164563289,-0.5652194765040921,0.1930571895778765,0.3552842650378616,4.054487284805744,False,6
larger+VIX GM paper,Gross before costs,473,circular_block_bootstrap,60,ok,60,0.5588425448069589,0.6234490622112167,1.0133760667196094,2.0188285582770717,-0.5604815463665681,0.16090773905132857,0.33866188340819114,9.204734185528128,False,6
larger+VIX GM paper,Gross before costs,474,circular_block_bootstrap,60,ok,60,1.1656389367480577,0.5169124939627947,1.78265029379081,3.986876412903778,-0.4591517493274181,0.12438393978367847,0.2543245237505016,47.63544819574923,False,6
larger+VIX GM paper,Gross before costs,475,circular_block_bootstrap,60,ok,60,0.3541249860443989,0.71215932262529,0.756511604109482,1.457484534482699,-0.5519990133343382,0.2694315259277686,0.33927425187713495,4.552959198634352,False,6
larger+VIX GM paper,Gross before costs,476,circular_block_bootstrap,60,ok,60,0.8266370268739902,0.4264127210212887,1.6534500395653255,3.469387728407346,-0.49723210273459273,0.0896153722326207,0.2025270560937362,20.335801024080506,False,6
larger+VIX GM paper,Gross before costs,477,circular_block_bootstrap,60,ok,60,-0.025679802076948532,0.7634280817107558,0.3331977864267787,0.549527252731508,-0.7903794084733914,0.30632303004804295,0.39428761296269843,0.8780283291523914,False,6
larger+VIX GM paper,Gross before costs,478,circular_block_bootstrap,60,ok,60,0.387608932876522,0.6675002612276127,0.8057255053774741,1.575493054810059,-0.5787795535373712,0.1930571895778765,0.35528426503786154,5.144408355953018,False,6
larger+VIX GM paper,Gross before costs,479,circular_block_bootstrap,60,ok,60,0.42523877712074243,0.7330682891572995,0.8501836604881983,1.461227845404391,-0.779593190347024,0.3861526511001301,0.4134286996981533,5.88082355734763,False,6
larger+VIX GM paper,Gross before costs,480,circular_block_bootstrap,60,ok,60,0.07844631984628303,0.6403325735211907,0.42308476213205326,0.7303081522076769,-0.6353709639081098,0.2694315259277686,0.3572103890521892,1.4587896180689022,False,6
larger+VIX GM paper,Gross before costs,481,circular_block_bootstrap,60,ok,60,-0.17856349139916927,0.7665792470350655,0.11520047495354314,0.18361889892216945,-0.847980741290295,0.384717069594971,0.384717069594971,0.37399862492658903,False,6
larger+VIX GM paper,Gross before costs,482,circular_block_bootstrap,60,ok,60,0.7216066547491824,0.7992963793935112,1.0655951051695827,2.1472420370169187,-0.6300712061517304,0.3861526511001301,0.4134286996981533,15.124104296717409,False,6
larger+VIX GM paper,Gross before costs,483,circular_block_bootstrap,60,ok,60,0.5649280402068355,0.6512709218563117,1.0000162634294782,1.950986434493829,-0.48900378621835827,0.2677070258204603,0.31275994482642494,9.385812223779897,False,6
larger+VIX GM paper,Gross before costs,484,circular_block_bootstrap,60,ok,60,0.01189473733325297,0.5643538984458284,0.322248749127782,0.4558583054617334,-0.7275466949662953,0.30632303004804295,0.38471706959497104,1.0609054639988518,False,6
larger+VIX GM paper,Gross before costs,485,circular_block_bootstrap,60,ok,60,0.732112854031854,0.4352221689994131,1.4835775256243016,3.9489022156740794,-0.3477770308763105,0.10476448895755079,0.16932438291462595,15.591249559000598,False,6
larger+VIX GM paper,Gross before costs,486,circular_block_bootstrap,60,ok,60,0.27884150758241266,0.5979972758593077,0.7090615799608926,1.207086165930902,-0.49723210273459273,0.2694315259277686,0.3572103890521892,3.4204529352931776,False,6
larger+VIX GM paper,Gross before costs,487,circular_block_bootstrap,60,ok,60,-0.12349109593906415,0.5731551301801753,0.062079043522468055,0.08868250128341652,-0.7448545630348588,0.30219702796662573,0.32282703837371207,0.5173466738863001,False,6
larger+VIX GM paper,Gross before costs,488,circular_block_bootstrap,60,ok,60,-0.01585651738577465,0.6321540211101562,0.2745383949487403,0.46106554706742664,-0.7537303370631566,0.2694315259277686,0.3297037085094075,0.9231921516819879,False,6
larger+VIX GM paper,Gross before costs,489,circular_block_bootstrap,60,ok,60,0.2196560609893603,0.7508484122969268,0.6242935271184962,1.109626913322932,-0.6957038918643705,0.384717069594971,0.3918949771207666,2.6989006107505196,False,6
larger+VIX GM paper,Gross before costs,490,circular_block_bootstrap,60,ok,60,-0.1025060327134294,0.660633290028263,0.17073248461374108,0.26062470227599777,-0.749308232468989,0.384717069594971,0.39045939561560744,0.5823146150377633,False,6
larger+VIX GM paper,Gross before costs,491,circular_block_bootstrap,60,ok,60,0.04578582679675991,0.5910816639222483,0.3638008471687913,0.5741071688679598,-0.6577395509623687,0.2694315259277686,0.3297037085094075,1.250874555286281,False,6
larger+VIX GM paper,Gross before costs,492,circular_block_bootstrap,60,ok,60,-0.2133418103746504,0.7142317137841353,0.02896012761427528,0.04156312483624424,-0.8884250238138591,0.384717069594971,0.39907288464656215,0.30125227933665116,False,6
larger+VIX GM paper,Gross before costs,493,circular_block_bootstrap,60,ok,60,0.1917770418950735,0.6481289179171762,0.587577841186573,0.9943823445353839,-0.6933860833149696,0.30219702796662573,0.3506349563065939,2.4042248136399778,False,6
larger+VIX GM paper,Gross before costs,494,circular_block_bootstrap,60,ok,60,0.5581540417399478,0.5591924918790486,1.0573324933598693,2.332369085647352,-0.5156251444216624,0.16066017035976735,0.25301076820511764,9.184424591141326,False,6
larger+VIX GM paper,Gross before costs,495,circular_block_bootstrap,60,ok,60,0.0156956033441773,0.6805219178360274,0.35278955976047366,0.5809912058842726,-0.706247013894235,0.30219702796662573,0.3506349563065939,1.080980507190424,False,6
larger+VIX GM paper,Gross before costs,496,circular_block_bootstrap,60,ok,60,-0.04868716909535642,0.49411645367042045,0.17451075599073715,0.22561114567924428,-0.6141385408178651,0.30219702796662573,0.3506349563065939,0.7791422798924132,False,6
larger+VIX GM paper,Gross before costs,497,circular_block_bootstrap,60,ok,60,0.434434989877847,0.6070021493278994,0.8935166649912714,1.6231427423088869,-0.5886800681396835,0.2694315259277686,0.3572103890521892,6.073014970499346,False,6
larger+VIX GM paper,Gross before costs,498,circular_block_bootstrap,60,ok,60,0.7285140478798964,0.5687822284038433,1.2610010045825537,2.3425859918175855,-0.49723210273459273,0.16483667780093825,0.35528426503786154,15.42995172577791,False,6
larger+VIX GM paper,Gross before costs,499,circular_block_bootstrap,60,ok,60,-0.04832354467904865,0.6160612814930049,0.22781537274025174,0.35594238038768006,-0.6797517298334977,0.384717069594971,0.3918949771207666,0.7806324932895864,False,6
larger+VIX GM paper,Gross before costs,500,circular_block_bootstrap,60,ok,60,0.6975501376104858,0.670706063811148,1.1122715948441393,2.236414435902976,-0.5679971602532139,0.2694315259277686,0.3667809324199167,14.096556966751383,False,6
larger+VIX GM paper,Gross before costs,501,circular_block_bootstrap,60,ok,60,0.3629312447696773,0.650791723155501,0.7937307273014527,1.4441418613689143,-0.6375308401267937,0.198907691766602,0.39428761296269843,4.7029432541014256,False,6
larger+VIX GM paper,Gross before costs,502,circular_block_bootstrap,60,ok,60,0.5347396794284585,0.7863660290845321,0.9232744015471629,1.7632081360789462,-0.7146054991413874,0.30632303004804295,0.4038581563304258,8.514783461421782,False,6
larger+VIX GM paper,Gross before costs,503,circular_block_bootstrap,60,ok,60,0.3235390206451181,0.6135060825533458,0.7579667197368604,1.3399654989908327,-0.7278138874316797,0.2694315259277686,0.3572103890521892,4.061474665843398,False,6
larger+VIX GM paper,Gross before costs,504,circular_block_bootstrap,60,ok,60,0.9940844589831335,0.6548945982471804,1.3785532644494571,3.0976392711839464,-0.48900378621835827,0.16458910910937702,0.3182070411273523,31.529547940681653,False,6
larger+VIX GM paper,Gross before costs,505,circular_block_bootstrap,60,ok,60,0.7216336461871191,0.7085587195826192,1.114001022144597,2.1556748778566175,-0.49934131522116565,0.2694315259277686,0.3763514757876441,15.125289916329697,False,6
larger+VIX GM paper,Gross before costs,506,circular_block_bootstrap,60,ok,60,0.48109506550374403,0.6568443344425493,0.9305261959644909,1.6029536795459338,-0.6363453136280697,0.30632303004804295,0.39428761296269843,7.127129912083796,False,6
larger+VIX GM paper,Gross before costs,507,circular_block_bootstrap,60,ok,60,0.7216351948358897,0.5515039517615492,1.273277540664221,2.3897420407911967,-0.7108528572406602,0.16483667780093825,0.3182070411273524,15.125357944170075,False,6
larger+VIX GM paper,Gross before costs,508,circular_block_bootstrap,60,ok,60,0.4156665329272924,0.607201262887824,0.8631653764820117,1.6803258986558371,-0.5366169323508493,0.16066017035976735,0.32909134004046375,5.68597343354362,False,6
larger+VIX GM paper,Gross before costs,509,circular_block_bootstrap,60,ok,60,0.0662768441726278,0.6918745732377659,0.42804650073073414,0.7305943269396047,-0.7616818296581247,0.384717069594971,0.3990728846465621,1.3783194659337872,False,6
larger+VIX GM paper,Gross before costs,510,circular_block_bootstrap,60,ok,60,0.6530534959095475,0.6790580064432151,1.0633009408552603,2.2067823183531496,-0.4134286996981533,0.19478168968518478,0.3763514757876441,12.343392580575882,False,6
larger+VIX GM paper,Gross before costs,511,circular_block_bootstrap,60,ok,60,0.4953972460992351,0.6092834355434463,0.9745961309035632,1.6784918974192748,-0.664503659950213,0.2735575280091858,0.39428761296269843,7.477955606597358,False,6
larger+VIX GM paper,Gross before costs,512,circular_block_bootstrap,60,ok,60,0.16003654929131783,0.6138506311824733,0.5232026870259076,0.9651871275023276,-0.606408657827265,0.2677070258204603,0.2815030266789265,2.1006725663790986,False,6
larger+VIX GM paper,Gross before costs,513,circular_block_bootstrap,60,ok,60,0.5866045692235817,0.44254502282171737,1.277293456431316,2.4552855987154345,-0.6139192096981554,0.16090773905132857,0.25301076820511764,10.054107010886893,False,6
larger+VIX GM paper,Gross before costs,514,circular_block_bootstrap,60,ok,60,0.09943552681588952,0.5504320811317567,0.45389803282602226,0.6867864025784798,-0.6055014171578863,0.30219702796662573,0.32282703837371207,1.6063820128449695,False,6
larger+VIX GM paper,Gross before costs,515,circular_block_bootstrap,60,ok,60,0.7383574998242426,0.6176993380754179,1.20599529306704,2.4707406823986306,-0.49489582223765805,0.1591618503351095,0.28629527501663143,15.874332695407722,False,6
larger+VIX GM paper,Gross before costs,516,circular_block_bootstrap,60,ok,60,0.44313309354806774,0.5986536867642931,0.9139737490618407,1.6153729497608047,-0.684380836261246,0.2694315259277686,0.3667809324199167,6.259388817118703,False,6
larger+VIX GM paper,Gross before costs,517,circular_block_bootstrap,60,ok,60,0.7277143547198126,0.6598203775753161,1.1522414580286768,2.468144533513554,-0.6180172521369687,0.12438393978367847,0.3195207966727363,15.394291573868134,False,6
larger+VIX GM paper,Gross before costs,518,circular_block_bootstrap,60,ok,60,0.13907866694716287,0.4841430404784518,0.5320436192139026,0.7615982526736601,-0.7331177278709182,0.19478168968518478,0.3667809324199167,1.9176466742928677,False,6
larger+VIX GM paper,Gross before costs,519,circular_block_bootstrap,60,ok,60,0.11979078587008796,0.7775664045886346,0.5210401617788741,0.8800874794713949,-0.8790103528356948,0.384717069594971,0.3918949771207666,1.7606962856108725,False,6
larger+VIX GM paper,Gross before costs,520,circular_block_bootstrap,60,ok,60,0.4650571034650368,0.6735406733054737,0.8921604042713323,1.6999118926984649,-0.563074093166593,0.17068717998966376,0.4038581563304258,6.749518040440998,False,6
larger+VIX GM paper,Gross before costs,521,circular_block_bootstrap,60,ok,60,1.4750028433858797,0.6183901337952274,1.7931262759195947,4.839283076280446,-0.48900378621835816,0.12288561975902061,0.24302196804073184,92.87065552761844,False,6
larger+VIX GM paper,Gross before costs,522,circular_block_bootstrap,60,ok,60,0.2629051182494555,0.7230035907139842,0.6552198767373448,1.2486320597464204,-0.7933743146762002,0.2694315259277686,0.33927425187713495,3.212577524863886,False,6
larger+VIX GM paper,Gross before costs,523,circular_block_bootstrap,60,ok,60,0.23197919461963346,0.7509502607219487,0.6328220796167641,1.149905409065267,-0.6928435838152595,0.30632303004804295,0.4038581563304258,2.8380292562002287,False,6
larger+VIX GM paper,Gross before costs,524,circular_block_bootstrap,60,ok,60,0.07365090445893685,0.6214076503741626,0.4199208135485068,0.6746069334035838,-0.8257955711595995,0.30219702796662573,0.34345704878079836,1.4266435310331873,False,6
larger+VIX GM paper,Gross before costs,525,circular_block_bootstrap,60,ok,60,0.6601826176928773,0.6721536393415246,1.0766775889486193,2.267598064731028,-0.4763881239054324,0.16090773905132857,0.33866188340819114,12.611864966531023,False,6
larger+VIX GM paper,Gross before costs,526,circular_block_bootstrap,60,ok,60,0.49050478122365915,0.7682174438979208,0.8905877139659288,1.6673979317217045,-0.6678291709539511,0.30632303004804295,0.4038581563304258,7.356425946098089,False,6
larger+VIX GM paper,Gross before costs,527,circular_block_bootstrap,60,ok,60,-0.140165206115216,0.5488750328222451,0.031213610448182386,0.040267848736616076,-0.7628570220119631,0.384717069594971,0.384717069594971,0.4699753457002784,False,6
larger+VIX GM paper,Gross before costs,528,circular_block_bootstrap,60,ok,60,0.8979211118333743,0.6975352370822503,1.2604205249891378,2.789296982833469,-0.4796098935427442,0.18912825082826684,0.2941005677374145,24.625824714072415,False,6
larger+VIX GM paper,Gross before costs,529,circular_block_bootstrap,60,ok,60,0.18004723657870647,0.6371186339232567,0.5684766431079344,0.9954912482615101,-0.7800274557250051,0.17068717998966376,0.4038581563304258,2.2882156996036214,False,6
larger+VIX GM paper,Gross before costs,530,circular_block_bootstrap,60,ok,60,0.07029700712089126,0.6871558808973119,0.4300126026479556,0.7235498667892895,-0.6766129238635673,0.30632303004804295,0.4038581563304258,1.4044993903950318,False,6
larger+VIX GM paper,Gross before costs,531,circular_block_bootstrap,60,ok,60,0.46628084760282795,0.686360963078342,0.8979607435198455,1.6106269858378204,-0.49934131522116576,0.30219702796662573,0.35063495630659397,6.777754117617798,False,6
larger+VIX GM paper,Gross before costs,532,circular_block_bootstrap,60,ok,60,0.8477765090021983,0.5144012395024757,1.4652532677643062,3.110222970532683,-0.49723210273459273,0.12288561975902061,0.2443357235861158,21.540074837983443,False,6
larger+VIX GM paper,Gross before costs,533,circular_block_bootstrap,60,ok,60,0.485893795032148,0.6627488545991365,0.9375373333746236,1.5803785463277638,-0.5936460749250208,0.30219702796662573,0.35063495630659397,7.243339571755274,False,6
larger+VIX GM paper,Gross before costs,534,circular_block_bootstrap,60,ok,60,0.44942207150606106,0.6294837630011927,0.9171995968505166,1.526886988220919,-0.5800767015318318,0.384717069594971,0.3918949771207666,6.396970558293299,False,6
larger+VIX GM paper,Gross before costs,535,circular_block_bootstrap,60,ok,60,0.3855962946626419,0.6418137227109706,0.8268110020858839,1.4447620925899745,-0.5511083300321715,0.2749931095143449,0.4134286996981533,5.107208245081913,False,6
larger+VIX GM paper,Gross before costs,536,circular_block_bootstrap,60,ok,60,0.42820720495768105,0.5531177945890449,0.9217261623183332,1.667028693234532,-0.48900378621835816,0.1930571895778765,0.3277775844950798,5.942320861632032,False,6
larger+VIX GM paper,Gross before costs,537,circular_block_bootstrap,60,ok,60,0.3947713813855309,0.5764432023828355,0.8763900003173344,1.4568320960759262,-0.6388933553481826,0.198907691766602,0.39428761296269843,5.278556064350968,False,6
larger+VIX GM paper,Gross before costs,538,circular_block_bootstrap,60,ok,60,0.035406142294831966,0.7159494478227758,0.3910111305763884,0.6722010820722207,-0.7038882090192802,0.3861526511001301,0.4134286996981533,1.190018423336373,False,6
larger+VIX GM paper,Gross before costs,539,circular_block_bootstrap,60,ok,60,0.34460695130287666,0.6515186944319061,0.7733555392059319,1.3683169886677784,-0.6504557969607155,0.30219702796662573,0.3506349563065939,4.39518095915741,False,6
larger+VIX GM paper,Gross before costs,540,circular_block_bootstrap,60,ok,60,0.4058239728214683,0.7376797384901163,0.8241279969680945,1.4493198016997,-0.6333711626744909,0.30632303004804295,0.4038581563304258,5.491041477839891,False,6
larger+VIX GM paper,Gross before costs,541,circular_block_bootstrap,60,ok,60,1.2377572435340998,0.6505274313166532,1.566985985943303,3.970405022679421,-0.4134286996981533,0.16066017035976735,0.26389506711822897,56.113176977286116,False,6
larger+VIX GM paper,Gross before costs,542,circular_block_bootstrap,60,ok,60,0.21509256763366724,0.5386057911746674,0.6454036175646131,1.0075865715637171,-0.7808684803475017,0.17068717998966376,0.39428761296269843,2.648785693777597,False,6
larger+VIX GM paper,Gross before costs,543,circular_block_bootstrap,60,ok,60,-0.10617466208059201,0.7012246553346748,0.1858153696954413,0.28507661544164403,-0.7984685237057599,0.30219702796662573,0.33927425187713495,0.5705100625252062,False,6
larger+VIX GM paper,Gross before costs,544,circular_block_bootstrap,60,ok,60,0.8734359657397908,0.6259456636665224,1.33256643031116,2.4473187433245513,-0.5604038674534929,0.2694315259277686,0.3667809324199167,23.077792664070618,False,6
larger+VIX GM paper,Gross before costs,545,circular_block_bootstrap,60,ok,60,0.4661198252118284,0.5826381573710412,0.9396864821407565,1.8218123157720842,-0.5353860086973228,0.1930571895778765,0.3182070411273524,6.774033375783136,False,6
larger+VIX GM paper,Gross before costs,546,circular_block_bootstrap,60,ok,60,0.6356738931058841,0.7578925523132759,1.00431901326998,2.0864131165106716,-0.6826139312909467,0.2694315259277686,0.3763514757876441,11.70802415966008,False,6
larger+VIX GM paper,Gross before costs,547,circular_block_bootstrap,60,ok,60,0.8068322560130525,0.5383483166677684,1.369561194121781,3.1641353311840645,-0.4591517493274181,0.12288561975902061,0.23434692342173,19.25702416790042,False,6
larger+VIX GM paper,Gross before costs,548,circular_block_bootstrap,60,ok,60,0.37807885568300037,0.8443558612005603,0.77805800879464,1.47446038043573,-0.5983802745767287,0.3861526511001301,0.4134286996981533,4.9701597300707645,False,6
larger+VIX GM paper,Gross before costs,549,circular_block_bootstrap,60,ok,60,0.9108539831262801,0.6080737744742799,1.359052084901145,3.496602012731866,-0.49723210273459273,0.12097634446554226,0.19645790221529125,25.47636777629925,False,6
larger+VIX GM paper,Gross before costs,550,circular_block_bootstrap,60,ok,60,0.017928118126308457,0.4998018576196429,0.2991141242138439,0.4186370386809921,-0.7289809651722863,0.2694315259277686,0.3297037085094075,1.092912907319633,False,6
larger+VIX GM paper,Gross before costs,551,circular_block_bootstrap,60,ok,60,1.3090613539673508,0.677054208361966,1.5997209562165726,3.269900525241567,-0.48900378621835827,0.2694315259277686,0.3763514757876441,65.64132871042874,False,6
larger+VIX GM paper,Gross before costs,552,circular_block_bootstrap,60,ok,60,0.5001997613494837,0.5846076645342628,0.9730940186916821,2.00500159085761,-0.5271939210795191,0.12288561975902061,0.30953199650835045,7.598807806118314,False,6
larger+VIX GM paper,Gross before costs,553,circular_block_bootstrap,60,ok,60,0.2685525338605783,0.6021512949609269,0.6494964377255242,1.6615377924770325,-0.3176173228452237,0.15942244895780552,0.15942244895780552,3.2850522807188485,False,6
larger+VIX GM paper,Gross before costs,554,circular_block_bootstrap,60,ok,60,0.31686697181650847,0.5702635480012531,0.7325472741349408,1.7459565663137002,-0.3764417842908767,0.15942244895780552,0.17427534989303617,3.960130763626503,False,6
larger+VIX GM paper,Gross before costs,555,circular_block_bootstrap,60,ok,60,0.4051960806947388,0.715525418405773,0.8258751985929195,1.494356506972221,-0.459151749327418,0.384717069594971,0.39907288464656215,5.4787899323268805,False,6
larger+VIX GM paper,Gross before costs,556,circular_block_bootstrap,60,ok,60,0.13348604668743058,0.727932415254071,0.51291080968703,0.9020073094772376,-0.7193950024562892,0.30219702796662573,0.32282703837371207,1.8710306050877963,False,6
larger+VIX GM paper,Gross before costs,557,circular_block_bootstrap,60,ok,60,0.07167418914419943,0.5713021919071543,0.4039919071896138,0.6389556004910577,-0.7557044392654352,0.2694315259277686,0.33927425187713495,1.4135587235626959,False,6
larger+VIX GM paper,Gross before costs,558,circular_block_bootstrap,60,ok,60,-0.07097043388389135,0.6820129435724137,0.2131957994946152,0.3539752328393031,-0.7961625150858831,0.30219702796662573,0.33000494589950763,0.6920662612798114,False,6
larger+VIX GM paper,Gross before costs,559,circular_block_bootstrap,60,ok,60,0.4401242062262136,0.7537131454228605,0.8209288383203158,1.837121326537008,-0.5117209667345727,0.1930571895778765,0.3277775844950798,6.194407203283113,False,6
larger+VIX GM paper,Gross before costs,560,circular_block_bootstrap,60,ok,60,-0.05449084455758346,0.7011089199706128,0.24756958318627653,0.4222682103442149,-0.7625938773282854,0.30219702796662573,0.32282703837371207,0.7556639299247285,False,6
larger+VIX GM paper,Gross before costs,561,circular_block_bootstrap,60,ok,60,0.2859768921993502,0.6266415459339046,0.7064146556680169,1.2622501661655037,-0.4591517493274181,0.17068717998966376,0.39428761296269843,3.516947002987152,False,6
larger+VIX GM paper,Gross before costs,562,circular_block_bootstrap,60,ok,60,0.4215164566574736,0.5741075431942368,0.9122215763269489,1.5215343422322996,-0.6906554948569656,0.198907691766602,0.39428761296269843,5.804428409158517,False,6
larger+VIX GM paper,Gross before costs,563,circular_block_bootstrap,60,ok,60,0.3657889750672618,0.6206287864627638,0.8086495998852294,1.4000960532504472,-0.6723907899588343,0.2694315259277686,0.33927425187713495,4.752455001007765,False,6
larger+VIX GM paper,Gross before costs,564,circular_block_bootstrap,60,ok,60,0.11850713327253892,0.5398110119245195,0.4787359645201158,0.7532772322496875,-0.7482848858060811,0.2694315259277686,0.3667809324199167,1.750627678947977,False,6
larger+VIX GM paper,Gross before costs,565,circular_block_bootstrap,60,ok,60,1.145908994807432,0.7141702072772291,1.4245464310066196,3.257521395078545,-0.4134286996981533,0.18912825082826684,0.30127847526321005,45.50472569904314,False,6
larger+VIX GM paper,Gross before costs,566,circular_block_bootstrap,60,ok,60,0.8325709118583811,0.5655192801729318,1.3661358413883404,2.6914676891647664,-0.6488169419160866,0.1930571895778765,0.3277775844950798,20.6682613206008,False,6
larger+VIX GM paper,Gross before costs,567,circular_block_bootstrap,60,ok,60,0.13833282823028115,0.6202779794539219,0.5000243424888207,0.8990991460663522,-0.7002489419227391,0.2694315259277686,0.3297037085094075,1.9113767676761697,False,6
larger+VIX GM paper,Gross before costs,568,circular_block_bootstrap,60,ok,60,0.4664221565803175,0.6070515124715715,0.9224830892476645,1.7736876569657551,-0.7555295143147743,0.1930571895778765,0.3182070411273523,6.781020688705244,False,6
larger+VIX GM paper,Gross before costs,569,circular_block_bootstrap,60,ok,60,0.16505348731263347,0.7396027551268468,0.5609430655970011,0.9575347492742033,-0.7955983108868608,0.30219702796662573,0.34668969665923677,2.1464922305811798,False,6
larger+VIX GM paper,Gross before costs,570,circular_block_bootstrap,60,ok,60,0.23640579261789219,0.57598517388568,0.6440954007473549,1.1594656472228588,-0.49934131522116565,0.1930571895778765,0.3182070411273524,2.889383280680791,False,6
larger+VIX GM paper,Gross before costs,571,circular_block_bootstrap,60,ok,60,0.06413974831616098,0.7046033091623747,0.4392874306174198,0.7136517732235226,-0.6716343412141115,0.384717069594971,0.39620172163624395,1.3645621712016223,False,6
larger+VIX GM paper,Gross before costs,572,circular_block_bootstrap,60,ok,60,-0.16191810748426128,0.5807593837347729,0.002913494456690274,0.003963803810440432,-0.9126236040285227,0.30219702796662573,0.33520504461796385,0.41345884514184655,False,6
larger+VIX GM paper,Gross before costs,573,circular_block_bootstrap,60,ok,60,-0.09179391433860873,0.6093662446826934,0.14672682425387365,0.222922334625094,-0.8225182191247224,0.30219702796662573,0.3506349563065939,0.6179054679344091,False,6
larger+VIX GM paper,Gross before costs,574,circular_block_bootstrap,60,ok,60,0.8208949893771849,0.6239420611051524,1.2854077356408344,2.4279891647846,-0.4134286996981533,0.2694315259277686,0.3763514757876441,20.018176045451355,False,6
larger+VIX GM paper,Gross before costs,575,circular_block_bootstrap,60,ok,60,0.5690183953446772,0.6044223316859542,1.0507572466597146,1.9143074783718457,-0.5294774863935017,0.2694315259277686,0.3763514757876441,9.509116686531115,False,6
larger+VIX GM paper,Gross before costs,576,circular_block_bootstrap,60,ok,60,0.48305112827506735,0.6668568771068593,0.90650574505705,1.8012947621130806,-0.5849784863102022,0.2677070258204603,0.31275994482642494,7.174317922388045,False,6
larger+VIX GM paper,Gross before costs,577,circular_block_bootstrap,60,ok,60,0.5918764662350837,0.6383526444789392,1.0296959003553958,2.281422881674659,-0.44448329283194454,0.15942244895780552,0.25861765639509754,10.222257380739643,False,6
larger+VIX GM paper,Gross before costs,578,circular_block_bootstrap,60,ok,60,0.43377967294892206,0.6611658395547984,0.8563586164755357,1.712206375945583,-0.49934131522116576,0.1930571895778765,0.3182070411273524,6.059155454600743,False,6
larger+VIX GM paper,Gross before costs,579,circular_block_bootstrap,60,ok,60,0.007792993533032311,0.6252426007244383,0.32074163257909705,0.5110712758386231,-0.8860190387448804,0.30632303004804295,0.38471706959497104,1.0395770263603614,False,6
larger+VIX GM paper,Gross before costs,580,circular_block_bootstrap,60,ok,60,0.7241288567267703,0.7136163680786358,1.1225151465668213,2.115537570360529,-0.49692146379904467,0.30632303004804295,0.4038581563304258,15.23521556472522,False,6
larger+VIX GM paper,Gross before costs,581,circular_block_bootstrap,60,ok,60,0.4615263214448675,0.4321891375189073,1.1280295795111748,1.6295458361962933,-0.5009869661069821,0.2677070258204603,0.30558203730062933,6.668577550921972,False,6
larger+VIX GM paper,Gross before costs,582,circular_block_bootstrap,60,ok,60,0.5310548437731015,0.5408373538693672,1.0315584981280732,2.6346210759012028,-0.3466892140462634,0.15942244895780552,0.16684889942542086,8.413055210929043,False,6
larger+VIX GM paper,Gross before costs,583,circular_block_bootstrap,60,ok,60,1.3193087661429028,0.5519893335555437,1.8253147975014534,4.577714435844436,-0.4171966076702589,0.08436649804022231,0.23050880263918772,67.11086667135477,False,6
larger+VIX GM paper,Gross before costs,584,circular_block_bootstrap,60,ok,60,0.37911051153825825,0.6867148589077539,0.7828133998567691,1.5557050159232109,-0.5836934243651976,0.2694315259277686,0.33927425187713495,4.988791382365292,False,6
larger+VIX GM paper,Gross before costs,585,circular_block_bootstrap,60,ok,60,0.41700690338786806,0.5946733494428013,0.8911434483083714,1.53696449070622,-0.6092783039379458,0.17068717998966376,0.38471706959497104,5.71294220134489,False,6
larger+VIX GM paper,Gross before costs,586,circular_block_bootstrap,60,ok,60,0.2555728471991414,0.6704264235946481,0.6657669641191777,1.1696418994991507,-0.7051501475281899,0.30632303004804295,0.39428761296269843,3.120395017448294,False,6
larger+VIX GM paper,Gross before costs,587,circular_block_bootstrap,60,ok,60,0.3920638006245727,0.6006902063156343,0.8236195673828084,1.7705369693392619,-0.5120851507267428,0.16090773905132857,0.25301076820511764,5.227519973787223,False,6
larger+VIX GM paper,Gross before costs,588,circular_block_bootstrap,60,ok,60,0.4710085948679068,0.5134566187399673,1.02168169574968,1.7539670008024046,-0.5528086766822738,0.16090773905132857,0.31952079667273625,6.887728998738623,False,6
larger+VIX GM paper,Gross before costs,589,circular_block_bootstrap,60,ok,60,0.45917442151235655,0.6526414722491932,0.898562597449335,1.6181019307517834,-0.6220205470124315,0.2694315259277686,0.3297037085094075,6.615094315815261,False,6
larger+VIX GM paper,Gross before costs,590,circular_block_bootstrap,60,ok,60,0.832099738462998,0.7896026249010751,1.1471897293442401,2.4717745806662,-0.4134286996981533,0.17187519280326163,0.4134286996981533,20.641704835311888,False,6
larger+VIX GM paper,Gross before costs,591,circular_block_bootstrap,60,ok,60,-0.14995978436968227,0.6830334797679755,0.1020054592885381,0.15709267194407533,-0.7586209825451982,0.384717069594971,0.39045939561560744,0.44381028648456233,False,6
larger+VIX GM paper,Gross before costs,592,circular_block_bootstrap,60,ok,60,0.43794514024808984,0.6019803789721956,0.8942878890276914,1.7506044242932222,-0.5951364822790436,0.16066017035976735,0.31952079667273625,6.1476847201927844,False,6
larger+VIX GM paper,Gross before costs,593,circular_block_bootstrap,60,ok,60,-0.17454471702540486,0.6365652663925367,0.02152810785063798,0.031075397655677857,-0.8525426564452242,0.30219702796662573,0.33520504461796385,0.3832372869113675,False,6
larger+VIX GM paper,Gross before costs,594,circular_block_bootstrap,60,ok,60,0.025375150713005556,0.657722401612746,0.3588869471526616,0.5887985421441627,-0.7844313760731081,0.30632303004804295,0.38471706959497104,1.1334802100050954,False,6
larger+VIX GM paper,Gross before costs,595,circular_block_bootstrap,60,ok,60,0.1947394210513207,0.43383606789958506,0.6414788918765357,0.9570751112187413,-0.48909875684501347,0.18912825082826684,0.2734705573303282,2.4342544270826347,False,6
larger+VIX GM paper,Gross before costs,596,circular_block_bootstrap,60,ok,60,0.8286338658554337,0.5987814341689237,1.2910438191056257,3.597171786671638,-0.29885817635720435,0.16066017035976735,0.18912825082826687,20.447197537869727,False,6
larger+VIX GM paper,Gross before costs,597,circular_block_bootstrap,60,ok,60,0.2988439832186591,0.8153327943547064,0.6918945415679653,1.4174644164232622,-0.5807629107564417,0.198907691766602,0.39428761296269843,3.6964508364116644,False,6
larger+VIX GM paper,Gross before costs,598,circular_block_bootstrap,60,ok,60,0.060370229138431375,0.7532188998540357,0.4256869381436165,0.7769248609093917,-0.7984441165690078,0.30632303004804295,0.39428761296269843,1.3405642394772908,False,6
larger+VIX GM paper,Gross before costs,599,circular_block_bootstrap,60,ok,60,0.8352915992859693,0.7787329192094419,1.1663470370681104,2.3296764441317057,-0.6870657610255203,0.384717069594971,0.3990728846465621,20.82214102411893,False,6
larger+VIX GM paper,Gross before costs,600,circular_block_bootstrap,60,ok,60,0.15623268437090965,0.7154186629743604,0.5594755973442966,0.913997102167649,-0.8646893448687395,0.3861526511001301,0.4134286996981533,2.066456222273082,False,6
larger+VIX GM paper,Gross before costs,601,circular_block_bootstrap,60,ok,60,1.0164871523105314,0.6698125726965896,1.373479508722552,3.463862595769019,-0.49723210273459273,0.1591618503351095,0.21026617428571326,33.34089828585309,False,6
larger+VIX GM paper,Gross before costs,602,circular_block_bootstrap,60,ok,60,0.46679470050268823,0.6163607793760443,0.9157620628006298,1.8522793632186745,-0.49723210273459284,0.16066017035976735,0.32909134004046375,6.789638643412727,False,6
larger+VIX GM paper,Gross before costs,603,circular_block_bootstrap,60,ok,60,1.577159069946381,0.6693420833821777,1.765880254166787,4.5833115755236316,-0.4134286996981533,0.16066017035976735,0.26389506711822897,113.6857749774306,False,6
larger+VIX GM paper,Gross before costs,604,circular_block_bootstrap,60,ok,60,-0.0695171694607628,0.5606373997483166,0.14810533875603182,0.2226483061887729,-0.6448398617584588,0.2694315259277686,0.30219702796662573,0.6974961572105209,False,6
larger+VIX GM paper,Gross before costs,605,circular_block_bootstrap,60,ok,60,0.9159048044347846,0.7117062044547408,1.2495352783376887,3.090388778226355,-0.4858863959503338,0.18912825082826684,0.24520336304573842,25.81485157902489,False,6
larger+VIX GM paper,Gross before costs,606,circular_block_bootstrap,60,ok,60,1.2575761448006624,0.6109925747966067,1.6292456087851532,6.255612746919845,-0.23609241975992212,0.08896945739114309,0.11709853429326886,58.64244062582751,False,6
larger+VIX GM paper,Gross before costs,607,circular_block_bootstrap,60,ok,60,0.35320852159056204,0.7165138271625765,0.7442141921265243,1.5804813359893901,-0.655258997826462,0.2694315259277686,0.30219702796662573,4.537572948808172,False,6
larger+VIX GM paper,Gross before costs,608,circular_block_bootstrap,60,ok,60,-0.0017219866607688372,0.5318082182492879,0.27596936471058675,0.3991939118963278,-0.533246379491361,0.2694315259277686,0.3667809324199167,0.9914196680596985,False,6
larger+VIX GM paper,Gross before costs,609,circular_block_bootstrap,60,ok,60,0.22262798739405953,0.6565786301843989,0.6319283165118262,1.0627747879247422,-0.6523643827001977,0.30632303004804295,0.39428761296269843,2.7319431983505886,False,6
larger+VIX GM paper,Gross before costs,610,circular_block_bootstrap,60,ok,60,-0.10611067938689922,0.6551147541546561,0.14203535302358916,0.22509274520019779,-0.7332171596214792,0.30219702796662573,0.33000494589950763,0.5707142858525149,False,6
larger+VIX GM paper,Gross before costs,611,circular_block_bootstrap,60,ok,60,-0.048367790157569535,0.6741791092359328,0.2540069507074766,0.40194144931422415,-0.7441653076811192,0.30219702796662573,0.3409473706386003,0.7804510437720332,False,6
larger+VIX GM paper,Gross before costs,612,circular_block_bootstrap,60,ok,60,1.0727086233982654,0.7293252684549837,1.3516432982295503,3.2268548345057044,-0.49934131522116565,0.16483667780093825,0.3277775844950798,38.2552699859004,False,6
larger+VIX GM paper,Gross before costs,613,circular_block_bootstrap,60,ok,60,0.551511380212012,0.5821081990229517,1.0551725704006216,1.8416589620588877,-0.49934131522116576,0.2694315259277686,0.3667809324199167,8.99031331399854,False,6
larger+VIX GM paper,Gross before costs,614,circular_block_bootstrap,60,ok,60,0.34496340666359937,0.6793851034494406,0.7582488546351478,1.4374964054013872,-0.667416582161429,0.2694315259277686,0.3667809324199167,4.401009862131284,False,6
larger+VIX GM paper,Gross before costs,615,circular_block_bootstrap,60,ok,60,0.5445357762377661,0.6077521788201496,1.0090390281819663,2.019524088227987,-0.6020550472372563,0.1930571895778765,0.3277775844950798,8.790019971169947,False,6
larger+VIX GM paper,Gross before costs,616,circular_block_bootstrap,60,ok,60,0.5979598502330374,0.6519221666057603,1.0152152561429235,2.344358280916056,-0.49934131522116565,0.1930571895778765,0.2792036932025155,10.41907863935695,False,6
larger+VIX GM paper,Gross before costs,617,circular_block_bootstrap,60,ok,60,0.22924152299489586,0.49795241410461366,0.6874899926660757,1.0052279240558961,-0.7016455372341828,0.198907691766602,0.38471706959497104,2.8066361203346837,False,6
larger+VIX GM paper,Gross before costs,618,circular_block_bootstrap,60,ok,60,-0.2978822108099062,0.6409046544044035,-0.2161139597647592,-0.29476793196988127,-0.835478496745301,0.30632303004804295,0.4038581563304258,0.17062783619158495,False,6
larger+VIX GM paper,Gross before costs,619,circular_block_bootstrap,60,ok,60,0.7190810521898441,0.8503022810804558,1.0590428590616436,1.955056113398178,-0.5442171680692942,0.4134286996981533,0.4134286996981533,15.013493754353185,False,6
larger+VIX GM paper,Gross before costs,620,circular_block_bootstrap,60,ok,60,0.8948834946389355,0.738038099461654,1.231947368580019,2.564950822453495,-0.49723210273459273,0.198907691766602,0.39428761296269843,24.429386715615443,False,6
larger+VIX GM paper,Gross before costs,621,circular_block_bootstrap,60,ok,60,0.7866685213098981,0.6243010751651151,1.2204355956001918,2.8863776551727973,-0.49934131522116565,0.18912825082826684,0.23704013886090491,18.206225978282266,False,6
larger+VIX GM paper,Gross before costs,622,circular_block_bootstrap,60,ok,60,0.3409275177124642,0.544551033511586,0.8090160431636179,1.447694344950927,-0.5918271997775886,0.1591748802662443,0.3096188627159158,4.335373473506073,False,6
larger+VIX GM paper,Gross before costs,623,circular_block_bootstrap,60,ok,60,0.4108812731526159,0.5694520812415944,0.9080070520186204,1.4326121911966654,-0.6392849163476295,0.2735575280091858,0.39428761296269843,5.5905217987409355,False,6
larger+VIX GM paper,Gross before costs,624,circular_block_bootstrap,60,ok,60,0.1731232543640897,0.5885898357068067,0.57457223361007,0.8891206538312184,-0.8184496269582957,0.30632303004804295,0.39428761296269843,2.2218678181733758,False,6
larger+VIX GM paper,Gross before costs,625,circular_block_bootstrap,60,ok,60,0.3018258766948967,0.5504361043754885,0.7657842643206036,1.2216250419069137,-0.6159166031060648,0.198907691766602,0.39428761296269843,3.739077779237388,False,6
larger+VIX GM paper,Gross before costs,626,circular_block_bootstrap,60,ok,60,0.2589653543384016,0.5560603867802745,0.7066023842710402,1.0844496048820966,-0.5308999741910538,0.30632303004804295,0.39428761296269843,3.162779347676454,False,6
larger+VIX GM paper,Gross before costs,627,circular_block_bootstrap,60,ok,60,0.3779433560212122,0.653232440502301,0.7977604952419364,1.563965554468501,-0.6180172521369687,0.1930571895778765,0.3182070411273524,4.967716754700646,False,6
larger+VIX GM paper,Gross before costs,628,circular_block_bootstrap,60,ok,60,0.6725203954490799,0.6885423895170554,1.0887680778504274,2.1225735579678457,-0.6924309073180661,0.2694315259277686,0.3763514757876441,13.087512583306877,False,6
larger+VIX GM paper,Gross before costs,629,circular_block_bootstrap,60,ok,60,0.10066065165917948,0.5418257909056392,0.45777433473831536,0.6914162227666767,-0.5857246153089031,0.2694315259277686,0.3667809324199167,1.6153521132518693,False,6
larger+VIX GM paper,Gross before costs,630,circular_block_bootstrap,60,ok,60,1.21961686231033,0.48807403291518586,1.9006433475314695,5.74935135957527,-0.2937339680991675,0.10512859704570146,0.16923751670706064,53.87534662211243,False,6
larger+VIX GM paper,Gross before costs,631,circular_block_bootstrap,60,ok,60,0.26528224234179043,0.6513028439482565,0.6675792273672589,1.2517581015900006,-0.5505887520992605,0.1930571895778765,0.3277775844950798,3.2429261950793467,False,6
larger+VIX GM paper,Gross before costs,632,circular_block_bootstrap,60,ok,60,0.49398254223010785,0.5304053542794981,1.012281798650795,2.1035251537791053,-0.49934131522116565,0.16090773905132857,0.25301076820511764,7.442650288162322,False,6
larger+VIX GM paper,Gross before costs,633,circular_block_bootstrap,60,ok,60,0.26744606617954103,0.6322585633855206,0.6863676381329439,1.183546160357993,-0.6779899394065231,0.2694315259277686,0.3572103890521892,3.2707506698244417,False,6
larger+VIX GM paper,Gross before costs,634,circular_block_bootstrap,60,ok,60,0.7217273714466803,0.5189898314901134,1.302042345395278,3.017582450539462,-0.32931061354970415,0.16090773905132857,0.21532117582566465,15.1294074476197,False,6
larger+VIX GM paper,Gross before costs,635,circular_block_bootstrap,60,ok,60,0.2158836720453925,0.6801132282986315,0.6335117117616045,0.9955609612841961,-0.5536588375101573,0.30219702796662573,0.3409473706386003,2.657419589049427,False,6
larger+VIX GM paper,Gross before costs,636,circular_block_bootstrap,60,ok,60,0.1393041563167423,0.7022578297925207,0.5082737521917591,0.9524477324406312,-0.7136423887922869,0.2694315259277686,0.3667809324199167,1.9195454903424012,False,6
larger+VIX GM paper,Gross before costs,637,circular_block_bootstrap,60,ok,60,0.18361981757293422,0.5624737259988157,0.5687894534351218,1.0110635381384423,-0.5018236273374828,0.16090773905132857,0.3290913400404637,2.3230638150530107,False,6
larger+VIX GM paper,Gross before costs,638,circular_block_bootstrap,60,ok,60,0.309845800620415,0.6248910375697253,0.7221349914607085,1.4129852763402095,-0.5508222401973941,0.1930571895778765,0.3182070411273523,3.8556789143204635,False,6
larger+VIX GM paper,Gross before costs,639,circular_block_bootstrap,60,ok,60,0.14613198790119308,0.5446233400809348,0.5237693486780247,0.8329359601738326,-0.48900378621835816,0.2694315259277686,0.3572103890521892,1.9777580827392014,False,6
larger+VIX GM paper,Gross before costs,640,circular_block_bootstrap,60,ok,60,0.08643525238795347,0.6069051326047861,0.4389571701833021,0.6847873015664765,-0.6761665052304808,0.30219702796662573,0.33000494589950763,1.513628321563442,False,6
larger+VIX GM paper,Gross before costs,641,circular_block_bootstrap,60,ok,60,0.5283438189978196,0.6245166117422627,0.9735540650729495,1.9843910444072395,-0.7441653076811192,0.2677070258204603,0.28495202689354304,8.338833924005478,False,6
larger+VIX GM paper,Gross before costs,642,circular_block_bootstrap,60,ok,60,0.05021338464403047,0.7088325389004745,0.4222170219807286,0.6653227595703164,-0.7261949587404224,0.384717069594971,0.39907288464656215,1.2775789415509602,False,6
larger+VIX GM paper,Gross before costs,643,circular_block_bootstrap,60,ok,60,0.7868025403719838,0.6663730685389148,1.2069186965483836,2.337796613144709,-0.49934131522116565,0.2694315259277686,0.3667809324199167,18.213055301620546,False,6
larger+VIX GM paper,Gross before costs,644,circular_block_bootstrap,60,ok,60,0.35096652754312463,0.5276998266608658,0.837130563817903,1.436083632320442,-0.5429302835911695,0.1930571895778765,0.3182070411273523,4.50010807455804,False,6
larger+VIX GM paper,Gross before costs,645,circular_block_bootstrap,60,ok,60,0.8026763310559732,0.5476083273810074,1.3520460045798628,3.0561071700748226,-0.4280382625656213,0.12288561975902061,0.24433572358611577,19.036573617490827,False,6
larger+VIX GM paper,Gross before costs,646,circular_block_bootstrap,60,ok,60,0.876332860596196,0.6577749234576051,1.2792931919797454,2.8681705017681924,-0.46875599864116346,0.16090773905132857,0.30158465949768193,23.256771323045236,False,6
larger+VIX GM paper,Gross before costs,647,circular_block_bootstrap,60,ok,60,0.460392907365597,0.6888317825544037,0.8796195585688953,1.7503307150665708,-0.5642742570934096,0.17043961129810253,0.38471706959497104,6.642760205737456,False,6
larger+VIX GM paper,Gross before costs,648,circular_block_bootstrap,60,ok,60,0.3814248386759884,0.626229684388037,0.828014142720854,1.4675104971818052,-0.7065329842149419,0.198907691766602,0.39428761296269843,5.030791318660065,False,6
larger+VIX GM paper,Gross before costs,649,circular_block_bootstrap,60,ok,60,0.11748864453530738,0.5734711089849216,0.48653641598486125,0.7389485687939344,-0.8298925928363535,0.30219702796662573,0.32282703837371207,1.7426717600141401,False,6
larger+VIX GM paper,Gross before costs,650,circular_block_bootstrap,60,ok,60,0.28880757387891354,0.5893433435096298,0.7330408494195804,1.2038235681271685,-0.49723210273459273,0.198907691766602,0.38471706959497104,3.5558251561996115,False,6
larger+VIX GM paper,Gross before costs,651,circular_block_bootstrap,60,ok,60,0.42748178799308256,0.5192310155303875,0.942059586421467,1.742666074809696,-0.49723210273459273,0.16090773905132857,0.28051744874789936,5.927245025234815,False,6
larger+VIX GM paper,Gross before costs,652,circular_block_bootstrap,60,ok,60,0.4313413862234361,0.5957803783444123,0.8896913766645728,1.7542747504930989,-0.6233642620876347,0.16066017035976735,0.3195207966727363,6.007809369969677,False,6
larger+VIX GM paper,Gross before costs,653,circular_block_bootstrap,60,ok,60,0.061124681956769455,0.7168650294935847,0.4280665831335677,0.7217948458116398,-0.6701804291402321,0.30632303004804295,0.39428761296269843,1.3453400841563725,False,6
larger+VIX GM paper,Gross before costs,654,circular_block_bootstrap,60,ok,60,0.19756302319509667,0.6950607352145386,0.5902722175196761,1.0465485037810334,-0.5676844906548808,0.30219702796662573,0.35063495630659397,2.463155839719971,False,6
larger+VIX GM paper,Gross before costs,655,circular_block_bootstrap,60,ok,60,0.46341673737335176,0.6525630926412591,0.9069673759402925,1.6496103102709376,-0.6276661288696466,0.2694315259277686,0.3667809324199167,6.711816727613766,False,6
larger+VIX GM paper,Gross before costs,656,circular_block_bootstrap,60,ok,60,0.23350278721126783,0.5589883521983111,0.64724066865071,1.1158312924784586,-0.6456668835851561,0.1930571895778765,0.3277775844950798,2.8556217147954945,False,6
larger+VIX GM paper,Gross before costs,657,circular_block_bootstrap,60,ok,60,0.17094179015890565,0.5561624407923447,0.5680281876232391,0.8920215806645351,-0.5441419148000957,0.198907691766602,0.39428761296269843,2.2012862956119963,False,6
larger+VIX GM paper,Gross before costs,658,circular_block_bootstrap,60,ok,60,0.4668277582687579,0.6972790074263292,0.8840055973025247,1.6658543329919115,-0.6785982059689082,0.2694315259277686,0.3763514757876441,6.7904037825395,False,6
larger+VIX GM paper,Gross before costs,659,circular_block_bootstrap,60,ok,60,0.7884835950538753,0.639603710997419,1.2342675381251544,2.3843485516135123,-0.48900378621835827,0.2694315259277686,0.3763514757876441,18.298892448398025,False,6
larger+VIX GM paper,Gross before costs,660,circular_block_bootstrap,60,ok,60,0.3702212652783965,0.7472586701284959,0.7904790252498759,1.3916558716639775,-0.7726094420443277,0.3861526511001301,0.4134286996981533,4.83007102008585,False,6
larger+VIX GM paper,Gross before costs,661,circular_block_bootstrap,60,ok,60,-0.07362405634628577,0.5144667228328321,0.12116999797195918,0.16994629198544817,-0.8276221977863645,0.2694315259277686,0.3572103890521892,0.6822386877732921,False,6
larger+VIX GM paper,Gross before costs,662,circular_block_bootstrap,60,ok,60,1.5440526892055728,0.6516322609668473,1.7649859229361675,5.509451446071756,-0.26770702582046035,0.1591618503351095,0.1862981442064472,106.56890616183118,False,6
larger+VIX GM paper,Gross before costs,663,circular_block_bootstrap,60,ok,60,0.8138735478767931,0.6752154895143215,1.2169724429234057,2.4251278264389886,-0.6349046061560084,0.2694315259277686,0.3667809324199167,19.635186794406856,False,6
larger+VIX GM paper,Gross before costs,664,circular_block_bootstrap,60,ok,60,-0.06648957270575706,0.5524413198476644,0.15807693314447524,0.23110759987398283,-0.8265677479988416,0.2694315259277686,0.3572103890521892,0.7089177768396084,False,6
larger+VIX GM paper,Gross before costs,665,circular_block_bootstrap,60,ok,60,0.5909112088262614,0.596079149463249,1.0722539936958841,2.177889876233859,-0.46512383400104906,0.1591748802662443,0.3287599494513707,10.191302872007691,False,6
larger+VIX GM paper,Gross before costs,666,circular_block_bootstrap,60,ok,60,-0.009587754048930752,0.6905360193236056,0.33393790140633717,0.5053260580528868,-0.7441653076811192,0.384717069594971,0.3918949771207666,0.9529717086568434,False,6
larger+VIX GM paper,Gross before costs,667,circular_block_bootstrap,60,ok,60,0.26930373803939656,0.6444776542887565,0.6913189224112231,1.156151353392589,-0.6115405491079715,0.30632303004804295,0.4038581563304258,3.294790424534054,False,6
larger+VIX GM paper,Gross before costs,668,circular_block_bootstrap,60,ok,60,0.5398730906276752,0.6372105806885643,0.9937643717766488,1.8539441706360664,-0.44152317902878424,0.198907691766602,0.4038581563304258,8.658140890289863,False,6
larger+VIX GM paper,Gross before costs,669,circular_block_bootstrap,60,ok,60,-0.01917333030257551,0.6267044663727148,0.27864232534373745,0.43892058534755235,-0.7512881297581843,0.30632303004804295,0.38471706959497104,0.9077397032107359,False,6
larger+VIX GM paper,Gross before costs,670,circular_block_bootstrap,60,ok,60,0.04464180296324982,0.8130189110154081,0.4310932851016574,0.7599478971842216,-0.7430000111538594,0.30219702796662573,0.34668969665923677,1.2440476181807998,False,6
larger+VIX GM paper,Gross before costs,671,circular_block_bootstrap,60,ok,60,0.1550470497021601,0.5430665149414989,0.5165203226174281,0.9701296239274751,-0.676887513352236,0.18912825082826684,0.22106950951669221,2.055882906921644,False,6
larger+VIX GM paper,Gross before costs,672,circular_block_bootstrap,60,ok,60,-0.16258717729617111,0.7549624018356341,0.12908594892551198,0.20373694969813844,-0.8741611343964109,0.30632303004804295,0.4038581563304258,0.41181108556401563,False,6
larger+VIX GM paper,Gross before costs,673,circular_block_bootstrap,60,ok,60,0.02438515885614634,0.6728725807601377,0.3648707378507386,0.5874462690345906,-0.7679637291554411,0.30632303004804295,0.39428761296269843,1.1280189335137158,False,6
larger+VIX GM paper,Gross before costs,674,circular_block_bootstrap,60,ok,60,0.3435158364926578,0.6883091294653078,0.7543003407897775,1.471483236097071,-0.5407891360808127,0.17043961129810253,0.38471706959497104,4.377376982120933,False,6
larger+VIX GM paper,Gross before costs,675,circular_block_bootstrap,60,ok,60,0.3632540914211675,0.5722987864208315,0.8146160983550704,1.570884962066389,-0.49934131522116565,0.16483667780093825,0.3182070411273523,4.708515981895723,False,6
larger+VIX GM paper,Gross before costs,676,circular_block_bootstrap,60,ok,60,0.9458514721841706,0.506331540766311,1.5891675370739489,3.496954903414739,-0.4134286996981533,0.10190760359013137,0.23494723071194565,27.89641764839047,False,6
larger+VIX GM paper,Gross before costs,677,circular_block_bootstrap,60,ok,60,0.530788322121593,0.5888927980212448,1.0388135164776782,1.692850176915791,-0.6870657610255204,0.30632303004804295,0.39428761296269843,8.405735156846248,False,6
larger+VIX GM paper,Gross before costs,678,circular_block_bootstrap,60,ok,60,0.7738009662810426,0.5844330589508172,1.2896904661390058,2.31723184512134,-0.48900378621835827,0.2694315259277686,0.33927425187713495,17.559996933202584,False,6
larger+VIX GM paper,Gross before costs,679,circular_block_bootstrap,60,ok,60,0.42746090186479546,0.57826786139192,0.893934782298395,1.7403581931574463,-0.5972962503163308,0.16483667780093825,0.3182070411273523,5.926811416979998,False,6
larger+VIX GM paper,Gross before costs,680,circular_block_bootstrap,60,ok,60,0.16581584134237493,0.6522802061649012,0.5432089969340034,0.9610502042749476,-0.5599861173128978,0.2694315259277686,0.3763514757876441,2.15352422509766,False,6
larger+VIX GM paper,Gross before costs,681,circular_block_bootstrap,60,ok,60,0.037545804062188326,0.42306275770269636,0.31379868232282093,0.4154957381676611,-0.7570743203157916,0.2677070258204603,0.2815030266789265,1.2023651835123876,False,6
larger+VIX GM paper,Gross before costs,682,circular_block_bootstrap,60,ok,60,0.016895546094248814,0.7224832512181528,0.38860762217243744,0.5971270763401864,-0.6180172521369687,0.384717069594971,0.39620172163624384,1.087380963999466,False,6
larger+VIX GM paper,Gross before costs,683,circular_block_bootstrap,60,ok,60,0.8399719569509718,0.7318976587394287,1.1872000903001334,2.5069675059950134,-0.6346998009112546,0.2694315259277686,0.3763514757876441,21.0890016039568,False,6
larger+VIX GM paper,Gross before costs,684,circular_block_bootstrap,60,ok,60,0.7288265835197572,0.7269191988601565,1.101070259069291,2.2645612303732263,-0.5530065071454229,0.2694315259277686,0.3763514757876441,15.443906353608579,False,6
larger+VIX GM paper,Gross before costs,685,circular_block_bootstrap,60,ok,60,0.450225058095471,0.6986561436066073,0.8668877962369328,1.6365758571655447,-0.5924999202874819,0.2694315259277686,0.3667809324199167,6.4147099604914155,False,6
larger+VIX GM paper,Gross before costs,686,circular_block_bootstrap,60,ok,60,1.01313109107259,0.4747593701037758,1.7144326789720619,5.7284295424733855,-0.2937339680991674,0.10228474160941683,0.12866851962816067,33.0643721931493,False,6
larger+VIX GM paper,Gross before costs,687,circular_block_bootstrap,60,ok,60,0.09348678921568565,0.6504506037001558,0.45992577487256037,0.7522699696260621,-0.7949293292452172,0.30632303004804295,0.38471706959497104,1.5633913427597885,False,6
larger+VIX GM paper,Gross before costs,688,circular_block_bootstrap,60,ok,60,-0.07453956786069271,0.7582697999140064,0.2713291574547041,0.42963519933388844,-0.7210977246162984,0.384717069594971,0.39620172163624395,0.678874157133081,False,6
larger+VIX GM paper,Gross before costs,689,circular_block_bootstrap,60,ok,60,0.5852589877101997,0.7131720317981625,0.983214787988246,2.0640800384415257,-0.7063095445237377,0.1930571895778765,0.3277775844950798,10.011545388098291,False,6
larger+VIX GM paper,Gross before costs,690,circular_block_bootstrap,60,ok,60,0.6588662765447149,0.6409977070317574,1.1084146619060526,2.165041551135934,-0.5402371373912387,0.19478168968518478,0.33927425187713495,12.561945122873203,False,6
larger+VIX GM paper,Gross before costs,691,circular_block_bootstrap,60,ok,60,0.3040220082477594,0.5407984621441874,0.7555506150048004,1.3387747714752574,-0.76742510988111,0.16483667780093825,0.3182070411273524,3.770722788846685,False,6
larger+VIX GM paper,Gross before costs,692,circular_block_bootstrap,60,ok,60,0.538108513930819,0.5072747470615926,1.0908456359514593,2.2852212535097416,-0.48900378621835816,0.15942244895780552,0.2096342801321005,8.608646619897925,False,6
larger+VIX GM paper,Gross before costs,693,circular_block_bootstrap,60,ok,60,0.7646598478703732,0.7197810996560327,1.1407387380919431,2.2544796596677865,-0.6908912997389904,0.2694315259277686,0.33927425187713495,17.112167416317273,False,6
larger+VIX GM paper,Gross before costs,694,circular_block_bootstrap,60,ok,60,0.6680391296881409,0.712547780350126,1.0560774839302405,2.2780687107104254,-0.4134286996981533,0.18912825082826684,0.2788484303762214,12.91311954485517,False,6
larger+VIX GM paper,Gross before costs,695,circular_block_bootstrap,60,ok,60,0.7235120982127616,0.6467058402266149,1.1686264018904742,2.214072486625298,-0.49934131522116576,0.2694315259277686,0.33927425187713495,15.207985208216664,False,6
larger+VIX GM paper,Gross before costs,696,circular_block_bootstrap,60,ok,60,0.08631803167180241,0.66456214488708,0.43912155706189177,0.7734723294226072,-0.6074077256473773,0.2694315259277686,0.3572103890521892,1.5128119346120124,False,6
larger+VIX GM paper,Gross before costs,697,circular_block_bootstrap,60,ok,60,1.0349961901564795,0.566566628915947,1.5367818308057248,4.192420169537212,-0.23609241975992223,0.1591618503351095,0.1949857943986626,34.89940337078027,False,6
larger+VIX GM paper,Gross before costs,698,circular_block_bootstrap,60,ok,60,0.1581133421934604,0.6135491234656367,0.5553033428683365,0.8789928397894532,-0.6092783039379459,0.384717069594971,0.3918949771207666,2.083316842637327,False,6
larger+VIX GM paper,Gross before costs,699,circular_block_bootstrap,60,ok,60,0.18978047183442381,0.6080094185006091,0.5808813071975333,1.0003347968319227,-0.5896157536786732,0.2694315259277686,0.3572103890521892,2.384153329681746,False,6
larger+VIX GM paper,Gross before costs,700,circular_block_bootstrap,60,ok,60,-0.08654889026499257,0.6496068036966285,0.1870739430665632,0.2821502086309436,-0.7098568579912088,0.3077586115532021,0.4134286996981533,0.6359552233960637,False,6
larger+VIX GM paper,Gross before costs,701,circular_block_bootstrap,60,ok,60,-0.028235082433788916,0.6081173802413298,0.272187996780899,0.38873422689982784,-0.8297689094026198,0.30632303004804295,0.38471706959497104,0.8665748507937849,False,6
larger+VIX GM paper,Gross before costs,702,circular_block_bootstrap,60,ok,60,0.6456970149431558,0.714597542060514,1.0324788207744906,2.2668660653036796,-0.6098803355513167,0.16066017035976735,0.32909134004046375,12.071171133070933,False,6
larger+VIX GM paper,Gross before costs,703,circular_block_bootstrap,60,ok,60,-0.05829635349433493,0.6601242972847828,0.2144360077418905,0.36967468688309973,-0.6906271561912232,0.2694315259277686,0.3297037085094075,0.7405787742831927,False,6
larger+VIX GM paper,Gross before costs,704,circular_block_bootstrap,60,ok,60,-0.15478028545852085,0.5493783319644547,-0.03237683811205144,-0.04826152529889413,-0.7598204367079565,0.2694315259277686,0.3572103890521892,0.43136816556015706,False,6
larger+VIX GM paper,Gross before costs,705,circular_block_bootstrap,60,ok,60,0.43010224151263987,0.6882005782794705,0.8591411273672037,1.5177425548503642,-0.5542312415635172,0.30219702796662573,0.35063495630659397,5.981848873729481,False,6
larger+VIX GM paper,Gross before costs,706,circular_block_bootstrap,60,ok,60,0.599344214238096,0.6869722326607022,1.0216665591064262,1.950512818958862,-0.5442171680692943,0.2735575280091858,0.4038581563304258,10.464288819986983,False,6
larger+VIX GM paper,Gross before costs,707,circular_block_bootstrap,60,ok,60,1.1168609005260879,0.6359525190785518,1.4824259651258012,4.512426585588206,-0.29926953481835983,0.1591618503351095,0.19378974432973656,42.507112729662005,False,6
larger+VIX GM paper,Gross before costs,708,circular_block_bootstrap,60,ok,60,0.5101250342683736,0.5508497055039006,1.0072442133190216,2.173698942594336,-0.49934131522116576,0.16066017035976735,0.25301076820511764,7.853523289188616,False,6
larger+VIX GM paper,Gross before costs,709,circular_block_bootstrap,60,ok,60,0.2544529643339122,0.6344579052937802,0.6648523899484989,1.1740786468012236,-0.6571820981282737,0.2694315259277686,0.3572103890521892,3.106503952418746,False,6
larger+VIX GM paper,Gross before costs,710,circular_block_bootstrap,60,ok,60,0.36242512982857833,0.765254000268133,0.7647652860763967,1.460646638988127,-0.6745490359677012,0.3077586115532021,0.4134286996981533,4.694217712184934,False,6
larger+VIX GM paper,Gross before costs,711,circular_block_bootstrap,60,ok,60,0.28036875770355496,0.5986211756514039,0.7026065796671844,1.227992354641089,-0.5738601698409408,0.2694315259277686,0.3667809324199167,3.440926071491397,False,6
larger+VIX GM paper,Gross before costs,712,circular_block_bootstrap,60,ok,60,0.5090580045492483,0.6969407661810143,0.9327746818440464,1.7283607181407314,-0.8093835530199017,0.2694315259277686,0.3763514757876441,7.825816613706896,False,6
larger+VIX GM paper,Gross before costs,713,circular_block_bootstrap,60,ok,60,-0.03968243012353667,0.552649178090176,0.21524052062791926,0.30547498534157136,-0.7620713929690968,0.30219702796662573,0.34345704878079836,0.8167222245676778,False,6
larger+VIX GM paper,Gross before costs,714,circular_block_bootstrap,60,ok,60,0.25259041684336525,0.6388230594474124,0.6547706519003557,1.2269337862577523,-0.4600189824700849,0.1930571895778765,0.3457137216701341,3.0835104434928837,False,6
larger+VIX GM paper,Gross before costs,715,circular_block_bootstrap,60,ok,60,0.013096504562501998,0.8111419679841302,0.4135663041669142,0.6738150897440858,-0.7886438684064059,0.3861526511001301,0.4134286996981533,1.06722031752745,False,6
larger+VIX GM paper,Gross before costs,716,circular_block_bootstrap,60,ok,60,0.14336361267579734,0.6869217466703753,0.527751180056339,0.8800331873181373,-0.650638881787009,0.30219702796662573,0.34668969665923677,1.953987736977286,False,6
larger+VIX GM paper,Gross before costs,717,circular_block_bootstrap,60,ok,60,0.5771215397739953,0.6082642900605227,1.0562035483785637,1.9746299478156446,-0.7472244414793208,0.1665611779082465,0.3572103890521892,9.75721368207788,False,6
larger+VIX GM paper,Gross before costs,718,circular_block_bootstrap,60,ok,60,-0.069193791443665,0.6485020382839896,0.2128254889742016,0.32084722760309725,-0.7855511606487661,0.30632303004804295,0.4038581563304258,0.6987090315865634,False,6
larger+VIX GM paper,Gross before costs,719,circular_block_bootstrap,60,ok,60,1.0853842656839747,0.7244979403503966,1.3424903256141183,4.565145871201878,-0.30035556210275216,0.1591618503351095,0.165155130433741,39.43941479577904,False,6
larger+VIX GM paper,Gross before costs,720,circular_block_bootstrap,60,ok,60,0.1825168178528631,0.5922881354279669,0.5800215669394185,0.9459985336560919,-0.8285672488863366,0.2694315259277686,0.3763514757876441,2.312259807175844,False,6
larger+VIX GM paper,Gross before costs,721,circular_block_bootstrap,60,ok,60,0.9475580500410345,0.7819740245685199,1.217326631777577,2.9901628194205196,-0.4310355864696098,0.1591618503351095,0.24391746678945744,28.01896294341051,False,6
larger+VIX GM paper,Gross before costs,722,circular_block_bootstrap,60,ok,60,-0.18039162880289272,0.71148994349497,0.08194733240937495,0.1190848846198556,-0.9331555226741483,0.30632303004804295,0.39428761296269843,0.36985536892836457,False,6
larger+VIX GM paper,Gross before costs,723,circular_block_bootstrap,60,ok,60,-0.36642947379189617,0.6281106736490452,-0.39676438069794706,-0.5320682300189287,-0.9556360969777834,0.30219702796662573,0.3207356399218803,0.10208803111976666,False,6
larger+VIX GM paper,Gross before costs,724,circular_block_bootstrap,60,ok,60,0.6012749084723072,0.6767189635575268,1.0222240764765622,2.0774386908522735,-0.5395270684910761,0.18912825082826684,0.2941005677374145,10.527602829931135,False,6
larger+VIX GM paper,Gross before costs,725,circular_block_bootstrap,60,ok,60,0.6479782273597388,0.6698113365991897,1.0874827051133977,1.9755936799243945,-0.5704579579336009,0.2735575280091858,0.39428761296269843,12.155066748930182,False,6
larger+VIX GM paper,Gross before costs,726,circular_block_bootstrap,60,ok,60,0.22274698606486454,0.5424833403366396,0.6221390550984413,1.1357570138879938,-0.49934131522116565,0.1930571895778765,0.2907003605845706,2.7332729605615196,False,6
larger+VIX GM paper,Gross before costs,727,circular_block_bootstrap,60,ok,60,0.5761599995336937,0.8503476562522719,0.9484779637771033,1.7658560369870302,-0.4134286996981533,0.4134286996981533,0.4134286996981533,9.727506014226593,False,6
larger+VIX GM paper,Gross before costs,728,circular_block_bootstrap,60,ok,60,0.445426653557917,0.6138741112529618,0.8968217659170948,1.7506596399872119,-0.4134286996981533,0.16090773905132857,0.33866188340819114,6.30928715698598,False,6
larger+VIX GM paper,Gross before costs,729,circular_block_bootstrap,60,ok,60,0.7336215712799541,0.5921725893717209,1.224097526776537,2.4929481505446027,-0.4134286996981533,0.16483667780093825,0.31628091711302464,15.659269956035228,False,6
larger+VIX GM paper,Gross before costs,730,circular_block_bootstrap,60,ok,60,0.39489573032893355,0.4849373713626752,0.9216087837646859,1.7958196753116866,-0.6618078337324489,0.16066017035976735,0.2543245237505016,5.280909496341085,False,6
larger+VIX GM paper,Gross before costs,731,circular_block_bootstrap,60,ok,60,0.439503977957183,0.5874211481846434,0.8966923470958571,1.8512229856292945,-0.5829271989054123,0.18912825082826684,0.2380254555199429,6.181079746559961,False,6
larger+VIX GM paper,Gross before costs,732,circular_block_bootstrap,60,ok,60,0.3401520397815305,0.7694295163606374,0.7533684095403314,1.329111320323061,-0.7480396008232347,0.30219702796662573,0.34668969665923677,4.322851916287949,False,6
larger+VIX GM paper,Gross before costs,733,circular_block_bootstrap,60,ok,60,0.13446312097752844,0.7691200903566475,0.5162898421549414,0.9596128788218838,-0.798692340721683,0.30219702796662573,0.3578128638323895,1.879108738735367,False,6
larger+VIX GM paper,Gross before costs,734,circular_block_bootstrap,60,ok,60,0.44974101952823786,0.8243736018437875,0.8514165850641281,1.5455083931488425,-0.7783311311001876,0.3861526511001301,0.4134286996981533,6.4040119829043265,False,6
larger+VIX GM paper,Gross before costs,735,circular_block_bootstrap,60,ok,60,-0.25589512879297893,0.7305264480409359,-0.020337792328915378,-0.02837655738880765,-0.8670242171353585,0.384717069594971,0.3895023412788347,0.2281238739436674,False,6
larger+VIX GM paper,Gross before costs,736,circular_block_bootstrap,60,ok,60,0.13375239646789527,0.6465393664248263,0.5189701245256936,0.8451230706686405,-0.7050907807510048,0.384717069594971,0.39907288464656215,1.8732299389664497,False,6
larger+VIX GM paper,Gross before costs,737,circular_block_bootstrap,60,ok,60,0.3170398923248041,0.7646377808500394,0.7292176492184576,1.2958351340924044,-0.7803947901333206,0.384717069594971,0.3918949771207666,3.962731511099987,False,6
larger+VIX GM paper,Gross before costs,738,circular_block_bootstrap,60,ok,60,1.1309303475587282,0.6125800785910414,1.548974895447368,3.6993533386222794,-0.5296058578141678,0.12289864969015542,0.2801860581588064,43.93860577507032,False,6
larger+VIX GM paper,Gross before costs,739,circular_block_bootstrap,60,ok,60,-0.03789339387793933,0.5978872354325451,0.2398640853961733,0.35847975852181346,-0.7140773802456405,0.30219702796662573,0.35063495630659397,0.8243582398872047,False,6
larger+VIX GM paper,Gross before costs,740,circular_block_bootstrap,60,ok,60,0.4152235052717588,0.6232399432112525,0.8673919039849372,1.5378650704775616,-0.7292196261533318,0.2694315259277686,0.3667809324199167,5.677081977598288,False,6
larger+VIX GM paper,Gross before costs,741,circular_block_bootstrap,60,ok,60,0.5339384629274766,0.5624151062628558,1.0340577004546652,2.107543556247868,-0.5198657360576063,0.15942244895780552,0.251439748869302,8.492580785205806,False,6
larger+VIX GM paper,Gross before costs,742,circular_block_bootstrap,60,ok,60,-0.1274720820668508,0.7174660672926938,0.15405464946457662,0.25260010980068,-0.7021102787224855,0.384717069594971,0.3918949771207666,0.5057043146328246,False,6
larger+VIX GM paper,Gross before costs,743,circular_block_bootstrap,60,ok,60,0.03292524007305442,0.6074952457779228,0.3613034940046098,0.5405329413974304,-0.7592428605099978,0.30219702796662573,0.30219702796662573,1.1758297625745884,False,6
larger+VIX GM paper,Gross before costs,744,circular_block_bootstrap,60,ok,60,0.3435119576940844,0.5659947411686236,0.788798730704011,1.4734887995742194,-0.7244067003709667,0.2677070258204603,0.28495202689354304,4.377313793935524,False,6
larger+VIX GM paper,Gross before costs,745,circular_block_bootstrap,60,ok,60,0.42262619070613305,0.7222408744628238,0.8200849433919694,1.6686754127128496,-0.6355545513952263,0.2677070258204603,0.31275994482642494,5.827120502603567,False,6
larger+VIX GM paper,Gross before costs,746,circular_block_bootstrap,60,ok,60,0.8039940251561495,0.7024496471913367,1.1869390982614638,2.3870364679147826,-0.5533809770466424,0.2694315259277686,0.3667809324199167,19.106250793467854,False,6
larger+VIX GM paper,Gross before costs,747,circular_block_bootstrap,60,ok,60,0.34780137889358853,0.6970079572537511,0.7543585511810458,1.4653960082687523,-0.5226587264083693,0.2694315259277686,0.3667809324199167,4.447638508153487,False,6
larger+VIX GM paper,Gross before costs,748,circular_block_bootstrap,60,ok,60,0.5188973908048962,0.7208687660538078,0.9186773063165983,1.8744828595369418,-0.534986880975409,0.17212276149482286,0.4134286996981533,8.08429551332115,False,6
larger+VIX GM paper,Gross before costs,749,circular_block_bootstrap,60,ok,60,0.45078220893515386,0.6248131562456722,0.8805939920187753,2.018746045059673,-0.5096753472406843,0.15942244895780552,0.2104225334593309,6.4270415230354505,False,6
larger+VIX GM paper,Gross before costs,750,circular_block_bootstrap,60,ok,60,0.44762709271793266,0.5524009420856456,0.9458440824903078,1.7258111288540146,-0.49723210273459273,0.15942244895780552,0.2792476668021838,6.357458183048937,False,6
larger+VIX GM paper,Gross before costs,751,circular_block_bootstrap,60,ok,60,0.907458804446263,0.7114762033351741,1.2641240928413615,2.607271120946726,-0.454676157784937,0.17187519280326163,0.4134286996981533,25.25084035650949,False,6
larger+VIX GM paper,Gross before costs,752,circular_block_bootstrap,60,ok,60,0.6369677859354927,0.7404930165136274,1.0315118506776493,1.9659257612097119,-0.49736829846886377,0.3861526511001301,0.4134286996981533,11.754405392892359,False,6
larger+VIX GM paper,Gross before costs,753,circular_block_bootstrap,60,ok,60,0.4351792728707673,0.8040664604537014,0.8376422110869,1.5473561576920407,-0.6637614123304645,0.384717069594971,0.39907288464656215,6.088786806930989,False,6
larger+VIX GM paper,Gross before costs,754,circular_block_bootstrap,60,ok,60,0.2511080905720453,0.6217852734892596,0.6620532041391283,1.1857662402676343,-0.5297417781906884,0.19478168968518478,0.3667809324199167,3.0653083117420885,False,6
larger+VIX GM paper,Gross before costs,755,circular_block_bootstrap,60,ok,60,0.8074056873770035,0.6772930596757697,1.1930477565369446,2.872736452925828,-0.41617270638480175,0.16066017035976735,0.263895067118229,19.2876014197566,False,6
larger+VIX GM paper,Gross before costs,756,circular_block_bootstrap,60,ok,60,-0.06916014618540212,0.6673345641617814,0.21099192054813257,0.34313153701192967,-0.8059532737264746,0.30219702796662573,0.33000494589950763,0.6988353196642472,False,6
larger+VIX GM paper,Gross before costs,757,circular_block_bootstrap,60,ok,60,0.1664884128876425,0.611040639560983,0.5587306584513599,0.9026681101019848,-0.6505343430340795,0.30219702796662573,0.34345704878079836,2.159743351749175,False,6
larger+VIX GM paper,Gross before costs,758,circular_block_bootstrap,60,ok,60,0.12252246559455382,0.6113171731034363,0.48911755394731815,0.7978664674131573,-0.7139416669565017,0.2694315259277686,0.3667809324199167,1.78227702021603,False,6
larger+VIX GM paper,Gross before costs,759,circular_block_bootstrap,60,ok,60,0.3776946128356058,0.6830798437335914,0.7953448856337453,1.5016544529223135,-0.7499499833164409,0.2694315259277686,0.3763514757876441,4.963234568841666,False,6
larger+VIX GM paper,Gross before costs,760,circular_block_bootstrap,60,ok,60,0.47272597135370176,0.5454639765542109,0.9814092179435858,1.8200265705788745,-0.5807629107564418,0.1930571895778765,0.3182070411273524,6.9280294973678505,False,6
larger+VIX GM paper,Gross before costs,761,circular_block_bootstrap,60,ok,60,0.5194559856497598,0.6207145180848045,0.9717783154984153,1.9761937708088837,-0.5739006141543664,0.15942244895780552,0.24954029721267174,8.099171990733915,False,6
larger+VIX GM paper,Gross before costs,762,circular_block_bootstrap,60,ok,60,0.6848223570039678,0.7354030458064555,1.053632132703151,2.3105241073872587,-0.7050907807510047,0.1665611779082465,0.3667809324199167,13.57596107425705,False,6
larger+VIX GM paper,Gross before costs,763,circular_block_bootstrap,60,ok,60,0.29506209695792185,0.686584758206195,0.7084971242300535,1.2884526789343997,-0.7264551536453632,0.198907691766602,0.4038581563304258,3.6429479367188877,False,6
larger+VIX GM paper,Gross before costs,764,circular_block_bootstrap,60,ok,60,0.7852349206956302,0.6124039722951218,1.2545751105279228,2.608963792561736,-0.5460697855987421,0.16066017035976735,0.32909134004046375,18.13330085348767,False,6
larger+VIX GM paper,Gross before costs,765,circular_block_bootstrap,60,ok,60,0.3149057970391569,0.6942923806385822,0.7109615073267337,1.4634927918298988,-0.5438039370779144,0.1665611779082465,0.33927425187713495,3.930729881636302,False,6
larger+VIX GM paper,Gross before costs,766,circular_block_bootstrap,60,ok,60,1.9230860065672424,0.7171402674756625,1.899343401837224,4.0680975875897145,-0.4134286996981533,0.17187519280326163,0.4134286996981533,213.40666031402432,False,6
larger+VIX GM paper,Gross before costs,767,circular_block_bootstrap,60,ok,60,0.16157939947277633,0.6859455760524249,0.5470579847533809,0.9542038952654954,-0.7167641741355133,0.30632303004804295,0.4038581563304258,2.1146792614959082,False,6
larger+VIX GM paper,Gross before costs,768,circular_block_bootstrap,60,ok,60,0.6595037460509332,0.8268969343389136,0.9993784661678369,2.08537054223486,-0.49934131522116576,0.3077586115532021,0.4134286996981533,12.586100215889427,False,6
larger+VIX GM paper,Gross before costs,769,circular_block_bootstrap,60,ok,60,-0.038811841811633996,0.505799057303588,0.1833082145685364,0.2569022307857746,-0.8096210338204182,0.2694315259277686,0.30219702796662573,0.8204309934121194,False,6
larger+VIX GM paper,Gross before costs,770,circular_block_bootstrap,60,ok,60,0.746357321996302,0.5898521601468848,1.2312414013540516,2.6649361771613087,-0.48900378621835827,0.1930571895778765,0.2907003605845706,16.242973922291323,False,6
larger+VIX GM paper,Gross before costs,771,circular_block_bootstrap,60,ok,60,0.2970607438923485,0.7175122868970587,0.7254350958912168,1.2034019270989071,-0.8145875374734319,0.384717069594971,0.3918949771207666,3.6711453283050695,False,6
larger+VIX GM paper,Gross before costs,772,circular_block_bootstrap,60,ok,60,0.1736629011909563,0.6188230308289705,0.552665495083126,0.9832270797264813,-0.7207104514020857,0.2694315259277686,0.3667809324199167,2.226982913895858,False,6
larger+VIX GM paper,Gross before costs,773,circular_block_bootstrap,60,ok,60,0.7381537392824202,0.6046201258121374,1.2085762875242096,2.7312401333777894,-0.49723210273459273,0.16066017035976735,0.2543245237505016,15.86503137377045,False,6
larger+VIX GM paper,Gross before costs,774,circular_block_bootstrap,60,ok,60,0.09667879891066522,0.7161600781788775,0.47078425830074816,0.7918792206087271,-0.6808088909952665,0.30219702796662573,0.32444336231293125,1.5863435191352586,False,6
larger+VIX GM paper,Gross before costs,775,circular_block_bootstrap,60,ok,60,0.668403474210721,0.6318628745551053,1.1308392613086806,2.096090178858847,-0.5232941995370626,0.2677070258204603,0.3333899552335113,12.927228566821979,False,6
larger+VIX GM paper,Gross before costs,776,circular_block_bootstrap,60,ok,60,0.36072040002586725,0.5679003382289812,0.8030528088522484,1.667307672230614,-0.48900378621835827,0.16090773905132857,0.25301076820511764,4.664922994193613,False,6
larger+VIX GM paper,Gross before costs,777,circular_block_bootstrap,60,ok,60,0.32712763346004303,0.5246363934113152,0.8045039147876757,1.3994967648598786,-0.49723210273459273,0.16066017035976735,0.3195207966727363,4.1168349965541005,False,6
larger+VIX GM paper,Gross before costs,778,circular_block_bootstrap,60,ok,60,0.148140118820141,0.6039292469243981,0.5205051863707414,0.8937942428166878,-0.8323123899186579,0.19478168968518478,0.3572103890521892,1.9951449929142464,False,6
larger+VIX GM paper,Gross before costs,779,circular_block_bootstrap,60,ok,60,-0.01473070017971545,0.6416272076993785,0.29656372431600875,0.4631556183615741,-0.8335117285880163,0.30632303004804295,0.39428761296269843,0.9284847044506248,False,6
larger+VIX GM paper,Gross before costs,780,circular_block_bootstrap,60,ok,60,0.44620679908856187,0.6109668476201908,0.8897038064703994,1.8129294367618085,-0.5315737659899892,0.16483667780093825,0.3277775844950798,6.326332222356396,False,6
larger+VIX GM paper,Gross before costs,781,circular_block_bootstrap,60,ok,60,0.5521799998107328,0.5323343146458419,1.0793828690668286,2.2651490464258672,-0.6155575350970446,0.16090773905132857,0.25301076820511764,9.00970177264711,False,6
larger+VIX GM paper,Gross before costs,782,circular_block_bootstrap,60,ok,60,0.32332781712491054,0.5563440488975115,0.7845234807542851,1.3044046835963556,-0.5211216181050209,0.2694315259277686,0.3297037085094075,4.058235154158816,False,6
larger+VIX GM paper,Gross before costs,783,circular_block_bootstrap,60,ok,60,-0.13308089405395507,0.6783356944927498,0.12606867812957906,0.19300779134162382,-0.6581329419303718,0.30632303004804295,0.38471706959497104,0.48965802004630715,False,6
larger+VIX GM paper,Gross before costs,784,circular_block_bootstrap,60,ok,60,0.5235184980374636,0.7048441462854057,0.9362416699606468,1.8067033662642527,-0.6074077256473773,0.2694315259277686,0.33927425187713495,8.208024767169382,False,6
larger+VIX GM paper,Gross before costs,785,circular_block_bootstrap,60,ok,60,0.6258654466431943,0.6167808283012253,1.0754602042003996,2.4140089779223937,-0.6246846995378253,0.18912825082826684,0.22745776125437733,11.361168657685743,False,6
larger+VIX GM paper,Gross before costs,786,circular_block_bootstrap,60,ok,60,0.8136548712024119,0.6960603758669257,1.1998430655492474,2.4571571320144283,-0.46875599864116346,0.19478168968518478,0.3763514757876441,19.62335376947887,False,6
larger+VIX GM paper,Gross before costs,787,circular_block_bootstrap,60,ok,60,0.602540558663653,0.6657502629219815,1.0263027517706527,2.165559371011544,-0.49723210273459284,0.16090773905132857,0.32909134004046375,10.569273820203403,False,6
larger+VIX GM paper,Gross before costs,788,circular_block_bootstrap,60,ok,60,0.39828059101918867,0.6298803251336332,0.8356537702423208,1.5857724491910636,-0.4591517493274181,0.19478168968518478,0.3667809324199167,5.345294615444092,False,6
larger+VIX GM paper,Gross before costs,789,circular_block_bootstrap,60,ok,60,1.349371681501569,0.706767773606791,1.569180659841306,3.653740506012442,-0.4134286996981533,0.16090773905132857,0.33866188340819114,71.57455360093421,False,6
larger+VIX GM paper,Gross before costs,790,circular_block_bootstrap,60,ok,60,0.7768963737340622,0.6198500566621703,1.2284467132861865,2.7536607619676556,-0.4134286996981533,0.18912825082826684,0.24520336304573842,17.713749765575773,False,6
larger+VIX GM paper,Gross before costs,791,circular_block_bootstrap,60,ok,60,-0.06488232137943417,0.7491360601899162,0.2779667333416653,0.44398802960853545,-0.7438485356282593,0.3861526511001301,0.4134286996981533,0.7150416468589449,False,6
larger+VIX GM paper,Gross before costs,792,circular_block_bootstrap,60,ok,60,0.2633589062365911,0.5694659188405372,0.7179704077297253,1.0821065462955477,-0.6329665522288231,0.3861526511001301,0.4134286996981533,3.218353402641148,False,6
larger+VIX GM paper,Gross before costs,793,circular_block_bootstrap,60,ok,60,0.15798239897124944,0.56139921891522,0.5315452997771473,0.9369432954446247,-0.5261874905200195,0.16090773905132857,0.31952079667273625,2.082139347614368,False,6
larger+VIX GM paper,Gross before costs,794,circular_block_bootstrap,60,ok,60,0.6190729532044175,0.4676688976171425,1.282929640315456,2.348964858876536,-0.5568159598315114,0.1591748802662443,0.28018605815880643,11.125821540787914,False,6
larger+VIX GM paper,Gross before costs,795,circular_block_bootstrap,60,ok,60,0.16306674666365373,0.45964041572046893,0.5631148641120899,0.8769417951521964,-0.5620911838012979,0.16483667780093825,0.3182070411273524,2.1282527085562597,False,6
larger+VIX GM paper,Gross before costs,796,circular_block_bootstrap,60,ok,60,0.5934798116103794,0.5627254471892216,1.1140827768618171,2.0769186078918733,-0.4591517493274181,0.2677070258204603,0.296959536764088,10.273840711792731,False,6
larger+VIX GM paper,Gross before costs,797,circular_block_bootstrap,60,ok,60,0.10464312859543279,0.679896619624736,0.4802953256142581,0.7982029182545736,-0.7200357729974833,0.30632303004804295,0.4038581563304258,1.6447881821862487,False,6
larger+VIX GM paper,Gross before costs,798,circular_block_bootstrap,60,ok,60,0.08737820927180895,0.6978708632741452,0.4675139416173972,0.7473519143374113,-0.7268138368125238,0.384717069594971,0.39907288464656215,1.5202084006866399,False,6
larger+VIX GM paper,Gross before costs,799,circular_block_bootstrap,60,ok,60,0.7604406746194385,0.6826842569661137,1.1697892114857906,2.2943671789104645,-0.49723210273459284,0.198907691766602,0.4038581563304258,16.908573569243345,False,6
larger+VIX GM paper,Gross before costs,800,circular_block_bootstrap,60,ok,60,0.5167404401814064,0.6360745095885084,0.9592491605410356,1.9275975784859969,-0.5082056705812721,0.2677070258204603,0.30558203730062933,8.027056717366298,False,6
larger+VIX GM paper,Gross before costs,801,circular_block_bootstrap,60,ok,60,0.2271354854587786,0.5902010905019967,0.6372398736648548,1.103578957790006,-0.5183493039670153,0.17043961129810253,0.38471706959497104,2.7826755659321645,False,6
larger+VIX GM paper,Gross before costs,802,circular_block_bootstrap,60,ok,60,0.6910437741955915,0.7183421194577689,1.0590627699595088,2.6652462347550534,-0.4591517493274181,0.16066017035976735,0.2543245237505016,13.828473737618848,False,6
larger+VIX GM paper,Gross before costs,803,circular_block_bootstrap,60,ok,60,0.24236582795856476,0.5547807696132918,0.6650953639856586,1.1206918894916418,-0.4320715289678696,0.19478168968518478,0.33927425187713495,2.959698597719876,False,6
larger+VIX GM paper,Gross before costs,804,circular_block_bootstrap,60,ok,60,0.4092896954165246,0.5598947106868413,0.8749931684429213,1.826656282149442,-0.4662623680247764,0.16066017035976735,0.2543245237505016,5.559060264031032,False,6
larger+VIX GM paper,Gross before costs,805,circular_block_bootstrap,60,ok,60,0.14867503764976386,0.6109379724615992,0.5412510661822494,0.8449131697302292,-0.6344455982469934,0.384717069594971,0.3918949771207666,1.9997970189427496,False,6
larger+VIX GM paper,Gross before costs,806,circular_block_bootstrap,60,ok,60,0.6809233345414827,0.6441095598757357,1.1244388448388178,2.2409254671368677,-0.49934131522116565,0.2694315259277686,0.33927425187713495,13.419598749561853,False,6
larger+VIX GM paper,Gross before costs,807,circular_block_bootstrap,60,ok,60,-0.1573788450911301,0.6902102953269653,0.09792769305440926,0.14919867856663782,-0.7545981678952601,0.384717069594971,0.39045939561560744,0.4247777809128379,False,6
larger+VIX GM paper,Gross before costs,808,circular_block_bootstrap,60,ok,60,0.2409810984880929,0.5679940157786006,0.6556358739471229,1.1345827004968578,-0.6098053070998802,0.1930571895778765,0.3277775844950798,2.943241061943772,False,6
larger+VIX GM paper,Gross before costs,809,circular_block_bootstrap,60,ok,60,0.16342771931726596,0.6064436288975419,0.5346728135475719,0.9420779700167429,-0.5759314705502211,0.2694315259277686,0.30219702796662573,2.131557411596174,False,6
larger+VIX GM paper,Gross before costs,810,circular_block_bootstrap,60,ok,60,1.0803231342634505,0.6659364403917318,1.4331589000854004,3.257364554881005,-0.5075737036355232,0.16483667780093825,0.3277775844950798,38.963143985271635,False,6
larger+VIX GM paper,Gross before costs,811,circular_block_bootstrap,60,ok,60,1.0548998354876846,0.48491981409255625,1.7499089277276536,4.010818357493589,-0.3644510629542159,0.10514162697683625,0.2431088342482972,36.63981624059205,False,6
larger+VIX GM paper,Gross before costs,812,circular_block_bootstrap,60,ok,60,0.13391381135796565,0.7118266889886424,0.5376482573785503,0.8466399258328077,-0.725914100478092,0.384717069594971,0.39620172163624395,1.8745637986137575,False,6
larger+VIX GM paper,Gross before costs,813,circular_block_bootstrap,60,ok,60,0.6778439298567025,0.4294083197084123,1.4344159027808017,2.8415787804565658,-0.48900378621835816,0.12289864969015542,0.2431088342482972,13.297126649467236,False,6
larger+VIX GM paper,Gross before costs,814,circular_block_bootstrap,60,ok,60,0.044975078884787134,0.5898689189645419,0.3778108616602334,0.5532895858996231,-0.7152768831635072,0.30219702796662573,0.35063495630659397,1.2460333502731062,False,6
larger+VIX GM paper,Gross before costs,815,circular_block_bootstrap,60,ok,60,0.45866323767193284,0.772566564244339,0.8532942487222591,1.6950804406357682,-0.6695469371421185,0.30632303004804295,0.39428761296269843,6.603515299505349,False,6
larger+VIX GM paper,Gross before costs,816,circular_block_bootstrap,60,ok,60,0.4139556455787352,0.7367573193102985,0.8141480361011862,1.6407550096545225,-0.5894078881313468,0.2694315259277686,0.3667809324199167,5.651697794762143,False,6
larger+VIX GM paper,Gross before costs,817,circular_block_bootstrap,60,ok,60,0.24609249443073433,0.641025684757142,0.6277607891021008,1.3332620375879933,-0.6074406500801464,0.18912825082826684,0.22106950951669224,3.0043560539809944,False,6
larger+VIX GM paper,Gross before costs,818,circular_block_bootstrap,60,ok,60,-0.15435358766466,0.6077630087858399,0.02960037892524423,0.04398434383627843,-0.782932619357,0.30219702796662573,0.3506349563065939,0.4324581175547033,False,6
larger+VIX GM paper,Gross before costs,819,circular_block_bootstrap,60,ok,60,0.04358614412461659,0.5304428648103815,0.3585052510771292,0.5307076990803296,-0.696824422685699,0.198907691766602,0.38471706959497104,1.2377744714391874,False,6
larger+VIX GM paper,Gross before costs,820,circular_block_bootstrap,60,ok,60,0.8821473983094845,0.6791751551406757,1.2619765064605317,2.7470202228383496,-0.6205829607366523,0.1930571895778765,0.3277775844950798,23.61936179379071,False,6
larger+VIX GM paper,Gross before costs,821,circular_block_bootstrap,60,ok,60,0.6101302138370528,0.64271928537584,1.0560621582752963,2.150742378530338,-0.5979270449224529,0.18912825082826684,0.28692266021161894,10.821936910167354,False,6
larger+VIX GM paper,Gross before costs,822,circular_block_bootstrap,60,ok,60,0.07513237391464234,0.4239969095256024,0.39619045501102446,0.5522424761109654,-0.49723210273459273,0.1930571895778765,0.3182070411273523,1.4365134502746835,False,6
larger+VIX GM paper,Gross before costs,823,circular_block_bootstrap,60,ok,60,0.654223412837931,0.753946262358914,1.0149394145621444,2.278931436318637,-0.5412353716883185,0.18912825082826684,0.2731061043555849,12.387133447886972,False,6
larger+VIX GM paper,Gross before costs,824,circular_block_bootstrap,60,ok,60,1.2634339827666845,0.5962748173274873,1.694787845900614,3.6761697933764523,-0.4134286996981533,0.0896153722326207,0.30958171787233396,59.407210468468,False,6
larger+VIX GM paper,Gross before costs,825,circular_block_bootstrap,60,ok,60,0.0422014294359907,0.728751294809545,0.40837948242729716,0.6753862111769494,-0.7685616289337456,0.3077586115532021,0.4134286996981533,1.229584337454347,False,6
larger+VIX GM paper,Gross before costs,826,circular_block_bootstrap,60,ok,60,0.23540772896641782,0.49502309405974515,0.6625633191159419,1.2641507225317214,-0.48909875684501347,0.1591748802662443,0.24409119920458813,2.877740111256079,False,6
larger+VIX GM paper,Gross before costs,827,circular_block_bootstrap,60,ok,60,-1.149248291587579e-05,0.5865607035370768,0.30340131206315807,0.4399443700331598,-0.7152768831635072,0.30219702796662573,0.34345704878079836,0.9999425389061769,False,6
larger+VIX GM paper,Gross before costs,828,circular_block_bootstrap,60,ok,60,0.45524452075448196,0.6596110440664842,0.889666180987651,1.6640774614197487,-0.5466720246922048,0.2694315259277686,0.3763514757876441,6.526492808967009,False,6
larger+VIX GM paper,Gross before costs,829,circular_block_bootstrap,60,ok,60,0.8307410900385337,0.572545871633247,1.3383855289104163,3.216271739230652,-0.43359387059931,0.10475145902641599,0.24400433299702282,20.565280896572133,False,6
larger+VIX GM paper,Gross before costs,830,circular_block_bootstrap,60,ok,60,0.05691721925730908,0.5810908097183332,0.3771075007574653,0.6028300550693987,-0.701009538582303,0.2694315259277686,0.30219702796662573,1.3188787392393229,False,6
larger+VIX GM paper,Gross before costs,831,circular_block_bootstrap,60,ok,60,-0.1639779002936509,0.6955153733131763,0.10263383124752945,0.15060953254500514,-0.9303007217560056,0.3861526511001301,0.4134286996981533,0.4084028738125451,False,6
larger+VIX GM paper,Gross before costs,832,circular_block_bootstrap,60,ok,60,0.32213194749518004,0.7621022346124344,0.7375557642595914,1.2905598557687066,-0.781408021586177,0.30632303004804295,0.4038581563304258,4.039931463035051,False,6
larger+VIX GM paper,Gross before costs,833,circular_block_bootstrap,60,ok,60,0.6842157174726937,0.6641275971144888,1.1049720150924205,2.2886550252796334,-0.6577065088937792,0.2694315259277686,0.33927425187713495,13.551537769220563,False,6
larger+VIX GM paper,Gross before costs,834,circular_block_bootstrap,60,ok,60,0.8742294669628692,0.576276492743464,1.3804252269570725,3.0912565971380594,-0.4134286996981533,0.12288561975902061,0.28009919195124106,23.126707535113756,False,6
larger+VIX GM paper,Gross before costs,835,circular_block_bootstrap,60,ok,60,0.4886952672100653,0.6495272503156218,0.9221074315166439,1.8368770069984963,-0.4134286996981533,0.18912825082826684,0.30127847526321005,7.311879715760306,False,6
larger+VIX GM paper,Gross before costs,836,circular_block_bootstrap,60,ok,60,0.18109322741239198,0.6674257820001851,0.562684554630035,1.03677964159744,-0.74031341025574,0.2694315259277686,0.3572103890521892,2.2983750366040057,False,6
larger+VIX GM paper,Gross before costs,837,circular_block_bootstrap,60,ok,60,0.5867693691884421,0.47555187733397625,1.2083247869886056,2.5507727697802784,-0.4321727076823916,0.16090773905132857,0.2268178432077198,10.059329675552261,False,6
larger+VIX GM paper,Gross before costs,838,circular_block_bootstrap,60,ok,60,0.22268531379926015,0.7792218765987585,0.6161811069666742,1.1583526135766011,-0.7486090102488705,0.30219702796662573,0.3578128638323895,2.7325837332128877,False,6
larger+VIX GM paper,Gross before costs,839,circular_block_bootstrap,60,ok,60,0.4361281385661888,0.613309424351784,0.8878008774885899,1.6753011718608695,-0.5747332516066903,0.1930571895778765,0.35528426503786154,6.108941381258465,False,6
larger+VIX GM paper,Gross before costs,840,circular_block_bootstrap,60,ok,60,-0.23442723603738314,0.6303928429898448,-0.09107262561953466,-0.12411458003607821,-0.9419894162623251,0.384717069594971,0.384717069594971,0.262985844567982,False,6
larger+VIX GM paper,Gross before costs,841,circular_block_bootstrap,60,ok,60,-0.09056966989375992,0.5914506290113445,0.13646613140344252,0.20196870273962106,-0.795104262462504,0.30219702796662573,0.32282703837371207,0.6220813345493393,False,6
larger+VIX GM paper,Gross before costs,842,circular_block_bootstrap,60,ok,60,-0.0181346634846149,0.7346282497095425,0.3217953989077247,0.5534363766935549,-0.8082026724359035,0.30632303004804295,0.39428761296269843,0.912556242830919,False,6
larger+VIX GM paper,Gross before costs,843,circular_block_bootstrap,60,ok,60,0.8745970233260476,0.6743624253966789,1.2597059735533995,2.7950288004257207,-0.4134286996981533,0.1930571895778765,0.3162809171130247,23.149393399740585,False,6
larger+VIX GM paper,Gross before costs,844,circular_block_bootstrap,60,ok,60,0.5430380863593605,0.5851638948819784,1.0439781911149197,1.8535658966872324,-0.4653961504268609,0.13416338072201364,0.39428761296269843,8.747485450393816,False,6
larger+VIX GM paper,Gross before costs,845,circular_block_bootstrap,60,ok,60,-0.1613839603374867,0.5627406925475099,-0.042822483230939914,-0.0663514907099869,-0.838544949160029,0.2677070258204603,0.28495202689354304,0.41477810496819945,False,6
larger+VIX GM paper,Gross before costs,846,circular_block_bootstrap,60,ok,60,0.5204387169636799,0.7373771290029499,0.9273950808661843,1.722441216111469,-0.8335449435004008,0.30219702796662573,0.3578128638323895,8.125397206463647,False,6
larger+VIX GM paper,Gross before costs,847,circular_block_bootstrap,60,ok,60,0.5687361188757252,0.5578216680094958,1.0854322601344637,2.08314728763306,-0.5891078524459457,0.16483667780093825,0.3277775844950798,9.500566008434255,False,6
larger+VIX GM paper,Gross before costs,848,circular_block_bootstrap,60,ok,60,0.018135764941504817,0.7025087652060091,0.3734610430486871,0.6038893673446873,-0.6963946004053447,0.384717069594971,0.39045939561560744,1.0940280768788564,False,6
larger+VIX GM paper,Gross before costs,849,circular_block_bootstrap,60,ok,60,0.11287593154554854,0.5624133195200103,0.48165526759375044,0.7253307417340806,-0.6857847789119726,0.2694315259277686,0.3572103890521892,1.7070008979765017,False,6
larger+VIX GM paper,Gross before costs,850,circular_block_bootstrap,60,ok,60,0.40330475203834637,0.5703289300628558,0.8742284103116307,1.5987858774383867,-0.5415167535157142,0.16483667780093825,0.3277775844950798,5.442018068233153,False,6
larger+VIX GM paper,Gross before costs,851,circular_block_bootstrap,60,ok,60,0.8864169057409181,0.6736738556321458,1.2609981864004214,3.027711387921331,-0.477137220210752,0.16090773905132857,0.2900879921156268,23.888473525553593,False,6
larger+VIX GM paper,Gross before costs,852,circular_block_bootstrap,60,ok,60,0.4120581346987935,0.6133361672331333,0.8704561803857931,1.558510985320417,-0.781106588547575,0.2694315259277686,0.3572103890521892,5.613876900885934,False,6
larger+VIX GM paper,Gross before costs,853,circular_block_bootstrap,60,ok,60,1.4606516399199196,0.6595792933689992,1.7188260404239242,3.900869818459541,-0.5376827859021254,0.1591618503351095,0.28629527501663143,90.20916646735601,False,6
larger+VIX GM paper,Gross before costs,854,circular_block_bootstrap,60,ok,60,0.2696990912741688,0.7919018395395213,0.680307689887691,1.214129800154652,-0.5862691299551122,0.4134286996981533,0.4134286996981533,3.2999248053679704,False,6
larger+VIX GM paper,Gross before costs,855,circular_block_bootstrap,60,ok,60,-0.23388966605823291,0.6426878046376133,-0.07402900137611015,-0.09970889112323983,-0.7535784362802873,0.30632303004804295,0.39428761296269843,0.2639104593148773,False,6
larger+VIX GM paper,Gross before costs,856,circular_block_bootstrap,60,ok,60,-0.2736653983121117,0.7125619494833035,-0.08838327280354269,-0.12660806569726119,-0.869499949517948,0.30219702796662573,0.33448898019327117,0.20215461929650982,False,6
larger+VIX GM paper,Gross before costs,857,circular_block_bootstrap,60,ok,60,0.22698294496282334,0.5416958318588087,0.6405285397851639,1.1120161586472577,-0.49723210273459273,0.1930571895778765,0.3182070411273523,2.7809464773335133,False,6
larger+VIX GM paper,Gross before costs,858,circular_block_bootstrap,60,ok,60,0.7217416186558476,0.6733085033353443,1.1144447144669143,2.87398863657765,-0.4280382625656213,0.1591618503351095,0.2042728941870818,15.130033433485552,False,6
larger+VIX GM paper,Gross before costs,859,circular_block_bootstrap,60,ok,60,0.08533444190662842,0.5849266482839506,0.43508015764089647,0.6642452385613492,-0.8588819459403256,0.30219702796662573,0.34345704878079836,1.5059755654149658,False,6
larger+VIX GM paper,Gross before costs,860,circular_block_bootstrap,60,ok,60,0.03412295134321863,0.5739695482614613,0.3413050229044563,0.5332214648569238,-0.755637740058742,0.2694315259277686,0.30219702796662573,1.1826626593083767,False,6
larger+VIX GM paper,Gross before costs,861,circular_block_bootstrap,60,ok,60,1.2859352815837108,0.6936973156501279,1.5415779483272443,3.693053391109704,-0.49934131522116565,0.1930571895778765,0.3277775844950798,62.41940914601692,False,6
larger+VIX GM paper,Gross before costs,862,circular_block_bootstrap,60,ok,60,0.48849006573396636,0.5343613243333294,1.0153862931858229,1.8355997410528666,-0.49934131522116565,0.1930571895778765,0.3277775844950798,7.30684176417704,False,6
larger+VIX GM paper,Gross before costs,863,circular_block_bootstrap,60,ok,60,-0.10851896490988588,0.6811760339018651,0.18121709263505142,0.26639764862185344,-0.7868693122678557,0.384717069594971,0.39045939561560744,0.5630676069290762,False,6
larger+VIX GM paper,Gross before costs,864,circular_block_bootstrap,60,ok,60,0.5133600044253417,0.5121510526895182,1.0613073545324179,2.1316606149360426,-0.4972321027345926,0.16066017035976735,0.2543245237505016,7.938003033399289,False,6
larger+VIX GM paper,Gross before costs,865,circular_block_bootstrap,60,ok,60,0.4244070783844147,0.640000192887562,0.8566893270246226,1.7035563461415066,-0.49723210273459273,0.16090773905132857,0.3290913400404637,5.863684785397847,False,6
larger+VIX GM paper,Gross before costs,866,circular_block_bootstrap,60,ok,60,0.735454035406677,0.7471075698376278,1.106693843164669,2.1364259056388795,-0.6392849163476295,0.3861526511001301,0.4134286996981533,15.742205520744843,False,6
larger+VIX GM paper,Gross before costs,867,circular_block_bootstrap,60,ok,60,-0.0830983923131966,0.5946535382199342,0.16080318301741908,0.23697211544494856,-0.7684398666339015,0.384717069594971,0.384717069594971,0.6480576939822369,False,6
larger+VIX GM paper,Gross before costs,868,circular_block_bootstrap,60,ok,60,0.31944475054862176,0.588233404865328,0.748442852066629,1.404521424345297,-0.5222235681593036,0.2677070258204603,0.28495202689354304,3.9990427616609403,False,6
larger+VIX GM paper,Gross before costs,869,circular_block_bootstrap,60,ok,60,0.3968004551303992,0.7344622066542249,0.8115746708889555,1.5223692247966643,-0.6297709782409566,0.384717069594971,0.384717069594971,5.31706340657666,False,6
larger+VIX GM paper,Gross before costs,870,circular_block_bootstrap,60,ok,60,0.4065927016381192,0.6038960863317319,0.8521042743511587,1.712155942032444,-0.49723210273459284,0.1591618503351095,0.2719394599650402,5.506070886886435,False,6
larger+VIX GM paper,Gross before costs,871,circular_block_bootstrap,60,ok,60,0.042481272278604765,0.7190895727638207,0.42173469469601893,0.6548642101473712,-0.8177049056467627,0.384717069594971,0.39620172163624395,1.2312360105399096,False,6
larger+VIX GM paper,Gross before costs,872,circular_block_bootstrap,60,ok,60,0.3629316597949299,0.7116424889714275,0.7777559327334169,1.4013736229477634,-0.6883785831207878,0.30219702796662573,0.3506349563065939,4.702950414555807,False,6
larger+VIX GM paper,Gross before costs,873,circular_block_bootstrap,60,ok,60,0.523890533428359,0.5625536862748579,1.023499068952313,2.0737330994789964,-0.459151749327418,0.16090773905132857,0.28051744874789936,8.218051450320065,False,6
larger+VIX GM paper,Gross before costs,874,circular_block_bootstrap,60,ok,60,0.4470894521648865,0.8321023968928726,0.844309886987047,1.5672163335065947,-0.5232941995370626,0.4134286996981533,0.4134286996981533,6.345661327970684,False,6
larger+VIX GM paper,Gross before costs,875,circular_block_bootstrap,60,ok,60,0.3026741076931656,0.7320070987776618,0.6966624232741918,1.3684542178910475,-0.7184849092555686,0.2694315259277686,0.3667809324199167,3.751275022626513,False,6
larger+VIX GM paper,Gross before costs,876,circular_block_bootstrap,60,ok,60,0.9449807604264369,0.5566650639330535,1.4832034924841593,3.3512413016738174,-0.5829271989054124,0.1591618503351095,0.22304225527336424,27.834059315757937,False,6
larger+VIX GM paper,Gross before costs,877,circular_block_bootstrap,60,ok,60,0.6051814850617712,0.4828386615164901,1.2213494015456934,2.5457736862209797,-0.49934131522116565,0.15942244895780552,0.2221872379256743,10.656650154900127,False,6
larger+VIX GM paper,Gross before costs,878,circular_block_bootstrap,60,ok,60,0.5186185388387214,0.7551339268220575,0.90478808025012,1.8743819949327514,-0.6488169419160865,0.2694315259277686,0.3763514757876441,8.076877322566732,False,6
larger+VIX GM paper,Gross before costs,879,circular_block_bootstrap,60,ok,60,0.6505569417646793,0.7284888360935861,1.0468284156913412,2.027513647673457,-0.532444134618639,0.198907691766602,0.4038581563304258,12.25046453026629,False,6
larger+VIX GM paper,Gross before costs,880,circular_block_bootstrap,60,ok,60,0.27698461771828176,0.6601406897297228,0.6935486698256095,1.195894076190325,-0.4972321027345926,0.30632303004804295,0.4038581563304258,3.3956922964120584,False,6
larger+VIX GM paper,Gross before costs,881,circular_block_bootstrap,60,ok,60,0.6277776424713732,0.4900498770180737,1.2558521031760397,2.3257036593468845,-0.4134286996981533,0.15942244895780552,0.24999515585855617,11.428135887142359,False,6
larger+VIX GM paper,Gross before costs,882,circular_block_bootstrap,60,ok,60,0.5421970183940177,0.5376106249808666,1.0739822514533388,1.986289531099925,-0.6599731744468491,0.2677070258204603,0.28495202689354304,8.723671346987553,False,6
larger+VIX GM paper,Gross before costs,883,circular_block_bootstrap,60,ok,60,0.5264284702090385,0.6400611404122732,0.9778387639979623,1.8092279978215517,-0.510721135119253,0.198907691766602,0.4038581563304258,8.286712820278437,False,6
larger+VIX GM paper,Gross before costs,884,circular_block_bootstrap,60,ok,60,0.013977927793019429,0.5646522214807178,0.3043320648526154,0.46302886040156155,-0.7030036595901756,0.2694315259277686,0.30219702796662573,1.071870965444034,False,6
larger+VIX GM paper,Gross before costs,885,circular_block_bootstrap,60,ok,60,0.24691439000156556,0.6152788519695905,0.6491920098235302,1.1940873961304266,-0.743658110568841,0.1930571895778765,0.3182070411273523,3.0142771731755307,False,6
larger+VIX GM paper,Gross before costs,886,circular_block_bootstrap,60,ok,60,0.05815876929938213,0.5761167606069428,0.392137557807945,0.5855250356444098,-0.7139567890717604,0.30219702796662573,0.3506349563065939,1.3266433278343583,False,6
larger+VIX GM paper,Gross before costs,887,circular_block_bootstrap,60,ok,60,0.5901257775374429,0.5958934656446584,1.0621207213761956,2.2092865134487334,-0.49934131522116565,0.1930571895778765,0.2792036932025155,10.16617051920423,False,6
larger+VIX GM paper,Gross before costs,888,circular_block_bootstrap,60,ok,60,0.41644042751725063,0.6404685662988994,0.8530248051412996,1.6029363402959458,-0.5952934568731676,0.1930571895778765,0.35528426503786154,5.701532033081848,False,6
larger+VIX GM paper,Gross before costs,889,circular_block_bootstrap,60,ok,60,0.42393700757392483,0.6633894194166897,0.8427284454934498,1.7174117559095587,-0.4761541073329245,0.18912825082826684,0.2941005677374145,5.854015750299715,False,6
larger+VIX GM paper,Gross before costs,890,circular_block_bootstrap,60,ok,60,0.10039139617014659,0.6307076681927872,0.47503072586053385,0.723855765635564,-0.7420847824264106,0.30632303004804295,0.39428761296269843,1.6133772553608883,False,6
larger+VIX GM paper,Gross before costs,891,circular_block_bootstrap,60,ok,60,0.9953575383207611,0.5805809743224811,1.498320169348269,3.0441291546724165,-0.4134286996981533,0.10662691707035932,0.33866188340819114,31.63032326408226,False,6
larger+VIX GM paper,Gross before costs,892,circular_block_bootstrap,60,ok,60,0.40891865594488674,0.6635503843933221,0.8404886649323335,1.5491580443468962,-0.5730293144291019,0.2694315259277686,0.3763514757876441,5.551746136311223,False,6
larger+VIX GM paper,Gross before costs,893,circular_block_bootstrap,60,ok,60,-0.07172234450517034,0.5590274155932397,0.17165320336033493,0.229747259462335,-0.8475386244766447,0.30632303004804295,0.39428761296269843,0.6892701698195584,False,6
larger+VIX GM paper,Gross before costs,894,circular_block_bootstrap,60,ok,60,0.5225754848250539,0.8157907136633468,0.8919269105058895,1.8986036222177192,-0.5758339511470951,0.198907691766602,0.4038581563304258,8.182653563158826,False,6
larger+VIX GM paper,Gross before costs,895,circular_block_bootstrap,60,ok,60,-0.08800858203409556,0.6465247309875662,0.1703906241182967,0.2697734351117575,-0.7495292166854933,0.30219702796662573,0.33000494589950763,0.6308901657458944,False,6
larger+VIX GM paper,Gross before costs,896,circular_block_bootstrap,60,ok,60,0.7799300982140294,0.6327741288666293,1.2249603294727955,2.569774932410354,-0.5338933380361489,0.16090773905132857,0.32909134004046375,17.86548187660074,False,6
larger+VIX GM paper,Gross before costs,897,circular_block_bootstrap,60,ok,60,0.35654684465348674,0.6173736351816691,0.7697528505058511,1.66829818180475,-0.5901006755655731,0.18912825082826684,0.22745776125437728,4.593820036750752,False,6
larger+VIX GM paper,Gross before costs,898,circular_block_bootstrap,60,ok,60,0.3504733240841682,0.6930605135153804,0.7614351981632032,1.4285990669533133,-0.6126363067194142,0.30219702796662573,0.33000494589950763,4.491899696070221,False,6
larger+VIX GM paper,Gross before costs,899,circular_block_bootstrap,60,ok,60,0.4501551551367331,0.620706742589913,0.8975245382662036,1.7450150228466155,-0.7273259619179133,0.18912825082826684,0.2941005677374145,6.413164117735822,False,6
larger+VIX GM paper,Gross before costs,900,circular_block_bootstrap,60,ok,60,0.24637783849692196,0.5860008290177458,0.6738757856285,1.0512244508400506,-0.8036543406514393,0.30219702796662573,0.32282703837371207,3.0077974834222383,False,6
larger+VIX GM paper,Gross before costs,901,circular_block_bootstrap,60,ok,60,0.20720800514828874,0.8021581361859852,0.6029113641797691,1.1483627004161618,-0.5987245531283705,0.30219702796662573,0.3578128638323895,2.563955794556033,False,6
larger+VIX GM paper,Gross before costs,902,circular_block_bootstrap,60,ok,60,0.5055829236739697,0.6251292378940868,0.9722452070882759,1.6757489536000145,-0.7214308903239106,0.30219702796662573,0.33000494589950763,7.736123633102337,False,6
larger+VIX GM paper,Gross before costs,903,circular_block_bootstrap,60,ok,60,0.779772650839307,0.629336069734412,1.2301628192490695,2.5126141687283687,-0.7165711559678006,0.1930571895778765,0.3277775844950798,17.857581634817382,False,6
larger+VIX GM paper,Gross before costs,904,circular_block_bootstrap,60,ok,60,0.5640849079300732,0.7542253525578048,0.9621323540486678,1.8162416015933947,-0.5470343523107828,0.3861526511001301,0.4134286996981533,9.360555603132855,False,6
larger+VIX GM paper,Gross before costs,905,circular_block_bootstrap,60,ok,60,0.21523860196113276,0.5972791925828352,0.6153567462884588,1.0614648272205527,-0.4134286996981533,0.19478168968518478,0.3763514757876441,2.650377780817978,False,6
larger+VIX GM paper,Gross before costs,906,circular_block_bootstrap,60,ok,60,1.0506096616247445,0.5234701704192618,1.6516835912200543,3.88190627710906,-0.4134286996981533,0.10188775422069529,0.19415666427433736,36.25893103217464,False,6
larger+VIX GM paper,Gross before costs,907,circular_block_bootstrap,60,ok,60,1.2989679955875308,0.7270237261039764,1.4946936741412655,4.034499274172164,-0.4134286996981533,0.1591748802662443,0.28018605815880643,64.21916095105291,False,6
larger+VIX GM paper,Gross before costs,908,circular_block_bootstrap,60,ok,60,0.15421219358802873,0.7168566017088396,0.5566777375687939,0.8941061886349446,-0.646401777364563,0.30632303004804295,0.4038581563304258,2.0484637846271108,False,6
larger+VIX GM paper,Gross before costs,909,circular_block_bootstrap,60,ok,60,0.3710353399006534,0.7418337834564024,0.7742658029274505,1.4883341884327046,-0.6630192059220212,0.30219702796662573,0.3578128638323895,4.844436266471966,False,6
larger+VIX GM paper,Gross before costs,910,circular_block_bootstrap,60,ok,60,0.22388025429768055,0.6243939613133032,0.6155586362656174,1.1589314852066503,-0.5272363356101293,0.1930571895778765,0.3182070411273524,2.7459627422367863,False,6
larger+VIX GM paper,Gross before costs,911,circular_block_bootstrap,60,ok,60,0.24444162459043417,0.689859268977608,0.6368291040178105,1.2151316004992556,-0.5009412978635783,0.2694315259277686,0.3667809324199167,2.9845073013320107,False,6
larger+VIX GM paper,Gross before costs,912,circular_block_bootstrap,60,ok,60,0.051948472723616135,0.7296246772191615,0.42350725612446755,0.7020464027224315,-0.8133602682526925,0.30632303004804295,0.4038581563304258,1.2881674977654236,False,6
larger+VIX GM paper,Gross before costs,913,circular_block_bootstrap,60,ok,60,0.9292728146426632,0.6167201023819557,1.3799734994774806,2.87359250010841,-0.536990218448318,0.1930571895778765,0.3182070411273524,26.728108372717518,False,6
larger+VIX GM paper,Gross before costs,914,circular_block_bootstrap,60,ok,60,0.3719120881984519,0.6645122705797512,0.7981925700696342,1.4374675165917754,-0.5383804312504479,0.2694315259277686,0.33927425187713495,4.859945665775287,False,6
larger+VIX GM paper,Gross before costs,915,circular_block_bootstrap,60,ok,60,0.2465098077352399,0.6569465699673598,0.639518645690119,1.2208253331904153,-0.6257341597492988,0.2694315259277686,0.33927425187713495,3.0093901818665554,False,6
larger+VIX GM paper,Gross before costs,916,circular_block_bootstrap,60,ok,60,0.20802904067949446,0.6899673166677229,0.6051897140659878,1.0525952219162793,-0.5508072733161371,0.2694315259277686,0.3763514757876441,2.5726865358569992,False,6
larger+VIX GM paper,Gross before costs,917,circular_block_bootstrap,60,ok,60,0.6267055970290489,0.5290456991583208,1.1787979708149359,2.4686560095300245,-0.49934131522116565,0.16483667780093825,0.2792036932025155,11.390552885076174,False,6
larger+VIX GM paper,Gross before costs,918,circular_block_bootstrap,60,ok,60,0.4022851187375287,0.7725687458515158,0.8169038870050057,1.4516115889986194,-0.5249389789753915,0.4134286996981533,0.4134286996981533,5.422276080079787,False,6
larger+VIX GM paper,Gross before costs,919,circular_block_bootstrap,60,ok,60,0.22846445932467319,0.5365300670175125,0.6491009157849817,1.0824149415614255,-0.6908125697534268,0.2694315259277686,0.3297037085094075,2.797776269299915,False,6
larger+VIX GM paper,Gross before costs,920,circular_block_bootstrap,60,ok,60,0.416788315728708,0.6640264839488839,0.855474644389192,1.5128140933875387,-0.6661993650007472,0.30632303004804295,0.39428761296269843,5.708537164765138,False,6
larger+VIX GM paper,Gross before costs,921,circular_block_bootstrap,60,ok,60,1.2198426489765382,0.6296755506108227,1.5856623620590493,4.113554435536631,-0.4134286996981533,0.12097634446554226,0.18715603641051715,53.902754077323735,False,6
larger+VIX GM paper,Gross before costs,922,circular_block_bootstrap,60,ok,60,0.5017165304227675,0.7319456604283837,0.9072881315886839,1.7215202122728601,-0.6512489924588233,0.30632303004804295,0.4038581563304258,7.637299233778425,False,6
larger+VIX GM paper,Gross before costs,923,circular_block_bootstrap,60,ok,60,0.28264816505779433,0.7739217445797474,0.6860782838458077,1.279997546219904,-0.6281988019046614,0.384717069594971,0.39907288464656215,3.471664279742376,False,6
larger+VIX GM paper,Gross before costs,924,circular_block_bootstrap,60,ok,60,0.5826282303237911,0.5738302288511737,1.0925296510748508,2.034450772841474,-0.7655673171041687,0.1930571895778765,0.3277775844950798,9.92874921467499,False,6
larger+VIX GM paper,Gross before costs,925,circular_block_bootstrap,60,ok,60,0.38005265867598226,0.5733875334021148,0.8599759888347462,1.411283344725002,-0.5604038674534929,0.198907691766602,0.39428761296269843,5.00585528614169,False,6
larger+VIX GM paper,Gross before costs,926,circular_block_bootstrap,60,ok,60,0.5301935760054863,0.7355144570234315,0.9286066271823136,1.8676213916803401,-0.5634468631744634,0.20034327327176113,0.4134286996981533,8.389418742919386,False,6
larger+VIX GM paper,Gross before costs,927,circular_block_bootstrap,60,ok,60,0.472961016853348,0.6179321245875914,0.9293016976768086,1.7196103290673388,-0.5533809770466424,0.2677070258204603,0.2815030266789265,6.933559793064154,False,6
larger+VIX GM paper,Gross before costs,928,circular_block_bootstrap,60,ok,60,0.5231172251995404,0.48204844550603176,1.109144511656594,2.279685614433244,-0.5345919786540978,0.15942244895780552,0.22218723792567427,8.197221081984896,False,6
larger+VIX GM paper,Gross before costs,929,circular_block_bootstrap,60,ok,60,-0.2971521314131331,0.7827980367035657,-0.05251454808226363,-0.07653322991575309,-0.8982287791393851,0.384717069594971,0.39428761296269843,0.17151679816467813,False,6
larger+VIX GM paper,Gross before costs,930,circular_block_bootstrap,60,ok,60,0.017311434578135998,0.689930923631219,0.3563047988712093,0.5797883276099219,-0.6745490359677013,0.30219702796662573,0.32444336231293125,1.0896063610802937,False,6
larger+VIX GM paper,Gross before costs,931,circular_block_bootstrap,60,ok,60,0.44502524918761543,0.7328353016759913,0.8319186390809947,1.8628944690373552,-0.5849941322778422,0.16483667780093825,0.3182070411273523,6.300531371289943,False,6
larger+VIX GM paper,Gross before costs,932,circular_block_bootstrap,60,ok,60,0.04584681230508636,0.5678048913372079,0.3621773428807331,0.567146832779532,-0.7407697158936328,0.2694315259277686,0.3297037085094075,1.2512393246128013,False,6
larger+VIX GM paper,Gross before costs,933,circular_block_bootstrap,60,ok,60,0.6743409757121934,0.6384185408458753,1.1088702965909083,2.5293581192207433,-0.4906380367679931,0.16066017035976735,0.2543245237505016,13.15889824755175,False,6
larger+VIX GM paper,Gross before costs,934,circular_block_bootstrap,60,ok,60,0.3238044481255684,0.8673588112781805,0.7211206889461214,1.4342529469596277,-0.6549409244061767,0.384717069594971,0.3918949771207666,4.065548816437064,False,6
larger+VIX GM paper,Gross before costs,935,circular_block_bootstrap,60,ok,60,0.20799126934009404,0.7585972185575073,0.6033202243069284,1.1221890757932944,-0.7270412745244329,0.30632303004804295,0.4038581563304258,2.572284361171689,False,6
larger+VIX GM paper,Gross before costs,936,circular_block_bootstrap,60,ok,60,0.5221688302004199,0.6632158862444338,0.9353389544422732,2.1377124544366426,-0.4461098788997614,0.18912825082826684,0.24520336304573848,8.17173214424186,False,6
larger+VIX GM paper,Gross before costs,937,circular_block_bootstrap,60,ok,60,0.4747308971873425,0.7110343332022253,0.905767374210154,1.5503011132718245,-0.7197286693541272,0.3861526511001301,0.4134286996981533,6.975316149764122,False,6
larger+VIX GM paper,Gross before costs,938,circular_block_bootstrap,60,ok,60,0.4808127915626952,0.5465692490447163,0.9832932825542453,1.9613238383775744,-0.586841921551629,0.1591748802662443,0.2706155147910789,7.120340893592739,False,6
larger+VIX GM paper,Gross before costs,939,circular_block_bootstrap,60,ok,60,-0.046658141500958705,0.5656254042048058,0.22728883171709152,0.3049613514944464,-0.8592392599065941,0.384717069594971,0.384717069594971,0.7874868498900398,False,6
larger+VIX GM paper,Gross before costs,940,circular_block_bootstrap,60,ok,60,0.8425800889380288,0.5954380597422225,1.3322470686858545,2.7237415177003825,-0.4591517493274181,0.12288561975902061,0.3191025398760779,21.238892617697772,False,6
larger+VIX GM paper,Gross before costs,941,circular_block_bootstrap,60,ok,60,0.08250686113868522,0.6047992679212716,0.43059300011606294,0.669313640978255,-0.676480589834372,0.30219702796662573,0.33000494589950763,1.4864602100311353,False,6
larger+VIX GM paper,Gross before costs,942,circular_block_bootstrap,60,ok,60,-0.2178407931604045,0.6091397576860068,-0.08431762444828743,-0.11691350178654666,-0.8735934841153671,0.30632303004804295,0.38471706959497104,0.2927357806749582,False,6
larger+VIX GM paper,Gross before costs,943,circular_block_bootstrap,60,ok,60,0.20941087046642082,0.7883676124190211,0.6054810080353876,1.1475332308520434,-0.5549243532130068,0.30632303004804295,0.4038581563304258,2.5874343483486295,False,6
larger+VIX GM paper,Gross before costs,944,circular_block_bootstrap,60,ok,60,0.2933914553732244,0.6412723300968957,0.6898669646553508,1.4812420714753576,-0.5754051636519597,0.16090773905132857,0.2543245237505016,3.6195113060447053,False,6
larger+VIX GM paper,Gross before costs,945,circular_block_bootstrap,60,ok,60,1.2821121010617764,0.6395482492065377,1.6032730193679563,5.100879652842542,-0.2937339680991674,0.1591618503351095,0.17114841053237245,61.89917622057306,False,6
larger+VIX GM paper,Gross before costs,946,circular_block_bootstrap,60,ok,60,0.047416200809103914,0.6733516132010539,0.39345164472727584,0.659519401093683,-0.7594034429236312,0.30632303004804295,0.39428761296269843,1.2606555354882134,False,6
larger+VIX GM paper,Gross before costs,947,circular_block_bootstrap,60,ok,60,0.07387448812195929,0.5015437602589524,0.407509322719023,0.5786133220219538,-0.6295027964316491,0.2694315259277686,0.3297037085094075,1.4281296149321934,False,6
larger+VIX GM paper,Gross before costs,948,circular_block_bootstrap,60,ok,60,0.46849696052784684,0.6674334394100188,0.8869313232122373,1.8469015941195999,-0.4134286996981533,0.16090773905132857,0.33866188340819114,6.829128109091408,False,6
larger+VIX GM paper,Gross before costs,949,circular_block_bootstrap,60,ok,60,0.49168887806940687,0.6308285739399689,0.9477174528659446,1.6612734931254407,-0.6574538194678048,0.30219702796662573,0.33000494589950763,7.3856931176188665,False,6
larger+VIX GM paper,Gross before costs,950,circular_block_bootstrap,60,ok,60,0.32599245053165715,0.5341457573128793,0.7743444851551243,1.6199131027623557,-0.5422184556197442,0.15942244895780552,0.20963428013210056,4.0992580407452825,False,6
larger+VIX GM paper,Gross before costs,951,circular_block_bootstrap,60,ok,60,0.8708688582070612,0.5296792854202403,1.4632630914599258,3.033521922427875,-0.4134286996981533,0.16090773905132857,0.26389506711822897,22.920111694854768,False,6
larger+VIX GM paper,Gross before costs,952,circular_block_bootstrap,60,ok,60,0.517393955379015,0.7075759082850218,0.9241125117256503,1.8529822143703905,-0.5448316823713331,0.198907691766602,0.4038581563304258,8.04436464252484,False,6
larger+VIX GM paper,Gross before costs,953,circular_block_bootstrap,60,ok,60,0.3507376817065797,0.6148436610488639,0.8018404156680145,1.3284174702722502,-0.7299819935943954,0.30219702796662573,0.3578128638323895,4.496297905541029,False,6
larger+VIX GM paper,Gross before costs,954,circular_block_bootstrap,60,ok,60,0.6480469087515524,0.7376643794637399,1.038817242614355,1.970963734134528,-0.7277436851096173,0.30632303004804295,0.4038581563304258,12.157599842133989,False,6
larger+VIX GM paper,Gross before costs,955,circular_block_bootstrap,60,ok,60,0.25630550301771593,0.5470859144622002,0.6939867980574309,1.160489090738635,-0.4308872012814774,0.1930571895778765,0.364854808405589,3.129509762167988,False,6
larger+VIX GM paper,Gross before costs,956,circular_block_bootstrap,60,ok,60,-0.09352994398813708,0.5898446709455857,0.12981029139861394,0.19155696988927676,-0.7482489481202803,0.30219702796662573,0.3578128638323895,0.6120223917499653,False,6
larger+VIX GM paper,Gross before costs,957,circular_block_bootstrap,60,ok,60,0.12073091363916988,0.609770686692273,0.4856668683374913,0.7919574910624045,-0.7146627347849142,0.30219702796662573,0.33000494589950763,1.7680997275219414,False,6
larger+VIX GM paper,Gross before costs,958,circular_block_bootstrap,60,ok,60,-0.08519229174920451,0.6419246440595711,0.1748746396151916,0.2725482272049929,-0.9093852938617007,0.30219702796662573,0.3506349563065939,0.6406916688975642,False,6
larger+VIX GM paper,Gross before costs,959,circular_block_bootstrap,60,ok,60,0.1769477902804628,0.6352554423001949,0.5652583851300883,0.9742957134048573,-0.707710561191087,0.2694315259277686,0.3572103890521892,2.2583226443776563,False,6
larger+VIX GM paper,Gross before costs,960,circular_block_bootstrap,60,ok,60,0.26158872804414446,0.7017677833971255,0.6580715081614551,1.256923763760849,-0.6190927038245555,0.2694315259277686,0.3667809324199167,3.1958692286651695,False,6
larger+VIX GM paper,Gross before costs,961,circular_block_bootstrap,60,ok,60,0.7478727436457218,0.45757126198385056,1.4627279968422966,3.1075696411861977,-0.4134286996981533,0.07063266597678014,0.22491296762555138,16.31357147677894,False,6
larger+VIX GM paper,Gross before costs,962,circular_block_bootstrap,60,ok,60,0.3378520330632595,0.6042748734867118,0.7663187817031196,1.509704673477539,-0.5723605711565063,0.16066017035976735,0.32909134004046375,4.285884023188975,False,6
larger+VIX GM paper,Gross before costs,963,circular_block_bootstrap,60,ok,60,-0.015516426728917732,0.5743952125040477,0.2638087070655894,0.3951658371300563,-0.5952119577838816,0.2694315259277686,0.3572103890521892,0.9247883929948514,False,6
larger+VIX GM paper,Gross before costs,964,circular_block_bootstrap,60,ok,60,0.5766155261332775,0.665293816963733,1.0133170770930544,1.9108590658528843,-0.47335797436280935,0.198907691766602,0.4038581563304258,9.74157089269181,False,6
larger+VIX GM paper,Gross before costs,965,circular_block_bootstrap,60,ok,60,-0.1632950134631984,0.6344547782448158,0.061826177200424444,0.0834645978652284,-0.8309723949315417,0.384717069594971,0.39620172163624395,0.410073576847595,False,6
larger+VIX GM paper,Gross before costs,966,circular_block_bootstrap,60,ok,60,0.42361138327697856,0.5272511382588565,0.9222901783128282,1.9014098098574925,-0.4280382625656213,0.1591748802662443,0.24442258979368114,5.847325362549244,False,6
larger+VIX GM paper,Gross before costs,967,circular_block_bootstrap,60,ok,60,0.7517489100084713,0.6867438572133842,1.1468755680479534,2.4316700833156286,-0.5775904219309269,0.1930571895778765,0.3277775844950798,16.495264342916414,False,6
larger+VIX GM paper,Gross before costs,968,circular_block_bootstrap,60,ok,60,0.22228805417031294,0.5771516905143815,0.6233081117366681,1.1269678570104402,-0.5542787906022264,0.1930571895778765,0.3182070411273524,2.728147432174187,False,6
larger+VIX GM paper,Gross before costs,969,circular_block_bootstrap,60,ok,60,0.1710623804926168,0.6027031813001753,0.5574368191957705,0.940175553746379,-0.8515072788693817,0.2694315259277686,0.3572103890521892,2.202420034849841,False,6
larger+VIX GM paper,Gross before costs,970,circular_block_bootstrap,60,ok,60,0.7555874636572535,0.4980781973680611,1.3687991641372506,4.024449796273901,-0.22297113463246132,0.10188775422069529,0.1248495123910002,16.67678596080129,False,6
larger+VIX GM paper,Gross before costs,971,circular_block_bootstrap,60,ok,60,0.3072976229680524,0.6520233196344422,0.7079547522979845,1.3914699956399383,-0.6545291043680552,0.2677070258204603,0.28150302667892646,3.8183203101805305,False,6
larger+VIX GM paper,Gross before costs,972,circular_block_bootstrap,60,ok,60,1.2642638368586745,0.5610446998685185,1.7443431214206473,5.657823757816074,-0.2937339680991674,0.10512859704570146,0.1691506504994953,59.5161941632468,False,6
larger+VIX GM paper,Gross before costs,973,circular_block_bootstrap,60,ok,60,0.7844413580806162,0.596805697072482,1.2672403882029573,2.7563580367354574,-0.6197523462847179,0.18912825082826684,0.24520336304573848,18.093034101703296,False,6
larger+VIX GM paper,Gross before costs,974,circular_block_bootstrap,60,ok,60,0.37229393872082794,0.6372175219496791,0.8138235796123625,1.4140609804332585,-0.5651050080591473,0.30219702796662573,0.33000494589950763,4.866712885577785,False,6
larger+VIX GM paper,Gross before costs,975,circular_block_bootstrap,60,ok,60,-0.306147355226033,0.6036251730072808,-0.28940820560574454,-0.39183132545122884,-0.9310149903891448,0.30219702796662573,0.32444336231293125,0.16081858634808005,False,6
larger+VIX GM paper,Gross before costs,976,circular_block_bootstrap,60,ok,60,0.3667496090192488,0.7184745671187011,0.8011698140279364,1.3393522630919947,-0.6086706687395118,0.384717069594971,0.39620172163624395,4.7691918336326085,False,6
larger+VIX GM paper,Gross before costs,977,circular_block_bootstrap,60,ok,60,1.2106669961303687,0.5679295297677983,1.684185705203075,5.354088017069312,-0.3285071663268847,0.12097634446554226,0.14224382691200063,52.797898616620174,False,6
larger+VIX GM paper,Gross before costs,978,circular_block_bootstrap,60,ok,60,0.6194573906532519,0.6189149984733889,1.0988361712183956,1.9579890205873367,-0.568308635967932,0.198907691766602,0.4038581563304258,11.13903655403605,False,6
larger+VIX GM paper,Gross before costs,979,circular_block_bootstrap,60,ok,60,0.535905451640746,0.6980240120615538,0.9474130153888493,1.890429573406012,-0.6869185712332251,0.2694315259277686,0.3763514757876441,8.547171329440417,False,6
larger+VIX GM paper,Gross before costs,980,circular_block_bootstrap,60,ok,60,0.2385511448520623,0.5293334812201005,0.6442411718707581,1.3333955638236885,-0.45555897468508166,0.18912825082826684,0.18912825082826684,2.9145380227709157,False,6
larger+VIX GM paper,Gross before costs,981,circular_block_bootstrap,60,ok,60,0.09049047410303923,0.600213149334999,0.4465023899468356,0.6970312128314345,-0.7673919330011368,0.30219702796662573,0.34345704878079836,1.542088792806838,False,6
larger+VIX GM paper,Gross before costs,982,circular_block_bootstrap,60,ok,60,0.5048195005130764,0.7454163338275364,0.9161550556876827,1.6911112724115782,-0.4538948819106613,0.3861526511001301,0.4134286996981533,7.716530060557174,False,6
larger+VIX GM paper,Gross before costs,983,circular_block_bootstrap,60,ok,60,0.5506839429147778,0.7035024191507664,0.9759532454682968,1.7756904644196083,-0.4591517493274181,0.3861526511001301,0.4134286996981533,8.966365728546467,False,6
larger+VIX GM paper,Gross before costs,984,circular_block_bootstrap,60,ok,60,0.019916763987523733,0.6859894272463524,0.36003618953191047,0.603881213461288,-0.5843922721484056,0.384717069594971,0.3918949771207666,1.1036303900330988,False,6
larger+VIX GM paper,Gross before costs,985,circular_block_bootstrap,60,ok,60,0.09167515592095388,0.5058211112899698,0.44528340694680857,0.6211874532380873,-0.7942306225693497,0.30219702796662573,0.32282703837371207,1.5504834476739477,False,6
larger+VIX GM paper,Gross before costs,986,circular_block_bootstrap,60,ok,60,0.5760939716748945,0.5376875866136703,1.1118027055319155,2.280464935870862,-0.5227020757398305,0.16090773905132857,0.28051744874789936,9.72546868114107,False,6
larger+VIX GM paper,Gross before costs,987,circular_block_bootstrap,60,ok,60,0.5126392637272801,0.6024339324413512,0.9809648713679726,1.9107394979093977,-0.676191551593486,0.1930571895778765,0.3182070411273524,7.91911858118699,False,6
larger+VIX GM paper,Gross before costs,988,circular_block_bootstrap,60,ok,60,0.6553733457495354,0.6092010914779702,1.1204271246255362,2.401036658235085,-0.7216500142938149,0.16483667780093825,0.3182070411273524,12.430247908834147,False,6
larger+VIX GM paper,Gross before costs,989,circular_block_bootstrap,60,ok,60,0.0917598584625845,0.5774448740762174,0.4274754494372874,0.7208295666973934,-0.6798812258372725,0.2694315259277686,0.33927425187713495,1.5510850472857314,False,6
larger+VIX GM paper,Gross before costs,990,circular_block_bootstrap,60,ok,60,0.25112325107504896,0.5076257681582604,0.70523581057612,1.065538309726659,-0.7152768831635071,0.2694315259277686,0.30219702796662573,3.065494038069357,False,6
larger+VIX GM paper,Gross before costs,991,circular_block_bootstrap,60,ok,60,0.3330642811440374,0.6387545321454455,0.7554557830498443,1.4338541038208836,-0.459151749327418,0.19478168968518478,0.3667809324199167,4.209741796173159,False,6
larger+VIX GM paper,Gross before costs,992,circular_block_bootstrap,60,ok,60,0.03624343114033102,0.5942641621056294,0.3457579871925678,0.5609796191245826,-0.6676956155008205,0.2694315259277686,0.30219702796662573,1.1948377975395161,False,6
larger+VIX GM paper,Gross before costs,993,circular_block_bootstrap,60,ok,60,0.2253187257894158,0.6759208711439877,0.6287533096574641,1.0965527296540227,-0.6776541091100357,0.30219702796662573,0.35063495630659397,2.762137875232163,False,6
larger+VIX GM paper,Gross before costs,994,circular_block_bootstrap,60,ok,60,0.9818203796122735,0.6531988754257491,1.366092477306639,3.3923707026135195,-0.5006101384303089,0.1591618503351095,0.2100673399322575,30.571831013523102,False,6
larger+VIX GM paper,Gross before costs,995,circular_block_bootstrap,60,ok,60,0.8843225753936073,0.6467353271841557,1.2977900432487561,2.9458277434757596,-0.5545841721498628,0.18912825082826684,0.23398834060224413,23.756160808358242,False,6
larger+VIX GM paper,Gross before costs,996,circular_block_bootstrap,60,ok,60,0.7290244595406759,0.6111395283155374,1.193431002724532,2.519839070879131,-0.49947693958692874,0.16483667780093825,0.3277775844950798,15.452746680340073,False,6
larger+VIX GM paper,Gross before costs,997,circular_block_bootstrap,60,ok,60,0.5322932581969062,0.5522901631052384,1.0424239232699504,2.0730294685731234,-0.5508222401973939,0.1930571895778765,0.2792036932025155,8.447135366373912,False,6
larger+VIX GM paper,Gross before costs,998,circular_block_bootstrap,60,ok,60,0.9961530587745737,0.7224790237566826,1.3061545284910732,3.0003656817227324,-0.5261331307990788,0.18912825082826684,0.30127847526321005,31.693426343469806,False,6
larger+VIX GM paper,Gross before costs,999,circular_block_bootstrap,60,ok,60,0.30904476057999397,0.5059583994307219,0.7786943627837221,1.4432947016080604,-0.5498801184638743,0.18912825082826684,0.23802545551994286,3.8439035668944364,False,6
