Strategy,Return basis,path_id,method,n_source_obs,status,n_obs,annualized_return,annualized_volatility,sharpe,sortino,max_drawdown,var_95,cvar_95,terminal_wealth,defaulted,block_length
larger E1 capped,Gross before costs,0,circular_block_bootstrap,60,ok,60,2.130037894883953,0.9137217387753799,1.682081087553174,5.247236732468707,-0.36970691633022146,0.18799688661107988,0.23096338080973924,300.4332373322807,False,6
larger E1 capped,Gross before costs,1,circular_block_bootstrap,60,ok,60,0.2255321845677567,0.8969287515887531,0.5973758188677066,1.324333229378787,-0.5784654117904188,0.2294248414977721,0.24957452212321227,2.7645446287784665,False,6
larger E1 capped,Gross before costs,2,circular_block_bootstrap,60,ok,60,0.19123114681775366,0.9485090278863381,0.5766942553737726,1.2844088757007905,-0.7121765242496172,0.24957452212321224,0.2635949891357432,2.39872356360763,False,6
larger E1 capped,Gross before costs,3,circular_block_bootstrap,60,ok,60,0.13656299581703601,0.6891954111261382,0.4884883846136636,0.9911019441104958,-0.6886869935813649,0.2153790198681074,0.25023196588391966,1.89656425462569,False,6
larger E1 capped,Gross before costs,4,circular_block_bootstrap,60,ok,60,0.459967385113929,0.7417373947402204,0.8385099463603531,1.8816160738143788,-0.5609836330090271,0.20696254839043837,0.2380334441870867,6.633088166388144,False,6
larger E1 capped,Gross before costs,5,circular_block_bootstrap,60,ok,60,1.9162603310923876,1.072135924146572,1.457054980678099,4.881594480430147,-0.5054781619954032,0.2294248414977721,0.2682684781399202,210.9266483133829,False,6
larger E1 capped,Gross before costs,6,circular_block_bootstrap,60,ok,60,0.7393470308079786,0.8663978257859283,1.0246435683296633,2.4564393206670143,-0.744845946898772,0.2294248414977721,0.2682684781399202,15.919565156020456,False,6
larger E1 capped,Gross before costs,7,circular_block_bootstrap,60,ok,60,-0.08714462019016733,0.5853587502220898,0.11385916140275411,0.1975264688372873,-0.7845788476319473,0.20654208839441748,0.2082239283785011,0.6338841562476447,False,6
larger E1 capped,Gross before costs,8,circular_block_bootstrap,60,ok,60,0.8751245675437171,0.7711186051122795,1.1670606643757644,2.987911980004434,-0.4929619792690856,0.20696254839043837,0.21495128831483554,23.181984948581896,False,6
larger E1 capped,Gross before costs,9,circular_block_bootstrap,60,ok,60,-0.352580539877389,0.8551297617874176,-0.14666967743392006,-0.26811388990297985,-0.8870330293469926,0.2294248414977721,0.2682684781399202,0.11374406534763208,False,6
larger E1 capped,Gross before costs,10,circular_block_bootstrap,60,ok,60,0.3851936991258347,0.8381859136899139,0.7501503310570314,1.6333428716601759,-0.6855997390514139,0.2235059193802725,0.22593512568572124,5.099792864619808,False,6
larger E1 capped,Gross before costs,11,circular_block_bootstrap,60,ok,60,0.2851742609557941,0.9823737351910757,0.6332280392815399,1.6503719329359385,-0.7972660635619667,0.21562194049865227,0.22836433199116998,3.5059853360401285,False,6
larger E1 capped,Gross before costs,12,circular_block_bootstrap,60,ok,60,-0.0719876797827349,0.7041989314797411,0.20974862729858032,0.37700907194950956,-0.7896720918468472,0.2153790198681074,0.2267448611208708,0.6882856412746222,False,6
larger E1 capped,Gross before costs,13,circular_block_bootstrap,60,ok,60,0.7640524077403876,0.8764147477709195,1.0226582464498544,2.741729573024501,-0.5776034050575176,0.2248093495174195,0.2589215001315662,17.08273550200293,False,6
larger E1 capped,Gross before costs,14,circular_block_bootstrap,60,ok,60,0.3303355048703145,0.8770448184361872,0.6966750622284277,1.5567663973285375,-0.6940807248149843,0.2248093495174195,0.2682684781399202,4.166831223970114,False,6
larger E1 capped,Gross before costs,15,circular_block_bootstrap,60,ok,60,0.19349162681166154,0.9063749929395759,0.5670109937351188,1.2829700989217085,-0.6320558481957865,0.22836433199116998,0.2389694270571911,2.421569189799394,False,6
larger E1 capped,Gross before costs,16,circular_block_bootstrap,60,ok,60,-0.08519696571820401,0.7975624553666504,0.22539774225572595,0.4552488428578042,-0.8610727800166621,0.2248093495174195,0.2682684781399202,0.6406753018382804,False,6
larger E1 capped,Gross before costs,17,circular_block_bootstrap,60,ok,60,0.9766109504538136,0.796971843069194,1.2151882316319345,3.1995453577012585,-0.4270147829358132,0.2153790198681074,0.24088498787556567,30.172131036037747,False,6
larger E1 capped,Gross before costs,18,circular_block_bootstrap,60,ok,60,0.3701275628493317,0.9262065689253874,0.7312728197687227,1.6482659226137142,-0.5850096035532513,0.22374884001081738,0.24478137337687136,4.828419726596661,False,6
larger E1 capped,Gross before costs,19,circular_block_bootstrap,60,ok,60,0.5527534191275956,0.8665810320370043,0.8798000816791752,2.0559741004094136,-0.6510397066819001,0.22836433199116998,0.24806478165401166,9.026356270287668,False,6
larger E1 capped,Gross before costs,20,circular_block_bootstrap,60,ok,60,1.1939563278336256,0.7349993345733125,1.423417830128933,3.697323848068815,-0.42788723114030847,0.21495128831483554,0.2322629052190239,50.83231538244778,False,6
larger E1 capped,Gross before costs,21,circular_block_bootstrap,60,ok,60,-0.06615874920157538,0.8399231886358178,0.2691095965652915,0.536884103834876,-0.5850096035532513,0.22836433199116998,0.2459796605634566,0.7101748219745082,False,6
larger E1 capped,Gross before costs,22,circular_block_bootstrap,60,ok,60,0.6784100634639891,0.7636432878958322,1.0184170909022758,2.4554608896911327,-0.6198398660160463,0.2248093495174195,0.2589215001315662,13.319575197805474,False,6
larger E1 capped,Gross before costs,23,circular_block_bootstrap,60,ok,60,0.8165285311913719,0.8127888967235245,1.1009894658649717,2.731221364183929,-0.4954549871398014,0.2153790198681074,0.2235059193802725,19.77930909674531,False,6
larger E1 capped,Gross before costs,24,circular_block_bootstrap,60,ok,60,0.7956597956542266,0.8697380687373799,1.039705035100054,2.7982489733763227,-0.5001116298533709,0.2076332005742551,0.24250445874586482,18.668967304168124,False,6
larger E1 capped,Gross before costs,25,circular_block_bootstrap,60,ok,60,0.07921444469905858,0.9388317626386966,0.45623577957164757,1.0276557933707857,-0.5981595463518692,0.22836433199116998,0.25298989406972205,1.4639921482223777,False,6
larger E1 capped,Gross before costs,26,circular_block_bootstrap,60,ok,60,0.5973023767695453,0.8807085175257975,0.9082580122205224,2.1791657520830063,-0.5186831846433866,0.22374884001081738,0.2611984147625728,10.39766185278068,False,6
larger E1 capped,Gross before costs,27,circular_block_bootstrap,60,ok,60,0.7341605725340408,1.0212078183061573,0.9492935884912175,2.6292591040374798,-0.5776034050575177,0.22374884001081738,0.24478137337687136,15.683628259814634,False,6
larger E1 capped,Gross before costs,28,circular_block_bootstrap,60,ok,60,0.5675152494835016,0.9985016722512996,0.8597451118667657,2.168607886399061,-0.5693157931299158,0.2294248414977721,0.2682684781399202,9.463654413232009,False,6
larger E1 capped,Gross before costs,29,circular_block_bootstrap,60,ok,60,0.6179953359804644,0.78776429986104,0.956507233446663,2.3251048209701395,-0.6444675736467613,0.20739027994371023,0.25023196588391966,11.088845356921599,False,6
larger E1 capped,Gross before costs,30,circular_block_bootstrap,60,ok,60,0.2721289487429792,0.7292321803391044,0.6439613924959002,1.4367062668374677,-0.6757770140038915,0.20696254839043837,0.2293439099394401,3.3316216681635726,False,6
larger E1 capped,Gross before costs,31,circular_block_bootstrap,60,ok,60,0.5146914472553583,0.923646641880863,0.829721720177371,2.059970859313723,-0.43743495039594327,0.25097656882446534,0.27761545614827415,7.9729835093300245,False,6
larger E1 capped,Gross before costs,32,circular_block_bootstrap,60,ok,60,0.8984860789666391,0.9215908328475937,1.0953343993992013,2.7981513169243466,-0.667731120723219,0.2235059193802725,0.22593512568572124,24.662499228617744,False,6
larger E1 capped,Gross before costs,33,circular_block_bootstrap,60,ok,60,0.4764079631648195,0.9114544083130502,0.8061662941899923,1.971278019348887,-0.4769137771186567,0.2294248414977721,0.2682684781399202,7.015068154026996,False,6
larger E1 capped,Gross before costs,34,circular_block_bootstrap,60,ok,60,0.6046040977556704,1.0149661786162985,0.8836588332445237,2.2465588432024357,-0.49996541078637047,0.2294248414977721,0.2589215001315662,10.637497835774612,False,6
larger E1 capped,Gross before costs,35,circular_block_bootstrap,60,ok,60,1.3185273982914527,0.9455220710256816,1.2969632150424903,3.794745129400348,-0.3520175100844678,0.22374884001081738,0.2518514367542188,66.99789561336895,False,6
larger E1 capped,Gross before costs,36,circular_block_bootstrap,60,ok,60,0.42337113915677826,0.7615795830244099,0.8105073448193516,1.6837404663779778,-0.8163301594607991,0.21495128831483554,0.2204432070002784,5.842393147551907,False,6
larger E1 capped,Gross before costs,37,circular_block_bootstrap,60,ok,60,0.4222358830450188,0.7871203939268846,0.7921003673570605,1.7823534654472664,-0.6540937859541478,0.2153790198681074,0.24088498787556567,5.819131326836953,False,6
larger E1 capped,Gross before costs,38,circular_block_bootstrap,60,ok,60,0.34868900807220315,0.8559689196573631,0.7082035318436228,1.646824443375622,-0.6897571137746978,0.24957452212321224,0.2635949891357432,4.462303343507009,False,6
larger E1 capped,Gross before costs,39,circular_block_bootstrap,60,ok,60,0.6906654430590653,0.9307237256172316,0.959632226136262,2.4035889522920146,-0.6556075417753411,0.21495128831483554,0.2339705911922788,13.813011684443897,False,6
larger E1 capped,Gross before costs,40,circular_block_bootstrap,60,ok,60,0.8428880453939624,0.8264742946194468,1.102859560233862,2.846048695688351,-0.6767962798435265,0.2076332005742551,0.24250445874586482,21.25664718051211,False,6
larger E1 capped,Gross before costs,41,circular_block_bootstrap,60,ok,60,-0.20136327718150226,0.9232335328878529,0.13021014140800002,0.2636907754256379,-0.817090664775062,0.25097656882446534,0.27761545614827415,0.32489750777684456,False,6
larger E1 capped,Gross before costs,42,circular_block_bootstrap,60,ok,60,0.740736877980404,0.7847874365933426,1.047115324334205,2.6429388915756458,-0.49850184730989544,0.20696254839043837,0.21942230287361367,15.983270530022466,False,6
larger E1 capped,Gross before costs,43,circular_block_bootstrap,60,ok,60,0.21294069925127102,0.9459648761894772,0.593059547518218,1.3480766967956368,-0.6259794244241409,0.24957452212321224,0.260790895733237,2.6254142824156923,False,6
larger E1 capped,Gross before costs,44,circular_block_bootstrap,60,ok,60,0.8689814158720377,0.7843498284011543,1.141333541687547,3.010631775222566,-0.4493585812381089,0.18657823388982958,0.21643080306069223,22.804728968474357,False,6
larger E1 capped,Gross before costs,45,circular_block_bootstrap,60,ok,60,0.7630494042570386,0.84180712985428,1.0502679285305405,2.5515285699261194,-0.5234848791789809,0.24957452212321224,0.25658475562947775,17.034226256776012,False,6
larger E1 capped,Gross before costs,46,circular_block_bootstrap,60,ok,60,1.4083577741645685,0.7906641260285265,1.4795235684881294,4.500253677676625,-0.5066934450572375,0.20520947568008394,0.2293439099394401,81.02238452094272,False,6
larger E1 capped,Gross before costs,47,circular_block_bootstrap,60,ok,60,0.7743938352987934,0.7419386639630294,1.1099234303635799,2.7048942413015964,-0.5056568462087389,0.1884697596101956,0.2264923662509611,17.589362515874953,False,6
larger E1 capped,Gross before costs,48,circular_block_bootstrap,60,ok,60,0.09566488141676555,0.8448758695363708,0.465113778173604,0.9552511105421576,-0.6028959506350462,0.22836433199116998,0.23896942705719112,1.5790239187527273,False,6
larger E1 capped,Gross before costs,49,circular_block_bootstrap,60,ok,60,0.4248198172710771,0.7674404981228148,0.7933426617193238,1.848027752454913,-0.6689598547556468,0.20469674869930754,0.21637752697906118,5.872185072007498,False,6
larger E1 capped,Gross before costs,50,circular_block_bootstrap,60,ok,60,0.2818671850838974,0.9167767245328964,0.6433289852138636,1.498498235212309,-0.7189207658112148,0.24957452212321224,0.2635949891357432,3.461107992195419,False,6
larger E1 capped,Gross before costs,51,circular_block_bootstrap,60,ok,60,0.2797362470193929,0.8526301872625157,0.6500737331830451,1.4426280471862403,-0.8044614879270767,0.21495128831483554,0.21934482326318983,3.432435262815486,False,6
larger E1 capped,Gross before costs,52,circular_block_bootstrap,60,ok,60,-0.12391652297206501,0.903264910534407,0.23308168882628377,0.4545006703774109,-0.833932619609752,0.22836433199116998,0.2459796605634566,0.5160923813635228,False,6
larger E1 capped,Gross before costs,53,circular_block_bootstrap,60,ok,60,-0.0953719974785241,0.7406630716544901,0.18801059522501798,0.3532696579261477,-0.7424074954969226,0.24957452212321224,0.260790895733237,0.6058291074356809,False,6
larger E1 capped,Gross before costs,54,circular_block_bootstrap,60,ok,60,0.05780729889437719,0.8023983541080258,0.4088850390913152,0.8621499565798494,-0.6160396202047831,0.20739027994371023,0.25023196588391966,1.3244415494508064,False,6
larger E1 capped,Gross before costs,55,circular_block_bootstrap,60,ok,60,0.8568366537886074,0.9873203956762998,1.0338226954888918,2.863012131669373,-0.4111483466726542,0.22374884001081738,0.2518514367542188,22.07336284460751,False,6
larger E1 capped,Gross before costs,56,circular_block_bootstrap,60,ok,60,0.49917306767893765,0.7519138811159339,0.8776513203109145,1.9263174183359046,-0.6447668170719045,0.21495128831483554,0.2204432070002784,7.572841341729426,False,6
larger E1 capped,Gross before costs,57,circular_block_bootstrap,60,ok,60,1.2236045376637263,0.8384104648212175,1.329766353386716,3.7738786989787854,-0.49831248629465963,0.2153790198681074,0.24316190250657221,54.36104016734017,False,6
larger E1 capped,Gross before costs,58,circular_block_bootstrap,60,ok,60,0.5890183573359826,1.0425954239553248,0.86146533111326,2.3260089082795194,-0.4234741749174792,0.24957452212321224,0.260790895733237,10.130819377720945,False,6
larger E1 capped,Gross before costs,59,circular_block_bootstrap,60,ok,60,-0.008971219396945673,0.9341918772753641,0.3739234464004169,0.7753251006239658,-0.6259735123267753,0.2294248414977721,0.2682684781399202,0.9559415428326858,False,6
larger E1 capped,Gross before costs,60,circular_block_bootstrap,60,ok,60,0.45920373114675717,0.7201910420508845,0.845101445176024,1.897998184153822,-0.52582878611106,0.1884697596101956,0.2380334441870867,6.615758711319263,False,6
larger E1 capped,Gross before costs,61,circular_block_bootstrap,60,ok,60,0.5246969450922498,0.7207674208108975,0.9143275118882005,2.0207988073328655,-0.37663835143978674,0.21495128831483554,0.23275598803955444,8.239818598276933,False,6
larger E1 capped,Gross before costs,62,circular_block_bootstrap,60,ok,60,0.3390123177676194,0.8972805702921507,0.6993813486384418,1.6225104198324083,-0.6586431732686499,0.22836433199116998,0.24597966056345658,4.304501473700487,False,6
larger E1 capped,Gross before costs,63,circular_block_bootstrap,60,ok,60,-0.3513134705684593,0.8139907253817912,-0.18036696241870392,-0.31484687871212014,-0.9299325887076498,0.22836433199116998,0.2382145568225908,0.1148614772515396,False,6
larger E1 capped,Gross before costs,64,circular_block_bootstrap,60,ok,60,0.9763867547380412,0.8548606498374796,1.162188197990184,3.3752755553784834,-0.3880248202308002,0.2153790198681074,0.24316190250657221,30.15502365287359,False,6
larger E1 capped,Gross before costs,65,circular_block_bootstrap,60,ok,60,0.03214916422935832,0.9266967208710057,0.4224210983968054,0.8852244142933551,-0.8662670010821508,0.27761545614827415,0.27761545614827415,1.1714191681372599,False,6
larger E1 capped,Gross before costs,66,circular_block_bootstrap,60,ok,60,1.4050865746610763,0.8347202056767394,1.453040754384037,3.7627733893411768,-0.46539516108936163,0.21495128831483554,0.21666221452792295,80.4736260028729,False,6
larger E1 capped,Gross before costs,67,circular_block_bootstrap,60,ok,60,0.9761161682300543,0.9764733954530996,1.1090899820640245,3.0319845720421963,-0.5649600697065125,0.2248093495174195,0.2682684781399202,30.134386728967286,False,6
larger E1 capped,Gross before costs,68,circular_block_bootstrap,60,ok,60,1.1010447291922754,0.7858863251189321,1.3104451162894626,3.360990854034606,-0.45968674182862823,0.2153790198681074,0.23381492449821825,40.94270111934615,False,6
larger E1 capped,Gross before costs,69,circular_block_bootstrap,60,ok,60,0.48197947474860725,0.9335394443370417,0.7979967561579469,2.1284673493092017,-0.8099298901747258,0.2235059193802725,0.23333391094342235,7.148434526590535,False,6
larger E1 capped,Gross before costs,70,circular_block_bootstrap,60,ok,60,0.8204061672280425,0.896168764027843,1.0447260818827453,2.903827374117933,-0.5001116298533709,0.2235059193802725,0.24355045425800784,19.991320912315924,False,6
larger E1 capped,Gross before costs,71,circular_block_bootstrap,60,ok,60,0.4890779076179339,0.9171219326328809,0.814605436757092,2.0227758310755144,-0.5851378887423944,0.2294248414977721,0.2682684781399202,7.321281435910079,False,6
larger E1 capped,Gross before costs,72,circular_block_bootstrap,60,ok,60,0.2294502376601828,0.9793688049660545,0.6071119950320245,1.4053703771933637,-0.6594442903595008,0.2294248414977721,0.2682684781399202,2.8090196432802155,False,6
larger E1 capped,Gross before costs,73,circular_block_bootstrap,60,ok,60,0.4888015431677486,0.9797800281433396,0.7989445522725174,2.0802761229223043,-0.4604079387028228,0.2294248414977721,0.2589215001315662,7.314490014836509,False,6
larger E1 capped,Gross before costs,74,circular_block_bootstrap,60,ok,60,0.03258108708388674,0.9960299265896406,0.4304436270371414,0.9668920095935898,-0.6972457273565086,0.25097656882446534,0.27761545614827415,1.1738722358021847,False,6
larger E1 capped,Gross before costs,75,circular_block_bootstrap,60,ok,60,0.1817139689158187,0.8941353717933233,0.5513995086055978,1.2825373039630912,-0.6287830699002546,0.2294248414977721,0.2682684781399202,2.304421118214015,False,6
larger E1 capped,Gross before costs,76,circular_block_bootstrap,60,ok,60,1.2346275216470035,0.902786261424327,1.2914874297154737,3.56151213930932,-0.5054781619954032,0.21562194049865227,0.24250445874586482,55.72187428883646,False,6
larger E1 capped,Gross before costs,77,circular_block_bootstrap,60,ok,60,0.7506889910086869,0.8522890626971833,1.0149136653715887,2.7806978474572936,-0.5258287861110599,0.2248093495174195,0.2589215001315662,16.445421299320895,False,6
larger E1 capped,Gross before costs,78,circular_block_bootstrap,60,ok,60,0.7188841755601811,0.8965198170293178,0.9950376016075362,2.418481900220949,-0.7046530358083558,0.21495128831483554,0.22919504809461064,15.004898670659802,False,6
larger E1 capped,Gross before costs,79,circular_block_bootstrap,60,ok,60,0.4385626314560829,0.9241811925558205,0.7729467201847765,1.8646260092958926,-0.7207354896810683,0.22836433199116998,0.25298989406972205,6.160895943913057,False,6
larger E1 capped,Gross before costs,80,circular_block_bootstrap,60,ok,60,0.2101496811609458,0.777591434214857,0.5976968104751474,1.1702443680725028,-0.8569983941217356,0.2235059193802725,0.2505606877642733,2.595347131365956,False,6
larger E1 capped,Gross before costs,81,circular_block_bootstrap,60,ok,60,-0.11735705304560573,0.8428021850445793,0.21154006043804424,0.4137365095081295,-0.7643218383801456,0.24957452212321224,0.2635949891357432,0.5357044770747001,False,6
larger E1 capped,Gross before costs,82,circular_block_bootstrap,60,ok,60,-0.10205896938152148,0.7937830739865298,0.21281610534906228,0.3979499381662459,-0.7753853622571749,0.2153790198681074,0.24316190250657221,0.5837663852195939,False,6
larger E1 capped,Gross before costs,83,circular_block_bootstrap,60,ok,60,0.0835404177866026,0.7732268848405685,0.443298227880009,0.8812883824627753,-0.6091203165226253,0.2248093495174195,0.2589215001315662,1.4935699911638645,False,6
larger E1 capped,Gross before costs,84,circular_block_bootstrap,60,ok,60,0.24036589841344846,0.9222166890453961,0.6104396797848656,1.3722198553473455,-0.6255263145241411,0.22374884001081738,0.24478137337687136,2.935952926092173,False,6
larger E1 capped,Gross before costs,85,circular_block_bootstrap,60,ok,60,0.1957981780898197,0.7133902531555021,0.5734990459575261,1.1118289059037803,-0.547084393055561,0.22374884001081738,0.24478137337687136,2.44505952775928,False,6
larger E1 capped,Gross before costs,86,circular_block_bootstrap,60,ok,60,0.757860373685187,0.8180514049860551,1.0648956718490998,2.4037984473332976,-0.459686741828628,0.22374884001081738,0.2518514367542188,16.785020698864844,False,6
larger E1 capped,Gross before costs,87,circular_block_bootstrap,60,ok,60,0.10965675956320209,0.836614215168562,0.4729963682336981,1.0156172436691808,-0.8352908165228046,0.2235059193802725,0.2382479067249973,1.6824544501094936,False,6
larger E1 capped,Gross before costs,88,circular_block_bootstrap,60,ok,60,0.1620189476491547,0.9808188466923525,0.540373312422506,1.2867359835093122,-0.5901498170896167,0.2294248414977721,0.2589215001315662,2.1186833232859046,False,6
larger E1 capped,Gross before costs,89,circular_block_bootstrap,60,ok,60,0.38559958877403133,0.811516679392127,0.7600672925863498,1.6663390599019323,-0.6109071496288158,0.2248093495174195,0.2589215001315662,5.107268954658386,False,6
larger E1 capped,Gross before costs,90,circular_block_bootstrap,60,ok,60,0.5935050898402001,0.7929220758529598,0.9243389483350359,2.4806887418776515,-0.6672122636547431,0.2153790198681074,0.2502319658839196,10.274655635033547,False,6
larger E1 capped,Gross before costs,91,circular_block_bootstrap,60,ok,60,0.6097233839418079,0.7939544825035881,0.940801921936969,2.4322627262628984,-0.4915968605086709,0.18660312194241463,0.21439753515305338,10.808271980651035,False,6
larger E1 capped,Gross before costs,92,circular_block_bootstrap,60,ok,60,0.4099608089917648,0.7570085418578698,0.791664892014323,1.6964728962401598,-0.46214414322408115,0.21495128831483554,0.2322629052190239,5.572309192700523,False,6
larger E1 capped,Gross before costs,93,circular_block_bootstrap,60,ok,60,-0.047580559657873556,0.7764167451506339,0.2816218576156121,0.5315915081624576,-0.8881999130236123,0.2248093495174195,0.2682684781399202,0.7836844999697407,False,6
larger E1 capped,Gross before costs,94,circular_block_bootstrap,60,ok,60,0.18954904029052,1.1693126423352835,0.5800484383834815,1.5899850777904885,-0.6287156123619566,0.24957452212321224,0.2551827089282246,2.3818354496816627,False,6
larger E1 capped,Gross before costs,95,circular_block_bootstrap,60,ok,60,0.5365911648311232,0.8872259053217385,0.8447015058952528,2.197680917694228,-0.6677145907909718,0.22836433199116998,0.25298989406972205,8.566268024875482,False,6
larger E1 capped,Gross before costs,96,circular_block_bootstrap,60,ok,60,0.6157317221145902,0.9094588081749332,0.9090744073034756,2.325773510001834,-0.5726892975060426,0.22374884001081738,0.2611984147625728,11.011494303026682,False,6
larger E1 capped,Gross before costs,97,circular_block_bootstrap,60,ok,60,0.34246118270816606,0.8910699425957592,0.7024716342775111,1.6484204488692826,-0.8754096834180786,0.2262113962186726,0.27761545614827415,4.360222830618463,False,6
larger E1 capped,Gross before costs,98,circular_block_bootstrap,60,ok,60,-0.15019706249429443,0.7565008740299505,0.12465911596809834,0.22239590189364636,-0.8203039209723563,0.2248093495174195,0.2682684781399202,0.44319121166341446,False,6
larger E1 capped,Gross before costs,99,circular_block_bootstrap,60,ok,60,0.6574270756407468,0.9068126045947622,0.9435463472763946,2.3443161657245963,-0.5909377762636893,0.2248093495174195,0.2682684781399202,12.507547068132627,False,6
larger E1 capped,Gross before costs,100,circular_block_bootstrap,60,ok,60,0.046349213582325355,0.8807271485929958,0.41081951989286014,0.9022342559622091,-0.8574332231588765,0.22374884001081738,0.2518514367542188,1.2542475494861107,False,6
larger E1 capped,Gross before costs,101,circular_block_bootstrap,60,ok,60,0.7237431917166015,0.9765787922393377,0.9514754213023389,2.6142633593858915,-0.5536851489598094,0.21562194049865227,0.24478137337687136,15.218183596663986,False,6
larger E1 capped,Gross before costs,102,circular_block_bootstrap,60,ok,60,0.24420066712442634,0.9154896037252509,0.6057018838528833,1.4703276713786049,-0.5718168787871898,0.24957452212321224,0.2551827089282246,2.9816190144618826,False,6
larger E1 capped,Gross before costs,103,circular_block_bootstrap,60,ok,60,0.4740164421430906,0.9434278318635142,0.7941032341693618,1.9876342054213831,-0.5673863108573365,0.2294248414977721,0.2682684781399202,6.9584360415053546,False,6
larger E1 capped,Gross before costs,104,circular_block_bootstrap,60,ok,60,0.24132206296857728,0.9302716651717132,0.6001738085476443,1.475965356928503,-0.7483442284267778,0.2294248414977721,0.2682684781399202,2.947286620195785,False,6
larger E1 capped,Gross before costs,105,circular_block_bootstrap,60,ok,60,-0.018056143949250925,0.7400443473242697,0.27983118812322355,0.5949004554685003,-0.8258819507459484,0.20654208839441748,0.21683041512426002,0.912921185713904,False,6
larger E1 capped,Gross before costs,106,circular_block_bootstrap,60,ok,60,0.6582446368098986,0.9036236448056209,0.9352900260017705,2.4567520219132115,-0.5001116298533709,0.2294248414977721,0.2589215001315662,12.538425584615357,False,6
larger E1 capped,Gross before costs,107,circular_block_bootstrap,60,ok,60,0.7652877718899849,0.8719115586944611,1.0192795826474539,2.8206726351400038,-0.646280358167053,0.20654208839441748,0.22243860192927242,17.142634451173894,False,6
larger E1 capped,Gross before costs,108,circular_block_bootstrap,60,ok,60,0.2769134402090021,0.8771583209316373,0.6342101461747106,1.5061476714272843,-0.5001116298533708,0.2153790198681074,0.2595789438922736,3.3947460439109487,False,6
larger E1 capped,Gross before costs,109,circular_block_bootstrap,60,ok,60,1.1323889689187276,0.8796674396590329,1.255983985058411,3.3958357124286,-0.6311257826360667,0.20654208839441748,0.2194024968067207,44.089191616500145,False,6
larger E1 capped,Gross before costs,110,circular_block_bootstrap,60,ok,60,0.21635274129178317,1.0268688940514863,0.5979182274044585,1.4229517475109388,-0.7863884493976023,0.25097656882446534,0.27761545614827415,2.6625495039233993,False,6
larger E1 capped,Gross before costs,111,circular_block_bootstrap,60,ok,60,-0.3143457482786497,0.7662167306651475,-0.16219535699436663,-0.2818187295622798,-0.8945743264763453,0.2294248414977721,0.2589215001315662,0.15153950594145613,False,6
larger E1 capped,Gross before costs,112,circular_block_bootstrap,60,ok,60,-0.08768094311944619,0.9014023887526935,0.25559359347250976,0.5538401892480321,-0.5905311121016678,0.2294248414977721,0.2682684781399202,0.6320242375042662,False,6
larger E1 capped,Gross before costs,113,circular_block_bootstrap,60,ok,60,0.3574223953696578,0.8609996034222036,0.7222505193075306,1.6357741863549244,-0.5790069103804977,0.2294248414977721,0.2589215001315662,4.608664042162595,False,6
larger E1 capped,Gross before costs,114,circular_block_bootstrap,60,ok,60,0.5681709289718766,0.9044579361747483,0.8722856337142364,2.2370560858636086,-0.7298906519020303,0.22374884001081738,0.2518514367542188,9.483463845288307,False,6
larger E1 capped,Gross before costs,115,circular_block_bootstrap,60,ok,60,0.8127312860517446,0.8800268105949468,1.058793889024004,2.612780487627904,-0.5244741204903005,0.2235059193802725,0.2382479067249973,19.573439673155367,False,6
larger E1 capped,Gross before costs,116,circular_block_bootstrap,60,ok,60,0.637000980546709,0.7356652478368516,0.9925661451906668,2.5360688615970988,-0.4124016987341469,0.20520947568008394,0.2293439099394401,11.755597226797441,False,6
larger E1 capped,Gross before costs,117,circular_block_bootstrap,60,ok,60,0.8711158536148758,0.8764018903218778,1.0823865327189552,2.980671324966808,-0.47921061408257504,0.20588012786390067,0.24478137337687136,22.93524545824236,False,6
larger E1 capped,Gross before costs,118,circular_block_bootstrap,60,ok,60,0.007407740746598668,0.9189245346534279,0.37093529622434224,0.8353453780331109,-0.7415113882850151,0.2294248414977721,0.2589215001315662,1.0375915300109142,False,6
larger E1 capped,Gross before costs,119,circular_block_bootstrap,60,ok,60,0.19830044908889355,0.8357494239784464,0.573825044633915,1.2190851736041106,-0.6925662866998765,0.21562194049865227,0.24250445874586482,2.470748898331162,False,6
larger E1 capped,Gross before costs,120,circular_block_bootstrap,60,ok,60,0.6732782464154132,0.951334313586421,0.9397530245508562,2.3248932286760486,-0.4270147829358132,0.22374884001081738,0.24478137337687136,13.117190477154361,False,6
larger E1 capped,Gross before costs,121,circular_block_bootstrap,60,ok,60,0.6215106142199398,0.8443478173059522,0.943687543822113,2.2338844785264778,-0.5661991357544082,0.21495128831483554,0.2204432070002784,11.209828782770249,False,6
larger E1 capped,Gross before costs,122,circular_block_bootstrap,60,ok,60,-0.0996770482393835,0.9586584908729157,0.26375335757057894,0.5857368656798829,-0.8177858306413609,0.22836433199116998,0.24478137337687136,0.5915502038548364,False,6
larger E1 capped,Gross before costs,123,circular_block_bootstrap,60,ok,60,1.8526311019827708,0.7926241474947469,1.7220385297868792,4.880535499101895,-0.39480089567163756,0.21495128831483554,0.21830454923391915,188.89830668536072,False,6
larger E1 capped,Gross before costs,124,circular_block_bootstrap,60,ok,60,0.9919278546493575,0.7735991016062033,1.2594486000805094,2.929345759149093,-0.6560498984467806,0.20520947568008394,0.23869088794779406,31.359420137728858,False,6
larger E1 capped,Gross before costs,125,circular_block_bootstrap,60,ok,60,0.495979446702679,0.9250555682569562,0.8309827724918157,1.8938306456492444,-0.6239943719575034,0.22374884001081738,0.24478137337687136,7.492523847956024,False,6
larger E1 capped,Gross before costs,126,circular_block_bootstrap,60,ok,60,0.7951013007244907,0.8228464543745924,1.0789118627772942,2.621658549311846,-0.48851434502098157,0.22374884001081738,0.2354343953685174,18.63995278870204,False,6
larger E1 capped,Gross before costs,127,circular_block_bootstrap,60,ok,60,0.35671678799994266,0.7797417968580092,0.7211499916010073,1.686714297780186,-0.7135575314683597,0.20696254839043837,0.2293439099394401,4.596698244685647,False,6
larger E1 capped,Gross before costs,128,circular_block_bootstrap,60,ok,60,1.1785216750309409,1.007048548632603,1.2003141915898567,3.4009996618718956,-0.5289186295294772,0.2153790198681074,0.2267448611208708,49.06925071326004,False,6
larger E1 capped,Gross before costs,129,circular_block_bootstrap,60,ok,60,0.6349688301092835,0.806619239098982,0.9664816094519096,2.2981918885412855,-0.6337415682035442,0.22374884001081738,0.2518514367542188,11.68281197923341,False,6
larger E1 capped,Gross before costs,130,circular_block_bootstrap,60,ok,60,0.6075739560370783,0.8072537920770203,0.946701923393286,2.2207480082725835,-0.6693416966988927,0.2153790198681074,0.24316190250657221,10.736304203044257,False,6
larger E1 capped,Gross before costs,131,circular_block_bootstrap,60,ok,60,0.6268018921493934,0.7673483724178384,0.974962860137035,2.3412091358007414,-0.43743495039594327,0.21495128831483554,0.22360709676692972,11.393924683053172,False,6
larger E1 capped,Gross before costs,132,circular_block_bootstrap,60,ok,60,0.11950340657215786,1.0651760144900755,0.5174232475408448,1.2437053519922778,-0.6010492744420317,0.22836433199116998,0.24806478165401163,1.7584381494235317,False,6
larger E1 capped,Gross before costs,133,circular_block_bootstrap,60,ok,60,0.3541960227624503,0.9273725841117885,0.7238424097429851,1.5994064947556974,-0.549817703612368,0.25097656882446534,0.27761545614827415,4.554153553725914,False,6
larger E1 capped,Gross before costs,134,circular_block_bootstrap,60,ok,60,0.5178633402316604,0.9097984208613614,0.8204283070363516,2.236509388935923,-0.459175637287794,0.2294248414977721,0.2682684781399202,8.056814407691226,False,6
larger E1 capped,Gross before costs,135,circular_block_bootstrap,60,ok,60,0.37494655388447695,0.905790215479465,0.7330809782130834,1.6731835804684707,-0.6191089925412502,0.21562194049865227,0.2518514367542188,4.913931343081073,False,6
larger E1 capped,Gross before costs,136,circular_block_bootstrap,60,ok,60,0.3908285555701274,0.866740687238396,0.7423643519226854,1.71317783293343,-0.6740273534820586,0.22836433199116998,0.2459796605634566,5.204367950626738,False,6
larger E1 capped,Gross before costs,137,circular_block_bootstrap,60,ok,60,0.6052559677933524,0.6655556740579631,1.011005900250045,2.4588575877238745,-0.3749439379222257,0.21668245000525438,0.24957452212321227,10.65912280389612,False,6
larger E1 capped,Gross before costs,138,circular_block_bootstrap,60,ok,60,0.7241024545060506,0.908073901623397,0.9851947001997479,2.496296980341352,-0.5657876381124174,0.21562194049865227,0.2518514367542188,15.234049088091927,False,6
larger E1 capped,Gross before costs,139,circular_block_bootstrap,60,ok,60,1.7806889489639048,0.9387887368135958,1.5166816268592236,4.56458511132582,-0.3520175100844679,0.21562194049865227,0.2611984147625728,166.25015333288258,False,6
larger E1 capped,Gross before costs,140,circular_block_bootstrap,60,ok,60,0.8539079979367359,0.9735720079205367,1.0333587186406343,2.9466793782793697,-0.5289186295294771,0.22836433199116998,0.2459796605634566,21.899837392779517,False,6
larger E1 capped,Gross before costs,141,circular_block_bootstrap,60,ok,60,0.16140995275940306,0.8504049988215335,0.542018458632833,1.1491044620039232,-0.7069442902957873,0.2248093495174195,0.2589215001315662,2.1131373052428666,False,6
larger E1 capped,Gross before costs,142,circular_block_bootstrap,60,ok,60,1.3951410742938868,0.8250769324942571,1.4488908666613216,3.854547952307698,-0.3966816943307052,0.1884697596101956,0.23096338080973924,78.82345966170026,False,6
larger E1 capped,Gross before costs,143,circular_block_bootstrap,60,ok,60,0.17770772050372052,1.0129107696378192,0.5665993233525448,1.3290278433954443,-0.6299888293566844,0.2294248414977721,0.2682684781399202,2.2656228205749382,False,6
larger E1 capped,Gross before costs,144,circular_block_bootstrap,60,ok,60,1.133317737418627,0.8857758964125775,1.2434837845031397,3.4589719709138955,-0.40582118127338085,0.2153790198681074,0.24316190250657221,44.18529120038649,False,6
larger E1 capped,Gross before costs,145,circular_block_bootstrap,60,ok,60,0.05954184200338353,0.8896155072928866,0.42815730710455036,0.9448013612191665,-0.6923471003140946,0.22374884001081738,0.2611984147625728,1.3353360069926081,False,6
larger E1 capped,Gross before costs,146,circular_block_bootstrap,60,ok,60,0.47252730561712997,0.934289776751087,0.7921600513191559,2.034592749368655,-0.6032568918887737,0.24957452212321224,0.24957452212321224,6.923357919536032,False,6
larger E1 capped,Gross before costs,147,circular_block_bootstrap,60,ok,60,0.06354629350988827,0.8004521837008006,0.42475803546905044,0.8571847904160398,-0.8462824247833358,0.2294248414977721,0.2682684781399202,1.3607614333263789,False,6
larger E1 capped,Gross before costs,148,circular_block_bootstrap,60,ok,60,0.8105232665694531,0.9625803594820717,1.0292226305851706,2.6033967529859163,-0.5322936781517481,0.22374884001081738,0.2518514367542188,19.454521389732832,False,6
larger E1 capped,Gross before costs,149,circular_block_bootstrap,60,ok,60,0.0739535822873274,0.9379725589786503,0.44116029367982984,1.0570279725591623,-0.8684593532256504,0.2294248414977721,0.2589215001315662,1.4286556231464993,False,6
larger E1 capped,Gross before costs,150,circular_block_bootstrap,60,ok,60,0.7035719130227365,0.8486350358306102,1.0038172983453095,2.411602116274967,-0.6745406122582435,0.2248093495174195,0.2682684781399202,14.348363020397365,False,6
larger E1 capped,Gross before costs,151,circular_block_bootstrap,60,ok,60,1.2258300865299745,0.8819327744872604,1.3058710845497423,3.4190506402924923,-0.49990572166334235,0.21495128831483554,0.21830454923391915,54.63362814251525,False,6
larger E1 capped,Gross before costs,152,circular_block_bootstrap,60,ok,60,0.2796256185104027,0.9588981674027518,0.6434979671712813,1.554018591920322,-0.6355093456825353,0.22836433199116998,0.25298989406972205,3.4309519120461878,False,6
larger E1 capped,Gross before costs,153,circular_block_bootstrap,60,ok,60,0.1801331908059951,0.9330076978546492,0.5561962286376267,1.2627068988589578,-0.6452610341704238,0.22836433199116998,0.24067711303044603,2.28904918516584,False,6
larger E1 capped,Gross before costs,154,circular_block_bootstrap,60,ok,60,0.6773076981461572,0.8782789502406418,0.943992692760194,2.6482269922541897,-0.45761659981855185,0.21562194049865227,0.2518514367542188,13.275891704293006,False,6
larger E1 capped,Gross before costs,155,circular_block_bootstrap,60,ok,60,0.33031976572561117,0.7991126702246336,0.7061460393656083,1.5248134035664744,-0.5403123953522977,0.2153790198681074,0.23381492449821825,4.16658474175731,False,6
larger E1 capped,Gross before costs,156,circular_block_bootstrap,60,ok,60,0.318062524980512,0.8222165949929251,0.6784356721331205,1.5819789481670818,-0.5115489251945408,0.20478901568406305,0.2281603141695999,3.9781399913848072,False,6
larger E1 capped,Gross before costs,157,circular_block_bootstrap,60,ok,60,0.18384561444766612,1.0213886322122592,0.561393539841794,1.3972390822062315,-0.7225933018832378,0.2308268881990252,0.27761545614827415,2.325280492700746,False,6
larger E1 capped,Gross before costs,158,circular_block_bootstrap,60,ok,60,1.8854431182088565,0.8941916253315192,1.5935541126819535,5.458876227537415,-0.3682242262819291,0.2153790198681074,0.24316190250657221,200.01500925252216,False,6
larger E1 capped,Gross before costs,159,circular_block_bootstrap,60,ok,60,0.9372432238818345,0.8176214747871686,1.1777569063230344,2.9118234995066428,-0.3948008956716377,0.21562194049865227,0.2354343953685174,27.284798599998123,False,6
larger E1 capped,Gross before costs,160,circular_block_bootstrap,60,ok,60,0.2902761333419288,0.997284704476109,0.6534415481427263,1.6014905132195107,-0.5626872389855323,0.2294248414977721,0.2682684781399202,3.5761301841220283,False,6
larger E1 capped,Gross before costs,161,circular_block_bootstrap,60,ok,60,0.6658280688162554,0.797323471133071,0.9971673898967884,2.3264049111865646,-0.623629096877304,0.20696254839043837,0.2264923662509611,12.827761533720723,False,6
larger E1 capped,Gross before costs,162,circular_block_bootstrap,60,ok,60,0.43001814412078754,0.923744903387924,0.7674095356719214,1.8532443598346948,-0.5697714285637292,0.22836433199116998,0.25298989406972205,5.980090262656739,False,6
larger E1 capped,Gross before costs,163,circular_block_bootstrap,60,ok,60,0.3065769787604118,0.7563503237839033,0.6709356887855408,1.5918010289698596,-0.6024864546174249,0.20654208839441748,0.21854134133734743,3.8078077139721116,False,6
larger E1 capped,Gross before costs,164,circular_block_bootstrap,60,ok,60,0.6409679269056892,0.8317187257609079,0.9556809005849289,2.3798226563508242,-0.4658013610552445,0.2056372072333558,0.2267448611208708,11.898725997451711,False,6
larger E1 capped,Gross before costs,165,circular_block_bootstrap,60,ok,60,0.8506375763451728,0.753367185776071,1.1539841206637151,3.050245635519432,-0.5434306500502968,0.20696254839043837,0.2293439099394401,21.707353582175333,False,6
larger E1 capped,Gross before costs,166,circular_block_bootstrap,60,ok,60,0.8003331952962862,0.838905241472951,1.0571796413798094,2.903985639543618,-0.4846904079544033,0.18660312194241463,0.2265475798015467,18.913175230544322,False,6
larger E1 capped,Gross before costs,167,circular_block_bootstrap,60,ok,60,0.28841723013094156,0.8814208633884643,0.6506947145678783,1.5047582683297898,-0.4645748977317732,0.22374884001081738,0.2518514367542188,3.5504436173563736,False,6
larger E1 capped,Gross before costs,168,circular_block_bootstrap,60,ok,60,0.5304180226840964,0.9429861863893305,0.8422615075530584,2.0996664931323648,-0.6032568918887737,0.2235059193802725,0.23123767321873182,8.395573289859914,False,6
larger E1 capped,Gross before costs,169,circular_block_bootstrap,60,ok,60,1.050291636278347,0.9064209851832347,1.178919618384837,3.4778509993536013,-0.5543038756788828,0.20478901568406305,0.21661923623347434,36.23082309152742,False,6
larger E1 capped,Gross before costs,170,circular_block_bootstrap,60,ok,60,0.23284230496114477,0.8344725931637494,0.6071985233355536,1.3214772863224915,-0.7872480092202502,0.20654208839441748,0.22805830525881485,2.8479846476738744,False,6
larger E1 capped,Gross before costs,171,circular_block_bootstrap,60,ok,60,0.5304394222642335,1.0331527100081723,0.82337911839201,2.1487458362653067,-0.5647776543453931,0.2294248414977721,0.2682684781399202,8.396160275785265,False,6
larger E1 capped,Gross before costs,172,circular_block_bootstrap,60,ok,60,0.7585186073708337,0.9852196389443502,0.9856226713490687,2.535103850798509,-0.4270147829358131,0.22836433199116998,0.2459796605634566,16.816470134596333,False,6
larger E1 capped,Gross before costs,173,circular_block_bootstrap,60,ok,60,0.19135495960073934,0.7630764827865786,0.5589948536702162,1.1839622812956543,-0.8205911750938067,0.22374884001081738,0.2518514367542188,2.3999704013190946,False,6
larger E1 capped,Gross before costs,174,circular_block_bootstrap,60,ok,60,0.10233935670423655,0.8208259303571797,0.45673854702107397,0.9954123910280461,-0.7025149638757013,0.22836433199116998,0.2459796605634566,1.6277082559965634,False,6
larger E1 capped,Gross before costs,175,circular_block_bootstrap,60,ok,60,-0.2847376399227799,0.649733337442907,-0.2105529456526449,-0.3297960901045817,-0.8249464883805073,0.2294248414977721,0.2589215001315662,0.1872090574844731,False,6
larger E1 capped,Gross before costs,176,circular_block_bootstrap,60,ok,60,0.07176958555425017,0.9088427329131812,0.43999981026850765,0.9851722339008976,-0.7670495156859765,0.20696254839043837,0.25672740020379464,1.4141879840157694,False,6
larger E1 capped,Gross before costs,177,circular_block_bootstrap,60,ok,60,0.6692228604899466,0.6977859761019869,1.0565159913896924,2.451039170182878,-0.4270147829358132,0.21495128831483554,0.21922860384755402,12.959003863575191,False,6
larger E1 capped,Gross before costs,178,circular_block_bootstrap,60,ok,60,1.3209472958409654,0.8022712774351515,1.4280014371669727,3.861709126198184,-0.4270147829358132,0.2153790198681074,0.24154243163627306,67.3482620358069,False,6
larger E1 capped,Gross before costs,179,circular_block_bootstrap,60,ok,60,0.5277337528174137,0.9494203334086139,0.8272241114028593,2.1667129362106867,-0.6726032084777348,0.22374884001081738,0.2354343953685174,8.322204220695738,False,6
larger E1 capped,Gross before costs,180,circular_block_bootstrap,60,ok,60,0.04827227307040016,0.8111512163360077,0.40169621083860957,0.8354793305285655,-0.6284110481260002,0.20739027994371023,0.25023196588391966,1.2658157468543145,False,6
larger E1 capped,Gross before costs,181,circular_block_bootstrap,60,ok,60,1.2471187682436304,0.8234274715963936,1.3590681495495485,3.8062339837211,-0.40582118127338096,0.18707599494153035,0.20966945008027713,57.29676935188485,False,6
larger E1 capped,Gross before costs,182,circular_block_bootstrap,60,ok,60,0.22055928876458553,0.7810161693961704,0.5911256120314863,1.2709566640917072,-0.7470568477470536,0.2153790198681074,0.23219545362791907,2.7089089044943138,False,6
larger E1 capped,Gross before costs,183,circular_block_bootstrap,60,ok,60,0.15696556186494037,1.0931864309620354,0.5558372295991407,1.3549271387583341,-0.6498864696357407,0.22836433199116998,0.2424360817503426,2.0730136409222344,False,6
larger E1 capped,Gross before costs,184,circular_block_bootstrap,60,ok,60,1.3417532417904847,0.831337074015112,1.4110752098022814,3.849583968648157,-0.500111629853371,0.21495128831483554,0.22574575453328893,70.42156147729833,False,6
larger E1 capped,Gross before costs,185,circular_block_bootstrap,60,ok,60,-0.10164025868987892,0.7256290629315455,0.16800425083359466,0.3156580243521651,-0.6108130632422925,0.2153790198681074,0.2502319658839196,0.5851287090249305,False,6
larger E1 capped,Gross before costs,186,circular_block_bootstrap,60,ok,60,0.22415134131821346,0.9448040911264097,0.5924391032140265,1.3961971021843078,-0.6304267420416547,0.24957452212321224,0.2635949891357432,2.749005215929197,False,6
larger E1 capped,Gross before costs,187,circular_block_bootstrap,60,ok,60,2.1949846687840524,0.9422192622007955,1.6695628895674595,5.796027789915923,-0.47291693864444206,0.18799688661107988,0.24031035881809323,332.9230714338165,False,6
larger E1 capped,Gross before costs,188,circular_block_bootstrap,60,ok,60,1.4898138696809053,0.7334874872149093,1.6050342158826456,4.752959680913638,-0.46214414322408104,0.20478901568406305,0.21214822167469619,95.68291757165642,False,6
larger E1 capped,Gross before costs,189,circular_block_bootstrap,60,ok,60,0.859083388811035,0.8789611197578735,1.0916422239356458,2.716577061469621,-0.4882712092850583,0.22374884001081738,0.2518514367542188,22.20722802770053,False,6
larger E1 capped,Gross before costs,190,circular_block_bootstrap,60,ok,60,0.4730142967302928,0.9448783993780769,0.7804727776498995,2.1394050705293433,-0.6677471543278204,0.2294248414977721,0.2589215001315662,6.934813885788035,False,6
larger E1 capped,Gross before costs,191,circular_block_bootstrap,60,ok,60,0.8528323882110331,0.8273969875713737,1.0946013153360443,3.145910671846546,-0.5512982030793021,0.1879570326294192,0.22754520093789657,21.836381275577736,False,6
larger E1 capped,Gross before costs,192,circular_block_bootstrap,60,ok,60,0.34155031622981014,0.8027602014345057,0.7158038560904437,1.5532246917953916,-0.6077461244046627,0.21668245000525438,0.24957452212321227,4.3454507275320235,False,6
larger E1 capped,Gross before costs,193,circular_block_bootstrap,60,ok,60,0.7000451717914642,0.8070026143536938,1.0107446942986198,2.5251164699092303,-0.5643873094765293,0.20478901568406305,0.21947077992195332,14.200456496849414,False,6
larger E1 capped,Gross before costs,194,circular_block_bootstrap,60,ok,60,0.37157561721565524,0.8356922246485701,0.730122218098813,1.7228285668710577,-0.4864246436618983,0.2248093495174195,0.2682684781399202,4.853988910958949,False,6
larger E1 capped,Gross before costs,195,circular_block_bootstrap,60,ok,60,0.5199123081695609,0.8179933630091215,0.8602468853787933,2.042123164051075,-0.4865519756474117,0.18889749116346746,0.24316190250657221,8.111341001012743,False,6
larger E1 capped,Gross before costs,196,circular_block_bootstrap,60,ok,60,0.22215545485537547,0.9046280549470506,0.5961360180865155,1.3423257148229655,-0.7982754816887438,0.24957452212321224,0.2551827089282246,2.7266679445886255,False,6
larger E1 capped,Gross before costs,197,circular_block_bootstrap,60,ok,60,0.28647480244674806,0.8171149022785759,0.6461601579530176,1.502102454223609,-0.6942917428682336,0.22374884001081738,0.2611984147625728,3.5237608131886007,False,6
larger E1 capped,Gross before costs,198,circular_block_bootstrap,60,ok,60,1.227566801283127,1.0647093578724918,1.1891233660898155,3.605743089140218,-0.6299888293566843,0.22836433199116998,0.24245659484899926,54.84710178107157,False,6
larger E1 capped,Gross before costs,199,circular_block_bootstrap,60,ok,60,1.00406111909815,0.8168744319275038,1.205476363631798,3.642353751470148,-0.36688303764133445,0.20478901568406305,0.2352303775469473,32.3262116247904,False,6
larger E1 capped,Gross before costs,200,circular_block_bootstrap,60,ok,60,0.5538487315957232,1.108737467911294,0.84058443512525,2.1290831284187757,-0.45469580349913796,0.25097656882446534,0.27761545614827415,9.058237180729403,False,6
larger E1 capped,Gross before costs,201,circular_block_bootstrap,60,ok,60,0.3169347507971232,0.8560673293404778,0.6783460558943261,1.5541230910663852,-0.5038743107185155,0.2248093495174195,0.2682684781399202,3.961150005751405,False,6
larger E1 capped,Gross before costs,202,circular_block_bootstrap,60,ok,60,0.1382864967316466,0.7140950751345376,0.49939491937909175,0.9807691203667542,-0.5637211487510521,0.2153790198681074,0.2502319658839196,1.9109878228111319,False,6
larger E1 capped,Gross before costs,203,circular_block_bootstrap,60,ok,60,1.0930222194114179,0.8891182970629373,1.215563485400684,3.422923622727257,-0.3734289849761502,0.21495128831483554,0.22696035768601333,40.1669812962025,False,6
larger E1 capped,Gross before costs,204,circular_block_bootstrap,60,ok,60,-0.07036286224644106,0.648321206604515,0.18226764004931928,0.31919330906110455,-0.7988523579440795,0.20654208839441748,0.210906537113768,0.6943322288117325,False,6
larger E1 capped,Gross before costs,205,circular_block_bootstrap,60,ok,60,0.9572689567276746,0.9400850764669048,1.1190900848456986,2.912598535214196,-0.5728869569692073,0.22374884001081738,0.2518514367542188,28.724504124755576,False,6
larger E1 capped,Gross before costs,206,circular_block_bootstrap,60,ok,60,1.5365148890570524,0.799436002429349,1.5545133742249002,4.177508182155362,-0.4423322006146917,0.18660312194241463,0.2172006017931927,104.99946339773471,False,6
larger E1 capped,Gross before costs,207,circular_block_bootstrap,60,ok,60,1.8152899091732557,0.9169936727680527,1.555783240096163,4.5298798545744035,-0.3520175100844679,0.2248093495174195,0.2589215001315662,176.85429788872958,False,6
larger E1 capped,Gross before costs,208,circular_block_bootstrap,60,ok,60,0.2336757143423538,0.8281471191902515,0.6160961213386793,1.2674739334711962,-0.6185471902986884,0.22836433199116998,0.2459796605634566,2.857623951647907,False,6
larger E1 capped,Gross before costs,209,circular_block_bootstrap,60,ok,60,0.3186072802616513,0.752698231338883,0.6884421264997321,1.5437128148242938,-0.6419448690620384,0.22374884001081738,0.2611984147625728,3.986367616419164,False,6
larger E1 capped,Gross before costs,210,circular_block_bootstrap,60,ok,60,0.18157375825839406,0.8441319776690407,0.5472230929956141,1.218993317261581,-0.6849238176896214,0.2248093495174195,0.2682684781399202,2.303054341884353,False,6
larger E1 capped,Gross before costs,211,circular_block_bootstrap,60,ok,60,0.8218050455964403,0.8701978064756298,1.0619745150314217,2.769924408432354,-0.5640426910958389,0.20696254839043837,0.21942230287361367,20.068250005384066,False,6
larger E1 capped,Gross before costs,212,circular_block_bootstrap,60,ok,60,0.2436557011110938,0.9025435910842884,0.6082154131664682,1.3954634688695982,-0.6466790343917063,0.21562194049865227,0.22836433199116998,2.9750949131571605,False,6
larger E1 capped,Gross before costs,213,circular_block_bootstrap,60,ok,60,0.8327188238065721,0.8720556292926152,1.0500206863777966,3.087884629859763,-0.5022887907326294,0.20696254839043837,0.22389331743239183,20.676603634421202,False,6
larger E1 capped,Gross before costs,214,circular_block_bootstrap,60,ok,60,0.04585219755913439,0.9062042359503557,0.4278295880571549,0.8955167251183035,-0.7778893956896105,0.2248093495174195,0.2682684781399202,1.251271539230429,False,6
larger E1 capped,Gross before costs,215,circular_block_bootstrap,60,ok,60,0.38855359771271103,0.8169301623832907,0.7417399024381592,1.8023124479804287,-0.6625789547643717,0.21562194049865227,0.24250445874586482,5.161943422774403,False,6
larger E1 capped,Gross before costs,216,circular_block_bootstrap,60,ok,60,0.4751142726850013,0.7712138168378658,0.8488234614210565,1.8844190445323976,-0.44663719775710253,0.2248093495174195,0.2682684781399202,6.9843874862195126,False,6
larger E1 capped,Gross before costs,217,circular_block_bootstrap,60,ok,60,0.21571377973117611,0.997618848879928,0.5996621787150006,1.3941877398733706,-0.7008257991430026,0.22374884001081738,0.2611984147625728,2.655563535609063,False,6
larger E1 capped,Gross before costs,218,circular_block_bootstrap,60,ok,60,0.6474815549132953,1.0191895359610386,0.8916429096273107,2.5299759501711048,-0.6996585912073239,0.25097656882446534,0.27761545614827415,12.136761140318606,False,6
larger E1 capped,Gross before costs,219,circular_block_bootstrap,60,ok,60,0.9028948136200239,0.8457588646112492,1.1415467057499389,2.82747599679969,-0.3875988350997116,0.21495128831483554,0.23226290521902387,24.95019315977138,False,6
larger E1 capped,Gross before costs,220,circular_block_bootstrap,60,ok,60,0.9564721478026363,0.9627446569555691,1.09972722035473,3.078560244002926,-0.4270147829358131,0.2294248414977721,0.2682684781399202,28.66608263575214,False,6
larger E1 capped,Gross before costs,221,circular_block_bootstrap,60,ok,60,0.5292583158780384,0.7672666287975918,0.9000045814126347,1.9879840952517092,-0.46671066679120543,0.2248093495174195,0.2589215001315662,8.36381184107708,False,6
larger E1 capped,Gross before costs,222,circular_block_bootstrap,60,ok,60,0.339371802894904,0.8231718405747451,0.7145049230633617,1.5368419505144453,-0.6694294971840007,0.22836433199116998,0.25298989406972205,4.310282732495106,False,6
larger E1 capped,Gross before costs,223,circular_block_bootstrap,60,ok,60,0.443944008621749,0.9323649330987341,0.7721043198184393,1.9279797740950702,-0.5131460534139083,0.2294248414977721,0.2682684781399202,6.2769947480075405,False,6
larger E1 capped,Gross before costs,224,circular_block_bootstrap,60,ok,60,0.5631291665644016,0.8937805615236761,0.8754538378584806,2.1634815191289016,-0.6363670555800307,0.2153790198681074,0.24316190250657221,9.331991477525039,False,6
larger E1 capped,Gross before costs,225,circular_block_bootstrap,60,ok,60,0.7629686112482263,0.9232150118425398,0.9954545475219182,2.6871099412369746,-0.5609836330090271,0.22836433199116998,0.24597966056345658,17.030323586040954,False,6
larger E1 capped,Gross before costs,226,circular_block_bootstrap,60,ok,60,0.06286760353336307,0.8541485296419195,0.42732863874206,0.8974085521461956,-0.7022855066001075,0.24957452212321224,0.260790895733237,1.3564251989006322,False,6
larger E1 capped,Gross before costs,227,circular_block_bootstrap,60,ok,60,-0.12201722514955426,1.0574817150930216,0.28923473373509495,0.6498848588359404,-0.8585809915862436,0.27761545614827415,0.27761545614827415,0.5217109809352355,False,6
larger E1 capped,Gross before costs,228,circular_block_bootstrap,60,ok,60,0.48709810134619946,0.8270487229647185,0.8315534552133304,2.0395205094247992,-0.6050613211763477,0.20696254839043837,0.2380334441870867,7.272740566824502,False,6
larger E1 capped,Gross before costs,229,circular_block_bootstrap,60,ok,60,0.13488783678529725,0.8260371449407302,0.4903927584947717,1.1081357101687999,-0.7130546114028287,0.20696254839043837,0.24031035881809323,1.8826288398487594,False,6
larger E1 capped,Gross before costs,230,circular_block_bootstrap,60,ok,60,0.6502777845858203,0.9087823217064658,0.9474063668082885,2.2373841907614893,-0.46214414322408104,0.24957452212321224,0.24957452212321224,12.240108484830627,False,6
larger E1 capped,Gross before costs,231,circular_block_bootstrap,60,ok,60,0.46444703588296843,0.7004183752294458,0.8536744078482041,1.9807988424760512,-0.5434306500502966,0.20469674869930754,0.20772171852696703,6.735476832491121,False,6
larger E1 capped,Gross before costs,232,circular_block_bootstrap,60,ok,60,0.24430811205108727,0.7846512294958029,0.6178656112672627,1.3260572930509682,-0.6762527478829289,0.20478901568406305,0.2208862329706824,2.982906649085259,False,6
larger E1 capped,Gross before costs,233,circular_block_bootstrap,60,ok,60,0.20915706903345344,0.9032577608022607,0.5764933480548678,1.354294889862359,-0.7529337585198581,0.25097656882446534,0.27761545614827415,2.5847205519153498,False,6
larger E1 capped,Gross before costs,234,circular_block_bootstrap,60,ok,60,0.27763938311891834,1.027307876763588,0.6343751127994868,1.6336389999391707,-0.5422885928514687,0.24957452212321224,0.2565847556294777,3.404406822076633,False,6
larger E1 capped,Gross before costs,235,circular_block_bootstrap,60,ok,60,0.24319526559273696,0.9112772457527077,0.6121858428489182,1.4128131348199737,-0.5784654117904191,0.22836433199116998,0.24597966056345658,2.9695916800743545,False,6
larger E1 capped,Gross before costs,236,circular_block_bootstrap,60,ok,60,0.426676930143854,0.9672651449565901,0.7553196753727406,1.9419816108806571,-0.6807689675464902,0.22836433199116998,0.25298989406972205,5.91055404834525,False,6
larger E1 capped,Gross before costs,237,circular_block_bootstrap,60,ok,60,1.4441605559815738,1.0255601908176262,1.305926044471475,4.083493961291961,-0.36970691633022146,0.21562194049865227,0.2518514367542188,87.22654200938493,False,6
larger E1 capped,Gross before costs,238,circular_block_bootstrap,60,ok,60,0.47069740338755395,0.7813767722129586,0.8351250975142673,1.9043629567498028,-0.6849086129833497,0.20696254839043837,0.23096338080973924,6.88044659430473,False,6
larger E1 capped,Gross before costs,239,circular_block_bootstrap,60,ok,60,0.5505249734961613,0.872486113461374,0.877153903828767,2.111280642667713,-0.5412118808170963,0.24957452212321224,0.2635949891357432,8.961770705375368,False,6
larger E1 capped,Gross before costs,240,circular_block_bootstrap,60,ok,60,1.355074151743211,0.7968367747891122,1.4447682186320336,4.296681826015882,-0.3826069311418957,0.18660312194241463,0.22874167972931825,72.44742088355302,False,6
larger E1 capped,Gross before costs,241,circular_block_bootstrap,60,ok,60,0.591825084154386,0.6467039576717124,1.0126327815484457,2.405815960700353,-0.4270147829358133,0.18660312194241463,0.19921930308777772,10.220607733424758,False,6
larger E1 capped,Gross before costs,242,circular_block_bootstrap,60,ok,60,0.6668051271191979,0.7921726071232201,1.0100149439371617,2.2229251419224236,-0.44930974669266033,0.2153790198681074,0.23381492449821825,12.86542503060695,False,6
larger E1 capped,Gross before costs,243,circular_block_bootstrap,60,ok,60,0.13781197582276183,0.8616041325752386,0.5091019400205677,1.0869626475785108,-0.8282083838494355,0.2294248414977721,0.2589215001315662,1.9070079462496732,False,6
larger E1 capped,Gross before costs,244,circular_block_bootstrap,60,ok,60,0.4667906219915263,0.974339997871343,0.7696817440510119,2.12961032366023,-0.5567033200646423,0.22374884001081738,0.24478137337687136,6.789544248938209,False,6
larger E1 capped,Gross before costs,245,circular_block_bootstrap,60,ok,60,1.2383209557644523,0.9571680701939627,1.2379284324978705,4.247567347958577,-0.3380882461552678,0.2294248414977721,0.24957452212321227,56.183889796770536,False,6
larger E1 capped,Gross before costs,246,circular_block_bootstrap,60,ok,60,0.9797567090895489,0.8123846479208994,1.2192501519764818,2.9193553506007435,-0.5529589204885887,0.21495128831483554,0.22919504809461064,30.412989848603676,False,6
larger E1 capped,Gross before costs,247,circular_block_bootstrap,60,ok,60,0.5235331892623734,0.912509482804213,0.8360390225173117,2.0907788938752625,-0.47251899388088814,0.2294248414977721,0.2682684781399202,8.208420522992846,False,6
larger E1 capped,Gross before costs,248,circular_block_bootstrap,60,ok,60,0.2724957495043707,0.7532705864949282,0.6527882148281734,1.377686809619051,-0.5792286468436892,0.2153790198681074,0.2235059193802725,3.336427573596288,False,6
larger E1 capped,Gross before costs,249,circular_block_bootstrap,60,ok,60,0.21418722235152887,0.9622985692462588,0.5888649715991091,1.3607571110201178,-0.8069405517317291,0.24957452212321224,0.2635949891357432,2.638932556498572,False,6
larger E1 capped,Gross before costs,250,circular_block_bootstrap,60,ok,60,0.4511241448845489,0.9217155569089338,0.7879587092064252,1.8792001888665044,-0.6771763016121299,0.24957452212321224,0.2565847556294777,6.434619065346227,False,6
larger E1 capped,Gross before costs,251,circular_block_bootstrap,60,ok,60,-0.1127308624417297,0.8655897077073734,0.2206788737137605,0.44713807003828054,-0.8044772783432749,0.24957452212321224,0.2635949891357432,0.5498913361940924,False,6
larger E1 capped,Gross before costs,252,circular_block_bootstrap,60,ok,60,1.3768006169320142,0.892507313970959,1.3811365240205458,3.7393730494490875,-0.5001116298533709,0.20478901568406305,0.21219669872303581,75.85142734790014,False,6
larger E1 capped,Gross before costs,253,circular_block_bootstrap,60,ok,60,-0.05559946183387021,0.8427918108111874,0.28231530530889354,0.5703362695197087,-0.8162385945831626,0.24957452212321224,0.2565847556294777,0.7512441955095068,False,6
larger E1 capped,Gross before costs,254,circular_block_bootstrap,60,ok,60,0.43941251797815695,0.9511716694312251,0.760603171868796,1.9730340430638023,-0.6079067363544922,0.21562194049865227,0.22836433199116998,6.179116398069972,False,6
larger E1 capped,Gross before costs,255,circular_block_bootstrap,60,ok,60,-0.35626681762087353,0.7057513089799214,-0.31452983444222166,-0.5425642189997979,-0.9235028746375843,0.2248093495174195,0.2589215001315662,0.11054255057983797,False,6
larger E1 capped,Gross before costs,256,circular_block_bootstrap,60,ok,60,0.7141958030860751,0.8524633722482078,1.0145445490023668,2.3306075312968897,-0.6159926759112264,0.22836433199116998,0.23896942705719112,14.801377574361604,False,6
larger E1 capped,Gross before costs,257,circular_block_bootstrap,60,ok,60,0.21339488998225664,0.9439929460831948,0.5936434138277706,1.3576173458587786,-0.6313192084324384,0.24957452212321224,0.2635949891357432,2.630333451979008,False,6
larger E1 capped,Gross before costs,258,circular_block_bootstrap,60,ok,60,0.33513889540318775,0.9123003801634851,0.6956893673821757,1.6326790886010412,-0.683396577781971,0.2235059193802725,0.2382479067249973,4.242601488507218,False,6
larger E1 capped,Gross before costs,259,circular_block_bootstrap,60,ok,60,0.5975557296264544,0.9138239663780368,0.9064377109069248,2.0893783887496324,-0.5627640627655653,0.20696254839043837,0.22389331743239183,10.405910488629177,False,6
larger E1 capped,Gross before costs,260,circular_block_bootstrap,60,ok,60,0.03723299955059556,0.9652085166595332,0.41044985215628516,0.9930595478113776,-0.8462927054013857,0.25097656882446534,0.27761545614827415,1.2005538006284815,False,6
larger E1 capped,Gross before costs,261,circular_block_bootstrap,60,ok,60,0.6985825127813834,0.9156757070525636,0.9668894676511357,2.409637580514888,-0.5001116298533709,0.22836433199116998,0.23896942705719112,14.139473658166592,False,6
larger E1 capped,Gross before costs,262,circular_block_bootstrap,60,ok,60,0.3987288448988484,0.9338316726807101,0.7201813947540302,1.9404787754319355,-0.5215070741460526,0.2308268881990252,0.27761545614827415,5.35386795109779,False,6
larger E1 capped,Gross before costs,263,circular_block_bootstrap,60,ok,60,1.8780716297753872,0.7802506203219448,1.7419584840967985,5.469998052587784,-0.36970691633022146,0.18799688661107988,0.2264923662509611,197.47312209967197,False,6
larger E1 capped,Gross before costs,264,circular_block_bootstrap,60,ok,60,0.1938150627797135,0.7718668412484155,0.5567327623875269,1.2304803890735632,-0.5799132451987707,0.20696254839043837,0.23869088794779406,2.4248521922891064,False,6
larger E1 capped,Gross before costs,265,circular_block_bootstrap,60,ok,60,0.7890051533982956,0.9560378854507554,1.0029814652042937,2.706779098508575,-0.6052673416951866,0.22836433199116998,0.25298989406972205,18.32558966864575,False,6
larger E1 capped,Gross before costs,266,circular_block_bootstrap,60,ok,60,0.3523345317389188,0.8272084605752322,0.7049454250428214,1.7480520285609702,-0.5725733694064878,0.2248093495174195,0.24957452212321227,4.52293856977396,False,6
larger E1 capped,Gross before costs,267,circular_block_bootstrap,60,ok,60,0.41138639415525025,0.9295423654736211,0.7581954900685972,1.7880506188976015,-0.5702871090554374,0.24957452212321224,0.2635949891357432,5.600536506432412,False,6
larger E1 capped,Gross before costs,268,circular_block_bootstrap,60,ok,60,0.7595011931154982,0.7189839220141063,1.115168680772257,2.770087040048722,-0.4769137771186569,0.20520947568008394,0.2293439099394401,16.863504324294077,False,6
larger E1 capped,Gross before costs,269,circular_block_bootstrap,60,ok,60,0.3534507612572684,0.7768665404888767,0.7434344263811499,1.5111036090376515,-0.8610746009959995,0.20696254839043837,0.21495128831483554,4.541635788138194,False,6
larger E1 capped,Gross before costs,270,circular_block_bootstrap,60,ok,60,0.7378781404146086,0.7721954216591018,1.0616745344141443,2.594267414928914,-0.5941230034538652,0.20739027994371023,0.25023196588391966,15.852457692142488,False,6
larger E1 capped,Gross before costs,271,circular_block_bootstrap,60,ok,60,0.27274886066185755,0.8907022541213145,0.6487246453212299,1.3981701376847695,-0.5813294851094826,0.2294248414977721,0.2589215001315662,3.339747125212589,False,6
larger E1 capped,Gross before costs,272,circular_block_bootstrap,60,ok,60,0.7907226419880982,0.8092554666878287,1.0907452469408745,2.5564829189584204,-0.500111629853371,0.21495128831483554,0.22187593507651088,18.413723793747884,False,6
larger E1 capped,Gross before costs,273,circular_block_bootstrap,60,ok,60,-0.04265895128877817,0.814391137946133,0.283047972779677,0.5774517721521715,-0.8039078722318819,0.2294248414977721,0.2589215001315662,0.804143219967447,False,6
larger E1 capped,Gross before costs,274,circular_block_bootstrap,60,ok,60,0.30296948322119643,0.9494992859739301,0.6659516605039324,1.5330774074989573,-0.5338712242420535,0.22836433199116998,0.24067711303044603,3.7555298759005917,False,6
larger E1 capped,Gross before costs,275,circular_block_bootstrap,60,ok,60,0.7622417794691234,0.7888072253094071,1.072221120559697,2.6038341836131287,-0.5310564003382388,0.21668245000525438,0.24957452212321227,16.995246449569187,False,6
larger E1 capped,Gross before costs,276,circular_block_bootstrap,60,ok,60,0.06928743109878743,0.8373395106721483,0.43779742129853005,0.9067575634488545,-0.6204072256102457,0.24957452212321224,0.2635949891357432,1.3978877844064304,False,6
larger E1 capped,Gross before costs,277,circular_block_bootstrap,60,ok,60,0.24294035493929322,0.8300202399727619,0.6117739766612599,1.3493863798711252,-0.7242625766290789,0.2294248414977721,0.2682684781399202,2.966548432523267,False,6
larger E1 capped,Gross before costs,278,circular_block_bootstrap,60,ok,60,0.7372295856733098,0.9026316706488899,0.9921009159286577,2.4704999874952733,-0.6408785874950687,0.22836433199116998,0.22836433199116998,15.822900050564993,False,6
larger E1 capped,Gross before costs,279,circular_block_bootstrap,60,ok,60,-0.11931806047584037,0.6869371601139833,0.11185034851419769,0.21103211773395752,-0.8857930907443587,0.20654208839441748,0.21511569400261962,0.5297798682267141,False,6
larger E1 capped,Gross before costs,280,circular_block_bootstrap,60,ok,60,0.11676257096957698,1.0045666383800602,0.49363168944645336,1.2352562309977815,-0.7973030633745933,0.22836433199116998,0.24245659484899926,1.737017721655562,False,6
larger E1 capped,Gross before costs,281,circular_block_bootstrap,60,ok,60,0.594456223891163,0.9715390913337346,0.8860217822715866,2.1683838155603423,-0.5851378887423944,0.22374884001081738,0.2611984147625728,10.305356032561688,False,6
larger E1 capped,Gross before costs,282,circular_block_bootstrap,60,ok,60,1.4755356516430065,0.8742029097306975,1.4442575224424221,3.9999913932384614,-0.5001116298533709,0.21495128831483554,0.22880058183818625,92.97066260739516,False,6
larger E1 capped,Gross before costs,283,circular_block_bootstrap,60,ok,60,0.6588028309317495,0.9067411631948225,0.9551958617895011,2.2420665685523136,-0.6373587101942774,0.2235059193802725,0.24514973408747315,12.559543062631159,False,6
larger E1 capped,Gross before costs,284,circular_block_bootstrap,60,ok,60,0.4691868889927808,0.7932118693255485,0.831573702728719,1.916410822416107,-0.5948500728147262,0.20478901568406305,0.2149997653631752,6.845185476905236,False,6
larger E1 capped,Gross before costs,285,circular_block_bootstrap,60,ok,60,0.7274149152041494,0.9432284813323006,0.9887698697951683,2.369149583545409,-0.556220369149681,0.21562194049865227,0.2518514367542188,15.380955857731788,False,6
larger E1 capped,Gross before costs,286,circular_block_bootstrap,60,ok,60,2.304086435509065,0.8107683929777569,1.8832037265188653,6.360407363456924,-0.4093027024764395,0.18657823388982958,0.2180763780065209,393.7830333820437,False,6
larger E1 capped,Gross before costs,287,circular_block_bootstrap,60,ok,60,0.23825223921741712,0.9528914344817128,0.6057939107449617,1.430974869887603,-0.8054020755527501,0.21562194049865227,0.2354343953685174,2.911022820939657,False,6
larger E1 capped,Gross before costs,288,circular_block_bootstrap,60,ok,60,0.3882936046162484,0.7006749784844849,0.7712846066044441,1.810832226245517,-0.5001116298533708,0.20478901568406305,0.21785130905165417,5.15711261476061,False,6
larger E1 capped,Gross before costs,289,circular_block_bootstrap,60,ok,60,1.2568490015195168,0.7614523064533285,1.4251895932050427,4.130957567257971,-0.48383825715744244,0.18757642661505897,0.21214822167469619,58.54806064923248,False,6
larger E1 capped,Gross before costs,290,circular_block_bootstrap,60,ok,60,0.6896573241601389,0.949825726039668,0.9436626898304061,2.470742389171958,-0.5001116298533709,0.21562194049865227,0.2518514367542188,13.771878291218911,False,6
larger E1 capped,Gross before costs,291,circular_block_bootstrap,60,ok,60,-0.1229025043526406,0.853604756282255,0.2018147920073557,0.3975112262904592,-0.799682753225323,0.22836433199116998,0.24245659484899926,0.5190860466140605,False,6
larger E1 capped,Gross before costs,292,circular_block_bootstrap,60,ok,60,0.4851456227429174,0.8584809148790898,0.8230951458632522,1.980483270581719,-0.6133689073050583,0.22374884001081738,0.2611984147625728,7.2251222155319565,False,6
larger E1 capped,Gross before costs,293,circular_block_bootstrap,60,ok,60,1.1613686262459835,0.8513731101794628,1.2989075437713267,3.29253581365942,-0.613347322002397,0.20696254839043837,0.2380334441870867,47.16764741822181,False,6
larger E1 capped,Gross before costs,294,circular_block_bootstrap,60,ok,60,0.10795537965785829,0.6919762893691263,0.46138419820410265,0.8716961984434312,-0.7475676176006741,0.2153790198681074,0.2502319658839196,1.6695958351137405,False,6
larger E1 capped,Gross before costs,295,circular_block_bootstrap,60,ok,60,0.6783381249256379,0.9819636395902753,0.9395393259872237,2.313080926602512,-0.6437754472099294,0.22374884001081738,0.24478137337687136,13.316720982803721,False,6
larger E1 capped,Gross before costs,296,circular_block_bootstrap,60,ok,60,0.4394806746301321,0.9157502155980147,0.7727939858945704,1.8933010665885912,-0.5764702489969922,0.2294248414977721,0.2682684781399202,6.18057945249483,False,6
larger E1 capped,Gross before costs,297,circular_block_bootstrap,60,ok,60,0.43805343472532,0.8101173085414484,0.7977968393193319,1.8582158773888886,-0.743473305584309,0.2153790198681074,0.25023196588391966,6.1500000400589645,False,6
larger E1 capped,Gross before costs,298,circular_block_bootstrap,60,ok,60,0.10069139321533882,0.8008055457980616,0.4501329141350108,0.9677233449064788,-0.7660089331892236,0.22374884001081738,0.2518514367542188,1.6155777105403668,False,6
larger E1 capped,Gross before costs,299,circular_block_bootstrap,60,ok,60,0.5723634726362876,0.838371023887797,0.8954510451015799,2.213952542102756,-0.49369297739861084,0.2153790198681074,0.22512539025057166,9.610914885460678,False,6
larger E1 capped,Gross before costs,300,circular_block_bootstrap,60,ok,60,0.8376793355991339,0.8948929756640558,1.0668565813787665,2.709175521003175,-0.5999849773525516,0.20696254839043837,0.23583934425931508,20.957943197288824,False,6
larger E1 capped,Gross before costs,301,circular_block_bootstrap,60,ok,60,0.19403828780188914,0.8814299916199783,0.5687018691704939,1.249513071254613,-0.6859762312254537,0.22374884001081738,0.2518514367542188,2.4271200902410004,False,6
larger E1 capped,Gross before costs,302,circular_block_bootstrap,60,ok,60,0.43063579668266305,1.1069064761858884,0.759637859681211,1.9395716683528788,-0.6024384644677371,0.27761545614827415,0.27761545614827415,5.993016008232446,False,6
larger E1 capped,Gross before costs,303,circular_block_bootstrap,60,ok,60,0.5279502648828542,0.8813661179609762,0.84361662118843,2.098737531755934,-0.42432646831832843,0.22836433199116998,0.2459796605634566,8.328103050960797,False,6
larger E1 capped,Gross before costs,304,circular_block_bootstrap,60,ok,60,0.9839660871180826,0.8629559041340263,1.173114149281594,3.0824332337234255,-0.5439888691850538,0.1884697596101956,0.24031035881809323,30.73768965429178,False,6
larger E1 capped,Gross before costs,305,circular_block_bootstrap,60,ok,60,0.18796913839266427,0.9038114939004767,0.5600346764147327,1.2884095023021078,-0.6695099075709472,0.24957452212321224,0.2635949891357432,2.3660602120098164,False,6
larger E1 capped,Gross before costs,306,circular_block_bootstrap,60,ok,60,0.41572096827896754,0.7549078689666036,0.7883285360284519,1.79980573694404,-0.6439740092816308,0.20696254839043837,0.2380334441870867,5.687066705724666,False,6
larger E1 capped,Gross before costs,307,circular_block_bootstrap,60,ok,60,-0.49145326593501515,0.6480935285675267,-0.7228844302382204,-1.0334870566958134,-0.9717047516627442,0.22374884001081738,0.2518514367542188,0.034013736885432334,False,6
larger E1 capped,Gross before costs,308,circular_block_bootstrap,60,ok,60,-0.08426393663849086,0.8242938117196567,0.2426647807357407,0.4661432213014748,-0.8009653950702911,0.22836433199116998,0.25298989406972205,0.6439491720908241,False,6
larger E1 capped,Gross before costs,309,circular_block_bootstrap,60,ok,60,0.7301664290868681,0.9061199175932365,0.9990766041164097,2.4501286941830145,-0.4270147829358131,0.24957452212321224,0.25658475562947775,15.503844545057227,False,6
larger E1 capped,Gross before costs,310,circular_block_bootstrap,60,ok,60,-0.2157212888635074,0.8518760759657977,0.0793778654384472,0.14783062172590233,-0.9272798449717687,0.27761545614827415,0.27761545614827415,0.29672362928204404,False,6
larger E1 capped,Gross before costs,311,circular_block_bootstrap,60,ok,60,0.9540400555613615,0.899660069572664,1.119453815447129,3.4161514600866583,-0.5501786935291159,0.2153790198681074,0.22512539025057166,28.488350900129145,False,6
larger E1 capped,Gross before costs,312,circular_block_bootstrap,60,ok,60,0.4627521178121785,0.8438619418028308,0.8007799166404388,1.987830858102697,-0.6089251548554308,0.2076332005742551,0.2518514367542188,6.696589504187772,False,6
larger E1 capped,Gross before costs,313,circular_block_bootstrap,60,ok,60,0.9687324156566537,0.8964857573790418,1.1554171645608702,2.958179413516425,-0.4883776524044119,0.20696254839043837,0.2380334441870867,29.575592962376046,False,6
larger E1 capped,Gross before costs,314,circular_block_bootstrap,60,ok,60,0.6157596928687632,0.805131655276292,0.9660336060093389,2.0699848280243085,-0.716716765230824,0.21495128831483554,0.22031650578536932,11.01244746393848,False,6
larger E1 capped,Gross before costs,315,circular_block_bootstrap,60,ok,60,0.2971250106814409,0.9170232179137934,0.6510518219815257,1.5879292796707871,-0.6990443779974271,0.22836433199116998,0.25298989406972205,3.672054908310513,False,6
larger E1 capped,Gross before costs,316,circular_block_bootstrap,60,ok,60,0.3270003806478663,0.8607062256552628,0.7110612335320796,1.4601157144701091,-0.7068000040938014,0.2153790198681074,0.2267448611208708,4.114861643118334,False,6
larger E1 capped,Gross before costs,317,circular_block_bootstrap,60,ok,60,0.5186495700938305,0.8191774426567278,0.8522890301581943,2.1245030316479196,-0.528225074221875,0.20478901568406305,0.23750729217795388,8.077702565632693,False,6
larger E1 capped,Gross before costs,318,circular_block_bootstrap,60,ok,60,2.005342253268198,0.8272130412140728,1.7373300868372323,5.493687182816722,-0.36970691633022157,0.18660312194241463,0.2172006017931927,245.17133201869024,False,6
larger E1 capped,Gross before costs,319,circular_block_bootstrap,60,ok,60,0.7332337996650042,0.7882344400665717,1.057660017949507,2.493592685194318,-0.38394466269511385,0.2153790198681074,0.25023196588391966,15.641764680739312,False,6
larger E1 capped,Gross before costs,320,circular_block_bootstrap,60,ok,60,0.2585624942067084,0.8595499308417647,0.6223105419072846,1.4081312861955761,-0.7177942985849717,0.20478901568406305,0.21381616959333496,3.1577222485359853,False,6
larger E1 capped,Gross before costs,321,circular_block_bootstrap,60,ok,60,1.3920621664628965,0.8309560048521483,1.4389246907106972,3.9985482175568077,-0.3346998915001558,0.2153790198681074,0.2502319658839196,78.31813030077257,False,6
larger E1 capped,Gross before costs,322,circular_block_bootstrap,60,ok,60,-0.06476152683918546,0.7038177809534667,0.219714970358188,0.3986938472421979,-0.8379766602872025,0.2153790198681074,0.25023196588391966,0.7155035964428218,False,6
larger E1 capped,Gross before costs,323,circular_block_bootstrap,60,ok,60,0.5528828576292564,0.9100546911493071,0.8679443929067143,2.1050599751307666,-0.4596867418286281,0.22374884001081738,0.24478137337687136,9.030119111261154,False,6
larger E1 capped,Gross before costs,324,circular_block_bootstrap,60,ok,60,-0.07272511869361098,0.8542347020894602,0.2709665262092405,0.5385584543449996,-0.7382752350870379,0.2308268881990252,0.27761545614827415,0.6855552756789959,False,6
larger E1 capped,Gross before costs,325,circular_block_bootstrap,60,ok,60,0.9730913063414737,0.9039289389727362,1.1392755544322766,3.1516629616111644,-0.5172307747653704,0.2076332005742551,0.24250445874586482,29.90445660014697,False,6
larger E1 capped,Gross before costs,326,circular_block_bootstrap,60,ok,60,0.3463510473666973,0.8148963146304501,0.718012886345503,1.6094377346090167,-0.4747244240483405,0.2248093495174195,0.2589215001315662,4.423760053713606,False,6
larger E1 capped,Gross before costs,327,circular_block_bootstrap,60,ok,60,2.1668007871188304,0.9376077896226961,1.6515415317149946,6.1064421954449575,-0.4596867418286281,0.18707599494153035,0.20772016346635017,318.4958083542557,False,6
larger E1 capped,Gross before costs,328,circular_block_bootstrap,60,ok,60,0.38280949431308686,0.8484132259780606,0.7309142047979328,1.7510805619011904,-0.690310636774031,0.20696254839043837,0.24031035881809323,5.056054698097026,False,6
larger E1 capped,Gross before costs,329,circular_block_bootstrap,60,ok,60,0.43373304127259704,0.9572776144668979,0.7665892662169932,1.8794482953289144,-0.5078754034499307,0.22836433199116998,0.25298989406972205,6.058170190954955,False,6
larger E1 capped,Gross before costs,330,circular_block_bootstrap,60,ok,60,0.07196032109258166,0.8602490698424957,0.4418311916919487,0.9254797599367386,-0.7506283986194855,0.22836433199116998,0.2459796605634566,1.4154467990319999,False,6
larger E1 capped,Gross before costs,331,circular_block_bootstrap,60,ok,60,0.6103383097295487,1.0230411011088867,0.8843763707166614,2.279611756839791,-0.5981595463518692,0.2294248414977721,0.2682684781399202,10.828931943178683,False,6
larger E1 capped,Gross before costs,332,circular_block_bootstrap,60,ok,60,0.3284231831406852,0.9356007619569364,0.6857381237060215,1.6730956655120583,-0.6309552999836427,0.24957452212321224,0.2565847556294777,4.136968658205948,False,6
larger E1 capped,Gross before costs,333,circular_block_bootstrap,60,ok,60,0.8848210072904366,0.8113237401078874,1.1540647279344962,2.6685483521551636,-0.4787763661386517,0.2294248414977721,0.24957452212321227,23.7875967585036,False,6
larger E1 capped,Gross before costs,334,circular_block_bootstrap,60,ok,60,0.22539285729110348,0.8657389212242271,0.598832138405288,1.3088541788978671,-0.629577911869535,0.22836433199116998,0.24597966056345658,2.7629735198762355,False,6
larger E1 capped,Gross before costs,335,circular_block_bootstrap,60,ok,60,0.06084431941841251,0.8347779161668043,0.3964252234550176,0.9234767329870948,-0.7496778653460618,0.2076332005742551,0.2354343953685174,1.3435637438873604,False,6
larger E1 capped,Gross before costs,336,circular_block_bootstrap,60,ok,60,2.009430647419368,0.843118811684366,1.7151389279389855,5.369183040124353,-0.5560130864365516,0.18799688661107988,0.21780283200331452,246.84350082957582,False,6
larger E1 capped,Gross before costs,337,circular_block_bootstrap,60,ok,60,0.5416525744541305,0.8529192227942857,0.8779467843248463,2.0322929524151316,-0.7732485433218744,0.2153790198681074,0.24316190250657221,8.70828356694022,False,6
larger E1 capped,Gross before costs,338,circular_block_bootstrap,60,ok,60,0.527292540682931,0.9309388081802176,0.8478601374587472,1.9956363403309023,-0.5555152520682997,0.2262113962186726,0.27761545614827415,8.310193825507572,False,6
larger E1 capped,Gross before costs,339,circular_block_bootstrap,60,ok,60,0.6095693100713124,1.0109786740408848,0.8765802637564065,2.2815335720330006,-0.6730029000979466,0.22836433199116998,0.24245659484899926,10.803100428932485,False,6
larger E1 capped,Gross before costs,340,circular_block_bootstrap,60,ok,60,0.2609831355646044,0.9787663683769322,0.6272736309112712,1.5071288662264455,-0.5987307850725103,0.2294248414977721,0.2682684781399202,3.1882061244026945,False,6
larger E1 capped,Gross before costs,341,circular_block_bootstrap,60,ok,60,0.5342556372867922,0.7853145020385243,0.8990207383592002,1.941237353877111,-0.6423167279496592,0.2294248414977721,0.2589215001315662,8.501364524237488,False,6
larger E1 capped,Gross before costs,342,circular_block_bootstrap,60,ok,60,0.5320299986477641,0.8234943525397771,0.8523103813953031,2.2279623325730724,-0.4915264903648183,0.22374884001081738,0.2354343953685174,8.439881451237298,False,6
larger E1 capped,Gross before costs,343,circular_block_bootstrap,60,ok,60,0.38623428555324635,0.7759486443368339,0.7407597438812871,1.8178565227431,-0.6277752333505167,0.22836433199116998,0.25298989406972205,5.118977020429296,False,6
larger E1 capped,Gross before costs,344,circular_block_bootstrap,60,ok,60,-0.10845796497968108,0.9039466398230814,0.2360152652700536,0.4947437962468273,-0.8638928404870403,0.2294248414977721,0.2682684781399202,0.563260273873843,False,6
larger E1 capped,Gross before costs,345,circular_block_bootstrap,60,ok,60,1.0038064980427244,0.899299439929967,1.158233366364507,3.2868667642961418,-0.6337116215956404,0.21562194049865227,0.2518514367542188,32.3056812058652,False,6
larger E1 capped,Gross before costs,346,circular_block_bootstrap,60,ok,60,0.3206147784612816,0.7786062607581149,0.679769112614074,1.6369945098047483,-0.5681918761449629,0.21495128831483554,0.2339705911922788,4.016805147238431,False,6
larger E1 capped,Gross before costs,347,circular_block_bootstrap,60,ok,60,0.45817384709595044,0.9044027853725546,0.7795724022885148,2.017235469837004,-0.5694537474561266,0.22374884001081738,0.2518514367542188,6.592445128233646,False,6
larger E1 capped,Gross before costs,348,circular_block_bootstrap,60,ok,60,0.037181904446964786,1.1254987724088676,0.45903086148025307,1.136632983977798,-0.6939547141133756,0.22836433199116998,0.24478137337687134,1.2002581275366713,False,6
larger E1 capped,Gross before costs,349,circular_block_bootstrap,60,ok,60,0.6129485545467803,0.9082040760975723,0.914964253555648,2.198532795357996,-0.6472556364809745,0.2294248414977721,0.2682684781399202,10.916981599819872,False,6
larger E1 capped,Gross before costs,350,circular_block_bootstrap,60,ok,60,0.7212157976426554,1.020205149333982,0.9393682460181783,2.58536547459865,-0.5762286355348836,0.24957452212321224,0.2565847556294777,15.106943930502736,False,6
larger E1 capped,Gross before costs,351,circular_block_bootstrap,60,ok,60,1.1907369820477736,0.9590263958516637,1.2157188967751693,3.854792861751955,-0.4454767016280836,0.22374884001081738,0.2518514367542188,50.46045920276689,False,6
larger E1 capped,Gross before costs,352,circular_block_bootstrap,60,ok,60,0.22409711351820194,0.9151381207010214,0.5915158086957243,1.3828816741381482,-0.5299692935029912,0.22836433199116998,0.25298989406972205,2.7483963888449856,False,6
larger E1 capped,Gross before costs,353,circular_block_bootstrap,60,ok,60,0.1803736942520251,0.8441593165415193,0.5494372050587925,1.1919301153314614,-0.49867789011356267,0.22374884001081738,0.2611984147625728,2.291382602502445,False,6
larger E1 capped,Gross before costs,354,circular_block_bootstrap,60,ok,60,1.4134276253731963,0.9432575480788353,1.350789099526431,3.808851068075529,-0.3948008956716377,0.21562194049865227,0.24478137337687136,81.87878658623119,False,6
larger E1 capped,Gross before costs,355,circular_block_bootstrap,60,ok,60,0.846503324042394,0.830689434524867,1.0993412853047941,2.8861721328811645,-0.5524804574316278,0.20696254839043837,0.23096338080973924,21.465967573744912,False,6
larger E1 capped,Gross before costs,356,circular_block_bootstrap,60,ok,60,0.6916156672607543,0.8140865668166491,1.012826886854496,2.3259383784252576,-0.5024241308817556,0.20696254839043837,0.21495128831483554,13.851872774479792,False,6
larger E1 capped,Gross before costs,357,circular_block_bootstrap,60,ok,60,0.15488084541817715,0.7925762645051814,0.5053760149428401,1.1353319906208557,-0.6268832154307205,0.21562194049865227,0.24250445874586482,2.054404186965596,False,6
larger E1 capped,Gross before costs,358,circular_block_bootstrap,60,ok,60,0.6605587386096701,0.9646199582420427,0.9142566862662409,2.481612946029705,-0.6076308814008897,0.22836433199116998,0.23896942705719112,12.62615777988305,False,6
larger E1 capped,Gross before costs,359,circular_block_bootstrap,60,ok,60,0.6367418006505068,0.934407552117688,0.9120032192689612,2.3508258230926216,-0.5536013091404469,0.22836433199116998,0.25298989406972205,11.746294086855007,False,6
larger E1 capped,Gross before costs,360,circular_block_bootstrap,60,ok,60,-0.07792736585584914,0.9303022986388132,0.2859043819662325,0.6126027906557322,-0.6666476520750502,0.25097656882446534,0.27761545614827415,0.6665391521678711,False,6
larger E1 capped,Gross before costs,361,circular_block_bootstrap,60,ok,60,1.7299695869706717,0.9970270069057972,1.4568242312054556,4.118764023534437,-0.6076308814008895,0.21562194049865227,0.2354343953685174,151.63136487967722,False,6
larger E1 capped,Gross before costs,362,circular_block_bootstrap,60,ok,60,0.27612282150101364,0.9226879523631656,0.6280829933614472,1.5652748400397523,-0.5182846432607264,0.2294248414977721,0.2682684781399202,3.384249529055592,False,6
larger E1 capped,Gross before costs,363,circular_block_bootstrap,60,ok,60,0.10790384881308923,0.7235275624173183,0.4647743095776685,0.8887213672379154,-0.7566986150854843,0.2153790198681074,0.2267448611208708,1.6692076079218183,False,6
larger E1 capped,Gross before costs,364,circular_block_bootstrap,60,ok,60,0.20767018622758115,0.9786099513845069,0.5851214044682777,1.3800854166577559,-0.5349507575020686,0.2294248414977721,0.2682684781399202,2.568867622365715,False,6
larger E1 capped,Gross before costs,365,circular_block_bootstrap,60,ok,60,0.8283314352030502,0.7323824492919453,1.15020793443175,3.1058705986901054,-0.3948008956716378,0.20696254839043837,0.23096338080973924,20.430294716874382,False,6
larger E1 capped,Gross before costs,366,circular_block_bootstrap,60,ok,60,0.7409003456585466,0.9489135963209158,0.9908903581209912,2.450571934437473,-0.6886438441467295,0.24957452212321224,0.2635949891357432,15.99077665835634,False,6
larger E1 capped,Gross before costs,367,circular_block_bootstrap,60,ok,60,0.2028238847815247,0.8752219062738762,0.5611618690237309,1.302415261422644,-0.5762286355348837,0.22374884001081738,0.22836433199116998,2.517736158404538,False,6
larger E1 capped,Gross before costs,368,circular_block_bootstrap,60,ok,60,1.063194409332338,0.7154523542325442,1.3579121704297565,3.4144524779112593,-0.4615895762026889,0.20520947568008394,0.2264923662509611,37.385290666488714,False,6
larger E1 capped,Gross before costs,369,circular_block_bootstrap,60,ok,60,1.1922328423182167,0.7674224157585483,1.3752935266783766,4.014645409199772,-0.582786509193004,0.18660312194241463,0.2172006017931927,50.632969519716774,False,6
larger E1 capped,Gross before costs,370,circular_block_bootstrap,60,ok,60,0.47761487170949724,0.8616469772511997,0.8176583695193494,1.907979517183582,-0.5534156037817086,0.22836433199116998,0.23366687952418055,7.043787855491864,False,6
larger E1 capped,Gross before costs,371,circular_block_bootstrap,60,ok,60,0.3883988882434588,0.7616573157310298,0.7563109819753335,1.757558132366238,-0.6447319615612206,0.20654208839441748,0.2194024968067207,5.159068403791795,False,6
larger E1 capped,Gross before costs,372,circular_block_bootstrap,60,ok,60,0.9452344849668688,0.9217711660101066,1.1075858775028888,3.122539347877218,-0.5197034951181077,0.20696254839043837,0.22389331743239183,27.852218947023207,False,6
larger E1 capped,Gross before costs,373,circular_block_bootstrap,60,ok,60,0.11252345246373463,0.8379043742453729,0.48192218596150416,1.0111379836082188,-0.6753212596447157,0.22374884001081738,0.2611984147625728,1.7042993340664427,False,6
larger E1 capped,Gross before costs,374,circular_block_bootstrap,60,ok,60,1.069613492948858,0.9643785298932172,1.1650467336815002,3.2900593689091684,-0.5506037958879448,0.18889749116346746,0.23381492449821825,37.97049297004415,False,6
larger E1 capped,Gross before costs,375,circular_block_bootstrap,60,ok,60,0.7604253894038882,0.6992853075374784,1.1245471505181097,2.8980293656537333,-0.49520052475556675,0.18660312194241463,0.21439753515305335,16.907839529444797,False,6
larger E1 capped,Gross before costs,376,circular_block_bootstrap,60,ok,60,-0.22090663220320716,0.6887874135282263,-0.03756266049962553,-0.06024878907527304,-0.8032852174169492,0.22374884001081738,0.2611984147625728,0.28704338091175935,False,6
larger E1 capped,Gross before costs,377,circular_block_bootstrap,60,ok,60,0.25474794805393186,0.9476533144299786,0.6235100785511637,1.4554075951679428,-0.6956733165335538,0.2248093495174195,0.2682684781399202,3.1101581315157976,False,6
larger E1 capped,Gross before costs,378,circular_block_bootstrap,60,ok,60,0.4685661349900485,0.9057636111950748,0.8145792700227087,1.8741970900201375,-0.5857402471385234,0.24957452212321224,0.25518270892822464,6.830736712256951,False,6
larger E1 capped,Gross before costs,379,circular_block_bootstrap,60,ok,60,0.48761841209986456,1.012667844328297,0.7947522214780316,2.0445537123442987,-0.5025106858656452,0.27761545614827415,0.27761545614827415,7.2854725245377985,False,6
larger E1 capped,Gross before costs,380,circular_block_bootstrap,60,ok,60,0.37789137050127364,0.8410044802687715,0.7237202513033347,1.746250152464297,-0.6442575221580265,0.22374884001081738,0.24478137337687136,4.966779742841204,False,6
larger E1 capped,Gross before costs,381,circular_block_bootstrap,60,ok,60,-0.13589028680695892,0.6786683610377389,0.08834857146663727,0.15607189534891622,-0.8055520527228639,0.2248093495174195,0.2589215001315662,0.4817751936789462,False,6
larger E1 capped,Gross before costs,382,circular_block_bootstrap,60,ok,60,0.5447017522693876,1.0270566714422913,0.8446364819124282,2.104745829536007,-0.46554735089167854,0.24957452212321224,0.2635949891357432,8.794743870230898,False,6
larger E1 capped,Gross before costs,383,circular_block_bootstrap,60,ok,60,0.1813765268821359,0.944242404853067,0.5506751747489419,1.2985597922719228,-0.5607663821811375,0.24957452212321224,0.2635949891357432,2.301132824266256,False,6
larger E1 capped,Gross before costs,384,circular_block_bootstrap,60,ok,60,0.41185015528706526,0.9526932485305118,0.7430497977970716,1.8893835869450855,-0.7373357887021363,0.2294248414977721,0.2682684781399202,5.60974383122445,False,6
larger E1 capped,Gross before costs,385,circular_block_bootstrap,60,ok,60,0.3067980365226004,0.7438249334976651,0.6830528107490855,1.465730570072834,-0.6112719406541633,0.2076332005742551,0.24250445874586482,3.8110299899697373,False,6
larger E1 capped,Gross before costs,386,circular_block_bootstrap,60,ok,60,0.09687831058199525,0.6774904574025143,0.4345326298599533,0.850320886981469,-0.6350711129217526,0.20869371008085721,0.24957452212321227,1.587787010262726,False,6
larger E1 capped,Gross before costs,387,circular_block_bootstrap,60,ok,60,-0.02642299333240372,0.7811175374326301,0.30236110947486783,0.593852524768689,-0.6897525620121898,0.24957452212321224,0.260790895733237,0.8746847248414579,False,6
larger E1 capped,Gross before costs,388,circular_block_bootstrap,60,ok,60,0.17113413912179776,0.7397196634725296,0.5333435181383377,1.1315736944184,-0.5740076940766039,0.2248093495174195,0.2589215001315662,2.2030949007451524,False,6
larger E1 capped,Gross before costs,389,circular_block_bootstrap,60,ok,60,0.2370850839216554,0.7422766326449743,0.614556118776887,1.2739003957180828,-0.6217799541095781,0.24957452212321224,0.2565847556294777,2.8973292593203963,False,6
larger E1 capped,Gross before costs,390,circular_block_bootstrap,60,ok,60,0.48354092534176907,0.8616009238930887,0.8391053001428239,1.8431713111305,-0.6388513806394163,0.24957452212321224,0.2635949891357432,7.1861728127428,False,6
larger E1 capped,Gross before costs,391,circular_block_bootstrap,60,ok,60,1.0150574138198634,0.7789673408984791,1.264766616181098,3.1206723040961086,-0.4915968605086709,0.18660312194241463,0.19882316411338183,33.22286823339811,False,6
larger E1 capped,Gross before costs,392,circular_block_bootstrap,60,ok,60,0.41774159076036277,0.9760243752820061,0.7500454900493202,1.8700168012554623,-0.5116071540331119,0.22836433199116998,0.23896942705719112,5.727767750480253,False,6
larger E1 capped,Gross before costs,393,circular_block_bootstrap,60,ok,60,0.38402783151537,1.0268565050457736,0.7155296987015474,1.884337548548067,-0.5897189496635318,0.24957452212321224,0.2635949891357432,5.078367401847858,False,6
larger E1 capped,Gross before costs,394,circular_block_bootstrap,60,ok,60,1.3978530044084168,0.9130141287489861,1.365083374315352,3.8916775281494305,-0.5982871242051082,0.21495128831483554,0.22696035768601333,79.27071585523571,False,6
larger E1 capped,Gross before costs,395,circular_block_bootstrap,60,ok,60,0.716510344560596,0.9097850318988823,0.9861367518343128,2.4048769149376086,-0.46214414322408104,0.20478901568406305,0.21661923623347434,14.901573362881004,False,6
larger E1 capped,Gross before costs,396,circular_block_bootstrap,60,ok,60,0.4569687816563752,0.9974980764984301,0.7891904159487221,1.9386944219453812,-0.7658606566025916,0.25097656882446534,0.27761545614827415,6.565249441206842,False,6
larger E1 capped,Gross before costs,397,circular_block_bootstrap,60,ok,60,0.8324974444526512,0.8950844672940577,1.0708048958607346,2.65901380802709,-0.5159001325360704,0.20739027994371023,0.23219545362791907,20.664118720205302,False,6
larger E1 capped,Gross before costs,398,circular_block_bootstrap,60,ok,60,0.168065768059942,0.8503892999078695,0.541615907228963,1.1582390280785264,-0.6758380277773421,0.2294248414977721,0.2682684781399202,2.174385194651412,False,6
larger E1 capped,Gross before costs,399,circular_block_bootstrap,60,ok,60,0.8158936167031323,0.92468550541336,1.0446931572326554,2.598025896512366,-0.7494029815321847,0.21562194049865227,0.2354343953685174,19.74476685289322,False,6
larger E1 capped,Gross before costs,400,circular_block_bootstrap,60,ok,60,-0.09722589366698331,0.7489037153040453,0.19311782895351873,0.35940218725012246,-0.796138828407722,0.20696254839043837,0.21780283200331452,0.5996467304205078,False,6
larger E1 capped,Gross before costs,401,circular_block_bootstrap,60,ok,60,0.22848265021265246,0.775189991584543,0.6104634708315816,1.228373046389851,-0.5258993630966395,0.2294248414977721,0.2589215001315662,2.797983420355861,False,6
larger E1 capped,Gross before costs,402,circular_block_bootstrap,60,ok,60,0.251067031490011,0.8895098012283463,0.6094986969563002,1.4288131408838565,-0.8295179342402075,0.2076332005742551,0.2354343953685174,3.064805355659623,False,6
larger E1 capped,Gross before costs,403,circular_block_bootstrap,60,ok,60,0.6921375348862624,0.8846114556835679,0.966026865238794,2.4965352470652658,-0.46737439624886523,0.2294248414977721,0.2589215001315662,13.87325264729134,False,6
larger E1 capped,Gross before costs,404,circular_block_bootstrap,60,ok,60,0.005921357164779595,0.7720212396613474,0.33036339056066083,0.6712596528845048,-0.6952840921997011,0.22374884001081738,0.24478137337687136,1.0299594928589095,False,6
larger E1 capped,Gross before costs,405,circular_block_bootstrap,60,ok,60,0.4912625795926937,0.8491960844662625,0.8314226673745321,1.9649120806312352,-0.5996548857099397,0.20696254839043837,0.21942230287361367,7.3751456411696905,False,6
larger E1 capped,Gross before costs,406,circular_block_bootstrap,60,ok,60,0.09718124858469657,0.8773318198548765,0.4612311897926303,1.0471482133695829,-0.8096358835451034,0.22374884001081738,0.2611984147625728,1.5899808123552746,False,6
larger E1 capped,Gross before costs,407,circular_block_bootstrap,60,ok,60,0.159256670237077,0.9579132732157858,0.5398415775011356,1.2361444291271948,-0.64267092859928,0.2294248414977721,0.2682684781399202,2.093620766005378,False,6
larger E1 capped,Gross before costs,408,circular_block_bootstrap,60,ok,60,1.329126114787016,0.8318006688691447,1.3890842600496371,4.134240329066168,-0.511579821341912,0.18757642661505897,0.21661923623347434,68.54330230424199,False,6
larger E1 capped,Gross before costs,409,circular_block_bootstrap,60,ok,60,0.4288559736990156,0.897721245550344,0.7682572290931373,1.85422435367813,-0.5763722043212551,0.24957452212321224,0.260790895733237,5.955829742123159,False,6
larger E1 capped,Gross before costs,410,circular_block_bootstrap,60,ok,60,1.0024490860120103,0.855704574859875,1.1726371523593195,3.461781074064257,-0.3693990367883462,0.2153790198681074,0.24316190250657221,32.19640731069112,False,6
larger E1 capped,Gross before costs,411,circular_block_bootstrap,60,ok,60,1.1695836746594575,0.8126061454230639,1.3203170395368633,3.58882798104643,-0.3916922389657179,0.21495128831483554,0.21830454923391915,48.070874345737685,False,6
larger E1 capped,Gross before costs,412,circular_block_bootstrap,60,ok,60,-0.34379309047198514,0.8645968628350796,-0.13533815227934642,-0.25764682504054814,-0.934996313342947,0.2153790198681074,0.24316190250657221,0.12167573963342533,False,6
larger E1 capped,Gross before costs,413,circular_block_bootstrap,60,ok,60,0.047707949271230454,0.9399495576647129,0.41961176942322226,0.9631263031600807,-0.8219075969822748,0.2294248414977721,0.2589215001315662,1.2624122357483913,False,6
larger E1 capped,Gross before costs,414,circular_block_bootstrap,60,ok,60,0.424791023043972,0.9569898065526344,0.7622374094715596,1.8601179445916405,-0.7231207260399231,0.27761545614827415,0.27761545614827415,5.871591740154002,False,6
larger E1 capped,Gross before costs,415,circular_block_bootstrap,60,ok,60,0.8677464117116229,0.9271943406775971,1.0611929017272028,2.9166532000755665,-0.7606960664844071,0.21562194049865227,0.24478137337687136,22.729482797993285,False,6
larger E1 capped,Gross before costs,416,circular_block_bootstrap,60,ok,60,0.8936560956526005,0.9300742380656815,1.0861372187346336,2.723831159798868,-0.58786968902373,0.22836433199116998,0.22836433199116998,24.350369232356584,False,6
larger E1 capped,Gross before costs,417,circular_block_bootstrap,60,ok,60,1.3225083888751716,0.8029127733923584,1.4272178184803759,3.910547916464064,-0.47354405988617465,0.20478901568406305,0.22368929961082173,67.5750625978119,False,6
larger E1 capped,Gross before costs,418,circular_block_bootstrap,60,ok,60,0.7625216262796357,0.8246467847898553,1.0485296516259277,2.6929226984953356,-0.5051892266809708,0.21495128831483554,0.23226290521902387,17.008745097568887,False,6
larger E1 capped,Gross before costs,419,circular_block_bootstrap,60,ok,60,0.5300878037881551,0.8389937234226611,0.8586743562629054,2.119145621741347,-0.5810731291961236,0.18889749116346746,0.23381492449821825,8.386519617053208,False,6
larger E1 capped,Gross before costs,420,circular_block_bootstrap,60,ok,60,0.30841564400441857,0.9194815848026521,0.6534761222136026,1.5998435777494415,-0.5951823330524808,0.22836433199116998,0.24067711303044603,3.834675692333612,False,6
larger E1 capped,Gross before costs,421,circular_block_bootstrap,60,ok,60,0.20989338995700435,0.6690597308396317,0.5985716886709508,1.0992924555144763,-0.5001116298533709,0.21562194049865227,0.22836433199116998,2.5926000209565965,False,6
larger E1 capped,Gross before costs,422,circular_block_bootstrap,60,ok,60,0.5025229865364695,0.9110476071466893,0.8359862493857454,1.9248450458830089,-0.7523596447604206,0.20739027994371023,0.24316190250657221,7.657828292668646,False,6
larger E1 capped,Gross before costs,423,circular_block_bootstrap,60,ok,60,0.09097195175116624,0.9406057609321248,0.4649494198187755,1.0729986790605084,-0.6437139926473199,0.24957452212321224,0.2565847556294777,1.545496145914822,False,6
larger E1 capped,Gross before costs,424,circular_block_bootstrap,60,ok,60,0.7588538214723821,0.7286766257501469,1.096724659345884,2.948860059041552,-0.6613967346139711,0.20478901568406305,0.23588782130765473,16.83250427674922,False,6
larger E1 capped,Gross before costs,425,circular_block_bootstrap,60,ok,60,0.16847590732550177,0.8502926299838717,0.540628892887957,1.1578631575280693,-0.8313371999719107,0.2294248414977721,0.2682684781399202,2.1782053016244616,False,6
larger E1 capped,Gross before costs,426,circular_block_bootstrap,60,ok,60,0.6194193396846184,0.7650182838746901,0.9713038696938765,2.2902008859053313,-0.4623163714855383,0.2056372072333558,0.23381492449821825,11.137727994713268,False,6
larger E1 capped,Gross before costs,427,circular_block_bootstrap,60,ok,60,0.18315428172761394,0.9116697619953034,0.5744192012739339,1.2133292054515885,-0.6841826381779481,0.27761545614827415,0.27761545614827415,2.318498924037043,False,6
larger E1 capped,Gross before costs,428,circular_block_bootstrap,60,ok,60,1.0943297476352543,0.8455960805108671,1.2548627078727241,3.4794746465085886,-0.44890649217382494,0.21495128831483554,0.23275598803955444,40.29260137063257,False,6
larger E1 capped,Gross before costs,429,circular_block_bootstrap,60,ok,60,-0.06859793732226316,0.7450397401498534,0.2197544947912509,0.4273934284210635,-0.7031488715481438,0.21495128831483554,0.2339705911922788,0.7009482840640621,False,6
larger E1 capped,Gross before costs,430,circular_block_bootstrap,60,ok,60,0.7072550583183317,0.921031929788546,0.9653559113088996,2.4792873216156233,-0.514221834158728,0.22374884001081738,0.24478137337687136,14.504141923050021,False,6
larger E1 capped,Gross before costs,431,circular_block_bootstrap,60,ok,60,0.9052093241440491,0.9221115867203331,1.1018717587697666,2.7784910803902987,-0.5001116298533709,0.21495128831483554,0.22455854381177778,25.10229860700186,False,6
larger E1 capped,Gross before costs,432,circular_block_bootstrap,60,ok,60,0.6263689926673195,1.0145002209696339,0.8846711131343209,2.37311196805007,-0.4229489924413933,0.2294248414977721,0.2682684781399202,11.37877286974771,False,6
larger E1 capped,Gross before costs,433,circular_block_bootstrap,60,ok,60,0.5487995046153942,0.872694886846294,0.8703136686581241,2.1243943315079075,-0.5765719788318033,0.22836433199116998,0.2459796605634566,8.912016979717402,False,6
larger E1 capped,Gross before costs,434,circular_block_bootstrap,60,ok,60,0.8225713077857264,0.8685217956999484,1.0874141255246867,2.5610938077558965,-0.8046550972478992,0.2248093495174195,0.2589215001315662,20.11048965785566,False,6
larger E1 capped,Gross before costs,435,circular_block_bootstrap,60,ok,60,0.6030356617539654,0.9123095497445077,0.899553146416743,2.290611156438897,-0.6348641171222416,0.2248093495174195,0.2682684781399202,10.585610737501108,False,6
larger E1 capped,Gross before costs,436,circular_block_bootstrap,60,ok,60,1.1085487725897862,0.9538751787869554,1.185950014660339,3.3679072521430253,-0.6210727287378488,0.22374884001081738,0.2611984147625728,41.67909260783593,False,6
larger E1 capped,Gross before costs,437,circular_block_bootstrap,60,ok,60,0.22435686580721947,0.8141620918764578,0.5966365525310908,1.3059478440323657,-0.6747843065490597,0.2248093495174195,0.2589215001315662,2.751313662680342,False,6
larger E1 capped,Gross before costs,438,circular_block_bootstrap,60,ok,60,0.25315741563022565,0.7885607488946753,0.6137720233816678,1.387571633290406,-0.5291848082026385,0.22836433199116998,0.2459796605634566,3.0904956885914965,False,6
larger E1 capped,Gross before costs,439,circular_block_bootstrap,60,ok,60,0.609670512518532,0.8742237081291474,0.9179251162010679,2.216670666041381,-0.5317204648341954,0.22836433199116998,0.23896942705719112,10.806497106808747,False,6
larger E1 capped,Gross before costs,440,circular_block_bootstrap,60,ok,60,0.4757410408406608,0.9578408902023443,0.8039148015529213,1.9136926416318363,-0.61206142269596,0.22374884001081738,0.2611984147625728,6.999238245092062,False,6
larger E1 capped,Gross before costs,441,circular_block_bootstrap,60,ok,60,-0.06769454352922233,0.7699475201415594,0.23806912988989992,0.4652387497365802,-0.700761906726791,0.24957452212321224,0.24957452212321224,0.7043542347657118,False,6
larger E1 capped,Gross before costs,442,circular_block_bootstrap,60,ok,60,0.00113855690340392,0.919539418474496,0.3717807625157508,0.8214805138458569,-0.7289971176607137,0.2294248414977721,0.24957452212321227,1.0057057624028938,False,6
larger E1 capped,Gross before costs,443,circular_block_bootstrap,60,ok,60,1.2195535237950206,0.9319233345575948,1.2514683411998244,3.9700162411769466,-0.4919146576849973,0.2248093495174195,0.2589215001315662,53.86766018356488,False,6
larger E1 capped,Gross before costs,444,circular_block_bootstrap,60,ok,60,-0.0026450280782149838,0.8548765090565182,0.35564504016583526,0.7294824141758675,-0.7311939209309672,0.2308268881990252,0.27761545614827415,0.986844636538119,False,6
larger E1 capped,Gross before costs,445,circular_block_bootstrap,60,ok,60,0.3109498101439778,1.047633545194701,0.6773843130398536,1.6323019940633186,-0.640724453237233,0.2308268881990252,0.27761545614827415,3.8719552113408753,False,6
larger E1 capped,Gross before costs,446,circular_block_bootstrap,60,ok,60,1.2085583202510444,0.9184337109198516,1.2634071827394526,3.610978778916433,-0.5128146537106602,0.22374884001081738,0.2518514367542188,52.546568444251726,False,6
larger E1 capped,Gross before costs,447,circular_block_bootstrap,60,ok,60,0.4191444992832398,1.1453034283836672,0.7504436516654265,1.9732156130343,-0.5708154826055422,0.27761545614827415,0.27761545614827415,5.7561630974054365,False,6
larger E1 capped,Gross before costs,448,circular_block_bootstrap,60,ok,60,-0.058963647605830616,0.9870808857638262,0.31349076882067406,0.7458682480667164,-0.8070835723573009,0.2294248414977721,0.2682684781399202,0.7379586082006913,False,6
larger E1 capped,Gross before costs,449,circular_block_bootstrap,60,ok,60,0.48559471114315556,0.7856681361759624,0.8433576431735651,2.003918663142295,-0.46407729311441426,0.21668245000525438,0.24957452212321227,7.236052731169763,False,6
larger E1 capped,Gross before costs,450,circular_block_bootstrap,60,ok,60,1.5473727631554688,0.791570291007697,1.5804208859291877,3.867699894977677,-0.4174743115139258,0.21495128831483554,0.21495128831483554,107.26610347586086,False,6
larger E1 capped,Gross before costs,451,circular_block_bootstrap,60,ok,60,0.5653586382133273,0.9294928144922575,0.8615307644213803,2.2073798330394196,-0.6048106549218544,0.24957452212321224,0.2635949891357432,9.398732104524276,False,6
larger E1 capped,Gross before costs,452,circular_block_bootstrap,60,ok,60,1.0213521826350815,0.8076763431924858,1.2304406957792335,3.3121240854063116,-0.36970691633022146,0.1879570326294192,0.22754520093789657,33.7450393419131,False,6
larger E1 capped,Gross before costs,453,circular_block_bootstrap,60,ok,60,0.6913328585903646,0.8191476181617139,1.0014023044394647,2.475593178819324,-0.46214414322408115,0.20696254839043837,0.2293439099394401,13.840297686342153,False,6
larger E1 capped,Gross before costs,454,circular_block_bootstrap,60,ok,60,0.8907113177244816,0.9108950689465826,1.0809672485113686,3.0117507940730848,-0.5142218341587281,0.2153790198681074,0.2595789438922736,24.161623876858663,False,6
larger E1 capped,Gross before costs,455,circular_block_bootstrap,60,ok,60,0.9589875259006402,0.8678324245561904,1.1719754349451537,2.824117023587801,-0.625763538001226,0.21495128831483554,0.23275598803955444,28.850832733532528,False,6
larger E1 capped,Gross before costs,456,circular_block_bootstrap,60,ok,60,0.5981931217882317,0.9527882445007693,0.8850431156640516,2.214804581516732,-0.6648573087781279,0.18889749116346746,0.2267448611208708,10.426685790396167,False,6
larger E1 capped,Gross before costs,457,circular_block_bootstrap,60,ok,60,0.5546246807539363,0.868262052848659,0.87506104279924,2.1729917532103347,-0.6380018211602565,0.2235059193802725,0.24514973408747318,9.080876948641118,False,6
larger E1 capped,Gross before costs,458,circular_block_bootstrap,60,ok,60,0.5372375014017083,1.02259878716293,0.8303711052178984,2.125812993919916,-0.5395155318760279,0.22836433199116998,0.24806478165401163,8.584299340503785,False,6
larger E1 capped,Gross before costs,459,circular_block_bootstrap,60,ok,60,0.312202685803032,0.8302720199158335,0.682118607611186,1.4652706050307467,-0.5509959475849183,0.21562194049865227,0.2354343953685174,3.890492761839134,False,6
larger E1 capped,Gross before costs,460,circular_block_bootstrap,60,ok,60,0.30441856204599493,0.7609910314267337,0.666423741198068,1.5445753919220708,-0.5001116298533708,0.22374884001081738,0.2611984147625728,3.7764596711648104,False,6
larger E1 capped,Gross before costs,461,circular_block_bootstrap,60,ok,60,0.5000399661176036,1.0302700837517165,0.79455262605901,2.210765225744003,-0.5700172946682727,0.22836433199116998,0.23366687952418055,7.594761696261834,False,6
larger E1 capped,Gross before costs,462,circular_block_bootstrap,60,ok,60,0.5378497483779081,0.9594172201585588,0.8408935809786249,2.128969645862538,-0.69429859133989,0.22836433199116998,0.25298989406972205,8.601407625460219,False,6
larger E1 capped,Gross before costs,463,circular_block_bootstrap,60,ok,60,0.7903088288797047,0.9011067550413444,1.0381158484021433,2.5670764629611074,-0.7220766895846593,0.2248093495174195,0.2589215001315662,18.39245774388625,False,6
larger E1 capped,Gross before costs,464,circular_block_bootstrap,60,ok,60,0.5654463065455853,0.8880014044837099,0.8684589212661088,2.324543518827683,-0.6726032084777351,0.20739027994371023,0.23381492449821825,9.401364291958675,False,6
larger E1 capped,Gross before costs,465,circular_block_bootstrap,60,ok,60,-0.12084714802636354,0.9310458865451747,0.2325841603443775,0.494945179145637,-0.8936039567540861,0.25097656882446534,0.27761545614827415,0.5251966490414214,False,6
larger E1 capped,Gross before costs,466,circular_block_bootstrap,60,ok,60,0.36296846940315364,0.8175376955878904,0.7161679674726918,1.7134640248468391,-0.7104165098457336,0.20696254839043837,0.23096338080973924,4.703585527520064,False,6
larger E1 capped,Gross before costs,467,circular_block_bootstrap,60,ok,60,0.6193639430395683,0.9228816803232051,0.8937552345516415,2.430288103231363,-0.5001116298533708,0.22836433199116998,0.2459796605634566,11.13582314357657,False,6
larger E1 capped,Gross before costs,468,circular_block_bootstrap,60,ok,60,0.9683645885228704,0.9648460147597046,1.1065947231999207,3.0853752680353987,-0.6197772649164601,0.22374884001081738,0.2611984147625728,29.547974579026388,False,6
larger E1 capped,Gross before costs,469,circular_block_bootstrap,60,ok,60,0.569241819110915,1.0275040783459455,0.8447284926260866,2.2747193874553338,-0.5777569525657446,0.22836433199116998,0.24597966056345658,9.515888971099471,False,6
larger E1 capped,Gross before costs,470,circular_block_bootstrap,60,ok,60,0.6331822004983576,0.9599028962789533,0.905458060922224,2.3096809599565646,-0.38914533510054883,0.22836433199116998,0.24597966056345658,11.619118747949017,False,6
larger E1 capped,Gross before costs,471,circular_block_bootstrap,60,ok,60,0.3823466107710891,1.0083675796303382,0.741819650462618,1.6943277096987217,-0.6983819629716309,0.2308268881990252,0.27761545614827415,5.047598008265307,False,6
larger E1 capped,Gross before costs,472,circular_block_bootstrap,60,ok,60,0.5327379452249568,0.9905675442815751,0.8273239220672309,2.1894267338524607,-0.7198517934832901,0.2076332005742551,0.2518514367542188,8.459399704108417,False,6
larger E1 capped,Gross before costs,473,circular_block_bootstrap,60,ok,60,0.24390217780950807,0.8439028986564392,0.6106612919898557,1.3901287045073007,-0.7524174583431649,0.20739027994371023,0.2595789438922736,2.978044211289648,False,6
larger E1 capped,Gross before costs,474,circular_block_bootstrap,60,ok,60,0.6917402616320003,0.8298415424505787,1.0137888813875953,2.2985798841567697,-0.5605934324756913,0.2235059193802725,0.2505606877642733,13.856974759715127,False,6
larger E1 capped,Gross before costs,475,circular_block_bootstrap,60,ok,60,0.4442150462252652,0.8065928944246952,0.8157730734831665,1.7549192441719315,-0.5968669563625981,0.2294248414977721,0.2589215001315662,6.282888122037596,False,6
larger E1 capped,Gross before costs,476,circular_block_bootstrap,60,ok,60,0.43423224564434415,0.7789423245141025,0.8057689411382076,1.7998889452015252,-0.7618390571376152,0.20478901568406305,0.2149997653631752,6.068724358634668,False,6
larger E1 capped,Gross before costs,477,circular_block_bootstrap,60,ok,60,0.9158024522084975,0.9723633640699234,1.0654533822494616,3.086768484773159,-0.49693573148176895,0.2294248414977721,0.2589215001315662,25.80795685953456,False,6
larger E1 capped,Gross before costs,478,circular_block_bootstrap,60,ok,60,0.7647186917576774,0.9007971434301062,1.009778683349043,2.6862079244699038,-0.5669880149054577,0.2076332005742551,0.2518514367542188,17.11502069597108,False,6
larger E1 capped,Gross before costs,479,circular_block_bootstrap,60,ok,60,1.3432685611656061,0.8823549321890137,1.3731210629961155,3.659583212648802,-0.6388513806394163,0.2235059193802725,0.24355045425800786,70.64970111844832,False,6
larger E1 capped,Gross before costs,480,circular_block_bootstrap,60,ok,60,0.10766322107904314,0.9345560316389526,0.4889443620659276,1.1024230202167953,-0.6355116520195419,0.2294248414977721,0.2682684781399202,1.6673957033549247,False,6
larger E1 capped,Gross before costs,481,circular_block_bootstrap,60,ok,60,0.603658245005934,0.7931146081835913,0.9379508326419094,2.330815217841987,-0.4493097466926602,0.22836433199116998,0.2389694270571911,10.60618278480458,False,6
larger E1 capped,Gross before costs,482,circular_block_bootstrap,60,ok,60,0.9936172708768447,0.7147223933287382,1.3049798108890374,3.2584295265505436,-0.4270147829358132,0.18707599494153035,0.20104999941443769,31.492630424119536,False,6
larger E1 capped,Gross before costs,483,circular_block_bootstrap,60,ok,60,0.48713122583351076,0.8874057920918281,0.8201485921263723,1.975849280259542,-0.5064887949035093,0.24957452212321224,0.2635949891357432,7.273550589158596,False,6
larger E1 capped,Gross before costs,484,circular_block_bootstrap,60,ok,60,0.9931055359952279,0.9062719797412522,1.1431493274384938,3.3705721713033623,-0.6028142614414411,0.2235059193802725,0.24355045425800786,31.452232484153033,False,6
larger E1 capped,Gross before costs,485,circular_block_bootstrap,60,ok,60,0.12675334363008695,0.8032585925787782,0.48715791048042034,1.0251716181089483,-0.7478143328923583,0.21495128831483554,0.2204432070002784,1.816118897847205,False,6
larger E1 capped,Gross before costs,486,circular_block_bootstrap,60,ok,60,0.7003881204183087,0.8897402646660172,0.9735382597839705,2.499402385256146,-0.5142218341587281,0.20696254839043837,0.24738042219544062,14.214785505236984,False,6
larger E1 capped,Gross before costs,487,circular_block_bootstrap,60,ok,60,-0.046309511261498626,0.7829898984610046,0.26683062609574904,0.5316249949883299,-0.8100978622352148,0.2294248414977721,0.24957452212321227,0.7889277946880761,False,6
larger E1 capped,Gross before costs,488,circular_block_bootstrap,60,ok,60,0.05928621266654188,1.069347621487761,0.46320839576856243,1.1183187782577384,-0.735398332679187,0.27761545614827415,0.27761545614827415,1.3337259413365303,False,6
larger E1 capped,Gross before costs,489,circular_block_bootstrap,60,ok,60,1.3402325237565025,0.8265369393107078,1.4057781817733204,4.173925446633393,-0.5451353922822728,0.20478901568406305,0.21661923623347434,70.19320193414582,False,6
larger E1 capped,Gross before costs,490,circular_block_bootstrap,60,ok,60,0.8020853267964421,0.9024291783869559,1.0248138463420122,2.9217725643392622,-0.4596867418286281,0.18707599494153035,0.20180326764338458,19.005388536515724,False,6
larger E1 capped,Gross before costs,491,circular_block_bootstrap,60,ok,60,0.13039493390833146,0.9023872684439628,0.5127391791692671,1.113356511306074,-0.656134347770343,0.25097656882446534,0.27761545614827415,1.8456570771895735,False,6
larger E1 capped,Gross before costs,492,circular_block_bootstrap,60,ok,60,0.3216688710741382,0.8232579260159809,0.687737338524534,1.5790306948034398,-0.7674009132844244,0.20869371008085721,0.24957452212321227,4.032861491792214,False,6
larger E1 capped,Gross before costs,493,circular_block_bootstrap,60,ok,60,0.27283723010430116,0.8667358371133954,0.6417436234541526,1.4473231442873324,-0.7173820008027363,0.22374884001081738,0.2518514367542188,3.340906712097534,False,6
larger E1 capped,Gross before costs,494,circular_block_bootstrap,60,ok,60,0.3406025798042658,0.8859510850921715,0.7087651993283316,1.5644156814724002,-0.7747077286615538,0.2294248414977721,0.2682684781399202,4.33012320978982,False,6
larger E1 capped,Gross before costs,495,circular_block_bootstrap,60,ok,60,0.4919595994713859,0.9879975105175873,0.8000013881331345,2.0988281188399363,-0.517731050692966,0.22836433199116998,0.23896942705719112,7.392397568890256,False,6
larger E1 capped,Gross before costs,496,circular_block_bootstrap,60,ok,60,0.05646463975381466,0.8471579088147578,0.4261105884573925,0.8716255292839543,-0.6777299638215611,0.2248093495174195,0.2589215001315662,1.316057390029457,False,6
larger E1 capped,Gross before costs,497,circular_block_bootstrap,60,ok,60,0.4350137901953126,0.9547046656470423,0.7557344460552944,2.0062896814964417,-0.732258073995128,0.22374884001081738,0.2518514367542188,6.085277292761504,False,6
larger E1 capped,Gross before costs,498,circular_block_bootstrap,60,ok,60,0.7236804914878121,0.7631969899729828,1.053438663947386,2.6174978580181434,-0.6028142614414412,0.20696254839043837,0.2293439099394401,15.215416031911436,False,6
larger E1 capped,Gross before costs,499,circular_block_bootstrap,60,ok,60,-0.11548161830573755,0.7102674451122113,0.14190265553148526,0.25592210904802143,-0.6944906585973463,0.20696254839043837,0.22389331743239183,0.5414200234521129,False,6
larger E1 capped,Gross before costs,500,circular_block_bootstrap,60,ok,60,0.8738657826804661,0.687174391149759,1.2313747539116549,3.2189370378252247,-0.500111629853371,0.1879570326294192,0.22027111973897906,23.10427816702999,False,6
larger E1 capped,Gross before costs,501,circular_block_bootstrap,60,ok,60,1.5205303900532754,0.8213215193240019,1.4988826646989712,4.852431528525543,-0.3897759079009563,0.18660312194241463,0.2265475798015467,101.73249376826311,False,6
larger E1 capped,Gross before costs,502,circular_block_bootstrap,60,ok,60,1.4503790431354027,0.872937546915594,1.4314145012840243,3.9618818579723794,-0.46156709738700197,0.1884697596101956,0.2380334441870867,88.34182107729066,False,6
larger E1 capped,Gross before costs,503,circular_block_bootstrap,60,ok,60,0.08955130458005289,0.839485304238339,0.4473975468368283,0.9773199407777853,-0.537752568500925,0.22836433199116998,0.24597966056345658,1.5354597100610552,False,6
larger E1 capped,Gross before costs,504,circular_block_bootstrap,60,ok,60,0.7011023204087063,0.7915731641558399,1.0255017685689753,2.4231383364408954,-0.6510397066819003,0.22836433199116998,0.2459796605634566,14.244663188518398,False,6
larger E1 capped,Gross before costs,505,circular_block_bootstrap,60,ok,60,1.0188512953874174,0.8183439246143858,1.2318116848657843,3.1823140776551124,-0.44894879635181106,0.20696254839043837,0.2380334441870867,33.53680257168708,False,6
larger E1 capped,Gross before costs,506,circular_block_bootstrap,60,ok,60,0.9645860910981094,0.7599239066586079,1.233442510280431,3.3758879710942096,-0.4864246436618983,0.20478901568406305,0.22368929961082173,29.265457989447793,False,6
larger E1 capped,Gross before costs,507,circular_block_bootstrap,60,ok,60,0.9068500048392252,0.6995216996105402,1.2510413212339118,3.167377439636967,-0.4930466194032459,0.21495128831483554,0.22360709676692972,25.210569783335156,False,6
larger E1 capped,Gross before costs,508,circular_block_bootstrap,60,ok,60,0.14972968928237562,0.8794042292627636,0.5214370442336494,1.1509602711586144,-0.8028679211032541,0.22374884001081738,0.2611984147625728,2.0089944228371692,False,6
larger E1 capped,Gross before costs,509,circular_block_bootstrap,60,ok,60,0.6517291833911167,0.9869985589931713,0.9095868763055366,2.3981678778983087,-0.5023136924481897,0.21562194049865227,0.24478137337687136,12.294028361764951,False,6
larger E1 capped,Gross before costs,510,circular_block_bootstrap,60,ok,60,0.4764367234562703,0.8416854830948903,0.8189005634281608,1.9627114309607656,-0.5800876532034529,0.2235059193802725,0.2382479067249973,7.015751445062394,False,6
larger E1 capped,Gross before costs,511,circular_block_bootstrap,60,ok,60,0.6055346457462827,0.7707102251173575,0.9614182889179281,2.1968605258210627,-0.6075263691238673,0.2153790198681074,0.2502319658839196,10.668378318676034,False,6
larger E1 capped,Gross before costs,512,circular_block_bootstrap,60,ok,60,-0.0009951166653352495,0.8781464349614532,0.35083852047580294,0.7755077061570086,-0.7414907945746239,0.2294248414977721,0.24957452212321227,0.9950343093957881,False,6
larger E1 capped,Gross before costs,513,circular_block_bootstrap,60,ok,60,0.247682531245504,0.7973148038299231,0.6462007610818915,1.2191860229288385,-0.7022470658516831,0.2153790198681074,0.2502319658839196,3.0235731004301307,False,6
larger E1 capped,Gross before costs,514,circular_block_bootstrap,60,ok,60,0.3119403382082093,0.7768095347514133,0.6783046876626798,1.545573230228396,-0.6666046899442715,0.21495128831483554,0.2322629052190239,3.886605201664983,False,6
larger E1 capped,Gross before costs,515,circular_block_bootstrap,60,ok,60,0.6027454125658462,0.8287231771936033,0.9428751889026393,2.0943186352530336,-0.6986496205276069,0.21495128831483554,0.2186125674384641,10.576030936557173,False,6
larger E1 capped,Gross before costs,516,circular_block_bootstrap,60,ok,60,0.40878590147726257,0.7454603044925426,0.7953637321169513,1.6852914168295985,-0.5929572955622129,0.21495128831483554,0.22696035768601333,5.5491310803519225,False,6
larger E1 capped,Gross before costs,517,circular_block_bootstrap,60,ok,60,1.099753460057224,1.0173938643151852,1.1367548188141259,3.671357971919405,-0.5109652762233152,0.22836433199116998,0.25298989406972205,40.817041961049476,False,6
larger E1 capped,Gross before costs,518,circular_block_bootstrap,60,ok,60,-0.05614762044075261,0.7142375394432188,0.2400562135947784,0.4418959524840241,-0.7462879378814924,0.2235059193802725,0.24514973408747315,0.7490665008293691,False,6
larger E1 capped,Gross before costs,519,circular_block_bootstrap,60,ok,60,1.4582575129478021,0.8971674766063092,1.3972732651780868,4.480155444580791,-0.42553605561321173,0.18889749116346746,0.2502319658839196,89.7711679771046,False,6
larger E1 capped,Gross before costs,520,circular_block_bootstrap,60,ok,60,0.47876424382746996,0.732847696863034,0.8528407581414598,2.020710936068513,-0.5920136698026479,0.20654208839441748,0.21623860704006936,7.071225783562865,False,6
larger E1 capped,Gross before costs,521,circular_block_bootstrap,60,ok,60,1.3289843824591712,0.8691326176743872,1.3786938346037791,3.5976087165557367,-0.4655473508916784,0.22374884001081738,0.2518514367542188,68.52244980623662,False,6
larger E1 capped,Gross before costs,522,circular_block_bootstrap,60,ok,60,0.10445372233862615,0.8592142933125686,0.4790324208713783,0.9901538331987078,-0.8297041048366098,0.24957452212321224,0.2635949891357432,1.6433785578931703,False,6
larger E1 capped,Gross before costs,523,circular_block_bootstrap,60,ok,60,0.6331264192193211,0.9271840422602378,0.9122707319550942,2.3588074257869724,-0.8076796393204463,0.2308268881990252,0.27761545614827415,11.61713463058389,False,6
larger E1 capped,Gross before costs,524,circular_block_bootstrap,60,ok,60,0.2746148163449611,0.807997985038803,0.6417717781753166,1.4557631013082355,-0.6937611719650894,0.22374884001081738,0.24250445874586482,3.3643007502983964,False,6
larger E1 capped,Gross before costs,525,circular_block_bootstrap,60,ok,60,0.29180716595588585,0.8433020187541186,0.6633682550398043,1.4516772669416522,-0.7176565516149609,0.2235059193802725,0.2505606877642733,3.5973976509470713,False,6
larger E1 capped,Gross before costs,526,circular_block_bootstrap,60,ok,60,1.048393982146107,0.9498819938682755,1.1662024700761795,3.134189622381148,-0.5762286355348836,0.21562194049865227,0.24250445874586482,36.06346539105407,False,6
larger E1 capped,Gross before costs,527,circular_block_bootstrap,60,ok,60,0.877334154059505,0.8790511930223978,1.083554863351315,3.1695905501161437,-0.44224738292809496,0.20469674869930754,0.23414586891752537,23.31889175122401,False,6
larger E1 capped,Gross before costs,528,circular_block_bootstrap,60,ok,60,0.8268463654496858,0.9750399516240964,1.0085395843509117,2.9458103063371057,-0.6663815729057043,0.22374884001081738,0.24478137337687136,20.347456441711195,False,6
larger E1 capped,Gross before costs,529,circular_block_bootstrap,60,ok,60,0.24953848246894528,0.807094487619107,0.6233118043901993,1.355507223495769,-0.7418618171438662,0.20654208839441748,0.21161669457567212,3.046128212165914,False,6
larger E1 capped,Gross before costs,530,circular_block_bootstrap,60,ok,60,0.49575032963137033,0.8295944038904425,0.8412176573114559,2.0219469662402347,-0.602592073637338,0.2056372072333558,0.25023196588391966,7.486788009229785,False,6
larger E1 capped,Gross before costs,531,circular_block_bootstrap,60,ok,60,1.042967336678109,0.9150435145588277,1.177526238704378,3.1934230936487666,-0.5810731291961237,0.22374884001081738,0.24250445874586482,35.58828956481215,False,6
larger E1 capped,Gross before costs,532,circular_block_bootstrap,60,ok,60,0.41974882543902137,0.7364510526952871,0.8123088828349222,1.6978865639313647,-0.5040252427687306,0.2235059193802725,0.2505606877642733,5.768429515035413,False,6
larger E1 capped,Gross before costs,533,circular_block_bootstrap,60,ok,60,1.404177989000778,0.8287926366543591,1.448519501173979,3.9785815290407314,-0.3880248202308,0.2248093495174195,0.2589215001315662,80.32173550479537,False,6
larger E1 capped,Gross before costs,534,circular_block_bootstrap,60,ok,60,1.38734577878025,0.8015076056030944,1.4591667522788696,4.336409107499038,-0.4270147829358132,0.20520947568008394,0.21780283200331452,77.54907641857349,False,6
larger E1 capped,Gross before costs,535,circular_block_bootstrap,60,ok,60,0.5854732240518077,0.8383857766942696,0.9173910266612566,2.1519581813899014,-0.4666832103706924,0.20739027994371023,0.2502319658839196,10.018312158295771,False,6
larger E1 capped,Gross before costs,536,circular_block_bootstrap,60,ok,60,0.16902739018522572,0.7869610436958017,0.5487579846187742,1.0869317992736838,-0.6573956108925931,0.2153790198681074,0.2502319658839196,2.1833503684255313,False,6
larger E1 capped,Gross before costs,537,circular_block_bootstrap,60,ok,60,0.7386381510529381,0.8631680191419139,1.0108053066039169,2.5642030537855045,-0.48564194173009156,0.2235059193802725,0.2505606877642733,15.887151087892798,False,6
larger E1 capped,Gross before costs,538,circular_block_bootstrap,60,ok,60,0.3144898051497811,0.7689987109526674,0.6917413731312158,1.4848627500137377,-0.659444290359501,0.18889749116346746,0.24316190250657221,3.9245160621094755,False,6
larger E1 capped,Gross before costs,539,circular_block_bootstrap,60,ok,60,0.696419295261552,0.8163568676602265,1.011425704069443,2.4107991292484536,-0.6645616241767904,0.20696254839043837,0.2264923662509611,14.049666572035948,False,6
larger E1 capped,Gross before costs,540,circular_block_bootstrap,60,ok,60,0.7902165865777333,0.8941206802425202,1.0475838615548339,2.550006583712558,-0.6091394222206152,0.2294248414977721,0.24957452212321227,18.38772004780154,False,6
larger E1 capped,Gross before costs,541,circular_block_bootstrap,60,ok,60,0.81970287510822,0.967373991157007,1.0220267609513347,2.712156222876995,-0.653229859839362,0.22836433199116998,0.25298989406972205,19.95273370225126,False,6
larger E1 capped,Gross before costs,542,circular_block_bootstrap,60,ok,60,0.5150596242582386,0.7166834499823106,0.9021834581375028,2.0429472440651395,-0.5779487443214277,0.18804929961417471,0.21214822167469619,7.982678211763957,False,6
larger E1 capped,Gross before costs,543,circular_block_bootstrap,60,ok,60,0.4747004313670873,0.8694880959879978,0.8070668920609977,1.9655874258186616,-0.5371861910579958,0.2294248414977721,0.24957452212321227,6.974595679512977,False,6
larger E1 capped,Gross before costs,544,circular_block_bootstrap,60,ok,60,1.0454134004488012,0.7339462053409118,1.3247519350468926,3.3542605561692245,-0.4270147829358132,0.2235059193802725,0.24355045425800784,35.80185130027235,False,6
larger E1 capped,Gross before costs,545,circular_block_bootstrap,60,ok,60,1.1484851580612112,0.8613352304063958,1.255362967717471,3.9470078867203,-0.4270147829358131,0.18842461816435171,0.23381492449821825,45.77852436436877,False,6
larger E1 capped,Gross before costs,546,circular_block_bootstrap,60,ok,60,0.6717749501463117,0.8191775553283079,0.9970794696029198,2.2986894145430155,-0.5776034050575176,0.22374884001081738,0.2518514367542188,13.058372932374002,False,6
larger E1 capped,Gross before costs,547,circular_block_bootstrap,60,ok,60,0.4401521176462777,0.8100766204816229,0.7954288506835976,1.8383969447310664,-0.6137269232273653,0.2153790198681074,0.2267448611208708,6.195007503599973,False,6
larger E1 capped,Gross before costs,548,circular_block_bootstrap,60,ok,60,1.0326404003060512,0.9138948950728156,1.1828241261167693,3.0243660523657327,-0.7212194190479229,0.22374884001081738,0.2611984147625728,34.69786606851222,False,6
larger E1 capped,Gross before costs,549,circular_block_bootstrap,60,ok,60,0.5941055842408158,0.8313443723064737,0.9312944878133464,2.092857390069131,-0.6295070138939111,0.2153790198681074,0.24316190250657221,10.29402967112295,False,6
larger E1 capped,Gross before costs,550,circular_block_bootstrap,60,ok,60,0.015458312986761591,0.7946394131315182,0.35956471426116704,0.7264266745253426,-0.8326760913816392,0.2248093495174195,0.2589215001315662,1.0797183848267478,False,6
larger E1 capped,Gross before costs,551,circular_block_bootstrap,60,ok,60,1.3445613991842458,0.8008491804054334,1.4571777636930348,3.513452438707022,-0.5022562973447655,0.21495128831483554,0.2229573345622874,70.84481205068707,False,6
larger E1 capped,Gross before costs,552,circular_block_bootstrap,60,ok,60,0.40877176277668203,0.8026700233252149,0.7641843291410179,1.7817747918759193,-0.5158290882947448,0.20478901568406305,0.21381616959333496,5.548852628076284,False,6
larger E1 capped,Gross before costs,553,circular_block_bootstrap,60,ok,60,-0.19209842544272038,0.7524685014248292,0.034927820585699806,0.06463048312889517,-0.8368267454820094,0.20654208839441748,0.21381616959333496,0.3441852642413705,False,6
larger E1 capped,Gross before costs,554,circular_block_bootstrap,60,ok,60,-0.23371386798164395,0.9453883435951832,0.08675737815183217,0.18380130108492057,-0.8838754443466529,0.22836433199116998,0.25298989406972205,0.26421339380300113,False,6
larger E1 capped,Gross before costs,555,circular_block_bootstrap,60,ok,60,0.9598946375960982,0.8731902291088781,1.154373158378226,3.113544145686919,-0.6630316023806515,0.2153790198681074,0.24154243163627306,28.917691699297034,False,6
larger E1 capped,Gross before costs,556,circular_block_bootstrap,60,ok,60,0.3236561579043191,0.9185691808462374,0.6873968034256783,1.6009035347212048,-0.6932248656808885,0.24957452212321224,0.260790895733237,4.063272248768306,False,6
larger E1 capped,Gross before costs,557,circular_block_bootstrap,60,ok,60,-0.10951749692392887,0.7445346995170627,0.1751694626146224,0.3170054979340666,-0.7592854864655285,0.2248093495174195,0.2589215001315662,0.5599212532369401,False,6
larger E1 capped,Gross before costs,558,circular_block_bootstrap,60,ok,60,0.14330052640088908,0.9760266476819923,0.5275966519775543,1.20206982359353,-0.6510870870378883,0.24957452212321224,0.2565847556294777,1.953448729946421,False,6
larger E1 capped,Gross before costs,559,circular_block_bootstrap,60,ok,60,0.12103760120146134,0.9421354567659898,0.4993227803714014,1.1348210101180374,-0.6676521268084072,0.22836433199116998,0.24245659484899926,1.7705202507948612,False,6
larger E1 capped,Gross before costs,560,circular_block_bootstrap,60,ok,60,0.25173408783637274,0.9491511302391524,0.6148360101935587,1.4776947311258841,-0.47662657365313443,0.25097656882446534,0.27761545614827415,3.0729846900948714,False,6
larger E1 capped,Gross before costs,561,circular_block_bootstrap,60,ok,60,0.42880880971898616,0.7164045478413219,0.8166208572080774,1.8285492092744442,-0.46214414322408104,0.20654208839441748,0.20864438837452198,5.954846850576553,False,6
larger E1 capped,Gross before costs,562,circular_block_bootstrap,60,ok,60,0.5512421571893873,0.7574936373840911,0.9263191621255017,2.032073920950328,-0.7882296190724878,0.2235059193802725,0.2505606877642733,8.982515886563961,False,6
larger E1 capped,Gross before costs,563,circular_block_bootstrap,60,ok,60,0.5321274197423451,0.8888206808895195,0.8694064620121521,2.0014386909187665,-0.5412178650060403,0.24957452212321224,0.2635949891357432,8.442565233754614,False,6
larger E1 capped,Gross before costs,564,circular_block_bootstrap,60,ok,60,0.15629939454581998,0.8288238019577066,0.5338426976131272,1.101354336055623,-0.732324821365237,0.2153790198681074,0.2502319658839196,2.067052423911663,False,6
larger E1 capped,Gross before costs,565,circular_block_bootstrap,60,ok,60,0.8879712750509301,0.9142228041992683,1.07305548486591,3.0815547685714733,-0.5204755352515478,0.20739027994371023,0.2267448611208708,23.987053939202095,False,6
larger E1 capped,Gross before costs,566,circular_block_bootstrap,60,ok,60,0.7689917434200793,0.8443043099381126,1.0576162051753628,2.4932984116819252,-0.500111629853371,0.2153790198681074,0.2502319658839196,17.32323629911507,False,6
larger E1 capped,Gross before costs,567,circular_block_bootstrap,60,ok,60,0.1493485661332672,0.8969703042406068,0.5091226915078073,1.198871505371426,-0.6406643534985405,0.22836433199116998,0.2459796605634566,2.005666828400805,False,6
larger E1 capped,Gross before costs,568,circular_block_bootstrap,60,ok,60,0.4062996736826112,0.9449403719235672,0.7473762628077427,1.8251779526466188,-0.7493473159057178,0.25097656882446534,0.27761545614827415,5.500338024070638,False,6
larger E1 capped,Gross before costs,569,circular_block_bootstrap,60,ok,60,0.7993535597781718,0.8779168896544929,1.0517891932670718,2.68229044350017,-0.6320558481957863,0.2294248414977721,0.24957452212321227,18.86177400793668,False,6
larger E1 capped,Gross before costs,570,circular_block_bootstrap,60,ok,60,0.3312682126963771,0.9727750210494701,0.6863536393149113,1.6644321940016766,-0.5557425240803329,0.2248093495174195,0.2682684781399202,4.181458697705635,False,6
larger E1 capped,Gross before costs,571,circular_block_bootstrap,60,ok,60,1.0587147053024486,0.8880480052179268,1.1976528620126623,3.3293958016336576,-0.459686741828628,0.18707599494153035,0.20436690254726655,36.981185860348155,False,6
larger E1 capped,Gross before costs,572,circular_block_bootstrap,60,ok,60,0.6410105588773498,0.8695120470795862,0.9323663065382765,2.498441399940669,-0.6167924196168509,0.2248093495174195,0.24957452212321227,11.900271708672523,False,6
larger E1 capped,Gross before costs,573,circular_block_bootstrap,60,ok,60,-0.04268396470817948,0.8896537192678367,0.31171444906060386,0.665340444014783,-0.7407335644420666,0.2294248414977721,0.2589215001315662,0.8040381721342992,False,6
larger E1 capped,Gross before costs,574,circular_block_bootstrap,60,ok,60,1.1111742576182477,0.8228171520648987,1.2948219473259692,3.202517224764432,-0.4270147829358132,0.21495128831483554,0.22214759912713777,41.93922575102569,False,6
larger E1 capped,Gross before costs,575,circular_block_bootstrap,60,ok,60,0.438782933618739,0.8311027108687705,0.8031126350052935,1.7623846274774944,-0.6230828719848991,0.21495128831483554,0.22574575453328896,6.165614801600592,False,6
larger E1 capped,Gross before costs,576,circular_block_bootstrap,60,ok,60,0.7304884843319372,0.940734033356603,0.9832242517926376,2.4499442772393967,-0.6143562226161119,0.2294248414977721,0.2589215001315662,15.51827943859598,False,6
larger E1 capped,Gross before costs,577,circular_block_bootstrap,60,ok,60,0.1630157076158285,0.7806775475758453,0.5381026416339088,1.0837240993169204,-0.6442575221580266,0.2153790198681074,0.2267448611208708,2.127785777234486,False,6
larger E1 capped,Gross before costs,578,circular_block_bootstrap,60,ok,60,0.46384006585006565,0.9490106775346635,0.7824893550913377,2.000946494177399,-0.6502384653655052,0.2294248414977721,0.2682684781399202,6.721530117466318,False,6
larger E1 capped,Gross before costs,579,circular_block_bootstrap,60,ok,60,0.22836476722754906,0.7347758040895916,0.5999824133865844,1.2663795711729011,-0.538540007868215,0.2235059193802725,0.2312376732187318,2.7966412306912325,False,6
larger E1 capped,Gross before costs,580,circular_block_bootstrap,60,ok,60,1.5469792006215712,0.8930236531638429,1.4447626333038164,4.614943240517302,-0.4919146576849973,0.2153790198681074,0.23381492449821825,107.18326739154462,False,6
larger E1 capped,Gross before costs,581,circular_block_bootstrap,60,ok,60,0.23897553090260204,0.6395601608710036,0.6152389992925158,1.3116520044097812,-0.46214414322408115,0.20696254839043837,0.2380334441870867,2.9195347369134845,False,6
larger E1 capped,Gross before costs,582,circular_block_bootstrap,60,ok,60,-0.22035659651373596,0.668149179008301,-0.06784509657538428,-0.11430612260088167,-0.9290420780741734,0.20739027994371023,0.24154243163627306,0.2880580679733338,False,6
larger E1 capped,Gross before costs,583,circular_block_bootstrap,60,ok,60,0.7800283067626597,0.8299386503879599,1.0511439431897212,2.7690229933079356,-0.7010087495493451,0.21495128831483554,0.2204432070002784,17.870411105770295,False,6
larger E1 capped,Gross before costs,584,circular_block_bootstrap,60,ok,60,0.2680474713253267,0.8138332398598725,0.6489495590145341,1.3509881964420376,-0.6640905764963696,0.2294248414977721,0.2589215001315662,3.2785179190787592,False,6
larger E1 capped,Gross before costs,585,circular_block_bootstrap,60,ok,60,1.025530527101783,0.8104993674301222,1.232130774036519,3.488743052701361,-0.45984544612045175,0.20696254839043837,0.21780283200331452,34.095256692533745,False,6
larger E1 capped,Gross before costs,586,circular_block_bootstrap,60,ok,60,0.4127248117556006,0.9083483125821781,0.7541762936827472,1.846700133169474,-0.776246916031567,0.22374884001081738,0.24478137337687136,5.627141859832408,False,6
larger E1 capped,Gross before costs,587,circular_block_bootstrap,60,ok,60,0.21369960077724315,0.8395510881246367,0.5700645496324005,1.3515113310176698,-0.6612939585867622,0.2076332005742551,0.2518514367542188,2.6336377911098556,False,6
larger E1 capped,Gross before costs,588,circular_block_bootstrap,60,ok,60,0.33772030176283785,0.765952977258496,0.6982888291680244,1.6751618542986715,-0.4769260987428201,0.2153790198681074,0.24316190250657221,4.283774395631732,False,6
larger E1 capped,Gross before costs,589,circular_block_bootstrap,60,ok,60,0.425592950563358,0.7930858691333308,0.7950741892159598,1.7686586783296139,-0.618777092855616,0.24957452212321224,0.25658475562947775,5.8881341462377526,False,6
larger E1 capped,Gross before costs,590,circular_block_bootstrap,60,ok,60,0.9761372441464662,0.8954951574664172,1.162466206091223,2.7772460719448917,-0.7080615830442363,0.21562194049865227,0.22836433199116998,30.135993728023006,False,6
larger E1 capped,Gross before costs,591,circular_block_bootstrap,60,ok,60,0.395103546538097,0.7541913917883829,0.7699273813806485,1.7604423253896735,-0.5065486685208214,0.20696254839043837,0.23869088794779406,5.284844506046067,False,6
larger E1 capped,Gross before costs,592,circular_block_bootstrap,60,ok,60,0.34725051345590296,0.9332887234873704,0.6947022645810033,1.6962935458562265,-0.49449304998942945,0.22374884001081738,0.24478137337687136,4.438556871756954,False,6
larger E1 capped,Gross before costs,593,circular_block_bootstrap,60,ok,60,0.13364695502515977,0.8781298325355933,0.49503518210992564,1.1533750365259874,-0.7504156692043811,0.24957452212321224,0.2565847556294777,1.8723590286489813,False,6
larger E1 capped,Gross before costs,594,circular_block_bootstrap,60,ok,60,0.2676047636952865,0.9294712006333048,0.6344437503134632,1.4948495167805949,-0.7643780747092896,0.22836433199116998,0.2459796605634566,3.272798843784451,False,6
larger E1 capped,Gross before costs,595,circular_block_bootstrap,60,ok,60,0.005798814907895133,0.8032403826364559,0.34285028781189864,0.7137364787030192,-0.5461965273735578,0.2262113962186726,0.27761545614827415,1.0293322926672672,False,6
larger E1 capped,Gross before costs,596,circular_block_bootstrap,60,ok,60,0.2913246277120136,1.0700723800232517,0.6578127628989876,1.6179205455203531,-0.7477021130725658,0.2308268881990252,0.27761545614827415,3.590683856344039,False,6
larger E1 capped,Gross before costs,597,circular_block_bootstrap,60,ok,60,1.0353694715182882,1.0261094897979448,1.11036947628329,3.2338162300451434,-0.4596867418286281,0.22836433199116998,0.25298989406972205,34.93142327572209,False,6
larger E1 capped,Gross before costs,598,circular_block_bootstrap,60,ok,60,0.16698326737485503,0.7696377313902212,0.534177125584536,1.1090036890907387,-0.7410627053917286,0.22374884001081738,0.2518514367542188,2.164328334556635,False,6
larger E1 capped,Gross before costs,599,circular_block_bootstrap,60,ok,60,2.6596571865498277,0.8422472845402541,1.9758579756392847,6.50185819960442,-0.3380643043426105,0.1879570326294192,0.2115331084429929,656.4505654443683,False,6
larger E1 capped,Gross before costs,600,circular_block_bootstrap,60,ok,60,1.4852215233765431,1.0167316764709962,1.3388702125125889,3.8621817555775473,-0.3849529088189082,0.21668245000525438,0.2682684781399202,94.80375317747392,False,6
larger E1 capped,Gross before costs,601,circular_block_bootstrap,60,ok,60,0.7735308359141355,1.0272980278661954,0.9733897111714187,2.646506186021258,-0.6094958869709065,0.22836433199116998,0.24067711303044603,17.546630033639346,False,6
larger E1 capped,Gross before costs,602,circular_block_bootstrap,60,ok,60,0.25069182950800695,0.9217457397616653,0.6137663642972702,1.4342963976344405,-0.7411676925223787,0.22374884001081738,0.24478137337687136,3.060212350303691,False,6
larger E1 capped,Gross before costs,603,circular_block_bootstrap,60,ok,60,1.914328568418033,0.9943012540635007,1.5164041686900782,4.743458965012816,-0.4596867418286281,0.21562194049865227,0.2611984147625728,210.2289726512403,False,6
larger E1 capped,Gross before costs,604,circular_block_bootstrap,60,ok,60,-0.2232177411545676,0.9210839940427221,0.09186716186592857,0.19180460903951874,-0.7943674605640872,0.25097656882446534,0.27761545614827415,0.2828111255123635,False,6
larger E1 capped,Gross before costs,605,circular_block_bootstrap,60,ok,60,0.3131937705637926,1.0325979792636135,0.6663985352471923,1.7061353170508156,-0.734236561558994,0.22836433199116998,0.24478137337687136,3.9052070928853015,False,6
larger E1 capped,Gross before costs,606,circular_block_bootstrap,60,ok,60,0.613686808980539,0.9131501318018688,0.8944587869624006,2.3385126780333034,-0.5024241308817556,0.20696254839043837,0.22389331743239183,10.941988259760963,False,6
larger E1 capped,Gross before costs,607,circular_block_bootstrap,60,ok,60,0.16809026398671878,0.9129398821853617,0.5385432990888951,1.227242699127775,-0.6851146226955757,0.22836433199116998,0.24597966056345658,2.17461320327916,False,6
larger E1 capped,Gross before costs,608,circular_block_bootstrap,60,ok,60,0.1449873747856436,0.8658798317129937,0.5178306021101573,1.1220039581709513,-0.770308735406843,0.2248093495174195,0.2682684781399202,1.9679021026151566,False,6
larger E1 capped,Gross before costs,609,circular_block_bootstrap,60,ok,60,0.7219352415768019,0.911841370069153,0.9856016720335528,2.463735962793995,-0.6032568918887737,0.21495128831483554,0.22696035768601333,15.138542782982908,False,6
larger E1 capped,Gross before costs,610,circular_block_bootstrap,60,ok,60,-0.1247364394462428,0.7572888014230051,0.15292916789271524,0.2854777406753201,-0.7393545387626071,0.24957452212321224,0.25658475562947775,0.5136818728317339,False,6
larger E1 capped,Gross before costs,611,circular_block_bootstrap,60,ok,60,0.577432961124583,0.732389634706456,0.9447603897263157,2.2974283800741793,-0.5464393674345588,0.1879570326294192,0.23461526431524402,9.766850875027863,False,6
larger E1 capped,Gross before costs,612,circular_block_bootstrap,60,ok,60,0.7536497411000951,0.9102440532768131,1.01538745537795,2.4435819421470697,-0.6174765444221865,0.22836433199116998,0.2459796605634566,16.58495422746231,False,6
larger E1 capped,Gross before costs,613,circular_block_bootstrap,60,ok,60,1.0190173135505756,0.7976432628938542,1.24498574098609,3.243505653813477,-0.4296654325264838,0.18799688661107988,0.2293439099394401,33.55059416238124,False,6
larger E1 capped,Gross before costs,614,circular_block_bootstrap,60,ok,60,0.5092711349185455,0.874277495156097,0.8530194353307142,1.921704123073346,-0.6362423360097775,0.22374884001081738,0.2354343953685174,7.831344533708642,False,6
larger E1 capped,Gross before costs,615,circular_block_bootstrap,60,ok,60,0.36826343091610636,0.81007279249466,0.7428342819382948,1.6085893849610726,-0.6099089985197126,0.22374884001081738,0.2518514367542188,4.7956623660011175,False,6
larger E1 capped,Gross before costs,616,circular_block_bootstrap,60,ok,60,0.47746448683481924,0.9336730773216559,0.8041302282061913,1.9829374304644765,-0.6489359026273896,0.2294248414977721,0.2589215001315662,7.040204162680686,False,6
larger E1 capped,Gross before costs,617,circular_block_bootstrap,60,ok,60,0.492680718455873,0.7652042172266843,0.8650595876345156,1.9466992329041837,-0.6186002517595224,0.2235059193802725,0.2505606877642733,7.410279936023239,False,6
larger E1 capped,Gross before costs,618,circular_block_bootstrap,60,ok,60,0.10386234741915401,0.860675882866083,0.47296024309242646,1.0342883332030948,-0.7935621431332647,0.20869371008085721,0.24957452212321227,1.6389835676320155,False,6
larger E1 capped,Gross before costs,619,circular_block_bootstrap,60,ok,60,1.603755921407422,0.8350270437519669,1.5471552802730766,4.307869459408967,-0.6353958752490225,0.20478901568406305,0.22654084329930071,119.67442599164632,False,6
larger E1 capped,Gross before costs,620,circular_block_bootstrap,60,ok,60,0.8575732385207517,0.8520378969680806,1.0985219227227723,2.8412805024158807,-0.5777569525657444,0.21495128831483554,0.22165781015300276,22.117178778993683,False,6
larger E1 capped,Gross before costs,621,circular_block_bootstrap,60,ok,60,0.11393326212353694,0.7724338464869882,0.48282498574839156,0.9532642854266725,-0.5204755352515478,0.2294248414977721,0.2682684781399202,1.7151253304318135,False,6
larger E1 capped,Gross before costs,622,circular_block_bootstrap,60,ok,60,0.19901298427738312,0.7748469692205663,0.5631445026904639,1.243126121326272,-0.8201186805751879,0.21495128831483554,0.2204432070002784,2.478103441323905,False,6
larger E1 capped,Gross before costs,623,circular_block_bootstrap,60,ok,60,0.5915429317909706,0.7668038933973224,0.9499538348164519,2.169363061275035,-0.5348984256617287,0.21495128831483554,0.23226290521902387,10.211552886455454,False,6
larger E1 capped,Gross before costs,624,circular_block_bootstrap,60,ok,60,0.25857144964232615,0.7193449149226006,0.6450609405156612,1.2980544646750807,-0.626630096878728,0.21495128831483554,0.22574575453328896,3.1578345956815186,False,6
larger E1 capped,Gross before costs,625,circular_block_bootstrap,60,ok,60,0.14738482678021714,0.7452381873270659,0.5112012866943656,1.0501117841978558,-0.8495073044332759,0.2235059193802725,0.2505606877642733,1.988591194334895,False,6
larger E1 capped,Gross before costs,626,circular_block_bootstrap,60,ok,60,0.26592533704703714,0.7079891005859269,0.6339828799917162,1.4528643782565842,-0.7627084895567166,0.20478901568406305,0.20654208839441748,3.251175855283601,False,6
larger E1 capped,Gross before costs,627,circular_block_bootstrap,60,ok,60,0.6179198699406383,0.8838305058985875,0.9168167853060797,2.309046681095044,-0.7059407766787544,0.2248093495174195,0.2682684781399202,11.08625958560349,False,6
larger E1 capped,Gross before costs,628,circular_block_bootstrap,60,ok,60,1.498045354604077,0.9223392437894754,1.4126007009260404,3.8991180386591853,-0.582786509193004,0.21495128831483554,0.22696035768601333,97.27507982932659,False,6
larger E1 capped,Gross before costs,629,circular_block_bootstrap,60,ok,60,0.11957273346952535,0.754741253993413,0.46382012178944854,0.9930482429752187,-0.3880248202308,0.22374884001081738,0.2518514367542188,1.7589826862238676,False,6
larger E1 capped,Gross before costs,630,circular_block_bootstrap,60,ok,60,0.24733007908853355,0.8024287902520901,0.6187354375243046,1.3268727716262154,-0.5879511393902968,0.22374884001081738,0.24478137337687136,3.0193049355133503,False,6
larger E1 capped,Gross before costs,631,circular_block_bootstrap,60,ok,60,0.2260050152008919,1.0249239603945164,0.6080064385940971,1.4341785691002524,-0.6883337671328833,0.27761545614827415,0.27761545614827415,2.769881781249542,False,6
larger E1 capped,Gross before costs,632,circular_block_bootstrap,60,ok,60,0.40991156841454024,0.7987602432967492,0.7893428266764386,1.6541216922676318,-0.6569613016038398,0.2248093495174195,0.2682684781399202,5.571336241696366,False,6
larger E1 capped,Gross before costs,633,circular_block_bootstrap,60,ok,60,0.6826308973994679,0.9782820973324586,0.9329058721088127,2.4647838369599078,-0.5176649428530065,0.2294248414977721,0.2682684781399202,13.487898746269455,False,6
larger E1 capped,Gross before costs,634,circular_block_bootstrap,60,ok,60,0.2850580942971428,0.9222287820231895,0.645715830581491,1.531338132702532,-0.5001116298533709,0.2294248414977721,0.2682684781399202,3.5044010957035368,False,6
larger E1 capped,Gross before costs,635,circular_block_bootstrap,60,ok,60,1.2750005688287844,0.9540541913739672,1.2881108694840178,3.418334241019363,-0.4864246436618984,0.24957452212321224,0.25658475562947775,60.940715356310974,False,6
larger E1 capped,Gross before costs,636,circular_block_bootstrap,60,ok,60,0.13522808859686197,0.6791153120982375,0.49546772751209256,0.9315446812901975,-0.7386594755728565,0.2076332005742551,0.2354343953685174,1.8854526963841785,False,6
larger E1 capped,Gross before costs,637,circular_block_bootstrap,60,ok,60,-0.16837824331515283,0.7457532125040501,0.0888820664272446,0.15784556363608987,-0.9181710970027311,0.22374884001081738,0.2611984147625728,0.3977674247193855,False,6
larger E1 capped,Gross before costs,638,circular_block_bootstrap,60,ok,60,0.04862093090858477,0.8707492922117853,0.4057559329296872,0.9101732879026871,-0.8276384504856434,0.22374884001081738,0.2518514367542188,1.2679222141816857,False,6
larger E1 capped,Gross before costs,639,circular_block_bootstrap,60,ok,60,-0.057710861784301626,0.7846808579097542,0.25912060418921806,0.5169265589982257,-0.7889943956690977,0.2248093495174195,0.2682684781399202,0.7428838638056037,False,6
larger E1 capped,Gross before costs,640,circular_block_bootstrap,60,ok,60,0.19076191693244704,0.9180435450630273,0.5759673547651828,1.237792292987873,-0.6225630718520692,0.24957452212321224,0.25658475562947775,2.3940029583039095,False,6
larger E1 capped,Gross before costs,641,circular_block_bootstrap,60,ok,60,0.2908782441807387,0.9172313358351395,0.6465167162431612,1.543163138646563,-0.6805204834205075,0.2294248414977721,0.2589215001315662,3.5844820293019644,False,6
larger E1 capped,Gross before costs,642,circular_block_bootstrap,60,ok,60,0.8375917497763945,1.0075694648382143,1.0157744414718124,2.837342302897858,-0.6082556501012688,0.24957452212321224,0.2635949891357432,20.952949279973055,False,6
larger E1 capped,Gross before costs,643,circular_block_bootstrap,60,ok,60,1.3903509624255501,0.823849878205219,1.4451181471536045,4.022371036415242,-0.6207206317412173,0.21495128831483554,0.22574575453328896,78.03839949980693,False,6
larger E1 capped,Gross before costs,644,circular_block_bootstrap,60,ok,60,0.07591864011536753,0.8702962346788772,0.434917305739926,0.9994829025369885,-0.7595795820648992,0.22374884001081738,0.2518514367542188,1.4417738965007625,False,6
larger E1 capped,Gross before costs,645,circular_block_bootstrap,60,ok,60,0.32030836895810144,0.7600924197697181,0.7083615172770429,1.465147781167938,-0.6802041562753974,0.22374884001081738,0.2611984147625728,4.012147406439542,False,6
larger E1 capped,Gross before costs,646,circular_block_bootstrap,60,ok,60,0.5168549672636034,0.8526174804408925,0.8575326007293392,1.976847325111488,-0.4782141693511185,0.22374884001081738,0.24478137337687136,8.030087737714915,False,6
larger E1 capped,Gross before costs,647,circular_block_bootstrap,60,ok,60,0.651869428744489,0.8888735656145565,0.9349049131038728,2.4008954457154355,-0.581910201647772,0.2153790198681074,0.2267448611208708,12.299248567317619,False,6
larger E1 capped,Gross before costs,648,circular_block_bootstrap,60,ok,60,0.9266124356661363,0.9183260944982718,1.1128445039997625,2.898311669116217,-0.5213711079924797,0.2153790198681074,0.24316190250657221,26.54433171610704,False,6
larger E1 capped,Gross before costs,649,circular_block_bootstrap,60,ok,60,0.4095900891053459,0.7989935584559223,0.7769267342701732,1.7743813581278407,-0.5625433702848333,0.24957452212321224,0.2635949891357432,5.56498742955982,False,6
larger E1 capped,Gross before costs,650,circular_block_bootstrap,60,ok,60,0.9676810548058217,0.9685525550327948,1.1016948359937229,3.1681208831492316,-0.5532603001177425,0.22374884001081738,0.2611984147625728,29.496706092870866,False,6
larger E1 capped,Gross before costs,651,circular_block_bootstrap,60,ok,60,0.0391162585390914,0.8797515339608879,0.3952914291909129,0.9000372003848286,-0.7946215136463073,0.22374884001081738,0.2518514367542188,1.211492417549852,False,6
larger E1 capped,Gross before costs,652,circular_block_bootstrap,60,ok,60,0.5732077993115658,0.8277206203357927,0.9050157516471821,2.1235479687300036,-0.500111629853371,0.21495128831483554,0.2306173302731952,9.636746926022123,False,6
larger E1 capped,Gross before costs,653,circular_block_bootstrap,60,ok,60,0.39173187649858066,0.9778138747042505,0.7311205813754398,1.818309995569478,-0.6881471131040485,0.2294248414977721,0.2589215001315662,5.221290687671676,False,6
larger E1 capped,Gross before costs,654,circular_block_bootstrap,60,ok,60,0.9473238972712743,0.8529090883983403,1.1614997652735757,2.9905179260654866,-0.5512982030793021,0.20520947568008394,0.2380334441870867,28.002123547037417,False,6
larger E1 capped,Gross before costs,655,circular_block_bootstrap,60,ok,60,0.6578510903554098,0.9374823774711518,0.9288414301667225,2.3555302084896517,-0.4696657461357292,0.22836433199116998,0.24597966056345658,12.523554101780983,False,6
larger E1 capped,Gross before costs,656,circular_block_bootstrap,60,ok,60,0.055078238693471615,0.9204394812661543,0.4243787916614597,0.9670482827140353,-0.7959938100047169,0.25097656882446534,0.27761545614827415,1.3074446984039894,False,6
larger E1 capped,Gross before costs,657,circular_block_bootstrap,60,ok,60,0.13483959418495517,0.7697173497462216,0.4931112961596284,1.059319153170843,-0.7135713537236712,0.2153790198681074,0.24154243163627306,1.8822287333951924,False,6
larger E1 capped,Gross before costs,658,circular_block_bootstrap,60,ok,60,0.43165899483294035,0.8877430811044197,0.7759057077303058,1.826448495817875,-0.6281900497435605,0.22836433199116998,0.2389694270571911,6.0144778663861125,False,6
larger E1 capped,Gross before costs,659,circular_block_bootstrap,60,ok,60,0.348881392176172,0.8579147426815346,0.7025649623671559,1.6936777062317019,-0.7827634480304042,0.20739027994371023,0.23381492449821825,4.465486883875915,False,6
larger E1 capped,Gross before costs,660,circular_block_bootstrap,60,ok,60,1.0392778140968324,0.9240552293261397,1.1686687050679576,3.203422057904239,-0.5078287190057672,0.20696254839043837,0.23096338080973924,35.268092585013804,False,6
larger E1 capped,Gross before costs,661,circular_block_bootstrap,60,ok,60,0.5077885307987466,0.9691844786324855,0.8103869951567214,2.1517150034195596,-0.500111629853371,0.2294248414977721,0.2682684781399202,7.792955159764059,False,6
larger E1 capped,Gross before costs,662,circular_block_bootstrap,60,ok,60,0.7220384179944941,0.7892667998907525,1.0503900405538475,2.3842780287123437,-0.44724586896811946,0.21562194049865227,0.2354343953685174,15.143078748582447,False,6
larger E1 capped,Gross before costs,663,circular_block_bootstrap,60,ok,60,0.7405296711245062,0.7881637780625623,1.0594202592872684,2.532648989282606,-0.5078656212020224,0.20696254839043837,0.2264923662509611,15.9737600321253,False,6
larger E1 capped,Gross before costs,664,circular_block_bootstrap,60,ok,60,-0.04487982053748796,0.7020285909674179,0.23854175425991167,0.46227394375054087,-0.6904772728719196,0.21495128831483554,0.23226290521902387,0.7948590145454376,False,6
larger E1 capped,Gross before costs,665,circular_block_bootstrap,60,ok,60,0.027980008246025534,0.8362152300539107,0.38357328246651534,0.7896552689046987,-0.8983267013542211,0.20696254839043837,0.21942230287361367,1.1479509816354247,False,6
larger E1 capped,Gross before costs,666,circular_block_bootstrap,60,ok,60,0.6038476906301435,0.6989640436465507,0.9930322313431921,2.3336847808335146,-0.52582878611106,0.20696254839043837,0.2380334441870867,10.612448988062761,False,6
larger E1 capped,Gross before costs,667,circular_block_bootstrap,60,ok,60,0.4520842517350072,0.7812397684031913,0.8248632837482385,1.8121415479079392,-0.7190678682927987,0.2235059193802725,0.24355045425800784,6.455933927587511,False,6
larger E1 capped,Gross before costs,668,circular_block_bootstrap,60,ok,60,0.3866809514162455,0.818194151963206,0.7572768550967339,1.673917116533561,-0.854159314279164,0.2153790198681074,0.24154243163627306,5.12722939977021,False,6
larger E1 capped,Gross before costs,669,circular_block_bootstrap,60,ok,60,0.2830965946775592,0.7407916988092584,0.6546184228147444,1.4417513965355764,-0.5598379618433224,0.22374884001081738,0.2518514367542188,3.4777372078723445,False,6
larger E1 capped,Gross before costs,670,circular_block_bootstrap,60,ok,60,0.5422622859199633,0.9597128036115303,0.8542126924852199,2.0406063561512213,-0.4596867418286281,0.24957452212321224,0.25518270892822464,8.725517481541704,False,6
larger E1 capped,Gross before costs,671,circular_block_bootstrap,60,ok,60,-0.07975041520402837,1.0772731619707527,0.33529670595954475,0.7741107799228927,-0.8569067053271767,0.27761545614827415,0.27761545614827415,0.659976012350166,False,6
larger E1 capped,Gross before costs,672,circular_block_bootstrap,60,ok,60,0.40236586537066565,0.7584622799792298,0.778564285418345,1.7238393058748085,-0.5575227268920249,0.20869371008085721,0.24957452212321227,5.423837392244237,False,6
larger E1 capped,Gross before costs,673,circular_block_bootstrap,60,ok,60,0.49492160238414495,0.8215971626380131,0.8290862393615553,2.1034539889798074,-0.6366959988204728,0.20478901568406305,0.2281603141695999,7.4660705350817445,False,6
larger E1 capped,Gross before costs,674,circular_block_bootstrap,60,ok,60,0.7735193590450982,0.8567919501460572,1.033493184507469,2.727125625377545,-0.4735603890916925,0.20469674869930754,0.21653054034523878,17.546062302409258,False,6
larger E1 capped,Gross before costs,675,circular_block_bootstrap,60,ok,60,0.23840376409674047,0.9340255763147584,0.6049609497633661,1.45215868242886,-0.7129393695269617,0.22374884001081738,0.2518514367542188,2.9128043656597216,False,6
larger E1 capped,Gross before costs,676,circular_block_bootstrap,60,ok,60,0.5399174523147847,0.8440702622166877,0.8716220679263793,2.081348776483991,-0.6785580396951671,0.2153790198681074,0.24316190250657221,8.659388109526063,False,6
larger E1 capped,Gross before costs,677,circular_block_bootstrap,60,ok,60,1.1540086787795838,0.7558078919511764,1.3663642547952375,3.8963030496651956,-0.36970691633022146,0.1874841596303035,0.20811492857115022,46.37001581008324,False,6
larger E1 capped,Gross before costs,678,circular_block_bootstrap,60,ok,60,0.8485974848130151,0.7928556143232266,1.1315039119762056,2.868912544147756,-0.397109053276846,0.20696254839043837,0.2380334441870867,21.5879691622297,False,6
larger E1 capped,Gross before costs,679,circular_block_bootstrap,60,ok,60,0.47628995490680626,0.8645971878150526,0.8005975758514527,2.1031568253823294,-0.7193455192331659,0.20739027994371023,0.23381492449821825,7.012265054656007,False,6
larger E1 capped,Gross before costs,680,circular_block_bootstrap,60,ok,60,0.04409062352714099,0.8817901335573496,0.4277206046232792,0.8702343698732571,-0.8172302253194975,0.2294248414977721,0.2682684781399202,1.2407691247010864,False,6
larger E1 capped,Gross before costs,681,circular_block_bootstrap,60,ok,60,-0.16098276056836291,0.8117151134590994,0.1336750520261372,0.2542644671313865,-0.8231737012281217,0.24957452212321224,0.2565847556294777,0.4157712184468628,False,6
larger E1 capped,Gross before costs,682,circular_block_bootstrap,60,ok,60,1.1973251439767587,0.9250542096569327,1.2458067664832964,3.868722081888759,-0.6274435392068584,0.2248093495174195,0.2682684781399202,51.22378038691681,False,6
larger E1 capped,Gross before costs,683,circular_block_bootstrap,60,ok,60,0.8268258469738692,0.8595244935717118,1.0728544214152846,2.743792231311164,-0.6337988565691886,0.20478901568406305,0.2281603141695999,20.346313791123432,False,6
larger E1 capped,Gross before costs,684,circular_block_bootstrap,60,ok,60,0.6541342613105805,0.7663793035590357,1.0023624881940965,2.3443745008088865,-0.8085535558465956,0.20478901568406305,0.2281603141695999,12.383795891326947,False,6
larger E1 capped,Gross before costs,685,circular_block_bootstrap,60,ok,60,0.6590500490872866,0.9656983593444701,0.9129068023401532,2.5256931250192522,-0.5224598727445708,0.2294248414977721,0.2682684781399202,12.568904852460012,False,6
larger E1 capped,Gross before costs,686,circular_block_bootstrap,60,ok,60,0.28030520729123576,0.8889100475204269,0.6483918381751276,1.4864903684873947,-0.6363670555800307,0.2235059193802725,0.24154243163627306,3.44007221371408,False,6
larger E1 capped,Gross before costs,687,circular_block_bootstrap,60,ok,60,1.0420949439210196,0.9926076372786715,1.1258443443343908,3.4154342686110244,-0.46238844877204077,0.21562194049865227,0.2518514367542188,35.51236945263325,False,6
larger E1 capped,Gross before costs,688,circular_block_bootstrap,60,ok,60,1.2051577424076534,0.9134374629851821,1.2558223320469564,3.8956512455530605,-0.5630892098256548,0.2076332005742551,0.2518514367542188,52.14327531499358,False,6
larger E1 capped,Gross before costs,689,circular_block_bootstrap,60,ok,60,0.4214858038581115,1.075222425424097,0.7444348417141957,1.9452209922277663,-0.5579689473127007,0.2294248414977721,0.2682684781399202,5.8038026186319795,False,6
larger E1 capped,Gross before costs,690,circular_block_bootstrap,60,ok,60,0.9100243383554181,0.9085975390230929,1.0974267773646185,2.985786719463367,-0.5001116298533709,0.21495128831483554,0.23016673061679013,25.42110978764973,False,6
larger E1 capped,Gross before costs,691,circular_block_bootstrap,60,ok,60,0.08228073262077862,0.7764565132522931,0.4381862238684788,0.8907350258819438,-0.7311563653843995,0.2248093495174195,0.2682684781399202,1.4849083000409304,False,6
larger E1 capped,Gross before costs,692,circular_block_bootstrap,60,ok,60,-0.04831795139694983,0.7306433546731957,0.24752968452329846,0.47884888777933976,-0.8619105136889215,0.20739027994371023,0.23381492449821825,0.7806554335916731,False,6
larger E1 capped,Gross before costs,693,circular_block_bootstrap,60,ok,60,1.216943877244633,0.9675257235335786,1.2308557783545817,3.70738029044138,-0.4270147829358132,0.2294248414977721,0.2589215001315662,53.55172867691621,False,6
larger E1 capped,Gross before costs,694,circular_block_bootstrap,60,ok,60,0.8512567012980554,1.1101220570259385,0.9977578866885095,2.805059571006552,-0.6465047039960009,0.2308268881990252,0.27761545614827415,21.743688518232066,False,6
larger E1 capped,Gross before costs,695,circular_block_bootstrap,60,ok,60,0.6636020123019524,0.8797158602546821,0.9755157555918785,2.179895424526525,-0.6508444436897087,0.2294248414977721,0.2589215001315662,12.74228120336238,False,6
larger E1 capped,Gross before costs,696,circular_block_bootstrap,60,ok,60,0.34473770223828226,1.0010848222252202,0.6820967086132524,1.785245335180165,-0.5180826462734648,0.2294248414977721,0.2682684781399202,4.397318333933588,False,6
larger E1 capped,Gross before costs,697,circular_block_bootstrap,60,ok,60,0.22531209320075973,0.7369334153439997,0.6096800882992356,1.2050370241478043,-0.521619754857656,0.20696254839043837,0.21495128831483554,2.762063119474248,False,6
larger E1 capped,Gross before costs,698,circular_block_bootstrap,60,ok,60,0.9933029601400463,0.8322242161413991,1.198373430350948,3.238323354079772,-0.45968674182862823,0.20696254839043837,0.21942230287361367,31.46781284415526,False,6
larger E1 capped,Gross before costs,699,circular_block_bootstrap,60,ok,60,0.15947410174571752,0.7278268562763102,0.5323456477242191,1.0214465935510753,-0.7671405642315747,0.22836433199116998,0.2459796605634566,2.0955849122045613,False,6
larger E1 capped,Gross before costs,700,circular_block_bootstrap,60,ok,60,0.2471470420673194,0.799046304846886,0.620263153414475,1.3258366238874886,-0.647053075665035,0.2076332005742551,0.24250445874586482,3.0170902754923556,False,6
larger E1 capped,Gross before costs,701,circular_block_bootstrap,60,ok,60,0.6771853843291524,0.7459146679803498,1.0247795703998022,2.5084360576048597,-0.459686741828628,0.21562194049865227,0.24250445874586482,13.271051840444143,False,6
larger E1 capped,Gross before costs,702,circular_block_bootstrap,60,ok,60,0.7956460033971937,0.8565148335714946,1.0521752298271814,2.6680875359012033,-0.5695078163344948,0.22374884001081738,0.24478137337687136,18.66825034419387,False,6
larger E1 capped,Gross before costs,703,circular_block_bootstrap,60,ok,60,-0.054011866426518784,0.8438531762102283,0.28879212391882664,0.5726606234655358,-0.634430201569947,0.24957452212321224,0.2635949891357432,0.7575798997063127,False,6
larger E1 capped,Gross before costs,704,circular_block_bootstrap,60,ok,60,-0.1739344453386007,0.6396327798889792,-0.005904598100569438,-0.009887788491495032,-0.807451626186819,0.22374884001081738,0.2518514367542188,0.3846560490572636,False,6
larger E1 capped,Gross before costs,705,circular_block_bootstrap,60,ok,60,0.656675537798203,0.7702697343385692,0.9940902608022526,2.468381653451287,-0.5001116298533708,0.2076332005742551,0.24250445874586482,12.47921588411957,False,6
larger E1 capped,Gross before costs,706,circular_block_bootstrap,60,ok,60,0.9846195721315079,0.8018551702074639,1.2247361719655199,3.0258129282081376,-0.41087944537710386,0.20520947568008394,0.2264923662509611,30.78834539990776,False,6
larger E1 capped,Gross before costs,707,circular_block_bootstrap,60,ok,60,0.4668767509430356,0.9703795391394847,0.7931715975051246,1.9096177155645837,-0.6922413352367467,0.22836433199116998,0.2459796605634566,6.791537870243085,False,6
larger E1 capped,Gross before costs,708,circular_block_bootstrap,60,ok,60,0.5507909365923482,0.8302786343193034,0.8790654383501687,2.159826122307167,-0.4960221597729467,0.21562194049865227,0.2518514367542188,8.969459450005449,False,6
larger E1 capped,Gross before costs,709,circular_block_bootstrap,60,ok,60,0.43398592553865,0.8816605061559697,0.7604570818594791,1.9660043836157637,-0.49369297739861095,0.22836433199116998,0.2459796605634566,6.063514827692451,False,6
larger E1 capped,Gross before costs,710,circular_block_bootstrap,60,ok,60,0.6842468039010947,0.925313313797716,0.9564169326304283,2.3531186702170905,-0.6219768491066934,0.22836433199116998,0.2459796605634566,13.552788453606336,False,6
larger E1 capped,Gross before costs,711,circular_block_bootstrap,60,ok,60,0.49219814978231513,0.7251760283519765,0.8673440304680999,2.0894682296813687,-0.6368759501083245,0.20478901568406305,0.2208862329706824,7.398309333358645,False,6
larger E1 capped,Gross before costs,712,circular_block_bootstrap,60,ok,60,0.7157171810416394,0.8821044002947462,0.9813425893604771,2.601496963049713,-0.5324554035215064,0.21562194049865227,0.24250445874586482,14.86717663911658,False,6
larger E1 capped,Gross before costs,713,circular_block_bootstrap,60,ok,60,0.033816226146838435,0.7306629277104967,0.35557860499182,0.7295444688292702,-0.5929816777263996,0.20654208839441748,0.2237550618859354,1.1809097859581106,False,6
larger E1 capped,Gross before costs,714,circular_block_bootstrap,60,ok,60,0.17601348912185522,1.0204837875068984,0.5496487920130735,1.3904702399015973,-0.594535165033584,0.22836433199116998,0.2401078843726944,2.249373198050402,False,6
larger E1 capped,Gross before costs,715,circular_block_bootstrap,60,ok,60,1.5033344526838088,0.8613742671880432,1.4657008333398993,4.258568729034376,-0.4596867418286281,0.1884697596101956,0.23096338080973924,98.3092498857966,False,6
larger E1 capped,Gross before costs,716,circular_block_bootstrap,60,ok,60,0.48043139785956646,0.8482829587516384,0.834042279656663,1.883545612454483,-0.559915736303892,0.2248093495174195,0.2589215001315662,7.111176147428773,False,6
larger E1 capped,Gross before costs,717,circular_block_bootstrap,60,ok,60,0.9111301243230019,0.7577581612268736,1.1973733209048518,3.189380063170204,-0.4270147829358132,0.21495128831483554,0.2204432070002784,25.494781292837683,False,6
larger E1 capped,Gross before costs,718,circular_block_bootstrap,60,ok,60,0.21854334273689835,0.8297256881448991,0.5930198681932439,1.288304161571376,-0.6518650396601167,0.2248093495174195,0.2589215001315662,2.6866117309164648,False,6
larger E1 capped,Gross before costs,719,circular_block_bootstrap,60,ok,60,0.05082192708179312,0.9858811865217707,0.43373084537164336,1.00847262939403,-0.7656454926525373,0.22836433199116998,0.24067711303044603,1.2812846766482409,False,6
larger E1 capped,Gross before costs,720,circular_block_bootstrap,60,ok,60,0.4283703093001021,0.8296115920497943,0.782343453745148,1.8092959099680173,-0.6242707712148312,0.21495128831483554,0.23927313872528938,5.945714766004439,False,6
larger E1 capped,Gross before costs,721,circular_block_bootstrap,60,ok,60,0.3774881007726343,0.807452095588169,0.756418611014115,1.5799040611546602,-0.6453228332173606,0.22836433199116998,0.22836433199116998,4.959515818084166,False,6
larger E1 capped,Gross before costs,722,circular_block_bootstrap,60,ok,60,0.5622103663893472,0.8631968521664819,0.8651206025438026,2.387557801411801,-0.5829934884857821,0.2294248414977721,0.24957452212321227,9.30459719138174,False,6
larger E1 capped,Gross before costs,723,circular_block_bootstrap,60,ok,60,-0.02498096149004636,0.7997644062441802,0.29472788414522766,0.6123005100076703,-0.7809625602573331,0.24957452212321224,0.24957452212321224,0.8811817210734834,False,6
larger E1 capped,Gross before costs,724,circular_block_bootstrap,60,ok,60,0.7083466240608998,0.7869726155641034,1.0291260882185584,2.4865035847122714,-0.6000933169735223,0.2153790198681074,0.2595789438922736,14.550568737200145,False,6
larger E1 capped,Gross before costs,725,circular_block_bootstrap,60,ok,60,1.2336722684428443,0.8823419959657678,1.2990966919374813,3.825877866739361,-0.38777072011508795,0.20520947568008394,0.24738042219544065,55.60287680511989,False,6
larger E1 capped,Gross before costs,726,circular_block_bootstrap,60,ok,60,-0.1410975273301348,0.7125889113736896,0.1066767769361691,0.18909745991890653,-0.853952795831821,0.2248093495174195,0.2682684781399202,0.4674328875172096,False,6
larger E1 capped,Gross before costs,727,circular_block_bootstrap,60,ok,60,1.4996309617190255,0.7977925251141988,1.5286191251075265,4.491461500393386,-0.3714493567968218,0.18657823388982958,0.18998850314921104,97.58419348717696,False,6
larger E1 capped,Gross before costs,728,circular_block_bootstrap,60,ok,60,0.05607339281856105,0.8903057678599531,0.4316525746514005,0.913360329603697,-0.6807689675464901,0.22374884001081738,0.2611984147625728,1.3136222768807304,False,6
larger E1 capped,Gross before costs,729,circular_block_bootstrap,60,ok,60,0.5052249680105947,0.8033735269663533,0.8649146688497582,1.950912898706669,-0.7980528256975699,0.21495128831483554,0.2322629052190239,7.7269316026441635,False,6
larger E1 capped,Gross before costs,730,circular_block_bootstrap,60,ok,60,-0.23310935418100542,0.7801471578385065,-0.01209939593167237,-0.02251935097480806,-0.8321239661431765,0.22374884001081738,0.2611984147625728,0.2652572130658414,False,6
larger E1 capped,Gross before costs,731,circular_block_bootstrap,60,ok,60,0.04051534322180661,0.8591930457902787,0.40515801869396945,0.8573134060873332,-0.7304418520036214,0.22374884001081738,0.2611984147625728,1.2196702846760026,False,6
larger E1 capped,Gross before costs,732,circular_block_bootstrap,60,ok,60,1.2906273429413981,0.8788034066437599,1.3333739423864102,3.7621766127057135,-0.582993488485782,0.2294248414977721,0.24957452212321227,63.06264797915058,False,6
larger E1 capped,Gross before costs,733,circular_block_bootstrap,60,ok,60,0.2499277195709686,0.8580623388815276,0.6326122933798459,1.340875816903265,-0.7262225810965443,0.24957452212321224,0.2635949891357432,3.050875585078393,False,6
larger E1 capped,Gross before costs,734,circular_block_bootstrap,60,ok,60,1.342883455923055,0.9816143010553756,1.2852368260353184,3.863229738386781,-0.3895875824513946,0.22836433199116998,0.2389694270571911,70.5916654555039,False,6
larger E1 capped,Gross before costs,735,circular_block_bootstrap,60,ok,60,1.547828350410596,0.8196258126156449,1.5173309115931801,5.066864321290322,-0.34946002376197116,0.1884697596101956,0.2380334441870867,107.36205832305275,False,6
larger E1 capped,Gross before costs,736,circular_block_bootstrap,60,ok,60,0.45821972728160754,0.841811198323466,0.8049513486933565,1.8858022690776501,-0.5603540592214442,0.2153790198681074,0.24316190250657221,6.593482321573352,False,6
larger E1 capped,Gross before costs,737,circular_block_bootstrap,60,ok,60,1.3583065685366686,0.7983047176081975,1.4390215283543983,4.566401779199811,-0.4135567064945126,0.18660312194241463,0.2079088373354243,72.94596990564652,False,6
larger E1 capped,Gross before costs,738,circular_block_bootstrap,60,ok,60,0.9429391092958714,0.9553935771509998,1.095595262100187,3.1423077747517687,-0.6393525731055087,0.2235059193802725,0.23123767321873182,27.688278284950155,False,6
larger E1 capped,Gross before costs,739,circular_block_bootstrap,60,ok,60,0.8938371397887199,1.0138979748414165,1.054201660373258,2.7728463931946212,-0.44224561162682974,0.24957452212321224,0.2635949891357432,24.362011617173923,False,6
larger E1 capped,Gross before costs,740,circular_block_bootstrap,60,ok,60,0.5976717066699129,0.8962993175980539,0.9039859165397081,2.190709438567093,-0.6287830699002546,0.2294248414977721,0.2682684781399202,10.409688203387836,False,6
larger E1 capped,Gross before costs,741,circular_block_bootstrap,60,ok,60,0.343508027563419,0.7436097051827716,0.7235970137246374,1.5714631450443863,-0.7117335659461403,0.20654208839441748,0.20990576836258468,4.377249770260759,False,6
larger E1 capped,Gross before costs,742,circular_block_bootstrap,60,ok,60,0.40526132524513425,0.7798054259636334,0.764146374997957,1.8605536598628611,-0.7497837449956111,0.20654208839441748,0.21745321019279373,5.480061976800972,False,6
larger E1 capped,Gross before costs,743,circular_block_bootstrap,60,ok,60,0.34108048894957044,0.8730777014670544,0.7102881848272665,1.5589893228507012,-0.5930528674711106,0.24957452212321224,0.25518270892822464,4.337846906123241,False,6
larger E1 capped,Gross before costs,744,circular_block_bootstrap,60,ok,60,0.4341821433535038,0.9246231952300998,0.7698334556747577,1.8946169930684003,-0.6208086267786956,0.2248093495174195,0.2589215001315662,6.067664433538305,False,6
larger E1 capped,Gross before costs,745,circular_block_bootstrap,60,ok,60,0.3509973153159158,1.0188985040618916,0.6971239036232826,1.7522228797993398,-0.6369182896061224,0.24957452212321224,0.2635949891357432,4.500620872681202,False,6
larger E1 capped,Gross before costs,746,circular_block_bootstrap,60,ok,60,1.4691796603991807,0.974805644213469,1.3563425384772227,4.031317919317996,-0.49414807281472317,0.2294248414977721,0.2682684781399202,91.78325475372661,False,6
larger E1 capped,Gross before costs,747,circular_block_bootstrap,60,ok,60,0.6176762712060937,0.7893131259949654,0.9615112536740561,2.24018266821778,-0.5757737299638479,0.20696254839043837,0.2293439099394401,11.077916200500152,False,6
larger E1 capped,Gross before costs,748,circular_block_bootstrap,60,ok,60,0.31630439475213445,0.819258772348566,0.699300946969436,1.453383293924517,-0.835909528886095,0.20654208839441748,0.2082239283785011,3.951678975929921,False,6
larger E1 capped,Gross before costs,749,circular_block_bootstrap,60,ok,60,-0.016580953269976773,0.930065281966413,0.3352084174650998,0.7967409843165755,-0.7101966507328441,0.22836433199116998,0.24067711303044603,0.9197993047522202,False,6
larger E1 capped,Gross before costs,750,circular_block_bootstrap,60,ok,60,-0.03228798901139862,0.6076262561174469,0.226651500668934,0.3959516859390962,-0.6822208637803122,0.20739027994371023,0.24316190250657221,0.8486539894934617,False,6
larger E1 capped,Gross before costs,751,circular_block_bootstrap,60,ok,60,1.1743534066510182,0.7918036257767507,1.3667100148991,3.163750029790705,-0.5758277727661508,0.21495128831483554,0.21763389705010244,48.60161108347,False,6
larger E1 capped,Gross before costs,752,circular_block_bootstrap,60,ok,60,1.2335035134348287,0.8343938099371055,1.3658606367230113,3.2228297078013743,-0.5239289096334758,0.21495128831483554,0.22919504809461064,55.581875858964004,False,6
larger E1 capped,Gross before costs,753,circular_block_bootstrap,60,ok,60,1.939177863798514,0.8428413956518802,1.6845918888018723,5.3612262577223175,-0.3823369470967608,0.18660312194241463,0.21378242192135008,219.3458088738921,False,6
larger E1 capped,Gross before costs,754,circular_block_bootstrap,60,ok,60,0.39822482817261373,0.7990495151518346,0.7615991767572243,1.7293864166530113,-0.516662476679515,0.2153790198681074,0.24316190250657221,5.344228859855841,False,6
larger E1 capped,Gross before costs,755,circular_block_bootstrap,60,ok,60,1.2730522754562772,0.9508866644520517,1.2726599585136846,3.664129585433524,-0.5120023697286582,0.22374884001081738,0.2611984147625728,60.68021606694613,False,6
larger E1 capped,Gross before costs,756,circular_block_bootstrap,60,ok,60,0.06288259588630263,0.7955296362915396,0.4173043049249673,0.8412820118703237,-0.737446866070195,0.2294248414977721,0.24957452212321227,1.3565208673496492,False,6
larger E1 capped,Gross before costs,757,circular_block_bootstrap,60,ok,60,1.0306129968834146,0.8494729626903327,1.2136717155584371,3.176154850919729,-0.6401261353973571,0.21495128831483554,0.23226290521902387,34.525168572051605,False,6
larger E1 capped,Gross before costs,758,circular_block_bootstrap,60,ok,60,0.09989669202392037,0.8382322703347087,0.470606722168553,0.988919473061104,-0.7010108295720974,0.2294248414977721,0.2589215001315662,1.6097538759992491,False,6
larger E1 capped,Gross before costs,759,circular_block_bootstrap,60,ok,60,0.553895469026132,0.7694149931039277,0.9250909580746979,1.993661392320674,-0.6577149616824731,0.20696254839043837,0.2264923662509611,9.059599553365825,False,6
larger E1 capped,Gross before costs,760,circular_block_bootstrap,60,ok,60,0.32757817724311167,0.8809126220999454,0.6920129810131413,1.561879942513668,-0.6897700009486465,0.20739027994371023,0.25023196588391966,4.123827821390848,False,6
larger E1 capped,Gross before costs,761,circular_block_bootstrap,60,ok,60,0.504292752589403,0.7711968323254135,0.8683358828262072,2.047163873382901,-0.5516229135565175,0.20696254839043837,0.21780283200331452,7.703034018056796,False,6
larger E1 capped,Gross before costs,762,circular_block_bootstrap,60,ok,60,0.5311042811788398,0.7493301690872801,0.8923090087803117,2.0982873476906843,-0.6295070138939111,0.1879570326294192,0.21320105636163167,8.414413576654534,False,6
larger E1 capped,Gross before costs,763,circular_block_bootstrap,60,ok,60,0.6413836515928231,1.0456347540226314,0.8948153069957417,2.3603630220485,-0.5708154826055423,0.2308268881990252,0.27761545614827415,11.913805820305308,False,6
larger E1 capped,Gross before costs,764,circular_block_bootstrap,60,ok,60,0.2910207186796967,0.915594000591792,0.6536000465022,1.5428338446781427,-0.6918016730737229,0.2235059193802725,0.22593512568572124,3.586460566113718,False,6
larger E1 capped,Gross before costs,765,circular_block_bootstrap,60,ok,60,0.1899231006025799,0.7409940033804984,0.5608862957813969,1.1446228071253637,-0.7948855224668054,0.21495128831483554,0.22165781015300276,2.3855827126613702,False,6
larger E1 capped,Gross before costs,766,circular_block_bootstrap,60,ok,60,1.9955437107112348,0.6838339775349407,1.975276658136405,6.088246484719625,-0.5627640627655655,0.1879570326294192,0.2087300418028535,241.20055667822888,False,6
larger E1 capped,Gross before costs,767,circular_block_bootstrap,60,ok,60,0.6042802435819359,0.8468588337397578,0.9379780725087554,2.105028966645519,-0.5969787626201478,0.21495128831483554,0.22696035768601333,10.626767438903128,False,6
larger E1 capped,Gross before costs,768,circular_block_bootstrap,60,ok,60,1.5378297042891433,0.9770461990025573,1.3926818169137516,3.8625162759550964,-0.6423473675794222,0.18707599494153035,0.2130227109993607,105.27188066509595,False,6
larger E1 capped,Gross before costs,769,circular_block_bootstrap,60,ok,60,0.12495053334583273,0.9165074990943867,0.5052120610405881,1.1190621243998227,-0.6204072256102457,0.24957452212321224,0.260790895733237,1.8016363254662802,False,6
larger E1 capped,Gross before costs,770,circular_block_bootstrap,60,ok,60,0.2821138474458569,0.8155262866575481,0.6439085043128681,1.4890533230820417,-0.5175406502594717,0.22374884001081738,0.2354343953685174,3.464439279946489,False,6
larger E1 capped,Gross before costs,771,circular_block_bootstrap,60,ok,60,1.8144610896045918,0.958854455724212,1.5088563671137858,4.654963031578921,-0.3520175100844678,0.22374884001081738,0.2518514367542188,176.59412215776314,False,6
larger E1 capped,Gross before costs,772,circular_block_bootstrap,60,ok,60,-0.07034517866254197,0.8089396538167544,0.23979248041570445,0.49577725918949084,-0.7746927714815803,0.20739027994371023,0.23381492449821825,0.6943982693605008,False,6
larger E1 capped,Gross before costs,773,circular_block_bootstrap,60,ok,60,0.43657007770885725,0.9788020866940303,0.7623566360156668,1.9076132072960759,-0.6611277567387922,0.22374884001081738,0.2611984147625728,6.118346678599825,False,6
larger E1 capped,Gross before costs,774,circular_block_bootstrap,60,ok,60,0.21130120713473421,0.9370632345459332,0.5889330734389995,1.3260862103222955,-0.6076308814008896,0.24957452212321224,0.25518270892822464,2.607718752648904,False,6
larger E1 capped,Gross before costs,775,circular_block_bootstrap,60,ok,60,0.4399174023712029,0.8536489795162295,0.7971640832020813,1.834704989059484,-0.6311079817852213,0.2248093495174195,0.2589215001315662,6.189960852677355,False,6
larger E1 capped,Gross before costs,776,circular_block_bootstrap,60,ok,60,-0.010085173900044708,0.8744321801507497,0.33519306380938646,0.7422473992401977,-0.8271584492730191,0.2294248414977721,0.2682684781399202,0.9505810317424948,False,6
larger E1 capped,Gross before costs,777,circular_block_bootstrap,60,ok,60,0.31030136505123895,0.8920734443475345,0.6628595155672627,1.5867425842516947,-0.5001116298533709,0.2153790198681074,0.24316190250657221,3.8623886064952013,False,6
larger E1 capped,Gross before costs,778,circular_block_bootstrap,60,ok,60,0.23760521414950775,0.6863235573760335,0.6118193454253384,1.3005874919167777,-0.6318426743063473,0.2235059193802725,0.2382479067249973,2.9034252680009343,False,6
larger E1 capped,Gross before costs,779,circular_block_bootstrap,60,ok,60,0.24211152605556663,0.9525924195086957,0.6048341266469135,1.4806185021700664,-0.8479249808658559,0.2294248414977721,0.2682684781399202,2.95667070969107,False,6
larger E1 capped,Gross before costs,780,circular_block_bootstrap,60,ok,60,0.03573528438325724,0.7819477831577323,0.38732452450812216,0.7440561328154435,-0.7765669127025223,0.22374884001081738,0.2354343953685174,1.1919110828226889,False,6
larger E1 capped,Gross before costs,781,circular_block_bootstrap,60,ok,60,0.049538767007840656,0.7299487584848606,0.3905667499614038,0.7493337974691583,-0.8072033730965675,0.22374884001081738,0.2518514367542188,1.2734808661787274,False,6
larger E1 capped,Gross before costs,782,circular_block_bootstrap,60,ok,60,0.3606887798118159,0.763153573033496,0.73600480569173,1.6331710716739256,-0.6369869585355086,0.2248093495174195,0.2589215001315662,4.664381005522291,False,6
larger E1 capped,Gross before costs,783,circular_block_bootstrap,60,ok,60,0.4050460393839892,0.7845851084378965,0.7767771617658804,1.716483818109671,-0.6048106549218544,0.2294248414977721,0.2589215001315662,5.475865538701763,False,6
larger E1 capped,Gross before costs,784,circular_block_bootstrap,60,ok,60,0.8053190015796046,0.9334100625814451,1.0190664202452206,2.7106541293609214,-0.5091305828844865,0.24957452212321224,0.2635949891357432,19.176518614281836,False,6
larger E1 capped,Gross before costs,785,circular_block_bootstrap,60,ok,60,0.3908591452832926,1.0178655666397025,0.7257756926619612,1.8368551988617856,-0.6204151527784756,0.2294248414977721,0.2682684781399202,5.204940296963703,False,6
larger E1 capped,Gross before costs,786,circular_block_bootstrap,60,ok,60,1.4546582249392594,0.8161936252548416,1.4967784719174049,3.8814366576844646,-0.3880248202308001,0.21495128831483554,0.23275598803955444,89.11589184474657,False,6
larger E1 capped,Gross before costs,787,circular_block_bootstrap,60,ok,60,0.36806343578609835,0.9535357291057721,0.7069292004410046,1.815189540022625,-0.7040013739849253,0.20696254839043837,0.22389331743239183,4.79215854956769,False,6
larger E1 capped,Gross before costs,788,circular_block_bootstrap,60,ok,60,0.4139775478357912,0.8640809953315017,0.7576100567583242,1.852447658852676,-0.5800876532034529,0.2153790198681074,0.24316190250657221,5.652135533998245,False,6
larger E1 capped,Gross before costs,789,circular_block_bootstrap,60,ok,60,1.0833294696177367,0.879577440459028,1.2257499859591758,3.238448874250946,-0.7365664321491927,0.20696254839043837,0.22389331743239183,39.24549271999415,False,6
larger E1 capped,Gross before costs,790,circular_block_bootstrap,60,ok,60,0.3953330935268591,1.0481580761068634,0.7305357620952657,1.8880092738208207,-0.6287156123619565,0.2308268881990252,0.27761545614827415,5.289193715174281,False,6
larger E1 capped,Gross before costs,791,circular_block_bootstrap,60,ok,60,0.9007591489195528,0.8849549427720852,1.1083631980844737,3.022537103683562,-0.47655663319417485,0.18804929961417471,0.22654084329930077,24.81049606787229,False,6
larger E1 capped,Gross before costs,792,circular_block_bootstrap,60,ok,60,0.3936610169579924,0.8237405228586556,0.7628027149536247,1.6980976690397864,-0.6333303913605657,0.21495128831483554,0.23275598803955444,5.257578446011415,False,6
larger E1 capped,Gross before costs,793,circular_block_bootstrap,60,ok,60,0.1048801629550904,0.8251724438865415,0.4674006784009,0.9807996595682434,-0.7322311960056133,0.2153790198681074,0.24316190250657221,1.6465536332018118,False,6
larger E1 capped,Gross before costs,794,circular_block_bootstrap,60,ok,60,0.3087984433830038,0.8183903484556024,0.683873839324011,1.499520506220293,-0.5281415748355637,0.2153790198681074,0.23219545362791907,3.840288475455643,False,6
larger E1 capped,Gross before costs,795,circular_block_bootstrap,60,ok,60,-0.08577858836466279,0.6541345243419915,0.1582568582883497,0.2803596982042231,-0.7948359922743131,0.2235059193802725,0.24355045425800784,0.6386412151479959,False,6
larger E1 capped,Gross before costs,796,circular_block_bootstrap,60,ok,60,0.3689691344437376,0.924691744651414,0.719591515246025,1.7420519262426866,-0.6974354993417291,0.2294248414977721,0.24957452212321227,4.808042323699499,False,6
larger E1 capped,Gross before costs,797,circular_block_bootstrap,60,ok,60,0.5610152481494342,1.0326921994608484,0.8427592814628432,2.231837141878519,-0.6326496656756135,0.2294248414977721,0.2682684781399202,9.269060707512013,False,6
larger E1 capped,Gross before costs,798,circular_block_bootstrap,60,ok,60,0.6874355641156242,0.9216275299591379,0.9570659483348057,2.430897422611556,-0.6877954492656988,0.2248093495174195,0.2682684781399202,13.68157167390618,False,6
larger E1 capped,Gross before costs,799,circular_block_bootstrap,60,ok,60,0.8186820560601029,0.9180992520259769,1.0448904237046426,2.697808710883648,-0.5263524731711255,0.20739027994371023,0.24316190250657221,19.896830918768945,False,6
larger E1 capped,Gross before costs,800,circular_block_bootstrap,60,ok,60,0.6360697511744604,0.9253115566659827,0.920609054118572,2.3009399005656475,-0.5694745234264517,0.21562194049865227,0.24250445874586482,11.722198622360997,False,6
larger E1 capped,Gross before costs,801,circular_block_bootstrap,60,ok,60,0.3949704778227503,0.7525942219282308,0.7703659310505149,1.7356926077359796,-0.5428220704231177,0.1884697596101956,0.22227384656209268,5.282324573642086,False,6
larger E1 capped,Gross before costs,802,circular_block_bootstrap,60,ok,60,0.2149635560041363,1.1306428177143977,0.5971337607832428,1.5620293508585386,-0.570084315476278,0.22836433199116998,0.2424360817503426,2.647379827217404,False,6
larger E1 capped,Gross before costs,803,circular_block_bootstrap,60,ok,60,0.23730046119616954,0.7600343329688972,0.5980792643495708,1.3539849887194644,-0.607296550525225,0.2235059193802725,0.2505606877642733,2.8998522717199897,False,6
larger E1 capped,Gross before costs,804,circular_block_bootstrap,60,ok,60,0.025305272622300867,0.8913340522242036,0.3918651078879072,0.8497590085952835,-0.6287156123619566,0.22374884001081738,0.2611984147625728,1.1330940360369812,False,6
larger E1 capped,Gross before costs,805,circular_block_bootstrap,60,ok,60,0.5029632342547297,0.790988372289315,0.8681181112600767,1.9292528329503182,-0.6753990139866757,0.21495128831483554,0.22682108813131477,7.669053803645883,False,6
larger E1 capped,Gross before costs,806,circular_block_bootstrap,60,ok,60,0.9989630923731794,0.9322837525785859,1.1508050852086198,2.976053682716742,-0.4794741733893201,0.21495128831483554,0.22455854381177778,31.917133359465648,False,6
larger E1 capped,Gross before costs,807,circular_block_bootstrap,60,ok,60,0.5961270271159598,0.9608526264984169,0.878486099146921,2.288412699335924,-0.650891971873859,0.2262113962186726,0.27761545614827415,10.359463335801944,False,6
larger E1 capped,Gross before costs,808,circular_block_bootstrap,60,ok,60,0.04432012465127211,0.9773464616667874,0.4397433388549139,0.9682243722175667,-0.7619148815055296,0.25097656882446534,0.27761545614827415,1.2421333890429005,False,6
larger E1 capped,Gross before costs,809,circular_block_bootstrap,60,ok,60,0.11504270899696567,0.8826953942681179,0.4864457092692845,1.0635546585260032,-0.718842828970782,0.2294248414977721,0.2589215001315662,1.7236834489053277,False,6
larger E1 capped,Gross before costs,810,circular_block_bootstrap,60,ok,60,1.0722678307431779,0.8415622697521117,1.24025726731696,3.318183010771175,-0.4464125597531544,0.21495128831483554,0.2269603576860133,38.214609491766666,False,6
larger E1 capped,Gross before costs,811,circular_block_bootstrap,60,ok,60,0.45467827386561344,0.772824980608708,0.8341012482695062,1.8139492543397722,-0.5212029994184717,0.2153790198681074,0.25023196588391966,6.513805142610658,False,6
larger E1 capped,Gross before costs,812,circular_block_bootstrap,60,ok,60,1.0986751440445182,0.8318132671244312,1.2651518718956838,3.5951701579555078,-0.46188605130868365,0.20520947568008394,0.23869088794779406,40.71234279502349,False,6
larger E1 capped,Gross before costs,813,circular_block_bootstrap,60,ok,60,0.2682411274673946,0.7862534069358262,0.6394202304447903,1.4180953370694975,-0.7466355447594799,0.21495128831483554,0.22574575453328896,3.281022159263945,False,6
larger E1 capped,Gross before costs,814,circular_block_bootstrap,60,ok,60,0.3573423344754252,0.8413839890238234,0.7250331642698391,1.6217614006852512,-0.8708878973429267,0.24957452212321224,0.25658475562947775,4.607305105386363,False,6
larger E1 capped,Gross before costs,815,circular_block_bootstrap,60,ok,60,0.8537260763833205,0.9765258998073066,1.041010741706247,2.7394716128427,-0.5224195743955005,0.22374884001081738,0.24478137337687136,21.889094490166375,False,6
larger E1 capped,Gross before costs,816,circular_block_bootstrap,60,ok,60,1.4931838802711073,1.0041050851593785,1.3416038346881196,4.082581918162774,-0.5976576406403948,0.21562194049865227,0.2518514367542188,96.3322161453521,False,6
larger E1 capped,Gross before costs,817,circular_block_bootstrap,60,ok,60,0.13577125594273198,1.0175326731195407,0.5250784808095531,1.2351072458107066,-0.5028064090485359,0.25097656882446534,0.27761545614827415,1.889967634063244,False,6
larger E1 capped,Gross before costs,818,circular_block_bootstrap,60,ok,60,-0.09947105908243026,0.7711675276302602,0.18247931872533252,0.36052914468790503,-0.7361452199898231,0.21562194049865227,0.24250445874586482,0.5922272314643522,False,6
larger E1 capped,Gross before costs,819,circular_block_bootstrap,60,ok,60,0.25692479809221513,0.8436902951531803,0.6123454670711239,1.4390024750518935,-0.6359167265317472,0.21562194049865227,0.2611984147625728,3.1372308207778175,False,6
larger E1 capped,Gross before costs,820,circular_block_bootstrap,60,ok,60,0.9633632659198346,0.9683052966777486,1.1071808420909026,2.935722387199077,-0.5981595463518692,0.2248093495174195,0.2682684781399202,29.17449221999478,False,6
larger E1 capped,Gross before costs,821,circular_block_bootstrap,60,ok,60,1.0318850622739615,1.040135275406057,1.1059193650103212,3.216264109597676,-0.4739261268827826,0.22836433199116998,0.25298989406972205,34.63344457360926,False,6
larger E1 capped,Gross before costs,822,circular_block_bootstrap,60,ok,60,-0.26023488548322227,0.8590587614583797,-0.0008279185334645726,-0.0016567793661447924,-0.9505201746032159,0.2294248414977721,0.2682684781399202,0.2215487153262551,False,6
larger E1 capped,Gross before costs,823,circular_block_bootstrap,60,ok,60,0.3939806750331052,1.0195244375939425,0.7269963884083167,1.8847323229063284,-0.7574396609598755,0.22836433199116998,0.24806478165401166,5.2636107541511254,False,6
larger E1 capped,Gross before costs,824,circular_block_bootstrap,60,ok,60,1.010393966835204,0.7691615487792733,1.2696442448125207,3.103542190116216,-0.5001116298533708,0.20478901568406305,0.20934515503455683,32.840205143677714,False,6
larger E1 capped,Gross before costs,825,circular_block_bootstrap,60,ok,60,0.32693785257524466,0.9012894746409648,0.7055310323905044,1.520412785570551,-0.6814975731016768,0.24957452212321224,0.2635949891357432,4.113892275945594,False,6
larger E1 capped,Gross before costs,826,circular_block_bootstrap,60,ok,60,-0.27245134111263913,0.6855304626116958,-0.1439531097164993,-0.22988151328536333,-0.8551108971807586,0.2153790198681074,0.24316190250657221,0.20384976846599298,False,6
larger E1 capped,Gross before costs,827,circular_block_bootstrap,60,ok,60,1.155802386420402,0.975146181827521,1.200941887279871,3.5195056643306954,-0.4270147829358132,0.24957452212321224,0.25658475562947775,46.56340614149995,False,6
larger E1 capped,Gross before costs,828,circular_block_bootstrap,60,ok,60,0.46007214234228955,0.8613585835403741,0.7998391471220551,1.9083172578409107,-0.5021028617486027,0.22374884001081738,0.2518514367542188,6.6354682320777805,False,6
larger E1 capped,Gross before costs,829,circular_block_bootstrap,60,ok,60,0.3117131885093929,0.778476797838017,0.696284105637168,1.4281261294295793,-0.7226130010087997,0.21495128831483554,0.21763389705010244,3.8832417272847857,False,6
larger E1 capped,Gross before costs,830,circular_block_bootstrap,60,ok,60,0.46341995926924917,0.8704842538757817,0.800435592247222,1.9151273319445064,-0.4992237205635899,0.24957452212321224,0.2565847556294777,6.711890612480073,False,6
larger E1 capped,Gross before costs,831,circular_block_bootstrap,60,ok,60,0.8968104313408289,0.9135051383392723,1.0896151771208815,2.9586539432871106,-0.582786509193004,0.1879570326294192,0.23242116438747243,24.553852730927975,False,6
larger E1 capped,Gross before costs,832,circular_block_bootstrap,60,ok,60,1.497399243945762,0.941292343020778,1.389554898117044,4.144898797084646,-0.5555908387233877,0.2294248414977721,0.2589215001315662,97.14934559865316,False,6
larger E1 capped,Gross before costs,833,circular_block_bootstrap,60,ok,60,0.8591878100294541,0.852631687259607,1.102758298663291,2.833057010937702,-0.6883240605159121,0.2235059193802725,0.23123767321873182,22.213465419562862,False,6
larger E1 capped,Gross before costs,834,circular_block_bootstrap,60,ok,60,0.6364943537099303,0.8423709455044114,0.9574835478162804,2.2288485726947527,-0.5941879440347926,0.2153790198681074,0.23381492449821825,11.73741759266277,False,6
larger E1 capped,Gross before costs,835,circular_block_bootstrap,60,ok,60,0.04632943176584514,0.8406409957459522,0.41285920462948605,0.8266503392848142,-0.8379549457328208,0.2308268881990252,0.27761545614827415,1.2541289927155905,False,6
larger E1 capped,Gross before costs,836,circular_block_bootstrap,60,ok,60,0.08839284039413187,0.9329802493818826,0.4520736375907601,1.0975623330724091,-0.7975938322001153,0.22836433199116998,0.2459796605634566,1.5273141710026115,False,6
larger E1 capped,Gross before costs,837,circular_block_bootstrap,60,ok,60,0.08708639782766325,0.8446764253664085,0.4548106584660157,0.955107430638518,-0.7070993520889852,0.2235059193802725,0.2382479067249973,1.5181696612206836,False,6
larger E1 capped,Gross before costs,838,circular_block_bootstrap,60,ok,60,0.658198212294667,0.8329182551533194,0.9643222569609544,2.3716512586943694,-0.5058413936234589,0.2294248414977721,0.2589215001315662,12.536670542793074,False,6
larger E1 capped,Gross before costs,839,circular_block_bootstrap,60,ok,60,0.24041267497717222,0.8476759490075378,0.6263760570451834,1.2959322744917243,-0.7213185972810845,0.2294248414977721,0.2682684781399202,2.9365065697707906,False,6
larger E1 capped,Gross before costs,840,circular_block_bootstrap,60,ok,60,0.5667262982684727,0.7369686756345201,0.9322958522596394,2.265790328604116,-0.5423776416747921,0.20696254839043837,0.2380334441870867,9.439862460986017,False,6
larger E1 capped,Gross before costs,841,circular_block_bootstrap,60,ok,60,0.44713378734257136,1.0028409729086678,0.7745121566092031,1.894719907064919,-0.5587666190490643,0.24957452212321224,0.260790895733237,6.3466334629740375,False,6
larger E1 capped,Gross before costs,842,circular_block_bootstrap,60,ok,60,0.7243642822625111,0.9077411313216779,0.9655155970955277,2.823571684441888,-0.46590038788674326,0.18914041179401234,0.2611984147625728,15.245620060979423,False,6
larger E1 capped,Gross before costs,843,circular_block_bootstrap,60,ok,60,0.8604547021698634,0.9105032520332715,1.0684682220045267,2.8593210636561626,-0.45945440856112296,0.2294248414977721,0.2589215001315662,22.289252394948477,False,6
larger E1 capped,Gross before costs,844,circular_block_bootstrap,60,ok,60,0.5729743865248422,0.81999859198426,0.9113089397858234,2.144329357009529,-0.5560130864365516,0.2153790198681074,0.24154243163627306,9.629600150505837,False,6
larger E1 capped,Gross before costs,845,circular_block_bootstrap,60,ok,60,0.06265806480634728,1.0519085818081049,0.4685868256981649,1.1021634391823458,-0.6983017166217753,0.27761545614827415,0.27761545614827415,1.355088665713181,False,6
larger E1 capped,Gross before costs,846,circular_block_bootstrap,60,ok,60,0.6920595328170298,0.7998475098115356,1.0233792333056093,2.313544676346907,-0.5258287861110599,0.21562194049865227,0.24250445874586482,13.870055381616323,False,6
larger E1 capped,Gross before costs,847,circular_block_bootstrap,60,ok,60,0.21234530909758198,0.8564757704937624,0.5786985303942981,1.2950707719365533,-0.721143393937824,0.2153790198681074,0.23381492449821825,2.618976985110165,False,6
larger E1 capped,Gross before costs,848,circular_block_bootstrap,60,ok,60,1.2015253215775177,0.8698656958424241,1.2931656278812287,3.806726866512153,-0.48248033916716515,0.20696254839043837,0.23869088794779406,51.71522577455183,False,6
larger E1 capped,Gross before costs,849,circular_block_bootstrap,60,ok,60,0.40899006727356135,0.9986654385623058,0.7491330439853285,1.8379136369110176,-0.7597755335472696,0.27761545614827415,0.27761545614827415,5.55315323585344,False,6
larger E1 capped,Gross before costs,850,circular_block_bootstrap,60,ok,60,0.3322936537043968,0.6999572675254826,0.7236256859833118,1.516269885719737,-0.5867554325064521,0.20478901568406305,0.22368929961082173,4.197587866461492,False,6
larger E1 capped,Gross before costs,851,circular_block_bootstrap,60,ok,60,0.544751856778525,0.8958061572705925,0.8625935890394609,2.1108385916229015,-0.7026850762368191,0.2294248414977721,0.2682684781399202,8.796170310355881,False,6
larger E1 capped,Gross before costs,852,circular_block_bootstrap,60,ok,60,1.138929519663313,0.8394986142890637,1.2905379719696692,3.34393313568774,-0.5096680212206903,0.21495128831483554,0.22187593507651088,44.76951312280815,False,6
larger E1 capped,Gross before costs,853,circular_block_bootstrap,60,ok,60,0.9860395310484558,0.7353806427370464,1.2839934382661267,3.111870687704946,-0.582786509193004,0.1879570326294192,0.21600412300177105,30.898645605800752,False,6
larger E1 capped,Gross before costs,854,circular_block_bootstrap,60,ok,60,0.6857657589465467,0.888475858641365,0.9718673439746575,2.3416148745291796,-0.699018981147994,0.20739027994371023,0.25023196588391966,13.614012382841342,False,6
larger E1 capped,Gross before costs,855,circular_block_bootstrap,60,ok,60,0.36110328194383623,0.8378432865193666,0.7236681223623325,1.6822256421200403,-0.4913142430791809,0.24957452212321224,0.24957452212321224,4.671489810220821,False,6
larger E1 capped,Gross before costs,856,circular_block_bootstrap,60,ok,60,0.7198011452901147,0.9527219448180919,0.9666522571337594,2.515422106298384,-0.6381633777906517,0.24957452212321224,0.2542480111273892,15.044964563185392,False,6
larger E1 capped,Gross before costs,857,circular_block_bootstrap,60,ok,60,0.1866643533592156,0.82690681364155,0.5404855585162118,1.264050829022639,-0.6527652266600678,0.2076332005742551,0.2518514367542188,2.3530951199297765,False,6
larger E1 capped,Gross before costs,858,circular_block_bootstrap,60,ok,60,0.25141746896078443,0.7256809926803287,0.6389668512597959,1.2365465426095885,-0.6126533670016099,0.21495128831483554,0.22165781015300276,3.069100187469546,False,6
larger E1 capped,Gross before costs,859,circular_block_bootstrap,60,ok,60,0.5358443065651901,0.8328353164637273,0.8705703772502443,2.1542179840874693,-0.6204151527784758,0.20696254839043837,0.2380334441870867,8.545470131536069,False,6
larger E1 capped,Gross before costs,860,circular_block_bootstrap,60,ok,60,0.13900453194264517,0.885633438933627,0.5118045560853767,1.1300028919082639,-0.5663780555313367,0.24957452212321224,0.2565847556294777,1.9170227215972027,False,6
larger E1 capped,Gross before costs,861,circular_block_bootstrap,60,ok,60,1.07756027948506,0.9713983947946709,1.1640623008210327,3.2279672637032006,-0.5077437921257093,0.21562194049865227,0.2354343953685174,38.7050976511216,False,6
larger E1 capped,Gross before costs,862,circular_block_bootstrap,60,ok,60,0.21143771478897988,0.7817599777483069,0.5933102750008254,1.1929886027308039,-0.6471392564020773,0.2153790198681074,0.2502319658839196,2.6091884688917455,False,6
larger E1 capped,Gross before costs,863,circular_block_bootstrap,60,ok,60,0.7895408005544013,0.6714752628907796,1.183359103364388,2.910636920072705,-0.3897759079009563,0.1879570326294192,0.22307418637911844,18.35304048339301,False,6
larger E1 capped,Gross before costs,864,circular_block_bootstrap,60,ok,60,0.3697953197860544,0.8252309541810481,0.7313159986175948,1.6646248374371029,-0.5795385965473452,0.2235059193802725,0.24514973408747315,4.822568332968577,False,6
larger E1 capped,Gross before costs,865,circular_block_bootstrap,60,ok,60,0.3849641373679822,0.9456127414953109,0.728929388305287,1.7705605219731664,-0.6401743869029908,0.22836433199116998,0.25298989406972205,5.095568439384046,False,6
larger E1 capped,Gross before costs,866,circular_block_bootstrap,60,ok,60,1.4743599027017007,0.8888740560413093,1.4245141259274308,4.0900024181008705,-0.5194408926964605,0.20469674869930754,0.2233877604853267,92.75009140649534,False,6
larger E1 capped,Gross before costs,867,circular_block_bootstrap,60,ok,60,0.13159571115575153,0.892887989655051,0.495206694364608,1.142143429052963,-0.6308890263503026,0.22836433199116998,0.25298989406972205,1.8554807962632542,False,6
larger E1 capped,Gross before costs,868,circular_block_bootstrap,60,ok,60,0.14031885495475138,0.8147091250413062,0.5057517158146203,1.0502544557038909,-0.6884870409957217,0.2294248414977721,0.2589215001315662,1.9281087556616228,False,6
larger E1 capped,Gross before costs,869,circular_block_bootstrap,60,ok,60,0.9810579784497404,0.8833272825363339,1.1593812107671315,3.022987470812858,-0.44159054378546214,0.21495128831483554,0.22165781015300276,30.513071719319232,False,6
larger E1 capped,Gross before costs,870,circular_block_bootstrap,60,ok,60,0.2572221595469033,0.7003218177432862,0.6371509245315132,1.2944022893710092,-0.7743618207703316,0.20478901568406305,0.2210902507922525,3.14094358478197,False,6
larger E1 capped,Gross before costs,871,circular_block_bootstrap,60,ok,60,1.0004602382328667,0.8379719189041334,1.213179885680394,2.992644913158275,-0.5772287676225663,0.2153790198681074,0.2502319658839196,32.03683600806773,False,6
larger E1 capped,Gross before costs,872,circular_block_bootstrap,60,ok,60,0.7806156008983498,0.8932473993398649,1.028842257369544,2.628073684063974,-0.4091741640138341,0.21562194049865227,0.24250445874586482,17.899910960788176,False,6
larger E1 capped,Gross before costs,873,circular_block_bootstrap,60,ok,60,0.1900959684908028,0.9255454477208106,0.5554919386732281,1.3183190132856304,-0.6668941787126498,0.22836433199116998,0.24245659484899926,2.387316062002496,False,6
larger E1 capped,Gross before costs,874,circular_block_bootstrap,60,ok,60,1.2628603681058888,0.8919152616579589,1.3226347395388816,3.536617924133531,-0.421249671660874,0.18804929961417471,0.22368929961082173,59.33197173928428,False,6
larger E1 capped,Gross before costs,875,circular_block_bootstrap,60,ok,60,0.4927927496444735,0.8902077495823781,0.8229779543243463,2.000588987894999,-0.6380018211602566,0.2294248414977721,0.2682684781399202,7.413061197563934,False,6
larger E1 capped,Gross before costs,876,circular_block_bootstrap,60,ok,60,0.37792775927386235,0.7365929030820995,0.7663323900205209,1.6366219802760786,-0.6691060439559524,0.21495128831483554,0.23275598803955444,4.967435616623256,False,6
larger E1 capped,Gross before costs,877,circular_block_bootstrap,60,ok,60,-0.08032995860153191,0.7136095848567668,0.2005003469121699,0.36329644884741524,-0.8078883400968229,0.20696254839043837,0.23096338080973924,0.6579004705783381,False,6
larger E1 capped,Gross before costs,878,circular_block_bootstrap,60,ok,60,0.4955608576173973,0.8356960430984529,0.8325274109885147,1.9972057053572156,-0.8923280990091256,0.20654208839441748,0.21951302385952695,7.482047320100322,False,6
larger E1 capped,Gross before costs,879,circular_block_bootstrap,60,ok,60,1.4695756900319168,1.0818775722798852,1.2876172860932058,3.8745574717976274,-0.4596867418286281,0.2308268881990252,0.27761545614827415,91.85688356061289,False,6
larger E1 capped,Gross before costs,880,circular_block_bootstrap,60,ok,60,0.5383540122187447,0.8195079117821202,0.882659284769713,2.074814270667396,-0.7265518579727075,0.20654208839441748,0.21730019682661617,8.615518965832404,False,6
larger E1 capped,Gross before costs,881,circular_block_bootstrap,60,ok,60,0.17000296296695572,0.7600586741947836,0.5412436518613706,1.1047982888513321,-0.6455828782554538,0.20696254839043837,0.2264923662509611,2.192475797170018,False,6
larger E1 capped,Gross before costs,882,circular_block_bootstrap,60,ok,60,0.597383399884087,0.9374974612912372,0.8977645578331159,2.164632042497011,-0.4710386308167539,0.2248093495174195,0.2589215001315662,10.400299225736637,False,6
larger E1 capped,Gross before costs,883,circular_block_bootstrap,60,ok,60,0.5732599385019062,0.8846184217711042,0.8801488384694669,2.2521516506998203,-0.5246075881872874,0.2235059193802725,0.2352995092560523,9.638343935292168,False,6
larger E1 capped,Gross before costs,884,circular_block_bootstrap,60,ok,60,0.22203992183889198,1.0298594585991472,0.6048467454340644,1.4488348014550987,-0.6974115374809101,0.24957452212321224,0.2551827089282246,2.7253793989380677,False,6
larger E1 capped,Gross before costs,885,circular_block_bootstrap,60,ok,60,0.287140297837853,0.8885099605178158,0.6505857201017495,1.5147236809814464,-0.6345280274516893,0.2294248414977721,0.2682684781399202,3.5328844820854237,False,6
larger E1 capped,Gross before costs,886,circular_block_bootstrap,60,ok,60,0.2128023747248493,0.7637125123558328,0.5942500317750495,1.1800501614734142,-0.707104847243466,0.2248093495174195,0.2589215001315662,2.6239176042716696,False,6
larger E1 capped,Gross before costs,887,circular_block_bootstrap,60,ok,60,0.1363090921767971,0.7898984789498134,0.4855111732115166,1.0757720973630365,-0.6531518010325822,0.22836433199116998,0.2389694270571911,1.8944467764579414,False,6
larger E1 capped,Gross before costs,888,circular_block_bootstrap,60,ok,60,0.746743780142674,0.8753261918640517,1.0133468230992602,2.5578493033411656,-0.541671106727339,0.2294248414977721,0.2682684781399202,16.260954230084106,False,6
larger E1 capped,Gross before costs,889,circular_block_bootstrap,60,ok,60,0.2071392402502359,0.9948398990074687,0.588471047235453,1.3942344177067003,-0.6807689675464901,0.22836433199116998,0.25298989406972205,2.5632256383887335,False,6
larger E1 capped,Gross before costs,890,circular_block_bootstrap,60,ok,60,0.6325913220762345,0.7445879878910487,0.993486451623789,2.374719128382714,-0.5698332078583599,0.20696254839043837,0.2264923662509611,11.598115210991876,False,6
larger E1 capped,Gross before costs,891,circular_block_bootstrap,60,ok,60,0.6025702618897966,0.9353763887798292,0.90630147873845,2.1505184447601775,-0.6626953915505458,0.2235059193802725,0.24514973408747315,10.570253368480167,False,6
larger E1 capped,Gross before costs,892,circular_block_bootstrap,60,ok,60,0.3233959352649216,0.864324533441939,0.69121943798253,1.5340325678483857,-0.6744247119333758,0.21495128831483554,0.22696035768601333,4.059279747522944,False,6
larger E1 capped,Gross before costs,893,circular_block_bootstrap,60,ok,60,0.44103180881118087,0.7729716817980709,0.7989358436249261,1.9553752816177787,-0.6204151527784758,0.20478901568406305,0.2352303775469473,6.213951179979723,False,6
larger E1 capped,Gross before costs,894,circular_block_bootstrap,60,ok,60,0.5503013524294031,1.0297975543459819,0.8347362198850387,2.2048984032548757,-0.6408785874950687,0.22836433199116998,0.2382145568225908,8.95531011046067,False,6
larger E1 capped,Gross before costs,895,circular_block_bootstrap,60,ok,60,0.20222350684496226,0.8589191580914812,0.5686994433303324,1.274765793481754,-0.5412594690295713,0.2294248414977721,0.24957452212321227,2.5114589094350586,False,6
larger E1 capped,Gross before costs,896,circular_block_bootstrap,60,ok,60,0.49195007235462995,0.7653696763792661,0.8486906121063316,2.0381813462674025,-0.5406035371063947,0.20654208839441748,0.21745321019279373,7.392161545960019,False,6
larger E1 capped,Gross before costs,897,circular_block_bootstrap,60,ok,60,0.058285564121194566,1.0066027102689503,0.44827471053302775,1.0484884847365812,-0.7874076058320855,0.25097656882446534,0.27761545614827415,1.3274383494618394,False,6
larger E1 capped,Gross before costs,898,circular_block_bootstrap,60,ok,60,0.6017518343860988,0.8624460710407461,0.9084081744895861,2.3181992568494394,-0.6369869585355086,0.2153790198681074,0.2502319658839196,10.543289949986365,False,6
larger E1 capped,Gross before costs,899,circular_block_bootstrap,60,ok,60,0.09184139631584509,0.7780447774600817,0.44340967992601565,0.9050796275908143,-0.8340719941225705,0.22374884001081738,0.2611984147625728,1.5516643460962771,False,6
larger E1 capped,Gross before costs,900,circular_block_bootstrap,60,ok,60,0.6474007694633783,0.8124999129632273,0.9704029632625495,2.3608665626143175,-0.5133267006591238,0.21668245000525438,0.24957452212321227,12.133785757818663,False,6
larger E1 capped,Gross before costs,901,circular_block_bootstrap,60,ok,60,0.47913245832083406,0.9640408651073241,0.8147667404400997,1.8966315262525242,-0.6194600969252173,0.2294248414977721,0.2589215001315662,7.080033897558496,False,6
larger E1 capped,Gross before costs,902,circular_block_bootstrap,60,ok,60,0.6232774375582764,0.8273322302571301,0.9369100939457461,2.352106972998642,-0.5777569525657444,0.21562194049865227,0.24250445874586482,11.271034042187457,False,6
larger E1 capped,Gross before costs,903,circular_block_bootstrap,60,ok,60,1.2439274694167448,0.8303271211026187,1.3541467597916654,3.5826123882984895,-0.3756482071673688,0.2153790198681074,0.2502319658839196,56.891066520788975,False,6
larger E1 capped,Gross before costs,904,circular_block_bootstrap,60,ok,60,0.9995740539178657,1.0289073094396803,1.1080642919695427,2.957611669946495,-0.6350238767052688,0.22374884001081738,0.2611984147625728,31.9659388247436,False,6
larger E1 capped,Gross before costs,905,circular_block_bootstrap,60,ok,60,0.007682042266905942,0.7979233264165128,0.35613145380088723,0.7057638241857934,-0.7312452277054167,0.2235059193802725,0.24514973408747315,1.0390048999713306,False,6
larger E1 capped,Gross before costs,906,circular_block_bootstrap,60,ok,60,0.9225737901089439,0.7869559151538439,1.190733815781126,2.9631569138165585,-0.5434306500502968,0.20696254839043837,0.21780283200331452,26.267279001456764,False,6
larger E1 capped,Gross before costs,907,circular_block_bootstrap,60,ok,60,0.7581770800803855,0.7888332712714109,1.0780800736965532,2.4712522494755214,-0.49514421627334804,0.2153790198681074,0.23381492449821825,16.8001465851959,False,6
larger E1 capped,Gross before costs,908,circular_block_bootstrap,60,ok,60,1.0177185136729454,0.9325580441833864,1.1591195738908928,3.090551768238066,-0.49392697253734774,0.24957452212321224,0.2565847556294777,33.44282024540957,False,6
larger E1 capped,Gross before costs,909,circular_block_bootstrap,60,ok,60,0.3443107081280339,0.9819883086641099,0.6881704368973901,1.7365660971589572,-0.505809705433359,0.22836433199116998,0.25298989406972205,4.390341371069049,False,6
larger E1 capped,Gross before costs,910,circular_block_bootstrap,60,ok,60,0.36423156874986007,0.8649349239281835,0.7223137030176952,1.6620694914979643,-0.7579012838700309,0.22374884001081738,0.2518514367542188,4.725420653184759,False,6
larger E1 capped,Gross before costs,911,circular_block_bootstrap,60,ok,60,0.6016738264505155,0.834118521950145,0.9280944411711771,2.233028179801618,-0.6079341502479084,0.20739027994371023,0.2502319658839196,10.540722822672457,False,6
larger E1 capped,Gross before costs,912,circular_block_bootstrap,60,ok,60,0.5603960881295036,0.9069410657854244,0.8637942782520672,2.2567883334449426,-0.5501786935291157,0.2153790198681074,0.23381492449821825,9.250692914585908,False,6
larger E1 capped,Gross before costs,913,circular_block_bootstrap,60,ok,60,1.3633124219199928,0.8507827071968873,1.392173898283446,4.094928177947769,-0.5246075881872875,0.2153790198681074,0.2502319658839196,73.72345644530928,False,6
larger E1 capped,Gross before costs,914,circular_block_bootstrap,60,ok,60,0.5668276900667588,1.0657263307799385,0.8477658069726582,2.2330246879860973,-0.6261615638098649,0.25097656882446534,0.27761545614827415,9.442917393176668,False,6
larger E1 capped,Gross before costs,915,circular_block_bootstrap,60,ok,60,0.11367708541599408,0.7859102478182423,0.4785064160314807,0.9681369581562945,-0.7422688343515464,0.2153790198681074,0.2502319658839196,1.7131540583141471,False,6
larger E1 capped,Gross before costs,916,circular_block_bootstrap,60,ok,60,0.8476062539246889,1.0463624704429957,1.0100518836873422,2.8228349841123896,-0.5001116298533709,0.25097656882446534,0.27761545614827415,21.530153098691983,False,6
larger E1 capped,Gross before costs,917,circular_block_bootstrap,60,ok,60,0.05785765611355198,0.7848247655917235,0.41282249412998034,0.81722815836631,-0.7892817091609484,0.21562194049865227,0.24250445874586482,1.3247568315624418,False,6
larger E1 capped,Gross before costs,918,circular_block_bootstrap,60,ok,60,1.097643600518317,0.8801622789894259,1.23082059609332,3.3088822134908944,-0.4531853936380822,0.1874841596303035,0.2368921789462506,40.61238618751327,False,6
larger E1 capped,Gross before costs,919,circular_block_bootstrap,60,ok,60,0.08855560281057628,0.7676765768286039,0.4345952730142933,0.9334731205991063,-0.8928895968007022,0.20739027994371023,0.25023196588391966,1.5284565145436129,False,6
larger E1 capped,Gross before costs,920,circular_block_bootstrap,60,ok,60,0.8772326002574837,0.7568646618370757,1.1719155758044042,3.199394751856975,-0.536611277086803,0.1879570326294192,0.2087300418028535,23.312585292889587,False,6
larger E1 capped,Gross before costs,921,circular_block_bootstrap,60,ok,60,1.6858319830038209,0.8568426740514756,1.5513007168426844,4.960190526056295,-0.46214414322408115,0.20654208839441748,0.21288534612098575,139.76364087514213,False,6
larger E1 capped,Gross before costs,922,circular_block_bootstrap,60,ok,60,0.7187626897775741,0.8895462723854054,0.9908556147288429,2.4676247791914467,-0.5443029939216191,0.22374884001081738,0.2518514367542188,14.999596905043502,False,6
larger E1 capped,Gross before costs,923,circular_block_bootstrap,60,ok,60,0.40058629907842036,0.8218193152945296,0.775507308182967,1.6762231114177852,-0.7389551699940522,0.2262113962186726,0.27761545614827415,5.389511069056236,False,6
larger E1 capped,Gross before costs,924,circular_block_bootstrap,60,ok,60,0.8184525124041433,0.9146745476020554,1.0310341931828226,2.8326646137941713,-0.5579689473127007,0.22374884001081738,0.2518514367542188,19.884277766468855,False,6
larger E1 capped,Gross before costs,925,circular_block_bootstrap,60,ok,60,0.43711623824669443,0.8643873937740715,0.7934894189167652,1.8381092519503361,-0.610536098178721,0.2235059193802725,0.24514973408747315,6.129986004011448,False,6
larger E1 capped,Gross before costs,926,circular_block_bootstrap,60,ok,60,0.9934515240272446,0.9510578821253833,1.1268705568002886,3.0632578847029364,-0.7045301783578638,0.20739027994371023,0.24316190250657221,31.47954131095122,False,6
larger E1 capped,Gross before costs,927,circular_block_bootstrap,60,ok,60,0.6136245027716762,1.0321627058682388,0.8877725679704971,2.245421837043229,-0.5607663821811375,0.24957452212321224,0.2565847556294777,10.939876012335976,False,6
larger E1 capped,Gross before costs,928,circular_block_bootstrap,60,ok,60,0.16102299587010838,0.7129349261919898,0.5185119758273409,1.0798675997568705,-0.5339800167123707,0.2153790198681074,0.25023196588391966,2.1096193900472477,False,6
larger E1 capped,Gross before costs,929,circular_block_bootstrap,60,ok,60,1.512743621686318,0.8622522691203872,1.4600549810010084,4.652314679483054,-0.42427341323855006,0.18657823388982958,0.2180763780065209,100.17074327168015,False,6
larger E1 capped,Gross before costs,930,circular_block_bootstrap,60,ok,60,0.3249009998669019,0.899432713135066,0.684158081376441,1.5926405246759434,-0.5607565666790439,0.24957452212321224,0.2565847556294777,4.082414888777075,False,6
larger E1 capped,Gross before costs,931,circular_block_bootstrap,60,ok,60,0.44648156200220956,0.9392212349398352,0.7684944294845728,1.9482375626334116,-0.46214414322408104,0.22836433199116998,0.23366687952418055,6.332344163709118,False,6
larger E1 capped,Gross before costs,932,circular_block_bootstrap,60,ok,60,0.5737978748510888,1.0085101533389813,0.8542805539619088,2.2469939855289707,-0.43990399650242407,0.25097656882446534,0.27761545614827415,9.654833144312068,False,6
larger E1 capped,Gross before costs,933,circular_block_bootstrap,60,ok,60,1.1023403803364413,0.7841461518528406,1.3113807202694732,3.441593853317994,-0.6062315623899688,0.2235059193802725,0.2505606877642733,41.06909757991828,False,6
larger E1 capped,Gross before costs,934,circular_block_bootstrap,60,ok,60,0.9496557759443336,0.8628683552777975,1.150694857131362,2.982800930501569,-0.3948008956716377,0.18914041179401234,0.2354343953685174,28.170185282988047,False,6
larger E1 capped,Gross before costs,935,circular_block_bootstrap,60,ok,60,0.43707942209495587,0.9285922262731904,0.7810995545629876,1.8085319805932418,-0.7189173976411762,0.22836433199116998,0.2459796605634566,6.12920085203116,False,6
larger E1 capped,Gross before costs,936,circular_block_bootstrap,60,ok,60,-0.1761152684116053,0.8254390518907162,0.11744127004374545,0.220118584267934,-0.9384672917206593,0.22836433199116998,0.24806478165401163,0.3796053044577843,False,6
larger E1 capped,Gross before costs,937,circular_block_bootstrap,60,ok,60,1.417155666701257,0.7818689004194005,1.4967027676152584,4.419318465088242,-0.4243264683183283,0.18657823388982958,0.20232730594817527,82.51313748101663,False,6
larger E1 capped,Gross before costs,938,circular_block_bootstrap,60,ok,60,0.2559191453316365,0.7242473815264613,0.6232564786431166,1.4062696750004724,-0.5210000516097776,0.20739027994371023,0.23219545362791907,3.124700554976336,False,6
larger E1 capped,Gross before costs,939,circular_block_bootstrap,60,ok,60,1.0657461789182858,0.8221583145041951,1.2461173322681642,3.6020110086175463,-0.5001116298533708,0.20654208839441748,0.21940249680672066,37.61705486277781,False,6
larger E1 capped,Gross before costs,940,circular_block_bootstrap,60,ok,60,0.7453090639129747,0.8202811609565736,1.0242952800349359,2.796603680324321,-0.6431701396700614,0.20469674869930754,0.21107497944605064,16.194282855701463,False,6
larger E1 capped,Gross before costs,941,circular_block_bootstrap,60,ok,60,0.03865357580497841,0.7784555156836601,0.37785241367074346,0.7806683315472592,-0.730928822499891,0.2248093495174195,0.24957452212321227,1.2087976388551676,False,6
larger E1 capped,Gross before costs,942,circular_block_bootstrap,60,ok,60,0.3497024531663053,0.9645414000778183,0.6912899148710349,1.7703589878640924,-0.6049630520391056,0.24957452212321224,0.2635949891357432,4.479094096952341,False,6
larger E1 capped,Gross before costs,943,circular_block_bootstrap,60,ok,60,0.37475280114939546,0.8761958003596874,0.7281025296884363,1.6990293897392534,-0.7420015814802517,0.22836433199116998,0.24245659484899926,4.910470047283719,False,6
larger E1 capped,Gross before costs,944,circular_block_bootstrap,60,ok,60,0.2500990671497918,0.9501719827765682,0.6153062102817566,1.4734248694820065,-0.7486251818351677,0.22374884001081738,0.2611984147625728,3.0529673199941,False,6
larger E1 capped,Gross before costs,945,circular_block_bootstrap,60,ok,60,0.46698438458309033,0.9454353765676513,0.7977170315299512,1.8892441134265854,-0.6744901172214499,0.22836433199116998,0.24067711303044603,6.7940299174632965,False,6
larger E1 capped,Gross before costs,946,circular_block_bootstrap,60,ok,60,0.39624040455542064,0.9331343617224431,0.7378360530521203,1.8292714185741967,-0.9031960246560325,0.22374884001081738,0.2518514367542188,5.306412502818932,False,6
larger E1 capped,Gross before costs,947,circular_block_bootstrap,60,ok,60,0.33252810430848645,0.7721878431160889,0.7129320351558779,1.519897247920977,-0.5929816777263998,0.2248093495174195,0.2589215001315662,4.201282522789959,False,6
larger E1 capped,Gross before costs,948,circular_block_bootstrap,60,ok,60,0.047860841751321104,0.857304647545874,0.4132322933242256,0.8643881563103598,-0.7805179117627181,0.22374884001081738,0.2611984147625728,1.2633336264805022,False,6
larger E1 capped,Gross before costs,949,circular_block_bootstrap,60,ok,60,0.5089923627083608,0.7504763617202378,0.8841502649908882,1.9901700596352283,-0.7236176046053119,0.20696254839043837,0.2380334441870867,7.824114703247307,False,6
larger E1 capped,Gross before costs,950,circular_block_bootstrap,60,ok,60,-0.1994815349794824,0.9047705705274647,0.11617448633451066,0.23891022859125488,-0.8439361238274923,0.22374884001081738,0.2354343953685174,0.32874319354085946,False,6
larger E1 capped,Gross before costs,951,circular_block_bootstrap,60,ok,60,0.30947557761127675,0.8122509509477214,0.7001534655112032,1.4349920998805958,-0.5275288096294546,0.2235059193802725,0.2505606877642733,3.85023302769678,False,6
larger E1 capped,Gross before costs,952,circular_block_bootstrap,60,ok,60,0.5066373988916024,0.938204453298908,0.836856177178913,1.9511259608013438,-0.6540975204372774,0.22374884001081738,0.2611984147625728,7.76325261167274,False,6
larger E1 capped,Gross before costs,953,circular_block_bootstrap,60,ok,60,0.25917598209817005,0.911283691595339,0.6251132497769989,1.4624954669213548,-0.6849086129833497,0.22374884001081738,0.24250445874586482,3.1654259338865294,False,6
larger E1 capped,Gross before costs,954,circular_block_bootstrap,60,ok,60,1.0320107890510575,0.9204537777172761,1.1719818653022724,3.1090325456160572,-0.4827000209492185,0.22374884001081738,0.2518514367542188,34.64416095306355,False,6
larger E1 capped,Gross before costs,955,circular_block_bootstrap,60,ok,60,0.1801612360100424,0.8830593341364883,0.546722698142355,1.2661147693454873,-0.6213407904553934,0.20739027994371023,0.23381492449821825,2.289321187950142,False,6
larger E1 capped,Gross before costs,956,circular_block_bootstrap,60,ok,60,-0.12047404776486603,0.8141051740884144,0.18589324825506695,0.365999124102294,-0.7539499014786736,0.22374884001081738,0.24250445874586482,0.5263120261628462,False,6
larger E1 capped,Gross before costs,957,circular_block_bootstrap,60,ok,60,0.4306376211704064,0.9142445322429749,0.7604529424618394,1.9308715948942181,-0.4692184625131114,0.2294248414977721,0.2682684781399202,5.993054222752757,False,6
larger E1 capped,Gross before costs,958,circular_block_bootstrap,60,ok,60,0.1472860618881373,0.8834217617813994,0.5203475554627089,1.1507661111238623,-0.8117596883073913,0.24957452212321224,0.2635949891357432,1.9877354692940479,False,6
larger E1 capped,Gross before costs,959,circular_block_bootstrap,60,ok,60,0.29370391980904587,1.0240968184817207,0.6519323964520514,1.6559309270846165,-0.6693416966988925,0.25097656882446534,0.27761545614827415,3.6238855236738976,False,6
larger E1 capped,Gross before costs,960,circular_block_bootstrap,60,ok,60,0.36684301173060807,1.0376603149778254,0.7078880961100392,1.8115971495761078,-0.7168148042033009,0.2294248414977721,0.2682684781399202,4.770821672535436,False,6
larger E1 capped,Gross before costs,961,circular_block_bootstrap,60,ok,60,0.14808772116306534,0.7963604762507039,0.518874382686382,1.0706262470244634,-0.6388513806394163,0.20696254839043837,0.2206543756917935,1.994689772423249,False,6
larger E1 capped,Gross before costs,962,circular_block_bootstrap,60,ok,60,0.3074136366986808,0.8708878655477098,0.6696043826304245,1.5220192037815579,-0.5832336425440214,0.21495128831483554,0.2339705911922788,3.8200148600885946,False,6
larger E1 capped,Gross before costs,963,circular_block_bootstrap,60,ok,60,0.3807656769602774,0.9256466421538068,0.7129212913283798,1.8923120054533342,-0.6738922012460111,0.2294248414977721,0.2589215001315662,5.018800286562029,False,6
larger E1 capped,Gross before costs,964,circular_block_bootstrap,60,ok,60,1.0051869601688814,0.9389284984149331,1.1359737322226053,3.183878733984896,-0.44224561162682985,0.22374884001081738,0.2611984147625728,32.417114767330666,False,6
larger E1 capped,Gross before costs,965,circular_block_bootstrap,60,ok,60,0.7024403542875064,0.8191960025850191,1.006386331043577,2.5844748588409048,-0.36970691633022146,0.20520947568008394,0.2380334441870867,14.300773420848069,False,6
larger E1 capped,Gross before costs,966,circular_block_bootstrap,60,ok,60,-0.061244422972083545,0.795792025333004,0.25956214355315177,0.5051040533975465,-0.7906426585709634,0.22836433199116998,0.25298989406972205,0.7290589580057331,False,6
larger E1 capped,Gross before costs,967,circular_block_bootstrap,60,ok,60,0.7063488785868142,1.0768795198601648,0.9399409261277143,2.3752499282151365,-0.6032568918887738,0.25097656882446534,0.27761545614827415,14.46569009868916,False,6
larger E1 capped,Gross before costs,968,circular_block_bootstrap,60,ok,60,-0.00466193929712122,0.90605460657493,0.34979759641470126,0.7954648762578405,-0.8492767187960168,0.22836433199116998,0.2459796605634566,0.9769066294431803,False,6
larger E1 capped,Gross before costs,969,circular_block_bootstrap,60,ok,60,0.23912041186529853,0.9411511005645531,0.6008258899898512,1.4708640306456293,-0.5795049866209323,0.22836433199116998,0.2459796605634566,2.9212421311628325,False,6
larger E1 capped,Gross before costs,970,circular_block_bootstrap,60,ok,60,0.6999237356351729,0.6881893837576841,1.085484588940681,2.5758825603476505,-0.4558146649005298,0.1879570326294192,0.2087300418028535,14.195385447732345,False,6
larger E1 capped,Gross before costs,971,circular_block_bootstrap,60,ok,60,0.3514537403616038,0.8526957668607233,0.7096762492048088,1.6162536085024033,-0.5154049331805796,0.2294248414977721,0.24957452212321227,4.508228528613808,False,6
larger E1 capped,Gross before costs,972,circular_block_bootstrap,60,ok,60,0.8452587862180747,0.8240377793040838,1.115967222230162,2.634014451603714,-0.5166624766795151,0.22374884001081738,0.24478137337687136,21.393725026024907,False,6
larger E1 capped,Gross before costs,973,circular_block_bootstrap,60,ok,60,0.5943893925444688,0.9507683407930677,0.8878118136122503,2.172719518484406,-0.7198517934832901,0.2308268881990252,0.27761545614827415,10.303196477853625,False,6
larger E1 capped,Gross before costs,974,circular_block_bootstrap,60,ok,60,0.7110724159201187,0.9177428319595448,0.9872187022499099,2.3354744432185055,-0.6933640317034206,0.2294248414977721,0.2682684781399202,14.667022242674937,False,6
larger E1 capped,Gross before costs,975,circular_block_bootstrap,60,ok,60,0.3241773434641706,0.9177412137773618,0.6729342654592181,1.6406630251118417,-0.6843367608098004,0.24957452212321224,0.260790895733237,4.071278055852455,False,6
larger E1 capped,Gross before costs,976,circular_block_bootstrap,60,ok,60,2.1305278859942707,0.9132081867122185,1.6795392273444696,5.526577144593829,-0.3849529088189082,0.18799688661107988,0.23583934425931508,300.66846725200224,False,6
larger E1 capped,Gross before costs,977,circular_block_bootstrap,60,ok,60,1.28478568847793,0.9377621382313959,1.2956369343189047,3.609786235378519,-0.4270147829358131,0.2153790198681074,0.24154243163627306,62.26261383687614,False,6
larger E1 capped,Gross before costs,978,circular_block_bootstrap,60,ok,60,0.7304301748827104,0.7056757144147247,1.1016111918738312,2.6417056156108822,-0.4402769514820517,0.20696254839043837,0.23869088794779406,15.51566514396785,False,6
larger E1 capped,Gross before costs,979,circular_block_bootstrap,60,ok,60,0.5172062292714028,0.9805017043879808,0.8235290108739436,2.0898160829260415,-0.6749782759794514,0.21562194049865227,0.2354343953685174,8.039389785314059,False,6
larger E1 capped,Gross before costs,980,circular_block_bootstrap,60,ok,60,-0.024036319655172833,1.0564265698249955,0.38076711147103237,0.9035525246955315,-0.8170187219194126,0.27761545614827415,0.27761545614827415,0.8854586407173265,False,6
larger E1 capped,Gross before costs,981,circular_block_bootstrap,60,ok,60,0.5380865111099489,0.8766161685302867,0.8577334168728599,2.2013717172197533,-0.8315732004577885,0.2248093495174195,0.2589215001315662,8.608030899067177,False,6
larger E1 capped,Gross before costs,982,circular_block_bootstrap,60,ok,60,0.9116052802874315,0.8729065303334858,1.1097127428639704,3.0825650370544966,-0.5108151501021494,0.2153790198681074,0.2267448611208708,25.526490338803715,False,6
larger E1 capped,Gross before costs,983,circular_block_bootstrap,60,ok,60,0.9154437876358732,0.9467295197185476,1.080571715751397,3.108853211379034,-0.5982697966957553,0.20739027994371023,0.22512539025057166,25.783807880591795,False,6
larger E1 capped,Gross before costs,984,circular_block_bootstrap,60,ok,60,0.19611912341669613,0.8812123647128252,0.5527443378035041,1.3240518035284254,-0.7178741642846256,0.22374884001081738,0.24478137337687136,2.4483424888436005,False,6
larger E1 capped,Gross before costs,985,circular_block_bootstrap,60,ok,60,0.33942627005328463,0.7937434813867202,0.710050343034606,1.608495123685341,-0.5839048900064416,0.2235059193802725,0.23654022075174239,4.3111592178251605,False,6
larger E1 capped,Gross before costs,986,circular_block_bootstrap,60,ok,60,0.010811724342370654,0.9340358924402412,0.3848410592533618,0.8629073881595025,-0.7109395540454218,0.22836433199116998,0.2459796605634566,1.055240262202827,False,6
larger E1 capped,Gross before costs,987,circular_block_bootstrap,60,ok,60,0.5110995948656212,0.8154356692076044,0.8389882524516147,2.2190332361150165,-0.5515976725632762,0.20696254839043837,0.23096338080973924,7.87889741133003,False,6
larger E1 capped,Gross before costs,988,circular_block_bootstrap,60,ok,60,0.15993427205721678,0.9195287979299718,0.5307310277407868,1.2229236969382544,-0.650386819608934,0.22836433199116998,0.2459796605634566,2.0997466770281474,False,6
larger E1 capped,Gross before costs,989,circular_block_bootstrap,60,ok,60,0.012711961621845624,0.7826399434891257,0.3514150323393929,0.7095047316252808,-0.844113526836004,0.20739027994371023,0.2502319658839196,1.0651964204502071,False,6
larger E1 capped,Gross before costs,990,circular_block_bootstrap,60,ok,60,0.31723899748551654,0.758704280460112,0.6922900876347181,1.5042276160319172,-0.5627640627655655,0.20869371008085721,0.24957452212321227,3.965727771468659,False,6
larger E1 capped,Gross before costs,991,circular_block_bootstrap,60,ok,60,0.027151224371936733,0.9084704081513886,0.3870002151520851,0.8808884746561536,-0.6624268718553041,0.22836433199116998,0.24067711303044603,1.1433308995372353,False,6
larger E1 capped,Gross before costs,992,circular_block_bootstrap,60,ok,60,0.16627201357209098,0.8490587673638559,0.5273710244922399,1.19807612446142,-0.4692184625131114,0.24957452212321224,0.2565847556294777,2.1577407874530077,False,6
larger E1 capped,Gross before costs,993,circular_block_bootstrap,60,ok,60,1.488884759545119,0.99346965471786,1.350190792461783,3.983997007157677,-0.4115107233543842,0.21668245000525438,0.2682684781399202,95.50452342390557,False,6
larger E1 capped,Gross before costs,994,circular_block_bootstrap,60,ok,60,0.43817885408630874,0.7382536530170966,0.8232768614148811,1.7963260506770735,-0.6532792233148941,0.20696254839043837,0.21942230287361367,6.15268235912527,False,6
larger E1 capped,Gross before costs,995,circular_block_bootstrap,60,ok,60,1.1172862383297213,1.0140521827725193,1.161780522262807,3.3435831515245553,-0.49789574666854275,0.2308268881990252,0.27761545614827415,42.54983435806911,False,6
larger E1 capped,Gross before costs,996,circular_block_bootstrap,60,ok,60,0.6787106062666761,0.7255777763358717,1.0470878673920403,2.3818595436319767,-0.5001116298533708,0.20696254839043837,0.2264923662509611,13.331504750742061,False,6
larger E1 capped,Gross before costs,997,circular_block_bootstrap,60,ok,60,0.5118586679894017,0.9473728544211983,0.8305498842840989,2.0548919438496105,-0.48249386096102864,0.24957452212321224,0.2635949891357432,7.8987063996256905,False,6
larger E1 capped,Gross before costs,998,circular_block_bootstrap,60,ok,60,0.5804144769045521,0.9856958171192961,0.8772978472069572,2.113485455244773,-0.5688469142445809,0.2308268881990252,0.27761545614827415,9.859502381758846,False,6
larger E1 capped,Gross before costs,999,circular_block_bootstrap,60,ok,60,0.5474272416802202,0.9779939530452622,0.843654446985562,2.157610335837391,-0.4243264683183283,0.2308268881990252,0.27761545614827415,8.872605879668187,False,6
