Strategy,Return basis,path_id,method,n_source_obs,status,n_obs,annualized_return,annualized_volatility,sharpe,sortino,max_drawdown,var_95,cvar_95,terminal_wealth,defaulted,reason
orig E1 capped,Gross before costs,0,garch11_residual_fallback_insufficient_egarch_obs,60,ok,60,0.5758346180066769,0.7736471995797904,0.9349813639466891,2.239400309202006,-0.8282683540612936,0.1962538517945721,0.22969427329890055,9.71746945636443,False,insufficient_egarch_obs
orig E1 capped,Gross before costs,1,garch11_residual_fallback_insufficient_egarch_obs,60,ok,60,0.09636577161162063,0.7800526931952265,0.47674215270579784,0.8801499494721907,-0.8634108814655732,0.22668746207698715,0.297651667370557,1.5840808446164756,False,insufficient_egarch_obs
orig E1 capped,Gross before costs,2,garch11_residual_fallback_insufficient_egarch_obs,60,ok,60,0.4559477143696973,0.6668840731360802,0.8664997977397384,2.047622174625444,-0.6177137562537351,0.16186930105174804,0.19037756488832028,6.542276498438462,False,insufficient_egarch_obs
orig E1 capped,Gross before costs,3,garch11_residual_fallback_insufficient_egarch_obs,60,ok,60,1.34488222604296,0.9985536475154504,1.3229787977585288,3.1516034615722948,-0.7413388783712436,0.2319043408494257,0.27365683355184833,70.89329689684918,False,insufficient_egarch_obs
orig E1 capped,Gross before costs,4,garch11_residual_fallback_insufficient_egarch_obs,60,ok,60,0.718643077963834,0.757353732177396,1.0598748800106443,2.6330234733193603,-0.6056866306997242,0.18421923824501849,0.19567990801588034,14.994378385622966,False,insufficient_egarch_obs
orig E1 capped,Gross before costs,5,garch11_residual_fallback_insufficient_egarch_obs,60,ok,60,1.74195095582294,0.7631954000886526,1.7149153088625775,4.597211225033851,-0.44198082379079884,0.20438643646188218,0.2160038414624935,154.98812072614467,False,insufficient_egarch_obs
orig E1 capped,Gross before costs,6,garch11_residual_fallback_insufficient_egarch_obs,60,ok,60,0.23012145924010463,0.5959936283697389,0.624525548363969,1.2284329947665622,-0.5131063059257008,0.14803777095767395,0.23337428894649212,2.816695978722966,False,insufficient_egarch_obs
orig E1 capped,Gross before costs,7,garch11_residual_fallback_insufficient_egarch_obs,60,ok,60,0.7119118739217751,0.7983963514453942,1.0489171834675879,2.274063670809138,-0.6069291064137895,0.20892539019679468,0.2566161314470378,14.703036019641333,False,insufficient_egarch_obs
orig E1 capped,Gross before costs,8,garch11_residual_fallback_insufficient_egarch_obs,60,ok,60,-0.18457677458165234,0.7589986560620383,0.07882883573427953,0.1365897940486238,-0.8855341990319214,0.2019045708000968,0.28950160898779415,0.36050839779211025,False,insufficient_egarch_obs
orig E1 capped,Gross before costs,9,garch11_residual_fallback_insufficient_egarch_obs,60,ok,60,0.6929179770509177,0.7085772667261497,1.0753810574401068,2.498595349613169,-0.5332968888531652,0.18228188078488144,0.22755782336077135,13.905275054301795,False,insufficient_egarch_obs
orig E1 capped,Gross before costs,10,garch11_residual_fallback_insufficient_egarch_obs,60,ok,60,0.6761514934084663,0.5794242233885982,1.1721987092363721,2.719557647943412,-0.42766614490126065,0.15019698520770652,0.16758831781045533,13.23019793626837,False,insufficient_egarch_obs
orig E1 capped,Gross before costs,11,garch11_residual_fallback_insufficient_egarch_obs,60,ok,60,1.5350836698215322,1.011653488895083,1.400138013228677,3.438169019141355,-0.5189884723788698,0.2860249138015282,0.32858566455893495,104.70356968690787,False,insufficient_egarch_obs
orig E1 capped,Gross before costs,12,garch11_residual_fallback_insufficient_egarch_obs,60,ok,60,0.2054714912826019,0.9279920110521255,0.6160903480961207,1.241753133845624,-0.7549018150888059,0.2584247054993743,0.3107929240996537,2.54556810084519,False,insufficient_egarch_obs
orig E1 capped,Gross before costs,13,garch11_residual_fallback_insufficient_egarch_obs,60,ok,60,0.2574269403250875,0.8120492424591113,0.6513676384661087,1.2857093059086868,-0.746585363744777,0.22253077878944189,0.24080471248475174,3.143502458071491,False,insufficient_egarch_obs
orig E1 capped,Gross before costs,14,garch11_residual_fallback_insufficient_egarch_obs,60,ok,60,0.7532360793942083,0.747600131523598,1.108733210306374,2.3902479454085857,-0.689515763788205,0.21780151302308368,0.25671317145064027,16.56540264758318,False,insufficient_egarch_obs
orig E1 capped,Gross before costs,15,garch11_residual_fallback_insufficient_egarch_obs,60,ok,60,0.19846972663026086,0.6977796304871109,0.5796750044438732,1.1177211205336475,-0.701210650424179,0.1846300744644327,0.26090146845728907,2.4724945393412874,False,insufficient_egarch_obs
orig E1 capped,Gross before costs,16,garch11_residual_fallback_insufficient_egarch_obs,60,ok,60,-0.36175588849359763,0.7212701535472142,-0.27246815430834226,-0.4166031009608702,-0.9605405308035043,0.2648338521448713,0.334986373811826,0.10590929650767046,False,insufficient_egarch_obs
orig E1 capped,Gross before costs,17,garch11_residual_fallback_insufficient_egarch_obs,60,ok,60,0.205225993471416,0.688197797003975,0.5830332938576367,1.1595641959714398,-0.5106952860257672,0.20040210634170494,0.2096579221362175,2.5429770942759706,False,insufficient_egarch_obs
orig E1 capped,Gross before costs,18,garch11_residual_fallback_insufficient_egarch_obs,60,ok,60,0.2507497487151844,1.0087859119491052,0.6691739676941567,1.3600551713500042,-0.8859169107126453,0.252504221459116,0.2904573765137764,3.0609210040505515,False,insufficient_egarch_obs
orig E1 capped,Gross before costs,19,garch11_residual_fallback_insufficient_egarch_obs,60,ok,60,1.2023189360451405,0.7079533876439964,1.4670995513061413,3.762260911872277,-0.37453499658149947,0.1819961231980095,0.230294952998117,51.8085055373685,False,insufficient_egarch_obs
orig E1 capped,Gross before costs,20,garch11_residual_fallback_insufficient_egarch_obs,60,ok,60,1.3826518677019508,0.7979344685613897,1.4777882751164846,3.988627812144732,-0.4330198755389846,0.19271182138203855,0.20145830941505646,76.78969777362236,False,insufficient_egarch_obs
orig E1 capped,Gross before costs,21,garch11_residual_fallback_insufficient_egarch_obs,60,ok,60,1.1269070977698554,0.7807321633835775,1.341672296381543,3.3334322930960294,-0.48713534384226753,0.20530360924559546,0.22203889438593352,43.52538314032148,False,insufficient_egarch_obs
orig E1 capped,Gross before costs,22,garch11_residual_fallback_insufficient_egarch_obs,60,ok,60,0.14890493322288445,0.8846581283661381,0.5645932412923427,1.0434219528322681,-0.8344614360950716,0.2533845840116894,0.3530959468759616,2.0017990148505396,False,insufficient_egarch_obs
orig E1 capped,Gross before costs,23,garch11_residual_fallback_insufficient_egarch_obs,60,ok,60,1.1251288075906558,0.8223994102650589,1.3166037593160391,3.0498806696634615,-0.46073410330024045,0.2064091405561086,0.25767933621762534,43.34373100961256,False,insufficient_egarch_obs
orig E1 capped,Gross before costs,24,garch11_residual_fallback_insufficient_egarch_obs,60,ok,60,-0.1445542058697683,0.7585120984872556,0.13306791678016475,0.24585761561322125,-0.9182775859420124,0.1983012061976231,0.2610902251809961,0.458102305018537,False,insufficient_egarch_obs
orig E1 capped,Gross before costs,25,garch11_residual_fallback_insufficient_egarch_obs,60,ok,60,0.35441774805987936,0.746976328168306,0.7549909869865566,1.4709637780834988,-0.7321424701556711,0.22384846452198928,0.26922721567425967,4.557883079408246,False,insufficient_egarch_obs
orig E1 capped,Gross before costs,26,garch11_residual_fallback_insufficient_egarch_obs,60,ok,60,0.8691456636650396,0.8101659817621739,1.1513804066447466,2.7118410219703257,-0.6954372449994747,0.2287530438939001,0.2374325938265193,22.814751231850707,False,insufficient_egarch_obs
orig E1 capped,Gross before costs,27,garch11_residual_fallback_insufficient_egarch_obs,60,ok,60,0.4772760873208661,0.6081430249161813,0.9188431952250516,2.2653850346898765,-0.6187671180624961,0.1515625629512317,0.16496894199940576,7.0357166341079544,False,insufficient_egarch_obs
orig E1 capped,Gross before costs,28,garch11_residual_fallback_insufficient_egarch_obs,60,ok,60,0.9174898237746161,0.8637836183762031,1.1577070912970768,2.670922225652056,-0.4801049835155182,0.21087301932906077,0.23525040089714677,25.921810953795397,False,insufficient_egarch_obs
orig E1 capped,Gross before costs,29,garch11_residual_fallback_insufficient_egarch_obs,60,ok,60,0.23175062203650842,0.6802445953785197,0.6250255870748449,1.1797146592359058,-0.7760192101212922,0.21747887366258437,0.258173024422665,2.835397494978632,False,insufficient_egarch_obs
orig E1 capped,Gross before costs,30,garch11_residual_fallback_insufficient_egarch_obs,60,ok,60,0.2207776776948165,0.9423869816282078,0.6563398902031509,1.2016002831567638,-0.7516133716503,0.32713755091763674,0.3890840433796738,2.711333233504595,False,insufficient_egarch_obs
orig E1 capped,Gross before costs,31,garch11_residual_fallback_insufficient_egarch_obs,60,ok,60,0.6207464027380267,0.6323180460851201,1.0694184709863883,2.291947141013925,-0.5847075796766747,0.20627104684980282,0.2535489905793344,11.183437932436888,False,insufficient_egarch_obs
orig E1 capped,Gross before costs,32,garch11_residual_fallback_insufficient_egarch_obs,60,ok,60,0.6314763909738421,0.5959994823621542,1.1051886847182992,2.614990207291252,-0.4376636840760789,0.15342096861031795,0.1680443670942248,11.55856627605971,False,insufficient_egarch_obs
orig E1 capped,Gross before costs,33,garch11_residual_fallback_insufficient_egarch_obs,60,ok,60,1.850600409663563,0.8338520640139999,1.674504888318183,4.543183990200958,-0.2645513664273146,0.22870691997576517,0.2514578043204158,188.2269114373022,False,insufficient_egarch_obs
orig E1 capped,Gross before costs,34,garch11_residual_fallback_insufficient_egarch_obs,60,ok,60,2.7230156206228884,0.8235440044349542,2.060544544021496,5.145206271072677,-0.4100915327500605,0.2210421503143114,0.2458413398676634,715.2770519970925,False,insufficient_egarch_obs
orig E1 capped,Gross before costs,35,garch11_residual_fallback_insufficient_egarch_obs,60,ok,60,0.5440861046587271,0.7448715202685828,0.9270462227171653,2.009832574298451,-0.5804137738009408,0.21951599543641187,0.28827886545402664,8.777231917369269,False,insufficient_egarch_obs
orig E1 capped,Gross before costs,36,garch11_residual_fallback_insufficient_egarch_obs,60,ok,60,0.6056110240089301,0.6875056828371858,1.0112004601499005,2.219443964459998,-0.4968045637711196,0.18962305716418917,0.23096602420315748,10.670916132896533,False,insufficient_egarch_obs
orig E1 capped,Gross before costs,37,garch11_residual_fallback_insufficient_egarch_obs,60,ok,60,0.06278440187097489,0.8010970533269582,0.43359040789130404,0.82943592457417,-0.72777953170884,0.24866354507433752,0.276922496119212,1.3558943747250052,False,insufficient_egarch_obs
orig E1 capped,Gross before costs,38,garch11_residual_fallback_insufficient_egarch_obs,60,ok,60,-0.16909195476142558,0.8762501981211487,0.19167352456012318,0.332186693612714,-0.8918088132388701,0.239243296465943,0.3277069858386487,0.39606349922925455,False,insufficient_egarch_obs
orig E1 capped,Gross before costs,39,garch11_residual_fallback_insufficient_egarch_obs,60,ok,60,0.02617932663866096,0.784616238746496,0.3932691081965913,0.7088610356068461,-0.8442683651811974,0.2205003739336781,0.2906627854779092,1.1379319873798919,False,insufficient_egarch_obs
orig E1 capped,Gross before costs,40,garch11_residual_fallback_insufficient_egarch_obs,60,ok,60,0.8370759746606888,0.5965327398871997,1.3125447330840054,3.3116981698439214,-0.43130989068460834,0.14349313355435797,0.19665326122546609,20.923560421099282,False,insufficient_egarch_obs
orig E1 capped,Gross before costs,41,garch11_residual_fallback_insufficient_egarch_obs,60,ok,60,-0.029858079335060017,0.7230361174723459,0.28056306393212693,0.5323044615432108,-0.6965897797291345,0.20451669312416007,0.22329546748956544,0.8593624162740119,False,insufficient_egarch_obs
orig E1 capped,Gross before costs,42,garch11_residual_fallback_insufficient_egarch_obs,60,ok,60,0.04063514228341103,0.7270108530675561,0.38623873134942077,0.7237694540481913,-0.7350852553110299,0.2029779178225624,0.3066407366994319,1.2203725761231736,False,insufficient_egarch_obs
orig E1 capped,Gross before costs,43,garch11_residual_fallback_insufficient_egarch_obs,60,ok,60,0.36441197780028145,0.7642005237994367,0.7595596686264741,1.5289962400215218,-0.6143115547717896,0.22272405304282794,0.2738180914800989,4.728545980942737,False,insufficient_egarch_obs
orig E1 capped,Gross before costs,44,garch11_residual_fallback_insufficient_egarch_obs,60,ok,60,0.1589959965010097,0.6985536281298678,0.5237600508080104,1.0554755712802186,-0.5967580584205641,0.18774430186985083,0.19722797505237777,2.091267936914475,False,insufficient_egarch_obs
orig E1 capped,Gross before costs,45,garch11_residual_fallback_insufficient_egarch_obs,60,ok,60,0.614261277954782,0.7118954760494728,1.0066711035103235,2.229799944995644,-0.48425074270754465,0.1944070984582127,0.2374846314018886,10.96147875139707,False,insufficient_egarch_obs
orig E1 capped,Gross before costs,46,garch11_residual_fallback_insufficient_egarch_obs,60,ok,60,-0.022619965513757334,0.7360232974995555,0.294140521038752,0.5658936085017813,-0.8815355041085648,0.2001566275941419,0.2330858602193856,0.891902365944157,False,insufficient_egarch_obs
orig E1 capped,Gross before costs,47,garch11_residual_fallback_insufficient_egarch_obs,60,ok,60,0.5574788640399619,0.6588111593565678,0.9845418552031632,2.1158575255428533,-0.6426174743027155,0.1751100939332908,0.21940704185758206,9.1645429019479,False,insufficient_egarch_obs
orig E1 capped,Gross before costs,48,garch11_residual_fallback_insufficient_egarch_obs,60,ok,60,1.1190728080267385,0.6198995825852806,1.5243613058952994,4.061600533314285,-0.47963642139969775,0.14904975446719382,0.17423968122782538,42.72965567896706,False,insufficient_egarch_obs
orig E1 capped,Gross before costs,49,garch11_residual_fallback_insufficient_egarch_obs,60,ok,60,0.8463724969133137,0.5532744670334625,1.3888445217870335,3.285163932209795,-0.4866893810524945,0.14792872467627205,0.16060906865610267,21.458364194551002,False,insufficient_egarch_obs
orig E1 capped,Gross before costs,50,garch11_residual_fallback_insufficient_egarch_obs,60,ok,60,0.08090513744244832,0.9155140073617751,0.5044535833271381,0.9323058911407146,-0.8719300845147012,0.2579517786774961,0.3596289145017111,1.4754955534320366,False,insufficient_egarch_obs
orig E1 capped,Gross before costs,51,garch11_residual_fallback_insufficient_egarch_obs,60,ok,60,0.16110199032948835,0.7319453666977886,0.5502825409801807,0.9784939117128076,-0.9050573491740754,0.22264573471267976,0.3029992730599109,2.110337166191215,False,insufficient_egarch_obs
orig E1 capped,Gross before costs,52,garch11_residual_fallback_insufficient_egarch_obs,60,ok,60,0.20681048584147343,0.8627160077579211,0.6188292481671055,1.1666417396382927,-0.7954027631069853,0.2302252012028848,0.3312706025794701,2.559737172283103,False,insufficient_egarch_obs
orig E1 capped,Gross before costs,53,garch11_residual_fallback_insufficient_egarch_obs,60,ok,60,1.4263502994801085,0.7633103947197315,1.5443996636495738,3.8436615288207583,-0.37882963580461526,0.194834762239425,0.20876797827152638,84.0944834531762,False,insufficient_egarch_obs
orig E1 capped,Gross before costs,54,garch11_residual_fallback_insufficient_egarch_obs,60,ok,60,0.7248969721905545,0.9470460214191816,1.0245967579964028,2.102708955980207,-0.5543475721698847,0.27736797834314936,0.3834439421188918,15.269182968990245,False,insufficient_egarch_obs
orig E1 capped,Gross before costs,55,garch11_residual_fallback_insufficient_egarch_obs,60,ok,60,0.26974431036515556,0.7725917874075714,0.6567453426562855,1.3580899099770685,-0.6370183696906859,0.19560612164410435,0.2772572313697847,3.3005124651924422,False,insufficient_egarch_obs
orig E1 capped,Gross before costs,56,garch11_residual_fallback_insufficient_egarch_obs,60,ok,60,2.7270621688928087,0.9278140953720853,1.904455355204896,5.273892721336981,-0.38937529897204026,0.21586764608983977,0.22908906401425497,719.1726867629965,False,insufficient_egarch_obs
orig E1 capped,Gross before costs,57,garch11_residual_fallback_insufficient_egarch_obs,60,ok,60,0.16311204699560444,0.5300418065577451,0.5310772589823918,1.0039343429768535,-0.6797291928418434,0.15890440127459646,0.1904806548185606,2.1286672078312954,False,insufficient_egarch_obs
orig E1 capped,Gross before costs,58,garch11_residual_fallback_insufficient_egarch_obs,60,ok,60,0.31584398865054,0.8120891314958486,0.6919350349482543,1.5877976206179847,-0.5879689491538515,0.19384784914464034,0.20178884335581862,3.9447728802314717,False,insufficient_egarch_obs
orig E1 capped,Gross before costs,59,garch11_residual_fallback_insufficient_egarch_obs,60,ok,60,0.718226945498591,0.7888532169287218,1.0521235701083904,2.363564422785964,-0.5660063368903627,0.2068214439375247,0.22191344802138466,14.976234342625107,False,insufficient_egarch_obs
orig E1 capped,Gross before costs,60,garch11_residual_fallback_insufficient_egarch_obs,60,ok,60,0.8407790288521906,0.794528840728806,1.1506242370310351,2.482328070590151,-0.6146630332910661,0.24787171216152826,0.2813666267074027,21.135293827222267,False,insufficient_egarch_obs
orig E1 capped,Gross before costs,61,garch11_residual_fallback_insufficient_egarch_obs,60,ok,60,0.6568616753057133,0.6245037586776051,1.1058489262222244,2.565653678274923,-0.4623602780020575,0.15818404324809202,0.19189460931664234,12.486228036223265,False,insufficient_egarch_obs
orig E1 capped,Gross before costs,62,garch11_residual_fallback_insufficient_egarch_obs,60,ok,60,0.38153132657925704,0.6567110858611338,0.7934780043977412,1.7272678240542614,-0.6208069951091871,0.17885115241978133,0.2248824426729644,5.032730624378981,False,insufficient_egarch_obs
orig E1 capped,Gross before costs,63,garch11_residual_fallback_insufficient_egarch_obs,60,ok,60,-0.12740930481615875,0.7111910971571871,0.12455259241938267,0.2270448725861466,-0.7925950046093412,0.2043731429687453,0.22160551191519742,0.5058862646569061,False,insufficient_egarch_obs
orig E1 capped,Gross before costs,64,garch11_residual_fallback_insufficient_egarch_obs,60,ok,60,0.16108309181281966,0.9471121163730929,0.6071264797351977,1.102914484945471,-0.9529174818369163,0.2796238526629327,0.4188299800326794,2.1101654287203067,False,insufficient_egarch_obs
orig E1 capped,Gross before costs,65,garch11_residual_fallback_insufficient_egarch_obs,60,ok,60,0.9116717774980387,0.9671959347006046,1.1253833106754476,2.431092678345087,-0.7226024460549649,0.25366075206655964,0.33378549322903445,25.53093047746689,False,insufficient_egarch_obs
orig E1 capped,Gross before costs,66,garch11_residual_fallback_insufficient_egarch_obs,60,ok,60,0.32525377705519265,0.9436292545481206,0.7267460479911462,1.4919882128299051,-0.7723732916712658,0.2533476266712547,0.3763088466783168,4.087852842239721,False,insufficient_egarch_obs
orig E1 capped,Gross before costs,67,garch11_residual_fallback_insufficient_egarch_obs,60,ok,60,0.8316902680897436,0.7116302323509256,1.1950583171751,2.665877194270843,-0.5673879927734892,0.2086815248130766,0.23662435311644167,20.618648259383882,False,insufficient_egarch_obs
orig E1 capped,Gross before costs,68,garch11_residual_fallback_insufficient_egarch_obs,60,ok,60,0.5385262996584399,0.7424859287377784,0.9237996623024674,1.995345621123951,-0.4479460595717628,0.19960471488006978,0.20353404827737384,8.620344507311511,False,insufficient_egarch_obs
orig E1 capped,Gross before costs,69,garch11_residual_fallback_insufficient_egarch_obs,60,ok,60,1.3602018769950917,0.6361717321572662,1.680207281437386,4.668997401966159,-0.39613994215961157,0.15761229654894923,0.16922286070341444,73.23956514517769,False,insufficient_egarch_obs
orig E1 capped,Gross before costs,70,garch11_residual_fallback_insufficient_egarch_obs,60,ok,60,0.9435664070648593,0.6873333472660167,1.2973119444754349,3.3429622212422765,-0.5825879066894384,0.17891486631447773,0.18833425325386235,27.733004375747708,False,insufficient_egarch_obs
orig E1 capped,Gross before costs,71,garch11_residual_fallback_insufficient_egarch_obs,60,ok,60,0.6850839336969923,0.8405176965834514,1.0255141333915896,2.0504339899479076,-0.684788786357958,0.2348024136432825,0.30927510660852037,13.586503010106604,False,insufficient_egarch_obs
orig E1 capped,Gross before costs,72,garch11_residual_fallback_insufficient_egarch_obs,60,ok,60,0.9150590912349621,0.7354635354565309,1.2393412775972832,2.843287355073598,-0.528944103249372,0.1827071078763251,0.20708344721359873,25.757926268371506,False,insufficient_egarch_obs
orig E1 capped,Gross before costs,73,garch11_residual_fallback_insufficient_egarch_obs,60,ok,60,0.2992362225490597,1.0609593368428005,0.7285969383967585,1.4398332920896608,-0.7750549782483003,0.2891334216017528,0.35227223843496946,3.7020356849153924,False,insufficient_egarch_obs
orig E1 capped,Gross before costs,74,garch11_residual_fallback_insufficient_egarch_obs,60,ok,60,-0.3025109013651408,0.6489049271780728,-0.25168553528545734,-0.40807458267024926,-0.8917417310044098,0.2012404079804791,0.27043752418927575,0.16507721034776365,False,insufficient_egarch_obs
orig E1 capped,Gross before costs,75,garch11_residual_fallback_insufficient_egarch_obs,60,ok,60,0.47221364169574365,0.7909693484738269,0.8539118933195301,1.8151570716644552,-0.6068125601920937,0.18551550067597053,0.29619957891448956,6.915987317197777,False,insufficient_egarch_obs
orig E1 capped,Gross before costs,76,garch11_residual_fallback_insufficient_egarch_obs,60,ok,60,1.541907901916646,0.7564267017079424,1.6097686271902953,4.774003308037256,-0.34956307441742795,0.1747937146049251,0.1930477868557174,106.12044342179557,False,insufficient_egarch_obs
orig E1 capped,Gross before costs,77,garch11_residual_fallback_insufficient_egarch_obs,60,ok,60,0.021875719995109177,0.7170849481353169,0.35090705979763887,0.6683413573778273,-0.8200828720889244,0.2062695938384231,0.22702555671614524,1.1142699069042221,False,insufficient_egarch_obs
orig E1 capped,Gross before costs,78,garch11_residual_fallback_insufficient_egarch_obs,60,ok,60,0.36537191895399945,0.8541857306183309,0.7479758053932314,1.5865480687071833,-0.6675904859996706,0.2115128241844636,0.27724295606480176,4.745203403767294,False,insufficient_egarch_obs
orig E1 capped,Gross before costs,79,garch11_residual_fallback_insufficient_egarch_obs,60,ok,60,1.6484882733159938,0.8484435358541333,1.5658144950098782,4.0957646084664505,-0.5235214771945607,0.19506015964758652,0.2074152079193751,130.31375877531985,False,insufficient_egarch_obs
orig E1 capped,Gross before costs,80,garch11_residual_fallback_insufficient_egarch_obs,60,ok,60,1.3927254905402697,0.7909542546944245,1.504218403555144,3.576851844258365,-0.5103348825571099,0.1951348682955605,0.2599233837293266,78.4267794866248,False,insufficient_egarch_obs
orig E1 capped,Gross before costs,81,garch11_residual_fallback_insufficient_egarch_obs,60,ok,60,0.5129569107115426,0.9357425779788147,0.8725237286698952,1.820571604111985,-0.7000529325851614,0.22914436445644823,0.34715192767636055,7.927436958531614,False,insufficient_egarch_obs
orig E1 capped,Gross before costs,82,garch11_residual_fallback_insufficient_egarch_obs,60,ok,60,0.12518885559087733,0.7871354000052522,0.5117955692531898,0.9477258097198856,-0.6239837979575276,0.22285412352225967,0.293684690762229,1.8035455293150358,False,insufficient_egarch_obs
orig E1 capped,Gross before costs,83,garch11_residual_fallback_insufficient_egarch_obs,60,ok,60,0.9793994676803623,0.7265911997921373,1.2986706944718045,2.951366684296631,-0.628261056357322,0.20340239103716212,0.25864138067303283,30.38556006651914,False,insufficient_egarch_obs
orig E1 capped,Gross before costs,84,garch11_residual_fallback_insufficient_egarch_obs,60,ok,60,1.6493188574313322,0.785654297141876,1.6420967717129427,4.265361238252819,-0.5670324175594855,0.18863433879671482,0.24251237567871087,130.5182234276216,False,insufficient_egarch_obs
orig E1 capped,Gross before costs,85,garch11_residual_fallback_insufficient_egarch_obs,60,ok,60,0.6747107715920497,0.7828768972967257,1.0289450388778245,2.193191367786692,-0.47125418431939614,0.20233999735030236,0.27398083991662864,13.173436075756142,False,insufficient_egarch_obs
orig E1 capped,Gross before costs,86,garch11_residual_fallback_insufficient_egarch_obs,60,ok,60,1.0785513208583493,0.7867872809154268,1.3139808956546257,2.9830058269566964,-0.5929082684835221,0.21572400280223292,0.22567062089891024,38.79750162732535,False,insufficient_egarch_obs
orig E1 capped,Gross before costs,87,garch11_residual_fallback_insufficient_egarch_obs,60,ok,60,0.3790841797745139,0.7155020529838464,0.7740082913809972,1.6762204888337724,-0.5968236194994093,0.18074760534321363,0.2077942308099993,4.988315138225625,False,insufficient_egarch_obs
orig E1 capped,Gross before costs,88,garch11_residual_fallback_insufficient_egarch_obs,60,ok,60,0.43402112201807963,0.7199004168966157,0.8387184366061982,1.7046860353881146,-0.6818123528588095,0.20506721463970068,0.26510157015555635,6.064258994171574,False,insufficient_egarch_obs
orig E1 capped,Gross before costs,89,garch11_residual_fallback_insufficient_egarch_obs,60,ok,60,0.3585114309085278,0.7899472928723071,0.7589573465062222,1.4650157296517239,-0.7318499972500931,0.22952939440354847,0.3116249394462246,4.627180970696677,False,insufficient_egarch_obs
orig E1 capped,Gross before costs,90,garch11_residual_fallback_insufficient_egarch_obs,60,ok,60,1.189217681821558,0.7754349113224265,1.3845065517216322,3.578426036523495,-0.5228129201246626,0.17946816061720255,0.1983954736882129,50.28572730670349,False,insufficient_egarch_obs
orig E1 capped,Gross before costs,91,garch11_residual_fallback_insufficient_egarch_obs,60,ok,60,1.9816217293393725,0.8647636173016816,1.720501825809242,4.051463848779883,-0.5252095119423643,0.22596157940593795,0.30325423947123165,235.6474388449534,False,insufficient_egarch_obs
orig E1 capped,Gross before costs,92,garch11_residual_fallback_insufficient_egarch_obs,60,ok,60,0.42592454207704167,0.6712198654369003,0.8296140453299639,1.9527701759210252,-0.7109191077954828,0.1581674922369079,0.17748145408962893,5.8949852035581465,False,insufficient_egarch_obs
orig E1 capped,Gross before costs,93,garch11_residual_fallback_insufficient_egarch_obs,60,ok,60,0.5455139907232585,0.6531286922342041,0.9757205045935569,2.06889975102702,-0.4943858386114113,0.20469833539687085,0.24499075537517576,8.817890556803672,False,insufficient_egarch_obs
orig E1 capped,Gross before costs,94,garch11_residual_fallback_insufficient_egarch_obs,60,ok,60,0.08610519232968405,0.7918398133689718,0.45474772661259966,0.9067460840539063,-0.6133679845551034,0.20324714179529213,0.2611697289260561,1.511330509556913,False,insufficient_egarch_obs
orig E1 capped,Gross before costs,95,garch11_residual_fallback_insufficient_egarch_obs,60,ok,60,0.5511142035653378,0.9104619461472837,0.8974533167964568,1.9058111293286355,-0.6795758842694822,0.24703225007620355,0.2919981516538654,8.97881190048923,False,insufficient_egarch_obs
orig E1 capped,Gross before costs,96,garch11_residual_fallback_insufficient_egarch_obs,60,ok,60,1.324799695512632,0.7832065385928086,1.4650537619521289,3.5770864432611535,-0.5340004978777244,0.20693413561003782,0.24198063726730154,67.9090570881338,False,insufficient_egarch_obs
orig E1 capped,Gross before costs,97,garch11_residual_fallback_insufficient_egarch_obs,60,ok,60,0.28775836332347837,0.8338913005969145,0.6880746614997927,1.348598760863093,-0.7446230068068116,0.2464649796670807,0.334575345297454,3.541374823013071,False,insufficient_egarch_obs
orig E1 capped,Gross before costs,98,garch11_residual_fallback_insufficient_egarch_obs,60,ok,60,0.39684232821243404,0.7611814736792439,0.8020667310129531,1.549380328691445,-0.5674470306471485,0.2313173680042634,0.3252510206736781,5.317860425150216,False,insufficient_egarch_obs
orig E1 capped,Gross before costs,99,garch11_residual_fallback_insufficient_egarch_obs,60,ok,60,0.6784748040356969,0.8550347237703423,0.9907386879222896,2.3627952913150274,-0.6572318053311924,0.20444243337145745,0.21934150907719338,13.322144246508442,False,insufficient_egarch_obs
orig E1 capped,Gross before costs,100,garch11_residual_fallback_insufficient_egarch_obs,60,ok,60,0.0017341465000106915,0.7440943365020746,0.3386553547659626,0.6286783154666946,-0.7993400695104526,0.21111030216394938,0.259349268563774,1.0087008573364866,False,insufficient_egarch_obs
orig E1 capped,Gross before costs,101,garch11_residual_fallback_insufficient_egarch_obs,60,ok,60,0.026088428844687428,0.9809154820376825,0.468380121535193,0.8893144954563873,-0.8645997876459675,0.2665782938334099,0.3666049529064031,1.1374280930707545,False,insufficient_egarch_obs
orig E1 capped,Gross before costs,102,garch11_residual_fallback_insufficient_egarch_obs,60,ok,60,0.4805325860484253,0.851390658385553,0.8551441087288645,1.7490936308682348,-0.7650394664812428,0.22534100620220446,0.27621455009519374,7.11360674099858,False,insufficient_egarch_obs
orig E1 capped,Gross before costs,103,garch11_residual_fallback_insufficient_egarch_obs,60,ok,60,0.7097734450445967,0.7462044578214038,1.0838996219195987,2.1949736820729018,-0.5525928279774514,0.23966210941161017,0.30957456968426383,14.61143391816573,False,insufficient_egarch_obs
orig E1 capped,Gross before costs,104,garch11_residual_fallback_insufficient_egarch_obs,60,ok,60,0.6419539509643826,0.7666065219062251,1.0127306796752003,2.115679053357474,-0.4976151511055845,0.20677069210031615,0.2946941569860451,11.934517489588314,False,insufficient_egarch_obs
orig E1 capped,Gross before costs,105,garch11_residual_fallback_insufficient_egarch_obs,60,ok,60,0.7395080212062193,0.7629335109430939,1.0836638657395523,2.4673116527143777,-0.42253856045428206,0.1785449211773907,0.20711506546575867,15.92693393167539,False,insufficient_egarch_obs
orig E1 capped,Gross before costs,106,garch11_residual_fallback_insufficient_egarch_obs,60,ok,60,-0.3058687223216183,0.6441866267043458,-0.2615998198782906,-0.41168738062022253,-0.9508198988835024,0.2003557633641644,0.2620531407070921,0.1611417482837918,False,insufficient_egarch_obs
orig E1 capped,Gross before costs,107,garch11_residual_fallback_insufficient_egarch_obs,60,ok,60,1.0549180875524695,0.7145788313173913,1.355735600942295,3.3558459393086286,-0.46280650153145875,0.1984512115607811,0.22020896131793757,36.6414434833615,False,insufficient_egarch_obs
orig E1 capped,Gross before costs,108,garch11_residual_fallback_insufficient_egarch_obs,60,ok,60,-0.02170730634644058,0.8953947887668763,0.3733873808852745,0.7223081342864051,-0.8025461271445266,0.2470770510010801,0.3261315275747993,0.896074358737737,False,insufficient_egarch_obs
orig E1 capped,Gross before costs,109,garch11_residual_fallback_insufficient_egarch_obs,60,ok,60,0.07331455726922398,0.5909033756528618,0.3878064798195695,0.7521309408177015,-0.7341600088417211,0.1839421659348423,0.21060027737201528,1.4244102772502352,False,insufficient_egarch_obs
orig E1 capped,Gross before costs,110,garch11_residual_fallback_insufficient_egarch_obs,60,ok,60,0.258978982968743,0.8091917880696,0.6506728576586702,1.3075652031754474,-0.7949040777716615,0.23717005754763437,0.29141263988920457,3.162950540964949,False,insufficient_egarch_obs
orig E1 capped,Gross before costs,111,garch11_residual_fallback_insufficient_egarch_obs,60,ok,60,-0.03679693648810012,0.8399259425624174,0.33804610102057286,0.6106016332276861,-0.5819916803510913,0.2434980195704933,0.29291493135141966,0.8290663263550849,False,insufficient_egarch_obs
orig E1 capped,Gross before costs,112,garch11_residual_fallback_insufficient_egarch_obs,60,ok,60,0.4059821651130622,0.8100922512490568,0.7918729965189104,1.6398754667012871,-0.7730849875796413,0.23361849295924145,0.2890019930554164,5.494131608479823,False,insufficient_egarch_obs
orig E1 capped,Gross before costs,113,garch11_residual_fallback_insufficient_egarch_obs,60,ok,60,0.295285858948483,0.9073171181795193,0.6943158625979022,1.4196967213436122,-0.7383463054611236,0.2223261376626377,0.30395059607824143,3.646096183502772,False,insufficient_egarch_obs
orig E1 capped,Gross before costs,114,garch11_residual_fallback_insufficient_egarch_obs,60,ok,60,0.3205370749014016,0.7168376778041408,0.7150046888427679,1.5000239672192817,-0.5257094501148163,0.19845332815372935,0.2038663422912743,4.015623563717955,False,insufficient_egarch_obs
orig E1 capped,Gross before costs,115,garch11_residual_fallback_insufficient_egarch_obs,60,ok,60,1.4703917522922123,0.8547401232321331,1.481447650912009,3.5603745558424387,-0.7105227341796695,0.22476314399060582,0.264363059160712,92.00875275383702,False,insufficient_egarch_obs
orig E1 capped,Gross before costs,116,garch11_residual_fallback_insufficient_egarch_obs,60,ok,60,0.4522057511795139,0.7636394093196468,0.8481242516980476,1.6448846398832784,-0.6151268445250947,0.21069519060541175,0.28181102357027205,6.45863529859984,False,insufficient_egarch_obs
orig E1 capped,Gross before costs,117,garch11_residual_fallback_insufficient_egarch_obs,60,ok,60,0.5791181360732991,0.8122211848258608,0.9384178185483227,1.9989809050822445,-0.8059005736623601,0.26407136300653605,0.3008373183630899,9.819132196866146,False,insufficient_egarch_obs
orig E1 capped,Gross before costs,118,garch11_residual_fallback_insufficient_egarch_obs,60,ok,60,0.12239960734641286,0.6801874168460096,0.47914221477423313,0.9102016350050716,-0.5930437990887899,0.21139701886947224,0.2233772522785437,1.7813018971645704,False,insufficient_egarch_obs
orig E1 capped,Gross before costs,119,garch11_residual_fallback_insufficient_egarch_obs,60,ok,60,0.11822696982291081,0.6806638405019733,0.46879439943389367,0.9474014092952436,-0.7259461099846117,0.1828116122638554,0.1951156825423265,1.7484362926129957,False,insufficient_egarch_obs
orig E1 capped,Gross before costs,120,garch11_residual_fallback_insufficient_egarch_obs,60,ok,60,0.2064570797220815,0.7481599612135501,0.5826111443662683,1.2230151925293558,-0.7625123696521869,0.19966585874285475,0.21604674223355283,2.5559913599992146,False,insufficient_egarch_obs
orig E1 capped,Gross before costs,121,garch11_residual_fallback_insufficient_egarch_obs,60,ok,60,0.21671946424399913,0.6873640176185919,0.6090957321577408,1.1365803545243995,-0.6024111093668718,0.22610804771953472,0.293201273107449,2.6665656372663573,False,insufficient_egarch_obs
orig E1 capped,Gross before costs,122,garch11_residual_fallback_insufficient_egarch_obs,60,ok,60,0.5433869681521719,0.6752872999755489,0.959631084005052,2.1015819197841434,-0.7383196179518945,0.18211984383289803,0.2523490644877379,8.757378980535405,False,insufficient_egarch_obs
orig E1 capped,Gross before costs,123,garch11_residual_fallback_insufficient_egarch_obs,60,ok,60,0.3236374467220773,0.8665120342544934,0.7143272260269223,1.4587402563859118,-0.6684339787873365,0.23609217024609788,0.3045692112613237,4.062985065130612,False,insufficient_egarch_obs
orig E1 capped,Gross before costs,124,garch11_residual_fallback_insufficient_egarch_obs,60,ok,60,0.43443546031817437,0.8636325764038556,0.8095290134516365,1.7142937327217014,-0.6667674572208659,0.21941793409058552,0.2923488707469805,6.073024929099925,False,insufficient_egarch_obs
orig E1 capped,Gross before costs,125,garch11_residual_fallback_insufficient_egarch_obs,60,ok,60,0.4323731720145503,0.866903969790789,0.8073364656809314,1.720699804821292,-0.6891310704503004,0.22134027157661473,0.27225547299865255,6.029494328034085,False,insufficient_egarch_obs
orig E1 capped,Gross before costs,126,garch11_residual_fallback_insufficient_egarch_obs,60,ok,60,0.3704101340591637,0.9398055006546043,0.7644417215100104,1.5446896409672843,-0.9166734317176424,0.24184322335399128,0.294917036706505,4.83340077845406,False,insufficient_egarch_obs
orig E1 capped,Gross before costs,127,garch11_residual_fallback_insufficient_egarch_obs,60,ok,60,0.722524391225875,0.5742908491659365,1.2288473327831964,2.8804494560218354,-0.3564170423817604,0.14891129806698122,0.18771901978899316,15.16445831137549,False,insufficient_egarch_obs
orig E1 capped,Gross before costs,128,garch11_residual_fallback_insufficient_egarch_obs,60,ok,60,1.1550395074170954,0.8596987600263442,1.3032137594304924,3.1536290596851475,-0.6348721994106976,0.22803398076544001,0.28623663954053397,46.481076904597145,False,insufficient_egarch_obs
orig E1 capped,Gross before costs,129,garch11_residual_fallback_insufficient_egarch_obs,60,ok,60,0.05836033429809051,0.5839917939129788,0.36229388504782634,0.6866599539274874,-0.769555741045383,0.17372569290493783,0.20622949995314124,1.3279073477616208,False,insufficient_egarch_obs
orig E1 capped,Gross before costs,130,garch11_residual_fallback_insufficient_egarch_obs,60,ok,60,0.6736580600079025,0.7614641873223297,1.0299343746244378,2.344688897100842,-0.6713729874408632,0.18966554133496255,0.1996661135854577,13.132084442063471,False,insufficient_egarch_obs
orig E1 capped,Gross before costs,131,garch11_residual_fallback_insufficient_egarch_obs,60,ok,60,0.24182838901500614,0.8324999505983872,0.6287466331759335,1.324558748784257,-0.7029381650222568,0.21203459338856548,0.26303411028739015,2.953302407353992,False,insufficient_egarch_obs
orig E1 capped,Gross before costs,132,garch11_residual_fallback_insufficient_egarch_obs,60,ok,60,0.17885295956507008,0.8467577572416801,0.5955792924154149,1.0725852695602391,-0.6707882275663152,0.26748653281604645,0.37394088807087505,2.2766600707722406,False,insufficient_egarch_obs
orig E1 capped,Gross before costs,133,garch11_residual_fallback_insufficient_egarch_obs,60,ok,60,0.550765105523277,0.8079200421751135,0.9052522512697498,2.1059497487500884,-0.5705383941108344,0.1901435193793012,0.22579705019041327,8.968712466634452,False,insufficient_egarch_obs
orig E1 capped,Gross before costs,134,garch11_residual_fallback_insufficient_egarch_obs,60,ok,60,0.9776865990702421,0.7080850841137931,1.3098566379391068,3.128086662403213,-0.5400315937872116,0.184306007514443,0.26783719348653184,30.25431704503696,False,insufficient_egarch_obs
orig E1 capped,Gross before costs,135,garch11_residual_fallback_insufficient_egarch_obs,60,ok,60,0.24162307085353585,0.5861740987003602,0.6400797053853642,1.2872005704431668,-0.7368392442091993,0.16123709588147853,0.24429133738646913,2.9508617877347696,False,insufficient_egarch_obs
orig E1 capped,Gross before costs,136,garch11_residual_fallback_insufficient_egarch_obs,60,ok,60,0.21990453376002161,0.8402856838863499,0.6045825622550839,1.2667101748601501,-0.9397461759384831,0.22926393297961276,0.2662327492621468,2.701650880376173,False,insufficient_egarch_obs
orig E1 capped,Gross before costs,137,garch11_residual_fallback_insufficient_egarch_obs,60,ok,60,-0.10130438589536694,0.8902149989940529,0.28204736076923476,0.5150635008559726,-0.8453609303537647,0.24046714889994478,0.31467341332073323,0.5862233474773397,False,insufficient_egarch_obs
orig E1 capped,Gross before costs,138,garch11_residual_fallback_insufficient_egarch_obs,60,ok,60,0.39258723855558086,0.9862227092212604,0.7820991633273109,1.6171575286035234,-0.7114413133383766,0.2634744727065864,0.36606752936250775,5.237355517181706,False,insufficient_egarch_obs
orig E1 capped,Gross before costs,139,garch11_residual_fallback_insufficient_egarch_obs,60,ok,60,0.13228478970464952,0.7810377315374893,0.5128616792356913,0.9879069704228013,-0.9012378146182778,0.22270210348088706,0.2803197902685764,1.8611371013742395,False,insufficient_egarch_obs
orig E1 capped,Gross before costs,140,garch11_residual_fallback_insufficient_egarch_obs,60,ok,60,0.23413965156278183,0.6167997830384924,0.6187812324842391,1.314479458929596,-0.6316121235490644,0.18142377277342459,0.19834386697107428,2.8630011978902066,False,insufficient_egarch_obs
orig E1 capped,Gross before costs,141,garch11_residual_fallback_insufficient_egarch_obs,60,ok,60,0.8189898587170248,0.8903555477030454,1.0925315610141169,2.350534271963094,-0.535198442189909,0.23536639070689488,0.2788770978893357,19.91367380442824,False,insufficient_egarch_obs
orig E1 capped,Gross before costs,142,garch11_residual_fallback_insufficient_egarch_obs,60,ok,60,1.5918157196292206,0.8646618715317104,1.5215573231126593,4.103889769869333,-0.4662083765712175,0.21656534235659133,0.23065730274722576,116.95548598096691,False,insufficient_egarch_obs
orig E1 capped,Gross before costs,143,garch11_residual_fallback_insufficient_egarch_obs,60,ok,60,1.0656661961459517,0.6725603859751557,1.4182542711822952,3.357726217831493,-0.4927501086648117,0.16993994575212867,0.21398038440566636,37.609773030701334,False,insufficient_egarch_obs
orig E1 capped,Gross before costs,144,garch11_residual_fallback_insufficient_egarch_obs,60,ok,60,1.0252634711548452,0.8414920720766339,1.2463326575488305,2.7431274208006218,-0.5787435689658453,0.22008693905503524,0.26677397366063077,34.072786183522396,False,insufficient_egarch_obs
orig E1 capped,Gross before costs,145,garch11_residual_fallback_insufficient_egarch_obs,60,ok,60,1.1458565403430483,0.7598116856477536,1.3711314040064468,3.5268500731479153,-0.37857969805213587,0.17845299400740988,0.2096554644861692,45.49916439767769,False,insufficient_egarch_obs
orig E1 capped,Gross before costs,146,garch11_residual_fallback_insufficient_egarch_obs,60,ok,60,1.1769832186356322,0.736799259827596,1.4208166907092303,3.4802005138275276,-0.5628931284342624,0.1842562441569471,0.20211393921609325,48.896233486859884,False,insufficient_egarch_obs
orig E1 capped,Gross before costs,147,garch11_residual_fallback_insufficient_egarch_obs,60,ok,60,0.276337741544848,0.8936827888201111,0.674376905881175,1.3819735821606183,-0.8395525712497923,0.23829663614260482,0.307156217152503,3.3871003051688775,False,insufficient_egarch_obs
orig E1 capped,Gross before costs,148,garch11_residual_fallback_insufficient_egarch_obs,60,ok,60,0.2770970229414651,0.6923479268152476,0.6649014647463755,1.392662588828563,-0.5305154643844037,0.19605441295672063,0.22470874568205187,3.3971870706928216,False,insufficient_egarch_obs
orig E1 capped,Gross before costs,149,garch11_residual_fallback_insufficient_egarch_obs,60,ok,60,0.13745276134537576,0.6676362269695747,0.4983534163853726,0.9535393294413186,-0.6439136624024139,0.19593131739098332,0.2275692798339758,1.9039995736870263,False,insufficient_egarch_obs
orig E1 capped,Gross before costs,150,garch11_residual_fallback_insufficient_egarch_obs,60,ok,60,1.206506237027996,0.7297076821299856,1.4485937668927071,3.5237727093067055,-0.38443457036275175,0.20784789782091564,0.2476779799693638,52.30290329817271,False,insufficient_egarch_obs
orig E1 capped,Gross before costs,151,garch11_residual_fallback_insufficient_egarch_obs,60,ok,60,0.7332390792442138,0.7426033409551435,1.0825035875401001,2.6714415816654853,-0.6192955894179458,0.19627623765718769,0.20588432886611108,15.642002912992604,False,insufficient_egarch_obs
orig E1 capped,Gross before costs,152,garch11_residual_fallback_insufficient_egarch_obs,60,ok,60,0.13333060761194804,0.9042617673028441,0.5456263664758694,1.062535323281492,-0.79028392082357,0.23407635656263684,0.33518335439439184,1.86974805064552,False,insufficient_egarch_obs
orig E1 capped,Gross before costs,153,garch11_residual_fallback_insufficient_egarch_obs,60,ok,60,0.07390739767333909,0.6444541533314387,0.4039539287302535,0.7708770338251623,-0.7906643159912058,0.18759621506859636,0.23652282850092074,1.4283484579449537,False,insufficient_egarch_obs
orig E1 capped,Gross before costs,154,garch11_residual_fallback_insufficient_egarch_obs,60,ok,60,0.5122195901631845,0.9085613028354241,0.8583255709701436,1.9547096118994312,-0.6889746740794911,0.22982272275299734,0.2577981459746412,7.908139092662377,False,insufficient_egarch_obs
orig E1 capped,Gross before costs,155,garch11_residual_fallback_insufficient_egarch_obs,60,ok,60,1.6079397994075313,0.9087519780213748,1.504277887740835,3.660239166803409,-0.4304046653250483,0.21191097351830535,0.26821757042653044,120.63902275770792,False,insufficient_egarch_obs
orig E1 capped,Gross before costs,156,garch11_residual_fallback_insufficient_egarch_obs,60,ok,60,1.6067192490865225,0.6754993957589555,1.7816535456939577,4.690445801848333,-0.381580215633301,0.1713921870829447,0.1844183876871167,120.35698358577876,False,insufficient_egarch_obs
orig E1 capped,Gross before costs,157,garch11_residual_fallback_insufficient_egarch_obs,60,ok,60,0.6118404161010993,0.6644457530899422,1.0297268658626197,2.356940066881318,-0.7477525129768251,0.179998332480227,0.21002545234558748,10.879531813340966,False,insufficient_egarch_obs
orig E1 capped,Gross before costs,158,garch11_residual_fallback_insufficient_egarch_obs,60,ok,60,0.361754786571612,0.7809446831204221,0.7591235986311944,1.4907056842938178,-0.6360387916694852,0.21584557560451223,0.26380618180371357,4.682680776627706,False,insufficient_egarch_obs
orig E1 capped,Gross before costs,159,garch11_residual_fallback_insufficient_egarch_obs,60,ok,60,-0.20887255319300557,0.8556378266771112,0.12606238410217965,0.21165284273076124,-0.9019661097666378,0.2539634225717299,0.34146537456817844,0.3099076232710981,False,insufficient_egarch_obs
orig E1 capped,Gross before costs,160,garch11_residual_fallback_insufficient_egarch_obs,60,ok,60,0.3483066919828095,0.8541049266854033,0.7402347897528404,1.493328100154625,-0.8131920957512082,0.23280115727973036,0.29939118596537945,4.4559822293944915,False,insufficient_egarch_obs
orig E1 capped,Gross before costs,161,garch11_residual_fallback_insufficient_egarch_obs,60,ok,60,0.4134506506733162,0.745912554232671,0.8015166834455822,1.7391412387542147,-0.7199080951399963,0.18559240032937804,0.2054341181472614,5.641612469033317,False,insufficient_egarch_obs
orig E1 capped,Gross before costs,162,garch11_residual_fallback_insufficient_egarch_obs,60,ok,60,1.6652508552067085,0.8368892153784201,1.5905601806880576,4.057139847364381,-0.5158232181073765,0.20986118054183217,0.2328879770351809,134.49014347016467,False,insufficient_egarch_obs
orig E1 capped,Gross before costs,163,garch11_residual_fallback_insufficient_egarch_obs,60,ok,60,0.6805156208066057,0.79109884404449,1.0200979517831927,2.3290394766182216,-0.6191548302897713,0.21026403548446712,0.23158340202920868,13.403331793579214,False,insufficient_egarch_obs
orig E1 capped,Gross before costs,164,garch11_residual_fallback_insufficient_egarch_obs,60,ok,60,-0.06228103869218571,0.6358086901982877,0.19270557007620945,0.3378653972154603,-0.6432636164838482,0.20251605616302928,0.2998421716673254,0.7250425411510822,False,insufficient_egarch_obs
orig E1 capped,Gross before costs,165,garch11_residual_fallback_insufficient_egarch_obs,60,ok,60,0.21047913098609694,0.7980458404594964,0.6047430859178788,1.1514761382431808,-0.708693094316139,0.23441115979744945,0.30976140343519476,2.5988818277229426,False,insufficient_egarch_obs
orig E1 capped,Gross before costs,166,garch11_residual_fallback_insufficient_egarch_obs,60,ok,60,0.7565340015450848,0.937320819580229,1.030393916576673,2.2724819517337256,-0.6161438653193464,0.24394202165405782,0.2647449327758507,16.72179152358229,False,insufficient_egarch_obs
orig E1 capped,Gross before costs,167,garch11_residual_fallback_insufficient_egarch_obs,60,ok,60,0.14774848183429534,0.7994072713799053,0.5338579409903322,1.056420527397602,-0.7706676558118809,0.2220767195582241,0.3137251227170301,1.9917445382167653,False,insufficient_egarch_obs
orig E1 capped,Gross before costs,168,garch11_residual_fallback_insufficient_egarch_obs,60,ok,60,-0.015941228712180955,0.6657916571809818,0.28053599506350063,0.5029945151641019,-0.6872710723760707,0.18951628583839816,0.23534833368438832,0.9227948957376653,False,insufficient_egarch_obs
orig E1 capped,Gross before costs,169,garch11_residual_fallback_insufficient_egarch_obs,60,ok,60,0.9339174816240754,0.7599504877417034,1.2428174971710058,2.6754417908402575,-0.5989999875067848,0.2225951858859308,0.2919519401655948,27.05139687866921,False,insufficient_egarch_obs
orig E1 capped,Gross before costs,170,garch11_residual_fallback_insufficient_egarch_obs,60,ok,60,0.3371675695159513,0.9318978255848253,0.728363817038946,1.531054848375099,-0.7577828414799175,0.22552034242601227,0.29245303326471156,4.2749316488810045,False,insufficient_egarch_obs
orig E1 capped,Gross before costs,171,garch11_residual_fallback_insufficient_egarch_obs,60,ok,60,-0.07283578963944559,0.7021415848195504,0.21292592082983186,0.3766010120151693,-0.9196194144369659,0.22781388159279314,0.2472096113599631,0.6851462656651407,False,insufficient_egarch_obs
orig E1 capped,Gross before costs,172,garch11_residual_fallback_insufficient_egarch_obs,60,ok,60,0.6628434736386772,0.840621651528284,0.9918662983755538,2.217467376689189,-0.6354202701850726,0.24166682260295835,0.2535275670268342,12.713257726918304,False,insufficient_egarch_obs
orig E1 capped,Gross before costs,173,garch11_residual_fallback_insufficient_egarch_obs,60,ok,60,0.7172716844601266,0.7075142324912308,1.0993877555401348,2.467499162952348,-0.6655851403903128,0.1953238856014875,0.2222957357437146,14.934649862885294,False,insufficient_egarch_obs
orig E1 capped,Gross before costs,174,garch11_residual_fallback_insufficient_egarch_obs,60,ok,60,2.0158669111703142,0.7902864085363372,1.8195508004525078,4.655941081141087,-0.533284576342558,0.18554410347203146,0.23745180258004508,249.49443438785067,False,insufficient_egarch_obs
orig E1 capped,Gross before costs,175,garch11_residual_fallback_insufficient_egarch_obs,60,ok,60,0.5063177715315736,0.798233498816048,0.8886577109593723,1.8261490869032684,-0.6076737632523455,0.22021874608047243,0.3025132661914085,7.755021383157793,False,insufficient_egarch_obs
orig E1 capped,Gross before costs,176,garch11_residual_fallback_insufficient_egarch_obs,60,ok,60,0.4371176734860376,0.6357509094285617,0.8681045975664285,1.810136936503016,-0.49249395051340583,0.17745766341864047,0.1911265874953235,6.130016613973345,False,insufficient_egarch_obs
orig E1 capped,Gross before costs,177,garch11_residual_fallback_insufficient_egarch_obs,60,ok,60,0.006610317034654534,0.7310475087135826,0.33985605359268295,0.6426811721296422,-0.5428467279137872,0.20830405777845892,0.2897820937309274,1.033491446109097,False,insufficient_egarch_obs
orig E1 capped,Gross before costs,178,garch11_residual_fallback_insufficient_egarch_obs,60,ok,60,0.8052000335227598,0.7159362397118286,1.1675277394589636,2.638428929117493,-0.5655875534616218,0.18797373078878568,0.19351043319017835,19.17020091504691,False,insufficient_egarch_obs
orig E1 capped,Gross before costs,179,garch11_residual_fallback_insufficient_egarch_obs,60,ok,60,1.339364173181821,0.7391589882765469,1.5161638849247194,4.1098877074595155,-0.33585598654857896,0.16836254527709163,0.22854440853608546,70.06307150840085,False,insufficient_egarch_obs
orig E1 capped,Gross before costs,180,garch11_residual_fallback_insufficient_egarch_obs,60,ok,60,0.5011271770804313,0.7735616624840146,0.8787884202523152,1.9286151404120961,-0.6313147992200435,0.20129371160887502,0.21818540247231533,7.622324582408763,False,insufficient_egarch_obs
orig E1 capped,Gross before costs,181,garch11_residual_fallback_insufficient_egarch_obs,60,ok,60,0.8217205331224404,0.7196995664174218,1.1832579201626021,2.588093784582633,-0.4078048743863234,0.20155354282941038,0.24710028606753745,20.06359566513597,False,insufficient_egarch_obs
orig E1 capped,Gross before costs,182,garch11_residual_fallback_insufficient_egarch_obs,60,ok,60,1.2253796889533755,0.8187353078883587,1.3800732862892702,3.21696745322895,-0.7682789592490467,0.21008925892561253,0.27632627374105423,54.578374829454084,False,insufficient_egarch_obs
orig E1 capped,Gross before costs,183,garch11_residual_fallback_insufficient_egarch_obs,60,ok,60,1.0174406726679823,0.960000070216276,1.1856179230075417,2.61983098941599,-0.7649483350090545,0.24449145830926983,0.3039069921272757,33.4198011074417,False,insufficient_egarch_obs
orig E1 capped,Gross before costs,184,garch11_residual_fallback_insufficient_egarch_obs,60,ok,60,0.34210068996076437,0.6319544029358741,0.7518476330802109,1.6805815056376692,-0.4711852702276008,0.16248888133955947,0.18378549795170152,4.354371693974052,False,insufficient_egarch_obs
orig E1 capped,Gross before costs,185,garch11_residual_fallback_insufficient_egarch_obs,60,ok,60,0.14257033594306412,0.7991530224791202,0.5221222329137581,1.0397405754465412,-0.7082096323650693,0.21566562211967813,0.2527524256569191,1.947218658449341,False,insufficient_egarch_obs
orig E1 capped,Gross before costs,186,garch11_residual_fallback_insufficient_egarch_obs,60,ok,60,-0.15502204286294585,0.9191793430209971,0.23686671426940997,0.4203414149107727,-0.8550349077222814,0.2784214575628235,0.3579742061594024,0.4307515992081463,False,insufficient_egarch_obs
orig E1 capped,Gross before costs,187,garch11_residual_fallback_insufficient_egarch_obs,60,ok,60,1.283375240998339,0.9167292805677405,1.334559674373439,3.2590853344953046,-0.49821268097223337,0.25190243130988993,0.29909439727608356,62.07067069305884,False,insufficient_egarch_obs
orig E1 capped,Gross before costs,188,garch11_residual_fallback_insufficient_egarch_obs,60,ok,60,1.4360099945877902,0.8478870309284975,1.4629140345243954,3.716897482202892,-0.4768590348190088,0.21873204208114264,0.24779605647185943,85.7818343777508,False,insufficient_egarch_obs
orig E1 capped,Gross before costs,189,garch11_residual_fallback_insufficient_egarch_obs,60,ok,60,0.043741773101855896,0.7805504822610988,0.4037058136184367,0.7763393070256285,-0.8020529624480571,0.21044206065629228,0.2175373017318553,1.2386976872139874,False,insufficient_egarch_obs
orig E1 capped,Gross before costs,190,garch11_residual_fallback_insufficient_egarch_obs,60,ok,60,-0.19928013420963575,0.7258240851819494,0.022804104583687673,0.040229006419337805,-0.7743183097926736,0.20308382822739401,0.2785507396452555,0.3291569407457833,False,insufficient_egarch_obs
orig E1 capped,Gross before costs,191,garch11_residual_fallback_insufficient_egarch_obs,60,ok,60,0.15890110066937857,0.7341806267150072,0.5207211312714548,1.1027940501774398,-0.8449938773069392,0.23148919954346722,0.24177834160035117,2.0904119369125658,False,insufficient_egarch_obs
orig E1 capped,Gross before costs,192,garch11_residual_fallback_insufficient_egarch_obs,60,ok,60,1.6082755456823028,0.9394802263967077,1.4850475974807147,3.4702140710595244,-0.6612706081403233,0.242024126033166,0.3264808785813915,120.71669811822521,False,insufficient_egarch_obs
orig E1 capped,Gross before costs,193,garch11_residual_fallback_insufficient_egarch_obs,60,ok,60,0.6570122772227014,0.6905443007892297,1.0476275592897004,2.582652693243796,-0.44273579822402387,0.19264726821192854,0.20680448184730538,12.491903802002758,False,insufficient_egarch_obs
orig E1 capped,Gross before costs,194,garch11_residual_fallback_insufficient_egarch_obs,60,ok,60,1.0240818176508242,1.1251892921287776,1.162760444333709,2.436712255582045,-0.7586189270288377,0.30508223716258676,0.4159834644526971,33.97350213324538,False,insufficient_egarch_obs
orig E1 capped,Gross before costs,195,garch11_residual_fallback_insufficient_egarch_obs,60,ok,60,0.5588054678087995,0.7658896947416156,0.9400276229403944,1.9761498839387246,-0.5123933186630084,0.20779560446529557,0.283977277717068,9.203639566706187,False,insufficient_egarch_obs
orig E1 capped,Gross before costs,196,garch11_residual_fallback_insufficient_egarch_obs,60,ok,60,0.7354416426613315,0.8215738287451123,1.0608743865337626,2.261155376398167,-0.6167548777799299,0.19989069278579819,0.27838271021277955,15.741643459307314,False,insufficient_egarch_obs
orig E1 capped,Gross before costs,197,garch11_residual_fallback_insufficient_egarch_obs,60,ok,60,2.1071309769261264,0.8925235300186112,1.7320759157987484,4.341135360365066,-0.516756356972559,0.21504603788763513,0.25961920775989117,289.59949732974053,False,insufficient_egarch_obs
orig E1 capped,Gross before costs,198,garch11_residual_fallback_insufficient_egarch_obs,60,ok,60,0.11774147448690941,0.8617671211006895,0.5221387058130228,1.0010506780528337,-0.9056872613379485,0.24279608107727563,0.34495619752921725,1.7446440352308723,False,insufficient_egarch_obs
orig E1 capped,Gross before costs,199,garch11_residual_fallback_insufficient_egarch_obs,60,ok,60,3.763442492557882,0.9168943205248357,2.2278778236758914,6.086851788476092,-0.5128235534677865,0.2160720927831794,0.2735323357207861,2452.475245636766,False,insufficient_egarch_obs
orig E1 capped,Gross before costs,200,garch11_residual_fallback_insufficient_egarch_obs,60,ok,60,0.4014837183211317,0.731458542542975,0.7916186916751047,1.7640229543460162,-0.6613974687245351,0.1915122697490474,0.2295802442360022,5.40679973253181,False,insufficient_egarch_obs
orig E1 capped,Gross before costs,201,garch11_residual_fallback_insufficient_egarch_obs,60,ok,60,0.6163638186159168,0.6889944042938593,1.023223828153406,2.2553080483802894,-0.5760019228758269,0.17930623555005135,0.23753832427975596,11.033050403617228,False,insufficient_egarch_obs
orig E1 capped,Gross before costs,202,garch11_residual_fallback_insufficient_egarch_obs,60,ok,60,0.21407595842599392,1.0651991606007776,0.6700784695769358,1.281634792167669,-0.8671244731807947,0.2875608929239268,0.35063407625478266,2.6377236647284006,False,insufficient_egarch_obs
orig E1 capped,Gross before costs,203,garch11_residual_fallback_insufficient_egarch_obs,60,ok,60,0.8674712059400731,0.646014633089382,1.286051440097149,2.947872527196232,-0.41998127725946544,0.16236135115687736,0.22355216636909367,22.712742190984446,False,insufficient_egarch_obs
orig E1 capped,Gross before costs,204,garch11_residual_fallback_insufficient_egarch_obs,60,ok,60,0.7426663149720616,0.7726077795803928,1.0744345294411846,2.601908378111222,-0.6385188113249781,0.18281036680956866,0.2100844264785391,16.07204659096944,False,insufficient_egarch_obs
orig E1 capped,Gross before costs,205,garch11_residual_fallback_insufficient_egarch_obs,60,ok,60,0.34996544174666466,0.8277720680852964,0.7335973704381271,1.5624144835809048,-0.7035856516609258,0.20894876305387342,0.256221390387472,4.483459539610628,False,insufficient_egarch_obs
orig E1 capped,Gross before costs,206,garch11_residual_fallback_insufficient_egarch_obs,60,ok,60,0.6033608569463407,0.7542607063647447,0.9735000594872489,2.1676384563572424,-0.6441008423962489,0.20048272690316807,0.20697778205202158,10.596352191189817,False,insufficient_egarch_obs
orig E1 capped,Gross before costs,207,garch11_residual_fallback_insufficient_egarch_obs,60,ok,60,0.7539263197187178,0.6120959561566525,1.2137409298896984,2.9578881384900355,-0.45703958247713306,0.1347837266494289,0.16466598223526405,16.598036916528393,False,insufficient_egarch_obs
orig E1 capped,Gross before costs,208,garch11_residual_fallback_insufficient_egarch_obs,60,ok,60,0.1507309341930665,0.699186034033932,0.514208551274479,1.0273769927845977,-0.5189316343658965,0.178453394213699,0.22156950470070003,2.0177573605259225,False,insufficient_egarch_obs
orig E1 capped,Gross before costs,209,garch11_residual_fallback_insufficient_egarch_obs,60,ok,60,0.49865734748381785,0.7134296481494862,0.896381527957926,1.9567013377739166,-0.5718547508723553,0.18576552289019865,0.2220414082701272,7.559824895406583,False,insufficient_egarch_obs
orig E1 capped,Gross before costs,210,garch11_residual_fallback_insufficient_egarch_obs,60,ok,60,1.0638889353919887,0.6976361582083894,1.3790521557914697,3.522655913399532,-0.5098238982610477,0.17726903124087845,0.19341830861125608,37.448257455853906,False,insufficient_egarch_obs
orig E1 capped,Gross before costs,211,garch11_residual_fallback_insufficient_egarch_obs,60,ok,60,0.6117703740173346,0.8404597208031995,0.9652521109325236,1.9763101932659288,-0.601740715875327,0.21281646103098942,0.3158008726544789,10.877168183397597,False,insufficient_egarch_obs
orig E1 capped,Gross before costs,212,garch11_residual_fallback_insufficient_egarch_obs,60,ok,60,0.6767303518109076,0.8386059650268153,1.0167593053024995,2.101623317112254,-0.7310082431026586,0.22518683556367047,0.29985343013822935,13.253058944830359,False,insufficient_egarch_obs
orig E1 capped,Gross before costs,213,garch11_residual_fallback_insufficient_egarch_obs,60,ok,60,1.0406169465509874,0.8482564958938461,1.2372473583794013,3.0271782245592527,-0.5727065950226453,0.2168926990623808,0.24044730936787273,35.384042248814865,False,insufficient_egarch_obs
orig E1 capped,Gross before costs,214,garch11_residual_fallback_insufficient_egarch_obs,60,ok,60,0.6751232780509999,0.9006534353358022,0.9938916232772641,2.1065971693368812,-0.6753516868418411,0.22293278519802814,0.29749077920566586,13.189668147688241,False,insufficient_egarch_obs
orig E1 capped,Gross before costs,215,garch11_residual_fallback_insufficient_egarch_obs,60,ok,60,0.2724659044049167,0.857254845831986,0.669735362241816,1.3432206052798463,-0.5183500822000948,0.24211413576008853,0.2680904554952874,3.336036329295495,False,insufficient_egarch_obs
orig E1 capped,Gross before costs,216,garch11_residual_fallback_insufficient_egarch_obs,60,ok,60,-0.07964172045673978,0.6527602765753807,0.17431869554892832,0.303751567887101,-0.7216730258784623,0.21323567918599848,0.26390175545055294,0.6603658678587195,False,insufficient_egarch_obs
orig E1 capped,Gross before costs,217,garch11_residual_fallback_insufficient_egarch_obs,60,ok,60,0.15768629620312202,0.7951548207034629,0.5453421888157273,1.0658378831535313,-0.7125495281968368,0.2498467160080771,0.2872398918160048,2.0794786335720272,False,insufficient_egarch_obs
orig E1 capped,Gross before costs,218,garch11_residual_fallback_insufficient_egarch_obs,60,ok,60,1.4484540210670627,0.6799303880173969,1.677960494590408,4.020617096464298,-0.5619696288139776,0.18968515550320528,0.20544417829941755,87.99535842156615,False,insufficient_egarch_obs
orig E1 capped,Gross before costs,219,garch11_residual_fallback_insufficient_egarch_obs,60,ok,60,-0.034109918403909645,0.8423228421139934,0.3496476336893824,0.6186857140226839,-0.8434673010948464,0.31903980332505566,0.35144150211589115,0.8406951313383817,False,insufficient_egarch_obs
orig E1 capped,Gross before costs,220,garch11_residual_fallback_insufficient_egarch_obs,60,ok,60,0.34616748259014507,0.7312959257634369,0.7362477944667105,1.5924835258707515,-0.5691474637612344,0.1970501022679708,0.2390354435887808,4.42074514491712,False,insufficient_egarch_obs
orig E1 capped,Gross before costs,221,garch11_residual_fallback_insufficient_egarch_obs,60,ok,60,-0.3538819119199039,0.9139755020364455,-0.05406813072476447,-0.09057469277173875,-0.9494578193202587,0.27341496367864365,0.3834022228541967,0.11260547228786481,False,insufficient_egarch_obs
orig E1 capped,Gross before costs,222,garch11_residual_fallback_insufficient_egarch_obs,60,ok,60,0.18631442542510013,0.8374308538267087,0.5855666421191964,1.1277815866465175,-0.7724953118328793,0.24318224748150696,0.2762769824893247,2.3496277189227537,False,insufficient_egarch_obs
orig E1 capped,Gross before costs,223,garch11_residual_fallback_insufficient_egarch_obs,60,ok,60,0.5617362128788805,0.6774178673549842,0.9760765260730054,2.1909560356048985,-0.4293990707737696,0.17648537978731504,0.23554119168585044,9.290485359088743,False,insufficient_egarch_obs
orig E1 capped,Gross before costs,224,garch11_residual_fallback_insufficient_egarch_obs,60,ok,60,-0.17351825784416552,0.661857724896542,0.016866729802094183,0.028821970719494574,-0.785822925343882,0.19533434928533872,0.2987578466909014,0.3856260110018779,False,insufficient_egarch_obs
orig E1 capped,Gross before costs,225,garch11_residual_fallback_insufficient_egarch_obs,60,ok,60,1.3319596806668716,0.7366082471615893,1.5217540357505244,3.793046467615143,-0.40990565639008747,0.19180779515519136,0.2505219677398887,68.96125972924656,False,insufficient_egarch_obs
orig E1 capped,Gross before costs,226,garch11_residual_fallback_insufficient_egarch_obs,60,ok,60,0.8163430204441788,0.7524435927990564,1.1450087204719728,2.764459916354315,-0.46716532766053886,0.18951738189839626,0.20707205320571528,19.76921147101924,False,insufficient_egarch_obs
orig E1 capped,Gross before costs,227,garch11_residual_fallback_insufficient_egarch_obs,60,ok,60,0.8271863798708379,0.6152837508180515,1.2812716078482724,3.0991913365932513,-0.4956378298686207,0.15467723563313343,0.20026891002582026,20.366398933437722,False,insufficient_egarch_obs
orig E1 capped,Gross before costs,228,garch11_residual_fallback_insufficient_egarch_obs,60,ok,60,0.04365564987063775,0.7222706076381605,0.3853003879827628,0.7326298934861777,-0.8060754553733551,0.2098294978792487,0.26289499647288084,1.238186722499109,False,insufficient_egarch_obs
orig E1 capped,Gross before costs,229,garch11_residual_fallback_insufficient_egarch_obs,60,ok,60,0.36560813559106653,0.700274219724589,0.7561624223159307,1.75683799289587,-0.5385155014217471,0.16877585459357677,0.19813816871785508,4.749309552003413,False,insufficient_egarch_obs
orig E1 capped,Gross before costs,230,garch11_residual_fallback_insufficient_egarch_obs,60,ok,60,-0.17912675016716673,0.6807239792551311,0.022493789446197912,0.038433450091798965,-0.8142005117598508,0.21910558442529485,0.2686034144057328,0.3727181284775458,False,insufficient_egarch_obs
orig E1 capped,Gross before costs,231,garch11_residual_fallback_insufficient_egarch_obs,60,ok,60,-0.02265723372118489,0.7506575897126618,0.31537773142170356,0.5655971550878548,-0.7193029616779518,0.22246221854381398,0.3118699208343745,0.891732334500896,False,insufficient_egarch_obs
orig E1 capped,Gross before costs,232,garch11_residual_fallback_insufficient_egarch_obs,60,ok,60,1.6141802241813732,0.9821110058080453,1.4549823209368726,3.4837354300958725,-0.43802852957620864,0.2528530680717723,0.28201772382956897,122.08930594213852,False,insufficient_egarch_obs
orig E1 capped,Gross before costs,233,garch11_residual_fallback_insufficient_egarch_obs,60,ok,60,0.18881182419294196,0.9021805703351591,0.6049559983536367,1.1594980542163869,-0.6710066928559626,0.2403100393892801,0.3142760694106743,2.3744639489167247,False,insufficient_egarch_obs
orig E1 capped,Gross before costs,234,garch11_residual_fallback_insufficient_egarch_obs,60,ok,60,0.5828279078578245,0.9006532541684146,0.926502072386908,1.9687892525791557,-0.9176952767092172,0.22460045349651897,0.34177093916321394,9.935014263073164,False,insufficient_egarch_obs
orig E1 capped,Gross before costs,235,garch11_residual_fallback_insufficient_egarch_obs,60,ok,60,0.9691899246566738,0.8058477433067506,1.2221235016116556,2.9310988256843067,-0.6835541393419935,0.22231291953061966,0.24566163678089062,29.609973943343483,False,insufficient_egarch_obs
orig E1 capped,Gross before costs,236,garch11_residual_fallback_insufficient_egarch_obs,60,ok,60,0.41198469823437267,0.6851420535011541,0.8244915762601741,1.7021125629405656,-0.6019147701186776,0.18096241245441505,0.24021825433412156,5.612417257042305,False,insufficient_egarch_obs
orig E1 capped,Gross before costs,237,garch11_residual_fallback_insufficient_egarch_obs,60,ok,60,0.47380889772594825,0.7590259929520166,0.8561226276758915,1.8787902016314313,-0.5269242685234139,0.19362059492091663,0.23761702984835695,6.953538613361477,False,insufficient_egarch_obs
orig E1 capped,Gross before costs,238,garch11_residual_fallback_insufficient_egarch_obs,60,ok,60,1.3992822308050203,0.6841737572261053,1.631550611400983,4.367059770840781,-0.34605584262877964,0.1746015907729887,0.19374558414051635,79.50724190271393,False,insufficient_egarch_obs
orig E1 capped,Gross before costs,239,garch11_residual_fallback_insufficient_egarch_obs,60,ok,60,0.127310961561939,0.7551226023618167,0.4996497279472771,0.9581024108733014,-0.9454849820346932,0.2264301668071244,0.26854599726063527,1.8206172351032366,False,insufficient_egarch_obs
orig E1 capped,Gross before costs,240,garch11_residual_fallback_insufficient_egarch_obs,60,ok,60,0.7946307579857765,0.8551045364830513,1.0927980592547162,2.318970065950247,-0.5110227504154599,0.22794650316120976,0.32205815583210473,18.615535510754547,False,insufficient_egarch_obs
orig E1 capped,Gross before costs,241,garch11_residual_fallback_insufficient_egarch_obs,60,ok,60,0.08417582280724067,0.6534196504704898,0.418287435994023,0.8197022726910056,-0.6247606221264038,0.2147923137038999,0.2537356452786261,1.4979543941397417,False,insufficient_egarch_obs
orig E1 capped,Gross before costs,242,garch11_residual_fallback_insufficient_egarch_obs,60,ok,60,1.5518305638168242,0.9244556394128569,1.4672011416499466,3.4717516942342947,-0.5381316860989848,0.23184337463325239,0.30624016864629144,108.20795110253422,False,insufficient_egarch_obs
orig E1 capped,Gross before costs,243,garch11_residual_fallback_insufficient_egarch_obs,60,ok,60,-0.113080889754962,0.8643010084543346,0.25429835807644474,0.46223294078146876,-0.8679371705297987,0.25172172284315736,0.35103030930150886,0.548807532111716,False,insufficient_egarch_obs
orig E1 capped,Gross before costs,244,garch11_residual_fallback_insufficient_egarch_obs,60,ok,60,0.3438070487051317,0.9624151400709541,0.7405455480688805,1.5262915685383374,-0.929368700605322,0.2635950312978758,0.28673464408843025,4.382123105437701,False,insufficient_egarch_obs
orig E1 capped,Gross before costs,245,garch11_residual_fallback_insufficient_egarch_obs,60,ok,60,0.013455447515266394,0.5228136467764057,0.26564756512025495,0.4847517251447062,-0.5855249937563612,0.1592753708649752,0.18803690816136442,1.0691122535518707,False,insufficient_egarch_obs
orig E1 capped,Gross before costs,246,garch11_residual_fallback_insufficient_egarch_obs,60,ok,60,-0.262139079755354,0.7978893300115744,-0.022864113951586953,-0.03998648827312373,-0.9012735198346721,0.2144996336397341,0.27481237263135816,0.21871196667863405,False,insufficient_egarch_obs
orig E1 capped,Gross before costs,247,garch11_residual_fallback_insufficient_egarch_obs,60,ok,60,-0.03555399937180148,0.8361975998233371,0.3234751982360782,0.6356734389176253,-0.6737762083848664,0.2093194823881574,0.27105400456350365,0.8344293711818018,False,insufficient_egarch_obs
orig E1 capped,Gross before costs,248,garch11_residual_fallback_insufficient_egarch_obs,60,ok,60,0.6781839863832926,0.8603621123642664,1.0126035616589968,2.0627441438797,-0.5713764237426611,0.26824804993191714,0.3644561859826571,13.310607068866783,False,insufficient_egarch_obs
orig E1 capped,Gross before costs,249,garch11_residual_fallback_insufficient_egarch_obs,60,ok,60,0.2327310165091021,0.8113268786369355,0.6258866274215327,1.2598065036408843,-0.7037239108645686,0.2182184288645718,0.3171979675661383,2.8466994444279736,False,insufficient_egarch_obs
orig E1 capped,Gross before costs,250,garch11_residual_fallback_insufficient_egarch_obs,60,ok,60,0.4606625087265701,0.661946450147753,0.881204476655024,1.8572923192421689,-0.5698560151656926,0.18022520493946736,0.21369425577806309,6.648894029504475,False,insufficient_egarch_obs
orig E1 capped,Gross before costs,251,garch11_residual_fallback_insufficient_egarch_obs,60,ok,60,0.6809713568543663,0.712679475523664,1.060115861409866,2.5510268682576593,-0.679875891212542,0.16567501332198184,0.1944358615495574,13.421515782241947,False,insufficient_egarch_obs
orig E1 capped,Gross before costs,252,garch11_residual_fallback_insufficient_egarch_obs,60,ok,60,0.9383757114253881,0.8158157374319734,1.1969628544193998,2.7875028780860593,-0.6303905582203744,0.20571179917227223,0.22426573540652506,27.36464361485587,False,insufficient_egarch_obs
orig E1 capped,Gross before costs,253,garch11_residual_fallback_insufficient_egarch_obs,60,ok,60,0.3445858481636448,0.8283196996398728,0.7331152573196399,1.50710343481043,-0.6883075843524153,0.21553525432073636,0.2666372310746796,4.394836065788156,False,insufficient_egarch_obs
orig E1 capped,Gross before costs,254,garch11_residual_fallback_insufficient_egarch_obs,60,ok,60,1.3197074632669454,0.7712310542670691,1.4859608539441684,3.342762571474782,-0.3706907634924501,0.18890672239844933,0.3078306344444433,67.16856944623963,False,insufficient_egarch_obs
orig E1 capped,Gross before costs,255,garch11_residual_fallback_insufficient_egarch_obs,60,ok,60,-0.043395339204960304,0.7343368890261667,0.2747230026130332,0.49235269914522223,-0.6697513877322921,0.21723551172416647,0.2649640963843259,0.8010552344014015,False,insufficient_egarch_obs
orig E1 capped,Gross before costs,256,garch11_residual_fallback_insufficient_egarch_obs,60,ok,60,0.7945993776538429,0.8647560623654728,1.0774334169348894,2.4611830331279925,-0.5270385085773215,0.22315033751988766,0.2564179713964584,18.61390804155989,False,insufficient_egarch_obs
orig E1 capped,Gross before costs,257,garch11_residual_fallback_insufficient_egarch_obs,60,ok,60,0.32269047028235387,0.5479947090505641,0.7670559834098282,1.5763050418423146,-0.4284016551996568,0.16781415393819965,0.1831425894791642,4.048471839724209,False,insufficient_egarch_obs
orig E1 capped,Gross before costs,258,garch11_residual_fallback_insufficient_egarch_obs,60,ok,60,1.7221290135803766,0.9723923284477223,1.498665767592675,3.8665953543449803,-0.7124772774405572,0.2351602226211023,0.2745196285133669,149.46638209214524,False,insufficient_egarch_obs
orig E1 capped,Gross before costs,259,garch11_residual_fallback_insufficient_egarch_obs,60,ok,60,0.8131113755437207,0.8687482628837779,1.0913444509801893,2.4448407906363467,-0.7403356531651331,0.22034835806246786,0.3123212661385051,19.593968858356515,False,insufficient_egarch_obs
orig E1 capped,Gross before costs,260,garch11_residual_fallback_insufficient_egarch_obs,60,ok,60,0.3395669491724691,0.9385964763150938,0.7222933356354402,1.5869141826255637,-0.5319731242486336,0.24688448286418843,0.25782769748466366,4.313423685481703,False,insufficient_egarch_obs
orig E1 capped,Gross before costs,261,garch11_residual_fallback_insufficient_egarch_obs,60,ok,60,0.4564664302774828,0.6340005433574851,0.8875274449789298,1.9237492895799333,-0.4566196612307801,0.17386667868702302,0.18530470216340078,6.553939011486868,False,insufficient_egarch_obs
orig E1 capped,Gross before costs,262,garch11_residual_fallback_insufficient_egarch_obs,60,ok,60,0.4296030666790591,0.868450353802811,0.8072931226643626,1.667864499879901,-0.6918504558281249,0.23775019746119586,0.28705797527390126,5.971416386637939,False,insufficient_egarch_obs
orig E1 capped,Gross before costs,263,garch11_residual_fallback_insufficient_egarch_obs,60,ok,60,-0.31694502738732144,0.8370983635569618,-0.05879893974979374,-0.0943326556475365,-0.9733635592424073,0.33208120966027443,0.3538434413348907,0.14868881033024547,False,insufficient_egarch_obs
orig E1 capped,Gross before costs,264,garch11_residual_fallback_insufficient_egarch_obs,60,ok,60,-0.4445220079724267,0.8956292190552787,-0.22831426197527685,-0.3547025475199554,-0.9638243046332079,0.26764786800086166,0.36266593383305906,0.05288521625803443,False,insufficient_egarch_obs
orig E1 capped,Gross before costs,265,garch11_residual_fallback_insufficient_egarch_obs,60,ok,60,0.8363499458914756,0.8403456138717811,1.10952808221993,2.599246673801043,-0.7488973761446867,0.2232155625867797,0.24036751638102072,20.882247202558542,False,insufficient_egarch_obs
orig E1 capped,Gross before costs,266,garch11_residual_fallback_insufficient_egarch_obs,60,ok,60,1.302366099988681,0.8509226273583176,1.3963954677050452,3.298354084966023,-0.5617081229145904,0.2372926480005623,0.25686619268011013,64.69517775543908,False,insufficient_egarch_obs
orig E1 capped,Gross before costs,267,garch11_residual_fallback_insufficient_egarch_obs,60,ok,60,0.5672860687876529,0.7504812326884804,0.9463744365253093,2.0772121318813674,-0.6367556174785477,0.1932422795824381,0.28019353398295016,9.456738203686301,False,insufficient_egarch_obs
orig E1 capped,Gross before costs,268,garch11_residual_fallback_insufficient_egarch_obs,60,ok,60,0.9105485107622322,0.8759507729954782,1.1561626810157344,2.5039932585836064,-0.5952772025644758,0.25441450833182544,0.30754926220550494,25.456010808769,False,insufficient_egarch_obs
orig E1 capped,Gross before costs,269,garch11_residual_fallback_insufficient_egarch_obs,60,ok,60,-0.022003646460941995,0.7021625187272016,0.3011811724713872,0.5033533534466664,-0.7390511836602252,0.23912083799792638,0.31151037660453107,0.8947180062145212,False,insufficient_egarch_obs
orig E1 capped,Gross before costs,270,garch11_residual_fallback_insufficient_egarch_obs,60,ok,60,0.9092921477435523,0.8838700425797256,1.1461986361085224,2.5704156574598658,-0.8256963331327043,0.21498399860594075,0.24931897107486414,25.37242236336149,False,insufficient_egarch_obs
orig E1 capped,Gross before costs,271,garch11_residual_fallback_insufficient_egarch_obs,60,ok,60,1.272419409533716,0.7280992141643053,1.4849473785195015,4.116843447325946,-0.5100472883014916,0.16320350346291235,0.1702972040522035,60.59578980191234,False,insufficient_egarch_obs
orig E1 capped,Gross before costs,272,garch11_residual_fallback_insufficient_egarch_obs,60,ok,60,0.6952987358543519,1.0313391036763373,0.997452659691876,2.035125818807611,-0.7859693098637925,0.3127169494281518,0.3848046947198334,14.003325725477897,False,insufficient_egarch_obs
orig E1 capped,Gross before costs,273,garch11_residual_fallback_insufficient_egarch_obs,60,ok,60,0.6001103197849931,0.693531746700009,1.0029355321042837,2.2352950858532403,-0.6340716541783967,0.1851205311736588,0.2449005556824793,10.48937545725086,False,insufficient_egarch_obs
orig E1 capped,Gross before costs,274,garch11_residual_fallback_insufficient_egarch_obs,60,ok,60,0.38889439925661984,0.8520288242436511,0.7732630389591857,1.5916402388932256,-0.6076659822078615,0.21580080904361285,0.24613862657039612,5.168281176122125,False,insufficient_egarch_obs
orig E1 capped,Gross before costs,275,garch11_residual_fallback_insufficient_egarch_obs,60,ok,60,0.7951246728848955,0.6658354097508199,1.1923957727284908,3.0605580021266015,-0.4963744564776027,0.16160981532618984,0.18330333525810572,18.64116627818852,False,insufficient_egarch_obs
orig E1 capped,Gross before costs,276,garch11_residual_fallback_insufficient_egarch_obs,60,ok,60,0.11112086869094906,0.6502798214958211,0.45945103067629267,0.8829154099612073,-0.7886107451901525,0.19599083427941544,0.2413281439884184,1.69358314261119,False,insufficient_egarch_obs
orig E1 capped,Gross before costs,277,garch11_residual_fallback_insufficient_egarch_obs,60,ok,60,2.0046587484608054,0.819851447850707,1.7746311351474124,4.430018401149396,-0.3815625775690823,0.22240684274713285,0.23430832912307198,244.8926622969305,False,insufficient_egarch_obs
orig E1 capped,Gross before costs,278,garch11_residual_fallback_insufficient_egarch_obs,60,ok,60,0.15827547057423463,0.6733828860041793,0.5151480197023053,1.1026253133880566,-0.5582219728224814,0.20187631209256754,0.21337157982997224,2.084775505434136,False,insufficient_egarch_obs
orig E1 capped,Gross before costs,279,garch11_residual_fallback_insufficient_egarch_obs,60,ok,60,0.09734099932097307,0.7781718521573449,0.4641805108176665,0.9240812006391936,-0.7786426662431076,0.20026993333729562,0.2598954818587686,1.591138663813474,False,insufficient_egarch_obs
orig E1 capped,Gross before costs,280,garch11_residual_fallback_insufficient_egarch_obs,60,ok,60,0.49605659973526417,0.8149383914561199,0.8738344507938122,1.8136570986216853,-0.8081107770769883,0.24213269532316578,0.3171247064120366,7.494456129068991,False,insufficient_egarch_obs
orig E1 capped,Gross before costs,281,garch11_residual_fallback_insufficient_egarch_obs,60,ok,60,0.9551881444965484,0.7893482081104224,1.2346797824891584,2.696797657808408,-0.6054799655035605,0.1977207826571505,0.29081638206464366,28.572140423494346,False,insufficient_egarch_obs
orig E1 capped,Gross before costs,282,garch11_residual_fallback_insufficient_egarch_obs,60,ok,60,0.8950653724200022,0.6279677993869164,1.320636858676843,3.662112534701563,-0.3278984529310838,0.13021459226629473,0.1661266595513659,24.44111307157557,False,insufficient_egarch_obs
orig E1 capped,Gross before costs,283,garch11_residual_fallback_insufficient_egarch_obs,60,ok,60,-0.04146250165235155,0.7476831725003935,0.27688619546543775,0.5223143914641507,-0.8513731076661072,0.22171100258862023,0.22960953303281215,0.8091807387720862,False,insufficient_egarch_obs
orig E1 capped,Gross before costs,284,garch11_residual_fallback_insufficient_egarch_obs,60,ok,60,0.1442082680259842,0.7928276985951314,0.5245302100356647,1.0314735390220384,-0.7399434052917144,0.22304722108446118,0.2434335802746439,1.9612159122543182,False,insufficient_egarch_obs
orig E1 capped,Gross before costs,285,garch11_residual_fallback_insufficient_egarch_obs,60,ok,60,0.8332008311230961,0.8711007483687028,1.107071401168536,2.399555579985037,-0.6220931051203403,0.2297543073948783,0.27253101133950985,20.70380780171333,False,insufficient_egarch_obs
orig E1 capped,Gross before costs,286,garch11_residual_fallback_insufficient_egarch_obs,60,ok,60,0.164096723595331,0.660715301116182,0.5415232999226403,0.9930021282191169,-0.7678083752729074,0.22195996405624957,0.2730937647196605,2.1376929967847773,False,insufficient_egarch_obs
orig E1 capped,Gross before costs,287,garch11_residual_fallback_insufficient_egarch_obs,60,ok,60,-0.0102198619814311,0.6808083371955097,0.2988297287971971,0.5431379476879736,-0.8542909471437402,0.19045935774618433,0.27258969163627556,0.9499345261209357,False,insufficient_egarch_obs
orig E1 capped,Gross before costs,288,garch11_residual_fallback_insufficient_egarch_obs,60,ok,60,0.21068551551715542,0.673291189632493,0.5945755733992586,1.134660510737555,-0.7024856593445752,0.19500148556925537,0.2064047726262348,2.6010981068997547,False,insufficient_egarch_obs
orig E1 capped,Gross before costs,289,garch11_residual_fallback_insufficient_egarch_obs,60,ok,60,0.14669253237528457,0.8125483052078903,0.5376561237122084,1.0225234722685632,-0.8138251943715695,0.22516302865375748,0.25497076815898234,1.9825991756695922,False,insufficient_egarch_obs
orig E1 capped,Gross before costs,290,garch11_residual_fallback_insufficient_egarch_obs,60,ok,60,0.19625232512217083,0.6899513476708613,0.5769102671368533,1.1063205553120115,-0.5707790415955792,0.20510230115335898,0.2569607707751645,2.449706048843733,False,insufficient_egarch_obs
orig E1 capped,Gross before costs,291,garch11_residual_fallback_insufficient_egarch_obs,60,ok,60,0.32712079591614773,0.678488570230996,0.7239475118061867,1.5830495034141405,-0.5742982778730714,0.17250269013083613,0.19085695931139854,4.116728945149415,False,insufficient_egarch_obs
orig E1 capped,Gross before costs,292,garch11_residual_fallback_insufficient_egarch_obs,60,ok,60,1.5960956670409963,0.9213785786376005,1.4861949522886297,3.7182247287728254,-0.7159287780724448,0.23670779194197764,0.30839701139756354,117.92434200361309,False,insufficient_egarch_obs
orig E1 capped,Gross before costs,293,garch11_residual_fallback_insufficient_egarch_obs,60,ok,60,0.12735720898046887,0.7574038537041602,0.5039856779165507,0.9647701635531316,-0.6132749123853458,0.21158043878572053,0.26847061934115934,1.8209907157081804,False,insufficient_egarch_obs
orig E1 capped,Gross before costs,294,garch11_residual_fallback_insufficient_egarch_obs,60,ok,60,0.6224498161759484,0.7675536020055558,0.9920598561251353,2.1244473835704643,-0.7048445239468077,0.20216962106564448,0.2538543541876164,11.242330871768909,False,insufficient_egarch_obs
orig E1 capped,Gross before costs,295,garch11_residual_fallback_insufficient_egarch_obs,60,ok,60,1.1739824662015441,0.6255805788735386,1.5619616592795902,4.138885102294474,-0.2734337427562167,0.15490422612588206,0.19515926786669313,48.56016852572423,False,insufficient_egarch_obs
orig E1 capped,Gross before costs,296,garch11_residual_fallback_insufficient_egarch_obs,60,ok,60,0.6114817558464132,0.7528898086077485,0.9837924844262013,2.1591508011986824,-0.6754901747662692,0.1828895933284766,0.22457033088329403,10.867432850382404,False,insufficient_egarch_obs
orig E1 capped,Gross before costs,297,garch11_residual_fallback_insufficient_egarch_obs,60,ok,60,1.1176301626604381,0.7806044489985905,1.3341570532289042,3.3970230273800057,-0.4697725175631732,0.18309863601581933,0.203007152546426,42.58440379411022,False,insufficient_egarch_obs
orig E1 capped,Gross before costs,298,garch11_residual_fallback_insufficient_egarch_obs,60,ok,60,-0.12221754189221545,0.9664680865620092,0.30408897897513776,0.5414939359032863,-0.8880329532617064,0.277287746444912,0.3395379329982517,0.5211160958745479,False,insufficient_egarch_obs
orig E1 capped,Gross before costs,299,garch11_residual_fallback_insufficient_egarch_obs,60,ok,60,0.37790346332203706,0.8725558400072182,0.7702391035451294,1.5352008774991042,-0.8302853070098264,0.22686035994401985,0.2964340795940908,4.966997697001998,False,insufficient_egarch_obs
orig E1 capped,Gross before costs,300,garch11_residual_fallback_insufficient_egarch_obs,60,ok,60,1.5547649250543136,0.7491269793107147,1.6426563999235817,4.022628836173332,-0.6428590863285851,0.1975273075241254,0.20620254037689034,108.83152756584585,False,insufficient_egarch_obs
orig E1 capped,Gross before costs,301,garch11_residual_fallback_insufficient_egarch_obs,60,ok,60,0.7844385688574647,0.6111341784938092,1.2435367456804924,3.1139343704108278,-0.3878576036271587,0.1551248636474529,0.17842636776977808,18.09289269791995,False,insufficient_egarch_obs
orig E1 capped,Gross before costs,302,garch11_residual_fallback_insufficient_egarch_obs,60,ok,60,0.9002802824256502,0.8070479268731487,1.1770393780978032,2.6898490246995683,-0.5342634174239289,0.21853805072229265,0.23860486011506732,24.77925873210106,False,insufficient_egarch_obs
orig E1 capped,Gross before costs,303,garch11_residual_fallback_insufficient_egarch_obs,60,ok,60,0.696669143816828,0.5894775277683892,1.179787547155845,2.957986657012743,-0.38065770597865367,0.1436398715146506,0.15567462287672007,14.060015791263794,False,insufficient_egarch_obs
orig E1 capped,Gross before costs,304,garch11_residual_fallback_insufficient_egarch_obs,60,ok,60,0.7052469138817334,0.8832675815186641,1.0161744497608727,2.1581045518479147,-0.7009047072144377,0.2583011690108005,0.3157536216643835,14.419040482226679,False,insufficient_egarch_obs
orig E1 capped,Gross before costs,305,garch11_residual_fallback_insufficient_egarch_obs,60,ok,60,0.5459426413411654,0.805748372073768,0.9170267841973126,1.9329029708453123,-0.5887579503239686,0.2048169403693995,0.30444627484199854,8.830125617447823,False,insufficient_egarch_obs
orig E1 capped,Gross before costs,306,garch11_residual_fallback_insufficient_egarch_obs,60,ok,60,1.2719957660860217,0.7805083662212912,1.4372090497774357,3.4966580519200248,-0.5696633432718388,0.2083678692271592,0.21682828595892709,60.53932698660815,False,insufficient_egarch_obs
orig E1 capped,Gross before costs,307,garch11_residual_fallback_insufficient_egarch_obs,60,ok,60,0.2903949522187834,0.7375518529304457,0.6885437294758675,1.3297488483757,-0.7794710098709448,0.24634049492170304,0.2612762767421673,3.5777770798007555,False,insufficient_egarch_obs
orig E1 capped,Gross before costs,308,garch11_residual_fallback_insufficient_egarch_obs,60,ok,60,1.0647255107021323,0.8285175078287611,1.2738808817466438,2.9919215227687093,-0.7253224491901433,0.20656350861136746,0.2285782826310007,37.52421526183635,False,insufficient_egarch_obs
orig E1 capped,Gross before costs,309,garch11_residual_fallback_insufficient_egarch_obs,60,ok,60,-0.185967748366077,0.8415778303690612,0.13822404698726753,0.23920417090261153,-0.6915870433457693,0.24874906133241795,0.2712537069744261,0.35744403914425754,False,insufficient_egarch_obs
orig E1 capped,Gross before costs,310,garch11_residual_fallback_insufficient_egarch_obs,60,ok,60,0.6209298473407157,0.9186627442718085,0.9526268046466491,1.9901601980263561,-0.6175636824616325,0.24340028581743742,0.29733033083228694,11.189768366938516,False,insufficient_egarch_obs
orig E1 capped,Gross before costs,311,garch11_residual_fallback_insufficient_egarch_obs,60,ok,60,1.26703272123902,0.8805701120558284,1.345763337988488,3.429930776659989,-0.5581805578711937,0.2076093666706497,0.26032456325213604,59.88098600090431,False,insufficient_egarch_obs
orig E1 capped,Gross before costs,312,garch11_residual_fallback_insufficient_egarch_obs,60,ok,60,0.7917181350428166,0.6778396451875124,1.1946127788081302,2.5757970280280817,-0.5277846251737073,0.1970268253187099,0.2712387140146411,18.464963236926778,False,insufficient_egarch_obs
orig E1 capped,Gross before costs,313,garch11_residual_fallback_insufficient_egarch_obs,60,ok,60,0.7774450696990853,0.7498167143221998,1.1119941753464193,2.763781780299004,-0.5088029328517515,0.1893563200413754,0.20901851983430186,17.74111621095319,False,insufficient_egarch_obs
orig E1 capped,Gross before costs,314,garch11_residual_fallback_insufficient_egarch_obs,60,ok,60,0.33227385117359876,0.7557318537006006,0.7209902513185772,1.5330326160475252,-0.5136530958245211,0.2026785525030483,0.23635216373413995,4.197275921749388,False,insufficient_egarch_obs
orig E1 capped,Gross before costs,315,garch11_residual_fallback_insufficient_egarch_obs,60,ok,60,-0.21665622705348753,0.8325426562104007,0.0820117491994711,0.14692651808188556,-0.9138209097314939,0.22681960548059799,0.3067896866479729,0.29495922068155356,False,insufficient_egarch_obs
orig E1 capped,Gross before costs,316,garch11_residual_fallback_insufficient_egarch_obs,60,ok,60,1.126015718089803,0.9413026403009831,1.2396884385743439,2.9446238972438716,-0.5101943449892224,0.23742100523168064,0.26798736406155665,43.434252841684,False,insufficient_egarch_obs
orig E1 capped,Gross before costs,317,garch11_residual_fallback_insufficient_egarch_obs,60,ok,60,-0.4881302639477638,1.0130668939027987,-0.20590249907491992,-0.3494033278319896,-0.9923032728098731,0.2980389437390379,0.35816282660494353,0.0351396365063972,False,insufficient_egarch_obs
orig E1 capped,Gross before costs,318,garch11_residual_fallback_insufficient_egarch_obs,60,ok,60,0.5828282776998928,0.8342989099176217,0.9268002551612602,2.1078002891283445,-0.43464787708453,0.22341993942231583,0.23886070353648617,9.935025870108658,False,insufficient_egarch_obs
orig E1 capped,Gross before costs,319,garch11_residual_fallback_insufficient_egarch_obs,60,ok,60,1.0880901773617384,0.6923768960974036,1.3934311428336903,4.071483313173867,-0.48554461983942687,0.13660473104762527,0.19586024745298683,39.69595476435937,False,insufficient_egarch_obs
orig E1 capped,Gross before costs,320,garch11_residual_fallback_insufficient_egarch_obs,60,ok,60,2.5038560421461145,0.8023362665819052,1.999240922480865,5.704926150669302,-0.37674854750037534,0.18369351746413032,0.22268697794387146,528.1183687601703,False,insufficient_egarch_obs
orig E1 capped,Gross before costs,321,garch11_residual_fallback_insufficient_egarch_obs,60,ok,60,0.5740559638017677,0.8292949925115911,0.924616388049492,2.074786651153148,-0.5514224125729001,0.21271464786094596,0.2547643333725608,9.662752278011927,False,insufficient_egarch_obs
orig E1 capped,Gross before costs,322,garch11_residual_fallback_insufficient_egarch_obs,60,ok,60,0.18398093565744933,0.8942729150627357,0.5839784337866893,1.212684937378969,-0.8797888642273857,0.22807705741847245,0.3180039248835256,2.326609769546616,False,insufficient_egarch_obs
orig E1 capped,Gross before costs,323,garch11_residual_fallback_insufficient_egarch_obs,60,ok,60,0.25251578391657237,0.6487448896000152,0.639950702760729,1.351016328413428,-0.7671756668821217,0.1824829165074369,0.19312403282160565,3.0825919310088508,False,insufficient_egarch_obs
orig E1 capped,Gross before costs,324,garch11_residual_fallback_insufficient_egarch_obs,60,ok,60,0.2905857778371874,0.7100397672467603,0.6846727566345706,1.3686019963700204,-0.4603358014764666,0.20659341452699614,0.26057192179340255,3.580423298616396,False,insufficient_egarch_obs
orig E1 capped,Gross before costs,325,garch11_residual_fallback_insufficient_egarch_obs,60,ok,60,0.5279405316480934,0.8817023405914101,0.8928085844288902,1.8248573882729537,-0.6270682523085436,0.2305693886668459,0.2847068602982659,8.327837799037157,False,insufficient_egarch_obs
orig E1 capped,Gross before costs,326,garch11_residual_fallback_insufficient_egarch_obs,60,ok,60,0.8625046792241244,0.7771871877229904,1.1649817890780985,2.8314938893047095,-0.6613900852630084,0.1918654986535712,0.19945270171779028,22.412322473226094,False,insufficient_egarch_obs
orig E1 capped,Gross before costs,327,garch11_residual_fallback_insufficient_egarch_obs,60,ok,60,0.7128568929729311,0.8934247116410263,1.0115314660765677,2.2575734132808374,-0.5960606007850575,0.21254212356767999,0.2331453177105236,14.743663105161644,False,insufficient_egarch_obs
orig E1 capped,Gross before costs,328,garch11_residual_fallback_insufficient_egarch_obs,60,ok,60,0.7815433359439603,0.8842342117821095,1.0678886156663447,2.2953826362299803,-0.6478368802106724,0.22117074695005845,0.2648235307401647,17.94659057036848,False,insufficient_egarch_obs
orig E1 capped,Gross before costs,329,garch11_residual_fallback_insufficient_egarch_obs,60,ok,60,0.07593561839579799,0.7667962596180432,0.4405159274987989,0.8467451126030348,-0.8977899171465911,0.20979950201049238,0.2618787227200836,1.4418876579563076,False,insufficient_egarch_obs
orig E1 capped,Gross before costs,330,garch11_residual_fallback_insufficient_egarch_obs,60,ok,60,0.5978322303101107,0.6704819526716268,1.0080858894688183,2.4229923170076386,-0.5226491159232873,0.1780961968346694,0.21075485948252948,10.4149187424688,False,insufficient_egarch_obs
orig E1 capped,Gross before costs,331,garch11_residual_fallback_insufficient_egarch_obs,60,ok,60,0.20874925580364656,0.7189756139810196,0.5953046097673539,1.1604909810409931,-0.6029745018933559,0.20874535412501594,0.2934741275488286,2.580364738760784,False,insufficient_egarch_obs
orig E1 capped,Gross before costs,332,garch11_residual_fallback_insufficient_egarch_obs,60,ok,60,0.3036120376091038,0.8954076160416718,0.6941192998928994,1.4696590281797217,-0.8949538566810388,0.22482186124231623,0.31563967247808306,3.7647991391469997,False,insufficient_egarch_obs
orig E1 capped,Gross before costs,333,garch11_residual_fallback_insufficient_egarch_obs,60,ok,60,0.09930731648554025,0.7181773366479841,0.4600444965522829,0.8692384745589175,-0.8573034425134551,0.21448377352200546,0.23022578902034108,1.605445592589251,False,insufficient_egarch_obs
orig E1 capped,Gross before costs,334,garch11_residual_fallback_insufficient_egarch_obs,60,ok,60,0.2812390868241528,0.8924336559781877,0.6757941037877949,1.396493574415568,-0.8983695326686225,0.22878368281122843,0.2467270290021951,3.452636808150446,False,insufficient_egarch_obs
orig E1 capped,Gross before costs,335,garch11_residual_fallback_insufficient_egarch_obs,60,ok,60,0.4728946069811417,0.8696380410861475,0.8507078297135402,1.7024880427597562,-0.6458514672110415,0.2404856744069635,0.3232530780752396,6.931996902749633,False,insufficient_egarch_obs
orig E1 capped,Gross before costs,336,garch11_residual_fallback_insufficient_egarch_obs,60,ok,60,0.25106126018224706,0.653202522053725,0.6391613532542106,1.3577304827569583,-0.46611719480851466,0.15815227154691017,0.2062298864906944,3.0647346649160143,False,insufficient_egarch_obs
orig E1 capped,Gross before costs,337,garch11_residual_fallback_insufficient_egarch_obs,60,ok,60,0.9538833372448121,0.8370554439100288,1.184914571997935,2.973576280366386,-0.512312801969337,0.19346369505730365,0.2041764851988411,28.476928590002704,False,insufficient_egarch_obs
orig E1 capped,Gross before costs,338,garch11_residual_fallback_insufficient_egarch_obs,60,ok,60,1.178148484963959,0.8176184157823713,1.3405579117323003,3.439642357588934,-0.47864685531500617,0.20315552601429002,0.21996253518914313,49.02723624917753,False,insufficient_egarch_obs
orig E1 capped,Gross before costs,339,garch11_residual_fallback_insufficient_egarch_obs,60,ok,60,0.6387150439897016,0.7475814487407824,1.008528708382664,2.2307474498751287,-0.5139239318488531,0.19757811723563662,0.2130650249508156,11.817271229151153,False,insufficient_egarch_obs
orig E1 capped,Gross before costs,340,garch11_residual_fallback_insufficient_egarch_obs,60,ok,60,0.42479796724988295,0.7536350943464558,0.8181489806587383,1.6862080331510936,-0.7339121128895847,0.195501348451106,0.2009984052126401,5.871734827592295,False,insufficient_egarch_obs
orig E1 capped,Gross before costs,341,garch11_residual_fallback_insufficient_egarch_obs,60,ok,60,1.5672384316914365,0.7944650513321996,1.5851784599847478,4.205537653227179,-0.6625991713510753,0.19574463575246956,0.2155819964962021,111.51441944161917,False,insufficient_egarch_obs
orig E1 capped,Gross before costs,342,garch11_residual_fallback_insufficient_egarch_obs,60,ok,60,0.92484910221009,0.8217534061056601,1.1878884425135041,2.669281093585072,-0.5760179588896632,0.23310077749596245,0.2693817458993219,26.423080274150447,False,insufficient_egarch_obs
orig E1 capped,Gross before costs,343,garch11_residual_fallback_insufficient_egarch_obs,60,ok,60,0.9040754541081926,0.7655814912790151,1.2012433805751266,2.9170786413158614,-0.47930225966314566,0.1872746894991069,0.22724695803319905,25.02769030735074,False,insufficient_egarch_obs
orig E1 capped,Gross before costs,344,garch11_residual_fallback_insufficient_egarch_obs,60,ok,60,0.8600111367283296,0.6399749147799159,1.276463249687728,3.2932768936229437,-0.49415437197712,0.1549350554427863,0.1856975164579664,22.262694293741934,False,insufficient_egarch_obs
orig E1 capped,Gross before costs,345,garch11_residual_fallback_insufficient_egarch_obs,60,ok,60,0.8274905755525528,0.7778856402400213,1.149988618542984,2.5398533491389585,-0.5155536124883764,0.23661602459559658,0.31916300790059404,20.3833578870195,False,insufficient_egarch_obs
orig E1 capped,Gross before costs,346,garch11_residual_fallback_insufficient_egarch_obs,60,ok,60,0.5253316033220552,0.8270781868373399,0.8988351234212087,1.8124332803845278,-0.6659910241530391,0.24630487599977427,0.29017648675664404,8.25698208794295,False,insufficient_egarch_obs
orig E1 capped,Gross before costs,347,garch11_residual_fallback_insufficient_egarch_obs,60,ok,60,2.078307658401163,0.6674106153998406,2.064833595678011,5.557603193334542,-0.5703133973129193,0.17038766954879264,0.25063356146489096,276.4140498235196,False,insufficient_egarch_obs
orig E1 capped,Gross before costs,348,garch11_residual_fallback_insufficient_egarch_obs,60,ok,60,-0.18843587916674898,0.7564614069201276,0.0627857947564773,0.11141370655737942,-0.8905202448608142,0.21501847538490956,0.24558366355964725,0.35205798045219855,False,insufficient_egarch_obs
orig E1 capped,Gross before costs,349,garch11_residual_fallback_insufficient_egarch_obs,60,ok,60,1.4168916090650785,0.9101410212558184,1.4080962707184632,3.435903423772937,-0.8500370582932434,0.21482964376756325,0.2441098276818993,82.46807736256893,False,insufficient_egarch_obs
orig E1 capped,Gross before costs,350,garch11_residual_fallback_insufficient_egarch_obs,60,ok,60,0.3470206447546762,0.8151826129093107,0.7365750524105348,1.5032910265839619,-0.7214962124472442,0.22910337270177958,0.24410300797622755,4.434771617310039,False,insufficient_egarch_obs
orig E1 capped,Gross before costs,351,garch11_residual_fallback_insufficient_egarch_obs,60,ok,60,0.3382822234581946,0.8102372394593521,0.7338666097618566,1.4672231275739824,-0.6485745532194496,0.22586180492847646,0.32122730371113056,4.292779151352226,False,insufficient_egarch_obs
orig E1 capped,Gross before costs,352,garch11_residual_fallback_insufficient_egarch_obs,60,ok,60,-0.052858090180290085,0.8163295800500028,0.29462138640324637,0.5678270794323385,-0.7717484330334996,0.22221886625365717,0.28328858083291125,0.7622111017528207,False,insufficient_egarch_obs
orig E1 capped,Gross before costs,353,garch11_residual_fallback_insufficient_egarch_obs,60,ok,60,0.3328100701287071,0.8140200103158576,0.7282797854512777,1.448794101922233,-0.7389808213446378,0.22209189512141617,0.26463386835017894,4.2057294065376905,False,insufficient_egarch_obs
orig E1 capped,Gross before costs,354,garch11_residual_fallback_insufficient_egarch_obs,60,ok,60,0.8594307182561278,0.5936389506510252,1.3390465868539736,3.3856283327831784,-0.556164863797155,0.16825696582609784,0.17372116521456607,22.2279804771884,False,insufficient_egarch_obs
orig E1 capped,Gross before costs,355,garch11_residual_fallback_insufficient_egarch_obs,60,ok,60,0.48896843879438445,0.6569452845869046,0.9069683005740692,2.1198230055548826,-0.5513902191934783,0.17184136390539362,0.2172624541500158,7.318590729690059,False,insufficient_egarch_obs
orig E1 capped,Gross before costs,356,garch11_residual_fallback_insufficient_egarch_obs,60,ok,60,0.22244490184613452,0.6410331816132799,0.6055467415668047,1.2241808567171095,-0.7008924741439636,0.16881822391771814,0.206000599659375,2.729898301850183,False,insufficient_egarch_obs
orig E1 capped,Gross before costs,357,garch11_residual_fallback_insufficient_egarch_obs,60,ok,60,0.2985259489397165,0.6277748377273693,0.7042136923375546,1.4876208007257616,-0.8167647972536964,0.17477908502820064,0.1932066328513656,3.6919274967348414,False,insufficient_egarch_obs
orig E1 capped,Gross before costs,358,garch11_residual_fallback_insufficient_egarch_obs,60,ok,60,0.18232557780426206,0.8766228049862975,0.5845912786966903,1.1635160702895995,-0.7955371240383938,0.24197353737158403,0.28088500543998834,2.310390685030181,False,insufficient_egarch_obs
orig E1 capped,Gross before costs,359,garch11_residual_fallback_insufficient_egarch_obs,60,ok,60,0.6760387673036894,0.6723340394115497,1.0940514860388437,2.3295064916925257,-0.6131169241736232,0.1778198199097374,0.25083084892293706,13.225749686520038,False,insufficient_egarch_obs
orig E1 capped,Gross before costs,360,garch11_residual_fallback_insufficient_egarch_obs,60,ok,60,0.6221816716902795,0.7163694228868839,0.9983169240521033,2.4769808722247344,-0.5879858310989216,0.19358446698193685,0.22494043549340048,11.233043765566556,False,insufficient_egarch_obs
orig E1 capped,Gross before costs,361,garch11_residual_fallback_insufficient_egarch_obs,60,ok,60,-0.010418639871537128,0.7431338183776086,0.32050303819465853,0.5899188357440691,-0.6868204685489133,0.22030684408320064,0.25212868032367525,0.9489810307695631,False,insufficient_egarch_obs
orig E1 capped,Gross before costs,362,garch11_residual_fallback_insufficient_egarch_obs,60,ok,60,1.2632391927649134,0.7584438311446275,1.453330950586127,3.5698601354494293,-0.5992537420977114,0.1805583875733671,0.24719509309764598,59.381652093135045,False,insufficient_egarch_obs
orig E1 capped,Gross before costs,363,garch11_residual_fallback_insufficient_egarch_obs,60,ok,60,0.6025194637056035,0.866947207157206,0.939897809337063,2.04664887284485,-0.7634957159585979,0.26477752942727534,0.2995693705975185,10.568578198127192,False,insufficient_egarch_obs
orig E1 capped,Gross before costs,364,garch11_residual_fallback_insufficient_egarch_obs,60,ok,60,-0.15592031748324697,0.7614019375079003,0.14152644423887886,0.227666716753415,-0.8426108250538523,0.2836167075530134,0.34811233282600434,0.4284668566164979,False,insufficient_egarch_obs
orig E1 capped,Gross before costs,365,garch11_residual_fallback_insufficient_egarch_obs,60,ok,60,0.6983008951073666,0.7530908457645663,1.0571834020899837,2.3544155656442123,-0.6191246217042818,0.19635779774558784,0.2135818459749096,14.127756224659315,False,insufficient_egarch_obs
orig E1 capped,Gross before costs,366,garch11_residual_fallback_insufficient_egarch_obs,60,ok,60,0.5233714743976492,0.7962428658490659,0.8968834631161546,1.8901133848492304,-0.6104410264843106,0.23938895427492143,0.2707838400980446,8.204065048967191,False,insufficient_egarch_obs
orig E1 capped,Gross before costs,367,garch11_residual_fallback_insufficient_egarch_obs,60,ok,60,0.4768406131975653,0.7518689522665363,0.8621831121052912,1.8869985337053614,-0.6609844943985879,0.19811845227729008,0.22619438731158972,7.025352739559361,False,insufficient_egarch_obs
orig E1 capped,Gross before costs,368,garch11_residual_fallback_insufficient_egarch_obs,60,ok,60,-0.2239190633040541,0.8887864669279291,0.1264371975236939,0.2158802244119892,-0.9659871349754148,0.26464187338190953,0.3508054726591809,0.2815367408338409,False,insufficient_egarch_obs
orig E1 capped,Gross before costs,369,garch11_residual_fallback_insufficient_egarch_obs,60,ok,60,1.0502302348193986,0.6598923226274459,1.4191701346774976,3.408095683351555,-0.4746067425270969,0.1837720872220893,0.20909125306363754,36.22539827264639,False,insufficient_egarch_obs
orig E1 capped,Gross before costs,370,garch11_residual_fallback_insufficient_egarch_obs,60,ok,60,0.2826616091118854,0.5437062494244916,0.7050333877881458,1.5823343537500079,-0.405418926355289,0.13524800544899893,0.1652073241547782,3.471846224495638,False,insufficient_egarch_obs
orig E1 capped,Gross before costs,371,garch11_residual_fallback_insufficient_egarch_obs,60,ok,60,0.7784680178635703,0.6912919759736458,1.1646936923817717,2.6696951633085515,-0.6133467953745517,0.17449288661274245,0.21860013614780097,17.792226492245604,False,insufficient_egarch_obs
orig E1 capped,Gross before costs,372,garch11_residual_fallback_insufficient_egarch_obs,60,ok,60,0.6521460945896005,0.9670553593431748,0.9672774036397798,2.016615737793584,-0.7571035812070759,0.2445446904006709,0.31689364823967486,12.309551809120405,False,insufficient_egarch_obs
orig E1 capped,Gross before costs,373,garch11_residual_fallback_insufficient_egarch_obs,60,ok,60,0.5488499348204097,0.7918539616043977,0.9133509875818187,2.0560178366141253,-0.504504979655461,0.20607333031980074,0.21589458287991783,8.913467987775412,False,insufficient_egarch_obs
orig E1 capped,Gross before costs,374,garch11_residual_fallback_insufficient_egarch_obs,60,ok,60,0.09981264776317555,0.534896797731659,0.4251736054127623,0.7867620649396088,-0.6031474987951644,0.17350766622979943,0.196453028803242,1.609138955063217,False,insufficient_egarch_obs
orig E1 capped,Gross before costs,375,garch11_residual_fallback_insufficient_egarch_obs,60,ok,60,0.7120326724405106,0.9790061237916524,1.0129276426556872,2.071888520104195,-0.7102872441636273,0.2348854240704096,0.3753461569210033,14.708224241281874,False,insufficient_egarch_obs
orig E1 capped,Gross before costs,376,garch11_residual_fallback_insufficient_egarch_obs,60,ok,60,0.6830855129421822,0.6715165552811607,1.0891819880178861,2.6224904286740824,-0.5946982445263418,0.17169803647782175,0.21109162027104197,13.506129490499767,False,insufficient_egarch_obs
orig E1 capped,Gross before costs,377,garch11_residual_fallback_insufficient_egarch_obs,60,ok,60,0.6610484629170919,0.97678465417345,0.965876452280029,2.061053729033606,-0.9050120882388792,0.275019853771397,0.34345403525450974,12.644787005179365,False,insufficient_egarch_obs
orig E1 capped,Gross before costs,378,garch11_residual_fallback_insufficient_egarch_obs,60,ok,60,0.12910176886801117,0.7116799989516785,0.4900755160578013,0.9789024930512772,-0.7904327543192502,0.19244879731964007,0.23285550767578614,1.8351241008374624,False,insufficient_egarch_obs
orig E1 capped,Gross before costs,379,garch11_residual_fallback_insufficient_egarch_obs,60,ok,60,0.2709042375401811,0.903465280603706,0.6743268346430267,1.3343517429977272,-0.6695276162831187,0.25140595556775297,0.2848587441427665,3.315615328654628,False,insufficient_egarch_obs
orig E1 capped,Gross before costs,380,garch11_residual_fallback_insufficient_egarch_obs,60,ok,60,0.7919628950341822,0.9442644550231298,1.077526465751935,2.1695079618526076,-0.7384916938653534,0.2784867854290638,0.39880551927899166,18.477578835057926,False,insufficient_egarch_obs
orig E1 capped,Gross before costs,381,garch11_residual_fallback_insufficient_egarch_obs,60,ok,60,0.09204492483627136,0.797834654190824,0.47364465761206587,0.9040834476963903,-0.7591881029841392,0.21928006183599127,0.3158691413786652,1.5531111025123128,False,insufficient_egarch_obs
orig E1 capped,Gross before costs,382,garch11_residual_fallback_insufficient_egarch_obs,60,ok,60,-0.16778419112309473,0.8004912732929234,0.137612746315987,0.23894202497283018,-0.8677892643486619,0.2570092311266882,0.3156470925561565,0.399190141444099,False,insufficient_egarch_obs
orig E1 capped,Gross before costs,383,garch11_residual_fallback_insufficient_egarch_obs,60,ok,60,0.5739316584395344,0.8438917843380366,0.9211776834368155,2.037411761391298,-0.48822963883451964,0.22641403108478156,0.28976804423183833,9.658937476459085,False,insufficient_egarch_obs
orig E1 capped,Gross before costs,384,garch11_residual_fallback_insufficient_egarch_obs,60,ok,60,0.4305203947681193,0.8469782343208192,0.8172155424604592,1.620339924955691,-0.5891404930377729,0.2681339383345401,0.2938477131909673,5.990599271717687,False,insufficient_egarch_obs
orig E1 capped,Gross before costs,385,garch11_residual_fallback_insufficient_egarch_obs,60,ok,60,0.20373352751141605,0.5833377888730339,0.5935272470963278,1.1027426911797389,-0.6202127897805743,0.19391671256521337,0.23345233409432284,2.527270833671041,False,insufficient_egarch_obs
orig E1 capped,Gross before costs,386,garch11_residual_fallback_insufficient_egarch_obs,60,ok,60,0.23194601960216654,0.8779426248474618,0.6244252125939734,1.310491106777984,-0.533627054882295,0.2328556035005032,0.2453872956232218,2.837647161275177,False,insufficient_egarch_obs
orig E1 capped,Gross before costs,387,garch11_residual_fallback_insufficient_egarch_obs,60,ok,60,0.12106659297132571,0.6369888731543671,0.4748460855177119,0.877746577758317,-0.8686256271853211,0.19644127387574364,0.2602519201484183,1.7707492046258406,False,insufficient_egarch_obs
orig E1 capped,Gross before costs,388,garch11_residual_fallback_insufficient_egarch_obs,60,ok,60,0.49903468089083813,0.6622150116169409,0.9216398895951906,1.9583207748185492,-0.7288379008971979,0.19252686828074358,0.22487458103396163,7.56934678944972,False,insufficient_egarch_obs
orig E1 capped,Gross before costs,389,garch11_residual_fallback_insufficient_egarch_obs,60,ok,60,0.8190996237683021,0.7252970415493368,1.1699262644787158,2.775285951055909,-0.42942654667055236,0.1882227316633458,0.2195061428713402,19.919682879284903,False,insufficient_egarch_obs
orig E1 capped,Gross before costs,390,garch11_residual_fallback_insufficient_egarch_obs,60,ok,60,1.3658424512528033,0.905993176743783,1.3960190245811572,3.232494592059803,-0.4322824101932591,0.24353650355000414,0.3254501858442573,74.11892319434918,False,insufficient_egarch_obs
orig E1 capped,Gross before costs,391,garch11_residual_fallback_insufficient_egarch_obs,60,ok,60,-0.1315003587386243,0.935419806494894,0.2718193084881002,0.49450623647375713,-0.8338796153356502,0.2812267487170801,0.33836100411785514,0.49413795888608664,False,insufficient_egarch_obs
orig E1 capped,Gross before costs,392,garch11_residual_fallback_insufficient_egarch_obs,60,ok,60,0.2890861573541028,0.9365321324688931,0.693106612858731,1.427205660962041,-0.9091735764979372,0.24829581276724058,0.3365356846252678,3.5596698824704296,False,insufficient_egarch_obs
orig E1 capped,Gross before costs,393,garch11_residual_fallback_insufficient_egarch_obs,60,ok,60,0.32950202758878766,0.6066776591019521,0.7434393005854094,1.6960275328925718,-0.6224285743210898,0.15124227734779755,0.1633510067849531,4.153794624778167,False,insufficient_egarch_obs
orig E1 capped,Gross before costs,394,garch11_residual_fallback_insufficient_egarch_obs,60,ok,60,0.4562008661586978,1.0172025132664158,0.8400594008169938,1.664707742398038,-0.7696149647678036,0.26213999155691875,0.35961655786163976,6.5479661431306795,False,insufficient_egarch_obs
orig E1 capped,Gross before costs,395,garch11_residual_fallback_insufficient_egarch_obs,60,ok,60,0.3621048292018436,0.7983233573209656,0.7506495704443298,1.566300324904475,-0.6245628462311656,0.2099406061660651,0.2694200344730169,4.688702348271033,False,insufficient_egarch_obs
orig E1 capped,Gross before costs,396,garch11_residual_fallback_insufficient_egarch_obs,60,ok,60,2.4598203486073595,0.9540934132998896,1.801292062079979,4.489643658074933,-0.5070464837343001,0.2343331199937689,0.2945894465244907,495.7557305903615,False,insufficient_egarch_obs
orig E1 capped,Gross before costs,397,garch11_residual_fallback_insufficient_egarch_obs,60,ok,60,0.6213245202586903,0.6215516185051098,1.0734731804794486,2.4639011146936016,-0.41835201980431636,0.1637742916059664,0.2108767810189275,11.203397734283215,False,insufficient_egarch_obs
orig E1 capped,Gross before costs,398,garch11_residual_fallback_insufficient_egarch_obs,60,ok,60,0.27684655464514973,0.6857614559139815,0.6681852577372842,1.404360597377471,-0.4990992394990169,0.1943457236878476,0.22854888304840562,3.393857041922529,False,insufficient_egarch_obs
orig E1 capped,Gross before costs,399,garch11_residual_fallback_insufficient_egarch_obs,60,ok,60,0.5933278875971078,0.722303162404345,0.9753860057820485,2.308200477750992,-0.46222465127994805,0.17654729973311745,0.1875648854766816,10.268944052591714,False,insufficient_egarch_obs
orig E1 capped,Gross before costs,400,garch11_residual_fallback_insufficient_egarch_obs,60,ok,60,-0.22488806850744836,0.7103260592879057,-0.01836193983715892,-0.029527330157442917,-0.9006782598620934,0.2324384123963263,0.35020183047823794,0.2797835077100549,False,insufficient_egarch_obs
orig E1 capped,Gross before costs,401,garch11_residual_fallback_insufficient_egarch_obs,60,ok,60,0.46018984046750444,0.9577130654138769,0.8510796535972933,1.6352517389187773,-0.8209011021126749,0.29780097084227014,0.4026034442624386,6.638143127619282,False,insufficient_egarch_obs
orig E1 capped,Gross before costs,402,garch11_residual_fallback_insufficient_egarch_obs,60,ok,60,0.1187063904845489,0.7984207475990962,0.497054272855394,0.9890854008908735,-0.8074096792315091,0.2003335880395721,0.25920095664295423,1.7521875684012362,False,insufficient_egarch_obs
orig E1 capped,Gross before costs,403,garch11_residual_fallback_insufficient_egarch_obs,60,ok,60,0.4791271177242151,0.8802831767163743,0.8381119989442872,1.8570481547046684,-0.5022141232903424,0.20838323713810278,0.22197628418949278,7.079906081649121,False,insufficient_egarch_obs
orig E1 capped,Gross before costs,404,garch11_residual_fallback_insufficient_egarch_obs,60,ok,60,0.03898348303426191,0.7111744798085671,0.3718287401504,0.7259383193304849,-0.6590652689650922,0.19305163118286084,0.25240037023628786,1.2107186089714839,False,insufficient_egarch_obs
orig E1 capped,Gross before costs,405,garch11_residual_fallback_insufficient_egarch_obs,60,ok,60,0.8417878614259744,0.6891836164978006,1.208168523509978,3.283018712912263,-0.4505835440081909,0.1681340132128445,0.17574991991855682,21.193272965982228,False,insufficient_egarch_obs
orig E1 capped,Gross before costs,406,garch11_residual_fallback_insufficient_egarch_obs,60,ok,60,0.6432337084984892,0.6951883022637801,1.0449585102975514,2.233428745983264,-0.44030705479697085,0.1933080098080927,0.2176059841726655,11.98109953769279,False,insufficient_egarch_obs
orig E1 capped,Gross before costs,407,garch11_residual_fallback_insufficient_egarch_obs,60,ok,60,0.8387406969525748,0.49831039402223665,1.4764922125593354,4.1841500418832815,-0.34551403967596717,0.11372302519102244,0.12546074768120635,21.018534998021874,False,insufficient_egarch_obs
orig E1 capped,Gross before costs,408,garch11_residual_fallback_insufficient_egarch_obs,60,ok,60,0.4780167915061948,0.9342868682167798,0.8490245609831845,1.7336681842419017,-0.6658713698915014,0.296697255973591,0.34019834073614624,7.053372823718004,False,insufficient_egarch_obs
orig E1 capped,Gross before costs,409,garch11_residual_fallback_insufficient_egarch_obs,60,ok,60,1.1525557086711515,0.822361596545747,1.325248078776812,3.3044984994576536,-0.6204190794758316,0.19593849284495726,0.2023428760731302,46.2138339541659,False,insufficient_egarch_obs
orig E1 capped,Gross before costs,410,garch11_residual_fallback_insufficient_egarch_obs,60,ok,60,1.4644565987396274,0.8414741579396251,1.489009503427769,3.6995224113899403,-0.6682791202419405,0.2395047068375234,0.29873460130306034,90.90878872648855,False,insufficient_egarch_obs
orig E1 capped,Gross before costs,411,garch11_residual_fallback_insufficient_egarch_obs,60,ok,60,0.7948577183486807,0.948948632832752,1.04654303515584,2.432196888194328,-0.8363254798371995,0.23501015677017617,0.24203933591940638,18.62730968059183,False,insufficient_egarch_obs
orig E1 capped,Gross before costs,412,garch11_residual_fallback_insufficient_egarch_obs,60,ok,60,0.6160130829145729,0.6689057949729491,1.0239256543356736,2.5147909983656596,-0.4246182355676431,0.18249409930525717,0.21211758057725238,11.021085258082065,False,insufficient_egarch_obs
orig E1 capped,Gross before costs,413,garch11_residual_fallback_insufficient_egarch_obs,60,ok,60,-0.013810171107369595,0.9620858956680796,0.43597104099974465,0.7636307826751056,-0.8425455281388936,0.2829219646880961,0.3790446042336861,0.9328301952207205,False,insufficient_egarch_obs
orig E1 capped,Gross before costs,414,garch11_residual_fallback_insufficient_egarch_obs,60,ok,60,0.1527111235981271,0.6748072363082654,0.5146686321725152,1.0159103174803177,-0.6702491510798622,0.18672792385460685,0.2341811837500163,2.03517809915713,False,insufficient_egarch_obs
orig E1 capped,Gross before costs,415,garch11_residual_fallback_insufficient_egarch_obs,60,ok,60,-0.27649538713459276,0.8245550157396967,-0.019495593440560868,-0.03365210456396224,-0.9637198838952796,0.2499106416235389,0.28844803131092966,0.19824695344302418,False,insufficient_egarch_obs
orig E1 capped,Gross before costs,416,garch11_residual_fallback_insufficient_egarch_obs,60,ok,60,0.19249587199757712,0.7510793577296048,0.5704687355694431,1.1816432355315896,-0.7274914826852508,0.20295021001580563,0.21876729369892436,2.411484205109408,False,insufficient_egarch_obs
orig E1 capped,Gross before costs,417,garch11_residual_fallback_insufficient_egarch_obs,60,ok,60,0.3081223462218239,0.7160536495552455,0.7043826962975865,1.4299004584453079,-0.7198190342603514,0.19208980576284265,0.258325727141547,3.8303796654417503,False,insufficient_egarch_obs
orig E1 capped,Gross before costs,418,garch11_residual_fallback_insufficient_egarch_obs,60,ok,60,1.2875361440592834,0.8150263993114409,1.4101946213338288,3.5891228828061714,-0.4942799927167124,0.198152287255675,0.22085359669568808,62.63828005068932,False,insufficient_egarch_obs
orig E1 capped,Gross before costs,419,garch11_residual_fallback_insufficient_egarch_obs,60,ok,60,0.09080175276102831,0.8343157777621809,0.4783879846879621,0.9316595954665613,-0.873016753696476,0.2254856166395196,0.2803314231377506,1.5442909828349736,False,insufficient_egarch_obs
orig E1 capped,Gross before costs,420,garch11_residual_fallback_insufficient_egarch_obs,60,ok,60,0.2230451742416817,0.6901057367941247,0.6073434478093487,1.2014883817296498,-0.7536453404701,0.19847710224537513,0.24003097507055457,2.736607367865332,False,insufficient_egarch_obs
orig E1 capped,Gross before costs,421,garch11_residual_fallback_insufficient_egarch_obs,60,ok,60,0.5472513391695508,0.9105685091776027,0.8997265508361444,1.8484149167286985,-0.8594337062763273,0.25847225399132107,0.2803475405995663,8.867564095398615,False,insufficient_egarch_obs
orig E1 capped,Gross before costs,422,garch11_residual_fallback_insufficient_egarch_obs,60,ok,60,-0.11313204257608034,0.684164741660859,0.12691419565661183,0.23890228267154695,-0.6832225598362147,0.19368409441427334,0.2179817108737525,0.5486492887320807,False,insufficient_egarch_obs
orig E1 capped,Gross before costs,423,garch11_residual_fallback_insufficient_egarch_obs,60,ok,60,-0.0792579958897437,0.7732104156794579,0.24195296455903179,0.44930786904860665,-0.8645249687347226,0.22173576148542903,0.2992128170350099,0.6617436464868433,False,insufficient_egarch_obs
orig E1 capped,Gross before costs,424,garch11_residual_fallback_insufficient_egarch_obs,60,ok,60,0.07876218399242663,0.7302096015414903,0.43350231828278113,0.8363597317766885,-0.7057147514764744,0.21959523344521326,0.2319865086204341,1.4609271807890385,False,insufficient_egarch_obs
orig E1 capped,Gross before costs,425,garch11_residual_fallback_insufficient_egarch_obs,60,ok,60,0.05739340380284785,0.6613771794024026,0.3737294552559111,0.7638455819622633,-0.7602929383624117,0.18418805222481394,0.19671834909369426,1.3218524623600796,False,insufficient_egarch_obs
orig E1 capped,Gross before costs,426,garch11_residual_fallback_insufficient_egarch_obs,60,ok,60,1.2758454759421554,0.784560281046196,1.4470278889768375,3.242669038661335,-0.4538056204430856,0.1982878421743332,0.2671020755623293,61.05396258743109,False,insufficient_egarch_obs
orig E1 capped,Gross before costs,427,garch11_residual_fallback_insufficient_egarch_obs,60,ok,60,0.03172358909091555,0.7336490008103467,0.37299434818922655,0.7074843524526861,-0.8335217013837047,0.20176671769996102,0.2689389750347011,1.169006164490251,False,insufficient_egarch_obs
orig E1 capped,Gross before costs,428,garch11_residual_fallback_insufficient_egarch_obs,60,ok,60,0.5963945732596909,0.7011624312870154,0.9918982171524076,2.252726580340623,-0.6747534653781191,0.16599812096102856,0.19151242846879982,10.368148621338714,False,insufficient_egarch_obs
orig E1 capped,Gross before costs,429,garch11_residual_fallback_insufficient_egarch_obs,60,ok,60,0.5533247138739534,0.6596542429013585,0.9701667711913982,2.3733330039550236,-0.8070071231864246,0.1639596363067092,0.18700230474951052,9.042973544479763,False,insufficient_egarch_obs
orig E1 capped,Gross before costs,430,garch11_residual_fallback_insufficient_egarch_obs,60,ok,60,1.4046808720266664,0.7531402309295642,1.538240869118728,4.0330531664447165,-0.5070571685288026,0.18986301669555308,0.24042727624882496,80.40577532822937,False,insufficient_egarch_obs
orig E1 capped,Gross before costs,431,garch11_residual_fallback_insufficient_egarch_obs,60,ok,60,0.003276213633206515,0.7067974644975729,0.3299810469348745,0.5997255743092731,-0.7230507679374691,0.200510697161525,0.2814612309547227,1.0164887561550355,False,insufficient_egarch_obs
orig E1 capped,Gross before costs,432,garch11_residual_fallback_insufficient_egarch_obs,60,ok,60,-0.2143395248753004,0.662300014574452,-0.05752495307841127,-0.09690836359315859,-0.9033613496050088,0.2428071154083966,0.29394220965580337,0.29934673553877417,False,insufficient_egarch_obs
orig E1 capped,Gross before costs,433,garch11_residual_fallback_insufficient_egarch_obs,60,ok,60,1.2433051061765212,0.966507626126973,1.284511027464597,3.121871160960878,-0.5806757327997063,0.24072803575775653,0.26801711561242114,56.81221532371989,False,insufficient_egarch_obs
orig E1 capped,Gross before costs,434,garch11_residual_fallback_insufficient_egarch_obs,60,ok,60,0.31544569122344046,0.8097580928889511,0.6977309736219991,1.5028742936916826,-0.7158561615775907,0.20749701236902207,0.25702821858924807,3.9388062078510724,False,insufficient_egarch_obs
orig E1 capped,Gross before costs,435,garch11_residual_fallback_insufficient_egarch_obs,60,ok,60,0.6329695770163082,0.500957090063523,1.22609374865891,2.9672663030371553,-0.38532381713117236,0.12878833222343514,0.14423812412090778,11.611557269802466,False,insufficient_egarch_obs
orig E1 capped,Gross before costs,436,garch11_residual_fallback_insufficient_egarch_obs,60,ok,60,0.29880722827309314,0.7869521455876461,0.6970983795894692,1.3594600716260397,-0.6336667813649086,0.22541396172064695,0.28672115329273756,3.695927851503912,False,insufficient_egarch_obs
orig E1 capped,Gross before costs,437,garch11_residual_fallback_insufficient_egarch_obs,60,ok,60,1.3868799571153252,0.8627240533326364,1.4229824788373546,3.768075616869992,-0.44625721948996955,0.2007741207150864,0.2351100031409683,77.47344861083555,False,insufficient_egarch_obs
orig E1 capped,Gross before costs,438,garch11_residual_fallback_insufficient_egarch_obs,60,ok,60,0.5397201231253699,0.6990989226983364,0.9570456219084107,1.8750063792596454,-0.6817018099844658,0.2096938899577734,0.30740102293970545,8.653841344138343,False,insufficient_egarch_obs
orig E1 capped,Gross before costs,439,garch11_residual_fallback_insufficient_egarch_obs,60,ok,60,2.0620275234015515,0.8688816714787821,1.726968571725545,4.914508904878776,-0.5158474666422206,0.17821106074487314,0.22728514179711448,269.1816497213646,False,insufficient_egarch_obs
orig E1 capped,Gross before costs,440,garch11_residual_fallback_insufficient_egarch_obs,60,ok,60,1.2515111824111802,0.7462828904767038,1.456010804407872,3.699369367181052,-0.6270151385038271,0.18293878341435466,0.19749099505646897,57.85894912352738,False,insufficient_egarch_obs
orig E1 capped,Gross before costs,441,garch11_residual_fallback_insufficient_egarch_obs,60,ok,60,0.9458115692332283,0.9613727973891716,1.1431042429915097,2.509386266073278,-0.7374506409229975,0.2418971037253194,0.28670191841386594,27.893557451330864,False,insufficient_egarch_obs
orig E1 capped,Gross before costs,442,garch11_residual_fallback_insufficient_egarch_obs,60,ok,60,0.32808523239534315,0.7158456936702069,0.7280933448141558,1.474263270018198,-0.7370754255771883,0.18708560017869183,0.2731490206684431,4.13170911256046,False,insufficient_egarch_obs
orig E1 capped,Gross before costs,443,garch11_residual_fallback_insufficient_egarch_obs,60,ok,60,0.9070512034957616,0.9365363205211484,1.1231190315442485,2.497569266244246,-0.838073725139928,0.24921766756250402,0.2748663726709282,25.223872883399235,False,insufficient_egarch_obs
orig E1 capped,Gross before costs,444,garch11_residual_fallback_insufficient_egarch_obs,60,ok,60,0.25148588623051293,0.7879990598802163,0.6380529249581208,1.33530537731852,-0.5604547390970935,0.20319036651399228,0.28812483322317267,3.0699392456644796,False,insufficient_egarch_obs
orig E1 capped,Gross before costs,445,garch11_residual_fallback_insufficient_egarch_obs,60,ok,60,0.49493409717790704,0.7816167082652831,0.8796390825877048,1.7920471939753226,-0.7003931759436434,0.21842512182838658,0.28039901779308124,7.466382553353572,False,insufficient_egarch_obs
orig E1 capped,Gross before costs,446,garch11_residual_fallback_insufficient_egarch_obs,60,ok,60,0.2942770207410028,0.6056583468784124,0.7012637325317987,1.506134535597875,-0.6382439715356737,0.1668899233849681,0.17481105751798412,3.631919406131969,False,insufficient_egarch_obs
orig E1 capped,Gross before costs,447,garch11_residual_fallback_insufficient_egarch_obs,60,ok,60,0.7900515386613627,0.7299632223914271,1.1450519125927463,2.564287038457525,-0.5370677449714911,0.2053473566217988,0.26596977161671415,18.379245387914356,False,insufficient_egarch_obs
orig E1 capped,Gross before costs,448,garch11_residual_fallback_insufficient_egarch_obs,60,ok,60,0.10145133502321513,0.6764691702087237,0.45110698036283847,0.8485277849789731,-0.8351518638351492,0.20265087905420778,0.27650130804222733,1.6211625708814843,False,insufficient_egarch_obs
orig E1 capped,Gross before costs,449,garch11_residual_fallback_insufficient_egarch_obs,60,ok,60,0.402895889786993,0.7670245280398487,0.7940156094131844,1.6563566884435552,-0.5395913564536349,0.1970470955343229,0.2491272378519758,5.434094844230753,False,insufficient_egarch_obs
orig E1 capped,Gross before costs,450,garch11_residual_fallback_insufficient_egarch_obs,60,ok,60,0.0769201735873617,0.6973056558728434,0.41816262368337065,0.8265933327653073,-0.6778197016934402,0.19708145790088447,0.23879902155884414,1.448496875227046,False,insufficient_egarch_obs
orig E1 capped,Gross before costs,451,garch11_residual_fallback_insufficient_egarch_obs,60,ok,60,1.332743999654531,0.7596062293761623,1.492911069131748,3.817010474830545,-0.4476784341883038,0.20577301961233324,0.23881414438372706,69.07730809234232,False,insufficient_egarch_obs
orig E1 capped,Gross before costs,452,garch11_residual_fallback_insufficient_egarch_obs,60,ok,60,0.1807656552125969,0.9758651676261658,0.6126190725156488,1.2075355442360556,-0.8646557458862185,0.27250069315487985,0.36920576682660194,2.2951895714539137,False,insufficient_egarch_obs
orig E1 capped,Gross before costs,453,garch11_residual_fallback_insufficient_egarch_obs,60,ok,60,0.3143099025652478,0.7696025303269567,0.7006541886827196,1.4864096127696131,-0.5031351554305521,0.1986073580080071,0.25319254055398693,3.9218312282294967,False,insufficient_egarch_obs
orig E1 capped,Gross before costs,454,garch11_residual_fallback_insufficient_egarch_obs,60,ok,60,0.8884364234738116,0.7061573523719804,1.2357595119259646,3.1777551957370327,-0.5861435138778922,0.16522036000587328,0.23319911278464867,24.016617523361695,False,insufficient_egarch_obs
orig E1 capped,Gross before costs,455,garch11_residual_fallback_insufficient_egarch_obs,60,ok,60,0.9429726264541312,0.8694202119455101,1.1758778109614993,2.63044533658137,-0.6013643367418754,0.2111203997567696,0.2696186394281386,27.690666585282976,False,insufficient_egarch_obs
orig E1 capped,Gross before costs,456,garch11_residual_fallback_insufficient_egarch_obs,60,ok,60,0.038665526354833446,0.7621191049335408,0.39718031845089785,0.738427214438316,-0.8135649190380194,0.23493664363515085,0.30932920664456814,1.2088671814303307,False,insufficient_egarch_obs
orig E1 capped,Gross before costs,457,garch11_residual_fallback_insufficient_egarch_obs,60,ok,60,-0.22644288901172693,0.6914288802722189,-0.057535508815098474,-0.09855200291386627,-0.8806800310325674,0.23624528437694586,0.25258334935716875,0.2769886118881903,False,insufficient_egarch_obs
orig E1 capped,Gross before costs,458,garch11_residual_fallback_insufficient_egarch_obs,60,ok,60,0.9835877920268337,0.6157574934637899,1.4154563093018124,3.805029952136042,-0.35155361652947414,0.15112152932545286,0.18550221316218832,30.70839610008328,False,insufficient_egarch_obs
orig E1 capped,Gross before costs,459,garch11_residual_fallback_insufficient_egarch_obs,60,ok,60,0.7632292586749152,0.6647231827882077,1.1725222163578028,2.7070760435445043,-0.41290006711526617,0.16370709730281938,0.1909771457247745,17.04291661444807,False,insufficient_egarch_obs
orig E1 capped,Gross before costs,460,garch11_residual_fallback_insufficient_egarch_obs,60,ok,60,0.7232392353357444,0.8664669468589183,1.0370429342387388,2.226358005054733,-0.8755054210663916,0.2529448926559066,0.3263263007608308,15.195950535330722,False,insufficient_egarch_obs
orig E1 capped,Gross before costs,461,garch11_residual_fallback_insufficient_egarch_obs,60,ok,60,0.47413942487836147,0.7878866461592384,0.8455887438388455,1.9392684850676283,-0.5626091914500038,0.192417736837254,0.2650865104194304,6.961339368377555,False,insufficient_egarch_obs
orig E1 capped,Gross before costs,462,garch11_residual_fallback_insufficient_egarch_obs,60,ok,60,0.20598903620133413,0.6891612271009933,0.5819241724832446,1.184048057075105,-0.8100194481281255,0.18898320360627824,0.23422864143896263,2.5510372370665433,False,insufficient_egarch_obs
orig E1 capped,Gross before costs,463,garch11_residual_fallback_insufficient_egarch_obs,60,ok,60,0.4248785946464084,0.8296915285391607,0.8098746071483706,1.654576114337692,-0.6371641894972089,0.2182027233528979,0.3092930568842221,5.87339638342988,False,insufficient_egarch_obs
orig E1 capped,Gross before costs,464,garch11_residual_fallback_insufficient_egarch_obs,60,ok,60,0.4628706404655025,0.8033830321622334,0.843347765559916,1.7817581001230878,-0.633787885444177,0.22734695633458185,0.26181912741972796,6.699302972106007,False,insufficient_egarch_obs
orig E1 capped,Gross before costs,465,garch11_residual_fallback_insufficient_egarch_obs,60,ok,60,0.9519553197775108,0.8140107705463454,1.2014539576893382,2.9758842509282806,-0.5040030820118206,0.22077193489817434,0.23709650272931226,28.33670586742012,False,insufficient_egarch_obs
orig E1 capped,Gross before costs,466,garch11_residual_fallback_insufficient_egarch_obs,60,ok,60,0.5191074824249078,0.7029301006273206,0.9281010125886701,1.9415917750263352,-0.6795207955525405,0.20693119183062067,0.2647493330398394,8.089888098667783,False,insufficient_egarch_obs
orig E1 capped,Gross before costs,467,garch11_residual_fallback_insufficient_egarch_obs,60,ok,60,0.35297718325168925,0.865103874231097,0.7493072090816543,1.471097005373424,-0.5613005075057188,0.2776667741108332,0.32782768557493486,4.533695661145951,False,insufficient_egarch_obs
orig E1 capped,Gross before costs,468,garch11_residual_fallback_insufficient_egarch_obs,60,ok,60,1.0330950319449377,0.8148270993053575,1.252094030146102,3.211522588439361,-0.5293449330412027,0.18047814740849252,0.20901780470001383,34.736687017431734,False,insufficient_egarch_obs
orig E1 capped,Gross before costs,469,garch11_residual_fallback_insufficient_egarch_obs,60,ok,60,0.5634443183816289,0.7574134109276914,0.9372471944065939,2.0982412020669146,-0.5602114571412109,0.2050360568944229,0.2524914691310951,9.341402664640423,False,insufficient_egarch_obs
orig E1 capped,Gross before costs,470,garch11_residual_fallback_insufficient_egarch_obs,60,ok,60,1.4398568127358877,0.6926370150609495,1.639926576858477,4.490689089143505,-0.47888925966075624,0.16741906533961431,0.21882058416860964,86.46128758501338,False,insufficient_egarch_obs
orig E1 capped,Gross before costs,471,garch11_residual_fallback_insufficient_egarch_obs,60,ok,60,1.131594630483336,0.7577079040529912,1.3649648657294913,3.4177400272168494,-0.5334411087878866,0.20305490263676834,0.2177044388984899,44.00713422044139,False,insufficient_egarch_obs
orig E1 capped,Gross before costs,472,garch11_residual_fallback_insufficient_egarch_obs,60,ok,60,0.2317409614142505,0.935563555494513,0.6423162941226754,1.297717767733046,-0.8047733467850322,0.26326226375885187,0.32486291670954276,2.835286306585475,False,insufficient_egarch_obs
orig E1 capped,Gross before costs,473,garch11_residual_fallback_insufficient_egarch_obs,60,ok,60,0.30636627978958586,0.731505606767004,0.693400971274369,1.474163937817188,-0.7723845487679466,0.18491701866892618,0.20277116377714224,3.8047384633172485,False,insufficient_egarch_obs
orig E1 capped,Gross before costs,474,garch11_residual_fallback_insufficient_egarch_obs,60,ok,60,0.12768216023549384,0.7020044797626017,0.48823029432820686,0.9612573374114326,-0.581526019193862,0.18273880810676052,0.23003293718357823,1.8236166555449567,False,insufficient_egarch_obs
orig E1 capped,Gross before costs,475,garch11_residual_fallback_insufficient_egarch_obs,60,ok,60,-0.16251178092173135,0.8937484588648589,0.21747589561406833,0.3734604551841843,-0.8954878006924625,0.2736292528674268,0.38142227135526224,0.4119965057860687,False,insufficient_egarch_obs
orig E1 capped,Gross before costs,476,garch11_residual_fallback_insufficient_egarch_obs,60,ok,60,0.3321146913312565,0.6284673287953552,0.7400446363722002,1.6745743564720432,-0.47670305939639346,0.16695039357207683,0.19243638675947894,4.19476938685628,False,insufficient_egarch_obs
orig E1 capped,Gross before costs,477,garch11_residual_fallback_insufficient_egarch_obs,60,ok,60,0.6971084992870709,0.6168523256381193,1.153574778647392,2.7163759323897296,-0.41834796973485855,0.16313211321919424,0.19955878192697804,14.078229551351876,False,insufficient_egarch_obs
orig E1 capped,Gross before costs,478,garch11_residual_fallback_insufficient_egarch_obs,60,ok,60,0.1662784930616239,0.8173039427843092,0.5446994047664048,1.1504725802911397,-0.7660369196585177,0.20026721827522168,0.2085381306237175,2.157800727218497,False,insufficient_egarch_obs
orig E1 capped,Gross before costs,479,garch11_residual_fallback_insufficient_egarch_obs,60,ok,60,0.3448135649229347,0.6225792981851032,0.7622317843587408,1.6029777961866927,-0.4871647381411017,0.1635003447774373,0.20547604077931944,4.398558836131657,False,insufficient_egarch_obs
orig E1 capped,Gross before costs,480,garch11_residual_fallback_insufficient_egarch_obs,60,ok,60,0.8545849613914607,0.7725709272603694,1.1781250427639485,2.470824137678225,-0.435816006930576,0.21433810765380212,0.30618505516212374,21.939850760959807,False,insufficient_egarch_obs
orig E1 capped,Gross before costs,481,garch11_residual_fallback_insufficient_egarch_obs,60,ok,60,1.298233536286682,1.1062131176277505,1.2766808414089863,2.8902960506382476,-0.8349528354787508,0.29432252987805296,0.3639019479731111,64.1166448808686,False,insufficient_egarch_obs
orig E1 capped,Gross before costs,482,garch11_residual_fallback_insufficient_egarch_obs,60,ok,60,-0.14073913391082837,0.7658411263660138,0.14762345578524685,0.2647407096830538,-0.6783900101899341,0.2064432905417447,0.25987063430927654,0.4684089281063632,False,insufficient_egarch_obs
orig E1 capped,Gross before costs,483,garch11_residual_fallback_insufficient_egarch_obs,60,ok,60,0.6669429242383393,0.9424107898019247,0.9817115739717334,2.0338530967662254,-0.8437941618533904,0.2525912532526244,0.3494563245168843,12.870743923691451,False,insufficient_egarch_obs
orig E1 capped,Gross before costs,484,garch11_residual_fallback_insufficient_egarch_obs,60,ok,60,-0.12127350210844468,0.6297578957232706,0.08854923782950537,0.14950474753278148,-0.8858296822368539,0.20221098460519787,0.27432362918691444,0.5239243864552057,False,insufficient_egarch_obs
orig E1 capped,Gross before costs,485,garch11_residual_fallback_insufficient_egarch_obs,60,ok,60,-0.09453658888341987,0.8902072349387177,0.28579368336727645,0.5339941131061697,-0.9179917833507887,0.2330284707583021,0.29036360973878467,0.608631643299457,False,insufficient_egarch_obs
orig E1 capped,Gross before costs,486,garch11_residual_fallback_insufficient_egarch_obs,60,ok,60,0.35601831761898994,0.8603609307072678,0.7431532962124556,1.5610425090038975,-0.8629425045196725,0.21274382280833787,0.28335786494167065,4.584877968498611,False,insufficient_egarch_obs
orig E1 capped,Gross before costs,487,garch11_residual_fallback_insufficient_egarch_obs,60,ok,60,1.096790472650976,0.8682488655954809,1.2712738552229688,2.8966116458783198,-0.5347382546291706,0.21330014822078422,0.2691990747617749,40.52986648062074,False,insufficient_egarch_obs
orig E1 capped,Gross before costs,488,garch11_residual_fallback_insufficient_egarch_obs,60,ok,60,0.20754929714157022,0.764406439284832,0.5853201414062922,1.2457455475660237,-0.6523170977960105,0.19389457128072934,0.21535377319988483,2.567582147671031,False,insufficient_egarch_obs
orig E1 capped,Gross before costs,489,garch11_residual_fallback_insufficient_egarch_obs,60,ok,60,0.7543348852360978,0.7148465274652177,1.1237943787559008,2.6265100594852444,-0.4721698370572983,0.17303728529885262,0.22702221267416248,16.617377938889863,False,insufficient_egarch_obs
orig E1 capped,Gross before costs,490,garch11_residual_fallback_insufficient_egarch_obs,60,ok,60,0.07065522035205674,0.8667797443808288,0.47610827280516393,0.8829956847194532,-0.8389939581392367,0.27006822459555346,0.34322099812003853,1.4068512943148168,False,insufficient_egarch_obs
orig E1 capped,Gross before costs,491,garch11_residual_fallback_insufficient_egarch_obs,60,ok,60,2.3633644657079844,0.8988274583671803,1.8238390828950792,4.662994521557713,-0.5905266487757168,0.21010016817217894,0.23283996736691304,430.3974182314043,False,insufficient_egarch_obs
orig E1 capped,Gross before costs,492,garch11_residual_fallback_insufficient_egarch_obs,60,ok,60,0.19354799393559707,0.7774161419635105,0.5828974491508383,1.1324288695822642,-0.6820170634747587,0.2288416782612928,0.28090931038015227,2.422141082309314,False,insufficient_egarch_obs
orig E1 capped,Gross before costs,493,garch11_residual_fallback_insufficient_egarch_obs,60,ok,60,1.2866352207778688,0.7250499219849955,1.504028685816695,3.860779670526054,-0.3810984664090572,0.18172700318891266,0.18746799253722535,62.5150298632104,False,insufficient_egarch_obs
orig E1 capped,Gross before costs,494,garch11_residual_fallback_insufficient_egarch_obs,60,ok,60,0.5295631249295472,0.7466329634982329,0.9144907668661024,2.0065585994139066,-0.7391178543526753,0.19137138600942527,0.22614084009484392,8.372150465102878,False,insufficient_egarch_obs
orig E1 capped,Gross before costs,495,garch11_residual_fallback_insufficient_egarch_obs,60,ok,60,1.797689809825564,0.8929760184265882,1.6014973266426968,4.010583129749205,-0.4899682218477147,0.22905275641698203,0.28175263810108114,171.39486448139334,False,insufficient_egarch_obs
orig E1 capped,Gross before costs,496,garch11_residual_fallback_insufficient_egarch_obs,60,ok,60,0.7548856090594589,0.6796097703595712,1.1571459727615516,2.526838271028915,-0.49481103005917704,0.18847369663624045,0.26007554158171947,16.643477099195508,False,insufficient_egarch_obs
orig E1 capped,Gross before costs,497,garch11_residual_fallback_insufficient_egarch_obs,60,ok,60,0.3972954099952444,0.9242677482029984,0.7879338089367376,1.567465887105515,-0.6901048978548239,0.2624879972838928,0.33485131156028497,5.326490566112047,False,insufficient_egarch_obs
orig E1 capped,Gross before costs,498,garch11_residual_fallback_insufficient_egarch_obs,60,ok,60,0.3679870563454044,0.8409784735574696,0.7559383216979729,1.5485384403957252,-0.5001886073261879,0.21698909987314213,0.3272438168881057,4.7908209598326845,False,insufficient_egarch_obs
orig E1 capped,Gross before costs,499,garch11_residual_fallback_insufficient_egarch_obs,60,ok,60,0.1634507840611774,0.8411386921155917,0.5624680470909834,1.0743997945497215,-0.8243155091476481,0.23952891575737792,0.2953488159148911,2.1317687086728263,False,insufficient_egarch_obs
orig E1 capped,Gross before costs,500,garch11_residual_fallback_insufficient_egarch_obs,60,ok,60,0.604432241332592,0.9084992860205119,0.9329992515074221,2.040487149838695,-0.520725604474618,0.22558087947478633,0.24589965967903135,10.631802565577818,False,insufficient_egarch_obs
orig E1 capped,Gross before costs,501,garch11_residual_fallback_insufficient_egarch_obs,60,ok,60,0.3376594120119203,0.9389446936994539,0.738155919224462,1.4792162993824962,-0.7145122373720223,0.2466365411817659,0.3056761376742726,4.28279954980161,False,insufficient_egarch_obs
orig E1 capped,Gross before costs,502,garch11_residual_fallback_insufficient_egarch_obs,60,ok,60,0.661480821171899,0.721279446138146,1.0353418177332476,2.5282322297659023,-0.524846039907742,0.1777458718523435,0.19768191301443228,12.661252282931589,False,insufficient_egarch_obs
orig E1 capped,Gross before costs,503,garch11_residual_fallback_insufficient_egarch_obs,60,ok,60,0.23732063575261209,0.6631808272745404,0.6241087343096253,1.2555214195453621,-0.5342106183119351,0.1856484254614822,0.19645186216050267,2.900088694250419,False,insufficient_egarch_obs
orig E1 capped,Gross before costs,504,garch11_residual_fallback_insufficient_egarch_obs,60,ok,60,1.2482972189016568,0.8858418825137543,1.3308375973559063,3.410658099580913,-0.6371762373605652,0.221208637097019,0.2380439889559637,57.44716699399343,False,insufficient_egarch_obs
orig E1 capped,Gross before costs,505,garch11_residual_fallback_insufficient_egarch_obs,60,ok,60,0.1180958944119368,0.6720160940194042,0.47257366806704304,0.903951510215058,-0.8145410996922168,0.2118710692521239,0.25843157566245345,1.7474117989675537,False,insufficient_egarch_obs
orig E1 capped,Gross before costs,506,garch11_residual_fallback_insufficient_egarch_obs,60,ok,60,1.383138223544615,0.903104199682609,1.3976928417970078,3.3786580849939165,-0.5956109611831997,0.21282601844510246,0.2999439399802043,76.86810278246051,False,insufficient_egarch_obs
orig E1 capped,Gross before costs,507,garch11_residual_fallback_insufficient_egarch_obs,60,ok,60,0.27520697664730553,0.7011970972825486,0.6670675729969147,1.328280140268216,-0.4568882097252056,0.20916693324771715,0.24914274142800394,3.3721229459171043,False,insufficient_egarch_obs
orig E1 capped,Gross before costs,508,garch11_residual_fallback_insufficient_egarch_obs,60,ok,60,-0.06348643306040558,0.8094677508596972,0.2892882815352264,0.5158981947156838,-0.8000532967237606,0.2359033095452564,0.33179008619076483,0.7203944629837239,False,insufficient_egarch_obs
orig E1 capped,Gross before costs,509,garch11_residual_fallback_insufficient_egarch_obs,60,ok,60,0.6100279245529368,0.6810530107227988,1.0158452387054209,2.3910245188159602,-0.7083226018360917,0.18108801645739875,0.19850210882144684,10.81849983554295,False,insufficient_egarch_obs
orig E1 capped,Gross before costs,510,garch11_residual_fallback_insufficient_egarch_obs,60,ok,60,0.5157786623307428,0.6180717159284227,0.9631605190797534,2.13741834190094,-0.3382797116521282,0.15230107523454678,0.19828813239439783,8.001638852798832,False,insufficient_egarch_obs
orig E1 capped,Gross before costs,511,garch11_residual_fallback_insufficient_egarch_obs,60,ok,60,0.33092618663953943,0.7856990638583465,0.7236354949776037,1.4669554427281355,-0.7823055556622341,0.19677358220654448,0.26108147924607283,4.176090008153982,False,insufficient_egarch_obs
orig E1 capped,Gross before costs,512,garch11_residual_fallback_insufficient_egarch_obs,60,ok,60,0.6367219813470038,1.0379118502356521,0.9687402589724131,1.9110273574170435,-0.735141025343586,0.29480921085754813,0.419294547675157,11.745582924808895,False,insufficient_egarch_obs
orig E1 capped,Gross before costs,513,garch11_residual_fallback_insufficient_egarch_obs,60,ok,60,1.0513397251861432,0.6277412920427687,1.4608181603924768,3.617497034075972,-0.3437434358811572,0.18927639912759078,0.2003566717624087,36.323522017756645,False,insufficient_egarch_obs
orig E1 capped,Gross before costs,514,garch11_residual_fallback_insufficient_egarch_obs,60,ok,60,0.16033258475653134,0.8249018324933833,0.54760044873435,1.1046812386139455,-0.774098492294041,0.22387090597541573,0.2728368393256752,2.1033543398966157,False,insufficient_egarch_obs
orig E1 capped,Gross before costs,515,garch11_residual_fallback_insufficient_egarch_obs,60,ok,60,0.4841683788534461,0.8350772547887974,0.8548100684428044,1.7872481386882133,-0.84979973196246,0.23391756163576638,0.24014825558508782,7.201382386660996,False,insufficient_egarch_obs
orig E1 capped,Gross before costs,516,garch11_residual_fallback_insufficient_egarch_obs,60,ok,60,2.5269518560349495,0.8598523622959345,1.9193666075813165,5.567097560340963,-0.43279566757073007,0.20776707805514,0.23626429955184616,545.7549171124853,False,insufficient_egarch_obs
orig E1 capped,Gross before costs,517,garch11_residual_fallback_insufficient_egarch_obs,60,ok,60,0.39998418906130384,0.8867112483698514,0.7820473464583602,1.6011807418687791,-0.8766398931701989,0.24806547534094928,0.2507701856683772,5.377936310349055,False,insufficient_egarch_obs
orig E1 capped,Gross before costs,518,garch11_residual_fallback_insufficient_egarch_obs,60,ok,60,0.6696627084171223,0.7282028483121258,1.0573665424143472,2.172945107900211,-0.6409202163925735,0.20578784808879988,0.2874231862294372,12.976086650607895,False,insufficient_egarch_obs
orig E1 capped,Gross before costs,519,garch11_residual_fallback_insufficient_egarch_obs,60,ok,60,-0.3448416510103678,0.7127828393278193,-0.2510067295599379,-0.3883917897544626,-0.9214225486812502,0.27594742012480594,0.3099347821125808,0.12070670615376329,False,insufficient_egarch_obs
orig E1 capped,Gross before costs,520,garch11_residual_fallback_insufficient_egarch_obs,60,ok,60,0.8356904296163679,0.6423490963577114,1.2535308300827037,3.2209164167091764,-0.3706012369038212,0.15544847909969603,0.17168742215260238,20.844775333300333,False,insufficient_egarch_obs
orig E1 capped,Gross before costs,521,garch11_residual_fallback_insufficient_egarch_obs,60,ok,60,0.6900799929452377,0.8291930291662523,1.0325428165691526,2.063765361189003,-0.46974172500982936,0.24715642509724708,0.3336982326893543,13.7891121289206,False,insufficient_egarch_obs
orig E1 capped,Gross before costs,522,garch11_residual_fallback_insufficient_egarch_obs,60,ok,60,0.19181395982562366,0.7406218917192848,0.564872508208518,1.177336456416778,-0.6516886737842963,0.1905547470932637,0.20849446682287934,2.404597217624782,False,insufficient_egarch_obs
orig E1 capped,Gross before costs,523,garch11_residual_fallback_insufficient_egarch_obs,60,ok,60,1.3900803902098091,0.8026141819972605,1.4795726367343114,3.816279236211971,-0.3370504966999127,0.2078776883587392,0.21582364260880613,77.99424229575752,False,insufficient_egarch_obs
orig E1 capped,Gross before costs,524,garch11_residual_fallback_insufficient_egarch_obs,60,ok,60,0.4315109493271463,0.6026006098509559,0.8726193346628202,2.0122826344147784,-0.5739736881064981,0.15100268310244977,0.16773615856020474,6.011368773064758,False,insufficient_egarch_obs
orig E1 capped,Gross before costs,525,garch11_residual_fallback_insufficient_egarch_obs,60,ok,60,0.35834327497148655,0.8141598363907346,0.753026051408812,1.4714810930004225,-0.6470275366177183,0.23041524097517957,0.2608079533320415,4.624317927606377,False,insufficient_egarch_obs
orig E1 capped,Gross before costs,526,garch11_residual_fallback_insufficient_egarch_obs,60,ok,60,1.2114740202127314,0.714323493916257,1.4681449141005576,3.6846136660361126,-0.42195108459903097,0.17037023308585056,0.21009381189795584,52.89434076925823,False,insufficient_egarch_obs
orig E1 capped,Gross before costs,527,garch11_residual_fallback_insufficient_egarch_obs,60,ok,60,0.10722336718088998,0.7319200596611528,0.46895408771543995,0.9244451797508653,-0.8102603319379285,0.21129595418122202,0.26075317945650694,1.6640877111715964,False,insufficient_egarch_obs
orig E1 capped,Gross before costs,528,garch11_residual_fallback_insufficient_egarch_obs,60,ok,60,0.07462198291729072,0.615844867205027,0.3996360821370416,0.7500234451561557,-0.766344006283928,0.20914181556752173,0.2490023491192003,1.4331069500087155,False,insufficient_egarch_obs
orig E1 capped,Gross before costs,529,garch11_residual_fallback_insufficient_egarch_obs,60,ok,60,0.4869980383023338,0.7362579116574484,0.8753989872416477,1.949146386918735,-0.5853587303300475,0.18581951565919907,0.19835226515786578,7.270294075131212,False,insufficient_egarch_obs
orig E1 capped,Gross before costs,530,garch11_residual_fallback_insufficient_egarch_obs,60,ok,60,0.14937758510238708,0.7778026389149765,0.5290319829947233,1.049311244829049,-0.84640608170724,0.21112666651476333,0.29342199480881687,2.0059200384562965,False,insufficient_egarch_obs
orig E1 capped,Gross before costs,531,garch11_residual_fallback_insufficient_egarch_obs,60,ok,60,0.36565109921842875,0.8381041936084095,0.7489752219209249,1.5800435069572505,-0.8003085140833043,0.22482666810225155,0.25709095911708113,4.750056693149018,False,insufficient_egarch_obs
orig E1 capped,Gross before costs,532,garch11_residual_fallback_insufficient_egarch_obs,60,ok,60,0.08862870863438843,0.7569335736789762,0.453796580830277,0.877430952087041,-0.7663010752195484,0.21309345628590398,0.26045054148842234,1.5289698281577546,False,insufficient_egarch_obs
orig E1 capped,Gross before costs,533,garch11_residual_fallback_insufficient_egarch_obs,60,ok,60,0.39104148550885354,0.7051282313579122,0.795955989155426,1.6130364312608652,-0.8588528973912051,0.1931943330819818,0.20580559971251963,5.208353003663205,False,insufficient_egarch_obs
orig E1 capped,Gross before costs,534,garch11_residual_fallback_insufficient_egarch_obs,60,ok,60,0.4166200230263024,0.8199932827456365,0.8008243382189311,1.6568423626988127,-0.7843489752865788,0.24450306817371104,0.2882958086653542,5.7051475372229,False,insufficient_egarch_obs
orig E1 capped,Gross before costs,535,garch11_residual_fallback_insufficient_egarch_obs,60,ok,60,0.5517006346511595,0.8925381222513165,0.8926910696565369,2.0146406180093472,-0.7944291920257003,0.22263771280291836,0.2943346678854086,8.995797875265998,False,insufficient_egarch_obs
orig E1 capped,Gross before costs,536,garch11_residual_fallback_insufficient_egarch_obs,60,ok,60,0.5496102396182603,0.7145379666762913,0.9433387968996579,2.1247433687864543,-0.6587572866755612,0.17949752563929633,0.22079774177447886,8.935366846336649,False,insufficient_egarch_obs
orig E1 capped,Gross before costs,537,garch11_residual_fallback_insufficient_egarch_obs,60,ok,60,0.5467921162090266,0.670434151505708,0.9640575095958984,2.1367113282370314,-0.5332836186823953,0.1848418133567533,0.20363077002723654,8.854412474824997,False,insufficient_egarch_obs
orig E1 capped,Gross before costs,538,garch11_residual_fallback_insufficient_egarch_obs,60,ok,60,0.4371203416776044,0.7611941971001093,0.825302912655399,1.766952581127049,-0.6003209191314653,0.19364946707383227,0.24369374727687684,6.130073519958393,False,insufficient_egarch_obs
orig E1 capped,Gross before costs,539,garch11_residual_fallback_insufficient_egarch_obs,60,ok,60,1.2590240486020545,0.656723363383731,1.5747948093246222,4.178420843860294,-0.4125664454580147,0.164477040466823,0.18902836804161915,58.83073459678518,False,insufficient_egarch_obs
orig E1 capped,Gross before costs,540,garch11_residual_fallback_insufficient_egarch_obs,60,ok,60,0.09118780788996683,0.8709229154633531,0.49505823942177385,0.9324870777809231,-0.7701609838334698,0.24593420541845037,0.2693067256061978,1.5470256850935977,False,insufficient_egarch_obs
orig E1 capped,Gross before costs,541,garch11_residual_fallback_insufficient_egarch_obs,60,ok,60,0.20577146139165792,0.7487456587052989,0.588281173135829,1.1822033181396308,-0.6734867111286997,0.20660224841889024,0.25326279512243105,2.5487368794819836,False,insufficient_egarch_obs
orig E1 capped,Gross before costs,542,garch11_residual_fallback_insufficient_egarch_obs,60,ok,60,0.6406903869496119,0.779248615256151,1.004516564403372,2.127718513603841,-0.8511075075728644,0.191556854544014,0.25732628211272524,11.888667132336483,False,insufficient_egarch_obs
orig E1 capped,Gross before costs,543,garch11_residual_fallback_insufficient_egarch_obs,60,ok,60,0.17415981081121457,0.7850755150961706,0.5660856855848266,1.0701275038678535,-0.5968770010262873,0.2559254067614918,0.31637367624953855,2.231701247712783,False,insufficient_egarch_obs
orig E1 capped,Gross before costs,544,garch11_residual_fallback_insufficient_egarch_obs,60,ok,60,0.13673312221426825,0.7439580196400416,0.4937303034207133,1.051787438834647,-0.7346950366414232,0.21126016852242255,0.22191622589326632,1.89798411543766,False,insufficient_egarch_obs
orig E1 capped,Gross before costs,545,garch11_residual_fallback_insufficient_egarch_obs,60,ok,60,-0.15966120075495338,0.8137924478190967,0.16680798257597157,0.2812028446022132,-0.8821118406185041,0.24783266184623992,0.35910822720839963,0.4190560152138104,False,insufficient_egarch_obs
orig E1 capped,Gross before costs,546,garch11_residual_fallback_insufficient_egarch_obs,60,ok,60,1.0122343555250062,0.5886280469704734,1.4819256279746267,4.3171989358525416,-0.4038559835672584,0.1309705959008523,0.1511986859338534,32.99079627198971,False,insufficient_egarch_obs
orig E1 capped,Gross before costs,547,garch11_residual_fallback_insufficient_egarch_obs,60,ok,60,1.684293878186296,1.0207302180030395,1.4649107270628354,3.3665847690230786,-0.6180930179009189,0.29099125824850436,0.3566141894814514,139.36390430352398,False,insufficient_egarch_obs
orig E1 capped,Gross before costs,548,garch11_residual_fallback_insufficient_egarch_obs,60,ok,60,1.0764932404760859,0.8678320092192602,1.2479617568199841,3.064365779158365,-0.4349136014093057,0.21671585271503505,0.22452481439359828,38.605804629724084,False,insufficient_egarch_obs
orig E1 capped,Gross before costs,549,garch11_residual_fallback_insufficient_egarch_obs,60,ok,60,1.9761536223348943,0.8758459409966601,1.6951363799384669,4.319476666060491,-0.38300030020569364,0.20926972762527382,0.26451322887978307,233.49453689359547,False,insufficient_egarch_obs
orig E1 capped,Gross before costs,550,garch11_residual_fallback_insufficient_egarch_obs,60,ok,60,0.4531916578237323,0.7524100672660289,0.8446563431692623,1.7633080782934303,-0.6692148870766674,0.2010235626092727,0.21646136508670058,6.480589017277025,False,insufficient_egarch_obs
orig E1 capped,Gross before costs,551,garch11_residual_fallback_insufficient_egarch_obs,60,ok,60,0.7845016549610031,0.5996389708282069,1.2568177498275765,3.1774115769076166,-0.39986782082850947,0.135958603851353,0.1665609132596017,18.096091157173333,False,insufficient_egarch_obs
orig E1 capped,Gross before costs,552,garch11_residual_fallback_insufficient_egarch_obs,60,ok,60,1.2996822366812602,0.760485817719648,1.4708328230250618,3.6727399228399813,-0.44388590821374707,0.19272820307300476,0.21298146943603083,64.31898068131206,False,insufficient_egarch_obs
orig E1 capped,Gross before costs,553,garch11_residual_fallback_insufficient_egarch_obs,60,ok,60,0.6471254175909456,0.7597396886895648,1.012413393483367,2.2122983857538623,-0.6876345125476703,0.18919457510627552,0.21986286429581856,12.123648746821063,False,insufficient_egarch_obs
orig E1 capped,Gross before costs,554,garch11_residual_fallback_insufficient_egarch_obs,60,ok,60,0.386772630146176,0.6891311232499773,0.7958225888257898,1.6260592017511755,-0.6878311946617763,0.18899781161367893,0.25608892743779654,5.128924526676211,False,insufficient_egarch_obs
orig E1 capped,Gross before costs,555,garch11_residual_fallback_insufficient_egarch_obs,60,ok,60,0.38995738815838954,0.6950066347236366,0.7955269966960076,1.6594227567762692,-0.5131174405161405,0.17539183948654533,0.2300195330854009,5.188089166421538,False,insufficient_egarch_obs
orig E1 capped,Gross before costs,556,garch11_residual_fallback_insufficient_egarch_obs,60,ok,60,0.43457926796170354,0.6703230942245929,0.8496792642601855,1.7915941270440316,-0.7134702330325794,0.2049686335987449,0.21340939729946543,6.076069759483404,False,insufficient_egarch_obs
orig E1 capped,Gross before costs,557,garch11_residual_fallback_insufficient_egarch_obs,60,ok,60,-0.09195161154859344,0.6948127343737293,0.17938166338917869,0.32056988377917417,-0.84678864769247,0.2064405133657672,0.25225724837473,0.6173692012385203,False,insufficient_egarch_obs
orig E1 capped,Gross before costs,558,garch11_residual_fallback_insufficient_egarch_obs,60,ok,60,0.36694621373104885,0.632339858073174,0.7863105814251355,1.6939176418508826,-0.47622758515141783,0.17822837003330286,0.19019683468917017,4.772623023135709,False,insufficient_egarch_obs
orig E1 capped,Gross before costs,559,garch11_residual_fallback_insufficient_egarch_obs,60,ok,60,1.6082883905259422,0.7034470790746928,1.7396848190194112,4.291821885384398,-0.5498020801830807,0.169076189727374,0.23333740359127011,120.71967058481678,False,insufficient_egarch_obs
orig E1 capped,Gross before costs,560,garch11_residual_fallback_insufficient_egarch_obs,60,ok,60,0.0032096726176935597,0.6896106805109853,0.3093742259514982,0.6048843544139259,-0.818802707684861,0.19793209830796962,0.20902197105014456,1.0161517142630114,False,insufficient_egarch_obs
orig E1 capped,Gross before costs,561,garch11_residual_fallback_insufficient_egarch_obs,60,ok,60,0.1893186695214908,0.6139591094553469,0.5624116950292972,1.104913823930289,-0.5834296259708612,0.16467920028647293,0.18680578650223645,2.379529984501978,False,insufficient_egarch_obs
orig E1 capped,Gross before costs,562,garch11_residual_fallback_insufficient_egarch_obs,60,ok,60,0.6783213418099325,0.6675533295850931,1.0926958219834673,2.4924900569485167,-0.5132162687831451,0.17325922964636545,0.2091203544176091,13.316055170605496,False,insufficient_egarch_obs
orig E1 capped,Gross before costs,563,garch11_residual_fallback_insufficient_egarch_obs,60,ok,60,0.07832183475671384,0.9300523526255718,0.5042004308783007,0.9619876105328277,-0.9193487624854518,0.256246884882711,0.37007962939732847,1.45794787178008,False,insufficient_egarch_obs
orig E1 capped,Gross before costs,564,garch11_residual_fallback_insufficient_egarch_obs,60,ok,60,0.2627066549199195,0.8678030741723932,0.6642389278416662,1.3165955834267489,-0.6879344013607194,0.24603312125228244,0.30764322890527684,3.210054063419874,False,insufficient_egarch_obs
orig E1 capped,Gross before costs,565,garch11_residual_fallback_insufficient_egarch_obs,60,ok,60,0.508185383533925,0.9314592708187076,0.8588309451177839,1.8454539000366186,-0.5485859462408424,0.2409269322104684,0.2526130747685627,7.803216160962064,False,insufficient_egarch_obs
orig E1 capped,Gross before costs,566,garch11_residual_fallback_insufficient_egarch_obs,60,ok,60,0.786503263089342,0.9179566513331467,1.0446069424119047,2.47569747594753,-0.6591792660716815,0.22988976479876447,0.2590697749145751,18.197807595302816,False,insufficient_egarch_obs
orig E1 capped,Gross before costs,567,garch11_residual_fallback_insufficient_egarch_obs,60,ok,60,0.6475476590895444,0.851740850592312,0.9762678827570097,2.1836600006300837,-0.7424396705692051,0.22016349539172164,0.31921711892925875,12.139196235814909,False,insufficient_egarch_obs
orig E1 capped,Gross before costs,568,garch11_residual_fallback_insufficient_egarch_obs,60,ok,60,0.4745697621840015,0.8160017707591399,0.8481401458208587,1.8402500705025517,-0.6395073293328107,0.21385610282161205,0.2635862102186943,6.97150622755501,False,insufficient_egarch_obs
orig E1 capped,Gross before costs,569,garch11_residual_fallback_insufficient_egarch_obs,60,ok,60,0.47372205235835607,0.6592890911374353,0.8954826676620107,1.9181768395114553,-0.43454029689862106,0.19188691974960576,0.24579868221337095,6.951490140681143,False,insufficient_egarch_obs
orig E1 capped,Gross before costs,570,garch11_residual_fallback_insufficient_egarch_obs,60,ok,60,0.9729342862635169,0.8011498246375137,1.2332288774425908,2.8487975547496585,-0.6260332445655263,0.20673147641075185,0.2512162109338815,29.89255939905883,False,insufficient_egarch_obs
orig E1 capped,Gross before costs,571,garch11_residual_fallback_insufficient_egarch_obs,60,ok,60,0.3191831902167963,0.6908391244592443,0.7137365969949243,1.5245567553084902,-0.5651355149044728,0.17885265371795117,0.1900872444140569,3.9950805785943957,False,insufficient_egarch_obs
orig E1 capped,Gross before costs,572,garch11_residual_fallback_insufficient_egarch_obs,60,ok,60,0.9935314994051501,0.7071785993447572,1.3261917090676896,2.9982553120208695,-0.5033861961532914,0.18235644605422185,0.2249505392435247,31.485856463832743,False,insufficient_egarch_obs
orig E1 capped,Gross before costs,573,garch11_residual_fallback_insufficient_egarch_obs,60,ok,60,2.168478674123466,0.7097385046311775,2.020251495327182,5.9052711891279355,-0.2548865373978363,0.16670229948990992,0.18109820113126984,319.34045663385984,False,insufficient_egarch_obs
orig E1 capped,Gross before costs,574,garch11_residual_fallback_insufficient_egarch_obs,60,ok,60,-0.2094164447411514,0.7477174230169844,0.025952098489535537,0.04523709514943656,-0.8706037418857852,0.2173701117922173,0.3015495991597627,0.3088437963496269,False,insufficient_egarch_obs
orig E1 capped,Gross before costs,575,garch11_residual_fallback_insufficient_egarch_obs,60,ok,60,0.7008931679982431,0.8090444105254813,1.0329516039090267,2.3228103375979985,-0.6658522329363523,0.18811643534604705,0.2864870245677003,14.235908356199937,False,insufficient_egarch_obs
orig E1 capped,Gross before costs,576,garch11_residual_fallback_insufficient_egarch_obs,60,ok,60,1.4851207525415817,0.8177591258656466,1.5116283640515922,4.097279346639841,-0.5224140019944343,0.19327117675161926,0.20588056319259654,94.78453420934709,False,insufficient_egarch_obs
orig E1 capped,Gross before costs,577,garch11_residual_fallback_insufficient_egarch_obs,60,ok,60,0.7203464028427029,0.7164977613243466,1.0955366747366657,2.4881446255192996,-0.36701857423438244,0.19917804812987674,0.23688143550175145,15.068829484837869,False,insufficient_egarch_obs
orig E1 capped,Gross before costs,578,garch11_residual_fallback_insufficient_egarch_obs,60,ok,60,0.3238805692020754,0.8281351602824807,0.7120986238673473,1.4846676988225207,-0.6960770965257549,0.21353451855688121,0.27217325436805834,4.066717831791157,False,insufficient_egarch_obs
orig E1 capped,Gross before costs,579,garch11_residual_fallback_insufficient_egarch_obs,60,ok,60,1.0704918073815017,0.7062292366366345,1.379739573591087,3.356651655829898,-0.5022344242195356,0.16827292586212225,0.21317139135294041,38.05113206201633,False,insufficient_egarch_obs
orig E1 capped,Gross before costs,580,garch11_residual_fallback_insufficient_egarch_obs,60,ok,60,1.3382885195728984,0.8704278453871099,1.4021233781155638,3.317504886138969,-0.5915635955656858,0.23427821000101007,0.25519413236140315,69.90214247652798,False,insufficient_egarch_obs
orig E1 capped,Gross before costs,581,garch11_residual_fallback_insufficient_egarch_obs,60,ok,60,0.680665063207192,0.7248498931751679,1.0610686834105847,2.2930513109452733,-0.5754528600241413,0.2034009402607872,0.2411216033583877,13.409292411648549,False,insufficient_egarch_obs
orig E1 capped,Gross before costs,582,garch11_residual_fallback_insufficient_egarch_obs,60,ok,60,0.24762196342623688,0.8000804650185871,0.643570420432458,1.2630198031772468,-0.6113859014490328,0.21261085490788947,0.2827838533838131,3.0228392861567603,False,insufficient_egarch_obs
orig E1 capped,Gross before costs,583,garch11_residual_fallback_insufficient_egarch_obs,60,ok,60,0.3047051456397225,0.7008740117011911,0.7008782801800738,1.4348515535543944,-0.7272857678042395,0.19541859289703148,0.24454590731352122,3.7806099764229435,False,insufficient_egarch_obs
orig E1 capped,Gross before costs,584,garch11_residual_fallback_insufficient_egarch_obs,60,ok,60,1.7652689747976997,0.9414333391166813,1.540661060313532,3.971641872819714,-0.5258115058950561,0.23079525565789957,0.3018856726472303,161.69139401680022,False,insufficient_egarch_obs
orig E1 capped,Gross before costs,585,garch11_residual_fallback_insufficient_egarch_obs,60,ok,60,0.7826022766872549,0.8431522630753256,1.0751905864719176,2.472311477814774,-0.4617846383456743,0.21318595986105668,0.2465345663108965,17.999990847603748,False,insufficient_egarch_obs
orig E1 capped,Gross before costs,586,garch11_residual_fallback_insufficient_egarch_obs,60,ok,60,2.110880764036453,0.9006902858873805,1.7140387004138664,4.69853784665393,-0.6100350351562711,0.20610615937834764,0.2121322687414415,291.3512109243834,False,insufficient_egarch_obs
orig E1 capped,Gross before costs,587,garch11_residual_fallback_insufficient_egarch_obs,60,ok,60,-0.03403965598255987,0.7491257370808133,0.28886624475912,0.5515280467360755,-0.9097837451325598,0.1984503474118759,0.223586568592526,0.8410009522135065,False,insufficient_egarch_obs
orig E1 capped,Gross before costs,588,garch11_residual_fallback_insufficient_egarch_obs,60,ok,60,0.8040750306770483,0.8611742536529284,1.0874993061207339,2.4266722937498777,-0.6598667744168564,0.2317872814630586,0.2368927156532492,19.110540859781114,False,insufficient_egarch_obs
orig E1 capped,Gross before costs,589,garch11_residual_fallback_insufficient_egarch_obs,60,ok,60,-0.23273801660019766,0.909237806845611,0.12222569470777715,0.21461403022329528,-0.8640430557426603,0.2658628424830208,0.3418914407293174,0.26590003879495455,False,insufficient_egarch_obs
orig E1 capped,Gross before costs,590,garch11_residual_fallback_insufficient_egarch_obs,60,ok,60,0.4182548174735299,0.9855309391827132,0.8076691562236579,1.6210824366808168,-0.792089516598208,0.27846257295521604,0.35218917311990167,5.7381426048458914,False,insufficient_egarch_obs
orig E1 capped,Gross before costs,591,garch11_residual_fallback_insufficient_egarch_obs,60,ok,60,0.5310753647885851,0.7083392098414308,0.9321956325485095,2.0051876880125357,-0.5512809508279528,0.18611692085506393,0.20892042589278872,8.413619034834449,False,insufficient_egarch_obs
orig E1 capped,Gross before costs,592,garch11_residual_fallback_insufficient_egarch_obs,60,ok,60,1.1634630781568038,0.7858362325717484,1.3635570522819747,3.3740492933701036,-0.5568140969545512,0.19006092668526414,0.19654251613511953,47.39662737392837,False,insufficient_egarch_obs
orig E1 capped,Gross before costs,593,garch11_residual_fallback_insufficient_egarch_obs,60,ok,60,1.2649452863689876,0.7308188692255423,1.481014999456923,3.7820515114810935,-0.33118561333046037,0.18682894473467235,0.2152705046095493,59.60580761768425,False,insufficient_egarch_obs
orig E1 capped,Gross before costs,594,garch11_residual_fallback_insufficient_egarch_obs,60,ok,60,0.6983429930387299,0.9800486984660878,0.9862352211097944,2.1663418079986796,-0.562531375525348,0.24145773779716065,0.2974764595965848,14.129507324243352,False,insufficient_egarch_obs
orig E1 capped,Gross before costs,595,garch11_residual_fallback_insufficient_egarch_obs,60,ok,60,1.0299616631768025,0.9837345220209457,1.1966669102906007,2.5231470834330048,-0.7311369681327835,0.26181751707401046,0.38558130589693995,34.46983310270225,False,insufficient_egarch_obs
orig E1 capped,Gross before costs,596,garch11_residual_fallback_insufficient_egarch_obs,60,ok,60,0.9792488537077857,0.8082969164692135,1.2339262230376422,2.7588930063574373,-0.5363556213148322,0.20604383319894903,0.253745198181291,30.374001526716366,False,insufficient_egarch_obs
orig E1 capped,Gross before costs,597,garch11_residual_fallback_insufficient_egarch_obs,60,ok,60,-0.049939327600668104,0.8580696848609681,0.32880679498311144,0.6016958293196194,-0.8628178671023825,0.2474105884105174,0.28426073044798655,0.7740280593054817,False,insufficient_egarch_obs
orig E1 capped,Gross before costs,598,garch11_residual_fallback_insufficient_egarch_obs,60,ok,60,2.208526358981427,0.6543772822432367,2.159744349735058,6.7568857676541505,-0.24729560656567007,0.13986063022626882,0.18428463796853203,340.0384731974785,False,insufficient_egarch_obs
orig E1 capped,Gross before costs,599,garch11_residual_fallback_insufficient_egarch_obs,60,ok,60,0.6178887473967518,0.8589133385854124,0.9684790600546413,1.9513923225154317,-0.731472947712864,0.2284489324966815,0.31035179255032697,11.085193342049157,False,insufficient_egarch_obs
orig E1 capped,Gross before costs,600,garch11_residual_fallback_insufficient_egarch_obs,60,ok,60,-0.18223972795407006,0.5471704031422889,-0.11036271871166431,-0.17859966235448696,-0.6762205579841511,0.2052984729947552,0.21202556549511606,0.365704277755476,False,insufficient_egarch_obs
orig E1 capped,Gross before costs,601,garch11_residual_fallback_insufficient_egarch_obs,60,ok,60,1.0324865254339164,0.7324681061944112,1.329618648208734,3.0539390511978706,-0.45337433730570675,0.19267373635644128,0.20936613335403678,34.68473457363536,False,insufficient_egarch_obs
orig E1 capped,Gross before costs,602,garch11_residual_fallback_insufficient_egarch_obs,60,ok,60,0.892669259772594,0.9063697589913757,1.1225157955712808,2.5888897016074326,-0.5685446504192682,0.22897657503084973,0.2843009002948631,24.286987116762454,False,insufficient_egarch_obs
orig E1 capped,Gross before costs,603,garch11_residual_fallback_insufficient_egarch_obs,60,ok,60,1.2406787719181134,0.8426396655825465,1.3729411400188534,3.1014279235374653,-0.6099617649611476,0.22323479694919543,0.23579304374356483,56.48043052197425,False,insufficient_egarch_obs
orig E1 capped,Gross before costs,604,garch11_residual_fallback_insufficient_egarch_obs,60,ok,60,1.5959835857256213,1.0966955980531843,1.3965159474107172,3.177470666818076,-0.7992969711462101,0.2862154132183511,0.34135517123944076,117.89888844591539,False,insufficient_egarch_obs
orig E1 capped,Gross before costs,605,garch11_residual_fallback_insufficient_egarch_obs,60,ok,60,0.04697012078820473,0.7555481345029905,0.40111547639800316,0.767033227668304,-0.7962474077299554,0.24130230729541063,0.30975000364218613,1.2579733426108568,False,insufficient_egarch_obs
orig E1 capped,Gross before costs,606,garch11_residual_fallback_insufficient_egarch_obs,60,ok,60,0.6041627713464166,0.7086726321364524,1.0021457721974356,2.134854793753729,-0.4815986755643078,0.1916230829555714,0.2504010049690571,10.62287732267581,False,insufficient_egarch_obs
orig E1 capped,Gross before costs,607,garch11_residual_fallback_insufficient_egarch_obs,60,ok,60,0.3040606897143485,0.6516841807849607,0.6967770094261553,1.5911790707043691,-0.597778302336621,0.17019660594905245,0.19790529416930033,3.7712820805614102,False,insufficient_egarch_obs
orig E1 capped,Gross before costs,608,garch11_residual_fallback_insufficient_egarch_obs,60,ok,60,0.7979237706403473,0.8230485946652467,1.0981803397076495,2.4917968855813437,-0.4578891504595616,0.20168839658136528,0.22766353490592883,18.78695398523337,False,insufficient_egarch_obs
orig E1 capped,Gross before costs,609,garch11_residual_fallback_insufficient_egarch_obs,60,ok,60,0.10906214293608985,0.7093645271342522,0.4647364552034337,0.9149114108991272,-0.8417694247488828,0.19566795015853705,0.2024740850476864,1.6779515090051391,False,insufficient_egarch_obs
orig E1 capped,Gross before costs,610,garch11_residual_fallback_insufficient_egarch_obs,60,ok,60,0.6911638968826153,0.846199419820477,1.0076489871243957,2.308867979161802,-0.6170684499049535,0.20012516230740848,0.27685118026547406,13.83338593876381,False,insufficient_egarch_obs
orig E1 capped,Gross before costs,611,garch11_residual_fallback_insufficient_egarch_obs,60,ok,60,0.8233644050669533,0.878806590739127,1.101778884081794,2.3825471174551898,-0.6506867028761799,0.22302011130749896,0.3598742986427319,20.154283449775388,False,insufficient_egarch_obs
orig E1 capped,Gross before costs,612,garch11_residual_fallback_insufficient_egarch_obs,60,ok,60,0.5209548793956809,0.730776922368721,0.9131327017030475,1.9653351814674263,-0.6673959040019264,0.20310693132465502,0.2612662503479188,8.139198727365713,False,insufficient_egarch_obs
orig E1 capped,Gross before costs,613,garch11_residual_fallback_insufficient_egarch_obs,60,ok,60,0.3025092891531538,0.5785972722750974,0.7238759596829535,1.503725875088056,-0.6123085520082663,0.1641423729668292,0.19395963769630611,3.748902505835592,False,insufficient_egarch_obs
orig E1 capped,Gross before costs,614,garch11_residual_fallback_insufficient_egarch_obs,60,ok,60,2.20879729186095,0.9628080189677944,1.71408113200568,3.9353406998191884,-0.6870668343998976,0.2569282912774547,0.2629441033442515,340.1820642927172,False,insufficient_egarch_obs
orig E1 capped,Gross before costs,615,garch11_residual_fallback_insufficient_egarch_obs,60,ok,60,0.013531502921807048,0.7476082789444524,0.36379842273272334,0.6496003987609682,-0.7236927953204841,0.22565316666501434,0.29390576404011554,1.0695134748013242,False,insufficient_egarch_obs
orig E1 capped,Gross before costs,616,garch11_residual_fallback_insufficient_egarch_obs,60,ok,60,0.1601878811940911,0.6580574964943088,0.5273685023420577,1.0175715569417114,-0.5646409543503204,0.19731040266512329,0.2440198764320435,2.1020431341004078,False,insufficient_egarch_obs
orig E1 capped,Gross before costs,617,garch11_residual_fallback_insufficient_egarch_obs,60,ok,60,0.4626116955096429,0.823434261892051,0.8423763744378185,1.7382778253312494,-0.6677676541995634,0.2138614488559899,0.30055667773096395,6.693375801816947,False,insufficient_egarch_obs
orig E1 capped,Gross before costs,618,garch11_residual_fallback_insufficient_egarch_obs,60,ok,60,1.195831795620899,0.8646476803088908,1.3254897046479759,3.188453770085378,-0.46451451532728083,0.20904639355663515,0.276010978654168,51.049953031595024,False,insufficient_egarch_obs
orig E1 capped,Gross before costs,619,garch11_residual_fallback_insufficient_egarch_obs,60,ok,60,0.6130140464860712,0.7758961378212544,0.9770212208007324,2.118764764948979,-0.638750591897651,0.18978570668766087,0.2506253634372806,10.919198137842589,False,insufficient_egarch_obs
orig E1 capped,Gross before costs,620,garch11_residual_fallback_insufficient_egarch_obs,60,ok,60,0.6350976264208867,0.7766737121509879,0.9984651309919491,2.154224405126498,-0.561454346544626,0.20476233383116815,0.2786822300449076,11.687414330519978,False,insufficient_egarch_obs
orig E1 capped,Gross before costs,621,garch11_residual_fallback_insufficient_egarch_obs,60,ok,60,2.1077516025069856,0.773360082219568,1.8838127316618647,4.857466618938324,-0.6109267010285271,0.20484201434124413,0.21909576401589745,289.8888392861049,False,insufficient_egarch_obs
orig E1 capped,Gross before costs,622,garch11_residual_fallback_insufficient_egarch_obs,60,ok,60,0.6261283280314884,0.9222143853526901,0.9537726946669512,2.020426725262489,-0.7088362771008179,0.225200573168986,0.35894384562984705,11.370356397525068,False,insufficient_egarch_obs
orig E1 capped,Gross before costs,623,garch11_residual_fallback_insufficient_egarch_obs,60,ok,60,-0.024296472562145732,0.6611855435642199,0.26944310657947296,0.4745879712058649,-0.8115146406596769,0.19400088508489477,0.26435342106100473,0.8842791303007204,False,insufficient_egarch_obs
orig E1 capped,Gross before costs,624,garch11_residual_fallback_insufficient_egarch_obs,60,ok,60,0.5679472139590835,0.7740177949487751,0.941329629681282,2.032813313283624,-0.7440262535618575,0.19997769871709467,0.25154667465793534,9.476701227928379,False,insufficient_egarch_obs
orig E1 capped,Gross before costs,625,garch11_residual_fallback_insufficient_egarch_obs,60,ok,60,1.7025974061138474,0.6875050001335106,1.8107053649987088,5.099603173914403,-0.3875695541992533,0.16649919373082883,0.17356891811447248,144.18058324658884,False,insufficient_egarch_obs
orig E1 capped,Gross before costs,626,garch11_residual_fallback_insufficient_egarch_obs,60,ok,60,0.19316779097223846,0.7279013440505991,0.5714920267397876,1.150967266686317,-0.6022975402315196,0.18417783152133682,0.23826870954399793,2.418285691898982,False,insufficient_egarch_obs
orig E1 capped,Gross before costs,627,garch11_residual_fallback_insufficient_egarch_obs,60,ok,60,0.5963481876302974,0.5495279553815113,1.1165173308505445,2.6033944667897533,-0.3204204016549904,0.15028004379114931,0.176235883265447,10.366642398629569,False,insufficient_egarch_obs
orig E1 capped,Gross before costs,628,garch11_residual_fallback_insufficient_egarch_obs,60,ok,60,2.1760364685314357,0.8509491146807292,1.8053993629176528,4.672767525586519,-0.5403521011257726,0.219099935621549,0.22609620913214434,323.1672946627325,False,insufficient_egarch_obs
orig E1 capped,Gross before costs,629,garch11_residual_fallback_insufficient_egarch_obs,60,ok,60,0.7047908851291576,0.8259345348058733,1.0484079272060283,2.0198133488055303,-0.6037578725102859,0.2754833041252177,0.32234398749019105,14.399770601123626,False,insufficient_egarch_obs
orig E1 capped,Gross before costs,630,garch11_residual_fallback_insufficient_egarch_obs,60,ok,60,0.13128462549227482,0.7946264974548817,0.5098299591336848,1.0106395134460013,-0.9320939529824058,0.2138695058207613,0.2593684725243918,1.8529317577950646,False,insufficient_egarch_obs
orig E1 capped,Gross before costs,631,garch11_residual_fallback_insufficient_egarch_obs,60,ok,60,0.5780393565256776,0.7555387725850712,0.950772292101601,2.1802045344612133,-0.7293758475069549,0.184089696623218,0.24399413892932875,9.785638135252812,False,insufficient_egarch_obs
orig E1 capped,Gross before costs,632,garch11_residual_fallback_insufficient_egarch_obs,60,ok,60,0.043834529641011644,0.6547535115442644,0.36367393971655426,0.6858933466348728,-0.645570495663566,0.20069505998275705,0.25283159915507913,1.2392481956681667,False,insufficient_egarch_obs
orig E1 capped,Gross before costs,633,garch11_residual_fallback_insufficient_egarch_obs,60,ok,60,0.6910300361315276,0.9318923748096216,0.9938472945987437,2.158424547968431,-0.6610827115888904,0.24608832561821917,0.2596190298690047,13.82791203314291,False,insufficient_egarch_obs
orig E1 capped,Gross before costs,634,garch11_residual_fallback_insufficient_egarch_obs,60,ok,60,0.0790331733847156,0.8254137312561474,0.45884050015358885,0.8958631050449873,-0.7009110340333962,0.24902257470080538,0.29761431841466374,1.462763056786375,False,insufficient_egarch_obs
orig E1 capped,Gross before costs,635,garch11_residual_fallback_insufficient_egarch_obs,60,ok,60,1.0202580699038046,0.8431427379937362,1.2499512076192505,2.681840696914224,-0.6403642966432184,0.23120539020388922,0.3460414613158496,33.65381097949204,False,insufficient_egarch_obs
orig E1 capped,Gross before costs,636,garch11_residual_fallback_insufficient_egarch_obs,60,ok,60,0.4914873905200483,0.666596553879581,0.9154725545533974,1.83206793984894,-0.5401150059565305,0.2039911116151763,0.2574085940791207,7.38070641003403,False,insufficient_egarch_obs
orig E1 capped,Gross before costs,637,garch11_residual_fallback_insufficient_egarch_obs,60,ok,60,0.48599844753232757,0.8247919775426124,0.8503401445184161,1.9054948660499205,-0.6196517655949954,0.2058907290769875,0.23407061996153966,7.245890697493608,False,insufficient_egarch_obs
orig E1 capped,Gross before costs,638,garch11_residual_fallback_insufficient_egarch_obs,60,ok,60,0.2769668072686533,1.005492424497896,0.698804213180677,1.3928283968104818,-0.8523480110105967,0.28315788865046865,0.34140585625603675,3.395455499825963,False,insufficient_egarch_obs
orig E1 capped,Gross before costs,639,garch11_residual_fallback_insufficient_egarch_obs,60,ok,60,-0.07900550069316847,0.7662340258638092,0.24212382894623807,0.4341529095120359,-0.8925110452380939,0.2106495402604792,0.2672565329364986,0.662651494489426,False,insufficient_egarch_obs
orig E1 capped,Gross before costs,640,garch11_residual_fallback_insufficient_egarch_obs,60,ok,60,1.090278063997261,0.8260216980608935,1.291987906194994,3.0304010117870535,-0.47108953508166995,0.2153688257680417,0.27334701896514796,39.90435678371044,False,insufficient_egarch_obs
orig E1 capped,Gross before costs,641,garch11_residual_fallback_insufficient_egarch_obs,60,ok,60,-0.006840865854352174,0.7384923136242442,0.33791410169779573,0.578209370603497,-0.5827428161320682,0.2485050698489796,0.30966555045344074,0.9662604547691551,False,insufficient_egarch_obs
orig E1 capped,Gross before costs,642,garch11_residual_fallback_insufficient_egarch_obs,60,ok,60,0.18334019942830682,0.7915122683318665,0.5746707974114168,1.0977864696048454,-0.5927604351101095,0.2212026592774511,0.2601360767841578,2.3203211102263226,False,insufficient_egarch_obs
orig E1 capped,Gross before costs,643,garch11_residual_fallback_insufficient_egarch_obs,60,ok,60,1.1381027270301014,0.769169079749601,1.3687668110817752,3.188654965062863,-0.5360406351852494,0.22592125136335997,0.2815998630148806,44.68305282023406,False,insufficient_egarch_obs
orig E1 capped,Gross before costs,644,garch11_residual_fallback_insufficient_egarch_obs,60,ok,60,0.44625215098768733,0.7027420933444541,0.8579964517963564,1.7100072352114708,-0.4439773436802005,0.21672845898774715,0.2791435538084374,6.327324228396412,False,insufficient_egarch_obs
orig E1 capped,Gross before costs,645,garch11_residual_fallback_insufficient_egarch_obs,60,ok,60,0.7272208346387021,0.6571976415399524,1.1437975186318907,2.7146169325551854,-0.4446347457396638,0.17596289564316997,0.18770751898169938,15.37231730228666,False,insufficient_egarch_obs
orig E1 capped,Gross before costs,646,garch11_residual_fallback_insufficient_egarch_obs,60,ok,60,0.38943637658318897,0.6960336146335907,0.8029660820278429,1.548277825534254,-0.42502268982935965,0.19445497328486,0.2524429310632799,5.178372937472249,False,insufficient_egarch_obs
orig E1 capped,Gross before costs,647,garch11_residual_fallback_insufficient_egarch_obs,60,ok,60,0.4103322314171378,0.889288708097832,0.8024237019629313,1.5688341249418227,-0.6660521871019676,0.24813531774507772,0.3298747927892223,5.579652557462347,False,insufficient_egarch_obs
orig E1 capped,Gross before costs,648,garch11_residual_fallback_insufficient_egarch_obs,60,ok,60,0.19732232238354697,0.6878742306099822,0.5810438674821017,1.1123698712372634,-0.44850138861557354,0.19540704803620434,0.2576729638536095,2.4606814591818864,False,insufficient_egarch_obs
orig E1 capped,Gross before costs,649,garch11_residual_fallback_insufficient_egarch_obs,60,ok,60,0.6503392133587811,0.7130903292654155,1.0339366443049267,2.3914550732566027,-0.3991160604358296,0.18705908199651622,0.20163172539575433,12.242386740134796,False,insufficient_egarch_obs
orig E1 capped,Gross before costs,650,garch11_residual_fallback_insufficient_egarch_obs,60,ok,60,0.21456504147919087,0.6457536651129447,0.5985242490312408,1.1730803132443746,-0.6899928331288163,0.17001134912655455,0.2481899784878987,2.643040901032998,False,insufficient_egarch_obs
orig E1 capped,Gross before costs,651,garch11_residual_fallback_insufficient_egarch_obs,60,ok,60,-0.37633854105610764,0.9038432332400156,-0.11229368003725439,-0.19083983791377618,-0.9626005556640983,0.24675511322810212,0.266092324995734,0.09435057074957734,False,insufficient_egarch_obs
orig E1 capped,Gross before costs,652,garch11_residual_fallback_insufficient_egarch_obs,60,ok,60,0.567653022498362,0.7617047306326235,0.9368334855517374,2.163715657979131,-0.5279497825569783,0.20678376176815771,0.2784221861643755,9.46781407105936,False,insufficient_egarch_obs
orig E1 capped,Gross before costs,653,garch11_residual_fallback_insufficient_egarch_obs,60,ok,60,-0.0343835285384585,0.6778971465944976,0.25350024295100654,0.47368893099537307,-0.7717770829645039,0.18945445098959113,0.26495745445037894,0.8395050765326731,False,insufficient_egarch_obs
orig E1 capped,Gross before costs,654,garch11_residual_fallback_insufficient_egarch_obs,60,ok,60,2.7660322330691622,0.8966000752133786,1.9537200728688189,5.575170808434512,-0.40347605470799497,0.19209533990525893,0.2335962567300851,757.5654572231033,False,insufficient_egarch_obs
orig E1 capped,Gross before costs,655,garch11_residual_fallback_insufficient_egarch_obs,60,ok,60,0.45735242015338495,0.750893753692605,0.8535593727023129,1.7079714793201177,-0.7166444759576625,0.23290341979482299,0.29179252122828275,6.573897564665917,False,insufficient_egarch_obs
orig E1 capped,Gross before costs,656,garch11_residual_fallback_insufficient_egarch_obs,60,ok,60,0.39806232275398656,0.676396911047712,0.8015061435950914,1.7741311332138914,-0.6195401788019286,0.18171417342986798,0.199455866782302,5.3411239789984375,False,insufficient_egarch_obs
orig E1 capped,Gross before costs,657,garch11_residual_fallback_insufficient_egarch_obs,60,ok,60,-0.021626093574011684,0.671710290709601,0.28805387538043087,0.4814134296253742,-0.6634975510281533,0.21673268498569848,0.3191068573468359,0.8964463576643886,False,insufficient_egarch_obs
orig E1 capped,Gross before costs,658,garch11_residual_fallback_insufficient_egarch_obs,60,ok,60,-0.12615297620466426,0.7865706498788725,0.17418504362096937,0.32814441558015395,-0.8894259489222563,0.22360738018078047,0.26054878835955536,0.50953856203761,False,insufficient_egarch_obs
orig E1 capped,Gross before costs,659,garch11_residual_fallback_insufficient_egarch_obs,60,ok,60,1.422698626075856,0.990240033267906,1.3832720061270323,3.001652246108494,-0.6775491706858858,0.3032929821560684,0.36374244946014583,83.46357157064347,False,insufficient_egarch_obs
orig E1 capped,Gross before costs,660,garch11_residual_fallback_insufficient_egarch_obs,60,ok,60,0.273690707501671,0.5985786499496768,0.673924230532676,1.479400908761875,-0.43936139086467263,0.1622830761930478,0.2033896385319156,3.352122658465356,False,insufficient_egarch_obs
orig E1 capped,Gross before costs,661,garch11_residual_fallback_insufficient_egarch_obs,60,ok,60,1.93823484247469,0.7633704230487632,1.8150411730182452,5.138808421240955,-0.36903538422387694,0.18208683019046032,0.18805435774463886,218.99415427019565,False,insufficient_egarch_obs
orig E1 capped,Gross before costs,662,garch11_residual_fallback_insufficient_egarch_obs,60,ok,60,0.925077925719545,0.8432757137107146,1.1683053754041073,2.797911806608715,-0.4684743009879172,0.2188143637840708,0.23057441924446728,26.43878971250746,False,insufficient_egarch_obs
orig E1 capped,Gross before costs,663,garch11_residual_fallback_insufficient_egarch_obs,60,ok,60,0.04480098077075545,0.7562598614839351,0.3995711063499453,0.7527216100776096,-0.841770574114912,0.21221695841997118,0.22409972945562492,1.2449957189038063,False,insufficient_egarch_obs
orig E1 capped,Gross before costs,664,garch11_residual_fallback_insufficient_egarch_obs,60,ok,60,0.13757990224678296,1.180292257322642,0.6720802267084428,1.202717252888158,-0.952972203797508,0.3729103283958178,0.4726252783925142,1.905063927097545,False,insufficient_egarch_obs
orig E1 capped,Gross before costs,665,garch11_residual_fallback_insufficient_egarch_obs,60,ok,60,-0.03440065449568663,0.7632825511396537,0.29904957622027756,0.5573975849168024,-0.8385931222728653,0.20885478696349252,0.29622760781749125,0.8394306328043332,False,insufficient_egarch_obs
orig E1 capped,Gross before costs,666,garch11_residual_fallback_insufficient_egarch_obs,60,ok,60,0.39560917031302134,0.7139196440915091,0.7952196292389587,1.6704276724806983,-0.8448001396864295,0.17750778886575,0.26131550385754726,5.294428313117524,False,insufficient_egarch_obs
orig E1 capped,Gross before costs,667,garch11_residual_fallback_insufficient_egarch_obs,60,ok,60,0.5332351830789186,0.9442468786280535,0.8845602193006745,1.8200931290725513,-0.7226229169018927,0.23604129270334165,0.24740686745575857,8.473130243694785,False,insufficient_egarch_obs
orig E1 capped,Gross before costs,668,garch11_residual_fallback_insufficient_egarch_obs,60,ok,60,0.4142418546729534,0.7405486337444321,0.805239268803726,1.7296324198760844,-0.6367430033249231,0.1963274488604335,0.2108473512241346,5.657420118130264,False,insufficient_egarch_obs
orig E1 capped,Gross before costs,669,garch11_residual_fallback_insufficient_egarch_obs,60,ok,60,2.3564342949906645,0.9274165250013016,1.7810376630861273,4.8049014244438775,-0.5613402777386837,0.21870159564551467,0.23961436192607122,425.9815109315397,False,insufficient_egarch_obs
orig E1 capped,Gross before costs,670,garch11_residual_fallback_insufficient_egarch_obs,60,ok,60,1.1659813575923628,0.7659921994661099,1.3855694055583032,3.336265433044974,-0.47199592377068034,0.21870239149335968,0.23246285159810828,47.6731195939823,False,insufficient_egarch_obs
orig E1 capped,Gross before costs,671,garch11_residual_fallback_insufficient_egarch_obs,60,ok,60,0.381461708011853,0.9107655774066512,0.769086292109629,1.5812402114872297,-0.7348387991111593,0.23162249664907028,0.2906914626048093,5.031462697336085,False,insufficient_egarch_obs
orig E1 capped,Gross before costs,672,garch11_residual_fallback_insufficient_egarch_obs,60,ok,60,0.49194476105672247,0.7621882493857571,0.876857364338037,1.8314847498609517,-0.5560253278867757,0.21676677441625883,0.25259124946188577,7.392029967520043,False,insufficient_egarch_obs
orig E1 capped,Gross before costs,673,garch11_residual_fallback_insufficient_egarch_obs,60,ok,60,1.425552543757215,0.8139250598621663,1.4999499906978526,3.5416445285820717,-0.6740843534896321,0.2206335760461895,0.2349484300405645,83.95632789665727,False,insufficient_egarch_obs
orig E1 capped,Gross before costs,674,garch11_residual_fallback_insufficient_egarch_obs,60,ok,60,0.5800825328906007,0.7917931306719841,0.9437105627593713,2.075383955137887,-0.7226742835333605,0.2119271978595542,0.2375825301755863,9.849152475707115,False,insufficient_egarch_obs
orig E1 capped,Gross before costs,675,garch11_residual_fallback_insufficient_egarch_obs,60,ok,60,0.6858139635440552,0.828707252905745,1.0198181457705737,2.156634549697221,-0.5979501673558927,0.22155759801074942,0.2908529765502104,13.615958962656698,False,insufficient_egarch_obs
orig E1 capped,Gross before costs,676,garch11_residual_fallback_insufficient_egarch_obs,60,ok,60,0.1836942581052612,0.8963576785989148,0.5887307905163951,1.1963372928479181,-0.7581748412013052,0.25735231022343635,0.3186033137437642,2.3237944206822627,False,insufficient_egarch_obs
orig E1 capped,Gross before costs,677,garch11_residual_fallback_insufficient_egarch_obs,60,ok,60,0.4973767790605068,0.7526425279092384,0.8768853282266071,1.9850095281846478,-0.6175148850578842,0.18228437873737033,0.22015283746921463,7.5275815576467515,False,insufficient_egarch_obs
orig E1 capped,Gross before costs,678,garch11_residual_fallback_insufficient_egarch_obs,60,ok,60,-0.34537401603495965,0.8703606635519051,-0.09087835982092077,-0.154929536910915,-0.9409510102515891,0.2564519081767333,0.3280326553146443,0.12021708649630965,False,insufficient_egarch_obs
orig E1 capped,Gross before costs,679,garch11_residual_fallback_insufficient_egarch_obs,60,ok,60,0.11827079997026058,0.8762581073028131,0.5288637270782047,1.0011550764599364,-0.8434393729859867,0.2708661712741961,0.3588278679502414,1.748778978982433,False,insufficient_egarch_obs
orig E1 capped,Gross before costs,680,garch11_residual_fallback_insufficient_egarch_obs,60,ok,60,0.8328306664248712,1.2151799120200177,1.0804872884605026,2.136616820137315,-0.8659367015755655,0.32414848780841654,0.4605034725715745,20.682913406878733,False,insufficient_egarch_obs
orig E1 capped,Gross before costs,681,garch11_residual_fallback_insufficient_egarch_obs,60,ok,60,0.7306962974975857,0.6285702139565038,1.1852037905929622,2.534455696994902,-0.7040353711151488,0.17348622258747368,0.25784210124906076,15.527599574067748,False,insufficient_egarch_obs
orig E1 capped,Gross before costs,682,garch11_residual_fallback_insufficient_egarch_obs,60,ok,60,0.37272174077081965,0.7522415129245728,0.7611894828866971,1.6346924034214216,-0.6001514577698815,0.18628200310727278,0.20535650648788403,4.87430341769197,False,insufficient_egarch_obs
orig E1 capped,Gross before costs,683,garch11_residual_fallback_insufficient_egarch_obs,60,ok,60,0.04500719204570758,0.8737357791039575,0.4435295267023647,0.8500941892061563,-0.9164560480597446,0.24526827268930165,0.2985631852427753,1.2462248214848175,False,insufficient_egarch_obs
orig E1 capped,Gross before costs,684,garch11_residual_fallback_insufficient_egarch_obs,60,ok,60,0.280396773318373,1.153427335940575,0.7374240386911618,1.4807892706468817,-0.9106736195545907,0.32289897427647474,0.4415785522219667,3.441302540682678,False,insufficient_egarch_obs
orig E1 capped,Gross before costs,685,garch11_residual_fallback_insufficient_egarch_obs,60,ok,60,1.4596721526162955,0.83946739599957,1.490377366056598,3.5672934617296392,-0.45547916650405507,0.2141220474487099,0.2318367734581764,90.02976598739467,False,insufficient_egarch_obs
orig E1 capped,Gross before costs,686,garch11_residual_fallback_insufficient_egarch_obs,60,ok,60,0.6762541472679813,0.8109655523808053,1.0166867396135064,2.198928634867149,-0.5583036018897407,0.21529276324552885,0.23546708649939233,13.23424976944092,False,insufficient_egarch_obs
orig E1 capped,Gross before costs,687,garch11_residual_fallback_insufficient_egarch_obs,60,ok,60,0.1304041237917939,0.817291559297898,0.5174297696678971,1.0194644615343291,-0.7681564370755305,0.2120498005737222,0.2623677569482589,1.8457321025135982,False,insufficient_egarch_obs
orig E1 capped,Gross before costs,688,garch11_residual_fallback_insufficient_egarch_obs,60,ok,60,0.7925598717995843,0.6879397134670805,1.189302041287516,2.490201916541356,-0.4031997679180582,0.17797615703992234,0.26061599542629954,18.50837756777017,False,insufficient_egarch_obs
orig E1 capped,Gross before costs,689,garch11_residual_fallback_insufficient_egarch_obs,60,ok,60,1.0703581397503763,0.659898672183407,1.4381620264796215,3.356136633665722,-0.5248185232189111,0.2118521238517433,0.22892357664512572,38.038851047442435,False,insufficient_egarch_obs
orig E1 capped,Gross before costs,690,garch11_residual_fallback_insufficient_egarch_obs,60,ok,60,0.916111389358518,0.649996064454153,1.3213458126128703,3.088362390531712,-0.41074479643428774,0.18349487167206707,0.2340189305711852,25.82877218020193,False,insufficient_egarch_obs
orig E1 capped,Gross before costs,691,garch11_residual_fallback_insufficient_egarch_obs,60,ok,60,1.0621414177008024,1.1283424451085216,1.1784114072370644,2.498326337020809,-0.9026171504354281,0.3031237959449852,0.38133457212996297,37.28998642439615,False,insufficient_egarch_obs
orig E1 capped,Gross before costs,692,garch11_residual_fallback_insufficient_egarch_obs,60,ok,60,0.3121519236886132,0.6523158603801132,0.7198146838415257,1.4165818274853639,-0.5064707368869423,0.1876160420846797,0.2107581494051558,3.8897403081145305,False,insufficient_egarch_obs
orig E1 capped,Gross before costs,693,garch11_residual_fallback_insufficient_egarch_obs,60,ok,60,0.5982280846429586,0.7081578110234852,0.9990338475959384,2.106232174248168,-0.5461432692245088,0.20587061014748237,0.2557813345992319,10.427826336697974,False,insufficient_egarch_obs
orig E1 capped,Gross before costs,694,garch11_residual_fallback_insufficient_egarch_obs,60,ok,60,1.0535509407523405,0.7396512686894581,1.3301780734463966,3.2733730337949263,-0.7010234600431435,0.18020837074370227,0.2222628105951663,36.51971692651689,False,insufficient_egarch_obs
orig E1 capped,Gross before costs,695,garch11_residual_fallback_insufficient_egarch_obs,60,ok,60,0.11816934808361101,0.7495993506955044,0.49250848711250456,0.939584877857409,-0.810273908410782,0.21068729340024248,0.2643733449509145,1.747985858307191,False,insufficient_egarch_obs
orig E1 capped,Gross before costs,696,garch11_residual_fallback_insufficient_egarch_obs,60,ok,60,1.1616520749683903,0.9113252254194529,1.2742371637523278,3.064971050213636,-0.6479675707851743,0.22576988413265564,0.23523681520610684,47.19858410427092,False,insufficient_egarch_obs
orig E1 capped,Gross before costs,697,garch11_residual_fallback_insufficient_egarch_obs,60,ok,60,0.32025910378417377,0.8748541995056438,0.7024265054890048,1.50925034779227,-0.6210528328731107,0.23805416539542704,0.26726974342427523,4.011398928302405,False,insufficient_egarch_obs
orig E1 capped,Gross before costs,698,garch11_residual_fallback_insufficient_egarch_obs,60,ok,60,0.44536616758422665,0.6690783185228648,0.8676520041296061,1.8078494925183075,-0.5956178648528699,0.21616374865168478,0.2778950050578365,6.307967161127964,False,insufficient_egarch_obs
orig E1 capped,Gross before costs,699,garch11_residual_fallback_insufficient_egarch_obs,60,ok,60,0.37267669916683754,0.8181205406257295,0.7567367799566164,1.6096998716887856,-0.6715313766869819,0.20322654444862157,0.25150137138543543,4.87350379446641,False,insufficient_egarch_obs
orig E1 capped,Gross before costs,700,garch11_residual_fallback_insufficient_egarch_obs,60,ok,60,0.37107968256723556,0.7506702111715438,0.7615768596709362,1.6064427245109876,-0.5519119316735666,0.21300174865896682,0.23891922894745402,4.845219722272298,False,insufficient_egarch_obs
orig E1 capped,Gross before costs,701,garch11_residual_fallback_insufficient_egarch_obs,60,ok,60,1.2590727175636918,0.784172660351027,1.4380881079465087,3.150993451718817,-0.5989542506932033,0.19669284586592437,0.27199990946822533,58.837072187883166,False,insufficient_egarch_obs
orig E1 capped,Gross before costs,702,garch11_residual_fallback_insufficient_egarch_obs,60,ok,60,0.13983673947129538,0.785146710105639,0.5252707574527196,0.9954702074517054,-0.7381332812295774,0.2073612268181055,0.283285697484422,1.9240362745907789,False,insufficient_egarch_obs
orig E1 capped,Gross before costs,703,garch11_residual_fallback_insufficient_egarch_obs,60,ok,60,0.4492170649716414,0.7855749506098273,0.8372388036769857,1.718749007277391,-0.6830039525243319,0.20687480041338027,0.2868389286845912,6.39244789416401,False,insufficient_egarch_obs
orig E1 capped,Gross before costs,704,garch11_residual_fallback_insufficient_egarch_obs,60,ok,60,0.7619343527478708,0.9790813826539574,1.0235839055378848,2.2873734630006552,-0.5450837264445741,0.2524630134847649,0.29417015403108876,16.98042734154477,False,insufficient_egarch_obs
orig E1 capped,Gross before costs,705,garch11_residual_fallback_insufficient_egarch_obs,60,ok,60,3.236162393103757,0.8288245477847441,2.210834799690978,7.023013635255367,-0.3104067587118008,0.19405081057456913,0.22695093259533902,1364.1527475699233,False,insufficient_egarch_obs
orig E1 capped,Gross before costs,706,garch11_residual_fallback_insufficient_egarch_obs,60,ok,60,1.2266184868834022,0.8800981481506016,1.3237096210803587,3.4104071204571706,-0.601207785646598,0.20301454896294072,0.22050682691122017,54.73045425759256,False,insufficient_egarch_obs
orig E1 capped,Gross before costs,707,garch11_residual_fallback_insufficient_egarch_obs,60,ok,60,0.6111041189319835,0.7526595167816393,0.9920993970881264,2.0780847075888844,-0.5167834068561012,0.21135839295547862,0.3259443646228731,10.854705368990814,False,insufficient_egarch_obs
orig E1 capped,Gross before costs,708,garch11_residual_fallback_insufficient_egarch_obs,60,ok,60,0.28075422190800836,0.8017001862878518,0.6673681702184434,1.3732990908003209,-0.7487795506137681,0.24171572566724586,0.288981801663104,3.4461087685850753,False,insufficient_egarch_obs
orig E1 capped,Gross before costs,709,garch11_residual_fallback_insufficient_egarch_obs,60,ok,60,0.292321495729025,0.5921772872133894,0.7079527981325027,1.4267363123222918,-0.40812836776503925,0.17613573894218593,0.20264149121550135,3.6045648299849784,False,insufficient_egarch_obs
orig E1 capped,Gross before costs,710,garch11_residual_fallback_insufficient_egarch_obs,60,ok,60,0.23899387758532775,0.7072386384820711,0.6279216615305903,1.2227789490617833,-0.6899227960403085,0.1934235586740795,0.2330571306685403,2.919750904878676,False,insufficient_egarch_obs
orig E1 capped,Gross before costs,711,garch11_residual_fallback_insufficient_egarch_obs,60,ok,60,1.268805267256667,0.7644486191360669,1.4517278412670913,3.54882073329444,-0.4979196388092759,0.19214575292853114,0.23398338551793407,60.11545088591291,False,insufficient_egarch_obs
orig E1 capped,Gross before costs,712,garch11_residual_fallback_insufficient_egarch_obs,60,ok,60,-0.09681081728051333,0.9805780069822593,0.33814195535335934,0.6220810884443906,-0.9252489585705651,0.26334579863048463,0.3108015348184592,0.6010265228773094,False,insufficient_egarch_obs
orig E1 capped,Gross before costs,713,garch11_residual_fallback_insufficient_egarch_obs,60,ok,60,0.9613907430063129,0.7253174187582097,1.2811656640812472,3.0384818173724644,-0.6826230927331545,0.19013617112206777,0.23638440949787934,29.028233400127714,False,insufficient_egarch_obs
orig E1 capped,Gross before costs,714,garch11_residual_fallback_insufficient_egarch_obs,60,ok,60,-0.29380692059589053,0.8000278657724588,-0.06763188855069688,-0.1153628527330115,-0.9114793845198423,0.24650695559987987,0.311996835699584,0.17563751590085924,False,insufficient_egarch_obs
orig E1 capped,Gross before costs,715,garch11_residual_fallback_insufficient_egarch_obs,60,ok,60,1.5365862348463835,0.7237821755233788,1.6701382574599393,3.8882301704133946,-0.5141233582609422,0.19735129353048383,0.23835968230692525,105.01423108362687,False,insufficient_egarch_obs
orig E1 capped,Gross before costs,716,garch11_residual_fallback_insufficient_egarch_obs,60,ok,60,1.13963744111126,0.8644646423209552,1.2858954389385822,3.197785921510101,-0.7637234283798767,0.22078584232022025,0.25437553520783934,44.843649003086675,False,insufficient_egarch_obs
orig E1 capped,Gross before costs,717,garch11_residual_fallback_insufficient_egarch_obs,60,ok,60,0.6470878009564003,0.5982197163101481,1.122573106085051,2.5859083192377805,-0.37474453311494493,0.1620714657237869,0.18278161662044098,12.122264425901966,False,insufficient_egarch_obs
orig E1 capped,Gross before costs,718,garch11_residual_fallback_insufficient_egarch_obs,60,ok,60,0.41218241301125236,0.644154669361219,0.8282496740175082,1.8206094714682142,-0.5794164137474098,0.16445097075619852,0.16839270296957218,5.616347783459686,False,insufficient_egarch_obs
orig E1 capped,Gross before costs,719,garch11_residual_fallback_insufficient_egarch_obs,60,ok,60,1.1231488214439014,0.9005205256119548,1.2692597369792376,2.827634341814749,-0.6283422996663329,0.2329708328607657,0.28291119990581914,43.14218977053546,False,insufficient_egarch_obs
orig E1 capped,Gross before costs,720,garch11_residual_fallback_insufficient_egarch_obs,60,ok,60,0.7462243051962361,0.7730710087743983,1.0847699465825753,2.4267351734492935,-0.5437357600003785,0.22055002033230467,0.2274634450911622,16.236788878496085,False,insufficient_egarch_obs
orig E1 capped,Gross before costs,721,garch11_residual_fallback_insufficient_egarch_obs,60,ok,60,1.1013029188760437,0.8821846227295894,1.2641455463548588,2.945363603289143,-0.5718569580961973,0.21708438589255208,0.3050303576175654,40.967863795051485,False,insufficient_egarch_obs
orig E1 capped,Gross before costs,722,garch11_residual_fallback_insufficient_egarch_obs,60,ok,60,1.6438462830971332,1.0082254103149615,1.460759098313103,3.3201160656670625,-0.7039431193043626,0.2646018566897002,0.30118512337685505,129.17575403093045,False,insufficient_egarch_obs
orig E1 capped,Gross before costs,723,garch11_residual_fallback_insufficient_egarch_obs,60,ok,60,0.8461973123039754,0.6889835113822005,1.2227186054014152,2.926619551617151,-0.47312661735696315,0.17156492881630803,0.23867552238160086,21.448186232416752,False,insufficient_egarch_obs
orig E1 capped,Gross before costs,724,garch11_residual_fallback_insufficient_egarch_obs,60,ok,60,0.6053905675489915,0.6857680788377742,1.0080532729669773,2.3679882665703844,-0.5173883235621775,0.18113307416997648,0.18960820636168216,10.663592358826126,False,insufficient_egarch_obs
orig E1 capped,Gross before costs,725,garch11_residual_fallback_insufficient_egarch_obs,60,ok,60,1.2613809557366316,0.8165530431639513,1.3948702878306614,3.4974810419536193,-0.44220636485650744,0.20463597252358953,0.230306817343941,59.13827495580296,False,insufficient_egarch_obs
orig E1 capped,Gross before costs,726,garch11_residual_fallback_insufficient_egarch_obs,60,ok,60,1.4934497903767148,0.8544547978321814,1.493316857032426,3.64613353982193,-0.4568776010822826,0.21209279820796148,0.26140140210057267,96.38359858575808,False,insufficient_egarch_obs
orig E1 capped,Gross before costs,727,garch11_residual_fallback_insufficient_egarch_obs,60,ok,60,1.110026686972581,0.8551863293996599,1.2758892507491022,3.142948436823677,-0.6384744219782541,0.20424709875531086,0.2196874368503924,41.825365110362625,False,insufficient_egarch_obs
orig E1 capped,Gross before costs,728,garch11_residual_fallback_insufficient_egarch_obs,60,ok,60,0.7593431897575715,1.0835029621177479,1.0293746919442104,2.085943090574019,-0.7780719976439708,0.3089141822551184,0.3654023675317415,16.855933963386885,False,insufficient_egarch_obs
orig E1 capped,Gross before costs,729,garch11_residual_fallback_insufficient_egarch_obs,60,ok,60,0.5071289074227239,0.7398110327575842,0.896450883755345,1.9241061660084322,-0.4930922262748221,0.19310340404630896,0.24057809871041744,7.775923859873405,False,insufficient_egarch_obs
orig E1 capped,Gross before costs,730,garch11_residual_fallback_insufficient_egarch_obs,60,ok,60,0.410088475651309,0.7408325982423106,0.8097385178102559,1.6247540889552081,-0.6978362804439311,0.21039458809127506,0.29484440955312247,5.574832408014607,False,insufficient_egarch_obs
orig E1 capped,Gross before costs,731,garch11_residual_fallback_insufficient_egarch_obs,60,ok,60,0.42779991603665546,0.8183720942793377,0.8076388668987051,1.6910978044231997,-0.8014821405627164,0.2149458046845401,0.22312124508204692,5.933852687501411,False,insufficient_egarch_obs
orig E1 capped,Gross before costs,732,garch11_residual_fallback_insufficient_egarch_obs,60,ok,60,0.12695089957330596,0.5048354554815622,0.4747864316389089,0.8660585516788097,-0.46931193894255363,0.2042987268026827,0.21268104958203962,1.8177115752463018,False,insufficient_egarch_obs
orig E1 capped,Gross before costs,733,garch11_residual_fallback_insufficient_egarch_obs,60,ok,60,0.3004755544843105,0.5897491064071383,0.7170894239227937,1.5217599467218719,-0.7283453165436957,0.15304669480246663,0.20830175825578343,3.719726126192007,False,insufficient_egarch_obs
orig E1 capped,Gross before costs,734,garch11_residual_fallback_insufficient_egarch_obs,60,ok,60,0.09260718746897223,0.8013803563755602,0.4817287727747072,0.884123589526116,-0.8417481043228466,0.2531990575120791,0.3523950990656772,1.5571134837785083,False,insufficient_egarch_obs
orig E1 capped,Gross before costs,735,garch11_residual_fallback_insufficient_egarch_obs,60,ok,60,1.0567057634283716,0.6608692334082369,1.4179325874833562,3.659439626690743,-0.3935218917096073,0.1667921295198687,0.18700335144817362,36.80110214047848,False,insufficient_egarch_obs
orig E1 capped,Gross before costs,736,garch11_residual_fallback_insufficient_egarch_obs,60,ok,60,0.31726266025366434,0.8601531153772174,0.7042436860487242,1.4780857867746804,-0.7819878256137373,0.2167298288307064,0.22742460022179564,3.966083984230746,False,insufficient_egarch_obs
orig E1 capped,Gross before costs,737,garch11_residual_fallback_insufficient_egarch_obs,60,ok,60,-0.10295786663173478,0.6531143774726391,0.13907000440763478,0.2381244960740136,-0.859397271834472,0.1915525798019221,0.29960934131122546,0.5808502892724092,False,insufficient_egarch_obs
orig E1 capped,Gross before costs,738,garch11_residual_fallback_insufficient_egarch_obs,60,ok,60,0.08841794092983357,0.6501062841779123,0.4322265988099692,0.7984745805111966,-0.45829597175270365,0.1791172688182339,0.2746184528418995,1.5274902938634234,False,insufficient_egarch_obs
orig E1 capped,Gross before costs,739,garch11_residual_fallback_insufficient_egarch_obs,60,ok,60,0.6495326479274768,0.7155485339740897,1.0345475455979263,2.3252547134788126,-0.550257405447494,0.1848083402920289,0.19950743832604245,12.212500038916623,False,insufficient_egarch_obs
orig E1 capped,Gross before costs,740,garch11_residual_fallback_insufficient_egarch_obs,60,ok,60,0.3956745696237143,0.7675372370171057,0.7880616691964676,1.6108459082825526,-0.7562842352112145,0.206089263598137,0.2684170741606669,5.2956689341393,False,insufficient_egarch_obs
orig E1 capped,Gross before costs,741,garch11_residual_fallback_insufficient_egarch_obs,60,ok,60,0.729299440609406,0.6209112096940167,1.1842758565611875,2.6651896496268677,-0.32251597412625566,0.1649218218311608,0.17871344249695395,15.465038480387905,False,insufficient_egarch_obs
orig E1 capped,Gross before costs,742,garch11_residual_fallback_insufficient_egarch_obs,60,ok,60,0.3766289487695136,0.8887925066686608,0.7704397700146511,1.5347059354343808,-0.6972589502048472,0.23336571117362054,0.2980107966439119,4.944068620975745,False,insufficient_egarch_obs
orig E1 capped,Gross before costs,743,garch11_residual_fallback_insufficient_egarch_obs,60,ok,60,-0.1853976972022564,0.7369593103502847,0.05551356904760197,0.09658134284092883,-0.8242896444817109,0.22746531362107625,0.26532118423955764,0.35869734925822744,False,insufficient_egarch_obs
orig E1 capped,Gross before costs,744,garch11_residual_fallback_insufficient_egarch_obs,60,ok,60,0.3105377969055674,0.8128936039953782,0.6930588653610171,1.4871541306901221,-0.790666929114279,0.21624576512401453,0.2553825057367295,3.865874527132726,False,insufficient_egarch_obs
orig E1 capped,Gross before costs,745,garch11_residual_fallback_insufficient_egarch_obs,60,ok,60,0.11983193801755765,0.7851022819814023,0.5001432242300146,0.9605756885164868,-0.9390350721406852,0.2175010365219481,0.2593368885327114,1.7610198360447182,False,insufficient_egarch_obs
orig E1 capped,Gross before costs,746,garch11_residual_fallback_insufficient_egarch_obs,60,ok,60,0.5112361626851483,0.7263856671876389,0.9032719499316092,2.0410060978495377,-0.5283411079187854,0.17658570606871635,0.27681142014696053,7.882458388885036,False,insufficient_egarch_obs
orig E1 capped,Gross before costs,747,garch11_residual_fallback_insufficient_egarch_obs,60,ok,60,0.7072546862463378,0.7299783531448629,1.0740124651411345,2.5398351368003453,-0.4191660031141511,0.17635808138777223,0.2025729216031339,14.504126118198172,False,insufficient_egarch_obs
orig E1 capped,Gross before costs,748,garch11_residual_fallback_insufficient_egarch_obs,60,ok,60,-0.17313119055879744,0.8721595786136196,0.17134269538675914,0.3086934896618428,-0.8322667619142136,0.2397584077953611,0.2891571279294059,0.38652986090196123,False,insufficient_egarch_obs
orig E1 capped,Gross before costs,749,garch11_residual_fallback_insufficient_egarch_obs,60,ok,60,0.2948515383903978,0.7245956425303677,0.6874431392364588,1.389625503786672,-0.7387183798921768,0.20108541616726583,0.2186481442633611,3.6399874434827257,False,insufficient_egarch_obs
orig E1 capped,Gross before costs,750,garch11_residual_fallback_insufficient_egarch_obs,60,ok,60,0.3375632310729344,0.8029255471562339,0.723080072406892,1.527712597358245,-0.47151778574688885,0.22352480693256696,0.26896731517046873,4.281260053102617,False,insufficient_egarch_obs
orig E1 capped,Gross before costs,751,garch11_residual_fallback_insufficient_egarch_obs,60,ok,60,0.055609559789117746,0.6010965250396216,0.36712312969236266,0.6610096526002555,-0.8012654391824221,0.1922316569097249,0.19849656497420853,1.31074006044302,False,insufficient_egarch_obs
orig E1 capped,Gross before costs,752,garch11_residual_fallback_insufficient_egarch_obs,60,ok,60,1.2162520102615462,0.9561862933125196,1.279928769023777,3.0789641151548954,-0.7780560979108693,0.2500068861661729,0.31785694821419946,53.4682183208312,False,insufficient_egarch_obs
orig E1 capped,Gross before costs,753,garch11_residual_fallback_insufficient_egarch_obs,60,ok,60,2.135745050741199,0.8698825904232813,1.7585326431982784,4.759583351215619,-0.5725223225532377,0.24905403911443227,0.2885891811016621,303.1822191063558,False,insufficient_egarch_obs
orig E1 capped,Gross before costs,754,garch11_residual_fallback_insufficient_egarch_obs,60,ok,60,0.11236834371575033,0.6360754482806585,0.4495868581423164,0.9371590587424609,-0.6673112950717535,0.17929266377095882,0.20594482684249846,1.7031115926601623,False,insufficient_egarch_obs
orig E1 capped,Gross before costs,755,garch11_residual_fallback_insufficient_egarch_obs,60,ok,60,0.8725272845180894,0.7949920414260435,1.1643693565092146,2.676883616086541,-0.47533807681349505,0.1927291574594703,0.20721206612001594,23.021879293174905,False,insufficient_egarch_obs
orig E1 capped,Gross before costs,756,garch11_residual_fallback_insufficient_egarch_obs,60,ok,60,0.2087457030973905,0.9685979540991367,0.6348726480491919,1.2444234057496721,-0.7182174894266236,0.2734386920762648,0.347337620951411,2.5803268184724435,False,insufficient_egarch_obs
orig E1 capped,Gross before costs,757,garch11_residual_fallback_insufficient_egarch_obs,60,ok,60,0.5050363147555685,0.9278860709555532,0.8585495644355101,1.8739289823479812,-0.8564506275564475,0.22240933850643557,0.32359250152635655,7.7220906470442525,False,insufficient_egarch_obs
orig E1 capped,Gross before costs,758,garch11_residual_fallback_insufficient_egarch_obs,60,ok,60,1.4335061196090857,0.7613706837025623,1.5396573675809269,4.588587076989672,-0.49364827179029636,0.1555980040274891,0.18517974847444774,85.34188154237576,False,insufficient_egarch_obs
orig E1 capped,Gross before costs,759,garch11_residual_fallback_insufficient_egarch_obs,60,ok,60,0.5502788955995843,0.7278876026766566,0.9325611298887837,2.2166324635342534,-0.6593630076905754,0.18752979849219484,0.19765637843059491,8.954661520273305,False,insufficient_egarch_obs
orig E1 capped,Gross before costs,760,garch11_residual_fallback_insufficient_egarch_obs,60,ok,60,0.2744582488299785,0.7558452341277935,0.6610236321836035,1.3685156320511114,-0.597253819880745,0.2228411469814805,0.24424917962921744,3.362234985751983,False,insufficient_egarch_obs
orig E1 capped,Gross before costs,761,garch11_residual_fallback_insufficient_egarch_obs,60,ok,60,0.736214622277712,0.7208320732530971,1.1257546757830936,2.2129491209556598,-0.74853842937675,0.22489774345723354,0.32896333405415357,15.776731973591867,False,insufficient_egarch_obs
orig E1 capped,Gross before costs,762,garch11_residual_fallback_insufficient_egarch_obs,60,ok,60,0.9876590741620606,0.6296161395834525,1.4082718073098437,3.3650342347325424,-0.35086758534752105,0.1544329336209828,0.20571345151458428,31.024834860514446,False,insufficient_egarch_obs
orig E1 capped,Gross before costs,763,garch11_residual_fallback_insufficient_egarch_obs,60,ok,60,0.5505014499891869,0.842556043339643,0.9036843515020799,1.9777287022185923,-0.5483987307749718,0.22022967547471173,0.23438653238580984,8.96109091664964,False,insufficient_egarch_obs
orig E1 capped,Gross before costs,764,garch11_residual_fallback_insufficient_egarch_obs,60,ok,60,0.8657582633196885,0.6291653299309822,1.2918774274861093,3.6401713550760917,-0.42957754638498546,0.12540396501532136,0.1505862504397182,22.608766512868577,False,insufficient_egarch_obs
orig E1 capped,Gross before costs,765,garch11_residual_fallback_insufficient_egarch_obs,60,ok,60,0.29964455875555474,0.6695010252758027,0.6930136415880359,1.4970647306272409,-0.5544564820614413,0.18871545990932143,0.21052306580041816,3.70785689620626,False,insufficient_egarch_obs
orig E1 capped,Gross before costs,766,garch11_residual_fallback_insufficient_egarch_obs,60,ok,60,0.30252556614239223,0.7276809150950221,0.6840897707650045,1.512400795974695,-0.4278156399020516,0.18331351809608046,0.21535074362316986,3.749136755108831,False,insufficient_egarch_obs
orig E1 capped,Gross before costs,767,garch11_residual_fallback_insufficient_egarch_obs,60,ok,60,0.7876786970951384,0.7990087836569002,1.0980757918839221,2.6068266152554784,-0.47988855797297736,0.1960056737041572,0.22081196438262984,18.257752876320822,False,insufficient_egarch_obs
orig E1 capped,Gross before costs,768,garch11_residual_fallback_insufficient_egarch_obs,60,ok,60,1.4712852005342913,0.7359060114028608,1.6091988716089232,3.9382114524424496,-0.5747036400281189,0.1747360340946084,0.2116726432968874,92.17525375681022,False,insufficient_egarch_obs
orig E1 capped,Gross before costs,769,garch11_residual_fallback_insufficient_egarch_obs,60,ok,60,0.2939717926147323,0.747807793028207,0.6881999296499265,1.3661922857799638,-0.5265027240270488,0.2294776843980188,0.2536100814152184,3.627638864959346,False,insufficient_egarch_obs
orig E1 capped,Gross before costs,770,garch11_residual_fallback_insufficient_egarch_obs,60,ok,60,-0.09771099774387437,0.739158490227093,0.19126510695962434,0.35425425380166203,-0.9160013853047763,0.21229377301422778,0.23418218835279517,0.5980373653539274,False,insufficient_egarch_obs
orig E1 capped,Gross before costs,771,garch11_residual_fallback_insufficient_egarch_obs,60,ok,60,0.22627718164862354,0.6749116581410861,0.6104103891552654,1.21266394996057,-0.5641854907281123,0.18351763747016375,0.20357089530270364,2.7729576400738853,False,insufficient_egarch_obs
orig E1 capped,Gross before costs,772,garch11_residual_fallback_insufficient_egarch_obs,60,ok,60,0.8038020788807732,0.8420953001673854,1.1042579835003656,2.356959452320677,-0.673093955329254,0.20889650420118158,0.30952551302898607,19.096088361426318,False,insufficient_egarch_obs
orig E1 capped,Gross before costs,773,garch11_residual_fallback_insufficient_egarch_obs,60,ok,60,1.1362749887891739,0.7294136294801468,1.4082346414068696,3.1692895917580794,-0.5529619653255308,0.19273201163559348,0.22250925017426484,44.492394497972754,False,insufficient_egarch_obs
orig E1 capped,Gross before costs,774,garch11_residual_fallback_insufficient_egarch_obs,60,ok,60,0.2117816371620871,0.66991708580808,0.5902013123152596,1.1871513540978222,-0.564476059254223,0.1992391398276122,0.22814237901185894,2.6128942638193267,False,insufficient_egarch_obs
orig E1 capped,Gross before costs,775,garch11_residual_fallback_insufficient_egarch_obs,60,ok,60,-0.2785323784135163,0.8901644015256538,0.039518657423620165,0.06764706420292943,-0.9007706751160398,0.2419138096347244,0.29881950974639,0.1954718516005323,False,insufficient_egarch_obs
orig E1 capped,Gross before costs,776,garch11_residual_fallback_insufficient_egarch_obs,60,ok,60,-0.004144710528239726,0.682531967979112,0.2998041862305753,0.558070483502091,-0.7300710349829284,0.20880284960694978,0.2184912939465565,0.9794475230824389,False,insufficient_egarch_obs
orig E1 capped,Gross before costs,777,garch11_residual_fallback_insufficient_egarch_obs,60,ok,60,0.18913048956910505,0.7828080874690769,0.5836302832726107,1.1133331808263678,-0.7793871271600878,0.25020950647543155,0.32470695216376727,2.3776480744086643,False,insufficient_egarch_obs
orig E1 capped,Gross before costs,778,garch11_residual_fallback_insufficient_egarch_obs,60,ok,60,0.96860709489321,0.7602001999082088,1.2620514212665384,2.825802518777857,-0.6496567757437481,0.19064590781599824,0.23537134745750862,29.566180906122476,False,insufficient_egarch_obs
orig E1 capped,Gross before costs,779,garch11_residual_fallback_insufficient_egarch_obs,60,ok,60,1.163110987595338,0.765433895641601,1.3875025382823318,3.2467084891640785,-0.5690666370286314,0.20308194129118262,0.25003267285250624,47.35807234961506,False,insufficient_egarch_obs
orig E1 capped,Gross before costs,780,garch11_residual_fallback_insufficient_egarch_obs,60,ok,60,0.231944412218841,0.8882120721722655,0.6383982244937301,1.2525384079329303,-0.8107856612876159,0.24738400554761672,0.3138282527140366,2.837628649202587,False,insufficient_egarch_obs
orig E1 capped,Gross before costs,781,garch11_residual_fallback_insufficient_egarch_obs,60,ok,60,0.26630205371160076,0.8007605639957401,0.6670956086657797,1.2793359813151848,-0.707649542063183,0.21406147272552137,0.32328923800287,3.256016193199327,False,insufficient_egarch_obs
orig E1 capped,Gross before costs,782,garch11_residual_fallback_insufficient_egarch_obs,60,ok,60,0.12187735067145566,0.6625851296720299,0.48145840067527773,0.8921173487869855,-0.49268389795481793,0.22912521541387929,0.29206871219114316,1.777161520325978,False,insufficient_egarch_obs
orig E1 capped,Gross before costs,783,garch11_residual_fallback_insufficient_egarch_obs,60,ok,60,0.3592704759246219,0.7353991035958999,0.7573927624431183,1.532943484176203,-0.5783930374237858,0.21034562733859544,0.23773879838952502,4.64012221496744,False,insufficient_egarch_obs
orig E1 capped,Gross before costs,784,garch11_residual_fallback_insufficient_egarch_obs,60,ok,60,-0.06495116772823839,0.8281933597833964,0.2950708023259209,0.5270001408076392,-0.8716935857995818,0.26439643958797304,0.30744907890376016,0.7147784673701907,False,insufficient_egarch_obs
orig E1 capped,Gross before costs,785,garch11_residual_fallback_insufficient_egarch_obs,60,ok,60,1.0036336418774283,0.692170755909393,1.349908035439108,3.070783695579,-0.5058362602998097,0.18016541843560535,0.23923468788735922,32.29174953925195,False,insufficient_egarch_obs
orig E1 capped,Gross before costs,786,garch11_residual_fallback_insufficient_egarch_obs,60,ok,60,1.0280472318843557,0.7741466030673289,1.2817572279192329,3.214540220389571,-0.3769532109842363,0.18225898871774263,0.21129643371413767,34.30759906462845,False,insufficient_egarch_obs
orig E1 capped,Gross before costs,787,garch11_residual_fallback_insufficient_egarch_obs,60,ok,60,0.30868322663002723,0.5907241908177064,0.7376799768444958,1.3935862199169955,-0.5648511670643427,0.18473469530569744,0.24565551096791938,3.8385984227395036,False,insufficient_egarch_obs
orig E1 capped,Gross before costs,788,garch11_residual_fallback_insufficient_egarch_obs,60,ok,60,1.7462940355606604,0.7299384295203671,1.777407640067912,4.395172805739019,-0.5063927659209291,0.17021885241474302,0.2621463696035435,156.2194730305848,False,insufficient_egarch_obs
orig E1 capped,Gross before costs,789,garch11_residual_fallback_insufficient_egarch_obs,60,ok,60,1.1524470160237357,0.8032215878149978,1.3538573598587025,3.0060026379146056,-0.514465581333862,0.20585880084063116,0.26633884141987246,46.20216736480685,False,insufficient_egarch_obs
orig E1 capped,Gross before costs,790,garch11_residual_fallback_insufficient_egarch_obs,60,ok,60,0.5717827057538305,0.7773548080600191,0.954669997195786,1.8970140822227932,-0.6327854432346836,0.23197091886962085,0.31857627322023285,9.593178594233192,False,insufficient_egarch_obs
orig E1 capped,Gross before costs,791,garch11_residual_fallback_insufficient_egarch_obs,60,ok,60,0.8282497871566272,0.9202213807819826,1.0789081255443165,2.4184015773993184,-0.5533239844389093,0.2554902387211029,0.2841012698275793,20.425733331992397,False,insufficient_egarch_obs
orig E1 capped,Gross before costs,792,garch11_residual_fallback_insufficient_egarch_obs,60,ok,60,0.13065040708699072,0.6955885884468728,0.4917744696036925,0.9587610821578957,-0.6705729474313622,0.19431834404908688,0.19732215042041742,1.8477436446479831,False,insufficient_egarch_obs
orig E1 capped,Gross before costs,793,garch11_residual_fallback_insufficient_egarch_obs,60,ok,60,0.313091003646528,0.7442084698213876,0.7010175650896687,1.4870540032145951,-0.585002291356671,0.19635542928247623,0.2800507683778232,3.9036792784272123,False,insufficient_egarch_obs
orig E1 capped,Gross before costs,794,garch11_residual_fallback_insufficient_egarch_obs,60,ok,60,1.7850840599292996,0.8275987369322195,1.6616377679344028,4.183508361186191,-0.5535044077413149,0.21568465605418197,0.2314233217715116,167.56817445185177,False,insufficient_egarch_obs
orig E1 capped,Gross before costs,795,garch11_residual_fallback_insufficient_egarch_obs,60,ok,60,2.0134189593938587,0.920427676140655,1.6769495679011697,3.870742920797601,-0.4876572926811217,0.24124385475056764,0.30217879399794606,248.4835149983808,False,insufficient_egarch_obs
orig E1 capped,Gross before costs,796,garch11_residual_fallback_insufficient_egarch_obs,60,ok,60,0.38294693618650677,0.6701015832529343,0.7882207615786082,1.7209802123841282,-0.49341132391557607,0.18458872717450903,0.18825895977637722,5.05856788514774,False,insufficient_egarch_obs
orig E1 capped,Gross before costs,797,garch11_residual_fallback_insufficient_egarch_obs,60,ok,60,0.4973357948311308,0.8257308422647275,0.8749366652325681,1.7612405647151665,-0.7436263871885089,0.22539174114338156,0.3222318373547178,7.526551438689374,False,insufficient_egarch_obs
orig E1 capped,Gross before costs,798,garch11_residual_fallback_insufficient_egarch_obs,60,ok,60,0.7774356301409024,0.8884652428040576,1.072979706298161,2.2640385446887623,-0.710264685241923,0.23581143673435265,0.372100090564633,17.74064512320256,False,insufficient_egarch_obs
orig E1 capped,Gross before costs,799,garch11_residual_fallback_insufficient_egarch_obs,60,ok,60,0.49942958206630594,0.7108541260178225,0.8915654031083589,2.076589922425552,-0.5253451693319557,0.17365705142758256,0.20159593537422082,7.579322273339043,False,insufficient_egarch_obs
orig E1 capped,Gross before costs,800,garch11_residual_fallback_insufficient_egarch_obs,60,ok,60,0.10834711188959556,0.6296403923144728,0.45183891893742906,0.8526351080114736,-0.6541485911397003,0.1798080291684885,0.22551422608035743,1.6725494610593057,False,insufficient_egarch_obs
orig E1 capped,Gross before costs,801,garch11_residual_fallback_insufficient_egarch_obs,60,ok,60,0.24024871506895495,0.8058454675175928,0.6298917776193768,1.283687282602238,-0.6620051708773242,0.20871395885047828,0.2492731291614663,2.9345663200003784,False,insufficient_egarch_obs
orig E1 capped,Gross before costs,802,garch11_residual_fallback_insufficient_egarch_obs,60,ok,60,0.15584955245956889,0.6761480487668867,0.5174934417499544,1.0533377748457275,-0.6914179918174164,0.20510383173734453,0.21707771001737028,2.063034762168905,False,insufficient_egarch_obs
orig E1 capped,Gross before costs,803,garch11_residual_fallback_insufficient_egarch_obs,60,ok,60,-0.07151765610186478,0.8306761309437677,0.2873161234916864,0.5198818104634143,-0.6823972313571449,0.260576046622987,0.3311021228463902,0.6900304371981447,False,insufficient_egarch_obs
orig E1 capped,Gross before costs,804,garch11_residual_fallback_insufficient_egarch_obs,60,ok,60,0.40684400991930025,0.7578305796747983,0.7939170881647579,1.7174310274702744,-0.8443611920787045,0.21052431543210756,0.2423675921154663,5.510991343751069,False,insufficient_egarch_obs
orig E1 capped,Gross before costs,805,garch11_residual_fallback_insufficient_egarch_obs,60,ok,60,0.475480367666238,0.6997088276196912,0.8766878652610626,1.9492211729846682,-0.687003483706203,0.17980029311860035,0.2439950157732597,6.993058742200511,False,insufficient_egarch_obs
orig E1 capped,Gross before costs,806,garch11_residual_fallback_insufficient_egarch_obs,60,ok,60,0.5750954808732907,0.7119992477310128,0.9709040550306346,2.109931686399435,-0.7005126562296091,0.19652157787011432,0.20477215268241233,9.694701179395452,False,insufficient_egarch_obs
orig E1 capped,Gross before costs,807,garch11_residual_fallback_insufficient_egarch_obs,60,ok,60,0.41981239937921444,0.9111278972279655,0.804126707078607,1.596975049653682,-0.7716236655191963,0.257530216243043,0.2796954600217239,5.769721133067607,False,insufficient_egarch_obs
orig E1 capped,Gross before costs,808,garch11_residual_fallback_insufficient_egarch_obs,60,ok,60,0.27881702296315125,1.0592883915981621,0.7320141482743384,1.3833741580240544,-0.7634231711425188,0.40338084239161653,0.43643905977289615,3.4201255089447993,False,insufficient_egarch_obs
orig E1 capped,Gross before costs,809,garch11_residual_fallback_insufficient_egarch_obs,60,ok,60,0.2198451606373122,0.7480814370202669,0.5928451446204784,1.3034912435672754,-0.7681708896344811,0.19149685613083905,0.22611660534203407,2.700993493541398,False,insufficient_egarch_obs
orig E1 capped,Gross before costs,810,garch11_residual_fallback_insufficient_egarch_obs,60,ok,60,1.074539020377589,0.7977915499983218,1.3024329358546156,2.992668309740306,-0.5083297864438199,0.21790894389978374,0.24518481047040966,38.42448362192598,False,insufficient_egarch_obs
orig E1 capped,Gross before costs,811,garch11_residual_fallback_insufficient_egarch_obs,60,ok,60,0.1805542303773684,0.7189799586424639,0.5460183283869257,1.1774263084815624,-0.602114303756141,0.19917247653442074,0.2212401175881853,2.293135453741759,False,insufficient_egarch_obs
orig E1 capped,Gross before costs,812,garch11_residual_fallback_insufficient_egarch_obs,60,ok,60,0.20284215915277248,0.8026966666836564,0.5804118751305608,1.2375145039910453,-0.8555545591112432,0.21203756463851434,0.22700515177068992,2.5179274226615806,False,insufficient_egarch_obs
orig E1 capped,Gross before costs,813,garch11_residual_fallback_insufficient_egarch_obs,60,ok,60,0.2198642699746427,0.745177451803564,0.6098538562440173,1.1616676139529842,-0.6547916096130322,0.2513540530057797,0.27918148549376065,2.7012050606099023,False,insufficient_egarch_obs
orig E1 capped,Gross before costs,814,garch11_residual_fallback_insufficient_egarch_obs,60,ok,60,0.4045919076086901,0.7793667468416424,0.8009998443363625,1.5738464612827894,-0.6991416224935868,0.26329102014488803,0.323580415369266,5.467021851485625,False,insufficient_egarch_obs
orig E1 capped,Gross before costs,815,garch11_residual_fallback_insufficient_egarch_obs,60,ok,60,0.5687037905767738,0.780277248232384,0.9417927734163988,2.0165610538769068,-0.8066766589928951,0.1848869725221211,0.2797585780740495,9.499587116969291,False,insufficient_egarch_obs
orig E1 capped,Gross before costs,816,garch11_residual_fallback_insufficient_egarch_obs,60,ok,60,0.6701723901599517,0.9031899976547741,0.9856224348165123,2.1727348943856035,-0.7066891496834529,0.25835503469097515,0.32742436279902243,12.995904166574196,False,insufficient_egarch_obs
orig E1 capped,Gross before costs,817,garch11_residual_fallback_insufficient_egarch_obs,60,ok,60,0.7295310386287135,0.7600525794374667,1.0794541964235627,2.4194911794656466,-0.7005260150267449,0.20484575526388127,0.2235804592564555,15.475397102158219,False,insufficient_egarch_obs
orig E1 capped,Gross before costs,818,garch11_residual_fallback_insufficient_egarch_obs,60,ok,60,0.13870102061545353,0.9755634246454731,0.5576404946603256,1.1609813455379252,-0.7426595174488994,0.24578644262420835,0.25302549906755606,1.9144699305801847,False,insufficient_egarch_obs
orig E1 capped,Gross before costs,819,garch11_residual_fallback_insufficient_egarch_obs,60,ok,60,0.02479249143364126,0.7131455570657053,0.3608021126078542,0.6592151210204379,-0.7742319552883533,0.21124607999589254,0.2616839967840241,1.1302634233514528,False,insufficient_egarch_obs
orig E1 capped,Gross before costs,820,garch11_residual_fallback_insufficient_egarch_obs,60,ok,60,0.6175540489838103,0.7010481360025048,1.0175548927004414,2.181692925975575,-0.5704598146818485,0.20442603955687497,0.2120521703442683,11.073731917834932,False,insufficient_egarch_obs
orig E1 capped,Gross before costs,821,garch11_residual_fallback_insufficient_egarch_obs,60,ok,60,-0.00012334785471457277,0.7072258103807585,0.3274795641883247,0.5825837895086418,-0.9527194239767066,0.22071849888674464,0.27509796070748604,0.999383412854594,False,insufficient_egarch_obs
orig E1 capped,Gross before costs,822,garch11_residual_fallback_insufficient_egarch_obs,60,ok,60,0.6366890621445078,0.8717749366408793,0.9646162494630959,2.1216033813134305,-0.6255402038424693,0.21676628161914227,0.2862938302906332,11.744401784474901,False,insufficient_egarch_obs
orig E1 capped,Gross before costs,823,garch11_residual_fallback_insufficient_egarch_obs,60,ok,60,0.3313678631796029,0.7405733154644357,0.7249956969405628,1.4809365332267435,-0.7649868504151356,0.1924634852982149,0.2021670912154888,4.183023922358818,False,insufficient_egarch_obs
orig E1 capped,Gross before costs,824,garch11_residual_fallback_insufficient_egarch_obs,60,ok,60,0.34040786349054564,0.8303377582895084,0.734333985498409,1.472845061110369,-0.766126036405616,0.21964296897163202,0.27491989583265125,4.326979471475269,False,insufficient_egarch_obs
orig E1 capped,Gross before costs,825,garch11_residual_fallback_insufficient_egarch_obs,60,ok,60,0.9207736666406345,0.7290706390580651,1.2424233246889365,3.0777043224632994,-0.41914039028280725,0.1746064989153768,0.21894624888344882,26.14453759367084,False,insufficient_egarch_obs
orig E1 capped,Gross before costs,826,garch11_residual_fallback_insufficient_egarch_obs,60,ok,60,0.14232061890743863,0.7777537437409758,0.51327710248294,1.0617091837167065,-0.5732536144618878,0.21222762122859623,0.22723836071693412,1.9450916945604366,False,insufficient_egarch_obs
orig E1 capped,Gross before costs,827,garch11_residual_fallback_insufficient_egarch_obs,60,ok,60,0.37178675676549466,0.8352338811295521,0.7630126520238271,1.5410166148511508,-0.5951059637062744,0.2206947964399434,0.2718859454911227,4.857726162499356,False,insufficient_egarch_obs
orig E1 capped,Gross before costs,828,garch11_residual_fallback_insufficient_egarch_obs,60,ok,60,-0.13004398298328446,0.848853713726705,0.22826118004539725,0.3955198130544162,-0.8561915423872979,0.2583223177172383,0.35956460056152295,0.49829494470809355,False,insufficient_egarch_obs
orig E1 capped,Gross before costs,829,garch11_residual_fallback_insufficient_egarch_obs,60,ok,60,0.192837954262832,0.8107882855464837,0.5982578853109848,1.100451728216407,-0.6686303117372565,0.25170151670996266,0.31958952029579296,2.4149450112020014,False,insufficient_egarch_obs
orig E1 capped,Gross before costs,830,garch11_residual_fallback_insufficient_egarch_obs,60,ok,60,1.0713589994475554,0.9776785722179309,1.2155372665010475,2.622426569327327,-0.8648012177725614,0.2607705155953862,0.35394416720516797,38.13088435165991,False,insufficient_egarch_obs
orig E1 capped,Gross before costs,831,garch11_residual_fallback_insufficient_egarch_obs,60,ok,60,0.42408693904104755,0.6572416242921221,0.8428460687293393,1.8150336071438193,-0.35676486524214013,0.1769022721262292,0.2067634557990384,5.857098351627734,False,insufficient_egarch_obs
orig E1 capped,Gross before costs,832,garch11_residual_fallback_insufficient_egarch_obs,60,ok,60,0.4243696070318539,0.8541391705102698,0.800938028616302,1.698380728105634,-0.5708008936367623,0.21714139669087312,0.2890099089092833,5.8629135569922175,False,insufficient_egarch_obs
orig E1 capped,Gross before costs,833,garch11_residual_fallback_insufficient_egarch_obs,60,ok,60,0.23864780193416113,0.7351490132930029,0.6289207893685662,1.2404877340418479,-0.591449100108433,0.2147886326960106,0.25523300519247544,2.9156754595058167,False,insufficient_egarch_obs
orig E1 capped,Gross before costs,834,garch11_residual_fallback_insufficient_egarch_obs,60,ok,60,0.45984534674724675,0.8019765078755348,0.8282175622048353,1.881255840460264,-0.48832719107163736,0.21297628255299436,0.23920503729523213,6.630316337595792,False,insufficient_egarch_obs
orig E1 capped,Gross before costs,835,garch11_residual_fallback_insufficient_egarch_obs,60,ok,60,0.7406276381319259,0.6463431776626741,1.181086689391864,2.4600248406823417,-0.4036736725288794,0.18514961421183393,0.26460559185066485,15.978256013052127,False,insufficient_egarch_obs
orig E1 capped,Gross before costs,836,garch11_residual_fallback_insufficient_egarch_obs,60,ok,60,0.9357342498693759,0.6573174640885062,1.3282047938280033,3.19566221174346,-0.6343642385449095,0.16323054250662677,0.1887204654350704,27.178699476033696,False,insufficient_egarch_obs
orig E1 capped,Gross before costs,837,garch11_residual_fallback_insufficient_egarch_obs,60,ok,60,0.7059536444656171,0.7856737666247675,1.038805995745334,2.4807097305751866,-0.5807554068454601,0.1873744936065814,0.20129043291196314,14.448944735426869,False,insufficient_egarch_obs
orig E1 capped,Gross before costs,838,garch11_residual_fallback_insufficient_egarch_obs,60,ok,60,-0.3113343979183937,0.7814855921765042,-0.10239323453034604,-0.16190432138812005,-0.9746745699378889,0.32355223435725333,0.350032611646367,0.15489662513437233,False,insufficient_egarch_obs
orig E1 capped,Gross before costs,839,garch11_residual_fallback_insufficient_egarch_obs,60,ok,60,0.19872568754134456,0.8243502415996145,0.5953918852659676,1.156570445120047,-0.8147456147747039,0.22265429963273534,0.3056017395687181,2.4751359591586075,False,insufficient_egarch_obs
orig E1 capped,Gross before costs,840,garch11_residual_fallback_insufficient_egarch_obs,60,ok,60,0.4710287522867733,0.8522985322736071,0.8423336501129601,1.7673344410976648,-0.7775923900006488,0.21464999634157467,0.27973683786243275,6.888200928828142,False,insufficient_egarch_obs
orig E1 capped,Gross before costs,841,garch11_residual_fallback_insufficient_egarch_obs,60,ok,60,0.6443917218856132,0.7431907641933947,1.0102452301423992,2.360488498370296,-0.48584294947641904,0.18422016872985084,0.20134304866645772,12.023375454444883,False,insufficient_egarch_obs
orig E1 capped,Gross before costs,842,garch11_residual_fallback_insufficient_egarch_obs,60,ok,60,1.089783377200642,0.6959594977581965,1.402235150402915,3.5121292242693505,-0.389704068698592,0.16180893617053316,0.20684297889685319,39.85716015102924,False,insufficient_egarch_obs
orig E1 capped,Gross before costs,843,garch11_residual_fallback_insufficient_egarch_obs,60,ok,60,0.22949559364749095,0.6449885584555897,0.6084573350348096,1.3124353422742665,-0.5073647568763326,0.17401319787856778,0.19750262565828228,2.8095378230977555,False,insufficient_egarch_obs
orig E1 capped,Gross before costs,844,garch11_residual_fallback_insufficient_egarch_obs,60,ok,60,0.9631063291111814,1.0966134504185392,1.1529168562911813,2.291809283374249,-0.8720484627738756,0.30746800604573454,0.44248576242227594,29.155407521371135,False,insufficient_egarch_obs
orig E1 capped,Gross before costs,845,garch11_residual_fallback_insufficient_egarch_obs,60,ok,60,-0.058294985533087984,0.7071670933080642,0.23202689943547072,0.4281085518737452,-0.5106422252496652,0.2092974732469546,0.23224460872916594,0.7405841532896908,False,insufficient_egarch_obs
orig E1 capped,Gross before costs,846,garch11_residual_fallback_insufficient_egarch_obs,60,ok,60,0.5473594384588285,0.8125754859902928,0.9195533833301246,1.9038662906979205,-0.5659359255595937,0.21169202694662217,0.3162693850243728,8.870662206559208,False,insufficient_egarch_obs
orig E1 capped,Gross before costs,847,garch11_residual_fallback_insufficient_egarch_obs,60,ok,60,0.29721565679993667,0.6371080118313279,0.7029257961238989,1.4395638802286874,-0.6770371575246583,0.18194096462661802,0.19049928457873025,3.6733381464200625,False,insufficient_egarch_obs
orig E1 capped,Gross before costs,848,garch11_residual_fallback_insufficient_egarch_obs,60,ok,60,0.2962555244665397,0.7917976302112718,0.6804962339216414,1.4500631484247386,-0.8207684986121375,0.20830474354812145,0.22938980634498626,3.659764174645105,False,insufficient_egarch_obs
orig E1 capped,Gross before costs,849,garch11_residual_fallback_insufficient_egarch_obs,60,ok,60,0.08517738129678576,0.8763656349671055,0.502713110314786,0.9007903650395885,-0.9645389136499908,0.23736513058505437,0.36183990671477767,1.504886219199067,False,insufficient_egarch_obs
orig E1 capped,Gross before costs,850,garch11_residual_fallback_insufficient_egarch_obs,60,ok,60,0.2991786343145839,0.8779425343986988,0.7038654214737368,1.3650344062197228,-0.689725738781918,0.24141518492494898,0.35546755262968754,3.701215299843333,False,insufficient_egarch_obs
orig E1 capped,Gross before costs,851,garch11_residual_fallback_insufficient_egarch_obs,60,ok,60,0.7027508629728825,0.8844575276757533,1.0098110299912664,2.2252167771345372,-0.6219182693080645,0.2412628731369656,0.25768800065982916,14.313819794111446,False,insufficient_egarch_obs
orig E1 capped,Gross before costs,852,garch11_residual_fallback_insufficient_egarch_obs,60,ok,60,2.252043182149736,0.807551609894085,1.8913603652402597,5.094045925120864,-0.5106573727357535,0.21508246331312608,0.23081157397058183,363.73200672211317,False,insufficient_egarch_obs
orig E1 capped,Gross before costs,853,garch11_residual_fallback_insufficient_egarch_obs,60,ok,60,0.28426137199657897,0.7098684714017356,0.6757108421944815,1.4146022901747464,-0.4489197575403404,0.18502471710802043,0.27101625344985764,3.4935511014579643,False,insufficient_egarch_obs
orig E1 capped,Gross before costs,854,garch11_residual_fallback_insufficient_egarch_obs,60,ok,60,0.7744402189325756,0.8815916106270116,1.0569021254722806,2.349269349733563,-0.48694530600729125,0.22488684164704775,0.26739945123433967,17.591661614272017,False,insufficient_egarch_obs
orig E1 capped,Gross before costs,855,garch11_residual_fallback_insufficient_egarch_obs,60,ok,60,-0.4233138980179202,0.8284114077444894,-0.2713617219813593,-0.4295324405591944,-0.987042810861166,0.3369729442856646,0.3673070421767794,0.06378189608410278,False,insufficient_egarch_obs
orig E1 capped,Gross before costs,856,garch11_residual_fallback_insufficient_egarch_obs,60,ok,60,0.4969630507228635,0.7726173803179397,0.8745744142283421,1.912363670661362,-0.6383063451870034,0.1886219160608815,0.23912822986869334,7.517187870141705,False,insufficient_egarch_obs
orig E1 capped,Gross before costs,857,garch11_residual_fallback_insufficient_egarch_obs,60,ok,60,1.0018781808827502,0.7705976203262985,1.265058717535145,3.1512934205221956,-0.3887488122137357,0.1882506010364727,0.19816259961380378,32.15053694083481,False,insufficient_egarch_obs
orig E1 capped,Gross before costs,858,garch11_residual_fallback_insufficient_egarch_obs,60,ok,60,0.31435527712398015,1.0857669436008033,0.7368283156208357,1.5060534052641048,-0.8806881780273526,0.27376916532280693,0.36604988351970674,3.922508251390027,False,insufficient_egarch_obs
orig E1 capped,Gross before costs,859,garch11_residual_fallback_insufficient_egarch_obs,60,ok,60,0.7118607349642536,0.9401989427770874,1.0062582855397753,2.1771622451074926,-0.5506501803567312,0.2523989251003373,0.2965993922214651,14.700840074203917,False,insufficient_egarch_obs
orig E1 capped,Gross before costs,860,garch11_residual_fallback_insufficient_egarch_obs,60,ok,60,0.18887516887888678,0.7877519994695351,0.5714386107292281,1.1617520242354515,-0.8307919215411296,0.19715335546021157,0.2566259218423505,2.3750966213876383,False,insufficient_egarch_obs
orig E1 capped,Gross before costs,861,garch11_residual_fallback_insufficient_egarch_obs,60,ok,60,0.6295355822866988,0.8957678454755152,0.9702897429176951,1.9552726934266578,-0.5941218652400493,0.2725170031349767,0.3489896466436992,11.489979146067464,False,insufficient_egarch_obs
orig E1 capped,Gross before costs,862,garch11_residual_fallback_insufficient_egarch_obs,60,ok,60,1.462211285516812,0.9103502405512585,1.4411045507641413,3.34929006438866,-0.6203616438751296,0.2344433718025198,0.31695716323661816,90.49541746258454,False,insufficient_egarch_obs
orig E1 capped,Gross before costs,863,garch11_residual_fallback_insufficient_egarch_obs,60,ok,60,0.4452325002004045,0.731030829804285,0.8453315501726507,1.7347831267225398,-0.7668333727583563,0.17717143076765365,0.3048810505305654,6.305050898285853,False,insufficient_egarch_obs
orig E1 capped,Gross before costs,864,garch11_residual_fallback_insufficient_egarch_obs,60,ok,60,0.3966654845254869,0.7675746684442084,0.7953448781989897,1.5680291850425392,-0.6939337607376587,0.20994880724139775,0.28641971130166594,5.314495006112291,False,insufficient_egarch_obs
orig E1 capped,Gross before costs,865,garch11_residual_fallback_insufficient_egarch_obs,60,ok,60,-0.10172781378805296,1.098358204743465,0.3814847001432203,0.7372639053337231,-0.9125962774866052,0.292317235329886,0.3279949756471943,0.5848436282598155,False,insufficient_egarch_obs
orig E1 capped,Gross before costs,866,garch11_residual_fallback_insufficient_egarch_obs,60,ok,60,0.3371133244336726,0.7567241593609605,0.7313682862029391,1.5077894013047075,-0.6328439339604004,0.2154262601922906,0.2723335665202844,4.27406461018474,False,insufficient_egarch_obs
orig E1 capped,Gross before costs,867,garch11_residual_fallback_insufficient_egarch_obs,60,ok,60,2.1006337597307474,0.8604065303614847,1.7779925604479943,4.056879084301895,-0.5491507830964378,0.22905177954887376,0.2997095639979346,286.58427489058204,False,insufficient_egarch_obs
orig E1 capped,Gross before costs,868,garch11_residual_fallback_insufficient_egarch_obs,60,ok,60,-0.19810591543365763,0.9204932892460909,0.1884118742321797,0.32092792043821355,-0.9269044532942916,0.2750703479272201,0.36427876045902313,0.3315774970207241,False,insufficient_egarch_obs
orig E1 capped,Gross before costs,869,garch11_residual_fallback_insufficient_egarch_obs,60,ok,60,0.987318441156875,0.9091497316767959,1.1975133219246166,2.525142953511244,-0.67922882521256,0.2802436423492743,0.3609083438667535,30.998259726721162,False,insufficient_egarch_obs
orig E1 capped,Gross before costs,870,garch11_residual_fallback_insufficient_egarch_obs,60,ok,60,0.34542243457858857,1.1182474994348837,0.781599177561017,1.5159749368622717,-0.7278555710484613,0.31417512552019883,0.3934113821359086,4.408525181122336,False,insufficient_egarch_obs
orig E1 capped,Gross before costs,871,garch11_residual_fallback_insufficient_egarch_obs,60,ok,60,0.8292997380670408,0.7481132369968008,1.1606425505273557,2.770612442512297,-0.46054317529566924,0.20099039819566852,0.20260377367864646,20.484452507569088,False,insufficient_egarch_obs
orig E1 capped,Gross before costs,872,garch11_residual_fallback_insufficient_egarch_obs,60,ok,60,0.23787208125435932,0.6999970383310432,0.6276664072234236,1.2176315301794214,-0.55849860210194,0.19271177823008484,0.24562128579505452,2.9065569731445375,False,insufficient_egarch_obs
orig E1 capped,Gross before costs,873,garch11_residual_fallback_insufficient_egarch_obs,60,ok,60,0.3485496252825451,0.7899333036507031,0.7374742051771307,1.5264199644130627,-0.6383405620503173,0.2043401970980115,0.21718512175885504,4.45999799460549,False,insufficient_egarch_obs
orig E1 capped,Gross before costs,874,garch11_residual_fallback_insufficient_egarch_obs,60,ok,60,0.10262126195667287,0.6848018181763939,0.4611743568454722,0.8471271984198234,-0.7723602589866821,0.19214116667567493,0.2693282058904149,1.6297906195430263,False,insufficient_egarch_obs
orig E1 capped,Gross before costs,875,garch11_residual_fallback_insufficient_egarch_obs,60,ok,60,0.6442157051976398,0.7913933884827883,0.9937727277277819,2.2094691172356464,-0.6328582520539545,0.2024810206186186,0.20971517555004796,12.016941884867574,False,insufficient_egarch_obs
orig E1 capped,Gross before costs,876,garch11_residual_fallback_insufficient_egarch_obs,60,ok,60,-0.1203451576559943,1.1417416980788966,0.4111892926471528,0.7424584268088541,-0.9684145717917456,0.3529442495868394,0.42861902110515215,0.5266977811213289,False,insufficient_egarch_obs
orig E1 capped,Gross before costs,877,garch11_residual_fallback_insufficient_egarch_obs,60,ok,60,1.3470001655776147,0.7803451655966112,1.4829612644385493,3.7182734461152394,-0.5238850669112564,0.1925981485304026,0.20535534652335885,71.21403623263159,False,insufficient_egarch_obs
orig E1 capped,Gross before costs,878,garch11_residual_fallback_insufficient_egarch_obs,60,ok,60,0.49878472873387336,0.796115580214602,0.8803024025661108,1.8148297677926373,-0.5390040681951724,0.2308385924399332,0.3331217131199127,7.5630382505526335,False,insufficient_egarch_obs
orig E1 capped,Gross before costs,879,garch11_residual_fallback_insufficient_egarch_obs,60,ok,60,1.2686176229400492,0.6467257473496998,1.6040807277794864,3.9409846391995726,-0.40946447509012096,0.17209237485900522,0.19742220350553885,60.09059538793135,False,insufficient_egarch_obs
orig E1 capped,Gross before costs,880,garch11_residual_fallback_insufficient_egarch_obs,60,ok,60,0.5247531587384846,0.9155786639149566,0.8787591939280143,1.8774927182980443,-0.5398813810121659,0.2345228057166324,0.3009507184037354,8.241337668689413,False,insufficient_egarch_obs
orig E1 capped,Gross before costs,881,garch11_residual_fallback_insufficient_egarch_obs,60,ok,60,0.7616068053575151,0.755294372250196,1.1058801340288194,2.5051993669705914,-0.646819807596224,0.20639298782480056,0.22019753311486656,16.964649718779807,False,insufficient_egarch_obs
orig E1 capped,Gross before costs,882,garch11_residual_fallback_insufficient_egarch_obs,60,ok,60,0.9549058378965061,0.9478123943299693,1.1591806004030463,2.515562745594421,-0.5468973600779947,0.23842300362311722,0.32368004299948244,28.55151894296493,False,insufficient_egarch_obs
orig E1 capped,Gross before costs,883,garch11_residual_fallback_insufficient_egarch_obs,60,ok,60,0.0982313996559645,0.7315234715241653,0.46336372362960704,0.8666095498937524,-0.6548662035618469,0.22260436792760296,0.2863872573450608,1.5976045272739376,False,insufficient_egarch_obs
orig E1 capped,Gross before costs,884,garch11_residual_fallback_insufficient_egarch_obs,60,ok,60,0.24698237121217015,0.6232925221139872,0.6423182319506721,1.2750427699770681,-0.5270335917066573,0.1834952159756157,0.22562020379515446,3.0150989479415142,False,insufficient_egarch_obs
orig E1 capped,Gross before costs,885,garch11_residual_fallback_insufficient_egarch_obs,60,ok,60,0.5751870733452167,0.819848568249201,0.926785305475587,2.104240538394307,-0.6987488006800512,0.2118617366530339,0.2193859982094993,9.697520262216424,False,insufficient_egarch_obs
orig E1 capped,Gross before costs,886,garch11_residual_fallback_insufficient_egarch_obs,60,ok,60,0.5352986691791695,0.6091889745752797,0.9940870000952572,2.1052744659905773,-0.5891765431802833,0.17315652598526954,0.22379023223269232,8.53030122379161,False,insufficient_egarch_obs
orig E1 capped,Gross before costs,887,garch11_residual_fallback_insufficient_egarch_obs,60,ok,60,0.40235969310519315,0.7153261026789312,0.8004620914902695,1.6630880596076068,-0.6525995761015292,0.21422007793956047,0.2265689849805191,5.423718032987129,False,insufficient_egarch_obs
orig E1 capped,Gross before costs,888,garch11_residual_fallback_insufficient_egarch_obs,60,ok,60,0.8349813370657451,0.6987349164704215,1.2020842280149648,2.86396863520126,-0.4642719938718849,0.1793439277632755,0.20585333352973803,20.804546708870102,False,insufficient_egarch_obs
orig E1 capped,Gross before costs,889,garch11_residual_fallback_insufficient_egarch_obs,60,ok,60,0.7463317567938621,0.6302631794768259,1.1864075123388516,2.8993026105688613,-0.46255102551437943,0.16328852436193117,0.18633762080242552,16.241785039714053,False,insufficient_egarch_obs
orig E1 capped,Gross before costs,890,garch11_residual_fallback_insufficient_egarch_obs,60,ok,60,0.4362452370947487,0.47262571702438394,0.9918227729374576,2.337926504372523,-0.492545534814106,0.1244561605141223,0.14014360136835205,6.111432331378848,False,insufficient_egarch_obs
orig E1 capped,Gross before costs,891,garch11_residual_fallback_insufficient_egarch_obs,60,ok,60,0.7759620396589648,0.8245397172138191,1.0832551144463258,2.4101006701827323,-0.7053839679985374,0.21170869788238939,0.2487762557276977,17.667227176956462,False,insufficient_egarch_obs
orig E1 capped,Gross before costs,892,garch11_residual_fallback_insufficient_egarch_obs,60,ok,60,0.20363182997739093,0.8120873421218151,0.5915836072602891,1.1998499192721368,-0.838971481061618,0.2117629083306032,0.2659305272981718,2.526203430540904,False,insufficient_egarch_obs
orig E1 capped,Gross before costs,893,garch11_residual_fallback_insufficient_egarch_obs,60,ok,60,0.3215579005507052,0.7706339045442779,0.7367807596567799,1.322305593582371,-0.8755722979985243,0.2573586910014249,0.3681261181660673,4.031168731920276,False,insufficient_egarch_obs
orig E1 capped,Gross before costs,894,garch11_residual_fallback_insufficient_egarch_obs,60,ok,60,0.5957419980689553,0.7958779741164242,0.954372716170586,2.064578265377115,-0.7292456844931359,0.20593112461453864,0.2591707824004318,10.346974447605696,False,insufficient_egarch_obs
orig E1 capped,Gross before costs,895,garch11_residual_fallback_insufficient_egarch_obs,60,ok,60,0.3284909134593599,0.7331544241911846,0.7244627252153618,1.515359325698073,-0.631322427382244,0.18227931926493293,0.28902756663663104,4.138023392806608,False,insufficient_egarch_obs
orig E1 capped,Gross before costs,896,garch11_residual_fallback_insufficient_egarch_obs,60,ok,60,-0.2297282480159868,0.5097373215495322,-0.2701242803519887,-0.41989646055649266,-0.8175012749833613,0.1803184062267809,0.2024628123191666,0.27115639839649835,False,insufficient_egarch_obs
orig E1 capped,Gross before costs,897,garch11_residual_fallback_insufficient_egarch_obs,60,ok,60,1.137523811910413,0.9718294208369317,1.2490207606771049,2.713469464817034,-0.7761303330468604,0.23480922764294748,0.2987476405267488,44.62259339888799,False,insufficient_egarch_obs
orig E1 capped,Gross before costs,898,garch11_residual_fallback_insufficient_egarch_obs,60,ok,60,0.1015246741211615,1.0667971724041672,0.5752869309737638,1.0916734330613167,-0.9482197716066725,0.30192243962640547,0.3631716635878514,1.6217023606607317,False,insufficient_egarch_obs
orig E1 capped,Gross before costs,899,garch11_residual_fallback_insufficient_egarch_obs,60,ok,60,0.6403224825550675,0.7013390215978913,1.029659920741479,2.420035624018131,-0.5617825382389157,0.1742356053950072,0.20430037017271574,11.875343680892536,False,insufficient_egarch_obs
orig E1 capped,Gross before costs,900,garch11_residual_fallback_insufficient_egarch_obs,60,ok,60,0.6474319945611897,0.5884704825710109,1.1295850500802662,2.740211132420166,-0.5521036140845067,0.14597706051936862,0.15925553147791363,12.134935729996222,False,insufficient_egarch_obs
orig E1 capped,Gross before costs,901,garch11_residual_fallback_insufficient_egarch_obs,60,ok,60,-0.07611088493463736,0.5707932697060956,0.13163914414388037,0.21689686200527292,-0.8105018361494478,0.2030623601092902,0.2664444954345008,0.6731304736462634,False,insufficient_egarch_obs
orig E1 capped,Gross before costs,902,garch11_residual_fallback_insufficient_egarch_obs,60,ok,60,0.3203320928597544,0.7819499683311042,0.71545353457466,1.4236630507105856,-0.7561631519246826,0.2205055137417625,0.2712855841871321,4.012507879846357,False,insufficient_egarch_obs
orig E1 capped,Gross before costs,903,garch11_residual_fallback_insufficient_egarch_obs,60,ok,60,0.3680004639737704,0.642443364771938,0.782635693058058,1.6948282594010446,-0.8044006636426694,0.17603454414468495,0.19007544710645996,4.791055738392237,False,insufficient_egarch_obs
orig E1 capped,Gross before costs,904,garch11_residual_fallback_insufficient_egarch_obs,60,ok,60,0.98524540746507,0.994148820572715,1.1591359544790383,2.4970107717326933,-0.7955796151595484,0.2642983463742037,0.30125072519354085,30.836920428688344,False,insufficient_egarch_obs
orig E1 capped,Gross before costs,905,garch11_residual_fallback_insufficient_egarch_obs,60,ok,60,0.5570082843132835,0.7564724209867305,0.9439200263906596,1.9169910787024682,-0.5388069285078294,0.21007096296011268,0.24424502968050357,9.150706300640579,False,insufficient_egarch_obs
orig E1 capped,Gross before costs,906,garch11_residual_fallback_insufficient_egarch_obs,60,ok,60,0.8083843890981526,0.7718723330143804,1.1260277065937647,2.7480539805977076,-0.5352665449307926,0.2284699931709785,0.24714104797894,19.3398787344693,False,insufficient_egarch_obs
orig E1 capped,Gross before costs,907,garch11_residual_fallback_insufficient_egarch_obs,60,ok,60,0.5541254571625565,0.9050836028278594,0.9107757810432123,1.8395253375248237,-0.7153898644681073,0.2663941979429856,0.3401017191475931,9.0663059803029,False,insufficient_egarch_obs
orig E1 capped,Gross before costs,908,garch11_residual_fallback_insufficient_egarch_obs,60,ok,60,0.6583539189601932,0.8353921773702274,0.9851305899322259,2.2558218145611546,-0.6150839202472339,0.23114484652438236,0.2392523385062907,12.54255768518968,False,insufficient_egarch_obs
orig E1 capped,Gross before costs,909,garch11_residual_fallback_insufficient_egarch_obs,60,ok,60,0.5473584687071851,0.9759763400304943,0.8954663175348583,1.8746716461441983,-0.6119802598092698,0.26085852329562564,0.3504114401571978,8.870634409758228,False,insufficient_egarch_obs
orig E1 capped,Gross before costs,910,garch11_residual_fallback_insufficient_egarch_obs,60,ok,60,1.2870831653605794,0.8461369932513896,1.3886278038856634,3.3670460056122815,-0.812803239817681,0.22242424097536337,0.23289878800687594,62.576286338146076,False,insufficient_egarch_obs
orig E1 capped,Gross before costs,911,garch11_residual_fallback_insufficient_egarch_obs,60,ok,60,0.47769877354831003,0.9764979263789803,0.8604065485997487,1.662444012582082,-0.8101815580622869,0.2847752789523516,0.40108015007310577,7.045787882302501,False,insufficient_egarch_obs
orig E1 capped,Gross before costs,912,garch11_residual_fallback_insufficient_egarch_obs,60,ok,60,0.14979226173046167,0.7323605815880463,0.5264294569311494,1.001064468325114,-0.6218232037270564,0.2158252508898366,0.24973045077148717,2.0095411660589892,False,insufficient_egarch_obs
orig E1 capped,Gross before costs,913,garch11_residual_fallback_insufficient_egarch_obs,60,ok,60,-0.13719368455241276,0.8491966310604864,0.22031479480523897,0.38282117468300747,-0.7461153569407202,0.23609816894733313,0.3474367154475296,0.4781526605666354,False,insufficient_egarch_obs
orig E1 capped,Gross before costs,914,garch11_residual_fallback_insufficient_egarch_obs,60,ok,60,0.03738217147579781,0.7996337300331284,0.3999389635770414,0.774574954598852,-0.7987860977956096,0.22468012768575038,0.26022513234442846,1.2014173502907202,False,insufficient_egarch_obs
orig E1 capped,Gross before costs,915,garch11_residual_fallback_insufficient_egarch_obs,60,ok,60,0.15534993864260715,0.5808880029512216,0.5218018388756288,0.9630023501144673,-0.6009525372141794,0.19896301641809983,0.26818685393246505,2.0585799003715763,False,insufficient_egarch_obs
orig E1 capped,Gross before costs,916,garch11_residual_fallback_insufficient_egarch_obs,60,ok,60,1.5829741808831517,0.8255267694986916,1.557900479531914,4.0768698671364945,-0.4098066094199949,0.2056503194889581,0.24652299624655663,114.97418114632336,False,insufficient_egarch_obs
orig E1 capped,Gross before costs,917,garch11_residual_fallback_insufficient_egarch_obs,60,ok,60,0.2753639259625458,0.613309884200522,0.6740140798873799,1.4577988725477733,-0.5569930567462933,0.16985209583099242,0.17788182589589138,3.374198619478898,False,insufficient_egarch_obs
orig E1 capped,Gross before costs,918,garch11_residual_fallback_insufficient_egarch_obs,60,ok,60,0.13039726326168455,0.7620531878904847,0.5087533709261629,0.9680612827687812,-0.6863998679552559,0.2237141485519263,0.2785310863162629,1.845676093575311,False,insufficient_egarch_obs
orig E1 capped,Gross before costs,919,garch11_residual_fallback_insufficient_egarch_obs,60,ok,60,0.7480752451003376,0.7045599475897499,1.126709048551026,2.635128482103442,-0.4113190305305512,0.176204579994175,0.21909443414982124,16.323023788224575,False,insufficient_egarch_obs
orig E1 capped,Gross before costs,920,garch11_residual_fallback_insufficient_egarch_obs,60,ok,60,0.17065814519024114,0.6066177844430696,0.5407755432867439,1.0426114743927586,-0.7113920822096462,0.17573889647809338,0.23184451647206025,2.1986214263433776,False,insufficient_egarch_obs
orig E1 capped,Gross before costs,921,garch11_residual_fallback_insufficient_egarch_obs,60,ok,60,0.6280750872284753,0.9118223307562132,0.9701117630948595,1.935061364551582,-0.7235570426529188,0.24756483137401958,0.34149284792991846,11.438581053396227,False,insufficient_egarch_obs
orig E1 capped,Gross before costs,922,garch11_residual_fallback_insufficient_egarch_obs,60,ok,60,0.3299247488313808,0.7775829254806933,0.7118252966678357,1.5660310202225596,-0.6651634547009387,0.2048150825431573,0.23262072619540267,4.160402415270287,False,insufficient_egarch_obs
orig E1 capped,Gross before costs,923,garch11_residual_fallback_insufficient_egarch_obs,60,ok,60,-0.053696332722614204,0.6593336235939194,0.2106972535616713,0.3964759995075295,-0.7834791386912613,0.20327477965092358,0.21094671070890425,0.7588441941570413,False,insufficient_egarch_obs
orig E1 capped,Gross before costs,924,garch11_residual_fallback_insufficient_egarch_obs,60,ok,60,0.7433627385576207,0.7558361882369814,1.0909959355809982,2.5015041471231103,-0.6560401021469915,0.19296151857980806,0.21147898444278734,16.1041867141145,False,insufficient_egarch_obs
orig E1 capped,Gross before costs,925,garch11_residual_fallback_insufficient_egarch_obs,60,ok,60,0.24968653177789357,0.6374142429410613,0.649811154929138,1.2320093641139338,-0.8036442263317134,0.18351246631231471,0.22745774421222054,3.047933214821701,False,insufficient_egarch_obs
orig E1 capped,Gross before costs,926,garch11_residual_fallback_insufficient_egarch_obs,60,ok,60,0.21161872944263815,0.6468771175238265,0.5846962579613318,1.2661810238258406,-0.6384917870122444,0.16873887515249622,0.17544264171522891,2.61113839378741,False,insufficient_egarch_obs
orig E1 capped,Gross before costs,927,garch11_residual_fallback_insufficient_egarch_obs,60,ok,60,0.31721556651800165,0.719052559245623,0.7173248176689684,1.415015299374377,-0.6358534055334262,0.21462710733103302,0.253298870614737,3.9653750733892577,False,insufficient_egarch_obs
orig E1 capped,Gross before costs,928,garch11_residual_fallback_insufficient_egarch_obs,60,ok,60,0.0303919864175326,0.6598818055712629,0.3507401128495138,0.6322547578422747,-0.674590686780755,0.21238685456270087,0.28164626164480205,1.1614816747824266,False,insufficient_egarch_obs
orig E1 capped,Gross before costs,929,garch11_residual_fallback_insufficient_egarch_obs,60,ok,60,0.40237974046505665,0.7581022438691636,0.7852863174448363,1.7456034681469197,-0.6441780734120854,0.2031793059924521,0.22447285349052337,5.424105716462731,False,insufficient_egarch_obs
orig E1 capped,Gross before costs,930,garch11_residual_fallback_insufficient_egarch_obs,60,ok,60,1.0884041345691324,0.700186421465023,1.3959431789083707,3.485484072015302,-0.3664830452846277,0.16503768089063098,0.18414669122742525,39.72580639511758,False,insufficient_egarch_obs
orig E1 capped,Gross before costs,931,garch11_residual_fallback_insufficient_egarch_obs,60,ok,60,0.18438953143842784,0.9083707985415977,0.5940346701967518,1.1833729939616042,-0.8192070155267649,0.22572691410094578,0.2915453819261609,2.330627145476239,False,insufficient_egarch_obs
orig E1 capped,Gross before costs,932,garch11_residual_fallback_insufficient_egarch_obs,60,ok,60,0.5178332794950256,0.7445233284245109,0.8934894954139377,2.157782913474106,-0.7333165130161996,0.1804954449558557,0.1808272038784978,8.056016627757176,False,insufficient_egarch_obs
orig E1 capped,Gross before costs,933,garch11_residual_fallback_insufficient_egarch_obs,60,ok,60,1.065866380270251,0.7582265036608538,1.321131014263247,3.2959635776856295,-0.43430125394951813,0.20994431827475143,0.2134457967842818,37.62800041633884,False,insufficient_egarch_obs
orig E1 capped,Gross before costs,934,garch11_residual_fallback_insufficient_egarch_obs,60,ok,60,0.12060887299557543,0.6590415561478258,0.4656450194310753,0.9593916719068669,-0.5878619675758974,0.16633685920161717,0.17841209758193766,1.7671372617018033,False,insufficient_egarch_obs
orig E1 capped,Gross before costs,935,garch11_residual_fallback_insufficient_egarch_obs,60,ok,60,1.1397006355882988,0.768752067855078,1.3678715721211676,3.195167833095528,-0.4965248662801848,0.2237479448610025,0.24252157880144565,44.85027171003522,False,insufficient_egarch_obs
orig E1 capped,Gross before costs,936,garch11_residual_fallback_insufficient_egarch_obs,60,ok,60,1.0432113540784789,1.0414922454980005,1.1642952058829295,2.67928908322167,-0.7189787441334635,0.2900861672541951,0.29973346703522336,35.60954843790674,False,insufficient_egarch_obs
orig E1 capped,Gross before costs,937,garch11_residual_fallback_insufficient_egarch_obs,60,ok,60,-0.1181348774837021,0.6506680105777266,0.1095041688859429,0.1857628372482075,-0.8596854804267473,0.21674734444750823,0.2898596449458064,0.5333481999357235,False,insufficient_egarch_obs
orig E1 capped,Gross before costs,938,garch11_residual_fallback_insufficient_egarch_obs,60,ok,60,-0.0893939151894797,0.6647763877370987,0.1574306151908438,0.29073814186629876,-0.6515094084766786,0.20426070466286914,0.20840954835559158,0.6261130272151392,False,insufficient_egarch_obs
orig E1 capped,Gross before costs,939,garch11_residual_fallback_insufficient_egarch_obs,60,ok,60,1.702154916055738,0.7686977120775086,1.6894695908131718,4.4138717000455925,-0.3822814058148535,0.19427003599900125,0.2263346436296408,144.06259011379765,False,insufficient_egarch_obs
orig E1 capped,Gross before costs,940,garch11_residual_fallback_insufficient_egarch_obs,60,ok,60,0.39152606745056007,0.8220559651886429,0.7884598850225097,1.5328444787051756,-0.7648542760616828,0.23701253084765925,0.3528593944085632,5.217431211895462,False,insufficient_egarch_obs
orig E1 capped,Gross before costs,941,garch11_residual_fallback_insufficient_egarch_obs,60,ok,60,0.8842812748303035,0.6987259221077824,1.2406166582190363,3.0358247465939927,-0.4978120588635151,0.16391533617143825,0.1871594627127394,23.753557486008557,False,insufficient_egarch_obs
orig E1 capped,Gross before costs,942,garch11_residual_fallback_insufficient_egarch_obs,60,ok,60,0.808406697872343,0.7894376478449178,1.1208283944892734,2.5431747094708053,-0.527814831725488,0.2179774234168928,0.2602866108086144,19.341071676731072,False,insufficient_egarch_obs
orig E1 capped,Gross before costs,943,garch11_residual_fallback_insufficient_egarch_obs,60,ok,60,0.4500653925339726,0.7141144490794515,0.8518009037174058,1.7917185439857766,-0.6767265785992966,0.18434609093763576,0.24334413729030926,6.411179533396326,False,insufficient_egarch_obs
orig E1 capped,Gross before costs,944,garch11_residual_fallback_insufficient_egarch_obs,60,ok,60,0.04063712211325066,0.6677923090520247,0.35629845942606053,0.6800656892993842,-0.6913694750729475,0.22865103167484246,0.2431238177644134,1.2203841850874348,False,insufficient_egarch_obs
orig E1 capped,Gross before costs,945,garch11_residual_fallback_insufficient_egarch_obs,60,ok,60,0.5981236868311264,0.8718430049907746,0.9417377981246103,2.0109332290970374,-0.6585405909031865,0.21630550671643678,0.29584730133864007,10.424421002850043,False,insufficient_egarch_obs
orig E1 capped,Gross before costs,946,garch11_residual_fallback_insufficient_egarch_obs,60,ok,60,0.37097967007675536,0.8013485890719082,0.7569797771457332,1.598896965390556,-0.5423849753667411,0.19572425689340825,0.2755333067928629,4.84345282350057,False,insufficient_egarch_obs
orig E1 capped,Gross before costs,947,garch11_residual_fallback_insufficient_egarch_obs,60,ok,60,0.14399833040683618,0.6418005689659868,0.4954860984452877,1.0288868847994492,-0.4824698743942524,0.16883199040210967,0.20241824759158708,1.9594173675742703,False,insufficient_egarch_obs
orig E1 capped,Gross before costs,948,garch11_residual_fallback_insufficient_egarch_obs,60,ok,60,0.2611232440381124,0.808290401684797,0.6490080205012468,1.3600902705771118,-0.8040873350717033,0.22322631379956395,0.28019130295871136,3.1899777340170266,False,insufficient_egarch_obs
orig E1 capped,Gross before costs,949,garch11_residual_fallback_insufficient_egarch_obs,60,ok,60,2.7552058006621167,0.7354316447021567,2.231478857159041,6.299911256897526,-0.2673231727868378,0.18297906567347233,0.19365148691438097,746.7387965767311,False,insufficient_egarch_obs
orig E1 capped,Gross before costs,950,garch11_residual_fallback_insufficient_egarch_obs,60,ok,60,1.307291129608394,0.6968671100196525,1.5507808051767684,4.243233134818004,-0.5919601402587741,0.18105258054993545,0.19695757911140788,65.39009708363331,False,insufficient_egarch_obs
orig E1 capped,Gross before costs,951,garch11_residual_fallback_insufficient_egarch_obs,60,ok,60,0.28592438654044394,0.8386640732544174,0.6815996300201064,1.3733726591241115,-0.7397548590266717,0.24186758199541164,0.3153357923881399,3.5162290875161037,False,insufficient_egarch_obs
orig E1 capped,Gross before costs,952,garch11_residual_fallback_insufficient_egarch_obs,60,ok,60,1.2313667225014022,0.8570791507658218,1.3576892208528968,3.116955526775051,-0.4947039367380063,0.2064047565746094,0.28666597203285565,55.31650842904617,False,insufficient_egarch_obs
orig E1 capped,Gross before costs,953,garch11_residual_fallback_insufficient_egarch_obs,60,ok,60,0.1661387155766636,0.6819899716265246,0.5321877187524325,1.0807214875740467,-0.7680690315457755,0.1817026689386209,0.24214608236521698,2.156507984218943,False,insufficient_egarch_obs
orig E1 capped,Gross before costs,954,garch11_residual_fallback_insufficient_egarch_obs,60,ok,60,0.7903052150969112,0.7079440746827714,1.1583339465092573,2.7708165372534435,-0.512753824599667,0.17416099236859672,0.20445697707543786,18.392272116474032,False,insufficient_egarch_obs
orig E1 capped,Gross before costs,955,garch11_residual_fallback_insufficient_egarch_obs,60,ok,60,0.45073186442142443,0.8634183917773552,0.8126694105962777,1.8366552388049666,-0.8501832454979295,0.2185408694802346,0.2555332632481239,6.42592645620314,False,insufficient_egarch_obs
orig E1 capped,Gross before costs,956,garch11_residual_fallback_insufficient_egarch_obs,60,ok,60,0.6291302302227575,0.6622100180092768,1.055096434568174,2.2969436515103743,-0.4158325810322766,0.17974760972149256,0.2488212617712405,11.475695413144795,False,insufficient_egarch_obs
orig E1 capped,Gross before costs,957,garch11_residual_fallback_insufficient_egarch_obs,60,ok,60,-0.0867642996186504,0.6746603261223653,0.18341279326494805,0.30179139474732763,-0.7397320215875918,0.2447035271721236,0.3008332261359185,0.6352057245596572,False,insufficient_egarch_obs
orig E1 capped,Gross before costs,958,garch11_residual_fallback_insufficient_egarch_obs,60,ok,60,0.2324615236272416,0.7841159318565801,0.6179861807799415,1.267751242814512,-0.6827530135432058,0.2140216374410326,0.2543005587670761,2.843589155673884,False,insufficient_egarch_obs
orig E1 capped,Gross before costs,959,garch11_residual_fallback_insufficient_egarch_obs,60,ok,60,0.4815572757584696,0.7811453594518452,0.862011534565217,1.8576051384742598,-0.515619962809037,0.21723903180853524,0.28476382572267295,7.138257790823038,False,insufficient_egarch_obs
orig E1 capped,Gross before costs,960,garch11_residual_fallback_insufficient_egarch_obs,60,ok,60,0.7603265012279499,0.7618293219878757,1.1097043797618145,2.360362322069648,-0.7005601245116883,0.23585643330893064,0.27062216689015256,16.90309125215271,False,insufficient_egarch_obs
orig E1 capped,Gross before costs,961,garch11_residual_fallback_insufficient_egarch_obs,60,ok,60,1.1343757983853697,0.837040286169189,1.3070624065745755,3.1653554902507577,-0.43927850529347645,0.21241176112673016,0.22128489504554158,44.294972772900394,False,insufficient_egarch_obs
orig E1 capped,Gross before costs,962,garch11_residual_fallback_insufficient_egarch_obs,60,ok,60,2.2275504276906424,0.9744792386184746,1.7050429145876411,4.076048850561549,-0.631819355953232,0.24648224019160353,0.30657636388264736,350.2395468650164,False,insufficient_egarch_obs
orig E1 capped,Gross before costs,963,garch11_residual_fallback_insufficient_egarch_obs,60,ok,60,1.173816811856986,0.8155476294971115,1.3549340214214975,3.122015589776326,-0.614431618139405,0.21598157562061832,0.29991065413840234,48.54167026919783,False,insufficient_egarch_obs
orig E1 capped,Gross before costs,964,garch11_residual_fallback_insufficient_egarch_obs,60,ok,60,-0.1529242446626683,0.6808304768047224,0.07235941331949819,0.12245988046778712,-0.9017445084649183,0.21065046994924017,0.2656947518582622,0.4361252772903431,False,insufficient_egarch_obs
orig E1 capped,Gross before costs,965,garch11_residual_fallback_insufficient_egarch_obs,60,ok,60,0.318517035109092,0.908493148654075,0.7251747890272864,1.4240982452080582,-0.8157949831506099,0.2675414330720392,0.3760006570319485,3.9850036731131975,False,insufficient_egarch_obs
orig E1 capped,Gross before costs,966,garch11_residual_fallback_insufficient_egarch_obs,60,ok,60,0.36739231380415216,0.703505208592833,0.758205234380391,1.7062170658223523,-0.48466458959069014,0.19341049597605983,0.2009761890741891,4.780415786103411,False,insufficient_egarch_obs
orig E1 capped,Gross before costs,967,garch11_residual_fallback_insufficient_egarch_obs,60,ok,60,1.3222351340402336,0.7363691484646169,1.516305476572087,3.743426081284076,-0.45658061192932153,0.17892531385335536,0.20239653983001948,67.53531921491432,False,insufficient_egarch_obs
orig E1 capped,Gross before costs,968,garch11_residual_fallback_insufficient_egarch_obs,60,ok,60,0.024780288120476834,0.6508820500279934,0.33722705978583817,0.6038099560611863,-0.6056259251875552,0.1953907483354919,0.22969504741879035,1.1301961286057496,False,insufficient_egarch_obs
orig E1 capped,Gross before costs,969,garch11_residual_fallback_insufficient_egarch_obs,60,ok,60,1.6924019483492518,0.773322756771001,1.6781127437943264,4.443362644649347,-0.3605273326684637,0.20162294664374428,0.2091263164773268,141.4814430570045,False,insufficient_egarch_obs
orig E1 capped,Gross before costs,970,garch11_residual_fallback_insufficient_egarch_obs,60,ok,60,1.0064628383417222,0.6693725114867239,1.3705273685889316,3.3310585878541654,-0.4210055065575069,0.18249377669062378,0.22844469513144783,32.520379344814934,False,insufficient_egarch_obs
orig E1 capped,Gross before costs,971,garch11_residual_fallback_insufficient_egarch_obs,60,ok,60,0.42923711386935315,0.7033173131977275,0.8282812048218979,1.8319922199974419,-0.7114942146728424,0.18622839848445324,0.1971262052059742,5.963777419680335,False,insufficient_egarch_obs
orig E1 capped,Gross before costs,972,garch11_residual_fallback_insufficient_egarch_obs,60,ok,60,-0.03770620623023557,0.7933262000457053,0.3137704552193746,0.5652348563405194,-0.8627516187211051,0.22301577823762211,0.26375176038624176,0.8251604884921584,False,insufficient_egarch_obs
orig E1 capped,Gross before costs,973,garch11_residual_fallback_insufficient_egarch_obs,60,ok,60,1.8680687507738245,0.8470299063980067,1.6819664587984502,4.090182394005106,-0.7437691011961437,0.2200623985579297,0.26417633267154406,194.06525541883843,False,insufficient_egarch_obs
orig E1 capped,Gross before costs,974,garch11_residual_fallback_insufficient_egarch_obs,60,ok,60,0.09789440342506595,0.6075802269823386,0.42441670732082276,0.8769640262760432,-0.6679247683694653,0.16135990877609566,0.1966268899198175,1.5951548778014804,False,insufficient_egarch_obs
orig E1 capped,Gross before costs,975,garch11_residual_fallback_insufficient_egarch_obs,60,ok,60,-0.007249111492339311,0.9539084605516515,0.4100384827737534,0.800524335501083,-0.9144872468250201,0.2541663587280399,0.26177725558491827,0.9642761431195241,False,insufficient_egarch_obs
orig E1 capped,Gross before costs,976,garch11_residual_fallback_insufficient_egarch_obs,60,ok,60,1.9251064622249063,0.8047735093334671,1.7521684485766351,4.634420114398076,-0.6341947915520219,0.19551949683182138,0.207233584017031,214.1452208153392,False,insufficient_egarch_obs
orig E1 capped,Gross before costs,977,garch11_residual_fallback_insufficient_egarch_obs,60,ok,60,0.36016703760527147,0.6378520585282581,0.7763932251703689,1.6420694283751722,-0.570717258921789,0.17771143372284287,0.18453941414747121,4.655445314613273,False,insufficient_egarch_obs
orig E1 capped,Gross before costs,978,garch11_residual_fallback_insufficient_egarch_obs,60,ok,60,-0.005701226130517156,0.7655517325136098,0.3392366339370744,0.6256547820085353,-0.7522500562720267,0.21075604990968494,0.250503523535967,0.9718170612924804,False,insufficient_egarch_obs
orig E1 capped,Gross before costs,979,garch11_residual_fallback_insufficient_egarch_obs,60,ok,60,0.7060218618707015,0.7901232003276726,1.0440158738149945,2.3320801070863126,-0.6415826845231913,0.22715367184175886,0.2330136880971708,14.451833877086733,False,insufficient_egarch_obs
orig E1 capped,Gross before costs,980,garch11_residual_fallback_insufficient_egarch_obs,60,ok,60,0.49661572391121367,0.8967728239504302,0.8613136147011289,1.7928594496127623,-0.7490007751383282,0.25587701945466074,0.26801208071860544,7.5084711900654755,False,insufficient_egarch_obs
orig E1 capped,Gross before costs,981,garch11_residual_fallback_insufficient_egarch_obs,60,ok,60,0.48767995644405193,0.8359297960449376,0.8520317238497103,1.8414310124113096,-0.7437526190960146,0.22398344438460144,0.23808225664812954,7.286979687686569,False,insufficient_egarch_obs
orig E1 capped,Gross before costs,982,garch11_residual_fallback_insufficient_egarch_obs,60,ok,60,1.0267980139756046,0.687257806018924,1.3623588344267066,3.4565170602317274,-0.4687812508865452,0.1960828379319993,0.20761374960068982,34.20206675538909,False,insufficient_egarch_obs
orig E1 capped,Gross before costs,983,garch11_residual_fallback_insufficient_egarch_obs,60,ok,60,2.2976956682814507,0.8241964011939522,1.8786370562929016,5.531718359214744,-0.38569798233307806,0.19648043460069817,0.21441584103605424,389.9894592147972,False,insufficient_egarch_obs
orig E1 capped,Gross before costs,984,garch11_residual_fallback_insufficient_egarch_obs,60,ok,60,0.5824466048199257,0.8909279046303148,0.9240734428376628,1.9964749498678052,-0.6700407851783663,0.2382493610054901,0.2791540362738656,9.923053309003222,False,insufficient_egarch_obs
orig E1 capped,Gross before costs,985,garch11_residual_fallback_insufficient_egarch_obs,60,ok,60,0.4407557966644613,0.6364503957632094,0.8697484373885241,1.8770226062256652,-0.8036459630960981,0.1767118654348495,0.23512960336868285,6.208002424730107,False,insufficient_egarch_obs
orig E1 capped,Gross before costs,986,garch11_residual_fallback_insufficient_egarch_obs,60,ok,60,0.43163739044787564,0.6747396037595337,0.8469253671251691,1.7696634370771822,-0.5676394931484775,0.17860071811762268,0.23904761724598433,6.0140240740562465,False,insufficient_egarch_obs
orig E1 capped,Gross before costs,987,garch11_residual_fallback_insufficient_egarch_obs,60,ok,60,1.7195536875505457,0.7801503809489109,1.6829924934186558,4.4938016324643915,-0.4866564452469033,0.1977057029118795,0.2165042185745166,148.76068993090465,False,insufficient_egarch_obs
orig E1 capped,Gross before costs,988,garch11_residual_fallback_insufficient_egarch_obs,60,ok,60,0.12892186934426442,0.7477795303446132,0.5018188942579397,0.9531787015669492,-0.6625597879861391,0.2071542349311883,0.2247654718018726,1.8336626171341759,False,insufficient_egarch_obs
orig E1 capped,Gross before costs,989,garch11_residual_fallback_insufficient_egarch_obs,60,ok,60,0.46650852094342143,0.9611202886886598,0.8333744427214821,1.7748736099010936,-0.6756377051527125,0.23528685245497383,0.3509618920947977,6.783017751816698,False,insufficient_egarch_obs
orig E1 capped,Gross before costs,990,garch11_residual_fallback_insufficient_egarch_obs,60,ok,60,0.6231689258417581,0.8172141527090612,0.9727713239118841,2.115741666416053,-0.7309164496836258,0.2401914976431255,0.2713795771179614,11.267267354744687,False,insufficient_egarch_obs
orig E1 capped,Gross before costs,991,garch11_residual_fallback_insufficient_egarch_obs,60,ok,60,0.34682211708258404,0.7158721033282274,0.7351534623359073,1.6548295212729036,-0.6635374375504215,0.1841345302674132,0.1972757957223423,4.431504535219831,False,insufficient_egarch_obs
orig E1 capped,Gross before costs,992,garch11_residual_fallback_insufficient_egarch_obs,60,ok,60,0.25496503382244473,1.1094094923767384,0.6942171752806385,1.423144488759855,-0.8633648984039478,0.3341923598702274,0.3688222595517742,3.1128495275619343,False,insufficient_egarch_obs
orig E1 capped,Gross before costs,993,garch11_residual_fallback_insufficient_egarch_obs,60,ok,60,1.1220309815517657,0.6955129780236304,1.4209563954682918,3.8304206689918865,-0.43169489803797656,0.1723793066314688,0.23616092149039616,43.02873727754893,False,insufficient_egarch_obs
orig E1 capped,Gross before costs,994,garch11_residual_fallback_insufficient_egarch_obs,60,ok,60,1.1612854365768341,0.7891818705290676,1.3548631871379597,3.3634389937324762,-0.459619546779351,0.19805838128257403,0.21020969576623494,47.15857085697827,False,insufficient_egarch_obs
orig E1 capped,Gross before costs,995,garch11_residual_fallback_insufficient_egarch_obs,60,ok,60,0.34164284405798573,0.6979378943873307,0.75039919127359,1.4508080088605184,-0.6262301217899708,0.1853116697112223,0.2919009186639007,4.346949480803243,False,insufficient_egarch_obs
orig E1 capped,Gross before costs,996,garch11_residual_fallback_insufficient_egarch_obs,60,ok,60,0.40751621357907264,0.7842377426142155,0.798956141110077,1.6193599734723054,-0.8838576951335475,0.2260490503566406,0.287033186617813,5.524169956006401,False,insufficient_egarch_obs
orig E1 capped,Gross before costs,997,garch11_residual_fallback_insufficient_egarch_obs,60,ok,60,1.588011460346765,0.8993950834359602,1.4947710412349824,3.8143347697296717,-0.4800393731129813,0.22548606021471831,0.24239997405613942,116.099667462154,False,insufficient_egarch_obs
orig E1 capped,Gross before costs,998,garch11_residual_fallback_insufficient_egarch_obs,60,ok,60,0.7488062528426234,0.9701133544722602,1.020823988903884,2.246766112002899,-0.7036521508083812,0.24758789906827933,0.257446200725036,16.357182044868047,False,insufficient_egarch_obs
orig E1 capped,Gross before costs,999,garch11_residual_fallback_insufficient_egarch_obs,60,ok,60,1.1032768411639013,0.7175244246865753,1.3928942518490504,3.3646788506589695,-0.4647467621942931,0.17847307492546835,0.2439395937814992,41.160647643385545,False,insufficient_egarch_obs
