Strategy,Return basis,path_id,method,n_source_obs,status,n_obs,annualized_return,annualized_volatility,sharpe,sortino,max_drawdown,var_95,cvar_95,terminal_wealth,defaulted,block_length
orig Equal premium capped,Full-cost net,0,circular_block_bootstrap,60,ok,60,1.2587113296729453,1.354794879514863,1.1596247066668781,2.8925740954019705,-0.6009120061872286,0.2833244470519697,0.37323722205389376,58.79002588570608,False,6
orig Equal premium capped,Full-cost net,1,circular_block_bootstrap,60,ok,60,-0.5596045262021356,1.3276970009303912,-0.026772633395369436,-0.046346920837647056,-0.9919003706225289,0.4593182835696065,0.4673337805229828,0.016565869435164308,False,6
orig Equal premium capped,Full-cost net,2,circular_block_bootstrap,60,ok,60,-0.5681297785816757,1.2726534386001722,-0.10227144334859053,-0.1775346396919542,-0.985176338828437,0.3867498232090164,0.4726774451585669,0.01502333310309042,False,6
orig Equal premium capped,Full-cost net,3,circular_block_bootstrap,60,ok,60,-0.09201671079043872,1.1407172348063161,0.40837954084361455,0.782405502925952,-0.911965806253511,0.33358474511778097,0.3942406692028135,0.617147932717635,False,6
orig Equal premium capped,Full-cost net,4,circular_block_bootstrap,60,ok,60,-0.2084416809562336,1.1925310885444422,0.3422262139672578,0.616273969162101,-0.8197618218451663,0.34641554298483634,0.4726774451585669,0.310752468942346,False,6
orig Equal premium capped,Full-cost net,5,circular_block_bootstrap,60,ok,60,0.2091444520605512,1.5141395829789874,0.6852563024283471,1.725937715504566,-0.8474932679277035,0.3274737425157489,0.3663610170192402,2.5845857031457493,False,6
orig Equal premium capped,Full-cost net,6,circular_block_bootstrap,60,ok,60,0.0760232378187069,1.2328796186168258,0.5900176648158304,1.1786282832788333,-0.9409973000808487,0.34010681468348986,0.41507262902332176,1.442474858253026,False,6
orig Equal premium capped,Full-cost net,7,circular_block_bootstrap,60,ok,60,-0.27560061887406173,0.8158755660053797,0.0013008219558492686,0.0019796452394033833,-0.8548294935448459,0.34047329348037475,0.34047329348037475,0.1994758631879313,False,6
orig Equal premium capped,Full-cost net,8,circular_block_bootstrap,60,ok,60,0.043735202913273374,0.9569232580558316,0.472100077841888,0.8612906611683061,-0.8949719416147249,0.33358474511778097,0.3867678709712656,1.238658700679428,False,6
orig Equal premium capped,Full-cost net,9,circular_block_bootstrap,60,ok,60,-0.7035530569276426,1.1676208197654458,-0.5055447922848267,-0.8109221436182349,-0.9979418618920357,0.38293043055845905,0.4311437282557531,0.0022894696014793482,False,6
orig Equal premium capped,Full-cost net,10,circular_block_bootstrap,60,ok,60,-0.5256034016136184,1.294935525854302,-0.009345792501974013,-0.01649785670017105,-0.9866714902546334,0.46032022068877854,0.47935702595304713,0.024027458261857246,False,6
orig Equal premium capped,Full-cost net,11,circular_block_bootstrap,60,ok,60,-0.18257477472050265,1.3225879607556417,0.3273528838434287,0.7615214954282823,-0.9138467499662942,0.3320317451991967,0.3380562589671839,0.3649557229622106,False,6
orig Equal premium capped,Full-cost net,12,circular_block_bootstrap,60,ok,60,-0.5626372940848342,0.9224928274158968,-0.39993951870357397,-0.5529819603534611,-0.9962845597288138,0.46032022068877854,0.47935702595304713,0.016003270243173877,False,6
orig Equal premium capped,Full-cost net,13,circular_block_bootstrap,60,ok,60,-0.02456782648463607,1.2229630450966762,0.482887461281506,1.0135444751133253,-0.8274070846791319,0.3332221899408023,0.3468069376509546,0.8830501751211352,False,6
orig Equal premium capped,Full-cost net,14,circular_block_bootstrap,60,ok,60,-0.23262322731086715,1.2576603383126286,0.31379428954145927,0.601576735049969,-0.8945147790358885,0.342596150334279,0.40839304822884154,0.2660990034992338,False,6
orig Equal premium capped,Full-cost net,15,circular_block_bootstrap,60,ok,60,-0.436783300066359,1.3074894723725743,0.09342758992577145,0.1806847099754747,-0.9778158299030209,0.3379839578295857,0.42638286766767614,0.05667318467515451,False,6
orig Equal premium capped,Full-cost net,16,circular_block_bootstrap,60,ok,60,-0.46325315761688035,1.0985921887653218,-0.07600363614336447,-0.12779231869111898,-0.9698773020922046,0.3379839578295857,0.368778051532431,0.04454997770893114,False,6
orig Equal premium capped,Full-cost net,17,circular_block_bootstrap,60,ok,60,0.5438509792974793,1.2261759163238524,0.8987407807034274,1.868434158352333,-0.6491524274576705,0.33345372745194996,0.4188298357676559,8.770551197295658,False,6
orig Equal premium capped,Full-cost net,18,circular_block_bootstrap,60,ok,60,-0.38559829087520225,1.4144202600650995,0.24348385374795908,0.47040595068477536,-0.9647134250361266,0.4593182835696065,0.4673337805229828,0.08755119448613463,False,6
orig Equal premium capped,Full-cost net,19,circular_block_bootstrap,60,ok,60,-0.2109109893520963,1.204270109882196,0.3107392578373755,0.5884104850248485,-0.9563571690862808,0.38293043055845905,0.4311437282557531,0.30593557147016065,False,6
orig Equal premium capped,Full-cost net,20,circular_block_bootstrap,60,ok,60,0.9697088966052225,1.0485102718905213,1.1444714147039359,2.304671265189693,-0.5967944175090459,0.3332221899408023,0.39627023675520445,29.64901245228129,False,6
orig Equal premium capped,Full-cost net,21,circular_block_bootstrap,60,ok,60,-0.31703301054275257,1.3322024026166885,0.25492971689093535,0.5045812752576442,-0.79851747433362,0.3867498232090164,0.46599786436408674,0.14859307322635534,False,6
orig Equal premium capped,Full-cost net,22,circular_block_bootstrap,60,ok,60,-0.23368097425946965,1.1605359065680438,0.30914282324428355,0.5335554923055568,-0.8398772838059396,0.3877517603281884,0.47935702595304713,0.2642701070056718,False,6
orig Equal premium capped,Full-cost net,23,circular_block_bootstrap,60,ok,60,-0.08824421453221376,1.1456068139720716,0.4174567323340532,0.7981062548978265,-0.8658038455137675,0.33785294016375467,0.39445457447947163,0.6300755669204913,False,6
orig Equal premium capped,Full-cost net,24,circular_block_bootstrap,60,ok,60,0.07311572777322617,1.2205508103499425,0.5642012156362594,1.1604376344417597,-0.9197993965779272,0.33785294016375467,0.3738840499402328,1.4230914193952249,False,6
orig Equal premium capped,Full-cost net,25,circular_block_bootstrap,60,ok,60,-0.46220397310331063,1.3528125005055331,0.0969417424193365,0.18641941841656812,-0.9487068451585462,0.3867498232090164,0.4726774451585669,0.044987094719332744,False,6
orig Equal premium capped,Full-cost net,26,circular_block_bootstrap,60,ok,60,-0.3159147792000271,1.3653579222728873,0.2880645396625961,0.5647573238087016,-0.9734511629752699,0.46032022068877854,0.47935702595304713,0.14981353075087236,False,6
orig Equal premium capped,Full-cost net,27,circular_block_bootstrap,60,ok,60,-0.10442064789612981,1.4409881983492776,0.46247060785626093,1.0646504266415073,-0.8744600414938201,0.3379839578295857,0.3942406692028135,0.5761298286555868,False,6
orig Equal premium capped,Full-cost net,28,circular_block_bootstrap,60,ok,60,-0.2529718847875789,1.4368259872228546,0.36361325486943863,0.7605310725217984,-0.964716769823527,0.38293043055845905,0.4211243570640328,0.23264018596050723,False,6
orig Equal premium capped,Full-cost net,29,circular_block_bootstrap,60,ok,60,0.3170937900634032,1.228093782691737,0.7565403214325204,1.5705231325783149,-0.8221908462047752,0.3379839578295857,0.3942406692028135,3.9635424195246465,False,6
orig Equal premium capped,Full-cost net,30,circular_block_bootstrap,60,ok,60,0.019723254458905437,1.0592507026276778,0.4738800101428005,0.9244373483552711,-0.8485818579980232,0.33345372745194996,0.3792148390712453,1.1025838243694126,False,6
orig Equal premium capped,Full-cost net,31,circular_block_bootstrap,60,ok,60,0.23165300707698933,1.3086699969448148,0.6813010819698186,1.503339240565381,-0.7332991099277493,0.38293043055845905,0.4020273938112459,2.8342741614823703,False,6
orig Equal premium capped,Full-cost net,32,circular_block_bootstrap,60,ok,60,0.012522304480143687,1.2975517838491248,0.5288602055691359,1.126126951930693,-0.8602227668014686,0.3379839578295857,0.42638286766767614,1.0641993627363975,False,6
orig Equal premium capped,Full-cost net,33,circular_block_bootstrap,60,ok,60,-0.4661267822255605,1.342327054869914,0.1080001319896224,0.19776138144482577,-0.9757156392831975,0.4593182835696065,0.46933765476132683,0.04337012493145742,False,6
orig Equal premium capped,Full-cost net,34,circular_block_bootstrap,60,ok,60,0.04765253169741768,1.4024767403264955,0.5853023925104562,1.2846734443843413,-0.769597070789982,0.3379839578295857,0.3942406692028135,1.2620784002421674,False,6
orig Equal premium capped,Full-cost net,35,circular_block_bootstrap,60,ok,60,0.2603834645346683,1.3625862949914682,0.7179788058770427,1.593854347516818,-0.7925881347991208,0.33570760197168514,0.44053524669370425,3.180632441436815,False,6
orig Equal premium capped,Full-cost net,36,circular_block_bootstrap,60,ok,60,-0.36470470278332134,0.9495644710348504,0.009128278389452807,0.013511278137398691,-0.9837033619184122,0.34641554298483634,0.4726774451585669,0.10348519023943538,False,6
orig Equal premium capped,Full-cost net,37,circular_block_bootstrap,60,ok,60,-0.2510717423333476,1.041499453689684,0.20812901809968898,0.3458745743439541,-0.8877002419933984,0.3379839578295857,0.42638286766767614,0.2356139965067437,False,6
orig Equal premium capped,Full-cost net,38,circular_block_bootstrap,60,ok,60,0.16598976390817266,1.196812536935537,0.6186140474374425,1.2873337554882012,-0.7079920581216719,0.3379839578295857,0.368778051532431,2.1551310750638484,False,6
orig Equal premium capped,Full-cost net,39,circular_block_bootstrap,60,ok,60,-0.32402884444700664,1.315510950854059,0.2479188525408917,0.4783295383579246,-0.9158172620242868,0.3867498232090164,0.46599786436408674,0.1411369807174636,False,6
orig Equal premium capped,Full-cost net,40,circular_block_bootstrap,60,ok,60,-0.3288688964873263,1.1574548756782637,0.16971354780524484,0.30189637611774817,-0.9642135612500015,0.3379839578295857,0.43306244846215636,0.13615601533626936,False,6
orig Equal premium capped,Full-cost net,41,circular_block_bootstrap,60,ok,60,-0.5546950842547791,1.350939915326172,-0.027608379723134575,-0.04990630424335255,-0.9869640788641187,0.3867498232090164,0.46599786436408674,0.01751005244233559,False,6
orig Equal premium capped,Full-cost net,42,circular_block_bootstrap,60,ok,60,-0.2792510741672688,1.181346428171777,0.2519608699826672,0.44483416569605805,-0.925284073552234,0.4593182835696065,0.46933765476132683,0.1945001851382693,False,6
orig Equal premium capped,Full-cost net,43,circular_block_bootstrap,60,ok,60,-0.09565236088736517,1.3974105268702164,0.4907113174898331,1.0341487199552635,-0.8843091851295379,0.342596150334279,0.40839304822884154,0.6048908926987058,False,6
orig Equal premium capped,Full-cost net,44,circular_block_bootstrap,60,ok,60,0.29349297809887087,1.3455501397582177,0.7519310138868115,1.6001940122131042,-0.7462128366283233,0.33570760197168514,0.43385566589922403,3.62093206827065,False,6
orig Equal premium capped,Full-cost net,45,circular_block_bootstrap,60,ok,60,0.37174269890303346,1.1201001280909126,0.7604240780544618,1.570617368278525,-0.8119989234168542,0.3332221899408023,0.3468069376509546,4.856946131335463,False,6
orig Equal premium capped,Full-cost net,46,circular_block_bootstrap,60,ok,60,0.12366736459506189,1.1077836129939993,0.6164920288479552,1.1285988773485505,-0.8186469876109473,0.3439262073340472,0.4726774451585669,1.7913846055696048,False,6
orig Equal premium capped,Full-cost net,47,circular_block_bootstrap,60,ok,60,-0.2358267502689404,1.1541008860303321,0.2994388023641061,0.5204049840186253,-0.9644180781671481,0.4593182835696065,0.46933765476132683,0.2605908452810824,False,6
orig Equal premium capped,Full-cost net,48,circular_block_bootstrap,60,ok,60,-0.4023922083022319,1.262749504802192,0.1329989383990043,0.24109372866116824,-0.9695696038756517,0.4593182835696065,0.4643279691654667,0.07622216078186832,False,6
orig Equal premium capped,Full-cost net,49,circular_block_bootstrap,60,ok,60,-0.19540506466684282,1.1597136330087814,0.3114758216977689,0.5869512758013478,-0.8892232057312636,0.3379839578295857,0.42638286766767614,0.33719915100775993,False,6
orig Equal premium capped,Full-cost net,50,circular_block_bootstrap,60,ok,60,-0.41628764205944346,1.2748834228665864,0.1095946614145749,0.20298491527577256,-0.9497987696922406,0.38293043055845905,0.4311437282557531,0.06776328320879824,False,6
orig Equal premium capped,Full-cost net,51,circular_block_bootstrap,60,ok,60,-0.21434760476060466,1.133986591543125,0.25256047687976174,0.4886130453095162,-0.9543465745651669,0.34047329348037475,0.37018454100268267,0.29933134315479953,False,6
orig Equal premium capped,Full-cost net,52,circular_block_bootstrap,60,ok,60,-0.4937311629857638,1.343390262442994,0.06379460013183463,0.11723000296915193,-0.970534909047702,0.4593182835696065,0.4643279691654667,0.03325875422128192,False,6
orig Equal premium capped,Full-cost net,53,circular_block_bootstrap,60,ok,60,-0.3877272018151604,1.2585335211731679,0.166333900810024,0.297939205132253,-0.9772371996078946,0.38293043055845905,0.42613404265989296,0.0860448389389062,False,6
orig Equal premium capped,Full-cost net,54,circular_block_bootstrap,60,ok,60,-0.4487316866812846,1.2692655065127887,0.0623460590590717,0.11651237081119882,-0.9761946573330332,0.342596150334279,0.43385566589922403,0.05091141299624571,False,6
orig Equal premium capped,Full-cost net,55,circular_block_bootstrap,60,ok,60,-0.14406960834962157,1.4189002821609027,0.4506699961423935,0.9738608708683689,-0.7893220536873216,0.34010681468348986,0.44053524669370425,0.4594013171776864,False,6
orig Equal premium capped,Full-cost net,56,circular_block_bootstrap,60,ok,60,-0.32218568248154866,0.9705679664483993,0.0673231551919862,0.10453886962769486,-0.9631663237145176,0.34047329348037475,0.40490547412085076,0.1430716847188805,False,6
orig Equal premium capped,Full-cost net,57,circular_block_bootstrap,60,ok,60,0.6251460959489532,1.144793224284418,0.9049583615792063,1.9836738573111263,-0.6934607428905518,0.33345372745194996,0.39336721809727343,11.336057613221092,False,6
orig Equal premium capped,Full-cost net,58,circular_block_bootstrap,60,ok,60,-0.1375511001337162,1.49741682600756,0.49166542545878505,1.0708550317258358,-0.8289292922018795,0.34010681468348986,0.40839304822884154,0.47716311240569886,False,6
orig Equal premium capped,Full-cost net,59,circular_block_bootstrap,60,ok,60,-0.3037880398530066,1.4110813488289853,0.32578282491457694,0.6378126538942845,-0.9067079479532479,0.4593182835696065,0.4643279691654667,0.1635714104478459,False,6
orig Equal premium capped,Full-cost net,60,circular_block_bootstrap,60,ok,60,-0.4945967018102565,1.1325115142604134,-0.055391074377880004,-0.0882327673490394,-0.993005169561094,0.47935702595304713,0.47935702595304713,0.03297542174077662,False,6
orig Equal premium capped,Full-cost net,61,circular_block_bootstrap,60,ok,60,0.20118040204618293,1.043261239460696,0.6657145779977974,1.199194992415534,-0.8338814334840041,0.342596150334279,0.43385566589922403,2.5005825091808864,False,6
orig Equal premium capped,Full-cost net,62,circular_block_bootstrap,60,ok,60,-0.5333566781397323,1.2558528590999476,-0.06528103904122481,-0.11564066341110098,-0.9912772885595488,0.3867498232090164,0.4726774451585669,0.022127139561553887,False,6
orig Equal premium capped,Full-cost net,63,circular_block_bootstrap,60,ok,60,-0.7494971181306571,1.1113554604210676,-0.6979537941714045,-1.0354842816054297,-0.9993870067615145,0.46032022068877854,0.47935702595304713,0.0009864240051639956,False,6
orig Equal premium capped,Full-cost net,64,circular_block_bootstrap,60,ok,60,-0.35213971546363143,1.242979775084158,0.18335263929743842,0.33904465675908874,-0.9453790169767016,0.3877517603281884,0.47935702595304713,0.1141318316430379,False,6
orig Equal premium capped,Full-cost net,65,circular_block_bootstrap,60,ok,60,-0.39228862599564995,1.3189234643530876,0.1819246811654924,0.34082215644163066,-0.9613564002836033,0.38293043055845905,0.40761820890213557,0.08288707682746704,False,6
orig Equal premium capped,Full-cost net,66,circular_block_bootstrap,60,ok,60,0.3718912062829487,1.010312221510203,0.766328941930886,1.4799709793305773,-0.7078652054186942,0.33226328271034433,0.4255094165621361,4.859575810132746,False,6
orig Equal premium capped,Full-cost net,67,circular_block_bootstrap,60,ok,60,0.24923682443751471,1.394531567387018,0.7209777336915603,1.600239484383451,-0.7596158655146628,0.38293043055845905,0.4261340426598929,3.042453073337757,False,6
orig Equal premium capped,Full-cost net,68,circular_block_bootstrap,60,ok,60,0.2151490744090494,1.1486278783057742,0.6780440675031203,1.315363356154331,-0.8577209494435973,0.33345372745194996,0.4255094165621361,2.6494016479188955,False,6
orig Equal premium capped,Full-cost net,69,circular_block_bootstrap,60,ok,60,-0.3359575572769441,1.3653303613189605,0.24841946440319762,0.5154865239771992,-0.9544685947832435,0.3379839578295857,0.40092024999729364,0.12911574111628202,False,6
orig Equal premium capped,Full-cost net,70,circular_block_bootstrap,60,ok,60,-0.07029628141868094,1.3036428062623415,0.46556659384871185,1.012438718421487,-0.8710728512195871,0.33785294016375467,0.3497774010915858,0.6945809056073634,False,6
orig Equal premium capped,Full-cost net,71,circular_block_bootstrap,60,ok,60,-0.37548022169425166,1.3147574496693195,0.18932398327781938,0.3625165285541289,-0.9568533410014527,0.38293043055845905,0.42613404265989296,0.09500161415111703,False,6
orig Equal premium capped,Full-cost net,72,circular_block_bootstrap,60,ok,60,-0.42980907335913154,1.4804640661935191,0.21890656823205992,0.43365947673947397,-0.9651413502501787,0.4593182835696065,0.46933765476132683,0.060270044321584296,False,6
orig Equal premium capped,Full-cost net,73,circular_block_bootstrap,60,ok,60,-0.22555234646649946,1.4528949048542261,0.3928296134127893,0.8507528282646235,-0.9156386106922212,0.3379839578295857,0.40092024999729364,0.2785866758353932,False,6
orig Equal premium capped,Full-cost net,74,circular_block_bootstrap,60,ok,60,-0.4980790173338402,1.403279623490941,0.07821372995088037,0.1511793248034255,-0.9790556657803806,0.38293043055845905,0.41749332023960617,0.031854937557151866,False,6
orig Equal premium capped,Full-cost net,75,circular_block_bootstrap,60,ok,60,-0.362808413948872,1.3836590882221615,0.22356749150088662,0.4586478385333136,-0.9608821274834392,0.342596150334279,0.40839304822884154,0.10503889929108723,False,6
orig Equal premium capped,Full-cost net,76,circular_block_bootstrap,60,ok,60,0.15487955676319975,1.2423826781490057,0.6214707408121783,1.3147664108152366,-0.7437206324222518,0.3332221899408023,0.35989162937447766,2.0543927251239533,False,6
orig Equal premium capped,Full-cost net,77,circular_block_bootstrap,60,ok,60,0.3050661765240468,1.2150925246469637,0.7330326174028579,1.5452019604833518,-0.6960813459917945,0.33345372745194996,0.4000467988917536,3.7858436208269364,False,6
orig Equal premium capped,Full-cost net,78,circular_block_bootstrap,60,ok,60,0.3677587034470011,1.1590024756737454,0.732839113674113,1.6509411147255024,-0.9053789653545783,0.34047329348037475,0.3510875777498958,4.7868237265476115,False,6
orig Equal premium capped,Full-cost net,79,circular_block_bootstrap,60,ok,60,-0.11465303411372973,1.388927062865597,0.464091319556053,0.9724989707521935,-0.950407591917522,0.3867498232090164,0.46599786436408674,0.5439606905324076,False,6
orig Equal premium capped,Full-cost net,80,circular_block_bootstrap,60,ok,60,-0.314121360882894,1.1310022752279765,0.17625753389706636,0.30545584072796633,-0.9378120683530925,0.38293043055845905,0.4261340426598929,0.15178763259068825,False,6
orig Equal premium capped,Full-cost net,81,circular_block_bootstrap,60,ok,60,-0.4305717308855842,1.179412892908354,0.04258283044099294,0.07497901774130121,-0.9630253681962871,0.342596150334279,0.41507262902332176,0.05986805085496788,False,6
orig Equal premium capped,Full-cost net,82,circular_block_bootstrap,60,ok,60,-0.49458957321254926,1.0313156061357593,-0.18983547658833924,-0.3111471487026383,-0.9719501844588085,0.342596150334279,0.44053524669370425,0.03297774736021685,False,6
orig Equal premium capped,Full-cost net,83,circular_block_bootstrap,60,ok,60,-0.22789192423391835,1.0534931841581376,0.25761968419406783,0.4213861714091564,-0.903925183951653,0.342596150334279,0.43385566589922403,0.27440402326315844,False,6
orig Equal premium capped,Full-cost net,84,circular_block_bootstrap,60,ok,60,-0.46887177342332653,1.4310458232111567,0.1477228819536745,0.2812696918346151,-0.987087734603009,0.4593182835696065,0.4673337805229828,0.042266560904886494,False,6
orig Equal premium capped,Full-cost net,85,circular_block_bootstrap,60,ok,60,-0.3580586582300215,1.0793324301172391,0.0990036880775152,0.16347938979329876,-0.9469770197262375,0.3877517603281884,0.47935702595304713,0.10901260762797957,False,6
orig Equal premium capped,Full-cost net,86,circular_block_bootstrap,60,ok,60,-0.3317447825611095,1.0759624140138266,0.15223644191201344,0.2407157490981435,-0.9706462611410807,0.4593182835696065,0.46933765476132683,0.13326367668826328,False,6
orig Equal premium capped,Full-cost net,87,circular_block_bootstrap,60,ok,60,-0.47861431097667617,1.287561935152799,0.021157294335810706,0.039987803961540225,-0.9910531673675906,0.342596150334279,0.44053524669370425,0.03852969156795757,False,6
orig Equal premium capped,Full-cost net,88,circular_block_bootstrap,60,ok,60,-0.5996150131360213,1.3289791240583668,-0.14342397146252792,-0.26532525124647066,-0.9947102373199235,0.342596150334279,0.4472148274881844,0.01028937326745713,False,6
orig Equal premium capped,Full-cost net,89,circular_block_bootstrap,60,ok,60,-0.07022761098811525,0.9735310751048363,0.38201746898727396,0.6500714556709686,-0.9423129457137978,0.3379839578295857,0.40092024999729364,0.6948374616235525,False,6
orig Equal premium capped,Full-cost net,90,circular_block_bootstrap,60,ok,60,-0.05022577079393287,1.0822140140533372,0.4220895124167794,0.8059506140513478,-0.9150897576560693,0.33345372745194996,0.3537522214008628,0.7728619158075781,False,6
orig Equal premium capped,Full-cost net,91,circular_block_bootstrap,60,ok,60,-0.07367384628146945,1.302255870206286,0.4925838619838482,0.9971237266339515,-0.8340092687551769,0.33358474511778097,0.42638286766767614,0.6820553660395535,False,6
orig Equal premium capped,Full-cost net,92,circular_block_bootstrap,60,ok,60,-0.12272032350327067,1.0183070126862799,0.3749411462576898,0.6019799460234128,-0.8614675017685549,0.34641554298483634,0.46599786436408674,0.5196253642527127,False,6
orig Equal premium capped,Full-cost net,93,circular_block_bootstrap,60,ok,60,-0.3080860113288,0.9785180628852771,0.08846464127947834,0.14085984007249394,-0.9722701090985575,0.342596150334279,0.40839304822884154,0.15858443341186512,False,6
orig Equal premium capped,Full-cost net,94,circular_block_bootstrap,60,ok,60,-0.29676369780923706,1.56271250754484,0.340041580003764,0.795751766665002,-0.903734477157079,0.33345372745194996,0.35287877029532283,0.17199127188014282,False,6
orig Equal premium capped,Full-cost net,95,circular_block_bootstrap,60,ok,60,-0.29842989755176597,1.2628436647180499,0.22920963902314345,0.44831461212837126,-0.9676669035168571,0.38293043055845905,0.4311437282557531,0.1699633826869972,False,6
orig Equal premium capped,Full-cost net,96,circular_block_bootstrap,60,ok,60,-0.11291000171285193,1.3450222706058474,0.4376212228764317,0.9478172899748258,-0.8161681837565857,0.3379839578295857,0.368778051532431,0.5493364461391721,False,6
orig Equal premium capped,Full-cost net,97,circular_block_bootstrap,60,ok,60,-0.19369861687314904,1.2683544765960706,0.3435724664678523,0.7031390325783138,-0.924564722841046,0.342596150334279,0.38293043055845905,0.34079014235356037,False,6
orig Equal premium capped,Full-cost net,98,circular_block_bootstrap,60,ok,60,-0.4326883193193978,1.111640713413225,-0.021567309948276797,-0.03748177034336846,-0.9566770458226066,0.342596150334279,0.41507262902332176,0.05876363166448676,False,6
orig Equal premium capped,Full-cost net,99,circular_block_bootstrap,60,ok,60,-0.16348156885637732,1.2757102551682131,0.3906602722126036,0.7696883413694532,-0.7325902499370609,0.38293043055845905,0.42613404265989296,0.4096166216960862,False,6
orig Equal premium capped,Full-cost net,100,circular_block_bootstrap,60,ok,60,-0.3845952627843472,1.1551469440561604,0.05996517010482744,0.1118549285453175,-0.977814952930487,0.34047329348037475,0.3767414673905261,0.0882681806192103,False,6
orig Equal premium capped,Full-cost net,101,circular_block_bootstrap,60,ok,60,0.34112852190813636,1.3910309322469998,0.7405896169006013,1.7977214799893657,-0.813983870947979,0.33358474511778097,0.3942406692028135,4.3386237966545345,False,6
orig Equal premium capped,Full-cost net,102,circular_block_bootstrap,60,ok,60,-0.38395288478500766,1.2642036697282357,0.14407380850790916,0.27606930077890734,-0.9616458846533857,0.3379839578295857,0.40092024999729364,0.08872982830411129,False,6
orig Equal premium capped,Full-cost net,103,circular_block_bootstrap,60,ok,60,0.1382192566664111,1.4286877217536587,0.653028233037479,1.4438908130591057,-0.8166798136262683,0.38293043055845905,0.4211243570640328,1.910423466797034,False,6
orig Equal premium capped,Full-cost net,104,circular_block_bootstrap,60,ok,60,-0.06923363611941757,1.3522489365325037,0.4762481957902315,1.037091203099381,-0.8303321082924224,0.342596150334279,0.40839304822884154,0.6985594974988223,False,6
orig Equal premium capped,Full-cost net,105,circular_block_bootstrap,60,ok,60,-0.5074598058172117,1.0442132901189929,-0.20465416147032153,-0.34381818668312264,-0.9830737295020695,0.34047329348037475,0.3701845410026827,0.02898734145821068,False,6
orig Equal premium capped,Full-cost net,106,circular_block_bootstrap,60,ok,60,-0.06523314838286531,1.2248920262866563,0.4556311084764967,0.9177783267854676,-0.9250197937137983,0.3379839578295857,0.40092024999729364,0.7137013462316079,False,6
orig Equal premium capped,Full-cost net,107,circular_block_bootstrap,60,ok,60,-0.07912062114551432,1.196056503310762,0.4117973765736279,0.8446964215568129,-0.8618833566563116,0.34047329348037475,0.35108757774989585,0.6622374547112906,False,6
orig Equal premium capped,Full-cost net,108,circular_block_bootstrap,60,ok,60,0.014698155396550394,1.26026724346107,0.5124001464225653,1.0953032377756253,-0.8067217639894877,0.342596150334279,0.41507262902332176,1.0756831220201115,False,6
orig Equal premium capped,Full-cost net,109,circular_block_bootstrap,60,ok,60,0.10616466317154805,1.1392243516027276,0.5883118931047968,1.1538186077303862,-0.8502402579897049,0.34047329348037475,0.40490547412085076,1.656147080329348,False,6
orig Equal premium capped,Full-cost net,110,circular_block_bootstrap,60,ok,60,-0.31465816483014564,1.4156203047823073,0.27947316039154724,0.5885657915048416,-0.9651252815904107,0.38293043055845905,0.4070370794071061,0.15119457753504262,False,6
orig Equal premium capped,Full-cost net,111,circular_block_bootstrap,60,ok,60,-0.7180795815287411,1.1450364923435774,-0.5554200428188633,-0.8464623198313336,-0.9986064333376974,0.47935702595304713,0.47935702595304713,0.0017808717998744918,False,6
orig Equal premium capped,Full-cost net,112,circular_block_bootstrap,60,ok,60,-0.3308342705191042,1.3829847088870386,0.2503342228892522,0.5193291545251041,-0.916345403057958,0.342596150334279,0.40839304822884154,0.1341740271186198,False,6
orig Equal premium capped,Full-cost net,113,circular_block_bootstrap,60,ok,60,-0.5244610014784006,1.2762616998456282,-0.017697710278710196,-0.031230076902520193,-0.9750965530276345,0.3877517603281884,0.47935702595304713,0.024318159025657916,False,6
orig Equal premium capped,Full-cost net,114,circular_block_bootstrap,60,ok,60,-0.016600919895847666,1.2830707125412095,0.5083976474356849,1.0717101904236566,-0.8950356264765026,0.3379839578295857,0.40092024999729364,0.9197059338595189,False,6
orig Equal premium capped,Full-cost net,115,circular_block_bootstrap,60,ok,60,-0.19236537367715845,1.1504572482852162,0.31780138084150344,0.5793094394063326,-0.959579334239956,0.3867498232090164,0.46599786436408674,0.3436170084445314,False,6
orig Equal premium capped,Full-cost net,116,circular_block_bootstrap,60,ok,60,0.2622664012906615,0.9129950546100548,0.6862303992557605,1.2356473761806541,-0.5953443269752992,0.31024965709811103,0.3767978045580545,3.204461898310805,False,6
orig Equal premium capped,Full-cost net,117,circular_block_bootstrap,60,ok,60,-0.04604603791743367,1.3177967693496602,0.49169156498563127,1.0338927842827519,-0.8513276558899626,0.33570760197168514,0.4472148274881844,0.7900181711207634,False,6
orig Equal premium capped,Full-cost net,118,circular_block_bootstrap,60,ok,60,-0.38585030639312057,1.242210797640537,0.1102730947502891,0.2138895848300481,-0.9604967605640691,0.34047329348037475,0.3858085108680639,0.08737178282381179,False,6
orig Equal premium capped,Full-cost net,119,circular_block_bootstrap,60,ok,60,-0.5126193594343911,1.285833572342433,0.03382309607425352,0.05695183417731589,-0.992056539946185,0.46032022068877854,0.47935702595304713,0.02750054952067857,False,6
orig Equal premium capped,Full-cost net,120,circular_block_bootstrap,60,ok,60,-0.39258292028806707,1.3985080390666205,0.22461474387448985,0.4343241337245781,-0.9534445383873114,0.46032022068877854,0.47935702595304713,0.08268657392024308,False,6
orig Equal premium capped,Full-cost net,121,circular_block_bootstrap,60,ok,60,-0.16580162221138162,1.1697694483606704,0.3676501458212439,0.6801997911135342,-0.7509508346528404,0.34641554298483634,0.4726774451585669,0.4039677587571571,False,6
orig Equal premium capped,Full-cost net,122,circular_block_bootstrap,60,ok,60,-0.6229368678668907,1.3721517799456797,-0.1555469686793396,-0.2916531354238197,-0.9971724749665771,0.3867498232090164,0.4726774451585669,0.007622024733096745,False,6
orig Equal premium capped,Full-cost net,123,circular_block_bootstrap,60,ok,60,0.7475222020243881,1.0488911064793924,1.0137883952581785,2.085764407582882,-0.7508039416348156,0.28018166219571516,0.42354813324515006,16.297219335258248,False,6
orig Equal premium capped,Full-cost net,124,circular_block_bootstrap,60,ok,60,-0.09218873665958904,1.1801882882101287,0.45273358940574576,0.8109568038732106,-0.9465028310655966,0.4593182835696065,0.46933765476132683,0.6165635321545634,False,6
orig Equal premium capped,Full-cost net,125,circular_block_bootstrap,60,ok,60,-0.556195736061625,1.3977469811305092,0.010275731390452854,0.018932605439766697,-0.9761717000531132,0.46032022068877854,0.47935702595304713,0.01721699496406312,False,6
orig Equal premium capped,Full-cost net,126,circular_block_bootstrap,60,ok,60,-0.18313023795097394,1.2271675031783966,0.39333417741037724,0.7218227986188643,-0.9703533672906457,0.3449281444532193,0.47935702595304713,0.3637174190864407,False,6
orig Equal premium capped,Full-cost net,127,circular_block_bootstrap,60,ok,60,-0.2509848636613172,1.0477378923112792,0.19855328327577357,0.3476429958277954,-0.9622367152656565,0.34047329348037475,0.37018454100268267,0.23575068904460775,False,6
orig Equal premium capped,Full-cost net,128,circular_block_bootstrap,60,ok,60,0.23516376939134265,1.4831438683226268,0.7156398153406622,1.7010964214948168,-0.801665248929796,0.33226328271034433,0.4188298357676559,2.874899854471247,False,6
orig Equal premium capped,Full-cost net,129,circular_block_bootstrap,60,ok,60,-0.1952421197292119,1.2260847476658034,0.34598930719047877,0.6656778106765302,-0.9036005795153625,0.34010681468348986,0.4472148274881844,0.3375407337805404,False,6
orig Equal premium capped,Full-cost net,130,circular_block_bootstrap,60,ok,60,-0.31808994367621357,1.1411680263772206,0.1800001338887314,0.31122698241285884,-0.9621150071624994,0.3867498232090164,0.46599786436408674,0.14744684215989276,False,6
orig Equal premium capped,Full-cost net,131,circular_block_bootstrap,60,ok,60,-0.18242497246630252,1.06495443449891,0.3079284199439498,0.5235530737130832,-0.8243472601496135,0.4593182835696065,0.46432796916546665,0.3652902565083387,False,6
orig Equal premium capped,Full-cost net,132,circular_block_bootstrap,60,ok,60,-0.31251922117410336,1.4123938752969645,0.2618400753698031,0.5745183263791901,-0.9106546962982314,0.38293043055845905,0.4261340426598929,0.15356873310281965,False,6
orig Equal premium capped,Full-cost net,133,circular_block_bootstrap,60,ok,60,-0.0025884474731472373,1.2289626241746963,0.517339639269629,1.01993604927092,-0.8393743818805841,0.38293043055845905,0.41749332023960617,0.987124590034272,False,6
orig Equal premium capped,Full-cost net,134,circular_block_bootstrap,60,ok,60,0.10262201831054751,1.3128816710166022,0.5863695037300074,1.3152672175041442,-0.7471540900445576,0.3332221899408023,0.3580763102496307,1.6297962094050378,False,6
orig Equal premium capped,Full-cost net,135,circular_block_bootstrap,60,ok,60,-0.18585031609279057,1.2126703872687363,0.3417207698303574,0.6586169189820974,-0.8732779690911087,0.342596150334279,0.44053524669370425,0.3577019378854427,False,6
orig Equal premium capped,Full-cost net,136,circular_block_bootstrap,60,ok,60,-0.5099059211576175,1.3280833375516454,0.05044452127267591,0.08953735889841843,-0.9947490738155006,0.47935702595304713,0.47935702595304713,0.028274652605143096,False,6
orig Equal premium capped,Full-cost net,137,circular_block_bootstrap,60,ok,60,0.18731899987774914,1.0516295810549152,0.6498373487232767,1.1870751664629422,-0.7770241724984353,0.3332221899408023,0.36244915714325127,2.3595929391958856,False,6
orig Equal premium capped,Full-cost net,138,circular_block_bootstrap,60,ok,60,-0.09648032620530833,1.3153599857751117,0.4889220606817709,0.9447239798470017,-0.8538435109216234,0.4593182835696065,0.46432796916546665,0.6021269530268945,False,6
orig Equal premium capped,Full-cost net,139,circular_block_bootstrap,60,ok,60,0.8218345344151397,1.1627848585541147,0.999548037457198,2.2541492546119795,-0.5905198679338223,0.32995915454663177,0.40839304822884154,20.069874241044893,False,6
orig Equal premium capped,Full-cost net,140,circular_block_bootstrap,60,ok,60,-0.07427385823829769,1.3719683217218313,0.4587722550651083,1.052526424247128,-0.8686726955527979,0.3274737425157489,0.351335186887672,0.6798492771892101,False,6
orig Equal premium capped,Full-cost net,141,circular_block_bootstrap,60,ok,60,-0.4820015765490441,1.274653535584328,0.031724349852887024,0.05741335302614139,-0.9867344697759842,0.342596150334279,0.44053524669370425,0.03729427679295335,False,6
orig Equal premium capped,Full-cost net,142,circular_block_bootstrap,60,ok,60,-0.18107010839846982,1.2282414599360723,0.3897354989561002,0.7164991320385765,-0.9327928822939249,0.46032022068877854,0.47935702595304713,0.3683270523944676,False,6
orig Equal premium capped,Full-cost net,143,circular_block_bootstrap,60,ok,60,-0.3198952586393148,1.403057098584271,0.282277755932981,0.5824338761099808,-0.9569657896151477,0.38293043055845905,0.42613404265989296,0.14550536702164882,False,6
orig Equal premium capped,Full-cost net,144,circular_block_bootstrap,60,ok,60,0.11232916433873052,1.338747667299776,0.6250872328379704,1.3340028406321043,-0.8154931118035327,0.3345171572300795,0.43385566589922403,1.7028116823324058,False,6
orig Equal premium capped,Full-cost net,145,circular_block_bootstrap,60,ok,60,-0.49269299649499354,1.2785039358822077,0.00512101078605681,0.009661492768085823,-0.9874962190444717,0.38293043055845905,0.4311437282557531,0.03360116146257911,False,6
orig Equal premium capped,Full-cost net,146,circular_block_bootstrap,60,ok,60,0.11511842027059438,1.270860681708494,0.6230862233459649,1.280308872685258,-0.8537416900267389,0.3332221899408023,0.35500999724942844,1.7242687179339415,False,6
orig Equal premium capped,Full-cost net,147,circular_block_bootstrap,60,ok,60,-0.4376117555370723,1.0780994844791576,-0.03733074951721367,-0.062426531411738484,-0.9824859623829041,0.38293043055845905,0.4311437282557531,0.05625759607038741,False,6
orig Equal premium capped,Full-cost net,148,circular_block_bootstrap,60,ok,60,-0.07509324759569336,1.325531693742482,0.4666487659249111,0.9951064959754211,-0.8799781967004794,0.3379839578295857,0.40092024999729364,0.6768458187967679,False,6
orig Equal premium capped,Full-cost net,149,circular_block_bootstrap,60,ok,60,-0.3882720000295372,1.2557431477303802,0.1065537933669244,0.21210403116187884,-0.9807915980089955,0.3379839578295857,0.3546256725064028,0.08566270758481415,False,6
orig Equal premium capped,Full-cost net,150,circular_block_bootstrap,60,ok,60,-0.321950620482199,1.2306075486181307,0.21745805440163574,0.40456398766631996,-0.9779618120044045,0.38293043055845905,0.4311437282557531,0.14331993891880265,False,6
orig Equal premium capped,Full-cost net,151,circular_block_bootstrap,60,ok,60,0.3036692718712233,1.3091333715152786,0.7527081951493797,1.6010442621920724,-0.8494946838217432,0.3383365498806369,0.46599786436408674,3.765625667347117,False,6
orig Equal premium capped,Full-cost net,152,circular_block_bootstrap,60,ok,60,-0.4116019484872888,1.3443406374154263,0.13905043451176152,0.27595634321946455,-0.957791618085633,0.38293043055845905,0.4211243570640328,0.0705271167187976,False,6
orig Equal premium capped,Full-cost net,153,circular_block_bootstrap,60,ok,60,-0.3230573080883853,1.261048944970229,0.19031032588525007,0.3811379430378761,-0.8925991381173869,0.342596150334279,0.44053524669370425,0.1421541426436003,False,6
orig Equal premium capped,Full-cost net,154,circular_block_bootstrap,60,ok,60,0.07039309523853943,1.3402706768396515,0.5971969747887333,1.263754698865784,-0.6323443834911877,0.33570760197168514,0.43385566589922403,1.405129962730518,False,6
orig Equal premium capped,Full-cost net,155,circular_block_bootstrap,60,ok,60,-0.4547899484016953,1.1619278819096026,0.006479638865867033,0.010990024996229614,-0.9686442782829437,0.34641554298483634,0.4726774451585669,0.04817472784587902,False,6
orig Equal premium capped,Full-cost net,156,circular_block_bootstrap,60,ok,60,-0.33496479057913087,1.1449217812559216,0.1439988219518187,0.2533369232703982,-0.9237086821657625,0.34641554298483634,0.46599786436408674,0.13008379410270776,False,6
orig Equal premium capped,Full-cost net,157,circular_block_bootstrap,60,ok,60,-0.42642330640755943,1.4224907587944857,0.15595794070629476,0.3267340617930374,-0.9760600583187756,0.38293043055845905,0.4070370794071061,0.06208082513772862,False,6
orig Equal premium capped,Full-cost net,158,circular_block_bootstrap,60,ok,60,-0.04578603053116659,1.3651903793504316,0.5178975926936655,1.1194530629426749,-0.9182726276270645,0.32995915454663177,0.4472148274881844,0.7910953853830873,False,6
orig Equal premium capped,Full-cost net,159,circular_block_bootstrap,60,ok,60,-0.5447460625410636,1.2174242468045722,-0.06145614246196294,-0.09943229638403256,-0.9729352350832843,0.47935702595304713,0.4793570259530472,0.019555483283041592,False,6
orig Equal premium capped,Full-cost net,160,circular_block_bootstrap,60,ok,60,0.04280980296226944,1.4801506144650332,0.6040664207338736,1.3690809018222063,-0.8573198386033806,0.38293043055845905,0.4211243570640328,1.2331773108268254,False,6
orig Equal premium capped,Full-cost net,161,circular_block_bootstrap,60,ok,60,-0.2516648061885227,1.1393317413855921,0.2718112808558303,0.47049927259047164,-0.9568926919119827,0.4593182835696065,0.46933765476132683,0.23468257876043178,False,6
orig Equal premium capped,Full-cost net,162,circular_block_bootstrap,60,ok,60,-0.20474153347155477,1.3593532829478543,0.3571999086314073,0.7714699390725593,-0.8831117759628181,0.34010681468348986,0.41507262902332176,0.31808376778588093,False,6
orig Equal premium capped,Full-cost net,163,circular_block_bootstrap,60,ok,60,-0.4560424953669281,1.1332521203967894,-0.037805464551383915,-0.06539527014571116,-0.9840942189543936,0.34047329348037475,0.37519422659854285,0.047623889742338214,False,6
orig Equal premium capped,Full-cost net,164,circular_block_bootstrap,60,ok,60,-0.17174640129301,1.1521948317661732,0.3244217799580984,0.6321642636069653,-0.9211092371422336,0.33345372745194996,0.43218899735661626,0.38977740301887215,False,6
orig Equal premium capped,Full-cost net,165,circular_block_bootstrap,60,ok,60,0.05719061941318082,0.945059409250733,0.5037052695733172,0.8691705422882688,-0.7375995876619215,0.33345372745194996,0.3792148390712453,1.3205854398347892,False,6
orig Equal premium capped,Full-cost net,166,circular_block_bootstrap,60,ok,60,-0.17151818256735252,1.3364504346690507,0.41580545884372694,0.8327047184133598,-0.8884241371116375,0.3867498232090164,0.46599786436408674,0.39031469942949915,False,6
orig Equal premium capped,Full-cost net,167,circular_block_bootstrap,60,ok,60,-0.3955014621175227,1.497589920611933,0.2719671850076942,0.5419372350325841,-0.9770554254108563,0.4593182835696065,0.4643279691654667,0.08071909308966883,False,6
orig Equal premium capped,Full-cost net,168,circular_block_bootstrap,60,ok,60,-0.19529460467769433,1.280492712288296,0.37573726245522127,0.7235910660718293,-0.9092919524866918,0.3439262073340472,0.4593182835696065,0.3374306789564868,False,6
orig Equal premium capped,Full-cost net,169,circular_block_bootstrap,60,ok,60,0.5443631514044978,1.3087089509933443,0.8523637157555279,2.1050591690887788,-0.7770957139960675,0.2833244470519697,0.37565425656708457,8.785108992044036,False,6
orig Equal premium capped,Full-cost net,170,circular_block_bootstrap,60,ok,60,-0.3194977152793953,1.3539657992261747,0.2922835088531176,0.5545783157451283,-0.9623019461128165,0.4593182835696065,0.4643279691654667,0.14593112758999718,False,6
orig Equal premium capped,Full-cost net,171,circular_block_bootstrap,60,ok,60,-0.1656391457200037,1.547362473807908,0.47459723505972135,1.0615830214363193,-0.9193809997559722,0.38293043055845905,0.42613404265989296,0.40436131524390256,False,6
orig Equal premium capped,Full-cost net,172,circular_block_bootstrap,60,ok,60,-0.18268265998359312,1.2219172969494332,0.34736773916648617,0.6635976231354208,-0.9154080862448384,0.3867498232090164,0.4593182835696065,0.3647149489365766,False,6
orig Equal premium capped,Full-cost net,173,circular_block_bootstrap,60,ok,60,-0.38036555923919113,1.1953582817626447,0.1281521178579719,0.2268827372841792,-0.9827053919855775,0.342596150334279,0.4472148274881844,0.09134352019114711,False,6
orig Equal premium capped,Full-cost net,174,circular_block_bootstrap,60,ok,60,-0.34062000716127006,1.1766771950664692,0.13363822839202427,0.253012507624116,-0.8456761407125923,0.33358474511778097,0.40092024999729364,0.12464613811228814,False,6
orig Equal premium capped,Full-cost net,175,circular_block_bootstrap,60,ok,60,-0.62053897790151,0.9480924813290598,-0.5288959377734594,-0.7394132946002303,-0.9945836433113263,0.342596150334279,0.4472148274881844,0.007867483864400513,False,6
orig Equal premium capped,Full-cost net,176,circular_block_bootstrap,60,ok,60,-0.4393793901581864,1.3192603008099058,0.09402972298224271,0.18355719628973544,-0.9550273125578131,0.38293043055845905,0.42613404265989296,0.05537902399693566,False,6
orig Equal premium capped,Full-cost net,177,circular_block_bootstrap,60,ok,60,0.14608359416426886,1.016722660550982,0.6172943455350589,1.0829723543971497,-0.6797051434091594,0.33785294016375467,0.3985856118666806,1.9773405783715279,False,6
orig Equal premium capped,Full-cost net,178,circular_block_bootstrap,60,ok,60,-0.11776069225606223,1.2261969219285984,0.4356737318265678,0.8313529631077813,-0.9163669253804589,0.34010681468348986,0.44053524669370425,0.5344806885941797,False,6
orig Equal premium capped,Full-cost net,179,circular_block_bootstrap,60,ok,60,-0.48283422362414385,1.3768652484328854,0.0812076438637934,0.15860502900443949,-0.9887086378991404,0.3439262073340472,0.4726774451585669,0.036995498858754826,False,6
orig Equal premium capped,Full-cost net,180,circular_block_bootstrap,60,ok,60,-0.37801613543665324,1.2825658683164136,0.16885980185463878,0.31848784211066317,-0.9134702006571229,0.342596150334279,0.43385566589922403,0.09308840564950635,False,6
orig Equal premium capped,Full-cost net,181,circular_block_bootstrap,60,ok,60,-0.17194064439007328,1.2573958191986288,0.4076835395293274,0.765845082497344,-0.9566362298968365,0.4593182835696065,0.46933765476132683,0.38932056186283,False,6
orig Equal premium capped,Full-cost net,182,circular_block_bootstrap,60,ok,60,-0.4989064854841613,1.1052170716921323,-0.09913001497473728,-0.15926860426619086,-0.9896405207231757,0.34641554298483634,0.4726774451585669,0.0315932212762619,False,6
orig Equal premium capped,Full-cost net,183,circular_block_bootstrap,60,ok,60,-0.43374927170906896,1.4228621104573766,0.12861872990968956,0.2776551317470258,-0.9679762001075325,0.342596150334279,0.41507262902332176,0.05821620188375956,False,6
orig Equal premium capped,Full-cost net,184,circular_block_bootstrap,60,ok,60,0.04604889976083637,1.1857568370869591,0.559194312958055,1.0828997658996424,-0.7981286195990164,0.34641554298483634,0.4726774451585669,1.2524486676399236,False,6
orig Equal premium capped,Full-cost net,185,circular_block_bootstrap,60,ok,60,-0.32488409259794626,0.9851807840427617,0.061321308766866554,0.10013686942103604,-0.8925673375003524,0.34047329348037475,0.37273371891383794,0.14024639473404205,False,6
orig Equal premium capped,Full-cost net,186,circular_block_bootstrap,60,ok,60,-0.3657586250795263,1.4672056527703672,0.28491035266122156,0.572452140272305,-0.9459836399634851,0.3867498232090164,0.4726774451585669,0.10262965044570825,False,6
orig Equal premium capped,Full-cost net,187,circular_block_bootstrap,60,ok,60,0.7675503109710353,1.419669657078212,0.9708247080387568,2.418708117098351,-0.7393684403642677,0.2833244470519697,0.3898066355931127,17.25277352006418,False,6
orig Equal premium capped,Full-cost net,188,circular_block_bootstrap,60,ok,60,1.3103692146150934,0.9772343738334696,1.3065379310328227,2.9785596343776275,-0.5016612907828732,0.2672403291676392,0.29964867505643417,65.82743683788591,False,6
orig Equal premium capped,Full-cost net,189,circular_block_bootstrap,60,ok,60,0.3972152038753114,1.1909849046254042,0.7868568578482256,1.653359154401381,-0.6493543699253801,0.33570760197168514,0.43385566589922403,5.3249620128241535,False,6
orig Equal premium capped,Full-cost net,190,circular_block_bootstrap,60,ok,60,-0.14749981116824395,1.2404335603280294,0.35514077384354714,0.7536131639775298,-0.8469649659716847,0.33345372745194996,0.3537522214008628,0.45026938517518966,False,6
orig Equal premium capped,Full-cost net,191,circular_block_bootstrap,60,ok,60,0.33087611787693905,1.1619987256667554,0.7309624844694582,1.5986467950366068,-0.822653412117755,0.3319690902127964,0.3702870366355986,4.1753045553991095,False,6
orig Equal premium capped,Full-cost net,192,circular_block_bootstrap,60,ok,60,-0.22885034051414743,0.9479187799879341,0.18939811544773585,0.3007717885307553,-0.916001759846201,0.34047329348037475,0.40490547412085076,0.2727051601420663,False,6
orig Equal premium capped,Full-cost net,193,circular_block_bootstrap,60,ok,60,-0.361899672461918,1.2596482133997977,0.1884090543871858,0.34849266343018537,-0.9356591779066659,0.34641554298483634,0.4726774451585669,0.10579005373648957,False,6
orig Equal premium capped,Full-cost net,194,circular_block_bootstrap,60,ok,60,0.16890904916340221,1.1078478148063098,0.6116259004858138,1.214163763628183,-0.6935230762173065,0.33570760197168514,0.40839304822884154,2.18224548581415,False,6
orig Equal premium capped,Full-cost net,195,circular_block_bootstrap,60,ok,60,-0.29778508468067666,1.3008142111319567,0.2901398056635673,0.5390280048065584,-0.9616549173517724,0.4593182835696065,0.46933765476132683,0.170745886233803,False,6
orig Equal premium capped,Full-cost net,196,circular_block_bootstrap,60,ok,60,-0.2962341009340953,1.2432218173361576,0.2702966104642048,0.48022107523155844,-0.9819124392038145,0.3867498232090164,0.46599786436408674,0.17263986847786122,False,6
orig Equal premium capped,Full-cost net,197,circular_block_bootstrap,60,ok,60,-0.40510334096579137,1.2366374562924731,0.10250151224210731,0.1908714988635542,-0.9769844812331556,0.38293043055845905,0.4311437282557531,0.0745088138351387,False,6
orig Equal premium capped,Full-cost net,198,circular_block_bootstrap,60,ok,60,-0.1298213243530575,1.505694314201194,0.4974807830262354,1.0889759147789015,-0.9571854920314213,0.3867498232090164,0.4726774451585669,0.4989329452256686,False,6
orig Equal premium capped,Full-cost net,199,circular_block_bootstrap,60,ok,60,-0.017157500045658636,1.1725504667996867,0.48829892337144387,0.9625229205247822,-0.839326095396729,0.33345372745194996,0.3858944198657255,0.9171062214447105,False,6
orig Equal premium capped,Full-cost net,200,circular_block_bootstrap,60,ok,60,0.05983316829079488,1.518702170075786,0.6226913114922689,1.4172875883333427,-0.8007466453741983,0.38293043055845905,0.413485571762918,1.337172803095817,False,6
orig Equal premium capped,Full-cost net,201,circular_block_bootstrap,60,ok,60,-0.36729105635519665,1.3364275570043271,0.21973529138120768,0.41806805717540635,-0.8596683688836533,0.3867498232090164,0.4726774451585669,0.10139577693810946,False,6
orig Equal premium capped,Full-cost net,202,circular_block_bootstrap,60,ok,60,-0.25246188026980065,1.1859573260769287,0.3019667292213038,0.5204855957566537,-0.8757354102865129,0.4593182835696065,0.4593182835696065,0.2334354014156676,False,6
orig Equal premium capped,Full-cost net,203,circular_block_bootstrap,60,ok,60,0.1506848386968267,1.1950319507516716,0.6176366197157175,1.2643028281643895,-0.8340646131251445,0.3320317451991967,0.41728625236000516,2.0173532605191937,False,6
orig Equal premium capped,Full-cost net,204,circular_block_bootstrap,60,ok,60,-0.2733813371588767,0.9339761642657632,0.07592416404529338,0.1308271469935102,-0.9299609018809117,0.34047329348037475,0.36825003997490924,0.20255023040796305,False,6
orig Equal premium capped,Full-cost net,205,circular_block_bootstrap,60,ok,60,-0.33633748600307645,1.3876637160549226,0.28110715767878747,0.549978200169541,-0.9399329510322867,0.46032022068877854,0.47935702595304713,0.1287467987484203,False,6
orig Equal premium capped,Full-cost net,206,circular_block_bootstrap,60,ok,60,0.5522471298280585,1.2585663848574147,0.8964864309794034,1.895797528623902,-0.8789408308013391,0.33226328271034433,0.4255094165621361,9.01165023788345,False,6
orig Equal premium capped,Full-cost net,207,circular_block_bootstrap,60,ok,60,0.9763296779486068,1.196951821601779,1.086223567661564,2.4354318822175065,-0.5905198679338223,0.33785294016375467,0.37948864861389375,30.15066961507551,False,6
orig Equal premium capped,Full-cost net,208,circular_block_bootstrap,60,ok,60,-0.4832340056161434,1.3198051064960734,0.08920308960277368,0.15755786175174247,-0.983420532263222,0.46032022068877854,0.47935702595304713,0.03685272756287258,False,6
orig Equal premium capped,Full-cost net,209,circular_block_bootstrap,60,ok,60,0.1862614568375267,1.1306228637355453,0.6327360547369555,1.2752736368107513,-0.8322083422319368,0.32995915454663177,0.40839304822884154,2.349103214855639,False,6
orig Equal premium capped,Full-cost net,210,circular_block_bootstrap,60,ok,60,0.08032778729818713,1.3388102633694792,0.6086593419183292,1.2732937787232885,-0.8532989844735317,0.38293043055845905,0.4211243570640328,1.471559185704337,False,6
orig Equal premium capped,Full-cost net,211,circular_block_bootstrap,60,ok,60,-0.10197387365501165,1.1912264982357037,0.4026154943738403,0.8003739995357502,-0.8582327629709064,0.34047329348037475,0.40490547412085076,0.584043048381298,False,6
orig Equal premium capped,Full-cost net,212,circular_block_bootstrap,60,ok,60,-0.27657129550467807,1.2235249966221722,0.2223464257100952,0.44255940469828503,-0.9668738230432682,0.33358474511778097,0.42638286766767614,0.19814297728691374,False,6
orig Equal premium capped,Full-cost net,213,circular_block_bootstrap,60,ok,60,-0.5147357469944044,1.329861927892042,0.013982038263035115,0.025837836838533346,-0.9748402380904801,0.46032022068877854,0.47935702595304713,0.026908624662924267,False,6
orig Equal premium capped,Full-cost net,214,circular_block_bootstrap,60,ok,60,-0.573809902600676,1.2495433173295294,-0.12367724269316048,-0.2103868803023413,-0.9881877887199055,0.4593182835696065,0.46933765476132683,0.01406101828310336,False,6
orig Equal premium capped,Full-cost net,215,circular_block_bootstrap,60,ok,60,-0.4013065911613988,1.2312317957132233,0.12884807210316052,0.23074472257461792,-0.9876966436179065,0.3439262073340472,0.46599786436408674,0.07691700841584051,False,6
orig Equal premium capped,Full-cost net,216,circular_block_bootstrap,60,ok,60,0.13218867029732495,1.1491779172950765,0.6225258931294806,1.1914854594247994,-0.7012500265971926,0.34010681468348986,0.40839304822884154,1.8603472778809107,False,6
orig Equal premium capped,Full-cost net,217,circular_block_bootstrap,60,ok,60,-0.2319533128313983,1.423110012676183,0.36782699353291554,0.7874134738606196,-0.8785789850545349,0.38293043055845905,0.4211243570640328,0.26726254596806737,False,6
orig Equal premium capped,Full-cost net,218,circular_block_bootstrap,60,ok,60,0.544724876723492,1.4802733951537277,0.8625445739873636,2.1867975067793317,-0.7081636449935382,0.33570760197168514,0.38293043055845905,8.795402184173572,False,6
orig Equal premium capped,Full-cost net,219,circular_block_bootstrap,60,ok,60,-0.15219179765951674,1.1485235429851774,0.38110553524528407,0.6732826986702786,-0.809503167426383,0.34641554298483634,0.4593182835696065,0.4380140785621252,False,6
orig Equal premium capped,Full-cost net,220,circular_block_bootstrap,60,ok,60,0.073294349147083,1.4195876978910233,0.612139841173839,1.3500724260027677,-0.8545244626320845,0.34010681468348986,0.40839304822884154,1.424276189937317,False,6
orig Equal premium capped,Full-cost net,221,circular_block_bootstrap,60,ok,60,-0.3553160378064161,1.0845439998398185,0.12028042561561261,0.192090043136444,-0.9833803310915898,0.3877517603281884,0.47935702595304713,0.11136131022362036,False,6
orig Equal premium capped,Full-cost net,222,circular_block_bootstrap,60,ok,60,-0.6099610251717378,1.2495229308783917,-0.1698342495350034,-0.27875792383374914,-0.9918851655573553,0.47935702595304713,0.47935702595304713,0.009026929099451223,False,6
orig Equal premium capped,Full-cost net,223,circular_block_bootstrap,60,ok,60,-0.1100231022972753,1.3320816942960902,0.4517702946648934,0.9414959186468904,-0.9045358923232235,0.38293043055845905,0.42613404265989296,0.5583334741672707,False,6
orig Equal premium capped,Full-cost net,224,circular_block_bootstrap,60,ok,60,-0.3212938416625801,1.2227426299703024,0.19229092980205856,0.362905245269181,-0.9155014057368253,0.342596150334279,0.43385566589922403,0.1440154047148947,False,6
orig Equal premium capped,Full-cost net,225,circular_block_bootstrap,60,ok,60,0.14031761143547783,1.306267165511695,0.6161694798481087,1.3843308537143733,-0.8197618218451663,0.33785294016375467,0.3497774010915858,1.928098242658354,False,6
orig Equal premium capped,Full-cost net,226,circular_block_bootstrap,60,ok,60,-0.563631832016708,1.263381932256927,-0.09539856189692886,-0.16357076879616464,-0.9876590316842604,0.3867498232090164,0.4726774451585669,0.015822143229291277,False,6
orig Equal premium capped,Full-cost net,227,circular_block_bootstrap,60,ok,60,-0.5014189654747171,1.426302490694888,0.05633304389945447,0.11630303565596016,-0.9830070287657526,0.38293043055845905,0.38293043055845905,0.03080908298546704,False,6
orig Equal premium capped,Full-cost net,228,circular_block_bootstrap,60,ok,60,0.009509374682914462,1.1159492751915903,0.49502170631807646,0.9541521327633397,-0.7942307275759977,0.3379839578295857,0.3800882901767853,1.0484597956042463,False,6
orig Equal premium capped,Full-cost net,229,circular_block_bootstrap,60,ok,60,-0.37290378258084345,1.1583351829459307,0.0821906103151696,0.15517246328539674,-0.9392531890776318,0.34047329348037475,0.3767414673905261,0.09697748250332158,False,6
orig Equal premium capped,Full-cost net,230,circular_block_bootstrap,60,ok,60,0.24869313927561332,1.2011703648564345,0.7253077131891636,1.3942802359808544,-0.6924509298603299,0.34641554298483634,0.4593182835696065,3.0358382450697325,False,6
orig Equal premium capped,Full-cost net,231,circular_block_bootstrap,60,ok,60,-0.05479164724386554,1.1636057146133996,0.4473682735375615,0.8760699054203809,-0.7375995876619215,0.2839895520934248,0.41970328687319597,0.7544626662700279,False,6
orig Equal premium capped,Full-cost net,232,circular_block_bootstrap,60,ok,60,-0.19390716762302385,1.1996057286005704,0.32375459652848826,0.6281472751610171,-0.8152932403626006,0.34047329348037475,0.39989578852499064,0.3403496415370652,False,6
orig Equal premium capped,Full-cost net,233,circular_block_bootstrap,60,ok,60,-0.3849224937094182,1.2719371933539958,0.1422659309249915,0.2760678628486363,-0.969219802813884,0.38293043055845905,0.40703707940710604,0.08803375459228116,False,6
orig Equal premium capped,Full-cost net,234,circular_block_bootstrap,60,ok,60,-0.24399476159958955,1.4907281744371115,0.38358898515438605,0.8393048132259606,-0.8495156545520948,0.34047329348037475,0.38079882527220377,0.2469585256928484,False,6
orig Equal premium capped,Full-cost net,235,circular_block_bootstrap,60,ok,60,-0.5728098745845109,1.361777168820831,-0.045005710820318935,-0.08204577473738288,-0.9918804126778226,0.4593182835696065,0.46933765476132683,0.014226760703531398,False,6
orig Equal premium capped,Full-cost net,236,circular_block_bootstrap,60,ok,60,-0.37817623932494204,1.3890127420453153,0.19797088364850707,0.4116463690110381,-0.9637044925972078,0.342596150334279,0.41507262902332176,0.0929686586127501,False,6
orig Equal premium capped,Full-cost net,237,circular_block_bootstrap,60,ok,60,0.029586982838913256,1.547697565811019,0.6178695975973433,1.4211402042712904,-0.8176772954339212,0.34010681468348986,0.43385566589922403,1.156951665293699,False,6
orig Equal premium capped,Full-cost net,238,circular_block_bootstrap,60,ok,60,-0.20255824453231108,1.2014279904697325,0.33639374428859276,0.623530047052192,-0.8978875494364553,0.34641554298483634,0.46599786436408674,0.32247411664484643,False,6
orig Equal premium capped,Full-cost net,239,circular_block_bootstrap,60,ok,60,0.1237392634266059,1.1988814352260826,0.6208569934491005,1.2420746292732694,-0.7932903267538485,0.342596150334279,0.40839304822884154,1.7919577954105765,False,6
orig Equal premium capped,Full-cost net,240,circular_block_bootstrap,60,ok,60,0.24290129034814023,1.1617331678237282,0.6815466703177323,1.3728851684387022,-0.936899840739893,0.33345372745194996,0.3850209687601855,2.9660822809619534,False,6
orig Equal premium capped,Full-cost net,241,circular_block_bootstrap,60,ok,60,-0.20433029758818,1.1148906232788358,0.3108544766484826,0.5347249027933029,-0.8891926113005121,0.3439262073340472,0.4726774451585669,0.31890703983098195,False,6
orig Equal premium capped,Full-cost net,242,circular_block_bootstrap,60,ok,60,-0.021909979249365108,1.0095515593684667,0.46811428270577465,0.7847091630086478,-0.8272933446246936,0.4593182835696065,0.4643279691654667,0.8951465445978539,False,6
orig Equal premium capped,Full-cost net,243,circular_block_bootstrap,60,ok,60,-0.5771662713268626,1.228201155061549,-0.14274139980953643,-0.23725621061068916,-0.9904606853824358,0.4593182835696065,0.46933765476132683,0.013515997863967281,False,6
orig Equal premium capped,Full-cost net,244,circular_block_bootstrap,60,ok,60,-0.20958434054312747,1.3872067700178912,0.3523951593505868,0.7900663914361314,-0.8782945883246525,0.33358474511778097,0.3942406692028135,0.30851599066120006,False,6
orig Equal premium capped,Full-cost net,245,circular_block_bootstrap,60,ok,60,-0.397966155964945,1.346393370997362,0.1731101374807745,0.3457776721758545,-0.9623312048688777,0.33785294016375467,0.37322896161107777,0.07908689615959304,False,6
orig Equal premium capped,Full-cost net,246,circular_block_bootstrap,60,ok,60,0.3511459490151172,1.2483147304741353,0.7946348232117125,1.5853453470576198,-0.7570749170494067,0.3867498232090164,0.4593182835696065,4.503097158640636,False,6
orig Equal premium capped,Full-cost net,247,circular_block_bootstrap,60,ok,60,-0.19847771826709615,1.1986047322154822,0.30320196091236845,0.5887631999367816,-0.9026429722181575,0.342596150334279,0.41507262902332176,0.33080952037678824,False,6
orig Equal premium capped,Full-cost net,248,circular_block_bootstrap,60,ok,60,-0.19237014872928349,1.1857910035760253,0.34476474334292584,0.6362535442274463,-0.8823674232810591,0.3439262073340472,0.4593182835696065,0.3436068505731928,False,6
orig Equal premium capped,Full-cost net,249,circular_block_bootstrap,60,ok,60,-0.39384936088766564,1.4108458693191095,0.20733648796805837,0.4199573479329027,-0.9895058692522161,0.38293043055845905,0.4311437282557531,0.08182816967906621,False,6
orig Equal premium capped,Full-cost net,250,circular_block_bootstrap,60,ok,60,-0.2747688138547658,1.26611579385971,0.2817342397642478,0.5356473928314053,-0.9405632996205099,0.342596150334279,0.44053524669370425,0.20062375563051218,False,6
orig Equal premium capped,Full-cost net,251,circular_block_bootstrap,60,ok,60,-0.4420340805880191,1.2376480044573903,0.0656841469087006,0.1173422730912231,-0.9833780758055605,0.38293043055845905,0.4211243570640328,0.05408020946868869,False,6
orig Equal premium capped,Full-cost net,252,circular_block_bootstrap,60,ok,60,-0.013369086091351012,1.2294985393314575,0.5031569500510509,1.0152222775171884,-0.8241528159971642,0.34047329348037475,0.40490547412085076,0.9349181585749711,False,6
orig Equal premium capped,Full-cost net,253,circular_block_bootstrap,60,ok,60,-0.26911981250944883,1.15573282759517,0.22449428337585087,0.41230627974515927,-0.9380331220958867,0.34047329348037475,0.38079882527220377,0.20855996559164638,False,6
orig Equal premium capped,Full-cost net,254,circular_block_bootstrap,60,ok,60,-0.42001283778871257,1.253835890820173,0.06399228411075922,0.1271967150456382,-0.9720640296488998,0.33239430037617534,0.42638286766767614,0.06562841318232397,False,6
orig Equal premium capped,Full-cost net,255,circular_block_bootstrap,60,ok,60,-0.5439339811037827,1.0286619331864462,-0.2914940233086211,-0.47583919420202864,-0.9763143766383116,0.34047329348037475,0.3489647208959916,0.01973052187759375,False,6
orig Equal premium capped,Full-cost net,256,circular_block_bootstrap,60,ok,60,-0.3013717923777913,1.2468144586770562,0.2722069865600157,0.48974400832666054,-0.9855343294467532,0.46032022068877854,0.47935702595304713,0.1664296052368484,False,6
orig Equal premium capped,Full-cost net,257,circular_block_bootstrap,60,ok,60,-0.2636839713043019,1.2446626055254668,0.25528054504756315,0.5131102691546361,-0.8505945580856825,0.3379839578295857,0.368778051532431,0.21643190058032624,False,6
orig Equal premium capped,Full-cost net,258,circular_block_bootstrap,60,ok,60,-0.20206596394055543,1.2950042663455286,0.3375907287183288,0.6971567823790813,-0.8882654079369032,0.3379839578295857,0.3942406692028135,0.3234707027074787,False,6
orig Equal premium capped,Full-cost net,259,circular_block_bootstrap,60,ok,60,-0.534002695895872,1.4503306810153862,0.07896492865402878,0.1485092438439313,-0.9851165967605057,0.46032022068877854,0.47935702595304713,0.021974399763784357,False,6
orig Equal premium capped,Full-cost net,260,circular_block_bootstrap,60,ok,60,-0.6099607886877461,1.3085013743423304,-0.18795061635801605,-0.3506928154926027,-0.9921135656340869,0.38293043055845905,0.4070370794071061,0.009026956465008897,False,6
orig Equal premium capped,Full-cost net,261,circular_block_bootstrap,60,ok,60,-0.22356925275615158,1.2782158334119786,0.32313786304337766,0.6553817106376392,-0.9554048667338932,0.33345372745194996,0.38589441986572554,0.28217181211773573,False,6
orig Equal premium capped,Full-cost net,262,circular_block_bootstrap,60,ok,60,-0.3794459628751864,1.4846927467874185,0.2565274337042,0.538948372594366,-0.968439267745273,0.38293043055845905,0.4215010687162943,0.09202334735446278,False,6
orig Equal premium capped,Full-cost net,263,circular_block_bootstrap,60,ok,60,0.4397071855052894,1.1363887653224118,0.8448660030611079,1.62169586304148,-0.8765609031713086,0.3395269946222425,0.4726774451585669,6.185443738419489,False,6
orig Equal premium capped,Full-cost net,264,circular_block_bootstrap,60,ok,60,-0.6731598857319749,1.1478947591736237,-0.4205951258681253,-0.6570683158091507,-0.9980602444618712,0.46032022068877854,0.47935702595304713,0.0037297246282593484,False,6
orig Equal premium capped,Full-cost net,265,circular_block_bootstrap,60,ok,60,-0.2992644250526213,1.4498191193009693,0.33178307313235084,0.6886000407527655,-0.9298302278367917,0.38293043055845905,0.4311437282557531,0.16895491554736874,False,6
orig Equal premium capped,Full-cost net,266,circular_block_bootstrap,60,ok,60,-0.30719418654277664,1.1476344060558772,0.19893678341003396,0.3500896179090251,-0.9243057068417053,0.33785294016375467,0.36267007950824903,0.15960908810063335,False,6
orig Equal premium capped,Full-cost net,267,circular_block_bootstrap,60,ok,60,-0.1891444683050082,1.325554587662405,0.3914281545300222,0.783198421354307,-0.8737668871328634,0.38293043055845905,0.4311437282557531,0.3505237257195978,False,6
orig Equal premium capped,Full-cost net,268,circular_block_bootstrap,60,ok,60,0.2683533863714127,1.076814532709994,0.7076194460874544,1.3429258325735567,-0.7784461945272705,0.33785294016375467,0.3985856118666806,3.282474521729389,False,6
orig Equal premium capped,Full-cost net,269,circular_block_bootstrap,60,ok,60,-0.12391498501873899,1.004222947509938,0.3359857153134338,0.5790455506568679,-0.9514388760078393,0.34641554298483634,0.46599786436408674,0.516096911347263,False,6
orig Equal premium capped,Full-cost net,270,circular_block_bootstrap,60,ok,60,0.08955058991151787,1.0800245488218447,0.5580054831969657,1.0472526553974069,-0.921523974704954,0.3379839578295857,0.3942406692028135,1.5354546743032278,False,6
orig Equal premium capped,Full-cost net,271,circular_block_bootstrap,60,ok,60,-0.22373647356689796,1.2842881781662152,0.36513797327296,0.6798398316337829,-0.8217702354759561,0.4593182835696065,0.4643279691654667,0.2818680845853195,False,6
orig Equal premium capped,Full-cost net,272,circular_block_bootstrap,60,ok,60,-0.30687962359269827,0.990824357093674,0.11635396158077232,0.18366408413705557,-0.9504353027053671,0.34641554298483634,0.4726774451585669,0.15997176345361686,False,6
orig Equal premium capped,Full-cost net,273,circular_block_bootstrap,60,ok,60,-0.5010027150393719,1.1224580336757248,-0.11930005095332762,-0.20109208212787646,-0.9941382571206068,0.342596150334279,0.4472148274881844,0.030937905829117127,False,6
orig Equal premium capped,Full-cost net,274,circular_block_bootstrap,60,ok,60,-0.37191111785518527,1.373945211605732,0.21100160339697563,0.4285705558012055,-0.9540133243394651,0.3877517603281884,0.47935702595304713,0.09774747103122793,False,6
orig Equal premium capped,Full-cost net,275,circular_block_bootstrap,60,ok,60,0.08251329650325023,1.0174886887351284,0.5572794231677418,0.9865784497936332,-0.8913299087124543,0.33345372745194996,0.4255094165621361,1.4865043946337613,False,6
orig Equal premium capped,Full-cost net,276,circular_block_bootstrap,60,ok,60,-0.2867616313720136,1.2964593770756707,0.30828682691644477,0.5693860027003527,-0.9262110149329987,0.3867498232090164,0.46599786436408674,0.1845752604531293,False,6
orig Equal premium capped,Full-cost net,277,circular_block_bootstrap,60,ok,60,-0.32311041082545866,1.1663692285319491,0.17224906466383025,0.30834116679056733,-0.9771857650808943,0.38293043055845905,0.4311437282557531,0.14209839501594046,False,6
orig Equal premium capped,Full-cost net,278,circular_block_bootstrap,60,ok,60,-0.4735151588589097,1.2801996461012397,0.030209759794779835,0.05603139912282833,-0.9869336672839697,0.46032022068877854,0.47935702595304713,0.040451008738116585,False,6
orig Equal premium capped,Full-cost net,279,circular_block_bootstrap,60,ok,60,-0.5239953533080006,0.9805791836516118,-0.27846488057177554,-0.4242589872164809,-0.9765331469555946,0.34047329348037475,0.3834280805740254,0.02443745422945182,False,6
orig Equal premium capped,Full-cost net,280,circular_block_bootstrap,60,ok,60,-0.5452063801800667,1.4424976745152285,0.008985143420866846,0.01829297234572161,-0.9865389199536706,0.342596150334279,0.44053524669370425,0.019456818034536933,False,6
orig Equal premium capped,Full-cost net,281,circular_block_bootstrap,60,ok,60,-0.00988493192745743,1.395661059388729,0.540324838731103,1.17694766743209,-0.7754729914351789,0.38293043055845905,0.4211243570640328,0.9515428480457518,False,6
orig Equal premium capped,Full-cost net,282,circular_block_bootstrap,60,ok,60,0.6647788272229618,1.0698859285540387,0.9542886425472796,2.0066666946546032,-0.59216691220331,0.3332221899408023,0.3665589892328965,12.787413802987157,False,6
orig Equal premium capped,Full-cost net,283,circular_block_bootstrap,60,ok,60,0.0763734729538128,1.148196654473462,0.5628454924906727,1.0809599848769047,-0.9009041980618838,0.38293043055845905,0.4211243570640328,1.4448239448947964,False,6
orig Equal premium capped,Full-cost net,284,circular_block_bootstrap,60,ok,60,-0.3479009169499172,1.2291911122327777,0.17893199822541578,0.331676469916702,-0.9213352223366877,0.34641554298483634,0.4726774451585669,0.11791469924665327,False,6
orig Equal premium capped,Full-cost net,285,circular_block_bootstrap,60,ok,60,0.1911446003992916,1.2953736668536688,0.6735096423390535,1.3971534326597626,-0.7664626910225368,0.3867498232090164,0.4593182835696065,2.397852318885605,False,6
orig Equal premium capped,Full-cost net,286,circular_block_bootstrap,60,ok,60,0.9858709309668017,1.1930972066141827,1.0831845262729516,2.5008672296705132,-0.5628654540056959,0.2810167235993748,0.30827714432582665,30.885532498867896,False,6
orig Equal premium capped,Full-cost net,287,circular_block_bootstrap,60,ok,60,-0.28759501649248387,1.3468104591186003,0.2701878925287238,0.5674638163881132,-0.926454058936377,0.34047329348037475,0.39989578852499064,0.18349944040358923,False,6
orig Equal premium capped,Full-cost net,288,circular_block_bootstrap,60,ok,60,-0.4236668364408911,1.1109214316721827,0.0011083147880857388,0.001927922359634647,-0.9797736074311585,0.3379839578295857,0.43306244846215636,0.06358695862570775,False,6
orig Equal premium capped,Full-cost net,289,circular_block_bootstrap,60,ok,60,0.10622293684281559,1.0431283020430502,0.5601216233384152,1.051418736070746,-0.8414374274523484,0.3332221899408023,0.35989162937447766,1.6565833622985184,False,6
orig Equal premium capped,Full-cost net,290,circular_block_bootstrap,60,ok,60,0.16823027585938966,1.358842254202141,0.6415028058381987,1.462577179828799,-0.695093064336489,0.33358474511778097,0.3942406692028135,2.175916804017036,False,6
orig Equal premium capped,Full-cost net,291,circular_block_bootstrap,60,ok,60,-0.6786453340953473,1.1297860379997902,-0.47263601955129003,-0.7362584578610109,-0.9972882926701339,0.4593182835696065,0.46933765476132683,0.003427070590839804,False,6
orig Equal premium capped,Full-cost net,292,circular_block_bootstrap,60,ok,60,0.2809205604119658,1.3858910032698761,0.7348420408720353,1.6656387629812703,-0.8003501261149024,0.34010681468348986,0.40839304822884154,3.4483471742100944,False,6
orig Equal premium capped,Full-cost net,293,circular_block_bootstrap,60,ok,60,0.8710113647573505,1.2285731022160915,1.0398730273513774,2.3386388439764794,-0.6756117572404083,0.33345372745194996,0.3792148390712453,22.928842300597235,False,6
orig Equal premium capped,Full-cost net,294,circular_block_bootstrap,60,ok,60,-0.478508054960777,1.1199994796350705,-0.059248155486694994,-0.09624975232965771,-0.9597167227786645,0.3867498232090164,0.4726774451585669,0.038568968447125616,False,6
orig Equal premium capped,Full-cost net,295,circular_block_bootstrap,60,ok,60,-0.325635940892236,1.362072010166345,0.26605167480029285,0.5251496148458753,-0.9569844900676537,0.4593182835696065,0.4643279691654667,0.139467199519144,False,6
orig Equal premium capped,Full-cost net,296,circular_block_bootstrap,60,ok,60,0.3470079932464627,1.2670880179124153,0.7473717001602165,1.6553024715777114,-0.6916941178094669,0.33570760197168514,0.40839304822884154,4.434563359567886,False,6
orig Equal premium capped,Full-cost net,297,circular_block_bootstrap,60,ok,60,0.028572499917102645,1.1356919010247564,0.5072249728631397,1.0148660811946342,-0.8314411359332345,0.3379839578295857,0.3546256725064028,1.1512629909783259,False,6
orig Equal premium capped,Full-cost net,298,circular_block_bootstrap,60,ok,60,-0.4557435068587554,1.2426533900571628,0.06296363640867993,0.10998596798451588,-0.9915597977072005,0.3867498232090164,0.46599786436408674,0.0477549170494238,False,6
orig Equal premium capped,Full-cost net,299,circular_block_bootstrap,60,ok,60,-0.29763022070939926,1.2625976465547895,0.2426666641126664,0.4733745750912617,-0.971503774077891,0.3439262073340472,0.46599786436408674,0.17093424773849059,False,6
orig Equal premium capped,Full-cost net,300,circular_block_bootstrap,60,ok,60,-0.4425641153617962,1.343144303669773,0.1514175480363626,0.2739210530116177,-0.9719652347582775,0.46032022068877854,0.47935702595304713,0.05382383194332748,False,6
orig Equal premium capped,Full-cost net,301,circular_block_bootstrap,60,ok,60,-0.25915007709326543,1.2727139290798049,0.29594153962329145,0.5646293024303468,-0.9423790470102055,0.3867498232090164,0.4593182835696065,0.22317790686815495,False,6
orig Equal premium capped,Full-cost net,302,circular_block_bootstrap,60,ok,60,0.03024540103207296,1.503918554015867,0.590726950765524,1.3458533143662665,-0.7127000920229785,0.38293043055845905,0.3956617393936503,1.1606557376331201,False,6
orig Equal premium capped,Full-cost net,303,circular_block_bootstrap,60,ok,60,-0.07681362417294313,1.3057665346633338,0.4848055654299752,0.9565047500011121,-0.85846056244157,0.3867498232090164,0.46599786436408674,0.670574343669403,False,6
orig Equal premium capped,Full-cost net,304,circular_block_bootstrap,60,ok,60,7.499134726929313e-05,1.2683837864770147,0.5337473398682342,1.0538136539144205,-0.8955897628740181,0.3867498232090164,0.46599786436408674,1.0003750129775852,False,6
orig Equal premium capped,Full-cost net,305,circular_block_bootstrap,60,ok,60,-0.2893779662567302,1.3619550368191784,0.2876335254779387,0.5964676143518431,-0.884690101488993,0.33785294016375467,0.3603916853611069,0.18121466731720126,False,6
orig Equal premium capped,Full-cost net,306,circular_block_bootstrap,60,ok,60,-0.47005823434141036,1.0364621950730053,-0.10736402802638055,-0.16719114984081457,-0.9767262824779311,0.34741748010400836,0.47935702595304713,0.041796579499997176,False,6
orig Equal premium capped,Full-cost net,307,circular_block_bootstrap,60,ok,60,-0.7629403639967729,0.9601997509128926,-0.9783671709368842,-1.3131443178149498,-0.9990234593373731,0.342596150334279,0.4472148274881844,0.0007486659235112917,False,6
orig Equal premium capped,Full-cost net,308,circular_block_bootstrap,60,ok,60,-0.5853465919508883,1.1971094428120836,-0.19024370367007357,-0.3149391545418612,-0.99515448048488,0.4593182835696065,0.46933765476132683,0.012258185695600549,False,6
orig Equal premium capped,Full-cost net,309,circular_block_bootstrap,60,ok,60,0.031055880806860614,1.2196511979039009,0.5615728287537906,1.094064632705317,-0.8566178686106194,0.34010681468348986,0.44053524669370425,1.165228285188842,False,6
orig Equal premium capped,Full-cost net,310,circular_block_bootstrap,60,ok,60,-0.3987960372848601,1.3610255190521328,0.19202770180372547,0.3677225499195598,-0.9879206884164862,0.38293043055845905,0.40839304822884154,0.0785433051049824,False,6
orig Equal premium capped,Full-cost net,311,circular_block_bootstrap,60,ok,60,-0.06548662074040734,1.3044012158885174,0.46013558840869245,1.0202685072287754,-0.8222327623485344,0.3320317451991967,0.3363093567561039,0.7127342308428977,False,6
orig Equal premium capped,Full-cost net,312,circular_block_bootstrap,60,ok,60,0.09061968671793497,1.2335740794549446,0.5767552698162113,1.2200330261235601,-0.8468492790321576,0.33358474511778097,0.40092024999729364,1.5430026226650306,False,6
orig Equal premium capped,Full-cost net,313,circular_block_bootstrap,60,ok,60,0.013345752032302594,1.2732627563144934,0.5497230331246536,1.1049910359572186,-0.7995462730686035,0.3379839578295857,0.42638286766767614,1.0685337801706813,False,6
orig Equal premium capped,Full-cost net,314,circular_block_bootstrap,60,ok,60,-0.26116225205126276,1.139797142996171,0.2710616221537949,0.45935284029728046,-0.973904629845855,0.4593182835696065,0.4673337805229828,0.2201635297227591,False,6
orig Equal premium capped,Full-cost net,315,circular_block_bootstrap,60,ok,60,-0.26688818141270365,1.2853339005966655,0.26213146943422405,0.5336962112518604,-0.950777531636122,0.34047329348037475,0.3617018620194169,0.21176349906120293,False,6
orig Equal premium capped,Full-cost net,316,circular_block_bootstrap,60,ok,60,-0.44973203420854735,1.2640987947944047,0.10159910399336558,0.1740109285710619,-0.9752653832217291,0.4593182835696065,0.46599786436408674,0.050451159748415915,False,6
orig Equal premium capped,Full-cost net,317,circular_block_bootstrap,60,ok,60,-0.3439768589413329,1.2136447106078996,0.176979723933107,0.32261220423413073,-0.9606334183148257,0.3867498232090164,0.4726774451585669,0.12150546068757424,False,6
orig Equal premium capped,Full-cost net,318,circular_block_bootstrap,60,ok,60,0.8234700721173391,1.175385352972635,1.0379031934379865,2.1997066704163317,-0.7785743059814748,0.33345372745194996,0.4255094165621361,20.160124000698907,False,6
orig Equal premium capped,Full-cost net,319,circular_block_bootstrap,60,ok,60,0.4533105009895071,1.0102093673745234,0.8265149817710536,1.620035055843709,-0.5905198679338223,0.3379839578295857,0.3942406692028135,6.483239389276783,False,6
orig Equal premium capped,Full-cost net,320,circular_block_bootstrap,60,ok,60,-0.4485380488213987,1.3655651389107522,0.12529071178903095,0.24066753850476086,-0.9928276690873838,0.4593182835696065,0.4643279691654667,0.05100089124971163,False,6
orig Equal premium capped,Full-cost net,321,circular_block_bootstrap,60,ok,60,0.4703122972649647,1.195048698702042,0.8664312922772297,1.7376180839808515,-0.850743952314116,0.34010681468348986,0.44053524669370425,6.87144299232857,False,6
orig Equal premium capped,Full-cost net,322,circular_block_bootstrap,60,ok,60,-0.34760940310263133,0.983113225746303,0.0466347985651049,0.07214687790653343,-0.9833162417127577,0.342596150334279,0.43385566589922403,0.1181784974569844,False,6
orig Equal premium capped,Full-cost net,323,circular_block_bootstrap,60,ok,60,-0.38612621084309684,1.2120230149370856,0.09905650160932322,0.1879549702935354,-0.9230907701121825,0.342596150334279,0.4472148274881844,0.08717570184905134,False,6
orig Equal premium capped,Full-cost net,324,circular_block_bootstrap,60,ok,60,-0.35128390132027,1.4745069178039694,0.31403823325136326,0.6172161332177414,-0.9426730326716855,0.4593182835696065,0.4593182835696065,0.11488765844247904,False,6
orig Equal premium capped,Full-cost net,325,circular_block_bootstrap,60,ok,60,0.358278474249478,1.179799882807438,0.7526070057660346,1.6047578629872248,-0.8205092147210026,0.33358474511778097,0.3867678709712656,4.623215001135245,False,6
orig Equal premium capped,Full-cost net,326,circular_block_bootstrap,60,ok,60,0.04827316743071486,1.1139793474245065,0.5135598976206917,1.0105095089988074,-0.722530327971399,0.3379839578295857,0.3546256725064028,1.2658211466790106,False,6
orig Equal premium capped,Full-cost net,327,circular_block_bootstrap,60,ok,60,0.19225848981998683,1.4587337120480508,0.6866608776130417,1.6345849758953144,-0.8724201208400763,0.3319690902127964,0.4056630580829218,2.409084970337672,False,6
orig Equal premium capped,Full-cost net,328,circular_block_bootstrap,60,ok,60,-0.6660296552387768,1.3023123480339427,-0.2522367512965191,-0.42138372126499507,-0.9983494720320606,0.47935702595304713,0.47935702595304713,0.004154698608219593,False,6
orig Equal premium capped,Full-cost net,329,circular_block_bootstrap,60,ok,60,-0.24627536980140508,1.296051886355246,0.30409326400518005,0.6060747266502525,-0.9011071550022356,0.38293043055845905,0.4211243570640328,0.24325598641322696,False,6
orig Equal premium capped,Full-cost net,330,circular_block_bootstrap,60,ok,60,-0.3666432459287776,1.0769854012328348,0.039504254202107104,0.0701083156183986,-0.9792321680211421,0.34047329348037475,0.3858085108680639,0.1019159204098758,False,6
orig Equal premium capped,Full-cost net,331,circular_block_bootstrap,60,ok,60,-0.1802534622751425,1.3679525263872632,0.3880644334504779,0.8359661249820697,-0.8520546041817401,0.34010681468348986,0.41507262902332176,0.37016721825690657,False,6
orig Equal premium capped,Full-cost net,332,circular_block_bootstrap,60,ok,60,-0.1984839884448074,1.1398012593214022,0.29713658621958505,0.5467577201358742,-0.9650501770348973,0.3379839578295857,0.3942406692028135,0.3307965812353814,False,6
orig Equal premium capped,Full-cost net,333,circular_block_bootstrap,60,ok,60,-0.25789431772605764,1.0765132545999716,0.25218535549874943,0.4054727947601045,-0.9266521535188439,0.46032022068877854,0.47935702595304713,0.22507579089394827,False,6
orig Equal premium capped,Full-cost net,334,circular_block_bootstrap,60,ok,60,-0.3955522305775784,1.2031121065167327,0.10282893414682352,0.18466416761074553,-0.9681841603796415,0.3867498232090164,0.4726774451585669,0.08068520305089583,False,6
orig Equal premium capped,Full-cost net,335,circular_block_bootstrap,60,ok,60,-0.5408477506264446,1.1734345416113645,-0.1707333994137345,-0.30211622606901023,-0.989208614068932,0.34047329348037475,0.40991515971671094,0.02040720754100394,False,6
orig Equal premium capped,Full-cost net,336,circular_block_bootstrap,60,ok,60,-0.1974676996003153,1.307069933070975,0.42168792918455505,0.77034362571828,-0.9405856804810111,0.46032022068877854,0.47935702595304713,0.33289908754149294,False,6
orig Equal premium capped,Full-cost net,337,circular_block_bootstrap,60,ok,60,0.011122623528843079,1.14080137860846,0.48775431109799977,0.9636334165752761,-0.8767381480642836,0.342596150334279,0.43385566589922403,1.0568640819842197,False,6
orig Equal premium capped,Full-cost net,338,circular_block_bootstrap,60,ok,60,0.22217074690948402,1.388768729700352,0.715388547097804,1.5298983137965625,-0.8259071580320071,0.38293043055845905,0.413485571762918,2.72683853416883,False,6
orig Equal premium capped,Full-cost net,339,circular_block_bootstrap,60,ok,60,-0.06996482977811225,1.4015520862680326,0.48958709379026977,1.070753690808479,-0.954954746610843,0.342596150334279,0.4472148274881844,0.6958199250257022,False,6
orig Equal premium capped,Full-cost net,340,circular_block_bootstrap,60,ok,60,-0.2804443603142145,1.4311722937036684,0.3469896653816817,0.7086538930654737,-0.8842832828059238,0.3867498232090164,0.46599786436408674,0.19289541599137436,False,6
orig Equal premium capped,Full-cost net,341,circular_block_bootstrap,60,ok,60,-0.4489089535364147,1.2716884417412626,0.11593243832078824,0.19888726234628307,-0.9803746266373405,0.47935702595304713,0.47935702595304713,0.050829609783641316,False,6
orig Equal premium capped,Full-cost net,342,circular_block_bootstrap,60,ok,60,-0.17256885314599824,1.202351757283428,0.3294920645246135,0.6514481016255489,-0.7944937508433721,0.33345372745194996,0.4255094165621361,0.38784600710009837,False,6
orig Equal premium capped,Full-cost net,343,circular_block_bootstrap,60,ok,60,-0.22014363935298142,1.2036057297321257,0.2967758054234192,0.5718240623301128,-0.9671422310849827,0.3345171572300795,0.41507262902332176,0.2884516937580707,False,6
orig Equal premium capped,Full-cost net,344,circular_block_bootstrap,60,ok,60,-0.5965970515381068,1.237600334989869,-0.20319761013911514,-0.3539273738944689,-0.9918823424671538,0.38293043055845905,0.4311437282557531,0.010683051959190313,False,6
orig Equal premium capped,Full-cost net,345,circular_block_bootstrap,60,ok,60,-0.11058188710120609,1.1827775477267193,0.37704940046615976,0.7689364771932086,-0.8359452354107945,0.32770528002689653,0.3537522214008628,0.5565828852758165,False,6
orig Equal premium capped,Full-cost net,346,circular_block_bootstrap,60,ok,60,0.04098246028398789,1.132486733608405,0.5109224968669609,1.0336821100196725,-0.8337083466473333,0.33358474511778097,0.3942406692028135,1.2224104680317054,False,6
orig Equal premium capped,Full-cost net,347,circular_block_bootstrap,60,ok,60,-0.016301398173344195,1.3021845561899978,0.5009120226998521,1.0996227198617334,-0.9123506006965338,0.3379839578295857,0.40092024999729364,0.9211073982678312,False,6
orig Equal premium capped,Full-cost net,348,circular_block_bootstrap,60,ok,60,-0.46487870596360814,1.4833784539423691,0.1342824092738577,0.2892924616918918,-0.9818491503067531,0.34010681468348986,0.40839304822884154,0.04387944903681503,False,6
orig Equal premium capped,Full-cost net,349,circular_block_bootstrap,60,ok,60,0.07818402919485146,1.459897272416076,0.6484681151952709,1.3887138394963126,-0.9460545585753269,0.3867498232090164,0.46599786436408674,1.457016507999077,False,6
orig Equal premium capped,Full-cost net,350,circular_block_bootstrap,60,ok,60,0.37567743468365267,1.4151456013127235,0.7801547604394022,1.8394880321648552,-0.8965220209363307,0.33345372745194996,0.4000467988917536,4.9270057362450865,False,6
orig Equal premium capped,Full-cost net,351,circular_block_bootstrap,60,ok,60,0.4233185311179948,1.4253151913259208,0.8168102878571057,1.9092919229133607,-0.75623278070022,0.33345372745194996,0.39336721809727343,5.841313548149625,False,6
orig Equal premium capped,Full-cost net,352,circular_block_bootstrap,60,ok,60,-0.04650013118225704,1.3282507120573213,0.4835156513641651,1.0529495784818428,-0.8573581541213213,0.34010681468348986,0.40839304822884154,0.7881396708123217,False,6
orig Equal premium capped,Full-cost net,353,circular_block_bootstrap,60,ok,60,-0.46791821423684377,1.3059708429104975,0.07778313826447467,0.14084473545942447,-0.9720660270840503,0.4593182835696065,0.46933765476132683,0.04264734132244302,False,6
orig Equal premium capped,Full-cost net,354,circular_block_bootstrap,60,ok,60,0.5654590490193145,1.3012798108992019,0.8734251224076827,1.992595319615732,-0.7508039416348156,0.3345171572300795,0.44053524669370425,9.401746925931095,False,6
orig Equal premium capped,Full-cost net,355,circular_block_bootstrap,60,ok,60,0.0042170753571830755,1.1779437447683387,0.49513423152486696,0.9901412721040137,-0.9076566368976888,0.33345372745194996,0.3858944198657255,1.0212639655673013,False,6
orig Equal premium capped,Full-cost net,356,circular_block_bootstrap,60,ok,60,-0.19362941324523064,1.3064048943467919,0.4172157232979865,0.764905321984995,-0.8616611699399189,0.4593182835696065,0.46599786436408674,0.3409364149719271,False,6
orig Equal premium capped,Full-cost net,357,circular_block_bootstrap,60,ok,60,-0.29053651453814133,1.1355897038734484,0.19572548422838093,0.34988640569751417,-0.9335277359557317,0.3379839578295857,0.42638286766767614,0.17974227774615115,False,6
orig Equal premium capped,Full-cost net,358,circular_block_bootstrap,60,ok,60,0.08662920709148625,1.4086140059959775,0.6060087365629909,1.3827147425215676,-0.8035857417142114,0.3332221899408023,0.35989162937447766,1.5149798985252887,False,6
orig Equal premium capped,Full-cost net,359,circular_block_bootstrap,60,ok,60,-0.25967994844643294,1.2972712026358073,0.29573247843337075,0.5840939056034584,-0.9280679945351931,0.3867498232090164,0.4726774451585669,0.2223809401743986,False,6
orig Equal premium capped,Full-cost net,360,circular_block_bootstrap,60,ok,60,-0.35389352347247627,1.4105482843106172,0.25539645287022505,0.5110764800431441,-0.96205168142047,0.38293043055845905,0.413485571762918,0.11259535434355503,False,6
orig Equal premium capped,Full-cost net,361,circular_block_bootstrap,60,ok,60,0.7128447351788556,1.2320999276090367,0.9107580597555048,2.306307922956754,-0.805852535481207,0.28356434193004587,0.33238679012213174,14.743139862746938,False,6
orig Equal premium capped,Full-cost net,362,circular_block_bootstrap,60,ok,60,-0.3644663395733322,1.3324525293746698,0.1837247407473893,0.37162007989080925,-0.9720421422657536,0.33570760197168514,0.41507262902332176,0.10367947453039351,False,6
orig Equal premium capped,Full-cost net,363,circular_block_bootstrap,60,ok,60,-0.40124146094361723,1.1047642708814405,0.058969700330852866,0.09616493511131427,-0.9792449903750087,0.4593182835696065,0.46933765476132683,0.07695885547411664,False,6
orig Equal premium capped,Full-cost net,364,circular_block_bootstrap,60,ok,60,-0.006949030297646042,1.4913102432060203,0.5750506730919887,1.2905675707685829,-0.7687319053598599,0.38293043055845905,0.4211243570640328,0.9657343947567153,False,6
orig Equal premium capped,Full-cost net,365,circular_block_bootstrap,60,ok,60,-0.1784722965470642,0.9238853016577131,0.22554844152668466,0.3657091782046041,-0.8600188344408078,0.33345372745194996,0.3858944198657255,0.3742062753216495,False,6
orig Equal premium capped,Full-cost net,366,circular_block_bootstrap,60,ok,60,-0.07535354055979793,1.3215224111245993,0.47733751336038366,0.9851074974084345,-0.9544237080050304,0.342596150334279,0.41507262902332176,0.6758939440831963,False,6
orig Equal premium capped,Full-cost net,367,circular_block_bootstrap,60,ok,60,-0.5943126306482407,1.201131681168241,-0.23927474271478552,-0.41891915057726165,-0.9938637851170701,0.34741748010400836,0.47935702595304713,0.010988981267803696,False,6
orig Equal premium capped,Full-cost net,368,circular_block_bootstrap,60,ok,60,0.7097331924714954,0.9637994232881646,1.0118077061540607,1.9644483538606514,-0.5307530894492078,0.2700286382602016,0.41728625236000516,14.609714040830037,False,6
orig Equal premium capped,Full-cost net,369,circular_block_bootstrap,60,ok,60,0.17370779431648709,1.1893955072471334,0.6581548441598322,1.3011935691825014,-0.93616510104556,0.3320317451991967,0.4239658331544853,2.227408861891527,False,6
orig Equal premium capped,Full-cost net,370,circular_block_bootstrap,60,ok,60,-0.23372847081348358,1.224219168406989,0.30365374718608074,0.5767260854468992,-0.9343845507761015,0.34641554298483634,0.4726774451585669,0.26418821967710965,False,6
orig Equal premium capped,Full-cost net,371,circular_block_bootstrap,60,ok,60,-0.4286660283346292,1.1662305350118947,0.04555949118756464,0.0788378297406452,-0.9856472787980917,0.34641554298483634,0.4726774451585669,0.06087657920625441,False,6
orig Equal premium capped,Full-cost net,372,circular_block_bootstrap,60,ok,60,-0.3265072641193887,1.2965307159335187,0.21196465450852028,0.42402584094744245,-0.9836750343110622,0.34047329348037475,0.40991515971671094,0.13856852032834507,False,6
orig Equal premium capped,Full-cost net,373,circular_block_bootstrap,60,ok,60,-0.057511122127247405,1.1819981667059298,0.43655540708429336,0.88344499723912,-0.8186773276204161,0.342596150334279,0.40839304822884154,0.7436715534964637,False,6
orig Equal premium capped,Full-cost net,374,circular_block_bootstrap,60,ok,60,-0.13511600719993233,1.4388981812889532,0.47315789617816345,1.020221063835832,-0.901109394488116,0.33785294016375467,0.40359529746254075,0.48393752214751923,False,6
orig Equal premium capped,Full-cost net,375,circular_block_bootstrap,60,ok,60,0.006582250687227953,0.9812978446161333,0.48230909844706527,0.7976733044305734,-0.8962955571052247,0.33358474511778097,0.42638286766767614,1.0333473749028317,False,6
orig Equal premium capped,Full-cost net,376,circular_block_bootstrap,60,ok,60,-0.6966955952679732,1.074952314229058,-0.5518844209166275,-0.7875221376552763,-0.9975151854591306,0.46032022068877854,0.47935702595304713,0.0025668091983370275,False,6
orig Equal premium capped,Full-cost net,377,circular_block_bootstrap,60,ok,60,-0.30448551004817204,1.384342294237855,0.2959121926527042,0.596184867674902,-0.890866097313072,0.3867498232090164,0.4726774451585669,0.162753715304444,False,6
orig Equal premium capped,Full-cost net,378,circular_block_bootstrap,60,ok,60,0.0012580878313710464,1.1025101546102922,0.5014063098384999,0.921019665353412,-0.7989997752137548,0.3379839578295857,0.3942406692028135,1.006306286932124,False,6
orig Equal premium capped,Full-cost net,379,circular_block_bootstrap,60,ok,60,-0.10051967810253593,1.5759639773709728,0.5510956271751926,1.2174335648845798,-0.8938998474786514,0.38293043055845905,0.4117328386260817,0.5887871636244056,False,6
orig Equal premium capped,Full-cost net,380,circular_block_bootstrap,60,ok,60,-0.04156712561567355,1.2098268464001607,0.4440749891818491,0.9370647985953756,-0.8836090155499776,0.33239430037617534,0.40092024999729364,0.808739226484059,False,6
orig Equal premium capped,Full-cost net,381,circular_block_bootstrap,60,ok,60,-0.5544563299366664,1.1174173380377925,-0.19217613595798785,-0.30195740220852346,-0.988047915240529,0.3867498232090164,0.4726774451585669,0.017557043681619373,False,6
orig Equal premium capped,Full-cost net,382,circular_block_bootstrap,60,ok,60,-0.18931942415239156,1.470759111624258,0.4562251522482841,0.9353594943123044,-0.9095257616782131,0.3867498232090164,0.46599786436408674,0.3501457316476109,False,6
orig Equal premium capped,Full-cost net,383,circular_block_bootstrap,60,ok,60,-0.5630168772133602,1.3992612293098456,-0.008515030552692197,-0.01590622721664646,-0.9856760448640379,0.3867498232090164,0.4726774451585669,0.0159339452147726,False,6
orig Equal premium capped,Full-cost net,384,circular_block_bootstrap,60,ok,60,-0.18499026572634047,1.4196203798048812,0.4277790503893394,0.8951944207431791,-0.9159761521715256,0.38293043055845905,0.4311437282557531,0.3595952773294027,False,6
orig Equal premium capped,Full-cost net,385,circular_block_bootstrap,60,ok,60,-0.3239723668788589,1.1378051244782263,0.18425718419720333,0.31565030192888055,-0.9182808110571052,0.34741748010400836,0.47935702595304713,0.14119595073018537,False,6
orig Equal premium capped,Full-cost net,386,circular_block_bootstrap,60,ok,60,-0.5084663358249633,1.1262311183449414,-0.0914545227087733,-0.14707903016886556,-0.9750454501659439,0.34741748010400836,0.47935702595304713,0.02869236426584145,False,6
orig Equal premium capped,Full-cost net,387,circular_block_bootstrap,60,ok,60,-0.4324714310768656,1.2432432844984709,0.10495839916562923,0.18216268225196228,-0.964827546933473,0.38293043055845905,0.42613404265989296,0.058876046851023336,False,6
orig Equal premium capped,Full-cost net,388,circular_block_bootstrap,60,ok,60,0.020898864934064676,1.058467195504617,0.4765017471539542,0.9350161405110663,-0.8200029312655503,0.33785294016375467,0.3497774010915858,1.1089541864365582,False,6
orig Equal premium capped,Full-cost net,389,circular_block_bootstrap,60,ok,60,0.16288977921850023,0.9648093369971719,0.6029792645459541,1.081630538058227,-0.6823037146096316,0.33345372745194996,0.3537522214008628,2.1266340703757165,False,6
orig Equal premium capped,Full-cost net,390,circular_block_bootstrap,60,ok,60,-0.252972837588171,1.4014033735522617,0.3839586709425513,0.7417559158137861,-0.9131061019874472,0.4593182835696065,0.4643279691654667,0.23263870235408743,False,6
orig Equal premium capped,Full-cost net,391,circular_block_bootstrap,60,ok,60,0.4510419072467351,1.1983030809537,0.8366699513262524,1.7058014455859543,-0.8179363578552102,0.3383365498806369,0.46599786436408674,6.432795968749809,False,6
orig Equal premium capped,Full-cost net,392,circular_block_bootstrap,60,ok,60,-0.10421017239019759,1.3847717235722707,0.4690721806140723,0.9951783036971378,-0.8375527745589901,0.3379839578295857,0.41970328687319597,0.5768071456735646,False,6
orig Equal premium capped,Full-cost net,393,circular_block_bootstrap,60,ok,60,-0.31066847600519365,1.4623621235154454,0.3177301556359606,0.6677893789285189,-0.883259868489886,0.38293043055845905,0.42613404265989296,0.15564698012961356,False,6
orig Equal premium capped,Full-cost net,394,circular_block_bootstrap,60,ok,60,0.3908606465367259,1.2986051604634197,0.7976359224293735,1.7228060642687257,-0.8427329351122598,0.34641554298483634,0.46599786436408674,5.204968387340022,False,6
orig Equal premium capped,Full-cost net,395,circular_block_bootstrap,60,ok,60,0.02693233240661863,1.3665400654566093,0.5748984491376941,1.2273295055191507,-0.8414525325921426,0.34641554298483634,0.46599786436408674,1.142113165974193,False,6
orig Equal premium capped,Full-cost net,396,circular_block_bootstrap,60,ok,60,-0.27357032410667126,1.4233792273913677,0.33526873172752986,0.7098109311968762,-0.9300989180962773,0.34010681468348986,0.38293043055845905,0.20228695996963797,False,6
orig Equal premium capped,Full-cost net,397,circular_block_bootstrap,60,ok,60,-0.16367968303732294,1.4126433956744924,0.47196399821351553,0.9270666384117229,-0.8995262840477878,0.4593182835696065,0.4643279691654667,0.4091318001465579,False,6
orig Equal premium capped,Full-cost net,398,circular_block_bootstrap,60,ok,60,-0.3948222264791703,1.1425174818067911,0.05026027049222252,0.09001997603804832,-0.9604562845510303,0.342596150334279,0.41507262902332176,0.08117360729854962,False,6
orig Equal premium capped,Full-cost net,399,circular_block_bootstrap,60,ok,60,-0.2645898860129272,1.3250878804680086,0.3288870819143514,0.6291953794482648,-0.9662724928006582,0.46032022068877854,0.47935702595304713,0.21510375500565623,False,6
orig Equal premium capped,Full-cost net,400,circular_block_bootstrap,60,ok,60,-0.4036825603175672,0.9860206142805837,-0.06137323396383115,-0.09850717247082777,-0.9659439431581649,0.34047329348037475,0.3800882901767853,0.07540281398188305,False,6
orig Equal premium capped,Full-cost net,401,circular_block_bootstrap,60,ok,60,-0.3896565125881445,1.0687152203403312,0.04584425359259309,0.07535903872265316,-0.9853874882133469,0.3877517603281884,0.47935702595304713,0.08469769165570179,False,6
orig Equal premium capped,Full-cost net,402,circular_block_bootstrap,60,ok,60,-0.2422270098413708,1.3862397405033198,0.3490617352104481,0.7278965541692266,-0.9722286514345077,0.34641554298483634,0.46599786436408674,0.2498593505177587,False,6
orig Equal premium capped,Full-cost net,403,circular_block_bootstrap,60,ok,60,-0.12803553031004133,1.2488841033752016,0.4133314614164981,0.8093613696105864,-0.9312313138555424,0.33570760197168514,0.4472148274881844,0.5040735906584627,False,6
orig Equal premium capped,Full-cost net,404,circular_block_bootstrap,60,ok,60,-0.4173402626377285,1.1280989098956207,0.0029123396918435307,0.0051435919295169845,-0.9460919389620411,0.342596150334279,0.44053524669370425,0.06715448822037405,False,6
orig Equal premium capped,Full-cost net,405,circular_block_bootstrap,60,ok,60,-0.2756070377401427,1.1736878117879674,0.20829735096222055,0.39682276837953984,-0.921619630160618,0.34047329348037475,0.40490547412085076,0.1994670256171486,False,6
orig Equal premium capped,Full-cost net,406,circular_block_bootstrap,60,ok,60,-0.5038829710423116,1.280547315506608,-0.01712006890640131,-0.032381112832309024,-0.9896362211647673,0.342596150334279,0.41507262902332176,0.030055272583472646,False,6
orig Equal premium capped,Full-cost net,407,circular_block_bootstrap,60,ok,60,-0.20021371068914995,1.3732836637694765,0.3920751109805965,0.8070543688649646,-0.9338091243480462,0.38293043055845905,0.4211243570640328,0.32724255428812554,False,6
orig Equal premium capped,Full-cost net,408,circular_block_bootstrap,60,ok,60,0.05712400696992792,1.084084380022012,0.522754592608627,0.9861401973706834,-0.8853410107929534,0.33358474511778097,0.41970328687319597,1.3201694489231715,False,6
orig Equal premium capped,Full-cost net,409,circular_block_bootstrap,60,ok,60,-0.11901802015974283,1.2645014360817468,0.45083378056662043,0.8451736805419052,-0.9621927726589005,0.38293043055845905,0.42613404265989296,0.5306829392342572,False,6
orig Equal premium capped,Full-cost net,410,circular_block_bootstrap,60,ok,60,0.5996946147189595,1.3518644749167812,0.8952895749602086,2.1365495853286247,-0.7775125875656785,0.3274110875293486,0.3980855155747675,10.475756954318397,False,6
orig Equal premium capped,Full-cost net,411,circular_block_bootstrap,60,ok,60,0.28790858060717706,1.1950887665642822,0.73532855414298,1.4562539583561116,-0.8194118111542533,0.4593182835696065,0.4643279691654667,3.5434408155403188,False,6
orig Equal premium capped,Full-cost net,412,circular_block_bootstrap,60,ok,60,-0.632939725562697,1.3022105309567502,-0.2238127238089722,-0.39764109757296107,-0.9924096028708025,0.3867498232090164,0.4593182835696065,0.006663262533754797,False,6
orig Equal premium capped,Full-cost net,413,circular_block_bootstrap,60,ok,60,-0.3121708563164929,1.3330387019660912,0.2553564455486676,0.5149026243751093,-0.9564067620517389,0.3379839578295857,0.3942406692028135,0.15395821450105274,False,6
orig Equal premium capped,Full-cost net,414,circular_block_bootstrap,60,ok,60,0.016868515676185192,1.4719539320467765,0.5992214038522635,1.3035935732392447,-0.7966297682001353,0.38293043055845905,0.4117328386260817,1.0872364516174882,False,6
orig Equal premium capped,Full-cost net,415,circular_block_bootstrap,60,ok,60,0.21370465945525052,1.300517934212628,0.6497489573588544,1.5380399331734307,-0.8912302422651921,0.3274110875293486,0.3517909380838768,2.633692676341023,False,6
orig Equal premium capped,Full-cost net,416,circular_block_bootstrap,60,ok,60,-0.08739024700462339,1.2494116483010502,0.43528532918437324,0.8770248462496626,-0.9137226685543732,0.3383365498806369,0.4726774451585669,0.6330318022902514,False,6
orig Equal premium capped,Full-cost net,417,circular_block_bootstrap,60,ok,60,0.5202838169583028,1.1723261786879078,0.8780222024169192,1.7882254998155025,-0.6874084220363703,0.33358474511778097,0.42638286766767614,8.12125903361389,False,6
orig Equal premium capped,Full-cost net,418,circular_block_bootstrap,60,ok,60,0.2022977688504275,1.160427380615738,0.6486563930965225,1.3514978295194262,-0.7604921423243451,0.33345372745194996,0.3792148390712453,2.512234676240367,False,6
orig Equal premium capped,Full-cost net,419,circular_block_bootstrap,60,ok,60,-0.39332513005310066,1.2514606913987127,0.14106025142271705,0.2554565395944679,-0.9512253918035718,0.3439262073340472,0.4726774451585669,0.08218262870290134,False,6
orig Equal premium capped,Full-cost net,420,circular_block_bootstrap,60,ok,60,-0.4432988816193958,1.3769106802260538,0.11961429218598975,0.23807947371297553,-0.9545201009589428,0.3877517603281884,0.47935702595304713,0.05347003506463861,False,6
orig Equal premium capped,Full-cost net,421,circular_block_bootstrap,60,ok,60,-0.4963319349806836,1.0668458269614094,-0.1188568928282053,-0.1865301835381132,-0.9797533969660406,0.47935702595304713,0.47935702595304713,0.0324132125298003,False,6
orig Equal premium capped,Full-cost net,422,circular_block_bootstrap,60,ok,60,-0.21769372120438102,1.3725298359129339,0.36985097692021357,0.7562372767575446,-0.9484103374101237,0.3867498232090164,0.46599786436408674,0.2930111045310686,False,6
orig Equal premium capped,Full-cost net,423,circular_block_bootstrap,60,ok,60,-0.16923439605701573,1.2935876663616426,0.3573705403231403,0.7617469676898772,-0.8533370887703647,0.3379839578295857,0.3546256725064028,0.39572413280322816,False,6
orig Equal premium capped,Full-cost net,424,circular_block_bootstrap,60,ok,60,-0.035118135268417894,1.1119006508477565,0.4506099582112591,0.8796834610141974,-0.9057174647725386,0.32783629769272754,0.40092024999729364,0.8363166032896454,False,6
orig Equal premium capped,Full-cost net,425,circular_block_bootstrap,60,ok,60,-0.3677330708060088,1.246388345184307,0.17406727869537175,0.31137535940945205,-0.9657482676012739,0.3867498232090164,0.46599786436408674,0.10104209281519093,False,6
orig Equal premium capped,Full-cost net,426,circular_block_bootstrap,60,ok,60,-0.1345260074430763,1.206025960360096,0.41009825754115975,0.7808324482011779,-0.8978017206939194,0.3439262073340472,0.4726774451585669,0.48559041918520013,False,6
orig Equal premium capped,Full-cost net,427,circular_block_bootstrap,60,ok,60,-0.0524490653249593,1.2519782969031843,0.48693783265815094,0.9503656719767559,-0.7918664288146486,0.38293043055845905,0.39820800116068855,0.7638583347055518,False,6
orig Equal premium capped,Full-cost net,428,circular_block_bootstrap,60,ok,60,0.2906962598190428,1.2199105356452637,0.719011644019236,1.5508885362690739,-0.9117646924184055,0.33358474511778097,0.3942406692028135,3.58195609093939,False,6
orig Equal premium capped,Full-cost net,429,circular_block_bootstrap,60,ok,60,-0.46448378823782877,1.131846269492675,-0.03579886835656336,-0.05943057727253226,-0.9833642297254758,0.3867498232090164,0.46599786436408674,0.04404160263124508,False,6
orig Equal premium capped,Full-cost net,430,circular_block_bootstrap,60,ok,60,0.11937255191629292,1.3096407351023478,0.6058919612606515,1.3442431761757938,-0.81297869126731,0.3379839578295857,0.40092024999729364,1.757410702643166,False,6
orig Equal premium capped,Full-cost net,431,circular_block_bootstrap,60,ok,60,0.14312200131316777,1.1611945299418778,0.6004696430057859,1.2406392841560556,-0.7078652054186942,0.3379839578295857,0.42638286766767614,1.951924062091228,False,6
orig Equal premium capped,Full-cost net,432,circular_block_bootstrap,60,ok,60,0.3160070061676621,1.4017034262047015,0.7396212436179139,1.7543031729617835,-0.7337263127679499,0.33570760197168514,0.40839304822884154,3.947217039427608,False,6
orig Equal premium capped,Full-cost net,433,circular_block_bootstrap,60,ok,60,-0.27497160454006475,1.1592221988197051,0.21941998948746042,0.4065489134663239,-0.956237796670016,0.34010681468348986,0.4472148274881844,0.20034341824717247,False,6
orig Equal premium capped,Full-cost net,434,circular_block_bootstrap,60,ok,60,0.41947145286891807,1.0789477536819576,0.7984030942245556,1.5882216757743044,-0.8752572914401849,0.33358474511778097,0.3942406692028135,5.762796902293021,False,6
orig Equal premium capped,Full-cost net,435,circular_block_bootstrap,60,ok,60,0.10760359868152047,1.2933231867182837,0.6177880921158878,1.267987448807103,-0.8782950560388886,0.342596150334279,0.40839304822884154,1.6669469955447742,False,6
orig Equal premium capped,Full-cost net,436,circular_block_bootstrap,60,ok,60,-0.08360310041297558,1.4361783162314166,0.5097933709709156,1.0955744400948493,-0.8598691070332828,0.38293043055845905,0.4311437282557531,0.6462760410729566,False,6
orig Equal premium capped,Full-cost net,437,circular_block_bootstrap,60,ok,60,-0.29758621117844286,1.215083977349636,0.2460772037705221,0.44413310159977865,-0.8885424299189518,0.3379839578295857,0.3942406692028135,0.17098780698233193,False,6
orig Equal premium capped,Full-cost net,438,circular_block_bootstrap,60,ok,60,-0.21742786024291016,1.1406679753519815,0.27340822563434336,0.5005119191104458,-0.9328527522225465,0.342596150334279,0.44053524669370425,0.29350933125950596,False,6
orig Equal premium capped,Full-cost net,439,circular_block_bootstrap,60,ok,60,0.1028321663250702,1.0557233625395084,0.5608819465490462,1.0443725805770734,-0.7508039416348156,0.3379839578295857,0.42638286766767614,1.6313499105364653,False,6
orig Equal premium capped,Full-cost net,440,circular_block_bootstrap,60,ok,60,0.09224060255878275,1.246235279916262,0.5816285535412786,1.207420181177692,-0.8549741660085372,0.38293043055845905,0.4211243570640328,1.5545030698559263,False,6
orig Equal premium capped,Full-cost net,441,circular_block_bootstrap,60,ok,60,-0.44319626110582533,1.1956927745430403,0.06159631933282135,0.10413903612668725,-0.9573278583963432,0.34641554298483634,0.4726774451585669,0.0535193357181498,False,6
orig Equal premium capped,Full-cost net,442,circular_block_bootstrap,60,ok,60,-0.4568354310583427,1.3348571644374725,0.09076808940051904,0.17459641107631657,-0.9750063674815262,0.3379839578295857,0.42638286766767614,0.04727778965694752,False,6
orig Equal premium capped,Full-cost net,443,circular_block_bootstrap,60,ok,60,0.07290341409328605,1.3398716526303645,0.5816641049166761,1.3130779617585326,-0.8685838278287868,0.33345372745194996,0.35287877029532283,1.4216841981806183,False,6
orig Equal premium capped,Full-cost net,444,circular_block_bootstrap,60,ok,60,-0.5376792914920305,1.2080669340485788,-0.10600928301789193,-0.18293686125774022,-0.9903155732173957,0.3867498232090164,0.4726774451585669,0.02112110983875721,False,6
orig Equal premium capped,Full-cost net,445,circular_block_bootstrap,60,ok,60,-0.2883452898688873,1.5425983853334861,0.3665471515919313,0.7996611835428725,-0.9347139171839648,0.38293043055845905,0.413485571762918,0.18253520610390964,False,6
orig Equal premium capped,Full-cost net,446,circular_block_bootstrap,60,ok,60,0.25598614408999065,1.2724036926379032,0.6875362342933015,1.5514033981749793,-0.787363962624576,0.33345372745194996,0.3537522214008628,3.1255341014495706,False,6
orig Equal premium capped,Full-cost net,447,circular_block_bootstrap,60,ok,60,-0.1395989599576728,1.7115751436917732,0.5626007054858914,1.3001415117163275,-0.8937611385053148,0.38293043055845905,0.4117328386260817,0.47152490194403707,False,6
orig Equal premium capped,Full-cost net,448,circular_block_bootstrap,60,ok,60,-0.5918748898438253,1.3789935127350574,-0.11498397344698891,-0.22875396888134583,-0.9922099672424065,0.342596150334279,0.41507262902332176,0.01132313223566335,False,6
orig Equal premium capped,Full-cost net,449,circular_block_bootstrap,60,ok,60,-0.3617776157577046,1.0976160275600322,0.09140247863522312,0.15434480976790665,-0.9367812317821174,0.3379839578295857,0.42638286766767614,0.10589127078248224,False,6
orig Equal premium capped,Full-cost net,450,circular_block_bootstrap,60,ok,60,0.06933122552304405,1.1666116514317786,0.5905291938426788,1.0788151985845933,-0.8238071529229775,0.4593182835696065,0.46933765476132683,1.3981740718153368,False,6
orig Equal premium capped,Full-cost net,451,circular_block_bootstrap,60,ok,60,0.14624990582027952,1.3832743973560915,0.6453700882423772,1.4208495050410876,-0.7637272058793216,0.33570760197168514,0.40839304822884154,1.9787756841693809,False,6
orig Equal premium capped,Full-cost net,452,circular_block_bootstrap,60,ok,60,0.4389172889895505,1.2185036052514164,0.8068941553308046,1.7411077110793187,-0.6763646475422349,0.3320317451991967,0.4239658331544853,6.168494103853319,False,6
orig Equal premium capped,Full-cost net,453,circular_block_bootstrap,60,ok,60,-0.07788318940729244,1.19549919385387,0.4617603942600737,0.8677717805825893,-0.8967605709913469,0.34641554298483634,0.46599786436408674,0.6666988367364177,False,6
orig Equal premium capped,Full-cost net,454,circular_block_bootstrap,60,ok,60,0.4962068496205654,1.1948250917405792,0.8131982543561898,1.8577724230877677,-0.6321390438811689,0.3379839578295857,0.368778051532431,7.4982202492724666,False,6
orig Equal premium capped,Full-cost net,455,circular_block_bootstrap,60,ok,60,-0.04059844717653582,1.2403856172672638,0.48685576065192937,0.9735890054007158,-0.9052497977951222,0.342596150334279,0.44053524669370425,0.8128344189565807,False,6
orig Equal premium capped,Full-cost net,456,circular_block_bootstrap,60,ok,60,-0.5117412448245808,1.4026317477239696,0.063906008180645,0.12225324127102104,-0.9870068337812311,0.46032022068877854,0.47935702595304713,0.02774918279100397,False,6
orig Equal premium capped,Full-cost net,457,circular_block_bootstrap,60,ok,60,0.045945199003090575,1.2246773095672754,0.5448109136068179,1.1250632870680606,-0.806414232358535,0.34010681468348986,0.41507262902332176,1.2518279790325473,False,6
orig Equal premium capped,Full-cost net,458,circular_block_bootstrap,60,ok,60,-0.37962415238376057,1.5814408139329112,0.31216911929124996,0.666171892562933,-0.9638534478757703,0.3867498232090164,0.4726774451585669,0.09189130260281056,False,6
orig Equal premium capped,Full-cost net,459,circular_block_bootstrap,60,ok,60,-0.27959640093152915,1.1690491915372998,0.24674314930557717,0.43315041844122937,-0.9457100476124394,0.4593182835696065,0.46933765476132683,0.1940346846952078,False,6
orig Equal premium capped,Full-cost net,460,circular_block_bootstrap,60,ok,60,-0.15007735536075595,1.1561897558058982,0.3471711153111623,0.6655168409823643,-0.8984412244112693,0.342596150334279,0.41507262902332176,0.4435034493360578,False,6
orig Equal premium capped,Full-cost net,461,circular_block_bootstrap,60,ok,60,-0.41873295783047804,1.2882975060773567,0.0654151580444736,0.13592716972791152,-0.9731508112367325,0.33785294016375467,0.3391631168220647,0.06635573985233453,False,6
orig Equal premium capped,Full-cost net,462,circular_block_bootstrap,60,ok,60,-0.3838863884091084,1.4010790404035882,0.22389465082805116,0.4445622536815814,-0.9722297581477253,0.3867498232090164,0.4726774451585669,0.08877772631183413,False,6
orig Equal premium capped,Full-cost net,463,circular_block_bootstrap,60,ok,60,0.19290105927148438,1.2779095434343457,0.6617377465566404,1.402435584783016,-0.8018823918337841,0.3379839578295857,0.3942406692028135,2.415583871034267,False,6
orig Equal premium capped,Full-cost net,464,circular_block_bootstrap,60,ok,60,-0.006444616225625421,1.198334252574382,0.4684125858312693,1.0137123178735088,-0.9363487261628681,0.33345372745194996,0.33872639126929466,0.9681895816211921,False,6
orig Equal premium capped,Full-cost net,465,circular_block_bootstrap,60,ok,60,-0.36559890075441925,1.3695222055591516,0.2154822139297036,0.43468669052573367,-0.9766600586357619,0.38293043055845905,0.4020273938112459,0.1027589443610475,False,6
orig Equal premium capped,Full-cost net,466,circular_block_bootstrap,60,ok,60,-0.18917068955706196,1.1148432589325676,0.28078803418865705,0.5343958489752213,-0.9000922305891421,0.33358474511778097,0.3800882901767853,0.3504670536234035,False,6
orig Equal premium capped,Full-cost net,467,circular_block_bootstrap,60,ok,60,0.059513118613667926,1.2362265010945732,0.5185029238169971,1.1723605859268549,-0.7916501943675999,0.3320317451991967,0.35220863799321206,1.3351550169859154,False,6
orig Equal premium capped,Full-cost net,468,circular_block_bootstrap,60,ok,60,0.1854851193714231,1.3293988564241024,0.6401089617986271,1.486022456023066,-0.8663810768869229,0.33226328271034433,0.36790460042689094,2.341426528629899,False,6
orig Equal premium capped,Full-cost net,469,circular_block_bootstrap,60,ok,60,0.08883419626676758,1.3919337300424697,0.5822380934491939,1.3844532554544107,-0.8340646131251445,0.33358474511778097,0.3942406692028135,1.5304134012495072,False,6
orig Equal premium capped,Full-cost net,470,circular_block_bootstrap,60,ok,60,-0.383175856922222,1.4000292663773195,0.23208336713931937,0.45214265190083097,-0.9716931267908067,0.4593182835696065,0.46933765476132683,0.08929082185806793,False,6
orig Equal premium capped,Full-cost net,471,circular_block_bootstrap,60,ok,60,-0.4319801436010361,1.4923883456800369,0.21617602581736522,0.4369330151921063,-0.9675355885869762,0.3877517603281884,0.47935702595304713,0.05913132198618103,False,6
orig Equal premium capped,Full-cost net,472,circular_block_bootstrap,60,ok,60,-0.32583755198017206,1.4628095730495065,0.299949850739724,0.6365088129188015,-0.9411496819802464,0.342596150334279,0.44053524669370425,0.13925884524958884,False,6
orig Equal premium capped,Full-cost net,473,circular_block_bootstrap,60,ok,60,-0.14063173885555513,1.26114294848924,0.382746151988678,0.7940032380033902,-0.89105158445585,0.342596150334279,0.41507262902332176,0.46870172265230897,False,6
orig Equal premium capped,Full-cost net,474,circular_block_bootstrap,60,ok,60,0.03338123836594575,0.9907052286111379,0.4991320093890973,0.8577906923233596,-0.8939125797914229,0.38293043055845905,0.4211243570640328,1.1784274819290614,False,6
orig Equal premium capped,Full-cost net,475,circular_block_bootstrap,60,ok,60,-0.299090861286342,1.0305007774983133,0.16240969510812545,0.25440995404918804,-0.9552574728101719,0.3867498232090164,0.4726774451585669,0.16916425971903973,False,6
orig Equal premium capped,Full-cost net,476,circular_block_bootstrap,60,ok,60,-0.01661790944348207,1.1760478930182943,0.5153361152100466,0.9591160219889048,-0.8976057526538663,0.4593182835696065,0.46432796916546665,0.919626490792106,False,6
orig Equal premium capped,Full-cost net,477,circular_block_bootstrap,60,ok,60,0.00036882095249368696,1.3840956117388863,0.5412994856369469,1.205065942542819,-0.8305994068902345,0.33785294016375467,0.3844983342097539,1.001845465553214,False,6
orig Equal premium capped,Full-cost net,478,circular_block_bootstrap,60,ok,60,-0.3291238974303351,1.4213652299522659,0.3089294817902618,0.6090672555675197,-0.9280390485274304,0.3867498232090164,0.4726774451585669,0.13589754468871026,False,6
orig Equal premium capped,Full-cost net,479,circular_block_bootstrap,60,ok,60,0.6141922879691633,1.2737157398263297,0.9248064898690209,1.9965997888529776,-0.8494079403413247,0.34010681468348986,0.43385566589922403,10.95913660383059,False,6
orig Equal premium capped,Full-cost net,480,circular_block_bootstrap,60,ok,60,-0.5186408717734501,1.2931839888953218,-0.022878316962979255,-0.04264721393284797,-0.9845336215140816,0.38293043055845905,0.42613404265989296,0.02584318638194882,False,6
orig Equal premium capped,Full-cost net,481,circular_block_bootstrap,60,ok,60,-0.18250252736316208,1.157490648001882,0.33278326833920685,0.6363149158542055,-0.9338769754049353,0.3332221899408023,0.4062896079469247,0.3651170328104199,False,6
orig Equal premium capped,Full-cost net,482,circular_block_bootstrap,60,ok,60,-0.07818698251979528,1.1405139871644088,0.4346269436289404,0.7947788503076927,-0.856852858505025,0.34641554298483634,0.4726774451585669,0.6656013342130863,False,6
orig Equal premium capped,Full-cost net,483,circular_block_bootstrap,60,ok,60,-0.32629900983887394,1.2475284450537485,0.2173421203928646,0.39739358626675597,-0.9700253415185524,0.38293043055845905,0.4261340426598929,0.138782890416091,False,6
orig Equal premium capped,Full-cost net,484,circular_block_bootstrap,60,ok,60,0.3407169438132165,1.2714056351894232,0.7556507026317022,1.6805461995280222,-0.8353864720335229,0.33345372745194996,0.3537522214008628,4.331970493820516,False,6
orig Equal premium capped,Full-cost net,485,circular_block_bootstrap,60,ok,60,-0.2944711375178587,1.2170153080421513,0.23303692068680873,0.431499503131801,-0.9489158752224754,0.34641554298483634,0.4593182835696065,0.17481308016363656,False,6
orig Equal premium capped,Full-cost net,486,circular_block_bootstrap,60,ok,60,0.041593028575852564,1.2223947454740733,0.5422951466388242,1.1239095619126447,-0.7975344248144076,0.34047329348037475,0.3858085108680639,1.225999582862352,False,6
orig Equal premium capped,Full-cost net,487,circular_block_bootstrap,60,ok,60,0.06448708412159543,1.0746575241256358,0.5055491921938404,1.027103724924196,-0.8954897320618348,0.3332221899408023,0.3361226313566313,1.3667905947006025,False,6
orig Equal premium capped,Full-cost net,488,circular_block_bootstrap,60,ok,60,-0.08383784581551212,1.6039552074116095,0.5451989319469671,1.2843024116691133,-0.8712923584821911,0.38293043055845905,0.38293043055845905,0.6454487105529442,False,6
orig Equal premium capped,Full-cost net,489,circular_block_bootstrap,60,ok,60,0.033805288694726654,1.187837610746106,0.5497192969721922,1.0715246400567329,-0.9273276296888726,0.34641554298483634,0.4726774451585669,1.1808473190001982,False,6
orig Equal premium capped,Full-cost net,490,circular_block_bootstrap,60,ok,60,-0.366799230447326,1.4233647655599582,0.25862990229450816,0.5241663384183498,-0.9460807807861756,0.4593182835696065,0.46933765476132683,0.10179048180710108,False,6
orig Equal premium capped,Full-cost net,491,circular_block_bootstrap,60,ok,60,0.16489633778906465,1.2392163520775887,0.6484183561798023,1.3226387920792273,-0.8084885293031598,0.38293043055845905,0.4020273938112459,2.145044961216708,False,6
orig Equal premium capped,Full-cost net,492,circular_block_bootstrap,60,ok,60,-0.14880931550033583,1.1579454334577295,0.3480308735623607,0.6724603946641803,-0.9221642564800728,0.3379839578295857,0.34047329348037475,0.44682175508962413,False,6
orig Equal premium capped,Full-cost net,493,circular_block_bootstrap,60,ok,60,-0.12657644204399277,1.2384029890000587,0.4129688300718591,0.801721197119176,-0.9380167018218817,0.342596150334279,0.43385566589922403,0.5083051473545408,False,6
orig Equal premium capped,Full-cost net,494,circular_block_bootstrap,60,ok,60,-0.21641042089642937,1.3147536264325659,0.3723376076730763,0.7167474286350294,-0.9562970018072315,0.3867498232090164,0.4726774451585669,0.2954222888180799,False,6
orig Equal premium capped,Full-cost net,495,circular_block_bootstrap,60,ok,60,-0.15545223105243122,1.4475982299431545,0.4596413959287862,0.9787486058936722,-0.8768293260757538,0.34641554298483634,0.46599786436408674,0.429656211666271,False,6
orig Equal premium capped,Full-cost net,496,circular_block_bootstrap,60,ok,60,-0.37744094750169965,1.2863720535599295,0.19946657546896962,0.3594560008579645,-0.9481537572911062,0.4593182835696065,0.4593182835696065,0.09351962623507822,False,6
orig Equal premium capped,Full-cost net,497,circular_block_bootstrap,60,ok,60,-0.21597892669909702,1.274044462680434,0.2958270591440044,0.6411587860777536,-0.9006903258194069,0.3379839578295857,0.3546256725064028,0.2962365765114427,False,6
orig Equal premium capped,Full-cost net,498,circular_block_bootstrap,60,ok,60,-0.20194359961291364,1.0103615593064796,0.2616532103819417,0.4278684999785151,-0.9339867511092454,0.34047329348037475,0.40490547412085076,0.3237188022671643,False,6
orig Equal premium capped,Full-cost net,499,circular_block_bootstrap,60,ok,60,-0.574246751987029,1.072022769735497,-0.2889806351294303,-0.4606904965511377,-0.9925117822064142,0.4593182835696065,0.46933765476132683,0.01398910239634272,False,6
orig Equal premium capped,Full-cost net,500,circular_block_bootstrap,60,ok,60,0.2590740200115622,0.9658927851899747,0.6792311404493602,1.2537442633939653,-0.8881388709682431,0.2838585344275938,0.38589441986572554,3.1641445356865807,False,6
orig Equal premium capped,Full-cost net,501,circular_block_bootstrap,60,ok,60,0.050781630353335716,1.3582321595328046,0.5977046779530726,1.2588320413576393,-0.799806103010966,0.32995915454663177,0.4472148274881844,1.2810390231288573,False,6
orig Equal premium capped,Full-cost net,502,circular_block_bootstrap,60,ok,60,-0.18596981147642477,1.2928825572748435,0.41165270687853267,0.7680085152276362,-0.9325914288819862,0.46032022068877854,0.47935702595304713,0.35743950957705417,False,6
orig Equal premium capped,Full-cost net,503,circular_block_bootstrap,60,ok,60,-0.259317497775419,1.1281817232276012,0.20439298786146315,0.39151284103785494,-0.8344326033483531,0.3379839578295857,0.40092024999729364,0.22292584695411202,False,6
orig Equal premium capped,Full-cost net,504,circular_block_bootstrap,60,ok,60,-0.3579356524712355,1.09454948395459,0.11424308684614835,0.18643848333004848,-0.9888984677963087,0.3877517603281884,0.47935702595304713,0.10911709005835889,False,6
orig Equal premium capped,Full-cost net,505,circular_block_bootstrap,60,ok,60,0.16066933969225183,1.0700371423197557,0.609554939574533,1.160888439717864,-0.7805093197958337,0.33345372745194996,0.38589441986572554,2.1064083186542337,False,6
orig Equal premium capped,Full-cost net,506,circular_block_bootstrap,60,ok,60,0.282744277509942,0.9834149499282608,0.6958128563093079,1.3130862580621514,-0.7035727937982054,0.3332221899408023,0.3665589892328965,3.4729651827705608,False,6
orig Equal premium capped,Full-cost net,507,circular_block_bootstrap,60,ok,60,-0.0644861056755569,0.8936974896507877,0.35806614011302185,0.5848548024085134,-0.8801504364676715,0.28024431718211545,0.4306454139489655,0.7165577710805056,False,6
orig Equal premium capped,Full-cost net,508,circular_block_bootstrap,60,ok,60,-0.5102530109203396,1.3050634181493577,-0.0016690247931170164,-0.0031001202380805492,-0.9924258262294224,0.38293043055845905,0.42613404265989296,0.028174672293242796,False,6
orig Equal premium capped,Full-cost net,509,circular_block_bootstrap,60,ok,60,-0.35033665728257213,1.5196542378673787,0.31828676057379146,0.660007536329806,-0.9326162833089521,0.4593182835696065,0.4643279691654667,0.11572889644842475,False,6
orig Equal premium capped,Full-cost net,510,circular_block_bootstrap,60,ok,60,0.17768367929494655,1.2796149343077452,0.6355261330355069,1.413056628373752,-0.7646081298239388,0.33345372745194996,0.3537522214008628,2.2653915828639803,False,6
orig Equal premium capped,Full-cost net,511,circular_block_bootstrap,60,ok,60,-0.27164251660057703,1.059766186402687,0.19561970298003448,0.32874289768976317,-0.8965109482525129,0.342596150334279,0.44053524669370425,0.20498540173585575,False,6
orig Equal premium capped,Full-cost net,512,circular_block_bootstrap,60,ok,60,-0.6419795688959385,1.189136962771489,-0.3315988146479258,-0.5539466816222092,-0.9975906384459098,0.34047329348037475,0.40991515971671094,0.0058821900999968145,False,6
orig Equal premium capped,Full-cost net,513,circular_block_bootstrap,60,ok,60,-0.04541283750583425,1.1468430026351595,0.5073199271552283,0.8666724237319412,-0.8921862755625922,0.4593182835696065,0.45931828356960647,0.7926435826944709,False,6
orig Equal premium capped,Full-cost net,514,circular_block_bootstrap,60,ok,60,-0.32635050281021605,1.097896791608273,0.15854818049394412,0.262870876490677,-0.9506580327446289,0.34641554298483634,0.46599786436408674,0.13872986057678371,False,6
orig Equal premium capped,Full-cost net,515,circular_block_bootstrap,60,ok,60,-0.4378645567912458,1.1816629355088222,0.06493969980695438,0.10725060061371691,-0.9773922978467211,0.4593182835696065,0.46599786436408674,0.056131266877269444,False,6
orig Equal premium capped,Full-cost net,516,circular_block_bootstrap,60,ok,60,-0.23202268737477016,1.0451374390028259,0.2327832243899852,0.3907939008016849,-0.9515807618212623,0.34047329348037475,0.4049054741208508,0.2671418640603575,False,6
orig Equal premium capped,Full-cost net,517,circular_block_bootstrap,60,ok,60,-0.2033294451604427,1.5119472483937695,0.42187819918199243,0.9593987467980912,-0.9075453272954924,0.34010681468348986,0.41507262902332176,0.3209178168439953,False,6
orig Equal premium capped,Full-cost net,518,circular_block_bootstrap,60,ok,60,-0.2820984851651105,1.1694025343107946,0.23018128701067941,0.41589458540944374,-0.9170439279281445,0.38293043055845905,0.4211243570640328,0.19068843245548292,False,6
orig Equal premium capped,Full-cost net,519,circular_block_bootstrap,60,ok,60,0.48777457263882096,1.3373196113050745,0.8499685758839512,1.9268462236583508,-0.8127069549900852,0.33345372745194996,0.4000467988917536,7.289297235865794,False,6
orig Equal premium capped,Full-cost net,520,circular_block_bootstrap,60,ok,60,-0.3272689786865126,1.0506189707517621,0.09671925017239835,0.16465764521988507,-0.9527118923405005,0.3379839578295857,0.3867678709712656,0.13778669171163038,False,6
orig Equal premium capped,Full-cost net,521,circular_block_bootstrap,60,ok,60,-0.25597318309522177,1.198196949054743,0.3088603620889258,0.5359899573639089,-0.9514384119358137,0.46032022068877854,0.47935702595304713,0.22800425159413668,False,6
orig Equal premium capped,Full-cost net,522,circular_block_bootstrap,60,ok,60,-0.29839722843474004,1.1306272297832343,0.1875658208928191,0.3279744010286517,-0.9488271850110538,0.38293043055845905,0.42613404265989296,0.17000295870913051,False,6
orig Equal premium capped,Full-cost net,523,circular_block_bootstrap,60,ok,60,-0.013501625541788576,1.3894008867401524,0.5268439645357281,1.1777436160225014,-0.9161387452803351,0.38293043055845905,0.4070370794071061,0.9342903642816863,False,6
orig Equal premium capped,Full-cost net,524,circular_block_bootstrap,60,ok,60,-0.42183214205423425,1.1380658970332769,0.03328294638661225,0.05774762047658573,-0.9779565405714399,0.3379839578295857,0.43306244846215636,0.06460553414387915,False,6
orig Equal premium capped,Full-cost net,525,circular_block_bootstrap,60,ok,60,-0.3348528284974661,1.2648324319780104,0.20860419292644508,0.39004008038589255,-0.9602521072182152,0.38293043055845905,0.4261340426598929,0.13019333234217306,False,6
orig Equal premium capped,Full-cost net,526,circular_block_bootstrap,60,ok,60,-0.14425500338957564,1.3239273696732847,0.42316913796101185,0.8660453589620679,-0.9104241050706927,0.33785294016375467,0.40359529746254075,0.45890399964863743,False,6
orig Equal premium capped,Full-cost net,527,circular_block_bootstrap,60,ok,60,0.5968538961639951,1.333811132960977,0.8967475816283922,2.131842991116853,-0.6702849510591282,0.3274737425157489,0.39182363468962267,10.383073093924686,False,6
orig Equal premium capped,Full-cost net,528,circular_block_bootstrap,60,ok,60,-0.15348568065965917,1.454246143521152,0.4295988348606363,0.9830781601730695,-0.9238400957561652,0.3379839578295857,0.40092024999729364,0.43468188769347255,False,6
orig Equal premium capped,Full-cost net,529,circular_block_bootstrap,60,ok,60,-0.41083164344133216,1.2109228749411725,0.09914068885882135,0.17530302530194605,-0.9811601290887231,0.34641554298483634,0.46599786436408674,0.07098998217352682,False,6
orig Equal premium capped,Full-cost net,530,circular_block_bootstrap,60,ok,60,-0.44684226865051435,1.316541623237273,0.11724696239975552,0.215977354617168,-0.9790517134715501,0.3867498232090164,0.4726774451585669,0.05178988348807431,False,6
orig Equal premium capped,Full-cost net,531,circular_block_bootstrap,60,ok,60,0.16647006365592132,1.254392651375689,0.633422541130776,1.3718653803923309,-0.8489914671007904,0.3332221899408023,0.3659039009037415,2.15957348986273,False,6
orig Equal premium capped,Full-cost net,532,circular_block_bootstrap,60,ok,60,-0.06414803852822815,1.1173761956173092,0.4623646766500536,0.8071574281271102,-0.7078652054186944,0.3867498232090164,0.46599786436408674,0.7178534214522589,False,6
orig Equal premium capped,Full-cost net,533,circular_block_bootstrap,60,ok,60,0.7340598478874065,1.0969254237679138,1.0106730079916775,2.0366062801319518,-0.5848178175414551,0.3332221899408023,0.3771732735024176,15.679074055202587,False,6
orig Equal premium capped,Full-cost net,534,circular_block_bootstrap,60,ok,60,0.38273746503625916,1.0744914525786162,0.7703609633572273,1.6047152830509526,-0.8077291529383764,0.28241791624051504,0.3754168475129939,5.054738009041291,False,6
orig Equal premium capped,Full-cost net,535,circular_block_bootstrap,60,ok,60,-0.12464589405909321,1.2713457676821946,0.4374105218088235,0.8423639071594949,-0.8563751239068468,0.3867498232090164,0.4593182835696065,0.5139476279157281,False,6
orig Equal premium capped,Full-cost net,536,circular_block_bootstrap,60,ok,60,-0.3883525575703035,1.1311789307754652,0.09884949510696485,0.16174273817040674,-0.9686063572707759,0.4593182835696065,0.4643279691654667,0.08560631847239683,False,6
orig Equal premium capped,Full-cost net,537,circular_block_bootstrap,60,ok,60,0.27237698342881944,1.328316179347636,0.7363043648534517,1.561978570317125,-0.7230645839354403,0.38293043055845905,0.4211243570640328,3.334870867222354,False,6
orig Equal premium capped,Full-cost net,538,circular_block_bootstrap,60,ok,60,-0.6215389483054976,1.326058232277117,-0.14798436182913136,-0.25658195795687117,-0.9965507104066617,0.46032022068877854,0.47935702595304713,0.007764365289415079,False,6
orig Equal premium capped,Full-cost net,539,circular_block_bootstrap,60,ok,60,0.07505056016325651,1.193812586290352,0.5889988553280132,1.1276706128615028,-0.8325664609441766,0.34641554298483634,0.46599786436408674,1.435966965619448,False,6
orig Equal premium capped,Full-cost net,540,circular_block_bootstrap,60,ok,60,-0.22634253199669663,1.1756891280585715,0.2784203532493407,0.5319857576956672,-0.9570196865267666,0.33785294016375467,0.37322896161107777,0.27716833335593727,False,6
orig Equal premium capped,Full-cost net,541,circular_block_bootstrap,60,ok,60,-0.1423752831874322,1.378308225772382,0.43725565479865286,0.916986188432896,-0.9343493798328413,0.38293043055845905,0.4311437282557531,0.4639663082818812,False,6
orig Equal premium capped,Full-cost net,542,circular_block_bootstrap,60,ok,60,-0.18554127562364653,1.1285535687636312,0.3322147609020134,0.5864238893956948,-0.9506985222440167,0.34641554298483634,0.46599786436408674,0.3583813481408061,False,6
orig Equal premium capped,Full-cost net,543,circular_block_bootstrap,60,ok,60,-0.21158582933771686,1.2576602866195477,0.34944324097825,0.6623950499820521,-0.9245771981676707,0.3439262073340472,0.46599786436408674,0.30462960519164484,False,6
orig Equal premium capped,Full-cost net,544,circular_block_bootstrap,60,ok,60,0.9328980911820739,0.9494891734570586,1.1379746558759312,2.335692775056759,-0.6093092592493334,0.3274737425157489,0.351335186887672,26.980176467745434,False,6
orig Equal premium capped,Full-cost net,545,circular_block_bootstrap,60,ok,60,0.03573465640937368,1.3904069688767096,0.5940586488427646,1.2768529906799369,-0.7826936765036432,0.33345372745194996,0.4255094165621361,1.1919074695050043,False,6
orig Equal premium capped,Full-cost net,546,circular_block_bootstrap,60,ok,60,-0.1185437696989905,1.271702866004788,0.4401733460569732,0.8634544835742092,-0.9655893417887194,0.34010681468348986,0.4472148274881844,0.5321128648478293,False,6
orig Equal premium capped,Full-cost net,547,circular_block_bootstrap,60,ok,60,0.03981793288232627,1.1721727648003522,0.5194548413763658,1.077187280752809,-0.8897741127831806,0.33226328271034433,0.38589441986572554,1.215588311329018,False,6
orig Equal premium capped,Full-cost net,548,circular_block_bootstrap,60,ok,60,0.08894109157840546,1.3237140014230888,0.5898997040282189,1.2923895196743498,-0.8449045071390584,0.3345171572300795,0.41507262902332176,1.5311647835194861,False,6
orig Equal premium capped,Full-cost net,549,circular_block_bootstrap,60,ok,60,-0.36185317229668945,1.1963719868030454,0.1875253917122646,0.3153550419808662,-0.9908927088608307,0.4593182835696065,0.4673337805229828,0.10582860544832931,False,6
orig Equal premium capped,Full-cost net,550,circular_block_bootstrap,60,ok,60,-0.11746080043330043,1.033527797887673,0.34928391725581986,0.6210874611601999,-0.9249861281973705,0.34047329348037475,0.37273371891383794,0.5353897128977209,False,6
orig Equal premium capped,Full-cost net,551,circular_block_bootstrap,60,ok,60,0.4789983055530638,0.9943816658013973,0.874391679370094,1.5829230008061606,-0.7638254241776838,0.3439262073340472,0.46599786436408674,7.076823793336416,False,6
orig Equal premium capped,Full-cost net,552,circular_block_bootstrap,60,ok,60,-0.14751409013867245,1.2239010810608542,0.3882189168191049,0.7498788905189917,-0.8835738938886811,0.34641554298483634,0.46599786436408674,0.45023167745415077,False,6
orig Equal premium capped,Full-cost net,553,circular_block_bootstrap,60,ok,60,-0.7012834096263179,1.2017431843977522,-0.4488991019020298,-0.7146126676630318,-0.9990423061634234,0.46032022068877854,0.47935702595304713,0.002378464739512706,False,6
orig Equal premium capped,Full-cost net,554,circular_block_bootstrap,60,ok,60,-0.5777677585680369,1.4025666334682998,-0.06296024910769818,-0.12351401378957397,-0.9917536933574075,0.38293043055845905,0.42613404265989296,0.013420137442276383,False,6
orig Equal premium capped,Full-cost net,555,circular_block_bootstrap,60,ok,60,-0.3043857181197631,1.30466914723242,0.27294800484643955,0.5252757957672317,-0.966682327621308,0.342596150334279,0.44053524669370425,0.1628705077555674,False,6
orig Equal premium capped,Full-cost net,556,circular_block_bootstrap,60,ok,60,-0.18702401975773908,1.2640822973323331,0.3694525710283196,0.7153308766314448,-0.9014885268397118,0.34010681468348986,0.41507262902332176,0.35513098975445584,False,6
orig Equal premium capped,Full-cost net,557,circular_block_bootstrap,60,ok,60,-0.39341768879693095,1.089581711785892,0.045459306883003904,0.07537603317147713,-0.955840452226804,0.3867498232090164,0.46599786436408674,0.0821199559226813,False,6
orig Equal premium capped,Full-cost net,558,circular_block_bootstrap,60,ok,60,-0.24963905594117397,1.3079021173562912,0.31521625536992604,0.6260519598148018,-0.9000593528276392,0.342596150334279,0.44053524669370425,0.23787626216647695,False,6
orig Equal premium capped,Full-cost net,559,circular_block_bootstrap,60,ok,60,-0.6323134185596094,1.4026513706962218,-0.13665650779152488,-0.25452610893835437,-0.997565093701424,0.3877517603281884,0.47935702595304713,0.006720303761667585,False,6
orig Equal premium capped,Full-cost net,560,circular_block_bootstrap,60,ok,60,-0.35501763017166965,1.3869777798267902,0.24868398525258328,0.49320474357822325,-0.9492793078707393,0.38293043055845905,0.4215010687162943,0.11161928036861728,False,6
orig Equal premium capped,Full-cost net,561,circular_block_bootstrap,60,ok,60,-0.20974861671790845,1.0798296366984512,0.261500521580481,0.4693151554681239,-0.8584416738343825,0.34047329348037475,0.37519422659854285,0.308195521528004,False,6
orig Equal premium capped,Full-cost net,562,circular_block_bootstrap,60,ok,60,0.09460801324511614,1.098267797668735,0.576028282939882,1.0809631977588268,-0.9460685595506662,0.342596150334279,0.40839304822884154,1.5714230373271048,False,6
orig Equal premium capped,Full-cost net,563,circular_block_bootstrap,60,ok,60,0.21553744211657455,1.111494375907573,0.6477223941508604,1.3379905192439518,-0.7167236243350188,0.33358474511778097,0.368778051532431,2.653638165010762,False,6
orig Equal premium capped,Full-cost net,564,circular_block_bootstrap,60,ok,60,-0.2668399369576633,1.273290245211269,0.30848252385016506,0.5764360066679568,-0.9216746065094926,0.3867498232090164,0.4593182835696065,0.21183318665235915,False,6
orig Equal premium capped,Full-cost net,565,circular_block_bootstrap,60,ok,60,-0.015176106740537487,1.2837229482602022,0.4768727644119913,1.075629226006276,-0.8813179925013274,0.33226328271034433,0.3858944198657255,0.9263879201422647,False,6
orig Equal premium capped,Full-cost net,566,circular_block_bootstrap,60,ok,60,0.30327574305838834,1.0574582861547346,0.7171039206572616,1.4251295822675323,-0.6064949981456664,0.33358474511778097,0.3942406692028135,3.7599455924568965,False,6
orig Equal premium capped,Full-cost net,567,circular_block_bootstrap,60,ok,60,-0.27028969624246346,1.3169728428975271,0.2923871759656781,0.5906623592882446,-0.9222241180252672,0.342596150334279,0.44053524669370425,0.20689614246323934,False,6
orig Equal premium capped,Full-cost net,568,circular_block_bootstrap,60,ok,60,0.20391782434540628,1.3171471636411076,0.6619055295841414,1.4859662801892142,-0.8809708307872764,0.34010681468348986,0.38293043055845905,2.5292061069133496,False,6
orig Equal premium capped,Full-cost net,569,circular_block_bootstrap,60,ok,60,-0.1399729917603051,1.1748092426760899,0.3794232170748899,0.7192781145144832,-0.8805824707255762,0.33345372745194996,0.43218899735661626,0.4705008908773263,False,6
orig Equal premium capped,Full-cost net,570,circular_block_bootstrap,60,ok,60,-0.23769495533453688,1.4599974247084628,0.39886718301649793,0.8312319239555812,-0.9188107782927646,0.3867498232090164,0.46599786436408674,0.25742099754673803,False,6
orig Equal premium capped,Full-cost net,571,circular_block_bootstrap,60,ok,60,0.020239263318551082,1.437682255515687,0.6021144836879352,1.2853197010103183,-0.9088933384171394,0.4593182835696065,0.4643279691654667,1.1053763424051222,False,6
orig Equal premium capped,Full-cost net,572,circular_block_bootstrap,60,ok,60,-0.3487257538532782,1.2336995164106308,0.20751930068381524,0.36941595840905256,-0.9631454905720042,0.3379839578295857,0.42638286766767614,0.1171708348512575,False,6
orig Equal premium capped,Full-cost net,573,circular_block_bootstrap,60,ok,60,-0.6135382725308918,1.2647929563538005,-0.20420702863813986,-0.3564424420327812,-0.9931843848768688,0.3867498232090164,0.46599786436408674,0.0086204999588824,False,6
orig Equal premium capped,Full-cost net,574,circular_block_bootstrap,60,ok,60,0.3700148135238208,1.1284104498407939,0.7796067912827058,1.5374785113716218,-0.7414850574532883,0.33785294016375467,0.3985856118666806,4.826433373315234,False,6
orig Equal premium capped,Full-cost net,575,circular_block_bootstrap,60,ok,60,-0.12562302728175279,1.1166230292292105,0.37691428683372075,0.6779771951608362,-0.8016198710138961,0.34047329348037475,0.3880112895160675,0.5110854983139225,False,6
orig Equal premium capped,Full-cost net,576,circular_block_bootstrap,60,ok,60,-0.3083689118989783,1.424790084178747,0.33933817056761645,0.6606391240557202,-0.9472936519570008,0.4593182835696065,0.46933765476132683,0.15826049896422473,False,6
orig Equal premium capped,Full-cost net,577,circular_block_bootstrap,60,ok,60,-0.46900753801051687,1.121316881220189,-0.05297740242733291,-0.08918536938565089,-0.9809407199952506,0.34641554298483634,0.4726774451585669,0.042212568581955254,False,6
orig Equal premium capped,Full-cost net,578,circular_block_bootstrap,60,ok,60,-0.3744670622812557,1.3395250038745445,0.19160926613944204,0.3787339637327578,-0.9679480831092291,0.38293043055845905,0.42613404265989296,0.09577472485842063,False,6
orig Equal premium capped,Full-cost net,579,circular_block_bootstrap,60,ok,60,-0.34459836959264456,1.1455163781167552,0.13465404857224703,0.24600833263642358,-0.9359519562347258,0.3379839578295857,0.43306244846215636,0.12093098411349835,False,6
orig Equal premium capped,Full-cost net,580,circular_block_bootstrap,60,ok,60,0.13677195675796394,1.3509139403405266,0.6336889430002675,1.4122296504335432,-0.8401428296658033,0.33226328271034433,0.3850209687601855,1.8983083445023683,False,6
orig Equal premium capped,Full-cost net,581,circular_block_bootstrap,60,ok,60,0.09951832268968053,0.9146912204611968,0.54433886360324,0.9162893243598699,-0.7697533771508915,0.33345372745194996,0.3792148390712453,1.6069869679913078,False,6
orig Equal premium capped,Full-cost net,582,circular_block_bootstrap,60,ok,60,-0.6142709032689402,0.9728529612625038,-0.48135749792038823,-0.6905271709505998,-0.9972831416248994,0.342596150334279,0.4472148274881844,0.008539098069332772,False,6
orig Equal premium capped,Full-cost net,583,circular_block_bootstrap,60,ok,60,0.03175007241810457,1.160558239027407,0.5046978923162815,1.0317868965859531,-0.8479200465621048,0.3379839578295857,0.42638286766767614,1.1691562083706624,False,6
orig Equal premium capped,Full-cost net,584,circular_block_bootstrap,60,ok,60,-0.23933660533549128,1.156147207544437,0.2821222171567493,0.5039198119847087,-0.9347583873085669,0.342596150334279,0.4472148274881844,0.2546610856651773,False,6
orig Equal premium capped,Full-cost net,585,circular_block_bootstrap,60,ok,60,0.0025248331217218034,1.0379425523828838,0.4636964432443937,0.8803458542664394,-0.9043910433214077,0.33345372745194996,0.38589441986572554,1.0126880745874414,False,6
orig Equal premium capped,Full-cost net,586,circular_block_bootstrap,60,ok,60,-0.3765091851347644,1.2654425100838746,0.15094117316377886,0.2893573046034109,-0.9796038595223723,0.342596150334279,0.44053524669370425,0.09422156199215324,False,6
orig Equal premium capped,Full-cost net,587,circular_block_bootstrap,60,ok,60,-0.4321322870809877,1.1961837653788716,0.04206968805195485,0.07600547656404169,-0.9529164056503072,0.342596150334279,0.4472148274881844,0.059052173106832,False,6
orig Equal premium capped,Full-cost net,588,circular_block_bootstrap,60,ok,60,-0.06252487310280519,1.1241785581903647,0.4067222206528034,0.8079019879369143,-0.7479042449758168,0.3379839578295857,0.3546256725064028,0.7241003697193307,False,6
orig Equal premium capped,Full-cost net,589,circular_block_bootstrap,60,ok,60,-0.170233392963133,1.0814269691172842,0.33073738997825997,0.567034946744756,-0.8991614012871336,0.34010681468348986,0.44053524669370425,0.3933505537696424,False,6
orig Equal premium capped,Full-cost net,590,circular_block_bootstrap,60,ok,60,-0.2810356706693301,1.3346063816084994,0.315330995825647,0.6019288520709047,-0.950816628997435,0.46032022068877854,0.47935702595304713,0.19210413773313154,False,6
orig Equal premium capped,Full-cost net,591,circular_block_bootstrap,60,ok,60,-0.1805332279613625,1.253656253143316,0.38246467709883736,0.7401163575262786,-0.926547507452157,0.342596150334279,0.44053524669370425,0.3695359900750038,False,6
orig Equal premium capped,Full-cost net,592,circular_block_bootstrap,60,ok,60,-0.18394686371690028,1.3042691668231396,0.36741831052779944,0.7635188442942299,-0.9452225604326125,0.342596150334279,0.44053524669370425,0.36190300656616603,False,6
orig Equal premium capped,Full-cost net,593,circular_block_bootstrap,60,ok,60,-0.3080992492162056,1.2501276423374654,0.2260295775698873,0.4392487236104124,-0.9678698025522485,0.33785294016375467,0.3844983342097539,0.15856926358888093,False,6
orig Equal premium capped,Full-cost net,594,circular_block_bootstrap,60,ok,60,-0.29774275246992277,1.3041172691833391,0.26392361457844155,0.5335316486063978,-0.9718646029790526,0.342596150334279,0.44053524669370425,0.17079735852672592,False,6
orig Equal premium capped,Full-cost net,595,circular_block_bootstrap,60,ok,60,-0.18083731892926613,1.3092543520304287,0.37616338110349906,0.7705934798893618,-0.8500991854833998,0.38293043055845905,0.4020273938112459,0.3688508543723367,False,6
orig Equal premium capped,Full-cost net,596,circular_block_bootstrap,60,ok,60,-0.30264871327123455,1.5715433232454694,0.3753734061330832,0.8109432608475424,-0.9647425506112998,0.3867498232090164,0.46599786436408674,0.16491419262486168,False,6
orig Equal premium capped,Full-cost net,597,circular_block_bootstrap,60,ok,60,-0.3645834247935431,1.4987063934864682,0.2836333821238375,0.6006729822915909,-0.9327023581847451,0.3877517603281884,0.47935702595304713,0.10358400466943525,False,6
orig Equal premium capped,Full-cost net,598,circular_block_bootstrap,60,ok,60,-0.6359128254757347,1.1863451738911022,-0.29887370169210675,-0.48347453628736725,-0.991145529227148,0.3877517603281884,0.47935702595304713,0.006397744658470816,False,6
orig Equal premium capped,Full-cost net,599,circular_block_bootstrap,60,ok,60,0.25457601653667394,1.2307872235283166,0.7377579152642872,1.4525662094519964,-0.8827711157785503,0.46032022068877854,0.47935702595304713,3.108027872272358,False,6
orig Equal premium capped,Full-cost net,600,circular_block_bootstrap,60,ok,60,0.33211846914093335,1.491560406829082,0.7794078775100117,1.80053904295165,-0.8090285239025646,0.38293043055845905,0.4211243570640328,4.194828867959403,False,6
orig Equal premium capped,Full-cost net,601,circular_block_bootstrap,60,ok,60,-0.2049964247716235,1.35704020881616,0.3562852966605521,0.7621144380107231,-0.9063592864464337,0.342596150334279,0.4472148274881844,0.31757434328609363,False,6
orig Equal premium capped,Full-cost net,602,circular_block_bootstrap,60,ok,60,-0.17700408265146073,1.3610848057297338,0.3956426187685693,0.8325032574564429,-0.9186243155960536,0.342596150334279,0.43385566589922403,0.3775621096098287,False,6
orig Equal premium capped,Full-cost net,603,circular_block_bootstrap,60,ok,60,0.6509489868491263,1.346735822025317,0.9106111211082396,2.1119804131798623,-0.7565353908736732,0.38293043055845905,0.42613404265989296,12.265020273060012,False,6
orig Equal premium capped,Full-cost net,604,circular_block_bootstrap,60,ok,60,-0.44467252466671525,1.3726010515749436,0.12136866575667289,0.23822595916085948,-0.9521514936540026,0.342596150334279,0.38293043055845905,0.052813604102884416,False,6
orig Equal premium capped,Full-cost net,605,circular_block_bootstrap,60,ok,60,-0.47173916042877606,1.4530221044283527,0.11512144115402576,0.24091834244452165,-0.9893657207378714,0.342596150334279,0.41507262902332176,0.04113789698314876,False,6
orig Equal premium capped,Full-cost net,606,circular_block_bootstrap,60,ok,60,-0.43767761147156736,1.3885361073144833,0.1603594520275108,0.3065990710098193,-0.9517762951366626,0.46032022068877854,0.47935702595304713,0.05622466482574114,False,6
orig Equal premium capped,Full-cost net,607,circular_block_bootstrap,60,ok,60,-0.42575281886082517,1.3146919681653952,0.12624194308986864,0.23843881989540552,-0.9703540733707076,0.3877517603281884,0.47935702595304713,0.0624445240894369,False,6
orig Equal premium capped,Full-cost net,608,circular_block_bootstrap,60,ok,60,-0.3201450718784603,1.3350025485767933,0.2703594698021371,0.5175134105864949,-0.9512726696151652,0.3867498232090164,0.4593182835696065,0.14523833114175125,False,6
orig Equal premium capped,Full-cost net,609,circular_block_bootstrap,60,ok,60,0.16247545470972513,1.3156210780353075,0.6660338623636854,1.3877182424320633,-0.8110478662437043,0.34641554298483634,0.4593182835696065,2.1228482903640207,False,6
orig Equal premium capped,Full-cost net,610,circular_block_bootstrap,60,ok,60,-0.5046867372127678,1.116448158204482,-0.12847461569777455,-0.21594308651332672,-0.9848157827710118,0.34047329348037475,0.38580851086806395,0.029812595340701957,False,6
orig Equal premium capped,Full-cost net,611,circular_block_bootstrap,60,ok,60,-0.12233026681723913,1.1733691798277992,0.41078072403070587,0.7596199439452815,-0.8782652389920412,0.33345372745194996,0.43218899735661626,0.5207815728573488,False,6
orig Equal premium capped,Full-cost net,612,circular_block_bootstrap,60,ok,60,-0.10755206818388863,1.2288441497335187,0.4266312112271845,0.8272619020043843,-0.9234954861538345,0.34010681468348986,0.4472148274881844,0.5661277420023552,False,6
orig Equal premium capped,Full-cost net,613,circular_block_bootstrap,60,ok,60,0.5466164866212375,1.2461702470277654,0.8891242322501207,1.8825099113349726,-0.6093092592493334,0.33345372745194996,0.4188298357676559,8.849386771332615,False,6
orig Equal premium capped,Full-cost net,614,circular_block_bootstrap,60,ok,60,-0.5696322920833647,1.2661066573235467,-0.07835484424461617,-0.1297409413375845,-0.984312013273648,0.46032022068877854,0.47935702595304713,0.014763807902330566,False,6
orig Equal premium capped,Full-cost net,615,circular_block_bootstrap,60,ok,60,-0.40944935901552937,1.167940384254803,0.08689089814876573,0.14632362940728272,-0.9908387582272584,0.4593182835696065,0.46933765476132683,0.07182666898137229,False,6
orig Equal premium capped,Full-cost net,616,circular_block_bootstrap,60,ok,60,-0.2815224661655623,1.2685671946019867,0.26319958796254694,0.5197341734509123,-0.9350231167351563,0.34047329348037475,0.3858085108680639,0.19145466962788493,False,6
orig Equal premium capped,Full-cost net,617,circular_block_bootstrap,60,ok,60,0.16910088710605087,1.145344931364774,0.6525133454589706,1.248919436858902,-0.7609625222415275,0.38293043055845905,0.4211243570640328,2.184036792495928,False,6
orig Equal premium capped,Full-cost net,618,circular_block_bootstrap,60,ok,60,-0.22160880483395995,1.234626840114646,0.3186138009058898,0.6196878126072911,-0.8807432951018237,0.34047329348037475,0.37018454100268267,0.28575219404761865,False,6
orig Equal premium capped,Full-cost net,619,circular_block_bootstrap,60,ok,60,0.1740449514678435,1.240855364843565,0.6345682457841538,1.3475056600230002,-0.9466405917241139,0.33785294016375467,0.3738840499402328,2.2306099073671444,False,6
orig Equal premium capped,Full-cost net,620,circular_block_bootstrap,60,ok,60,-0.15603995665068005,1.151701697457874,0.3317010796662107,0.6488705124367968,-0.842669446310493,0.33239430037617534,0.43306244846215636,0.4281632899650555,False,6
orig Equal premium capped,Full-cost net,621,circular_block_bootstrap,60,ok,60,-0.10420642306558214,0.9642436448090752,0.3378061306778228,0.5684442408420455,-0.7901027486897937,0.342596150334279,0.41507262902332176,0.5768192168942153,False,6
orig Equal premium capped,Full-cost net,622,circular_block_bootstrap,60,ok,60,-0.5751878036358877,1.0038403679409915,-0.35696363614831295,-0.5382496238603778,-0.9908650996802773,0.34641554298483634,0.4726774451585669,0.013835182244148892,False,6
orig Equal premium capped,Full-cost net,623,circular_block_bootstrap,60,ok,60,0.051684979157984534,1.0874933632824035,0.5510255167125742,0.9842648504037976,-0.8807202886421018,0.3439262073340472,0.4593182835696065,1.2865549955385867,False,6
orig Equal premium capped,Full-cost net,624,circular_block_bootstrap,60,ok,60,-0.006914039086340473,1.0711900406846213,0.47258052999433,0.8704500427723038,-0.7400207973716396,0.34047329348037475,0.39989578852499064,0.9659045501606,False,6
orig Equal premium capped,Full-cost net,625,circular_block_bootstrap,60,ok,60,0.02017027959297013,1.1316131505320048,0.4949567507260257,0.9943651040402548,-0.9133522725763126,0.34047329348037475,0.3617018620194169,1.1050026914882276,False,6
orig Equal premium capped,Full-cost net,626,circular_block_bootstrap,60,ok,60,-0.1134408878367913,0.9561454710765808,0.28127760940711743,0.5283209908053136,-0.8072346845804197,0.33358474511778097,0.34047329348037475,0.5476946384122011,False,6
orig Equal premium capped,Full-cost net,627,circular_block_bootstrap,60,ok,60,-0.3773128794643936,1.2896010140000351,0.18472774588220747,0.3438805164057364,-0.9585272818760565,0.3877517603281884,0.47935702595304713,0.09361585649249352,False,6
orig Equal premium capped,Full-cost net,628,circular_block_bootstrap,60,ok,60,0.17194156781352188,1.371529863113233,0.6818329149025217,1.4467383642047649,-0.9229099000905179,0.3395269946222425,0.46599786436408674,2.2106999072140736,False,6
orig Equal premium capped,Full-cost net,629,circular_block_bootstrap,60,ok,60,-0.10716614878781028,1.3022854763708134,0.4498064140859777,0.8996074914728398,-0.7528970800659154,0.342596150334279,0.43385566589922403,0.5673528482726942,False,6
orig Equal premium capped,Full-cost net,630,circular_block_bootstrap,60,ok,60,-0.23886277605746886,1.0217583479050658,0.18655340223016104,0.32013893045027736,-0.9365597002330006,0.342596150334279,0.44053524669370425,0.2554552365488298,False,6
orig Equal premium capped,Full-cost net,631,circular_block_bootstrap,60,ok,60,-0.21694251231120543,1.5344324585360274,0.43755787228445775,0.9353673893003963,-0.8816507730284895,0.38293043055845905,0.40839304822884154,0.2944206271526102,False,6
orig Equal premium capped,Full-cost net,632,circular_block_bootstrap,60,ok,60,-0.4158212132781438,1.2046174929450268,0.12022694389188006,0.19984906867489866,-0.9875932684486994,0.4593182835696065,0.46933765476132683,0.06803445528307432,False,6
orig Equal premium capped,Full-cost net,633,circular_block_bootstrap,60,ok,60,-0.07625438046379795,1.3955324992453397,0.5034152994467145,1.0770582187109252,-0.8153639060024663,0.38293043055845905,0.4211243570640328,0.6726078935437761,False,6
orig Equal premium capped,Full-cost net,634,circular_block_bootstrap,60,ok,60,-0.2457322692966335,1.2634290843738971,0.28879203240450313,0.5717961029278712,-0.9079055706803815,0.38293043055845905,0.42613404265989296,0.24413364762844073,False,6
orig Equal premium capped,Full-cost net,635,circular_block_bootstrap,60,ok,60,1.121513444928774,1.2264780505051809,1.1450642999179912,2.6382415593896225,-0.687993688977212,0.33345372745194996,0.39336721809727343,42.97629203053527,False,6
orig Equal premium capped,Full-cost net,636,circular_block_bootstrap,60,ok,60,-0.44942164845401766,1.0520494621896423,-0.07146927167877971,-0.11526116615877134,-0.9866579246136749,0.34741748010400836,0.47935702595304713,0.05059360849986343,False,6
orig Equal premium capped,Full-cost net,637,circular_block_bootstrap,60,ok,60,-0.5601229389524547,1.1654888726807016,-0.18787422832081052,-0.3196641391561043,-0.9918238240026637,0.342596150334279,0.41507262902332176,0.01646859592130415,False,6
orig Equal premium capped,Full-cost net,638,circular_block_bootstrap,60,ok,60,-0.48930725967152366,1.1609406058828042,-0.09244813503911128,-0.16966060583076706,-0.9796594462580729,0.34047329348037475,0.3858085108680639,0.03473748892118083,False,6
orig Equal premium capped,Full-cost net,639,circular_block_bootstrap,60,ok,60,-0.5250212380123136,1.1034451922981625,-0.16874012181371728,-0.2790780136727255,-0.9906920223427689,0.342596150334279,0.41507262902332176,0.024175249000953348,False,6
orig Equal premium capped,Full-cost net,640,circular_block_bootstrap,60,ok,60,-0.17219717540182833,1.2303755502879696,0.3768093811623515,0.7031399210083403,-0.821255536255348,0.342596150334279,0.43385566589922403,0.3887178820225128,False,6
orig Equal premium capped,Full-cost net,641,circular_block_bootstrap,60,ok,60,-0.23304779661549913,1.3114120786122054,0.3382272176885396,0.6626798834022576,-0.894247047244865,0.34010681468348986,0.44053524669370425,0.265363689849256,False,6
orig Equal premium capped,Full-cost net,642,circular_block_bootstrap,60,ok,60,-0.0109885977161025,1.3860094284684497,0.52818704750352,1.1884025580754858,-0.9495592210321218,0.33785294016375467,0.35287877029532283,0.946251308306277,False,6
orig Equal premium capped,Full-cost net,643,circular_block_bootstrap,60,ok,60,0.5434419885368358,1.1179289890584834,0.9025844812268452,1.7758331944160846,-0.9118574791563812,0.33345372745194996,0.4255094165621361,8.758940056031266,False,6
orig Equal premium capped,Full-cost net,644,circular_block_bootstrap,60,ok,60,-0.37570511143659535,1.1510076680293087,0.0679534942827043,0.12695407631004887,-0.9801893946178347,0.3379839578295857,0.3546256725064028,0.09483068676173874,False,6
orig Equal premium capped,Full-cost net,645,circular_block_bootstrap,60,ok,60,-0.2528144931648111,1.1759821887423454,0.27705060445916957,0.49910957054688165,-0.9417682322644891,0.38293043055845905,0.42613404265989296,0.23288536447527342,False,6
orig Equal premium capped,Full-cost net,646,circular_block_bootstrap,60,ok,60,-0.30793765012121144,1.160826272019113,0.18070909357969112,0.32807125896116934,-0.966158495527469,0.3867498232090164,0.4726774451585669,0.1587545258678339,False,6
orig Equal premium capped,Full-cost net,647,circular_block_bootstrap,60,ok,60,-0.5924272164457526,1.272626054129418,-0.13537664214459347,-0.23234255213487776,-0.9935494116747026,0.46032022068877854,0.47935702595304713,0.011246719852587276,False,6
orig Equal premium capped,Full-cost net,648,circular_block_bootstrap,60,ok,60,0.2504112786014523,1.3248222417964526,0.7198319502375506,1.547044604408388,-0.9122024645368403,0.3867498232090164,0.46599786436408674,3.0567816080402164,False,6
orig Equal premium capped,Full-cost net,649,circular_block_bootstrap,60,ok,60,-0.06193188993764065,1.112426371948938,0.437961029205256,0.8090124875570052,-0.8271761731519035,0.34010681468348986,0.41507262902332176,0.7263933525034107,False,6
orig Equal premium capped,Full-cost net,650,circular_block_bootstrap,60,ok,60,0.7457392946289951,1.3683495147337017,0.9515002178766144,2.3988141780040237,-0.6903196674324241,0.3379839578295857,0.368778051532431,16.214252710506816,False,6
orig Equal premium capped,Full-cost net,651,circular_block_bootstrap,60,ok,60,-0.44844441597904994,1.1713803459976573,-0.007429621895209883,-0.013379261181998068,-0.9696294930648265,0.3379839578295857,0.40092024999729364,0.051044203216144036,False,6
orig Equal premium capped,Full-cost net,652,circular_block_bootstrap,60,ok,60,-0.19677676208595352,1.2354321051583261,0.3627960114743246,0.6776816398640505,-0.8756658847491803,0.4593182835696065,0.46933765476132683,0.33433459902205076,False,6
orig Equal premium capped,Full-cost net,653,circular_block_bootstrap,60,ok,60,-0.2710566889746391,1.3192567558587576,0.2879276214742854,0.5874125571017742,-0.9464803292337356,0.3379839578295857,0.3942406692028135,0.20581109133982572,False,6
orig Equal premium capped,Full-cost net,654,circular_block_bootstrap,60,ok,60,-0.10819512761324557,1.2209310749580211,0.44659023156622785,0.8443515532766535,-0.8511752212600942,0.3439262073340472,0.46599786436408674,0.5640910432505636,False,6
orig Equal premium capped,Full-cost net,655,circular_block_bootstrap,60,ok,60,0.04488504699292939,1.3162334201836547,0.5672038783011466,1.1889967710162408,-0.7965302493812392,0.34010681468348986,0.43385566589922403,1.2454966704367942,False,6
orig Equal premium capped,Full-cost net,656,circular_block_bootstrap,60,ok,60,-0.27895217923348403,1.3497097492260772,0.2885445425594955,0.589226390928967,-0.9443913278621345,0.342596150334279,0.38293043055845905,0.1949038163834795,False,6
orig Equal premium capped,Full-cost net,657,circular_block_bootstrap,60,ok,60,-0.3239737131647632,1.0406083627946536,0.07993876172096391,0.14151429945677405,-0.9227232908283719,0.34047329348037475,0.38079882527220377,0.14119454480125734,False,6
orig Equal premium capped,Full-cost net,658,circular_block_bootstrap,60,ok,60,-0.13521945750811892,1.2827108767475974,0.4061030614561642,0.8211661220469805,-0.9572816377048559,0.33345372745194996,0.4255094165621361,0.483648168249808,False,6
orig Equal premium capped,Full-cost net,659,circular_block_bootstrap,60,ok,60,-0.11196585280056337,1.1668098779792893,0.3533642266185514,0.743052776812349,-0.933099009006181,0.3379839578295857,0.34047329348037475,0.5522660283513929,False,6
orig Equal premium capped,Full-cost net,660,circular_block_bootstrap,60,ok,60,-0.28323836490479715,1.3185594038371364,0.29282115913453494,0.5713356302860317,-0.9672043150353917,0.34641554298483634,0.46599786436408674,0.18917936248149833,False,6
orig Equal premium capped,Full-cost net,661,circular_block_bootstrap,60,ok,60,0.09852915418738717,1.4992767213142735,0.6569741620143311,1.470523428972628,-0.7674617159820991,0.38293043055845905,0.4211243570640328,1.599771429438543,False,6
orig Equal premium capped,Full-cost net,662,circular_block_bootstrap,60,ok,60,-0.3818214867063384,1.0436385122117928,0.04898736834834747,0.07774743300549367,-0.9729845468804238,0.46032022068877854,0.47935702595304713,0.0902754223031572,False,6
orig Equal premium capped,Full-cost net,663,circular_block_bootstrap,60,ok,60,0.38537623965973133,0.9414736301576208,0.8085342159608427,1.4150134877718006,-0.5902324810695684,0.34047329348037475,0.39989578852499064,5.10315399850956,False,6
orig Equal premium capped,Full-cost net,664,circular_block_bootstrap,60,ok,60,-0.589063358092363,1.0174751993415871,-0.36044054537364734,-0.5297426174686013,-0.9944812493544134,0.34641554298483634,0.46599786436408674,0.011718562434156319,False,6
orig Equal premium capped,Full-cost net,665,circular_block_bootstrap,60,ok,60,-0.43711405425654193,1.0594454223789544,-0.0871257090967597,-0.15124352671298735,-0.991403278548942,0.34047329348037475,0.3834280805740255,0.05650697076488005,False,6
orig Equal premium capped,Full-cost net,666,circular_block_bootstrap,60,ok,60,0.5286185318374741,1.053216306991683,0.8800936401536162,1.7628035060251495,-0.763825424177684,0.33345372745194996,0.3792148390712453,8.346330955702367,False,6
orig Equal premium capped,Full-cost net,667,circular_block_bootstrap,60,ok,60,-0.020830724691315083,1.2608338981136633,0.5311158427953238,1.020449685980975,-0.8584690947599464,0.3867498232090164,0.4593182835696065,0.9000961164705736,False,6
orig Equal premium capped,Full-cost net,668,circular_block_bootstrap,60,ok,60,-0.1725836022291346,1.0773887705524754,0.2917854885932234,0.5419002725305737,-0.8929079758519484,0.34047329348037475,0.38079882527220377,0.3878114412688795,False,6
orig Equal premium capped,Full-cost net,669,circular_block_bootstrap,60,ok,60,-0.5313835686136636,1.1653712734790833,-0.11202849512839318,-0.18610675813493577,-0.9858103456900466,0.3877517603281884,0.47935702595304713,0.02259891362857567,False,6
orig Equal premium capped,Full-cost net,670,circular_block_bootstrap,60,ok,60,-0.45712062325661573,1.3241676813258547,0.10951841050799582,0.19908441817436415,-0.9755687126708182,0.3877517603281884,0.47935702595304713,0.04715380232405142,False,6
orig Equal premium capped,Full-cost net,671,circular_block_bootstrap,60,ok,60,-0.4122447510497409,1.5639694261084445,0.25900901052553416,0.5486155818038204,-0.9746827601947856,0.38293043055845905,0.40839304822884154,0.07014271651706364,False,6
orig Equal premium capped,Full-cost net,672,circular_block_bootstrap,60,ok,60,-0.29615921711021476,1.135203274805481,0.21437107498806462,0.3659799717919937,-0.8595096521150181,0.34641554298483634,0.4726774451585669,0.17273173627790014,False,6
orig Equal premium capped,Full-cost net,673,circular_block_bootstrap,60,ok,60,0.09370710653480074,1.2124408554070292,0.5702558862856311,1.2123797118830593,-0.8879310845470635,0.33345372745194996,0.38589441986572554,1.5649669494253822,False,6
orig Equal premium capped,Full-cost net,674,circular_block_bootstrap,60,ok,60,-0.30146711356126454,1.2931897918799589,0.26738034303244307,0.5201174783498665,-0.945565578068068,0.46032022068877854,0.47935702595304713,0.16631609752060778,False,6
orig Equal premium capped,Full-cost net,675,circular_block_bootstrap,60,ok,60,-0.507094466793054,1.2827144133704451,0.00014604180494862674,0.0002647440797158859,-0.9830300721596353,0.342596150334279,0.4472148274881844,0.029095007079022506,False,6
orig Equal premium capped,Full-cost net,676,circular_block_bootstrap,60,ok,60,-0.12683982803212113,1.2344413263762322,0.41031165794727953,0.7978475856540117,-0.8757285008803178,0.3867498232090164,0.46599786436408674,0.5075391974796837,False,6
orig Equal premium capped,Full-cost net,677,circular_block_bootstrap,60,ok,60,0.9678542801445273,1.0433952573973748,1.1190209677049645,2.470613779115964,-0.5902324810695684,0.2810167235993748,0.3386434801772896,29.50969213198618,False,6
orig Equal premium capped,Full-cost net,678,circular_block_bootstrap,60,ok,60,0.1432538333214548,0.9679617789582037,0.5956529235763757,1.0419619136122555,-0.8304722387003393,0.33785294016375467,0.36887436434437265,1.9530498624371047,False,6
orig Equal premium capped,Full-cost net,679,circular_block_bootstrap,60,ok,60,-0.35598026613091727,1.245187557405201,0.15634718411387763,0.3074782480006578,-0.9592972249577031,0.3379839578295857,0.3867678709712656,0.11078880435883647,False,6
orig Equal premium capped,Full-cost net,680,circular_block_bootstrap,60,ok,60,-0.5679256100215878,1.342892232567289,-0.03907251466804199,-0.0685857886873965,-0.9921049471853025,0.3867498232090164,0.46599786436408674,0.015058878431970882,False,6
orig Equal premium capped,Full-cost net,681,circular_block_bootstrap,60,ok,60,-0.34696871342266733,1.237757352490143,0.18788967282133606,0.34732779728424834,-0.9420411165673095,0.342596150334279,0.43385566589922403,0.11875993291674664,False,6
orig Equal premium capped,Full-cost net,682,circular_block_bootstrap,60,ok,60,0.1939926876198208,1.3710113289946293,0.6694825337090143,1.5253971839907603,-0.6876210689782949,0.33345372745194996,0.36790460042689094,2.426656668481507,False,6
orig Equal premium capped,Full-cost net,683,circular_block_bootstrap,60,ok,60,0.18360945275262242,1.231256045433199,0.6499033791236475,1.3383618882889843,-0.8385695127267165,0.33358474511778097,0.42638286766767614,2.322962102843722,False,6
orig Equal premium capped,Full-cost net,684,circular_block_bootstrap,60,ok,60,-0.027564905001569384,0.9374398678265117,0.3898245758010611,0.6952930028286307,-0.9393482847197479,0.3320317451991967,0.3843508364580747,0.8695671408575537,False,6
orig Equal premium capped,Full-cost net,685,circular_block_bootstrap,60,ok,60,-0.21449292215105098,1.301222185570289,0.3230105554940852,0.6686721502614739,-0.94973289721066,0.3379839578295857,0.368778051532431,0.2990546179658919,False,6
orig Equal premium capped,Full-cost net,686,circular_block_bootstrap,60,ok,60,-0.2256772592580204,1.3056229853373806,0.3512835351757258,0.6845902916122322,-0.8495167407467215,0.38293043055845905,0.4211243570640328,0.278362078244159,False,6
orig Equal premium capped,Full-cost net,687,circular_block_bootstrap,60,ok,60,-0.1779354025979868,1.4139449737241545,0.42373881213909004,0.9059188702649763,-0.9308674740756414,0.342596150334279,0.44053524669370425,0.37543065190960867,False,6
orig Equal premium capped,Full-cost net,688,circular_block_bootstrap,60,ok,60,0.15564407957237547,1.3359503949647618,0.6448583754583616,1.4233858179656445,-0.8273486676249224,0.33358474511778097,0.3942406692028135,2.061201707754151,False,6
orig Equal premium capped,Full-cost net,689,circular_block_bootstrap,60,ok,60,-0.29388016174323905,1.5794746681559897,0.37761421764482705,0.8356386032563814,-0.9289920194768122,0.3867498232090164,0.46599786436408674,0.17554645564030702,False,6
orig Equal premium capped,Full-cost net,690,circular_block_bootstrap,60,ok,60,0.4611793259156485,1.246667614853671,0.8033377412522014,1.8158382905932882,-0.6614715928644309,0.33358474511778097,0.3942406692028135,6.660665041719842,False,6
orig Equal premium capped,Full-cost net,691,circular_block_bootstrap,60,ok,60,-0.47297808770201244,1.085978270774828,-0.09526586586718867,-0.15857003705397404,-0.9760742707015897,0.342596150334279,0.41507262902332176,0.04065775200414493,False,6
orig Equal premium capped,Full-cost net,692,circular_block_bootstrap,60,ok,60,-0.44168681749667427,0.9864429152862437,-0.11579386248475251,-0.17825375690496148,-0.9854728146609147,0.34047329348037475,0.3920190379927556,0.05424870947054057,False,6
orig Equal premium capped,Full-cost net,693,circular_block_bootstrap,60,ok,60,0.7055451022230064,1.2770009035450403,0.9221029508600428,2.2466852973196616,-0.7297220344067166,0.3332221899408023,0.3468069376509546,14.431651833959194,False,6
orig Equal premium capped,Full-cost net,694,circular_block_bootstrap,60,ok,60,-0.030032737222869588,1.6370190702570948,0.5861327997982173,1.406101606754451,-0.8701725699221867,0.38293043055845905,0.4070370794071061,0.8585891253408926,False,6
orig Equal premium capped,Full-cost net,695,circular_block_bootstrap,60,ok,60,-0.02705359366495752,1.2358795804494782,0.5368502566488005,0.9812230725248937,-0.8804286172672033,0.4593182835696065,0.4643279691654667,0.8718556604292583,False,6
orig Equal premium capped,Full-cost net,696,circular_block_bootstrap,60,ok,60,-0.2392925020321207,1.4393718009645406,0.36377028839423076,0.7962268753966879,-0.9455761005183371,0.342596150334279,0.41507262902332176,0.2547349205418507,False,6
orig Equal premium capped,Full-cost net,697,circular_block_bootstrap,60,ok,60,-0.35627801001955484,1.0434238882219546,0.08905050070079083,0.1398054018556304,-0.9354576734116394,0.4593182835696065,0.4673337805229828,0.11053294106063782,False,6
orig Equal premium capped,Full-cost net,698,circular_block_bootstrap,60,ok,60,-0.2708154766540638,1.2134882269174179,0.2686482189812993,0.5027399979314884,-0.9354255799885522,0.34641554298483634,0.4726774451585669,0.20615183825563613,False,6
orig Equal premium capped,Full-cost net,699,circular_block_bootstrap,60,ok,60,-0.22751023716453556,1.0642679449977985,0.2554451091074051,0.43826593952745946,-0.9811817745527783,0.3867498232090164,0.4726774451585669,0.2750829442178046,False,6
orig Equal premium capped,Full-cost net,700,circular_block_bootstrap,60,ok,60,-0.32756282534131886,1.297504669207471,0.2524029724820851,0.47012883032102615,-0.9178352414535346,0.34641554298483634,0.46599786436408674,0.13748603065678738,False,6
orig Equal premium capped,Full-cost net,701,circular_block_bootstrap,60,ok,60,0.22646879662229558,1.0608980543516267,0.6814350084278048,1.2815025046345974,-0.8944520812583451,0.3332221899408023,0.4012799223510646,2.7751247940047206,False,6
orig Equal premium capped,Full-cost net,702,circular_block_bootstrap,60,ok,60,-0.4399470635433239,1.3110083207220233,0.11601765346064762,0.2150258486861658,-0.989946861455807,0.47935702595304713,0.47935702595304713,0.055099212690268705,False,6
orig Equal premium capped,Full-cost net,703,circular_block_bootstrap,60,ok,60,-0.4925477771968465,1.3788200317782928,0.09867027080357639,0.18120760716778958,-0.9764929144632102,0.4593182835696065,0.46933765476132683,0.03364928154999055,False,6
orig Equal premium capped,Full-cost net,704,circular_block_bootstrap,60,ok,60,-0.5790713833105966,1.0538523142988387,-0.30395166231680404,-0.46507214538113717,-0.9942123034757882,0.3867498232090164,0.4726774451585669,0.013214242138300211,False,6
orig Equal premium capped,Full-cost net,705,circular_block_bootstrap,60,ok,60,0.008523107388686668,1.0956925806568738,0.49096131359747797,0.9250733377856435,-0.8121443812813873,0.33345372745194996,0.3858944198657255,1.0433481884408353,False,6
orig Equal premium capped,Full-cost net,706,circular_block_bootstrap,60,ok,60,-0.08035425757407488,1.1200764798961318,0.4351712181509567,0.7830782356439835,-0.9022373438883262,0.3439262073340472,0.46599786436408674,0.657813561904509,False,6
orig Equal premium capped,Full-cost net,707,circular_block_bootstrap,60,ok,60,-0.3906489894031472,1.2921322641678188,0.15289053194683466,0.28871598057943976,-0.9810886150564189,0.3867498232090164,0.4726774451585669,0.0840112948941088,False,6
orig Equal premium capped,Full-cost net,708,circular_block_bootstrap,60,ok,60,-0.3332525581960557,1.198604414328531,0.18067936518880814,0.3300982177199436,-0.9526112497454109,0.3877517603281884,0.47935702595304713,0.1317670400462727,False,6
orig Equal premium capped,Full-cost net,709,circular_block_bootstrap,60,ok,60,-0.23220051572658063,1.3239215398135256,0.3363014398850082,0.6797514821228218,-0.8529145304644832,0.34010681468348986,0.44053524669370425,0.26683271819398635,False,6
orig Equal premium capped,Full-cost net,710,circular_block_bootstrap,60,ok,60,-0.12182960298654211,1.4197680491758915,0.48456009000929173,1.0107415472698267,-0.9474008591765016,0.3867498232090164,0.46599786436408674,0.5222686592274263,False,6
orig Equal premium capped,Full-cost net,711,circular_block_bootstrap,60,ok,60,0.238157153651531,1.099841679369236,0.6656858510420215,1.3686804830066313,-0.7850098530976797,0.2838585344275938,0.3395998423748347,2.9099053032954796,False,6
orig Equal premium capped,Full-cost net,712,circular_block_bootstrap,60,ok,60,-0.2261143582268138,1.2417776774401632,0.3078019916061486,0.6027067635376961,-0.8757926519173368,0.3379839578295857,0.41970328687319597,0.2775772989590208,False,6
orig Equal premium capped,Full-cost net,713,circular_block_bootstrap,60,ok,60,-0.25935170166841837,1.0267693130975297,0.17281364282283201,0.3009684664027573,-0.8291455198570428,0.34047329348037475,0.37018454100268267,0.222874379371147,False,6
orig Equal premium capped,Full-cost net,714,circular_block_bootstrap,60,ok,60,-0.5053483553687568,1.3572506447786916,0.0036090494443265903,0.007371145982341526,-0.985664608018774,0.33785294016375467,0.3844983342097539,0.029614014646931756,False,6
orig Equal premium capped,Full-cost net,715,circular_block_bootstrap,60,ok,60,0.24882389049411846,1.2333532752503626,0.6861418079657559,1.5051763684386092,-0.8155814241665663,0.28356434193004587,0.38305968544319935,3.037427997881614,False,6
orig Equal premium capped,Full-cost net,716,circular_block_bootstrap,60,ok,60,-0.1770781729957318,1.3301564009514901,0.4296876524252152,0.8099930556997585,-0.8508381682052405,0.3867498232090164,0.46599786436408674,0.3773921897483002,False,6
orig Equal premium capped,Full-cost net,717,circular_block_bootstrap,60,ok,60,0.11821739253329544,1.0705364277958556,0.5958061756171333,1.1106142740453373,-0.7554072078349056,0.33345372745194996,0.4255094165621361,1.748361419647284,False,6
orig Equal premium capped,Full-cost net,718,circular_block_bootstrap,60,ok,60,-0.0751879413643397,1.3017102661622864,0.4802294214867385,0.97681378860655,-0.9031987085009904,0.34047329348037475,0.38079882527220377,0.6764994057199878,False,6
orig Equal premium capped,Full-cost net,719,circular_block_bootstrap,60,ok,60,-0.6670377334795335,1.3877253098673472,-0.2251177827720399,-0.41916944900254166,-0.9978233299751682,0.47935702595304713,0.47935702595304713,0.004092371918402837,False,6
orig Equal premium capped,Full-cost net,720,circular_block_bootstrap,60,ok,60,-0.1604815315964463,1.260214573682635,0.3931734941662065,0.744650349194017,-0.9298693438261275,0.3867498232090164,0.4593182835696065,0.41701461197700623,False,6
orig Equal premium capped,Full-cost net,721,circular_block_bootstrap,60,ok,60,-0.6221270128804683,1.1960183574418306,-0.261410721314902,-0.4271283949241694,-0.9949855100486703,0.47935702595304713,0.4793570259530472,0.007704229896893037,False,6
orig Equal premium capped,Full-cost net,722,circular_block_bootstrap,60,ok,60,0.11203551345632579,1.2131365481101644,0.5771344208416596,1.2366425631233868,-0.7204626619127763,0.3332221899408023,0.3332221899408023,1.7005651881046506,False,6
orig Equal premium capped,Full-cost net,723,circular_block_bootstrap,60,ok,60,-0.3018170898400808,1.2406152992560293,0.2329660800592117,0.441718531616045,-0.9372195269178377,0.33785294016375467,0.40359529746254075,0.16589987951373297,False,6
orig Equal premium capped,Full-cost net,724,circular_block_bootstrap,60,ok,60,-0.1775307503800606,1.1823662291211563,0.3508155826392567,0.6402292513226487,-0.9653185320958214,0.38293043055845905,0.4311437282557531,0.37635556998076053,False,6
orig Equal premium capped,Full-cost net,725,circular_block_bootstrap,60,ok,60,0.08216477001876155,1.129956648672814,0.5402920427832996,1.1029482557595212,-0.7397889518549702,0.33226328271034433,0.4000467988917536,1.4841129567946802,False,6
orig Equal premium capped,Full-cost net,726,circular_block_bootstrap,60,ok,60,-0.39733224300102066,1.057658705630302,0.02340791809396278,0.037543989514125714,-0.9789427802785126,0.38293043055845905,0.42613404265989296,0.07950414760106025,False,6
orig Equal premium capped,Full-cost net,727,circular_block_bootstrap,60,ok,60,0.28237303093339494,1.263273207582551,0.7079347325650766,1.5382632209925242,-0.8343523051684719,0.3332221899408023,0.3715686748287566,3.4679424343942507,False,6
orig Equal premium capped,Full-cost net,728,circular_block_bootstrap,60,ok,60,-0.558585860237737,1.3442964123289116,-0.02705335125754304,-0.047840537968897236,-0.9897139125111672,0.4593182835696065,0.46432796916546665,0.016758347965293508,False,6
orig Equal premium capped,Full-cost net,729,circular_block_bootstrap,60,ok,60,-0.43297935260460363,1.0034448245416,-0.09132860358388979,-0.1449180982426004,-0.9950591000443183,0.34047329348037475,0.40991515971671094,0.058613056280781756,False,6
orig Equal premium capped,Full-cost net,730,circular_block_bootstrap,60,ok,60,-0.4831628982984286,1.102314102099547,-0.1311865746926885,-0.23262925595495532,-0.9787189630966785,0.342596150334279,0.41507262902332176,0.03687808933105807,False,6
orig Equal premium capped,Full-cost net,731,circular_block_bootstrap,60,ok,60,-0.40445342441783416,1.1222685024387926,0.00913022913952146,0.01684476466325229,-0.9624539366894691,0.342596150334279,0.41507262902332176,0.07491670344288832,False,6
orig Equal premium capped,Full-cost net,732,circular_block_bootstrap,60,ok,60,0.45914585435832667,1.2349726448651672,0.835286970812627,1.7522333597057795,-0.8724201208400764,0.3332221899408023,0.38766837586901215,6.614446802343724,False,6
orig Equal premium capped,Full-cost net,733,circular_block_bootstrap,60,ok,60,-0.4251009172203227,1.3106816337693308,0.1411285221934998,0.25979182844746895,-0.9692134997851691,0.38293043055845905,0.4311437282557531,0.06279977370192197,False,6
orig Equal premium capped,Full-cost net,734,circular_block_bootstrap,60,ok,60,0.2614666558678389,1.3475834617156681,0.6915104225295663,1.6205817193625922,-0.6693046274951009,0.3332221899408023,0.3361926533814335,3.1943233555421857,False,6
orig Equal premium capped,Full-cost net,735,circular_block_bootstrap,60,ok,60,0.09262842775757418,1.2218283948619635,0.5924002806145205,1.2266144688612364,-0.7752303483008225,0.31024965709811103,0.38347738535253467,1.5572648411285477,False,6
orig Equal premium capped,Full-cost net,736,circular_block_bootstrap,60,ok,60,0.02747266767162393,1.2699353160899016,0.5508433789829567,1.124972698922991,-0.8485536112272681,0.342596150334279,0.43385566589922403,1.1451210261803342,False,6
orig Equal premium capped,Full-cost net,737,circular_block_bootstrap,60,ok,60,-0.11305278967268195,1.1868843672364422,0.4180149690797382,0.790737677900462,-0.9367438364926891,0.33226328271034433,0.43218899735661626,0.5488944764218342,False,6
orig Equal premium capped,Full-cost net,738,circular_block_bootstrap,60,ok,60,-0.3600548056451024,1.2681568268082823,0.16937074992908785,0.3290805576228674,-0.9576717533805819,0.33785294016375467,0.36667782798493714,0.10732821596594179,False,6
orig Equal premium capped,Full-cost net,739,circular_block_bootstrap,60,ok,60,0.17780399082628628,1.4891984362480641,0.7133532409014064,1.5692185178520137,-0.7544190398366227,0.3867498232090164,0.46599786436408674,2.2665489752460837,False,6
orig Equal premium capped,Full-cost net,740,circular_block_bootstrap,60,ok,60,0.16987764378175307,1.2670193114061488,0.6434910939306582,1.3738262488400597,-0.7404403442881751,0.34010681468348986,0.40839304822884154,2.1913018666909307,False,6
orig Equal premium capped,Full-cost net,741,circular_block_bootstrap,60,ok,60,-0.32147341527369944,1.0147207054976597,0.10238453347694933,0.1666881647822736,-0.95536442200741,0.34641554298483634,0.4726774451585669,0.14382498589618614,False,6
orig Equal premium capped,Full-cost net,742,circular_block_bootstrap,60,ok,60,-0.5565945438244204,1.0822420298000586,-0.250460460779799,-0.4093064965317108,-0.9897978872344116,0.34047329348037475,0.40991515971671094,0.017139776890021028,False,6
orig Equal premium capped,Full-cost net,743,circular_block_bootstrap,60,ok,60,0.17770962446440675,1.160028790660866,0.6602436780397599,1.2385532474904557,-0.6830692457285064,0.3867498232090164,0.4593182835696065,2.2656411344173835,False,6
orig Equal premium capped,Full-cost net,744,circular_block_bootstrap,60,ok,60,-0.343319761426359,1.3200801392429737,0.25171066052022534,0.4625224186174851,-0.9372391995282517,0.3867498232090164,0.46599786436408674,0.12211520320225719,False,6
orig Equal premium capped,Full-cost net,745,circular_block_bootstrap,60,ok,60,-0.24983279567260042,1.4555385039883992,0.3573979636699759,0.7749149497498908,-0.9253370930592978,0.34010681468348986,0.41507262902332176,0.23756932794218383,False,6
orig Equal premium capped,Full-cost net,746,circular_block_bootstrap,60,ok,60,0.039168638896258656,1.3299524002019412,0.5757709811042537,1.2069652804304443,-0.813883970434441,0.34010681468348986,0.41507262902332176,1.2117977962937212,False,6
orig Equal premium capped,Full-cost net,747,circular_block_bootstrap,60,ok,60,-0.4504874419777859,1.1961114776428063,0.03976880867185898,0.06861544157581931,-0.9852415028469782,0.34741748010400836,0.47935702595304713,0.05010581251888322,False,6
orig Equal premium capped,Full-cost net,748,circular_block_bootstrap,60,ok,60,-0.3814184568175495,1.160991647869521,0.09526370853973401,0.16732867462626985,-0.9512734683504127,0.34641554298483634,0.46599786436408674,0.09057008772144319,False,6
orig Equal premium capped,Full-cost net,749,circular_block_bootstrap,60,ok,60,-0.5658160959125758,1.3318382211188504,-0.10021934479271748,-0.1929468942802446,-0.9903101246360003,0.34047329348037475,0.37674146739052605,0.015430094896586201,False,6
orig Equal premium capped,Full-cost net,750,circular_block_bootstrap,60,ok,60,-0.44497376075640127,0.8888581325478593,-0.21378338736643504,-0.3077495179130476,-0.9755988782486654,0.34047329348037475,0.37674146739052605,0.052670516342471954,False,6
orig Equal premium capped,Full-cost net,751,circular_block_bootstrap,60,ok,60,0.03223406453571487,1.173413912694288,0.5620876235242563,1.0207354089058378,-0.8867729743830954,0.4593182835696065,0.4643279691654667,1.171901027796509,False,6
orig Equal premium capped,Full-cost net,752,circular_block_bootstrap,60,ok,60,0.1543590637552814,1.287493847651088,0.6791017510033686,1.3205307442550283,-0.8482005118692135,0.4593182835696065,0.4643279691654667,2.049767421847167,False,6
orig Equal premium capped,Full-cost net,753,circular_block_bootstrap,60,ok,60,0.16924185971870132,1.2860666870012893,0.6742441373545547,1.384257317055498,-0.8854680027611561,0.3395269946222425,0.4726774451585669,2.1853538885523647,False,6
orig Equal premium capped,Full-cost net,754,circular_block_bootstrap,60,ok,60,-0.2908694230326072,1.3147105521251758,0.3007774128354343,0.5667931742973499,-0.9413735325838247,0.4593182835696065,0.46933765476132683,0.1793209621875796,False,6
orig Equal premium capped,Full-cost net,755,circular_block_bootstrap,60,ok,60,-0.056464769561256345,1.4547077512844635,0.5378174055959516,1.1687337002490625,-0.9013000787352797,0.38293043055845905,0.4311437282557531,0.7478088561536825,False,6
orig Equal premium capped,Full-cost net,756,circular_block_bootstrap,60,ok,60,-0.4151964693747795,1.1271844787108842,0.04066655519816525,0.06869543793740589,-0.9733249874714065,0.34641554298483634,0.4726774451585669,0.0683990279152602,False,6
orig Equal premium capped,Full-cost net,757,circular_block_bootstrap,60,ok,60,0.03106642775782209,1.208079568671669,0.581582759539831,1.0824893047940445,-0.8935483615110692,0.4593182835696065,0.46933765476132683,1.1652878835929723,False,6
orig Equal premium capped,Full-cost net,758,circular_block_bootstrap,60,ok,60,-0.567890750892003,1.2104768355864934,-0.15163005053932094,-0.25808330191203765,-0.9798718960654142,0.342596150334279,0.44053524669370425,0.015064954053627221,False,6
orig Equal premium capped,Full-cost net,759,circular_block_bootstrap,60,ok,60,-0.27409174486923793,1.1849330568951948,0.2740848516571299,0.46818828149076525,-0.9548288303470858,0.4593182835696065,0.46432796916546665,0.20156200809977606,False,6
orig Equal premium capped,Full-cost net,760,circular_block_bootstrap,60,ok,60,0.050838066089283984,1.149052011152333,0.5321252280111406,1.0648206534108868,-0.8544179235509416,0.342596150334279,0.44053524669370425,1.281383072473717,False,6
orig Equal premium capped,Full-cost net,761,circular_block_bootstrap,60,ok,60,-0.3410617541367863,0.9641054251225883,0.014236374858864392,0.023373647845714732,-0.9192893720471399,0.34047329348037475,0.37519422659854285,0.12422916817342358,False,6
orig Equal premium capped,Full-cost net,762,circular_block_bootstrap,60,ok,60,-0.2270340466551678,1.1086911479287873,0.2639707338876122,0.46434891418420743,-0.9626700580204233,0.34641554298483634,0.4726774451585669,0.2759318453259586,False,6
orig Equal premium capped,Full-cost net,763,circular_block_bootstrap,60,ok,60,-0.12331683289698303,1.582075670717936,0.5178324451083663,1.1828398325466913,-0.922134688370918,0.38293043055845905,0.41749332023960617,0.517861159591993,False,6
orig Equal premium capped,Full-cost net,764,circular_block_bootstrap,60,ok,60,-0.5272270954938686,1.1530719977900357,-0.14868631612062158,-0.257746342059401,-0.9889576041564792,0.34641554298483634,0.46599786436408674,0.0236190753583961,False,6
orig Equal premium capped,Full-cost net,765,circular_block_bootstrap,60,ok,60,-0.5085586297650679,1.1201975663733565,-0.10633432788314501,-0.17226434498331722,-0.9954097352966848,0.46032022068877854,0.47935702595304713,0.028665436943627214,False,6
orig Equal premium capped,Full-cost net,766,circular_block_bootstrap,60,ok,60,0.7341134607903017,0.8818951218225977,1.0617680802147011,1.9022855903738147,-0.7612306609656593,0.2806068723590941,0.42638286766767614,15.68149799880547,False,6
orig Equal premium capped,Full-cost net,767,circular_block_bootstrap,60,ok,60,-0.1468566673219135,1.252084735641831,0.41049304421799615,0.7881306837452628,-0.9223720413935148,0.34641554298483634,0.46599786436408674,0.4519704126952246,False,6
orig Equal premium capped,Full-cost net,768,circular_block_bootstrap,60,ok,60,0.2542967779569876,1.490964308729012,0.7509403630428628,1.6826559341146266,-0.8866255629075883,0.3395269946222425,0.46599786436408674,3.1045705487461657,False,6
orig Equal premium capped,Full-cost net,769,circular_block_bootstrap,60,ok,60,-0.17302066980078545,1.375148961991068,0.4385884035832362,0.86369142248118,-0.8788815477937085,0.38293043055845905,0.4211243570640328,0.3867882513153392,False,6
orig Equal premium capped,Full-cost net,770,circular_block_bootstrap,60,ok,60,-0.19459482732661681,1.0462930409275861,0.23883677603222353,0.43868082331531616,-0.8172272055078419,0.33785294016375467,0.3738840499402328,0.3389003930875267,False,6
orig Equal premium capped,Full-cost net,771,circular_block_bootstrap,60,ok,60,0.9620768089676117,1.280993386046698,1.0523597431410925,2.5794998316561166,-0.5905198679338223,0.3274737425157489,0.39182363468962267,29.079037198275397,False,6
orig Equal premium capped,Full-cost net,772,circular_block_bootstrap,60,ok,60,-0.5264986226388039,1.0559380085323116,-0.239673333598553,-0.39982154928355684,-0.9826818686508121,0.34047329348037475,0.36825003997490924,0.023801604435219347,False,6
orig Equal premium capped,Full-cost net,773,circular_block_bootstrap,60,ok,60,0.0025539612827056857,1.36587538717135,0.5301099985353678,1.183363479766691,-0.8624055464137085,0.38293043055845905,0.42613404265989296,1.0128352003964,False,6
orig Equal premium capped,Full-cost net,774,circular_block_bootstrap,60,ok,60,-0.2612706992718139,1.282549897348897,0.29698941336251516,0.5781906022900479,-0.910124662547903,0.3379839578295857,0.40092024999729364,0.22000199821705488,False,6
orig Equal premium capped,Full-cost net,775,circular_block_bootstrap,60,ok,60,-0.3416765944209561,1.1008495935268898,0.11354091126206284,0.19712163516300035,-0.9438961209891956,0.342596150334279,0.44053524669370425,0.12365067169404292,False,6
orig Equal premium capped,Full-cost net,776,circular_block_bootstrap,60,ok,60,-0.5703051667130796,1.3005541887919985,-0.11122376698665994,-0.20390562444882132,-0.9943623804464344,0.38293043055845905,0.4311437282557531,0.014648753076542951,False,6
orig Equal premium capped,Full-cost net,777,circular_block_bootstrap,60,ok,60,0.24441265338852203,1.2641176187581393,0.674320238721775,1.5346018895353744,-0.6314775429410082,0.34047329348037475,0.38079882527220377,2.9841599136517156,False,6
orig Equal premium capped,Full-cost net,778,circular_block_bootstrap,60,ok,60,-0.22262982814842436,1.1427342488235288,0.2979921211334694,0.5336709667854772,-0.921793806555513,0.34010681468348986,0.4472148274881844,0.28388298451989696,False,6
orig Equal premium capped,Full-cost net,779,circular_block_bootstrap,60,ok,60,-0.34938021027574595,1.3431362527698887,0.2123153566954922,0.4278724621790251,-0.979469917700903,0.38293043055845905,0.4211243570640328,0.11658330014627585,False,6
orig Equal premium capped,Full-cost net,780,circular_block_bootstrap,60,ok,60,-0.46292558321369504,1.0523176720800649,-0.08322042650986937,-0.13111332242043078,-0.9835596475592602,0.4593182835696065,0.46933765476132683,0.04468608708773558,False,6
orig Equal premium capped,Full-cost net,781,circular_block_bootstrap,60,ok,60,-0.2470015948142945,0.9365105938924728,0.14003737954253645,0.22764863618202355,-0.9118364687000416,0.34047329348037475,0.3858085108680639,0.24208633853220474,False,6
orig Equal premium capped,Full-cost net,782,circular_block_bootstrap,60,ok,60,-0.15336214688469196,1.0704743759786948,0.3310161721124515,0.5861573611804812,-0.768480717359139,0.3379839578295857,0.40092024999729364,0.4349991508990109,False,6
orig Equal premium capped,Full-cost net,783,circular_block_bootstrap,60,ok,60,-0.20188415805579785,1.2051097813864735,0.3558150361540384,0.6491578381071702,-0.9341281258186722,0.3867498232090164,0.4726774451585669,0.3238393778075064,False,6
orig Equal premium capped,Full-cost net,784,circular_block_bootstrap,60,ok,60,-0.220109349529246,1.3093554772626452,0.36374407787327684,0.6894711391362792,-0.9413188235213795,0.3867498232090164,0.4726774451585669,0.2885151145883141,False,6
orig Equal premium capped,Full-cost net,785,circular_block_bootstrap,60,ok,60,-0.06980424170224786,1.4151150121559566,0.5050544467790603,1.089595574197044,-0.8932714491711893,0.38293043055845905,0.4261340426598929,0.6964208645455763,False,6
orig Equal premium capped,Full-cost net,786,circular_block_bootstrap,60,ok,60,0.10475489253429449,1.229649807670055,0.6227877746507116,1.2027514981456853,-0.9034859178114787,0.3867498232090164,0.4726774451585669,1.6456204202321443,False,6
orig Equal premium capped,Full-cost net,787,circular_block_bootstrap,60,ok,60,-0.403216085335954,1.2813742074097625,0.09592306075353822,0.19434722218216288,-0.9618707486008147,0.34047329348037475,0.36825003997490924,0.07569819859279539,False,6
orig Equal premium capped,Full-cost net,788,circular_block_bootstrap,60,ok,60,-0.19674441432258982,1.2729282881341675,0.3493728397887258,0.705119386224735,-0.926455202370617,0.342596150334279,0.44053524669370425,0.33440192680285374,False,6
orig Equal premium capped,Full-cost net,789,circular_block_bootstrap,60,ok,60,0.29119470794969304,1.1831635219680525,0.6935044656055236,1.4994530800096457,-0.9119461871621267,0.33239430037617534,0.42638286766767614,3.5888779319326853,False,6
orig Equal premium capped,Full-cost net,790,circular_block_bootstrap,60,ok,60,-0.3753232412740922,1.4191334763072558,0.21921862311204973,0.4519582839789289,-0.9813206000019233,0.38293043055845905,0.41749332023960617,0.09512107307798652,False,6
orig Equal premium capped,Full-cost net,791,circular_block_bootstrap,60,ok,60,-0.49151501030921185,1.4068346937367022,0.10663703108731205,0.20395264047823228,-0.980207354967082,0.34641554298483634,0.4726774451585669,0.033993093286279204,False,6
orig Equal premium capped,Full-cost net,792,circular_block_bootstrap,60,ok,60,-0.10908721764880502,1.2252005943348543,0.41584327748417915,0.8242698795632876,-0.8964004705553162,0.342596150334279,0.43385566589922403,0.5612753250416481,False,6
orig Equal premium capped,Full-cost net,793,circular_block_bootstrap,60,ok,60,-0.432953927389888,1.1882716327056342,0.036343893590449025,0.06508736513252734,-0.9309076535480711,0.342596150334279,0.44053524669370425,0.05862619851113562,False,6
orig Equal premium capped,Full-cost net,794,circular_block_bootstrap,60,ok,60,-0.4360428658906923,1.2102288052016177,0.07387031981681286,0.12632227342283414,-0.9704887246708244,0.4593182835696065,0.4643279691654667,0.057046693138407434,False,6
orig Equal premium capped,Full-cost net,795,circular_block_bootstrap,60,ok,60,-0.33633526420745896,1.0846338963565774,0.11273922464394495,0.19486908404343592,-0.9719232008487287,0.34047329348037475,0.38580851086806395,0.12874895384218002,False,6
orig Equal premium capped,Full-cost net,796,circular_block_bootstrap,60,ok,60,-0.44363137064528624,1.1414418850541892,-0.016542275280810467,-0.02914170667824481,-0.9893693665188925,0.33785294016375467,0.3904468260027835,0.05331055113374526,False,6
orig Equal premium capped,Full-cost net,797,circular_block_bootstrap,60,ok,60,0.008788015799570559,1.5333122877989065,0.592416512519195,1.3592626970534913,-0.8614371196823225,0.38293043055845905,0.4211243570640328,1.0447191880051703,False,6
orig Equal premium capped,Full-cost net,798,circular_block_bootstrap,60,ok,60,0.11579082073014724,1.3399772326941952,0.6311710026831016,1.3486746205068154,-0.8379811625593986,0.342596150334279,0.40839304822884154,1.7294735379006225,False,6
orig Equal premium capped,Full-cost net,799,circular_block_bootstrap,60,ok,60,0.1418038133954751,1.2516556275066988,0.6055505918645948,1.3337052533999665,-0.7837276960624733,0.3379839578295857,0.40092024999729364,1.94069570917165,False,6
orig Equal premium capped,Full-cost net,800,circular_block_bootstrap,60,ok,60,-0.2642999593594383,1.1928368532123919,0.24997743397874894,0.47640961448503716,-0.9355704676246441,0.34047329348037475,0.40991515971671094,0.2155280998903289,False,6
orig Equal premium capped,Full-cost net,801,circular_block_bootstrap,60,ok,60,-0.42811246608507736,1.2002912314034477,0.07452255104457203,0.1299144708448344,-0.9719666612367548,0.4593182835696065,0.46933765476132683,0.06117206610708735,False,6
orig Equal premium capped,Full-cost net,802,circular_block_bootstrap,60,ok,60,-0.405685261076966,1.63924781259909,0.2721475508832025,0.640762462766479,-0.980474267039711,0.34010681468348986,0.41507262902332176,0.07414510835195637,False,6
orig Equal premium capped,Full-cost net,803,circular_block_bootstrap,60,ok,60,0.08610636221268742,1.2700694880382617,0.5808335546115722,1.229875314039345,-0.7917535927201041,0.33358474511778097,0.368778051532431,1.5113386491169534,False,6
orig Equal premium capped,Full-cost net,804,circular_block_bootstrap,60,ok,60,-0.6459137604803304,1.2325151257921747,-0.293547780264675,-0.4970287002237032,-0.9955870498856729,0.3867498232090164,0.4726774451585669,0.005566026219274866,False,6
orig Equal premium capped,Full-cost net,805,circular_block_bootstrap,60,ok,60,-0.0965364279162031,1.07184301417347,0.3994126510388829,0.7085248269678573,-0.8535244165572304,0.3867498232090164,0.4593182835696065,0.601940038682503,False,6
orig Equal premium capped,Full-cost net,806,circular_block_bootstrap,60,ok,60,0.36709992411813763,1.2670273861630672,0.7737525975994526,1.6716825555555057,-0.7042228522332121,0.33358474511778097,0.41970328687319597,4.77530698658509,False,6
orig Equal premium capped,Full-cost net,807,circular_block_bootstrap,60,ok,60,-0.15945458505913535,1.4915231160208535,0.4707168147544634,1.0271405505579303,-0.927963770112689,0.38293043055845905,0.41749332023960617,0.41957143909785233,False,6
orig Equal premium capped,Full-cost net,808,circular_block_bootstrap,60,ok,60,-0.04789164293537962,1.3581050143427513,0.49620690583835214,1.0765178692551673,-0.873398807286363,0.38293043055845905,0.4020273938112459,0.7824054839801684,False,6
orig Equal premium capped,Full-cost net,809,circular_block_bootstrap,60,ok,60,-0.37481583588672185,1.1988758211304136,0.1289929198535365,0.23355458754531816,-0.9752619816797513,0.342596150334279,0.4472148274881844,0.09550802053665872,False,6
orig Equal premium capped,Full-cost net,810,circular_block_bootstrap,60,ok,60,0.10424340003570953,1.1388516729533473,0.5742266918279789,1.1146812919344822,-0.8115887709845514,0.3379839578295857,0.42638286766767614,1.641814402057269,False,6
orig Equal premium capped,Full-cost net,811,circular_block_bootstrap,60,ok,60,0.029816854123850156,0.9736559361520446,0.49827356544915163,0.8389184744750628,-0.857858206058622,0.34010681468348986,0.43385566589922403,1.1582437792762157,False,6
orig Equal premium capped,Full-cost net,812,circular_block_bootstrap,60,ok,60,0.15232729862536054,1.0778368572747532,0.5798692175857477,1.2172555996156866,-0.8704367997302578,0.30994710723363456,0.34777460438351127,2.0317920290218576,False,6
orig Equal premium capped,Full-cost net,813,circular_block_bootstrap,60,ok,60,-0.1859582070311181,0.9789894378262719,0.24147661019715602,0.41515659557570733,-0.9132490429096833,0.3379839578295857,0.3800882901767853,0.35746498778142716,False,6
orig Equal premium capped,Full-cost net,814,circular_block_bootstrap,60,ok,60,-0.187069167393207,1.0403043116358317,0.2706162788028044,0.4760728005668852,-0.946640265527237,0.3379839578295857,0.3546256725064028,0.355032391861192,False,6
orig Equal premium capped,Full-cost net,815,circular_block_bootstrap,60,ok,60,-0.08610367057415735,1.3914483853160038,0.48502801015184743,1.057562072513001,-0.7554072078349056,0.342596150334279,0.4472148274881844,0.6375065704051925,False,6
orig Equal premium capped,Full-cost net,816,circular_block_bootstrap,60,ok,60,-0.24918481010714355,1.4868669169591175,0.40402179108429775,0.8442236740885414,-0.9666038209606854,0.3877517603281884,0.47935702595304713,0.23859714993920583,False,6
orig Equal premium capped,Full-cost net,817,circular_block_bootstrap,60,ok,60,-0.531843941918603,1.5866305547277446,0.15242673695960496,0.30602762969993225,-0.9720596679828237,0.4593182835696065,0.46933765476132683,0.022488124568730446,False,6
orig Equal premium capped,Full-cost net,818,circular_block_bootstrap,60,ok,60,-0.5293694088692877,1.2174890628979305,-0.09177821214869436,-0.1608047598167046,-0.9819325918069656,0.34641554298483634,0.46599786436408674,0.023088768279396158,False,6
orig Equal premium capped,Full-cost net,819,circular_block_bootstrap,60,ok,60,-0.061786084072677605,1.2756431517049611,0.4656574541065331,0.9611868773308673,-0.8732570794784854,0.342596150334279,0.40839304822884154,0.7269580521207225,False,6
orig Equal premium capped,Full-cost net,820,circular_block_bootstrap,60,ok,60,0.28801756145120794,1.3826403650083625,0.7477589462001608,1.6222725789673167,-0.8521027755959854,0.38293043055845905,0.4261340426598929,3.5449402718524445,False,6
orig Equal premium capped,Full-cost net,821,circular_block_bootstrap,60,ok,60,-0.0676379277509297,1.457397644936359,0.5023197422770806,1.1710733801802575,-0.8525141452965423,0.3345171572300795,0.41507262902332176,0.7045681260739368,False,6
orig Equal premium capped,Full-cost net,822,circular_block_bootstrap,60,ok,60,-0.5062612443809049,1.1269733700974862,-0.14793025122317557,-0.26301558353176696,-0.9880815443871219,0.34047329348037475,0.35745614831160843,0.029341755288319747,False,6
orig Equal premium capped,Full-cost net,823,circular_block_bootstrap,60,ok,60,-0.32630739804881137,1.4645234901016342,0.28696617131891194,0.6222323631902371,-0.9613941844379463,0.342596150334279,0.41507262902332176,0.13877425074471894,False,6
orig Equal premium capped,Full-cost net,824,circular_block_bootstrap,60,ok,60,0.21389996502095276,0.9946102799812484,0.6499799158404765,1.1987377847839007,-0.7309476615433412,0.34047329348037475,0.40490547412085076,2.6358123864527787,False,6
orig Equal premium capped,Full-cost net,825,circular_block_bootstrap,60,ok,60,-0.1732232084378953,1.422847676154753,0.46131328453133064,0.9210817632356001,-0.913636081140476,0.3867498232090164,0.46599786436408674,0.38631483439347475,False,6
orig Equal premium capped,Full-cost net,826,circular_block_bootstrap,60,ok,60,-0.7065103374607247,1.082748600965392,-0.5741655086891166,-0.8183730535866635,-0.9980442380415367,0.4593182835696065,0.4673337805229828,0.002177529485531117,False,6
orig Equal premium capped,Full-cost net,827,circular_block_bootstrap,60,ok,60,0.15731476029131053,1.3428290978554225,0.6680313520055156,1.436870494472426,-0.9144370761294979,0.33785294016375467,0.36894986952775416,2.0761439424269805,False,6
orig Equal premium capped,Full-cost net,828,circular_block_bootstrap,60,ok,60,-0.3244851748697297,1.2535223507141229,0.21865076202147174,0.4091117062324803,-0.9441076260342063,0.3867498232090164,0.4726774451585669,0.1406612340836263,False,6
orig Equal premium capped,Full-cost net,829,circular_block_bootstrap,60,ok,60,-0.3847883724963225,1.093318133468232,0.07661905373927,0.12424158257441234,-0.9817066837421946,0.4593182835696065,0.4673337805229828,0.08812977781061952,False,6
orig Equal premium capped,Full-cost net,830,circular_block_bootstrap,60,ok,60,-0.06707253296141513,1.3284424236566663,0.5148597987631568,1.0127651040243608,-0.8602944673648791,0.3867498232090164,0.4726774451585669,0.7067070085487105,False,6
orig Equal premium capped,Full-cost net,831,circular_block_bootstrap,60,ok,60,-0.278623511316312,1.4552593363032822,0.3667538848691032,0.7491275907694388,-0.9379175245769729,0.4593182835696065,0.4643279691654667,0.1953484266752736,False,6
orig Equal premium capped,Full-cost net,832,circular_block_bootstrap,60,ok,60,0.7579912473762584,1.3034899459863938,0.9578185921473278,2.345733388497009,-0.7231657336046933,0.3320317451991967,0.34979160348002125,16.791269900350166,False,6
orig Equal premium capped,Full-cost net,833,circular_block_bootstrap,60,ok,60,-0.2477724373751744,1.2031992627067027,0.2940618987152062,0.5430964611164235,-0.9660416732323005,0.3449281444532193,0.47935702595304713,0.24084975703689213,False,6
orig Equal premium capped,Full-cost net,834,circular_block_bootstrap,60,ok,60,-0.315064722674841,1.1305673344018898,0.18390390333741002,0.3155822551758545,-0.9081520499576723,0.34641554298483634,0.46599786436408674,0.15074665175479016,False,6
orig Equal premium capped,Full-cost net,835,circular_block_bootstrap,60,ok,60,-0.52445265165406,1.1448500437236637,-0.13450520249378123,-0.22206223812433296,-0.986086738551712,0.38293043055845905,0.41749332023960617,0.024320294071233192,False,6
orig Equal premium capped,Full-cost net,836,circular_block_bootstrap,60,ok,60,-0.5886584174932479,1.3469606899254556,-0.11556214935616603,-0.22159320674325092,-0.9877001491747848,0.342596150334279,0.4472148274881844,0.011776414212169031,False,6
orig Equal premium capped,Full-cost net,837,circular_block_bootstrap,60,ok,60,-0.1577591432425941,1.2102375490046295,0.3654896622109017,0.7123324352913187,-0.8732160625153369,0.3867498232090164,0.4593182835696065,0.42382007617909534,False,6
orig Equal premium capped,Full-cost net,838,circular_block_bootstrap,60,ok,60,-0.28997501474206233,1.1703269346069392,0.2143279135720782,0.38270966239313314,-0.8393540165494975,0.342596150334279,0.4472148274881844,0.1804546832046058,False,6
orig Equal premium capped,Full-cost net,839,circular_block_bootstrap,60,ok,60,-0.2077471860459691,1.215499361610297,0.3405804685908937,0.6358028073867279,-0.8745687762893609,0.38293043055845905,0.4261340426598929,0.312118098228041,False,6
orig Equal premium capped,Full-cost net,840,circular_block_bootstrap,60,ok,60,0.3411090543038473,1.0880862815104964,0.7595214148874246,1.514424160467016,-0.7027202721357293,0.33345372745194996,0.3792148390712453,4.338308911996585,False,6
orig Equal premium capped,Full-cost net,841,circular_block_bootstrap,60,ok,60,-0.24460339538012876,1.4299656378360506,0.3936046348249212,0.788487345826416,-0.911853980277856,0.3867498232090164,0.46599786436408674,0.24596603599963948,False,6
orig Equal premium capped,Full-cost net,842,circular_block_bootstrap,60,ok,60,-0.1683083682886558,1.3989127447214493,0.41470492477480425,0.8964433876993984,-0.9117111137591063,0.33570760197168514,0.41507262902332176,0.3979345600796684,False,6
orig Equal premium capped,Full-cost net,843,circular_block_bootstrap,60,ok,60,-0.350156582123748,1.1851413178566865,0.14840216552671065,0.2689801458333056,-0.9558637774552095,0.34010681468348986,0.44053524669370425,0.11588937537759714,False,6
orig Equal premium capped,Full-cost net,844,circular_block_bootstrap,60,ok,60,-0.19355315002007123,1.1902585537251333,0.3405544943268903,0.6333771057806784,-0.8968441853737521,0.342596150334279,0.43385566589922403,0.34109766731415975,False,6
orig Equal premium capped,Full-cost net,845,circular_block_bootstrap,60,ok,60,-0.18361447418183308,1.5931231124527598,0.4860093226098869,1.0799627128439386,-0.8665833708630384,0.38293043055845905,0.3956617393936503,0.3626406472933683,False,6
orig Equal premium capped,Full-cost net,846,circular_block_bootstrap,60,ok,60,-0.06923958868110858,1.0068833189784947,0.40201684350053435,0.6792070588598097,-0.9280057569465329,0.34047329348037475,0.40490547412085076,0.6985371601783145,False,6
orig Equal premium capped,Full-cost net,847,circular_block_bootstrap,60,ok,60,-0.08939479407592377,1.1669272092930951,0.4144465402673278,0.7959848462579453,-0.8632092503717514,0.34047329348037475,0.39989578852499064,0.6261100057045268,False,6
orig Equal premium capped,Full-cost net,848,circular_block_bootstrap,60,ok,60,-0.09955407396468974,1.3357262164654822,0.486459058995276,0.9914575813474398,-0.9320421015036973,0.342596150334279,0.44053524669370425,0.5919543106939711,False,6
orig Equal premium capped,Full-cost net,849,circular_block_bootstrap,60,ok,60,-0.12491911997011151,1.4621329154729523,0.4984749557054018,1.0468590070786286,-0.85770960076102,0.38293043055845905,0.40839304822884154,0.5131460313174654,False,6
orig Equal premium capped,Full-cost net,850,circular_block_bootstrap,60,ok,60,-0.17587883479722521,1.0752529993553048,0.3161449922267447,0.548852197620051,-0.8597089664975351,0.34641554298483634,0.4726774451585669,0.38015030170197284,False,6
orig Equal premium capped,Full-cost net,851,circular_block_bootstrap,60,ok,60,-0.4082520420894741,1.239040385743718,0.10552738223109907,0.19073618095922423,-0.9602478354389918,0.38293043055845905,0.4311437282557531,0.07255775543039798,False,6
orig Equal premium capped,Full-cost net,852,circular_block_bootstrap,60,ok,60,-0.26878473668247627,1.223664506676835,0.3249149936693087,0.5543025905213503,-0.9016069182107351,0.4593182835696065,0.46599786436408674,0.20903848115646848,False,6
orig Equal premium capped,Full-cost net,853,circular_block_bootstrap,60,ok,60,0.17031817668282656,1.0537134518975264,0.6301112188213187,1.1479738804834594,-0.90382368552405,0.3383365498806369,0.4726774451585669,2.1954307936387085,False,6
orig Equal premium capped,Full-cost net,854,circular_block_bootstrap,60,ok,60,-0.00048282672986810216,1.2845508387400575,0.5144233426588061,1.0688823110065215,-0.8016562705146357,0.34047329348037475,0.37273371891383794,0.9975881964418684,False,6
orig Equal premium capped,Full-cost net,855,circular_block_bootstrap,60,ok,60,0.03574901340035108,1.188358946580126,0.5412695997575431,1.0784448562266615,-0.6524625856847623,0.33345372745194996,0.3783413879657053,1.1919900808142487,False,6
orig Equal premium capped,Full-cost net,856,circular_block_bootstrap,60,ok,60,0.29498507329921164,1.370273757339935,0.7695185918971198,1.622434957612611,-0.8224232856582907,0.34010681468348986,0.44053524669370425,3.641864746172539,False,6
orig Equal premium capped,Full-cost net,857,circular_block_bootstrap,60,ok,60,-0.3489491254616691,1.165835861936747,0.12146366963524023,0.2289941942855822,-0.9476698258196247,0.34047329348037475,0.38580851086806395,0.11697003855874859,False,6
orig Equal premium capped,Full-cost net,858,circular_block_bootstrap,60,ok,60,-0.5731706787789739,1.1023062860804163,-0.2190240537847001,-0.3343485927443298,-0.9938485441780501,0.47935702595304713,0.47935702595304713,0.014166782591038797,False,6
orig Equal premium capped,Full-cost net,859,circular_block_bootstrap,60,ok,60,0.09741814687981987,1.0838792856591108,0.5577589415468086,1.088969482243543,-0.7525969093209531,0.33358474511778097,0.3800882901767853,1.591698060231678,False,6
orig Equal premium capped,Full-cost net,860,circular_block_bootstrap,60,ok,60,-0.3461399980529234,1.2766514331419945,0.22913990447842184,0.40975290876658504,-0.9443359196718227,0.3867498232090164,0.46599786436408674,0.11951539664345324,False,6
orig Equal premium capped,Full-cost net,861,circular_block_bootstrap,60,ok,60,0.21332746358452748,1.2408659603231693,0.638404442557911,1.4584879481291437,-0.6314775429410082,0.3320317451991967,0.37767125566359455,2.629602716249399,False,6
orig Equal premium capped,Full-cost net,862,circular_block_bootstrap,60,ok,60,-0.22592383856881515,1.1028496523331184,0.2718274254159797,0.46669418544579355,-0.8372581925848425,0.342596150334279,0.43385566589922403,0.27791914518388605,False,6
orig Equal premium capped,Full-cost net,863,circular_block_bootstrap,60,ok,60,0.3328993569460561,1.0730687995951826,0.7404346561007668,1.5087495450420092,-0.8034898499016707,0.2776340438650441,0.3645319798310747,4.2071383338779125,False,6
orig Equal premium capped,Full-cost net,864,circular_block_bootstrap,60,ok,60,-0.06086830354414552,1.2599200762454335,0.47423342185584877,0.9673107238856308,-0.905568915072551,0.38293043055845905,0.42613404265989296,0.7305206433695761,False,6
orig Equal premium capped,Full-cost net,865,circular_block_bootstrap,60,ok,60,-0.19357408401664844,1.3829539724845,0.38874853383154123,0.8208105640863037,-0.9596355496232661,0.342596150334279,0.41507262902332176,0.3410533980191819,False,6
orig Equal premium capped,Full-cost net,866,circular_block_bootstrap,60,ok,60,1.061447135290111,1.338542961730427,1.0831201445668157,2.6789663348001276,-0.6029664534416836,0.32783629769272754,0.3942406692028135,37.227254658872475,False,6
orig Equal premium capped,Full-cost net,867,circular_block_bootstrap,60,ok,60,0.0572954405153252,1.30358302863135,0.5570208609317899,1.2505977958757393,-0.7460326519811173,0.342596150334279,0.40839304822884154,1.3212402539778165,False,6
orig Equal premium capped,Full-cost net,868,circular_block_bootstrap,60,ok,60,-0.2377083331774551,1.1820969421353347,0.28945439023419883,0.5261844098056623,-0.9161094122665986,0.3867498232090164,0.4726774451585669,0.2573984106779669,False,6
orig Equal premium capped,Full-cost net,869,circular_block_bootstrap,60,ok,60,-0.2258408891266105,1.3022825356060133,0.3725867394453733,0.7046500621106138,-0.9532677116608881,0.4593182835696065,0.4673337805229828,0.27806808517510434,False,6
orig Equal premium capped,Full-cost net,870,circular_block_bootstrap,60,ok,60,-0.5421211438492055,1.1240265001145946,-0.14401124784799052,-0.22430616322945007,-0.9892131262401367,0.46032022068877854,0.47935702595304713,0.02012579043079738,False,6
orig Equal premium capped,Full-cost net,871,circular_block_bootstrap,60,ok,60,0.5098942614540347,1.254404155138261,0.8777271345488523,1.8389581682493836,-0.7800071967588056,0.33570760197168514,0.43385566589922403,7.847524362641103,False,6
orig Equal premium capped,Full-cost net,872,circular_block_bootstrap,60,ok,60,0.2555985101860254,1.1996446541181003,0.7004736662758237,1.430120220272518,-0.7384876681677267,0.3379839578295857,0.41970328687319597,3.120713923396876,False,6
orig Equal premium capped,Full-cost net,873,circular_block_bootstrap,60,ok,60,-0.48030188581740985,1.2159411471052994,-0.0353831328740823,-0.06506247374349566,-0.9785066541247037,0.342596150334279,0.44053524669370425,0.037910167610157336,False,6
orig Equal premium capped,Full-cost net,874,circular_block_bootstrap,60,ok,60,-0.07681753954388493,1.3643860997582549,0.5015770030291137,1.0308812854141163,-0.903392375284293,0.34641554298483634,0.46599786436408674,0.6705601237616051,False,6
orig Equal premium capped,Full-cost net,875,circular_block_bootstrap,60,ok,60,-0.269600809174953,1.3444996370369897,0.32006574790557746,0.6374203423140767,-0.95878661474518,0.38293043055845905,0.4311437282557531,0.20787459541330142,False,6
orig Equal premium capped,Full-cost net,876,circular_block_bootstrap,60,ok,60,-0.297725353369959,0.9716057728814759,0.10790500917933013,0.17109354855223236,-0.9673833761942611,0.3867498232090164,0.4726774451585669,0.1708185179208307,False,6
orig Equal premium capped,Full-cost net,877,circular_block_bootstrap,60,ok,60,-0.367319146644154,1.041552514742956,0.05557851550951127,0.08920907932091846,-0.9741637139153171,0.34641554298483634,0.46599786436408674,0.10137327066719633,False,6
orig Equal premium capped,Full-cost net,878,circular_block_bootstrap,60,ok,60,-0.3592123053785181,1.124797363561701,0.09519022637670961,0.16848419550343322,-0.9813327013626967,0.34047329348037475,0.39602678646944367,0.10803657704946985,False,6
orig Equal premium capped,Full-cost net,879,circular_block_bootstrap,60,ok,60,0.641904286218606,1.550679454865007,0.9079435556304163,2.308590962451523,-0.6457868731043275,0.38293043055845905,0.4020273938112459,11.932712661501867,False,6
orig Equal premium capped,Full-cost net,880,circular_block_bootstrap,60,ok,60,-0.17572587030001285,1.2343875307276857,0.3612240699361033,0.7065001471079824,-0.9543784701844512,0.34047329348037475,0.39201903799275556,0.3805032297203041,False,6
orig Equal premium capped,Full-cost net,881,circular_block_bootstrap,60,ok,60,-0.47262806433841376,1.0086695591588524,-0.14259082292128672,-0.21771731992876536,-0.9751710003225343,0.34641554298483634,0.46599786436408674,0.04079294637356546,False,6
orig Equal premium capped,Full-cost net,882,circular_block_bootstrap,60,ok,60,0.24961952033672663,1.2713952615251831,0.7294490514789608,1.4516486166935487,-0.7297777162890197,0.3867498232090164,0.4593182835696065,3.0471161119369325,False,6
orig Equal premium capped,Full-cost net,883,circular_block_bootstrap,60,ok,60,-0.15254193604751565,1.2877881928042156,0.37998552458431,0.8038564704669345,-0.9667616198099646,0.33785294016375467,0.3844983342097539,0.43711034280179556,False,6
orig Equal premium capped,Full-cost net,884,circular_block_bootstrap,60,ok,60,-0.13608755655158666,1.4038641159136032,0.4633175222563337,0.9603407675340065,-0.8861445492279846,0.342596150334279,0.43385566589922403,0.48122551645510897,False,6
orig Equal premium capped,Full-cost net,885,circular_block_bootstrap,60,ok,60,-0.27335033708199363,1.2756349536206175,0.28293137083445113,0.552930163271605,-0.9589300480027171,0.38293043055845905,0.4261340426598929,0.20259344157795803,False,6
orig Equal premium capped,Full-cost net,886,circular_block_bootstrap,60,ok,60,0.029862441508773596,1.1042197384045933,0.5265236262773615,0.9620730068989183,-0.8361790117174662,0.342596150334279,0.43385566589922403,1.1585001645730608,False,6
orig Equal premium capped,Full-cost net,887,circular_block_bootstrap,60,ok,60,-0.40895263159488626,1.0736557773211899,-0.014515533005042098,-0.024882152111803262,-0.9121739298703491,0.3379839578295857,0.43306244846215636,0.07212925392399613,False,6
orig Equal premium capped,Full-cost net,888,circular_block_bootstrap,60,ok,60,-0.30610790025884305,1.312573712473428,0.2818394291405735,0.5293410939324382,-0.9604931217781779,0.3867498232090164,0.4726774451585669,0.16086431517643016,False,6
orig Equal premium capped,Full-cost net,889,circular_block_bootstrap,60,ok,60,-0.3557473405050422,1.3748687529930952,0.22126197177692697,0.4560254912628465,-0.9058539898274215,0.342596150334279,0.41507262902332176,0.11098929685478283,False,6
orig Equal premium capped,Full-cost net,890,circular_block_bootstrap,60,ok,60,0.3975545342603235,1.0370508196254895,0.7805859240996218,1.584502091376777,-0.612832187943321,0.3332221899408023,0.3665589892328965,5.331431307185547,False,6
orig Equal premium capped,Full-cost net,891,circular_block_bootstrap,60,ok,60,0.2303305669308875,1.24192850978981,0.6693924742586086,1.4541120027181187,-0.7031405349619445,0.342596150334279,0.40839304822884154,2.8190908360214286,False,6
orig Equal premium capped,Full-cost net,892,circular_block_bootstrap,60,ok,60,-0.32975237188843376,1.238601204174136,0.20488581121112648,0.376861765331934,-0.943881980766901,0.4593182835696065,0.4643279691654667,0.1352621943970484,False,6
orig Equal premium capped,Full-cost net,893,circular_block_bootstrap,60,ok,60,-0.2172541846001329,1.1854328003986092,0.31222171523255465,0.5820225399842601,-0.8948759244783776,0.3379839578295857,0.42638286766767614,0.293835167371426,False,6
orig Equal premium capped,Full-cost net,894,circular_block_bootstrap,60,ok,60,-0.5362920975865877,1.4985741593668391,0.05521848670747295,0.11554632533688959,-0.9920801490544361,0.342596150334279,0.4472148274881844,0.02143988668003141,False,6
orig Equal premium capped,Full-cost net,895,circular_block_bootstrap,60,ok,60,-0.37524465976689647,1.277162521857027,0.17468700013347976,0.3247188731838378,-0.9637010081731597,0.3439262073340472,0.4726774451585669,0.09518091713334727,False,6
orig Equal premium capped,Full-cost net,896,circular_block_bootstrap,60,ok,60,-0.0862870127491362,1.111910240186844,0.3794433883752085,0.7408496086986841,-0.8830980857630545,0.33358474511778097,0.3867678709712656,0.6368673570168409,False,6
orig Equal premium capped,Full-cost net,897,circular_block_bootstrap,60,ok,60,-0.3808745482102588,1.4518560923736195,0.2376878902839842,0.4867584911290968,-0.9849374417036388,0.38293043055845905,0.41749332023960617,0.09096897253540992,False,6
orig Equal premium capped,Full-cost net,898,circular_block_bootstrap,60,ok,60,0.08851493347566142,1.2420019121820052,0.5794684766469205,1.2133759567452451,-0.7313235076431374,0.33358474511778097,0.40092024999729364,1.5281710138989497,False,6
orig Equal premium capped,Full-cost net,899,circular_block_bootstrap,60,ok,60,-0.3387125460170737,1.0942265146411623,0.10559993670767369,0.18248948765539028,-0.956052598160755,0.38293043055845905,0.42613404265989296,0.1264594872314516,False,6
orig Equal premium capped,Full-cost net,900,circular_block_bootstrap,60,ok,60,0.4136016241310223,1.0315001197864395,0.8084120806484101,1.5723944068812286,-0.6498746057676691,0.33785294016375467,0.33890108149040266,5.6446260716350265,False,6
orig Equal premium capped,Full-cost net,901,circular_block_bootstrap,60,ok,60,-0.29239379703995527,1.3463124646694133,0.30526399267862664,0.5913403841017706,-0.919667579335831,0.3867498232090164,0.4726774451585669,0.1774018549768817,False,6
orig Equal premium capped,Full-cost net,902,circular_block_bootstrap,60,ok,60,0.5091040000667564,1.1724159917905888,0.836329377833108,1.8222853058296309,-0.6000319676300496,0.3332221899408023,0.35989162937447766,7.827009326071446,False,6
orig Equal premium capped,Full-cost net,903,circular_block_bootstrap,60,ok,60,0.3081876795762404,1.1402342695173464,0.7352645658462835,1.4615294748948962,-0.7933837604411262,0.33570760197168514,0.4472148274881844,3.831336290605745,False,6
orig Equal premium capped,Full-cost net,904,circular_block_bootstrap,60,ok,60,0.27590872130293054,1.472670601454265,0.7319136883137777,1.7507011424579173,-0.7633767315675888,0.342596150334279,0.40839304822884154,3.3814115365221,False,6
orig Equal premium capped,Full-cost net,905,circular_block_bootstrap,60,ok,60,-0.288374887688881,1.17519314455491,0.21237228868433677,0.39854562415393996,-0.9434367074489902,0.38293043055845905,0.42613404265989296,0.1824972509360375,False,6
orig Equal premium capped,Full-cost net,906,circular_block_bootstrap,60,ok,60,0.07331711186483081,1.119875037204987,0.5758224206301018,1.0548266082009352,-0.7451848005317854,0.34641554298483634,0.46599786436408674,1.424427228522969,False,6
orig Equal premium capped,Full-cost net,907,circular_block_bootstrap,60,ok,60,-0.23989653384199672,1.1206459593792937,0.2729076978691343,0.4664354174741864,-0.9743985705674485,0.34641554298483634,0.4726774451585669,0.25372517740852557,False,6
orig Equal premium capped,Full-cost net,908,circular_block_bootstrap,60,ok,60,0.38311387196838376,1.2406567542258422,0.7585945715697786,1.7198048826161683,-0.7113106369138663,0.3332221899408023,0.3468069376509546,5.061621725669278,False,6
orig Equal premium capped,Full-cost net,909,circular_block_bootstrap,60,ok,60,-0.01605484066580043,1.3931027628704031,0.5072325121508907,1.174823503286981,-0.7820588514142575,0.33358474511778097,0.368778051532431,0.922262324266506,False,6
orig Equal premium capped,Full-cost net,910,circular_block_bootstrap,60,ok,60,-0.41097527864372807,1.2375983922622884,0.112196959274693,0.20190686003520605,-0.9922104680765946,0.3867498232090164,0.4726774451585669,0.07090349000363724,False,6
orig Equal premium capped,Full-cost net,911,circular_block_bootstrap,60,ok,60,-0.3493035597524552,1.352944220927665,0.26034932073331507,0.4974116142121767,-0.9439800668073791,0.3867498232090164,0.4726774451585669,0.11665199062357652,False,6
orig Equal premium capped,Full-cost net,912,circular_block_bootstrap,60,ok,60,-0.2675994272008906,1.3207274930746264,0.30297944512817515,0.6077095138856974,-0.9285812508149869,0.33785294016375467,0.40359529746254075,0.21073825346275496,False,6
orig Equal premium capped,Full-cost net,913,circular_block_bootstrap,60,ok,60,0.19074272925254498,1.1907135469342243,0.6662632026478039,1.3090731743273947,-0.7650858638984517,0.3867498232090164,0.4726774451585669,2.3938100822913575,False,6
orig Equal premium capped,Full-cost net,914,circular_block_bootstrap,60,ok,60,0.11057684402048573,1.434277671635282,0.6180546867420849,1.4300219762379214,-0.8035197429928466,0.34010681468348986,0.38293043055845905,1.6894411574377888,False,6
orig Equal premium capped,Full-cost net,915,circular_block_bootstrap,60,ok,60,-0.4062475814458809,1.1827929523822198,0.09618120151728182,0.16541000267468303,-0.9592022361560922,0.3867498232090164,0.46599786436408674,0.07379500360946235,False,6
orig Equal premium capped,Full-cost net,916,circular_block_bootstrap,60,ok,60,0.2255844068923294,1.5287933386055492,0.7123719586953462,1.7126714844825832,-0.7928649976850967,0.342596150334279,0.38293043055845905,2.765133692260844,False,6
orig Equal premium capped,Full-cost net,917,circular_block_bootstrap,60,ok,60,-0.4087062279165372,1.0795022200107336,0.017740056329764706,0.02905472002305533,-0.9594244277383482,0.34641554298483634,0.4726774451585669,0.0722797303445844,False,6
orig Equal premium capped,Full-cost net,918,circular_block_bootstrap,60,ok,60,0.299902607494408,1.3396641618601957,0.7242856737036636,1.642450410452033,-0.63749983039869,0.2833244470519697,0.3898066355931127,3.711539394700327,False,6
orig Equal premium capped,Full-cost net,919,circular_block_bootstrap,60,ok,60,-0.2546675249655149,1.0686680211587314,0.18751587390695365,0.34921488181287985,-0.9480359385573025,0.3379839578295857,0.3546256725064028,0.2300118557384878,False,6
orig Equal premium capped,Full-cost net,920,circular_block_bootstrap,60,ok,60,0.029832346309105917,1.0833372849081224,0.49856016621569665,0.961611898214632,-0.8928361793118899,0.3332221899408023,0.3715686748287566,1.158330902860442,False,6
orig Equal premium capped,Full-cost net,921,circular_block_bootstrap,60,ok,60,0.051565856072055105,1.2094410296833127,0.5564533360356781,1.1344804002241535,-0.7363138136514193,0.3379839578295857,0.3867678709712656,1.2858265279391254,False,6
orig Equal premium capped,Full-cost net,922,circular_block_bootstrap,60,ok,60,0.20740236546331103,1.2427279062710221,0.6510243805280207,1.4138314729158876,-0.7400312438221157,0.33345372745194996,0.3537522214008628,2.5660204418337393,False,6
orig Equal premium capped,Full-cost net,923,circular_block_bootstrap,60,ok,60,-0.35891087795152643,1.3345144602885133,0.23457478884720162,0.44323606788266523,-0.9801546383422441,0.38293043055845905,0.4215010687162943,0.10829091900663647,False,6
orig Equal premium capped,Full-cost net,924,circular_block_bootstrap,60,ok,60,0.3220139604968877,1.3635402388613695,0.753463486414957,1.688431019987111,-0.7079588244702142,0.33570760197168514,0.43385566589922403,4.0381291681846845,False,6
orig Equal premium capped,Full-cost net,925,circular_block_bootstrap,60,ok,60,0.02418906762844575,1.1837926148242008,0.5266477773022009,1.0494226623973963,-0.8526553237779841,0.342596150334279,0.40839304822884154,1.1269397010189117,False,6
orig Equal premium capped,Full-cost net,926,circular_block_bootstrap,60,ok,60,-0.19815324240172427,1.434478260027032,0.412351004984428,0.8750303036382083,-0.9517268300422655,0.3867498232090164,0.4726774451585669,0.3314796617472943,False,6
orig Equal premium capped,Full-cost net,927,circular_block_bootstrap,60,ok,60,-0.2929333487679615,1.2880736313960075,0.2668653901097434,0.5126079136452302,-0.942185250440654,0.34010681468348986,0.44053524669370425,0.17672653854684817,False,6
orig Equal premium capped,Full-cost net,928,circular_block_bootstrap,60,ok,60,-0.4296424627764792,1.0756100192364395,-0.023783991136437678,-0.03918174810375219,-0.9655696181294824,0.342596150334279,0.4472148274881844,0.06035815075051324,False,6
orig Equal premium capped,Full-cost net,929,circular_block_bootstrap,60,ok,60,1.0137487594459347,1.3052769527330497,1.0985226924593317,2.5978186574064623,-0.5902324810695685,0.28362699691644616,0.37525422115040374,33.11512734061997,False,6
orig Equal premium capped,Full-cost net,930,circular_block_bootstrap,60,ok,60,-0.03270985923010494,1.2212936085047803,0.492728197644122,0.9624663108058552,-0.7748664195041691,0.34010681468348986,0.44053524669370425,0.8468057649197492,False,6
orig Equal premium capped,Full-cost net,931,circular_block_bootstrap,60,ok,60,-0.5964963633460656,1.367185539633039,-0.08969848113443682,-0.16541454621999047,-0.9959947275000751,0.47935702595304713,0.47935702595304713,0.010696390908337199,False,6
orig Equal premium capped,Full-cost net,932,circular_block_bootstrap,60,ok,60,0.34805422934538033,1.4611810552236573,0.7663136579722957,1.84121823075841,-0.6431481698957067,0.342596150334279,0.38293043055845905,4.451812006760302,False,6
orig Equal premium capped,Full-cost net,933,circular_block_bootstrap,60,ok,60,-0.31451023246902476,1.2485700049141626,0.25443829875198737,0.4621296432974045,-0.9589194324695675,0.3877517603281884,0.47935702595304713,0.151357826205376,False,6
orig Equal premium capped,Full-cost net,934,circular_block_bootstrap,60,ok,60,-0.14841192077284948,1.2964781164012553,0.4225728236971044,0.8405320538020326,-0.888235495774283,0.3449281444532193,0.47935702595304713,0.44786576608011014,False,6
orig Equal premium capped,Full-cost net,935,circular_block_bootstrap,60,ok,60,-0.40447557606079054,1.367382360919696,0.18401694023849827,0.3567092833120266,-0.9784411154642203,0.3867498232090164,0.4726774451585669,0.07490277166420917,False,6
orig Equal premium capped,Full-cost net,936,circular_block_bootstrap,60,ok,60,-0.6375308771120476,1.220621148167911,-0.29191409561991644,-0.48962634311366193,-0.9986883806066185,0.3867498232090164,0.4726774451585669,0.0062568405060274765,False,6
orig Equal premium capped,Full-cost net,937,circular_block_bootstrap,60,ok,60,0.39340799902655665,1.2104006824321625,0.7856746955079394,1.6531790520270933,-0.7410743131406803,0.2810167235993748,0.3280442789062971,5.252807634893726,False,6
orig Equal premium capped,Full-cost net,938,circular_block_bootstrap,60,ok,60,-0.502617721034115,1.094412780496119,-0.12515840160481678,-0.2030753006753225,-0.9791275987681156,0.3379839578295857,0.43306244846215636,0.030440483028778338,False,6
orig Equal premium capped,Full-cost net,939,circular_block_bootstrap,60,ok,60,0.810538283516113,1.0966944759049098,1.0246238165115016,2.3366065820175463,-0.5847334915499656,0.33345372745194996,0.3395998423748347,19.455328207192,False,6
orig Equal premium capped,Full-cost net,940,circular_block_bootstrap,60,ok,60,0.28580227693660043,1.1864650381785622,0.6947307382976644,1.530154195261928,-0.8469068332839951,0.28356434193004587,0.3772535557542593,3.51455992325864,False,6
orig Equal premium capped,Full-cost net,941,circular_block_bootstrap,60,ok,60,-0.33934277698194815,1.0921397871344376,0.10372143658972989,0.18219254914322855,-0.9665080309965929,0.3379839578295857,0.3867678709712656,0.1258580323164867,False,6
orig Equal premium capped,Full-cost net,942,circular_block_bootstrap,60,ok,60,-0.06558632179025936,1.3871890408014655,0.4911696760791368,1.0999617560175412,-0.844303475570133,0.3379839578295857,0.368778051532431,0.7123541122070972,False,6
orig Equal premium capped,Full-cost net,943,circular_block_bootstrap,60,ok,60,-0.6208510843114565,1.2736559782592296,-0.209101977239118,-0.36415248826904334,-0.997087832406374,0.3877517603281884,0.47935702595304713,0.007835182046276137,False,6
orig Equal premium capped,Full-cost net,944,circular_block_bootstrap,60,ok,60,-0.4923585698709364,1.3986246468009194,0.08434549947248675,0.16445803319327618,-0.9770823755820369,0.3867498232090164,0.4726774451585669,0.03371206026886052,False,6
orig Equal premium capped,Full-cost net,945,circular_block_bootstrap,60,ok,60,-0.3549025953201116,1.2623034413382435,0.17630666546948326,0.33656575172727077,-0.8842878433807109,0.3877517603281884,0.47935702595304713,0.1117188543176254,False,6
orig Equal premium capped,Full-cost net,946,circular_block_bootstrap,60,ok,60,-0.23815180858115725,1.3347567029652618,0.33233343001789745,0.6922159824082593,-0.981315019267498,0.34047329348037475,0.3858085108680639,0.2566505530713091,False,6
orig Equal premium capped,Full-cost net,947,circular_block_bootstrap,60,ok,60,0.11556142418003268,1.1844751245709144,0.6238116245951294,1.1793797630281508,-0.7885204244757912,0.342596150334279,0.43385566589922403,1.7276964477916301,False,6
orig Equal premium capped,Full-cost net,948,circular_block_bootstrap,60,ok,60,-0.523095240624917,1.3354832997059747,0.005002934804484608,0.009146809631438749,-0.9907484327294639,0.38293043055845905,0.42613404265989296,0.02466938273695883,False,6
orig Equal premium capped,Full-cost net,949,circular_block_bootstrap,60,ok,60,0.44178885915137656,0.9220167839232847,0.8131167396141339,1.5772135383063284,-0.7455735250723305,0.3332221899408023,0.3361226313566313,6.230290927762699,False,6
orig Equal premium capped,Full-cost net,950,circular_block_bootstrap,60,ok,60,-0.5016091309676467,1.209470684837769,-0.08330176862166445,-0.15499116609443725,-0.9834043155911492,0.34047329348037475,0.36424229149822107,0.030750372801132634,False,6
orig Equal premium capped,Full-cost net,951,circular_block_bootstrap,60,ok,60,-0.12138770757879913,1.0564328164385968,0.35371873341000565,0.6192946683457392,-0.8805737931780472,0.342596150334279,0.40839304822884154,0.5235840104679793,False,6
orig Equal premium capped,Full-cost net,952,circular_block_bootstrap,60,ok,60,-0.11382474790642894,1.428799594823038,0.4920842570260256,1.0362641971378546,-0.9376617122368114,0.38293043055845905,0.42613404265989296,0.5465099676932943,False,6
orig Equal premium capped,Full-cost net,953,circular_block_bootstrap,60,ok,60,-0.20903473164527586,1.1251885808166702,0.2556944502992915,0.4941794779841801,-0.883625248989375,0.3379839578295857,0.3800882901767853,0.30959010340298854,False,6
orig Equal premium capped,Full-cost net,954,circular_block_bootstrap,60,ok,60,0.17305687438446427,1.2755365179266072,0.6455146092128996,1.3715584078228076,-0.8218329937581458,0.33785294016375467,0.37948864861389375,2.2212392787167015,False,6
orig Equal premium capped,Full-cost net,955,circular_block_bootstrap,60,ok,60,-0.4176004766515333,1.318145154774704,0.12083747561712616,0.23923492668129215,-0.948288791394456,0.34047329348037475,0.39989578852499064,0.06700466717881588,False,6
orig Equal premium capped,Full-cost net,956,circular_block_bootstrap,60,ok,60,-0.4351506400594708,1.1363886410435111,-0.0013223292733913867,-0.0023103310395535532,-0.9431395569231154,0.34047329348037475,0.40490547412085076,0.057499385695266095,False,6
orig Equal premium capped,Full-cost net,957,circular_block_bootstrap,60,ok,60,0.0705961610884589,1.3431241771754427,0.588911732207353,1.2585156199530945,-0.847352179665932,0.342596150334279,0.40839304822884154,1.4064633149081975,False,6
orig Equal premium capped,Full-cost net,958,circular_block_bootstrap,60,ok,60,-0.28402202655919273,1.2616649754276934,0.26790382158612636,0.5073859671333995,-0.9658510223115275,0.38293043055845905,0.42613404265989296,0.18814743792528785,False,6
orig Equal premium capped,Full-cost net,959,circular_block_bootstrap,60,ok,60,-0.12161114578142662,1.4638680989410473,0.4659780485715734,1.0587594721000604,-0.8979352611984233,0.34010681468348986,0.38293043055845905,0.5229185907826724,False,6
orig Equal premium capped,Full-cost net,960,circular_block_bootstrap,60,ok,60,-0.36433164391791395,1.5301342299973908,0.29086904776558464,0.6274550093668836,-0.9561148780201827,0.38293043055845905,0.42613404265989296,0.10378939078256773,False,6
orig Equal premium capped,Full-cost net,961,circular_block_bootstrap,60,ok,60,-0.40724028563322545,1.067354968025376,0.01505544054876732,0.024214426604487055,-0.9722031708144119,0.34641554298483634,0.4593182835696065,0.07318016770972544,False,6
orig Equal premium capped,Full-cost net,962,circular_block_bootstrap,60,ok,60,-0.5194146267249251,1.3080812352553888,0.007625390406226803,0.013593385637976314,-0.9857485053522084,0.4593182835696065,0.46933765476132683,0.025636146462015553,False,6
orig Equal premium capped,Full-cost net,963,circular_block_bootstrap,60,ok,60,-0.025381323793973065,1.3635083870885183,0.5138254496270727,1.146995561655874,-0.9191476400592655,0.33785294016375467,0.3497774010915858,0.8793740520834361,False,6
orig Equal premium capped,Full-cost net,964,circular_block_bootstrap,60,ok,60,0.3873474228464584,1.3777185090391117,0.777557859185394,1.8249975540152905,-0.6710178425816588,0.32995915454663177,0.41507262902332176,5.139562583598877,False,6
orig Equal premium capped,Full-cost net,965,circular_block_bootstrap,60,ok,60,0.1518401508544056,1.2284623735151674,0.6333775339860533,1.3264943996341263,-0.7005814542032642,0.31048119460925866,0.3783413879657053,2.027500945885293,False,6
orig Equal premium capped,Full-cost net,966,circular_block_bootstrap,60,ok,60,-0.48717343338285335,1.2085951615841308,-0.031184281057620576,-0.055459061670447105,-0.9837528818608315,0.38293043055845905,0.42613404265989296,0.03546929668962106,False,6
orig Equal premium capped,Full-cost net,967,circular_block_bootstrap,60,ok,60,0.1405145671219954,1.4391599763276206,0.6487340846846099,1.4667134478631094,-0.8226502709629501,0.38293043055845905,0.4020273938112459,1.929763923836716,False,6
orig Equal premium capped,Full-cost net,968,circular_block_bootstrap,60,ok,60,-0.4894394808032039,1.2335602175395046,-0.04633996993159137,-0.08747729750866808,-0.9949503647983235,0.34047329348037475,0.3767414673905261,0.0346925435750945,False,6
orig Equal premium capped,Full-cost net,969,circular_block_bootstrap,60,ok,60,-0.11266651036704156,1.3399440078102898,0.4354217666427593,0.946514879692447,-0.8833489293732847,0.33570760197168514,0.43385566589922403,0.5500907783941779,False,6
orig Equal premium capped,Full-cost net,970,circular_block_bootstrap,60,ok,60,-0.3519202105904511,1.19218391208462,0.20214564983077132,0.33761232276369657,-0.9741367469680043,0.46032022068877854,0.47935702595304713,0.11432531066860754,False,6
orig Equal premium capped,Full-cost net,971,circular_block_bootstrap,60,ok,60,-0.33774530020464877,1.2698962094965,0.23374595902538098,0.41933020970775264,-0.9731601566377855,0.4593182835696065,0.46933765476132683,0.127387039634539,False,6
orig Equal premium capped,Full-cost net,972,circular_block_bootstrap,60,ok,60,0.1833281200486574,1.1921527065104502,0.6540948730853109,1.3142458047735508,-0.850843068733181,0.34010681468348986,0.4472148274881844,2.3202026849949102,False,6
orig Equal premium capped,Full-cost net,973,circular_block_bootstrap,60,ok,60,-0.22278462796698995,1.2950328642972047,0.3353278918977559,0.6576042427896349,-0.8972522355848493,0.38293043055845905,0.41749332023960617,0.28360044514685095,False,6
orig Equal premium capped,Full-cost net,974,circular_block_bootstrap,60,ok,60,0.22445352513566608,1.229072439466631,0.6961793487595287,1.3794823456348697,-0.8455231347647203,0.38293043055845905,0.4211243570640328,2.752399874274718,False,6
orig Equal premium capped,Full-cost net,975,circular_block_bootstrap,60,ok,60,0.18269417185901315,1.4583862224377369,0.7068484024714129,1.5481066397511336,-0.7783078069898395,0.38293043055845905,0.4261340426598929,2.313994292312001,False,6
orig Equal premium capped,Full-cost net,976,circular_block_bootstrap,60,ok,60,0.8926349695620626,1.3506838595194728,1.0297651164846355,2.4656396762208255,-0.5982576400075679,0.2833244470519697,0.3898066355931127,24.284787113457256,False,6
orig Equal premium capped,Full-cost net,977,circular_block_bootstrap,60,ok,60,0.06692582954231341,1.2589160567718438,0.5799108125183295,1.2025885570443644,-0.840833930725283,0.34010681468348986,0.44053524669370425,1.382519119688009,False,6
orig Equal premium capped,Full-cost net,978,circular_block_bootstrap,60,ok,60,0.09663404713180812,1.080059786858888,0.5655653304695795,1.0531941277941512,-0.860405502692146,0.33358474511778097,0.3942406692028135,1.5860198787913327,False,6
orig Equal premium capped,Full-cost net,979,circular_block_bootstrap,60,ok,60,-0.058598426004340176,1.3524187648748083,0.4679886132019884,1.0514914544487204,-0.8287110087632764,0.3379839578295857,0.3800882901767853,0.7393917500157432,False,6
orig Equal premium capped,Full-cost net,980,circular_block_bootstrap,60,ok,60,-0.19095485486009423,1.5239857652633348,0.420943007750436,0.9802289864303019,-0.9538942781414148,0.38293043055845905,0.38293043055845905,0.34662811125519344,False,6
orig Equal premium capped,Full-cost net,981,circular_block_bootstrap,60,ok,60,-0.43380008738912035,1.2390816322948204,0.09137147987857368,0.16299355284091094,-0.9621943996497102,0.342596150334279,0.4472148274881844,0.058190084787302906,False,6
orig Equal premium capped,Full-cost net,982,circular_block_bootstrap,60,ok,60,-0.024298545751306633,1.2989597510533128,0.49678263524865485,1.052187761169877,-0.8431962819583751,0.3379839578295857,0.41970328687319597,0.8842697356943372,False,6
orig Equal premium capped,Full-cost net,983,circular_block_bootstrap,60,ok,60,-0.32609197643358245,1.3651083658234824,0.2600212694881093,0.5248576406204567,-0.9692044055607257,0.34641554298483634,0.46599786436408674,0.13899626667495735,False,6
orig Equal premium capped,Full-cost net,984,circular_block_bootstrap,60,ok,60,-0.23359009786024465,1.2638934398562163,0.27794619570364015,0.5950810015880592,-0.9414296327468441,0.33358474511778097,0.3546256725064028,0.26442684076553474,False,6
orig Equal premium capped,Full-cost net,985,circular_block_bootstrap,60,ok,60,0.14643192438239616,1.1560290090559524,0.636250734416704,1.2179104113947339,-0.7394960834718649,0.33785294016375467,0.3985856118666806,1.9803472799820834,False,6
orig Equal premium capped,Full-cost net,986,circular_block_bootstrap,60,ok,60,-0.3037938756599067,1.2186366693747075,0.17221255866497678,0.3609111546550582,-0.9466151526400222,0.3379839578295857,0.3546256725064028,0.163564555099061,False,6
orig Equal premium capped,Full-cost net,987,circular_block_bootstrap,60,ok,60,-0.374845441981149,1.146656017169581,0.08204678294845962,0.14845633461580438,-0.9142391730854216,0.34047329348037475,0.4049054741208508,0.09548540838618223,False,6
orig Equal premium capped,Full-cost net,988,circular_block_bootstrap,60,ok,60,-0.19725704373176411,1.2326752727006358,0.3173792019696323,0.6379604773551297,-0.9194958638773172,0.34047329348037475,0.38079882527220377,0.3333362286463388,False,6
orig Equal premium capped,Full-cost net,989,circular_block_bootstrap,60,ok,60,-0.3665743760307949,1.119443815888142,0.087256017028841,0.15319946372178378,-0.9580291556676788,0.34047329348037475,0.37273371891383794,0.10197134308921102,False,6
orig Equal premium capped,Full-cost net,990,circular_block_bootstrap,60,ok,60,-0.00548986375604732,1.0744755441825127,0.48930999920111196,0.866856935926037,-0.7612306609656593,0.34047329348037475,0.4049054741208508,0.9728504172287525,False,6
orig Equal premium capped,Full-cost net,991,circular_block_bootstrap,60,ok,60,-0.48221606836231334,1.433327196999337,0.10860152040952321,0.2178952838776235,-0.9739691907917263,0.3867498232090164,0.46599786436408674,0.03721712699142623,False,6
orig Equal premium capped,Full-cost net,992,circular_block_bootstrap,60,ok,60,-0.5372080544733542,1.2289319375650567,-0.07119186914330912,-0.11964890202600101,-0.9841617034624051,0.3867498232090164,0.4726774451585669,0.021228971755238923,False,6
orig Equal premium capped,Full-cost net,993,circular_block_bootstrap,60,ok,60,0.2764866703147235,1.444641945539552,0.7536738181142532,1.6748016125527136,-0.8230095745156495,0.38293043055845905,0.42613404265989296,3.3890768760992946,False,6
orig Equal premium capped,Full-cost net,994,circular_block_bootstrap,60,ok,60,-0.4926459171221652,1.0562180998198267,-0.133280873684777,-0.207834542235499,-0.9842349465617587,0.46032022068877854,0.47935702595304713,0.03361675572046358,False,6
orig Equal premium capped,Full-cost net,995,circular_block_bootstrap,60,ok,60,0.016767690804244006,1.4746826749238358,0.5813797024539019,1.3029800158222298,-0.7926602283652417,0.38293043055845905,0.4174933202396061,1.0866975484150532,False,6
orig Equal premium capped,Full-cost net,996,circular_block_bootstrap,60,ok,60,-0.0845709525440631,1.011036941617935,0.3942707882488391,0.6537816896577004,-0.8336127362352104,0.34641554298483634,0.46599786436408674,0.6428704217593145,False,6
orig Equal premium capped,Full-cost net,997,circular_block_bootstrap,60,ok,60,-0.36710845144424253,1.2856293612873995,0.18618616842590882,0.35054866919746575,-0.9087992454750671,0.342596150334279,0.41507262902332176,0.10154217962024854,False,6
orig Equal premium capped,Full-cost net,998,circular_block_bootstrap,60,ok,60,-0.019760322682006337,1.3668966617412905,0.5187706409454722,1.124583832491239,-0.8348535082019066,0.38293043055845905,0.4070370794071061,0.9050266912359894,False,6
orig Equal premium capped,Full-cost net,999,circular_block_bootstrap,60,ok,60,-0.10241222005190787,1.5297328973301512,0.5501141042305625,1.1667763562189097,-0.8196665027654616,0.3867498232090164,0.46599786436408674,0.5826190176711274,False,6
