Strategy,Return basis,path_id,method,n_source_obs,status,n_obs,annualized_return,annualized_volatility,sharpe,sortino,max_drawdown,var_95,cvar_95,terminal_wealth,defaulted,reason
orig GM paper,Full-cost net,0,garch11_residual_fallback_insufficient_egarch_obs,60,ok,60,-1.0,4.2463908368551895,0.2466305023741666,0.34858727838006154,-1.0,2.472219497188034,2.813265057340871,0.0,True,insufficient_egarch_obs
orig GM paper,Full-cost net,1,garch11_residual_fallback_insufficient_egarch_obs,60,ok,60,-1.0,5.118599569631745,-0.8484344484711606,-0.9929427172703731,-1.0,3.0600885636360355,3.3379706975365586,0.0,True,insufficient_egarch_obs
orig GM paper,Full-cost net,2,garch11_residual_fallback_insufficient_egarch_obs,60,ok,60,-1.0,7.765001664017299,-0.5588225323002637,-0.6866266396663354,-1.0,4.366591084729523,4.530371719056918,0.0,True,insufficient_egarch_obs
orig GM paper,Full-cost net,3,garch11_residual_fallback_insufficient_egarch_obs,60,ok,60,-1.0,5.625396973600835,-0.005116122974815661,-0.00689201553758009,-1.0,3.059936943196789,3.6129072086970595,0.0,True,insufficient_egarch_obs
orig GM paper,Full-cost net,4,garch11_residual_fallback_insufficient_egarch_obs,60,ok,60,-1.0,8.192119896777955,0.7187199186368639,1.0671449858937174,-1.0,4.74235365130289,5.291057719099409,0.0,True,insufficient_egarch_obs
orig GM paper,Full-cost net,5,garch11_residual_fallback_insufficient_egarch_obs,60,ok,60,-1.0,8.159323826403577,0.19077053562874297,0.2648644242619252,-1.0,4.315635891090539,4.96926985648285,0.0,True,insufficient_egarch_obs
orig GM paper,Full-cost net,6,garch11_residual_fallback_insufficient_egarch_obs,60,ok,60,-1.0,5.7328340959604365,-0.3828000594231161,-0.4754151212729711,-1.0,3.3319501148525816,4.000645003671152,0.0,True,insufficient_egarch_obs
orig GM paper,Full-cost net,7,garch11_residual_fallback_insufficient_egarch_obs,60,ok,60,-1.0,6.757104873015738,-0.1359821913618484,-0.18052934933152687,-1.0,3.371855634700841,4.137869703779915,0.0,True,insufficient_egarch_obs
orig GM paper,Full-cost net,8,garch11_residual_fallback_insufficient_egarch_obs,60,ok,60,-1.0,6.4118462517213395,-0.6097632918747363,-0.7349191434647202,-1.0,3.4244852892368276,3.7878625518238453,0.0,True,insufficient_egarch_obs
orig GM paper,Full-cost net,9,garch11_residual_fallback_insufficient_egarch_obs,60,ok,60,-1.0,5.753125328084445,0.035666206690462776,0.049251630695780396,-1.0,3.1475920691344372,4.008392144123822,0.0,True,insufficient_egarch_obs
orig GM paper,Full-cost net,10,garch11_residual_fallback_insufficient_egarch_obs,60,ok,60,-1.0,6.498329906139054,1.0771721005271166,1.7480212476080352,-1.0,3.092045498362126,3.8389213763788153,0.0,True,insufficient_egarch_obs
orig GM paper,Full-cost net,11,garch11_residual_fallback_insufficient_egarch_obs,60,ok,60,-1.0,7.42163820797069,-0.00649830085705985,-0.009074223877389908,-1.0,3.5303852012852297,4.378300397615335,0.0,True,insufficient_egarch_obs
orig GM paper,Full-cost net,12,garch11_residual_fallback_insufficient_egarch_obs,60,ok,60,-1.0,6.334147877952997,0.3377716822041223,0.47728723121362115,-1.0,3.38090876161558,3.687098809398797,0.0,True,insufficient_egarch_obs
orig GM paper,Full-cost net,13,garch11_residual_fallback_insufficient_egarch_obs,60,ok,60,-1.0,6.48782011895724,-0.9583544129184954,-1.0845113775754638,-1.0,3.454649690926558,3.906308604103008,0.0,True,insufficient_egarch_obs
orig GM paper,Full-cost net,14,garch11_residual_fallback_insufficient_egarch_obs,60,ok,60,-1.0,6.173779054908005,0.46167725389315806,0.696030620597378,-1.0,2.9485237729305327,3.976177113775659,0.0,True,insufficient_egarch_obs
orig GM paper,Full-cost net,15,garch11_residual_fallback_insufficient_egarch_obs,60,ok,60,-1.0,5.27202709047278,0.5886194192100592,0.9262876004718107,-1.0,2.2176518323742194,3.2896499213152013,0.0,True,insufficient_egarch_obs
orig GM paper,Full-cost net,16,garch11_residual_fallback_insufficient_egarch_obs,60,ok,60,-1.0,3.985806661484619,-0.9639418091498304,-1.06901282351959,-1.0,2.687910798705129,2.800084887183195,0.0,True,insufficient_egarch_obs
orig GM paper,Full-cost net,17,garch11_residual_fallback_insufficient_egarch_obs,60,ok,60,-1.0,3.743923051505233,-0.1499966911825783,-0.19876312005875735,-1.0,1.902476718476082,2.7198828567850684,0.0,True,insufficient_egarch_obs
orig GM paper,Full-cost net,18,garch11_residual_fallback_insufficient_egarch_obs,60,ok,60,-1.0,7.290296335610301,0.988891719231145,1.6272216660868088,-1.0,3.5146242562599346,4.296216787636419,0.0,True,insufficient_egarch_obs
orig GM paper,Full-cost net,19,garch11_residual_fallback_insufficient_egarch_obs,60,ok,60,-1.0,6.019226196084627,0.585957099929097,0.9276024788902154,-1.0,3.3403694473840417,3.836178767366397,0.0,True,insufficient_egarch_obs
orig GM paper,Full-cost net,20,garch11_residual_fallback_insufficient_egarch_obs,60,ok,60,-1.0,10.266022068772902,0.3105588691910736,0.4419594421836985,-1.0,4.967910819236353,5.505425393434383,0.0,True,insufficient_egarch_obs
orig GM paper,Full-cost net,21,garch11_residual_fallback_insufficient_egarch_obs,60,ok,60,-1.0,7.02619218591475,-0.2120753042551747,-0.27574352271721647,-1.0,4.021117247548452,4.616511004096972,0.0,True,insufficient_egarch_obs
orig GM paper,Full-cost net,22,garch11_residual_fallback_insufficient_egarch_obs,60,ok,60,-1.0,5.286327026684619,0.873934855526625,1.5826720373834673,-1.0,2.3249655280782333,2.8482065779202785,0.0,True,insufficient_egarch_obs
orig GM paper,Full-cost net,23,garch11_residual_fallback_insufficient_egarch_obs,60,ok,60,-1.0,6.728326669538403,-0.11307545225056957,-0.15105841364831335,-1.0,3.4397482260481453,3.866356521767137,0.0,True,insufficient_egarch_obs
orig GM paper,Full-cost net,24,garch11_residual_fallback_insufficient_egarch_obs,60,ok,60,-1.0,6.870848124325118,0.5710580589304312,0.9489351215325165,-1.0,3.304261792857968,3.3908996062531442,0.0,True,insufficient_egarch_obs
orig GM paper,Full-cost net,25,garch11_residual_fallback_insufficient_egarch_obs,60,ok,60,-1.0,5.814376525696969,-0.5979731006227343,-0.7039513718289784,-1.0,3.324807950126518,3.8169661223803057,0.0,True,insufficient_egarch_obs
orig GM paper,Full-cost net,26,garch11_residual_fallback_insufficient_egarch_obs,60,ok,60,-1.0,8.326398214773063,1.3467737109448144,2.9346600894878043,-1.0,2.202637604709604,3.97738067175227,0.0,True,insufficient_egarch_obs
orig GM paper,Full-cost net,27,garch11_residual_fallback_insufficient_egarch_obs,60,ok,60,-1.0,5.260035993275558,-0.4980337444342607,-0.6097477219050911,-1.0,3.0810397772258473,3.259521462062972,0.0,True,insufficient_egarch_obs
orig GM paper,Full-cost net,28,garch11_residual_fallback_insufficient_egarch_obs,60,ok,60,-1.0,4.7954438892887445,-0.1685986677462304,-0.21641867149495908,-1.0,3.074050019298759,3.4032183695235694,0.0,True,insufficient_egarch_obs
orig GM paper,Full-cost net,29,garch11_residual_fallback_insufficient_egarch_obs,60,ok,60,-1.0,3.847832004981762,-1.0345975546510473,-1.1263433646212913,-1.0,2.5597075358307784,2.880068346016683,0.0,True,insufficient_egarch_obs
orig GM paper,Full-cost net,30,garch11_residual_fallback_insufficient_egarch_obs,60,ok,60,-1.0,6.456801136472316,0.09405338329517801,0.13633769016784256,-1.0,3.2586980684933766,3.864017111334739,0.0,True,insufficient_egarch_obs
orig GM paper,Full-cost net,31,garch11_residual_fallback_insufficient_egarch_obs,60,ok,60,-1.0,5.526607859201498,0.9292960740666241,1.4795741952456394,-1.0,2.38492541154849,3.6031949894898134,0.0,True,insufficient_egarch_obs
orig GM paper,Full-cost net,32,garch11_residual_fallback_insufficient_egarch_obs,60,ok,60,-1.0,6.545450113970042,0.5063042237870323,0.7456687385278913,-1.0,3.4501666380328984,4.075622075263127,0.0,True,insufficient_egarch_obs
orig GM paper,Full-cost net,33,garch11_residual_fallback_insufficient_egarch_obs,60,ok,60,-1.0,8.23142929482667,0.848132012095041,1.2985851037876204,-1.0,4.328459599430579,5.713158802651519,0.0,True,insufficient_egarch_obs
orig GM paper,Full-cost net,34,garch11_residual_fallback_insufficient_egarch_obs,60,ok,60,-1.0,5.0430596194759465,1.0791508272246708,2.0264903173912767,-1.0,2.4827021753571845,2.861282964673934,0.0,True,insufficient_egarch_obs
orig GM paper,Full-cost net,35,garch11_residual_fallback_insufficient_egarch_obs,60,ok,60,-1.0,6.609220941552664,-0.21423968534833798,-0.27157298159239396,-1.0,4.138871356982171,4.496743771397601,0.0,True,insufficient_egarch_obs
orig GM paper,Full-cost net,36,garch11_residual_fallback_insufficient_egarch_obs,60,ok,60,-1.0,7.605168008285619,0.31122634380999653,0.424797412978128,-1.0,4.327375113797412,5.383210153827867,0.0,True,insufficient_egarch_obs
orig GM paper,Full-cost net,37,garch11_residual_fallback_insufficient_egarch_obs,60,ok,60,-1.0,6.710394849955785,0.6234628383530778,0.9138920786264983,-1.0,3.3620286321352406,4.381120980799589,0.0,True,insufficient_egarch_obs
orig GM paper,Full-cost net,38,garch11_residual_fallback_insufficient_egarch_obs,60,ok,60,-1.0,5.7951883122798815,-0.43865081101060205,-0.5332208529537368,-1.0,3.4747808723198164,4.020078879941289,0.0,True,insufficient_egarch_obs
orig GM paper,Full-cost net,39,garch11_residual_fallback_insufficient_egarch_obs,60,ok,60,-1.0,4.726054420474405,0.1442744618131196,0.20090665638713456,-1.0,2.68804934454848,3.1917933957402123,0.0,True,insufficient_egarch_obs
orig GM paper,Full-cost net,40,garch11_residual_fallback_insufficient_egarch_obs,60,ok,60,-1.0,3.2301961414882916,-0.42792860990409065,-0.5472969026745818,-1.0,1.2855443917185077,2.497754123380154,0.0,True,insufficient_egarch_obs
orig GM paper,Full-cost net,41,garch11_residual_fallback_insufficient_egarch_obs,60,ok,60,-1.0,3.9075699054160804,-0.9974758690100191,-1.088814881738374,-1.0,2.522298742378155,2.774501516354946,0.0,True,insufficient_egarch_obs
orig GM paper,Full-cost net,42,garch11_residual_fallback_insufficient_egarch_obs,60,ok,60,-1.0,4.204491176454927,-0.6190877187853988,-0.7461020129096854,-1.0,2.4872243439606323,2.7911783763985127,0.0,True,insufficient_egarch_obs
orig GM paper,Full-cost net,43,garch11_residual_fallback_insufficient_egarch_obs,60,ok,60,-1.0,4.067771335117549,-0.4311830659573232,-0.5364626692935791,-1.0,2.5847638082212576,2.85703628537854,0.0,True,insufficient_egarch_obs
orig GM paper,Full-cost net,44,garch11_residual_fallback_insufficient_egarch_obs,60,ok,60,-1.0,7.157383326090014,-0.39901463125068604,-0.5028076704565845,-1.0,4.008402077836762,4.355552112443527,0.0,True,insufficient_egarch_obs
orig GM paper,Full-cost net,45,garch11_residual_fallback_insufficient_egarch_obs,60,ok,60,-1.0,9.153628990805663,0.24635592400779358,0.37677525654975963,-1.0,4.0419176614270835,4.981991719085216,0.0,True,insufficient_egarch_obs
orig GM paper,Full-cost net,46,garch11_residual_fallback_insufficient_egarch_obs,60,ok,60,-1.0,5.652354417663816,0.06478223205844527,0.09126243127743738,-1.0,3.4056498621581537,3.651539503573128,0.0,True,insufficient_egarch_obs
orig GM paper,Full-cost net,47,garch11_residual_fallback_insufficient_egarch_obs,60,ok,60,-1.0,5.543515651150156,-0.30267668499091965,-0.41171203659396677,-1.0,2.8223991473844134,3.9696008345590883,0.0,True,insufficient_egarch_obs
orig GM paper,Full-cost net,48,garch11_residual_fallback_insufficient_egarch_obs,60,ok,60,-1.0,3.8636130487356057,-1.1874319280875498,-1.2381219291633656,-1.0,2.5196970140038513,2.8083814552997555,0.0,True,insufficient_egarch_obs
orig GM paper,Full-cost net,49,garch11_residual_fallback_insufficient_egarch_obs,60,ok,60,-1.0,6.709930762114887,-0.17244616019562584,-0.2160027462483963,-1.0,4.107265547039465,4.3239021314759425,0.0,True,insufficient_egarch_obs
orig GM paper,Full-cost net,50,garch11_residual_fallback_insufficient_egarch_obs,60,ok,60,-1.0,7.5764749458840015,0.12113160571952192,0.17243664728996375,-1.0,3.9363432621444767,4.8401111537094605,0.0,True,insufficient_egarch_obs
orig GM paper,Full-cost net,51,garch11_residual_fallback_insufficient_egarch_obs,60,ok,60,-1.0,4.765097977712171,0.27079691969330694,0.39842546646569116,-1.0,2.4743122224946505,3.0500378708618,0.0,True,insufficient_egarch_obs
orig GM paper,Full-cost net,52,garch11_residual_fallback_insufficient_egarch_obs,60,ok,60,-1.0,4.6113404679977705,-0.04090598621514127,-0.05746619282995407,-1.0,2.4170626404725444,3.117262661573933,0.0,True,insufficient_egarch_obs
orig GM paper,Full-cost net,53,garch11_residual_fallback_insufficient_egarch_obs,60,ok,60,-1.0,4.901315934123858,-0.46351794049785444,-0.5654186229741026,-1.0,2.61962177557699,3.3062515556276586,0.0,True,insufficient_egarch_obs
orig GM paper,Full-cost net,54,garch11_residual_fallback_insufficient_egarch_obs,60,ok,60,-1.0,5.9914531517533955,0.2888828777775848,0.4097880465209286,-1.0,3.375717253373053,3.787732488179119,0.0,True,insufficient_egarch_obs
orig GM paper,Full-cost net,55,garch11_residual_fallback_insufficient_egarch_obs,60,ok,60,-1.0,10.392732407674545,0.6030494445606512,0.9322604774977323,-1.0,4.789652307189685,5.776576206102626,0.0,True,insufficient_egarch_obs
orig GM paper,Full-cost net,56,garch11_residual_fallback_insufficient_egarch_obs,60,ok,60,-1.0,11.505364957333688,1.3510766772363967,2.6658712874312833,-1.0,4.234143649205514,5.0995892289547795,0.0,True,insufficient_egarch_obs
orig GM paper,Full-cost net,57,garch11_residual_fallback_insufficient_egarch_obs,60,ok,60,-1.0,4.412446275755442,-0.4376398960442909,-0.5277769606423977,-1.0,2.5989477988626457,3.3919693869848597,0.0,True,insufficient_egarch_obs
orig GM paper,Full-cost net,58,garch11_residual_fallback_insufficient_egarch_obs,60,ok,60,-1.0,4.931274456798142,1.3581891433935704,2.472213882913921,-1.0,1.586455464872926,3.0407352228918287,0.0,True,insufficient_egarch_obs
orig GM paper,Full-cost net,59,garch11_residual_fallback_insufficient_egarch_obs,60,ok,60,-1.0,5.401394302363475,-0.26814791045201936,-0.3426276103144416,-1.0,3.10516866104535,3.6033468132967634,0.0,True,insufficient_egarch_obs
orig GM paper,Full-cost net,60,garch11_residual_fallback_insufficient_egarch_obs,60,ok,60,-1.0,5.371716122293785,-0.2552593268114681,-0.33979433718251717,-1.0,3.078435246853162,3.272951377544864,0.0,True,insufficient_egarch_obs
orig GM paper,Full-cost net,61,garch11_residual_fallback_insufficient_egarch_obs,60,ok,60,-1.0,4.240903557136058,0.08656883000333625,0.12116775019827232,-1.0,2.7012331648587953,2.949679406866681,0.0,True,insufficient_egarch_obs
orig GM paper,Full-cost net,62,garch11_residual_fallback_insufficient_egarch_obs,60,ok,60,-1.0,6.834719932739115,0.1928732235214033,0.28553036710998925,-1.0,2.9847498882634027,3.7542243258668866,0.0,True,insufficient_egarch_obs
orig GM paper,Full-cost net,63,garch11_residual_fallback_insufficient_egarch_obs,60,ok,60,-1.0,7.779941823808988,0.9006461540911935,1.53369090732693,-1.0,3.4120400201652776,4.168577807524199,0.0,True,insufficient_egarch_obs
orig GM paper,Full-cost net,64,garch11_residual_fallback_insufficient_egarch_obs,60,ok,60,-1.0,9.656631084768874,1.7478998908237944,2.9681799163659184,-1.0,4.861448838708756,5.672836984341302,0.0,True,insufficient_egarch_obs
orig GM paper,Full-cost net,65,garch11_residual_fallback_insufficient_egarch_obs,60,ok,60,-1.0,6.2571390231222574,-0.022103739341342223,-0.029559395021319365,-1.0,3.4751870882791014,4.389183202761701,0.0,True,insufficient_egarch_obs
orig GM paper,Full-cost net,66,garch11_residual_fallback_insufficient_egarch_obs,60,ok,60,-1.0,6.579108712952895,-0.2750760368197563,-0.34736344357819504,-1.0,3.56107268755057,4.084709186404778,0.0,True,insufficient_egarch_obs
orig GM paper,Full-cost net,67,garch11_residual_fallback_insufficient_egarch_obs,60,ok,60,-1.0,5.936645572825031,0.10855586694927284,0.1427838991581196,-1.0,3.4658123792417084,4.0295530948968565,0.0,True,insufficient_egarch_obs
orig GM paper,Full-cost net,68,garch11_residual_fallback_insufficient_egarch_obs,60,ok,60,-1.0,3.9059110238707,-0.036329167217781844,-0.05323779994850781,-1.0,1.9133119482445955,2.4788790871461317,0.0,True,insufficient_egarch_obs
orig GM paper,Full-cost net,69,garch11_residual_fallback_insufficient_egarch_obs,60,ok,60,-1.0,6.551166462240454,0.553702410681071,0.8029097312201728,-1.0,3.4847533157833777,4.297507888271769,0.0,True,insufficient_egarch_obs
orig GM paper,Full-cost net,70,garch11_residual_fallback_insufficient_egarch_obs,60,ok,60,-1.0,10.039956210649105,1.3042487836465837,2.3599145179929595,-1.0,5.15392746134541,5.4329706265821,0.0,True,insufficient_egarch_obs
orig GM paper,Full-cost net,71,garch11_residual_fallback_insufficient_egarch_obs,60,ok,60,-1.0,5.849132216392982,0.12787801795317105,0.18293725768916946,-1.0,2.9270883944390715,3.2292161933000902,0.0,True,insufficient_egarch_obs
orig GM paper,Full-cost net,72,garch11_residual_fallback_insufficient_egarch_obs,60,ok,60,-1.0,7.1926152566015995,0.5980170666503581,0.9443126818892899,-1.0,3.7703682395737323,4.566916870833452,0.0,True,insufficient_egarch_obs
orig GM paper,Full-cost net,73,garch11_residual_fallback_insufficient_egarch_obs,60,ok,60,-1.0,6.81685567365354,0.17747551568982517,0.25999729676570943,-1.0,3.429686899259731,3.900523305735824,0.0,True,insufficient_egarch_obs
orig GM paper,Full-cost net,74,garch11_residual_fallback_insufficient_egarch_obs,60,ok,60,-1.0,9.246273728324468,0.35117288781671474,0.4926321525393869,-1.0,5.045633538457079,5.740141935745055,0.0,True,insufficient_egarch_obs
orig GM paper,Full-cost net,75,garch11_residual_fallback_insufficient_egarch_obs,60,ok,60,-1.0,3.8986758962776595,-1.2673504266540334,-1.3026634503207701,-1.0,2.577916954382681,3.0568945050597605,0.0,True,insufficient_egarch_obs
orig GM paper,Full-cost net,76,garch11_residual_fallback_insufficient_egarch_obs,60,ok,60,-1.0,11.267230074484925,0.7707877119092429,1.2882433322060047,-1.0,4.5143397756343875,5.645431220425252,0.0,True,insufficient_egarch_obs
orig GM paper,Full-cost net,77,garch11_residual_fallback_insufficient_egarch_obs,60,ok,60,-1.0,6.715485956367004,-0.04556153545493245,-0.06026701678581855,-1.0,3.93481830570774,4.159157867862645,0.0,True,insufficient_egarch_obs
orig GM paper,Full-cost net,78,garch11_residual_fallback_insufficient_egarch_obs,60,ok,60,-1.0,7.228100861661381,0.5248852978852153,0.8186548034983258,-1.0,3.977270717220654,4.603196254720836,0.0,True,insufficient_egarch_obs
orig GM paper,Full-cost net,79,garch11_residual_fallback_insufficient_egarch_obs,60,ok,60,-1.0,6.20667850413337,0.15374410902521224,0.2143272408164589,-1.0,3.3640336228289973,4.095362267452755,0.0,True,insufficient_egarch_obs
orig GM paper,Full-cost net,80,garch11_residual_fallback_insufficient_egarch_obs,60,ok,60,-1.0,9.571809629043653,0.19015083140473218,0.25968968861350955,-1.0,5.218557662346177,5.677092697217817,0.0,True,insufficient_egarch_obs
orig GM paper,Full-cost net,81,garch11_residual_fallback_insufficient_egarch_obs,60,ok,60,-1.0,7.550539044218867,1.0128140137691375,1.7984459695998425,-1.0,3.3871062582918805,3.751871047490224,0.0,True,insufficient_egarch_obs
orig GM paper,Full-cost net,82,garch11_residual_fallback_insufficient_egarch_obs,60,ok,60,-1.0,4.870022962782768,-0.2849527383584579,-0.39046734059568916,-1.0,2.47725434202676,2.8595979115505927,0.0,True,insufficient_egarch_obs
orig GM paper,Full-cost net,83,garch11_residual_fallback_insufficient_egarch_obs,60,ok,60,-1.0,6.75316541506843,0.23195785305986827,0.33590488371277016,-1.0,3.698897913396439,3.9580508169103616,0.0,True,insufficient_egarch_obs
orig GM paper,Full-cost net,84,garch11_residual_fallback_insufficient_egarch_obs,60,ok,60,-1.0,5.902453628830815,-0.8538241947090641,-0.978978983714498,-1.0,3.45609616270932,3.86297987035897,0.0,True,insufficient_egarch_obs
orig GM paper,Full-cost net,85,garch11_residual_fallback_insufficient_egarch_obs,60,ok,60,-1.0,4.002030453652971,-1.7605272109947583,-1.663785050868553,-1.0,2.8792987036171653,3.317591743557196,0.0,True,insufficient_egarch_obs
orig GM paper,Full-cost net,86,garch11_residual_fallback_insufficient_egarch_obs,60,ok,60,-1.0,5.213200051827995,-0.12305468316417713,-0.16602035600725495,-1.0,2.659071968500466,3.4594681935862526,0.0,True,insufficient_egarch_obs
orig GM paper,Full-cost net,87,garch11_residual_fallback_insufficient_egarch_obs,60,ok,60,-1.0,7.2459494136158575,0.10563074557411031,0.1411705526292211,-1.0,3.5108472311645746,4.43420358234604,0.0,True,insufficient_egarch_obs
orig GM paper,Full-cost net,88,garch11_residual_fallback_insufficient_egarch_obs,60,ok,60,-1.0,5.6198714408833075,-0.5164619394162966,-0.6399867241951397,-1.0,2.905574304250899,3.489490574977367,0.0,True,insufficient_egarch_obs
orig GM paper,Full-cost net,89,garch11_residual_fallback_insufficient_egarch_obs,60,ok,60,-1.0,3.3637864389229106,-0.5639188831901429,-0.708931915498658,-1.0,1.954384128787727,2.6356988964035355,0.0,True,insufficient_egarch_obs
orig GM paper,Full-cost net,90,garch11_residual_fallback_insufficient_egarch_obs,60,ok,60,-1.0,5.7943277434206575,-0.13977464217697463,-0.1909615051082981,-1.0,2.9555888918291937,3.1309022000721556,0.0,True,insufficient_egarch_obs
orig GM paper,Full-cost net,91,garch11_residual_fallback_insufficient_egarch_obs,60,ok,60,-1.0,12.010013813313435,0.3600423143045314,0.5320043181387758,-1.0,5.236444419508076,6.4071863713524495,0.0,True,insufficient_egarch_obs
orig GM paper,Full-cost net,92,garch11_residual_fallback_insufficient_egarch_obs,60,ok,60,-1.0,5.920811109708312,0.8441631423177537,1.3670689918172618,-1.0,2.874419178398731,3.27603570625784,0.0,True,insufficient_egarch_obs
orig GM paper,Full-cost net,93,garch11_residual_fallback_insufficient_egarch_obs,60,ok,60,-1.0,10.427366277695805,0.7876476763142464,1.2394528207612228,-1.0,4.886186298720973,5.556707963854265,0.0,True,insufficient_egarch_obs
orig GM paper,Full-cost net,94,garch11_residual_fallback_insufficient_egarch_obs,60,ok,60,-1.0,5.18771952705319,-0.2743692693158822,-0.34372024451773303,-1.0,2.865860517326651,3.502278850306824,0.0,True,insufficient_egarch_obs
orig GM paper,Full-cost net,95,garch11_residual_fallback_insufficient_egarch_obs,60,ok,60,-1.0,5.4585491531422745,-0.4095017076472154,-0.5199333582449411,-1.0,2.934547630062885,4.037475482767104,0.0,True,insufficient_egarch_obs
orig GM paper,Full-cost net,96,garch11_residual_fallback_insufficient_egarch_obs,60,ok,60,-1.0,6.518428924930727,0.6690522703051272,1.0847492826842833,-1.0,3.5605848209740114,3.91004622081768,0.0,True,insufficient_egarch_obs
orig GM paper,Full-cost net,97,garch11_residual_fallback_insufficient_egarch_obs,60,ok,60,-1.0,6.438929713921089,-0.323472634491593,-0.4178432963953785,-1.0,3.2556879064905493,3.586927518976798,0.0,True,insufficient_egarch_obs
orig GM paper,Full-cost net,98,garch11_residual_fallback_insufficient_egarch_obs,60,ok,60,-1.0,5.505054381566064,0.3143857700245501,0.46613223189600334,-1.0,2.770509090950485,3.630449363820663,0.0,True,insufficient_egarch_obs
orig GM paper,Full-cost net,99,garch11_residual_fallback_insufficient_egarch_obs,60,ok,60,-1.0,9.582150332130826,1.0030581544537145,1.8408949735025262,-1.0,3.8309065305432175,4.224785828202477,0.0,True,insufficient_egarch_obs
orig GM paper,Full-cost net,100,garch11_residual_fallback_insufficient_egarch_obs,60,ok,60,-1.0,3.670274529019695,0.16847191349456597,0.24259622651874468,-1.0,1.911791316665416,2.2986602793158295,0.0,True,insufficient_egarch_obs
orig GM paper,Full-cost net,101,garch11_residual_fallback_insufficient_egarch_obs,60,ok,60,-1.0,6.678539463534449,0.2585355194077981,0.35779025553055743,-1.0,3.6507216113612113,4.217151345111408,0.0,True,insufficient_egarch_obs
orig GM paper,Full-cost net,102,garch11_residual_fallback_insufficient_egarch_obs,60,ok,60,-1.0,5.6057436179054925,0.04868752671358804,0.06735311221119798,-1.0,3.2262637373513994,3.610312937344806,0.0,True,insufficient_egarch_obs
orig GM paper,Full-cost net,103,garch11_residual_fallback_insufficient_egarch_obs,60,ok,60,-1.0,5.422425417978118,0.03334249689147529,0.045432653815267184,-1.0,2.9114925784372248,3.7337636739134297,0.0,True,insufficient_egarch_obs
orig GM paper,Full-cost net,104,garch11_residual_fallback_insufficient_egarch_obs,60,ok,60,-1.0,5.379244125447929,-0.606884622544565,-0.7244403334362433,-1.0,3.0697979828196797,3.3323815506430194,0.0,True,insufficient_egarch_obs
orig GM paper,Full-cost net,105,garch11_residual_fallback_insufficient_egarch_obs,60,ok,60,-1.0,10.443755263973875,-0.0077769290709122675,-0.011054927668668191,-1.0,4.746495705883831,5.792710540184413,0.0,True,insufficient_egarch_obs
orig GM paper,Full-cost net,106,garch11_residual_fallback_insufficient_egarch_obs,60,ok,60,-1.0,5.23458804068752,-0.6117466158610336,-0.7112186313504163,-1.0,3.240034258636401,3.342478505149328,0.0,True,insufficient_egarch_obs
orig GM paper,Full-cost net,107,garch11_residual_fallback_insufficient_egarch_obs,60,ok,60,-1.0,5.985020532709309,-0.34790846150802546,-0.44857913927593396,-1.0,3.0618894210615157,4.187586763289551,0.0,True,insufficient_egarch_obs
orig GM paper,Full-cost net,108,garch11_residual_fallback_insufficient_egarch_obs,60,ok,60,-1.0,4.978560324563165,0.5842001369093087,0.918121019308353,-1.0,2.1312547578437164,2.8670048199089515,0.0,True,insufficient_egarch_obs
orig GM paper,Full-cost net,109,garch11_residual_fallback_insufficient_egarch_obs,60,ok,60,-1.0,4.980015076215953,-1.181946307484404,-1.2360499022700002,-1.0,3.4036414652718325,3.9633949232332863,0.0,True,insufficient_egarch_obs
orig GM paper,Full-cost net,110,garch11_residual_fallback_insufficient_egarch_obs,60,ok,60,-1.0,6.310599585879795,-0.00805988469669525,-0.0113168291314789,-1.0,2.8092047219516654,4.321736112062902,0.0,True,insufficient_egarch_obs
orig GM paper,Full-cost net,111,garch11_residual_fallback_insufficient_egarch_obs,60,ok,60,-1.0,3.7350897182431098,0.1915522719401402,0.3032723306354894,-1.0,1.6757360552596638,2.3376434230875773,0.0,True,insufficient_egarch_obs
orig GM paper,Full-cost net,112,garch11_residual_fallback_insufficient_egarch_obs,60,ok,60,-1.0,7.6043937609247445,0.517593639260908,0.8243353728599828,-1.0,3.2493492166681293,4.61636811709915,0.0,True,insufficient_egarch_obs
orig GM paper,Full-cost net,113,garch11_residual_fallback_insufficient_egarch_obs,60,ok,60,-1.0,4.486687389512539,-0.7783808870212083,-0.9068924996998698,-1.0,2.6973199872900135,2.809880373080748,0.0,True,insufficient_egarch_obs
orig GM paper,Full-cost net,114,garch11_residual_fallback_insufficient_egarch_obs,60,ok,60,-1.0,5.168774513050915,-0.7064227368111207,-0.8383942752753756,-1.0,2.8790130379597336,3.130281154107434,0.0,True,insufficient_egarch_obs
orig GM paper,Full-cost net,115,garch11_residual_fallback_insufficient_egarch_obs,60,ok,60,-1.0,5.981900196120682,-0.8792570273548781,-1.036002201313331,-1.0,3.077082841427758,4.502746066263354,0.0,True,insufficient_egarch_obs
orig GM paper,Full-cost net,116,garch11_residual_fallback_insufficient_egarch_obs,60,ok,60,-1.0,7.41984796615508,0.45701800089333183,0.6755404614075464,-1.0,3.9927304765035445,4.39297953904025,0.0,True,insufficient_egarch_obs
orig GM paper,Full-cost net,117,garch11_residual_fallback_insufficient_egarch_obs,60,ok,60,-1.0,4.815183726049427,1.5208025348778662,3.226253625200465,-1.0,0.9076323467629256,2.4734650350097334,0.0,True,insufficient_egarch_obs
orig GM paper,Full-cost net,118,garch11_residual_fallback_insufficient_egarch_obs,60,ok,60,-1.0,4.487742277040154,0.06682066563104552,0.09115108317061486,-1.0,3.012116899583965,3.2777899441060456,0.0,True,insufficient_egarch_obs
orig GM paper,Full-cost net,119,garch11_residual_fallback_insufficient_egarch_obs,60,ok,60,-1.0,4.366514389453268,0.21025615347999502,0.30363879652916587,-1.0,2.6795624411778167,2.948835432306703,0.0,True,insufficient_egarch_obs
orig GM paper,Full-cost net,120,garch11_residual_fallback_insufficient_egarch_obs,60,ok,60,-1.0,6.625927814775276,-0.01582880232592925,-0.021866991155754315,-1.0,3.304748537205211,3.776983751996532,0.0,True,insufficient_egarch_obs
orig GM paper,Full-cost net,121,garch11_residual_fallback_insufficient_egarch_obs,60,ok,60,-1.0,4.2493052699196125,-0.8576175614532324,-0.9951791763228525,-1.0,2.7927908572472417,2.874227452952713,0.0,True,insufficient_egarch_obs
orig GM paper,Full-cost net,122,garch11_residual_fallback_insufficient_egarch_obs,60,ok,60,-1.0,6.311708056634532,1.4298213046731254,2.5051276034961916,-1.0,3.2045201696675476,3.806896711891044,0.0,True,insufficient_egarch_obs
orig GM paper,Full-cost net,123,garch11_residual_fallback_insufficient_egarch_obs,60,ok,60,-1.0,4.817210361001905,-0.34849560554253617,-0.4448716428958404,-1.0,2.672862697283767,3.304764999000525,0.0,True,insufficient_egarch_obs
orig GM paper,Full-cost net,124,garch11_residual_fallback_insufficient_egarch_obs,60,ok,60,-1.0,5.393946046245023,-0.8594197523207182,-0.9402882198766838,-1.0,3.1099833762588855,3.467689670089786,0.0,True,insufficient_egarch_obs
orig GM paper,Full-cost net,125,garch11_residual_fallback_insufficient_egarch_obs,60,ok,60,-1.0,3.6606377221774804,-1.1175696953491063,-1.2460669323303948,-1.0,2.224732994070372,2.660915937694414,0.0,True,insufficient_egarch_obs
orig GM paper,Full-cost net,126,garch11_residual_fallback_insufficient_egarch_obs,60,ok,60,-1.0,7.978805380303879,-0.3343027037274303,-0.4412011386764932,-1.0,3.769363815098752,4.120864963583089,0.0,True,insufficient_egarch_obs
orig GM paper,Full-cost net,127,garch11_residual_fallback_insufficient_egarch_obs,60,ok,60,-1.0,5.5347987952270294,-0.10143318981598366,-0.1409782058204695,-1.0,3.0561118330021286,3.7212481099786436,0.0,True,insufficient_egarch_obs
orig GM paper,Full-cost net,128,garch11_residual_fallback_insufficient_egarch_obs,60,ok,60,-1.0,8.181490626441933,0.04747196988738642,0.06452410827455682,-1.0,3.9306779061890293,5.254512135544819,0.0,True,insufficient_egarch_obs
orig GM paper,Full-cost net,129,garch11_residual_fallback_insufficient_egarch_obs,60,ok,60,-1.0,6.742864989243309,0.8208388286152494,1.276442678959291,-1.0,3.3724626141689527,4.315260146880268,0.0,True,insufficient_egarch_obs
orig GM paper,Full-cost net,130,garch11_residual_fallback_insufficient_egarch_obs,60,ok,60,-1.0,7.531446999414408,1.494076220967114,3.367541487748571,-1.0,3.025455089871795,3.190084811708227,0.0,True,insufficient_egarch_obs
orig GM paper,Full-cost net,131,garch11_residual_fallback_insufficient_egarch_obs,60,ok,60,-1.0,5.062472157102233,-0.8562875443049304,-0.9936735582499039,-1.0,2.75473645009743,3.0172930227698664,0.0,True,insufficient_egarch_obs
orig GM paper,Full-cost net,132,garch11_residual_fallback_insufficient_egarch_obs,60,ok,60,-1.0,4.312722329867409,-0.7249694179595655,-0.8283752906894776,-1.0,2.5443916476733848,3.2053167655202963,0.0,True,insufficient_egarch_obs
orig GM paper,Full-cost net,133,garch11_residual_fallback_insufficient_egarch_obs,60,ok,60,-1.0,8.110177780198386,0.35485747205616935,0.5543906728708984,-1.0,3.785215050494505,4.27339488263875,0.0,True,insufficient_egarch_obs
orig GM paper,Full-cost net,134,garch11_residual_fallback_insufficient_egarch_obs,60,ok,60,-1.0,8.707749689611012,0.32759672811748003,0.5503331905751315,-1.0,3.5514435370819606,5.282600140145596,0.0,True,insufficient_egarch_obs
orig GM paper,Full-cost net,135,garch11_residual_fallback_insufficient_egarch_obs,60,ok,60,-1.0,5.342848889366702,-1.426526448106221,-1.4774159248274434,-1.0,3.1527185801292723,3.5224411522345593,0.0,True,insufficient_egarch_obs
orig GM paper,Full-cost net,136,garch11_residual_fallback_insufficient_egarch_obs,60,ok,60,-1.0,6.843865704464626,0.8670058780588935,1.432020289974178,-1.0,3.0668994403145975,3.727735846188206,0.0,True,insufficient_egarch_obs
orig GM paper,Full-cost net,137,garch11_residual_fallback_insufficient_egarch_obs,60,ok,60,-1.0,7.11967642824763,-0.16379754462449445,-0.22164506405613896,-1.0,3.480107706236232,4.003857523614031,0.0,True,insufficient_egarch_obs
orig GM paper,Full-cost net,138,garch11_residual_fallback_insufficient_egarch_obs,60,ok,60,-1.0,8.240013280962883,0.5509924334429042,0.864561448566945,-1.0,3.4376437843744054,4.857369219347698,0.0,True,insufficient_egarch_obs
orig GM paper,Full-cost net,139,garch11_residual_fallback_insufficient_egarch_obs,60,ok,60,-1.0,3.9421297272523304,-0.8899357520038957,-1.0157634141824152,-1.0,2.616029556423086,2.8931837591486484,0.0,True,insufficient_egarch_obs
orig GM paper,Full-cost net,140,garch11_residual_fallback_insufficient_egarch_obs,60,ok,60,-1.0,4.382615248230049,0.4778467268184703,0.7457077372318699,-1.0,2.038488604264518,2.913944412784962,0.0,True,insufficient_egarch_obs
orig GM paper,Full-cost net,141,garch11_residual_fallback_insufficient_egarch_obs,60,ok,60,-1.0,8.164552517859313,0.2564597123265505,0.3702930154589056,-1.0,4.505051421217615,4.8270804303335,0.0,True,insufficient_egarch_obs
orig GM paper,Full-cost net,142,garch11_residual_fallback_insufficient_egarch_obs,60,ok,60,-1.0,12.850092206685224,1.12221999149487,2.0361320741935724,-1.0,4.845933408929829,6.411199309603947,0.0,True,insufficient_egarch_obs
orig GM paper,Full-cost net,143,garch11_residual_fallback_insufficient_egarch_obs,60,ok,60,-1.0,7.408043590834348,0.02184199555732283,0.029545145629200287,-1.0,3.8367046444347888,4.54568138403591,0.0,True,insufficient_egarch_obs
orig GM paper,Full-cost net,144,garch11_residual_fallback_insufficient_egarch_obs,60,ok,60,-1.0,7.305348193242968,0.28898195411676186,0.4180251123273217,-1.0,3.2707811089830567,4.882186224810657,0.0,True,insufficient_egarch_obs
orig GM paper,Full-cost net,145,garch11_residual_fallback_insufficient_egarch_obs,60,ok,60,-1.0,5.158289267647543,0.1225496507845036,0.1711483518089473,-1.0,2.754246357349287,3.535090398149137,0.0,True,insufficient_egarch_obs
orig GM paper,Full-cost net,146,garch11_residual_fallback_insufficient_egarch_obs,60,ok,60,-1.0,7.404055536859222,0.15713839837155796,0.2265951327976424,-1.0,3.786508672236227,4.511658671208628,0.0,True,insufficient_egarch_obs
orig GM paper,Full-cost net,147,garch11_residual_fallback_insufficient_egarch_obs,60,ok,60,-1.0,6.125536717226182,-0.036056732955301714,-0.0472419071228334,-1.0,3.434508659722732,3.6746397005188904,0.0,True,insufficient_egarch_obs
orig GM paper,Full-cost net,148,garch11_residual_fallback_insufficient_egarch_obs,60,ok,60,-1.0,6.310268958836935,-0.3670466479677063,-0.45505683087985216,-1.0,3.513744855536757,3.8435066571474867,0.0,True,insufficient_egarch_obs
orig GM paper,Full-cost net,149,garch11_residual_fallback_insufficient_egarch_obs,60,ok,60,-1.0,5.257530778207929,0.10440405344785068,0.14376988049984715,-1.0,3.017204155294361,3.3041228618555145,0.0,True,insufficient_egarch_obs
orig GM paper,Full-cost net,150,garch11_residual_fallback_insufficient_egarch_obs,60,ok,60,-1.0,7.064475370750624,0.4235739535405421,0.6348547962112404,-1.0,3.483772893544285,4.06151483586946,0.0,True,insufficient_egarch_obs
orig GM paper,Full-cost net,151,garch11_residual_fallback_insufficient_egarch_obs,60,ok,60,-1.0,6.612892814834011,0.061285942507911195,0.0891014101111787,-1.0,3.0856375867857495,3.519814924342732,0.0,True,insufficient_egarch_obs
orig GM paper,Full-cost net,152,garch11_residual_fallback_insufficient_egarch_obs,60,ok,60,-1.0,4.768326422180173,0.35838368560792516,0.5628808898540522,-1.0,2.250791834248889,3.0861665106647282,0.0,True,insufficient_egarch_obs
orig GM paper,Full-cost net,153,garch11_residual_fallback_insufficient_egarch_obs,60,ok,60,-1.0,4.634244273538015,-0.9050732916019824,-1.0183619494055813,-1.0,2.817743711607047,2.9501767848882174,0.0,True,insufficient_egarch_obs
orig GM paper,Full-cost net,154,garch11_residual_fallback_insufficient_egarch_obs,60,ok,60,-1.0,7.9713116463775044,0.46365420355399733,0.701809532549658,-1.0,3.9448359454038355,4.661325512454845,0.0,True,insufficient_egarch_obs
orig GM paper,Full-cost net,155,garch11_residual_fallback_insufficient_egarch_obs,60,ok,60,-1.0,13.742411203592917,1.2591442073804675,2.343640038673728,-1.0,5.929942521210533,6.775230719493088,0.0,True,insufficient_egarch_obs
orig GM paper,Full-cost net,156,garch11_residual_fallback_insufficient_egarch_obs,60,ok,60,-1.0,5.7144971532055875,0.03535624606118696,0.048020547156900975,-1.0,3.065571330442521,3.3270572196346215,0.0,True,insufficient_egarch_obs
orig GM paper,Full-cost net,157,garch11_residual_fallback_insufficient_egarch_obs,60,ok,60,-1.0,10.352683683464257,1.0752790865409376,1.8069147841172806,-1.0,5.4714138100156875,5.887912068817258,0.0,True,insufficient_egarch_obs
orig GM paper,Full-cost net,158,garch11_residual_fallback_insufficient_egarch_obs,60,ok,60,-1.0,4.778846413597256,-1.216230910645211,-1.3197097475832542,-1.0,2.7551501189705947,3.0474650429062575,0.0,True,insufficient_egarch_obs
orig GM paper,Full-cost net,159,garch11_residual_fallback_insufficient_egarch_obs,60,ok,60,-1.0,4.132598184707387,-0.1677056476813413,-0.23231347694480553,-1.0,2.3793307579918044,2.484819281000886,0.0,True,insufficient_egarch_obs
orig GM paper,Full-cost net,160,garch11_residual_fallback_insufficient_egarch_obs,60,ok,60,-1.0,5.947445817902226,-0.2178148434607733,-0.28486174361817207,-1.0,3.375862523564577,3.7983105252295606,0.0,True,insufficient_egarch_obs
orig GM paper,Full-cost net,161,garch11_residual_fallback_insufficient_egarch_obs,60,ok,60,-1.0,8.214072349066505,0.1952835496851372,0.2697401131307341,-1.0,4.427974070268394,5.123541117152704,0.0,True,insufficient_egarch_obs
orig GM paper,Full-cost net,162,garch11_residual_fallback_insufficient_egarch_obs,60,ok,60,-1.0,12.322978162209905,0.22178754999073227,0.3298715700924079,-1.0,6.072761651476747,6.232766713356785,0.0,True,insufficient_egarch_obs
orig GM paper,Full-cost net,163,garch11_residual_fallback_insufficient_egarch_obs,60,ok,60,-1.0,7.380627216345782,-0.4639687619490749,-0.579310460995942,-1.0,3.868331250733258,4.542595862311171,0.0,True,insufficient_egarch_obs
orig GM paper,Full-cost net,164,garch11_residual_fallback_insufficient_egarch_obs,60,ok,60,-1.0,4.6083766021491765,-0.9856570799092145,-1.114994090084174,-1.0,2.851411321498058,3.1942306704625274,0.0,True,insufficient_egarch_obs
orig GM paper,Full-cost net,165,garch11_residual_fallback_insufficient_egarch_obs,60,ok,60,-1.0,4.2817208253160315,0.12377317347448077,0.1719061721158316,-1.0,2.1083113599180634,3.25723136927487,0.0,True,insufficient_egarch_obs
orig GM paper,Full-cost net,166,garch11_residual_fallback_insufficient_egarch_obs,60,ok,60,-1.0,5.3600775943463885,0.23080354002241787,0.35385611932009936,-1.0,2.543963774680407,3.080823901362738,0.0,True,insufficient_egarch_obs
orig GM paper,Full-cost net,167,garch11_residual_fallback_insufficient_egarch_obs,60,ok,60,-1.0,6.0120720588446845,0.7057097883799069,1.1946946768042142,-1.0,3.045506694292114,3.112836558042023,0.0,True,insufficient_egarch_obs
orig GM paper,Full-cost net,168,garch11_residual_fallback_insufficient_egarch_obs,60,ok,60,-1.0,3.7042041579884577,-0.02177658415082141,-0.03035212901633991,-1.0,2.1006997619478756,2.5342222112956887,0.0,True,insufficient_egarch_obs
orig GM paper,Full-cost net,169,garch11_residual_fallback_insufficient_egarch_obs,60,ok,60,-1.0,5.705361753922759,-0.1636284141912837,-0.22058231424907865,-1.0,3.0343178017949026,3.3431688871129412,0.0,True,insufficient_egarch_obs
orig GM paper,Full-cost net,170,garch11_residual_fallback_insufficient_egarch_obs,60,ok,60,-1.0,6.635990414400258,0.9010097811224447,1.5827093923868676,-1.0,3.1928084345029966,3.5722000246005687,0.0,True,insufficient_egarch_obs
orig GM paper,Full-cost net,171,garch11_residual_fallback_insufficient_egarch_obs,60,ok,60,-1.0,5.907144113198872,0.7586193974420218,1.1495980135381516,-1.0,2.8498115531807544,4.138240054066417,0.0,True,insufficient_egarch_obs
orig GM paper,Full-cost net,172,garch11_residual_fallback_insufficient_egarch_obs,60,ok,60,-1.0,8.90637315564999,0.7532281566964862,1.238895117245749,-1.0,3.917943527869387,5.147329430478622,0.0,True,insufficient_egarch_obs
orig GM paper,Full-cost net,173,garch11_residual_fallback_insufficient_egarch_obs,60,ok,60,-1.0,5.352286140269485,-0.4466146761273269,-0.5317138777532058,-1.0,3.1018012876163086,3.811442368465308,0.0,True,insufficient_egarch_obs
orig GM paper,Full-cost net,174,garch11_residual_fallback_insufficient_egarch_obs,60,ok,60,-1.0,7.661528963139638,0.21924731835435288,0.34051846154182863,-1.0,3.6277353309550673,3.9597151785842803,0.0,True,insufficient_egarch_obs
orig GM paper,Full-cost net,175,garch11_residual_fallback_insufficient_egarch_obs,60,ok,60,-1.0,4.086969628998181,-0.1582549010225535,-0.21838877875051804,-1.0,2.5823928761265784,2.7410960983831707,0.0,True,insufficient_egarch_obs
orig GM paper,Full-cost net,176,garch11_residual_fallback_insufficient_egarch_obs,60,ok,60,-1.0,5.986225222806223,-0.2782179216045184,-0.39089030915261175,-1.0,2.750032713817973,3.450184585147196,0.0,True,insufficient_egarch_obs
orig GM paper,Full-cost net,177,garch11_residual_fallback_insufficient_egarch_obs,60,ok,60,-1.0,6.11998188846528,-0.195247256105721,-0.25414614540951075,-1.0,3.33824299402358,3.6084041853455395,0.0,True,insufficient_egarch_obs
orig GM paper,Full-cost net,178,garch11_residual_fallback_insufficient_egarch_obs,60,ok,60,-1.0,8.23244218089748,0.3296561750292547,0.44369189016613925,-1.0,4.463929582344857,5.555801632702277,0.0,True,insufficient_egarch_obs
orig GM paper,Full-cost net,179,garch11_residual_fallback_insufficient_egarch_obs,60,ok,60,-1.0,14.29916683556983,0.8319016229458946,1.4105012535631818,-1.0,5.854665802498028,7.453705661355452,0.0,True,insufficient_egarch_obs
orig GM paper,Full-cost net,180,garch11_residual_fallback_insufficient_egarch_obs,60,ok,60,-1.0,4.552631459429982,-0.4805963696134496,-0.5968875308417851,-1.0,2.8135296947404456,2.9662037196466624,0.0,True,insufficient_egarch_obs
orig GM paper,Full-cost net,181,garch11_residual_fallback_insufficient_egarch_obs,60,ok,60,-1.0,3.639634817470306,-0.8763967031777083,-1.001256277732909,-1.0,2.4860772979800214,2.7704936568858183,0.0,True,insufficient_egarch_obs
orig GM paper,Full-cost net,182,garch11_residual_fallback_insufficient_egarch_obs,60,ok,60,-1.0,8.52659066139942,0.2301127893293172,0.3377547383997644,-1.0,4.52615262058311,5.353348883099696,0.0,True,insufficient_egarch_obs
orig GM paper,Full-cost net,183,garch11_residual_fallback_insufficient_egarch_obs,60,ok,60,-1.0,6.542372475259373,-0.5083179560111732,-0.6120302568032421,-1.0,3.3745819340532828,3.7463351274464336,0.0,True,insufficient_egarch_obs
orig GM paper,Full-cost net,184,garch11_residual_fallback_insufficient_egarch_obs,60,ok,60,-1.0,4.9725116343602895,0.7261445043528945,1.1650252945077086,-1.0,2.935010503575915,3.1389663449585323,0.0,True,insufficient_egarch_obs
orig GM paper,Full-cost net,185,garch11_residual_fallback_insufficient_egarch_obs,60,ok,60,-1.0,4.424584906707719,0.07922644867716991,0.10561465515273769,-1.0,2.580831957579507,3.0776854490190497,0.0,True,insufficient_egarch_obs
orig GM paper,Full-cost net,186,garch11_residual_fallback_insufficient_egarch_obs,60,ok,60,-1.0,7.250629730192686,0.22180081466520146,0.3263638087878176,-1.0,3.26679722004494,4.466744483250166,0.0,True,insufficient_egarch_obs
orig GM paper,Full-cost net,187,garch11_residual_fallback_insufficient_egarch_obs,60,ok,60,-1.0,11.19935115254874,0.039445065095724006,0.05600306898993249,-1.0,5.128162184664802,6.060817553018134,0.0,True,insufficient_egarch_obs
orig GM paper,Full-cost net,188,garch11_residual_fallback_insufficient_egarch_obs,60,ok,60,-1.0,5.035734285155664,-0.20169181061724908,-0.26607019010841304,-1.0,2.9190508081521527,3.346515169100179,0.0,True,insufficient_egarch_obs
orig GM paper,Full-cost net,189,garch11_residual_fallback_insufficient_egarch_obs,60,ok,60,-1.0,5.4875298450936425,0.0850975433468317,0.11678679241224513,-1.0,2.9912668441009256,3.3207930211966663,0.0,True,insufficient_egarch_obs
orig GM paper,Full-cost net,190,garch11_residual_fallback_insufficient_egarch_obs,60,ok,60,-1.0,3.907467764856348,-0.49969086069703517,-0.6806639761226433,-1.0,1.9416136798266375,2.5284164843657244,0.0,True,insufficient_egarch_obs
orig GM paper,Full-cost net,191,garch11_residual_fallback_insufficient_egarch_obs,60,ok,60,-1.0,6.8685131760146865,0.2412240950860286,0.34280623410314953,-1.0,4.068732170281181,4.388670019902075,0.0,True,insufficient_egarch_obs
orig GM paper,Full-cost net,192,garch11_residual_fallback_insufficient_egarch_obs,60,ok,60,-1.0,7.3937591305334855,0.08615794313444534,0.11897695419856119,-1.0,3.9617357158820092,4.625043396571041,0.0,True,insufficient_egarch_obs
orig GM paper,Full-cost net,193,garch11_residual_fallback_insufficient_egarch_obs,60,ok,60,-1.0,14.630859372133669,0.9923229625985286,1.5983724786650515,-1.0,6.803900644421003,8.883129445534763,0.0,True,insufficient_egarch_obs
orig GM paper,Full-cost net,194,garch11_residual_fallback_insufficient_egarch_obs,60,ok,60,-1.0,7.121236814922446,-0.04778456590344306,-0.06437571888861122,-1.0,3.926354016306226,4.210231402877729,0.0,True,insufficient_egarch_obs
orig GM paper,Full-cost net,195,garch11_residual_fallback_insufficient_egarch_obs,60,ok,60,-1.0,3.7905663132393745,-1.159753272712969,-1.2570147131401466,-1.0,2.568651010071056,2.903234895339257,0.0,True,insufficient_egarch_obs
orig GM paper,Full-cost net,196,garch11_residual_fallback_insufficient_egarch_obs,60,ok,60,-1.0,8.132811641845594,0.07134495545994059,0.10229659718146972,-1.0,3.981736809558509,4.234646863413931,0.0,True,insufficient_egarch_obs
orig GM paper,Full-cost net,197,garch11_residual_fallback_insufficient_egarch_obs,60,ok,60,-1.0,12.009084002213987,1.7236432570174716,3.6352714157806094,-1.0,4.356851950323418,5.805076978318506,0.0,True,insufficient_egarch_obs
orig GM paper,Full-cost net,198,garch11_residual_fallback_insufficient_egarch_obs,60,ok,60,-1.0,6.115092024900804,-0.38401218456641195,-0.4780852962128917,-1.0,3.46998599618772,3.6050401356624335,0.0,True,insufficient_egarch_obs
orig GM paper,Full-cost net,199,garch11_residual_fallback_insufficient_egarch_obs,60,ok,60,-1.0,8.522507794258296,-0.16603442756837178,-0.21503597650434253,-1.0,4.197089514739271,4.766037685484523,0.0,True,insufficient_egarch_obs
orig GM paper,Full-cost net,200,garch11_residual_fallback_insufficient_egarch_obs,60,ok,60,-1.0,6.15222184953128,-0.35451249346445607,-0.4379717708022684,-1.0,3.304621298359627,3.7573308135532564,0.0,True,insufficient_egarch_obs
orig GM paper,Full-cost net,201,garch11_residual_fallback_insufficient_egarch_obs,60,ok,60,-1.0,5.096842321403818,0.8912067465981657,1.542471370248658,-1.0,1.4360073774159379,3.1929855321450997,0.0,True,insufficient_egarch_obs
orig GM paper,Full-cost net,202,garch11_residual_fallback_insufficient_egarch_obs,60,ok,60,-1.0,5.683394988552519,-0.31524723491205875,-0.41669741989745607,-1.0,2.8112650981803258,3.2454201360842396,0.0,True,insufficient_egarch_obs
orig GM paper,Full-cost net,203,garch11_residual_fallback_insufficient_egarch_obs,60,ok,60,-1.0,5.588636078945849,-0.5452397115872539,-0.6557571215135513,-1.0,3.5062034413595953,3.7794906977364975,0.0,True,insufficient_egarch_obs
orig GM paper,Full-cost net,204,garch11_residual_fallback_insufficient_egarch_obs,60,ok,60,-1.0,6.8204112605612695,0.1649507063558627,0.23936893045530458,-1.0,3.305262991689511,3.559853037341238,0.0,True,insufficient_egarch_obs
orig GM paper,Full-cost net,205,garch11_residual_fallback_insufficient_egarch_obs,60,ok,60,-1.0,6.303647244184686,1.2124466106343845,2.1114471381868256,-1.0,2.389136823858202,3.859965548661279,0.0,True,insufficient_egarch_obs
orig GM paper,Full-cost net,206,garch11_residual_fallback_insufficient_egarch_obs,60,ok,60,-1.0,6.111756433724145,0.13859671791958883,0.18462973457541024,-1.0,3.278900250422309,4.209862550717077,0.0,True,insufficient_egarch_obs
orig GM paper,Full-cost net,207,garch11_residual_fallback_insufficient_egarch_obs,60,ok,60,-1.0,7.955519460932024,0.2214465793379749,0.31647082417586747,-1.0,4.018252626032528,4.509806183002417,0.0,True,insufficient_egarch_obs
orig GM paper,Full-cost net,208,garch11_residual_fallback_insufficient_egarch_obs,60,ok,60,-1.0,4.0072153100228505,0.11518492682508219,0.16875027599471504,-1.0,2.038932850648729,2.785148817389361,0.0,True,insufficient_egarch_obs
orig GM paper,Full-cost net,209,garch11_residual_fallback_insufficient_egarch_obs,60,ok,60,-1.0,7.740478708211045,0.011415319230982447,0.015502114343780097,-1.0,3.8754307197290823,4.464671107643565,0.0,True,insufficient_egarch_obs
orig GM paper,Full-cost net,210,garch11_residual_fallback_insufficient_egarch_obs,60,ok,60,-1.0,13.71970610647335,0.8265470111741388,1.3340414060430081,-1.0,5.937032788685836,8.244989742785679,0.0,True,insufficient_egarch_obs
orig GM paper,Full-cost net,211,garch11_residual_fallback_insufficient_egarch_obs,60,ok,60,-1.0,6.626517648781425,0.11681744636342335,0.17171947020326367,-1.0,2.951272423404226,4.013966767202951,0.0,True,insufficient_egarch_obs
orig GM paper,Full-cost net,212,garch11_residual_fallback_insufficient_egarch_obs,60,ok,60,-1.0,7.644127638805954,1.019275370055944,1.883810459620831,-1.0,3.5725820968631474,3.913415043876524,0.0,True,insufficient_egarch_obs
orig GM paper,Full-cost net,213,garch11_residual_fallback_insufficient_egarch_obs,60,ok,60,-1.0,6.364999283537296,-0.2926142178072014,-0.3944300805305672,-1.0,3.0993374058116143,3.8944275991476,0.0,True,insufficient_egarch_obs
orig GM paper,Full-cost net,214,garch11_residual_fallback_insufficient_egarch_obs,60,ok,60,-1.0,8.02597618763981,-0.138864170182191,-0.18359434779060668,-1.0,4.2380917360545665,4.813907616087128,0.0,True,insufficient_egarch_obs
orig GM paper,Full-cost net,215,garch11_residual_fallback_insufficient_egarch_obs,60,ok,60,-1.0,3.8985090993799254,-0.052851797774814635,-0.07936914104165507,-1.0,1.790724738386493,2.5542197597987086,0.0,True,insufficient_egarch_obs
orig GM paper,Full-cost net,216,garch11_residual_fallback_insufficient_egarch_obs,60,ok,60,-1.0,7.162450748315045,0.505678940522471,0.7580451811869173,-1.0,3.790720150573788,4.072624815360607,0.0,True,insufficient_egarch_obs
orig GM paper,Full-cost net,217,garch11_residual_fallback_insufficient_egarch_obs,60,ok,60,-1.0,5.777878861267711,-0.6029028270654833,-0.744802347089761,-1.0,3.207910723276356,3.605083290463044,0.0,True,insufficient_egarch_obs
orig GM paper,Full-cost net,218,garch11_residual_fallback_insufficient_egarch_obs,60,ok,60,-1.0,5.332460387871683,0.9652366640943252,1.8669876906527678,-1.0,1.1158051089443848,3.199873494273339,0.0,True,insufficient_egarch_obs
orig GM paper,Full-cost net,219,garch11_residual_fallback_insufficient_egarch_obs,60,ok,60,-1.0,5.184146987016612,-0.5287523589046873,-0.6632925481741123,-1.0,3.2875393255432757,3.325371999631839,0.0,True,insufficient_egarch_obs
orig GM paper,Full-cost net,220,garch11_residual_fallback_insufficient_egarch_obs,60,ok,60,-1.0,4.769426431406841,-1.0519748863910243,-1.1867484268186559,-1.0,2.9073446714999194,3.1332713652074364,0.0,True,insufficient_egarch_obs
orig GM paper,Full-cost net,221,garch11_residual_fallback_insufficient_egarch_obs,60,ok,60,-1.0,5.980967112845358,-0.08340514414027585,-0.11052753351879996,-1.0,3.3645029001936337,4.049303649262644,0.0,True,insufficient_egarch_obs
orig GM paper,Full-cost net,222,garch11_residual_fallback_insufficient_egarch_obs,60,ok,60,-1.0,7.612702796240095,0.0699606902333363,0.09535822964497521,-1.0,3.962054536219297,4.3724259253931,0.0,True,insufficient_egarch_obs
orig GM paper,Full-cost net,223,garch11_residual_fallback_insufficient_egarch_obs,60,ok,60,-1.0,3.8272142801221753,-0.3570546085978162,-0.4830922065074276,-1.0,1.9903549262597382,2.6508565677550835,0.0,True,insufficient_egarch_obs
orig GM paper,Full-cost net,224,garch11_residual_fallback_insufficient_egarch_obs,60,ok,60,-1.0,4.340045584985642,-0.011691871549037027,-0.01554490392045414,-1.0,2.715461929263963,2.9562956659831983,0.0,True,insufficient_egarch_obs
orig GM paper,Full-cost net,225,garch11_residual_fallback_insufficient_egarch_obs,60,ok,60,-1.0,8.003783331774585,0.17951510719281383,0.2732216095269703,-1.0,3.30806077852537,4.694804224089435,0.0,True,insufficient_egarch_obs
orig GM paper,Full-cost net,226,garch11_residual_fallback_insufficient_egarch_obs,60,ok,60,-1.0,8.625285674486758,-0.007066911339657876,-0.009544114926433745,-1.0,4.252627092695839,4.619458789983789,0.0,True,insufficient_egarch_obs
orig GM paper,Full-cost net,227,garch11_residual_fallback_insufficient_egarch_obs,60,ok,60,-1.0,6.56093321241756,0.3836054338104553,0.5783800635012957,-1.0,3.331127918904571,3.8693845617262634,0.0,True,insufficient_egarch_obs
orig GM paper,Full-cost net,228,garch11_residual_fallback_insufficient_egarch_obs,60,ok,60,-1.0,5.504549208624747,0.09286008834600837,0.1309519732234993,-1.0,2.82555791171927,3.407131344820254,0.0,True,insufficient_egarch_obs
orig GM paper,Full-cost net,229,garch11_residual_fallback_insufficient_egarch_obs,60,ok,60,-1.0,6.481853939992808,-0.09064300563780558,-0.11700043683150736,-1.0,3.4698579500585818,4.107856643361298,0.0,True,insufficient_egarch_obs
orig GM paper,Full-cost net,230,garch11_residual_fallback_insufficient_egarch_obs,60,ok,60,-1.0,4.2992976866849055,-0.3082243042695962,-0.36648135591691694,-1.0,2.8234781019510904,2.880474980696352,0.0,True,insufficient_egarch_obs
orig GM paper,Full-cost net,231,garch11_residual_fallback_insufficient_egarch_obs,60,ok,60,-1.0,4.23352968658033,0.055485788210248146,0.0816837037501541,-1.0,1.9341853225334071,3.0001390015212563,0.0,True,insufficient_egarch_obs
orig GM paper,Full-cost net,232,garch11_residual_fallback_insufficient_egarch_obs,60,ok,60,-1.0,18.92291347649888,1.1182595581579275,1.9312354783912542,-1.0,9.245988619953657,9.942794849509136,0.0,True,insufficient_egarch_obs
orig GM paper,Full-cost net,233,garch11_residual_fallback_insufficient_egarch_obs,60,ok,60,-1.0,5.218821109189352,-0.03936716310426114,-0.05846394459947928,-1.0,2.62341375279305,2.8334821249800832,0.0,True,insufficient_egarch_obs
orig GM paper,Full-cost net,234,garch11_residual_fallback_insufficient_egarch_obs,60,ok,60,-1.0,6.231156567670318,0.10776953118272975,0.15388986120659692,-1.0,2.962808261314089,3.6634489842880718,0.0,True,insufficient_egarch_obs
orig GM paper,Full-cost net,235,garch11_residual_fallback_insufficient_egarch_obs,60,ok,60,-1.0,4.7713734925696185,-0.7768859324025085,-0.9165240253367783,-1.0,3.0801714081016716,3.40893921533354,0.0,True,insufficient_egarch_obs
orig GM paper,Full-cost net,236,garch11_residual_fallback_insufficient_egarch_obs,60,ok,60,-1.0,5.45432898182458,-0.1605957601602749,-0.20205486269250264,-1.0,3.1861826810073004,3.399288056548032,0.0,True,insufficient_egarch_obs
orig GM paper,Full-cost net,237,garch11_residual_fallback_insufficient_egarch_obs,60,ok,60,-1.0,5.6978316317038695,0.016381907121017385,0.02207030163811735,-1.0,3.080860429253384,3.1650846993281,0.0,True,insufficient_egarch_obs
orig GM paper,Full-cost net,238,garch11_residual_fallback_insufficient_egarch_obs,60,ok,60,-1.0,6.404164829272607,0.26016238877205383,0.3858214579525424,-1.0,3.005550738110484,3.7643356028901866,0.0,True,insufficient_egarch_obs
orig GM paper,Full-cost net,239,garch11_residual_fallback_insufficient_egarch_obs,60,ok,60,-1.0,6.818866189815269,-0.4838008879113475,-0.5910704356193921,-1.0,3.7014309136021115,4.159112890679236,0.0,True,insufficient_egarch_obs
orig GM paper,Full-cost net,240,garch11_residual_fallback_insufficient_egarch_obs,60,ok,60,-1.0,4.901978354704394,0.27466931493961844,0.4081938043928577,-1.0,2.741650333907011,3.330922516810176,0.0,True,insufficient_egarch_obs
orig GM paper,Full-cost net,241,garch11_residual_fallback_insufficient_egarch_obs,60,ok,60,-1.0,4.84293272075598,-1.1438428344933858,-1.2131968049944482,-1.0,3.0359310416971836,3.4059781614721785,0.0,True,insufficient_egarch_obs
orig GM paper,Full-cost net,242,garch11_residual_fallback_insufficient_egarch_obs,60,ok,60,-1.0,9.916543737134829,1.4302212193771109,3.264158660233691,-1.0,3.242940837720557,4.574081021002406,0.0,True,insufficient_egarch_obs
orig GM paper,Full-cost net,243,garch11_residual_fallback_insufficient_egarch_obs,60,ok,60,-1.0,6.346391437915467,0.3496342783046294,0.5295887265606322,-1.0,3.1528050326719224,3.781332707835483,0.0,True,insufficient_egarch_obs
orig GM paper,Full-cost net,244,garch11_residual_fallback_insufficient_egarch_obs,60,ok,60,-1.0,7.585070570305821,0.3665707210845625,0.5929867913759909,-1.0,3.426487476235491,4.179266956602821,0.0,True,insufficient_egarch_obs
orig GM paper,Full-cost net,245,garch11_residual_fallback_insufficient_egarch_obs,60,ok,60,-1.0,4.911170383152396,0.035197673833310864,0.04603282418543426,-1.0,2.976593328633137,3.126210917339353,0.0,True,insufficient_egarch_obs
orig GM paper,Full-cost net,246,garch11_residual_fallback_insufficient_egarch_obs,60,ok,60,-1.0,6.165501493638794,-0.7700539679612438,-0.9006886494527977,-1.0,3.365787609447682,4.139577761261051,0.0,True,insufficient_egarch_obs
orig GM paper,Full-cost net,247,garch11_residual_fallback_insufficient_egarch_obs,60,ok,60,-1.0,8.753821924664841,0.3428945765298244,0.48266579485602096,-1.0,4.7816180916485935,5.078673424859161,0.0,True,insufficient_egarch_obs
orig GM paper,Full-cost net,248,garch11_residual_fallback_insufficient_egarch_obs,60,ok,60,-1.0,7.0054483876771,0.03799997316617572,0.05093777332951026,-1.0,3.808350622479355,4.351862670357382,0.0,True,insufficient_egarch_obs
orig GM paper,Full-cost net,249,garch11_residual_fallback_insufficient_egarch_obs,60,ok,60,-1.0,13.161347956287095,0.7898711496896379,1.202659563183348,-1.0,6.4187064712141435,8.585717987396825,0.0,True,insufficient_egarch_obs
orig GM paper,Full-cost net,250,garch11_residual_fallback_insufficient_egarch_obs,60,ok,60,-1.0,10.841836283828147,0.776777171445276,1.272895814023633,-1.0,4.269945544459503,5.590017455937821,0.0,True,insufficient_egarch_obs
orig GM paper,Full-cost net,251,garch11_residual_fallback_insufficient_egarch_obs,60,ok,60,-1.0,8.080512328219037,-0.07922846782352663,-0.10952755852902119,-1.0,3.937887806553767,4.307835502665546,0.0,True,insufficient_egarch_obs
orig GM paper,Full-cost net,252,garch11_residual_fallback_insufficient_egarch_obs,60,ok,60,-1.0,6.527068091546643,0.24894620368496936,0.3316664251113004,-1.0,3.380029241743455,4.1730221905301805,0.0,True,insufficient_egarch_obs
orig GM paper,Full-cost net,253,garch11_residual_fallback_insufficient_egarch_obs,60,ok,60,-1.0,6.499491309536925,-0.4663216157331201,-0.592235200961944,-1.0,3.2135191382768356,3.634831529542813,0.0,True,insufficient_egarch_obs
orig GM paper,Full-cost net,254,garch11_residual_fallback_insufficient_egarch_obs,60,ok,60,-1.0,7.417387360638716,-0.18420599092466594,-0.243019360252517,-1.0,3.6874933324992574,4.110548794532679,0.0,True,insufficient_egarch_obs
orig GM paper,Full-cost net,255,garch11_residual_fallback_insufficient_egarch_obs,60,ok,60,-1.0,3.8706595719592425,-0.5919375127599887,-0.7166173095748384,-1.0,2.449371686599902,2.832772697478131,0.0,True,insufficient_egarch_obs
orig GM paper,Full-cost net,256,garch11_residual_fallback_insufficient_egarch_obs,60,ok,60,-1.0,7.296623654368624,0.8634961707925201,1.4607766507561941,-1.0,3.6137268617391456,4.111260130291825,0.0,True,insufficient_egarch_obs
orig GM paper,Full-cost net,257,garch11_residual_fallback_insufficient_egarch_obs,60,ok,60,-1.0,5.754357697485738,0.5395684158917432,0.8208648718984292,-1.0,3.121612865277532,3.7300329481804813,0.0,True,insufficient_egarch_obs
orig GM paper,Full-cost net,258,garch11_residual_fallback_insufficient_egarch_obs,60,ok,60,-1.0,9.420594703001,0.6949951835581426,1.1631093582730063,-1.0,3.770503990676136,4.826377615577617,0.0,True,insufficient_egarch_obs
orig GM paper,Full-cost net,259,garch11_residual_fallback_insufficient_egarch_obs,60,ok,60,-1.0,7.790915194249164,0.2929301093282833,0.4330307219362496,-1.0,3.706990459584765,4.399060415890808,0.0,True,insufficient_egarch_obs
orig GM paper,Full-cost net,260,garch11_residual_fallback_insufficient_egarch_obs,60,ok,60,-1.0,7.353763600377574,0.642628354787723,1.0145767957395317,-1.0,3.430598768736718,3.8912434094988733,0.0,True,insufficient_egarch_obs
orig GM paper,Full-cost net,261,garch11_residual_fallback_insufficient_egarch_obs,60,ok,60,-1.0,7.461372695106254,0.08628695939297268,0.11540745838725433,-1.0,3.6724932773464416,4.908922468791899,0.0,True,insufficient_egarch_obs
orig GM paper,Full-cost net,262,garch11_residual_fallback_insufficient_egarch_obs,60,ok,60,-1.0,4.259081016471335,-0.4592598744929438,-0.5646289955701367,-1.0,2.678849749231195,3.0881761118489877,0.0,True,insufficient_egarch_obs
orig GM paper,Full-cost net,263,garch11_residual_fallback_insufficient_egarch_obs,60,ok,60,-1.0,4.8627925780981,0.32063161874809704,0.4816837377401455,-1.0,2.577473348051047,2.938055217513268,0.0,True,insufficient_egarch_obs
orig GM paper,Full-cost net,264,garch11_residual_fallback_insufficient_egarch_obs,60,ok,60,-1.0,4.981799107250056,-0.3392017405844941,-0.4263485735459072,-1.0,2.8103816960445958,3.217106815781938,0.0,True,insufficient_egarch_obs
orig GM paper,Full-cost net,265,garch11_residual_fallback_insufficient_egarch_obs,60,ok,60,-1.0,5.085800684763367,-0.2719159976338037,-0.33479393326189166,-1.0,3.266767604710938,3.877890921045862,0.0,True,insufficient_egarch_obs
orig GM paper,Full-cost net,266,garch11_residual_fallback_insufficient_egarch_obs,60,ok,60,-1.0,9.043984299289754,0.06886702874958578,0.09044916522533632,-1.0,5.18748564871917,5.943820284734168,0.0,True,insufficient_egarch_obs
orig GM paper,Full-cost net,267,garch11_residual_fallback_insufficient_egarch_obs,60,ok,60,-1.0,10.445143802122587,0.4863807247189201,0.6837239678611261,-1.0,5.0520887806842,6.5414967939296496,0.0,True,insufficient_egarch_obs
orig GM paper,Full-cost net,268,garch11_residual_fallback_insufficient_egarch_obs,60,ok,60,-1.0,4.4490014897115975,-0.050869421671563,-0.06992882924889383,-1.0,2.6046003650768337,2.7789856004884173,0.0,True,insufficient_egarch_obs
orig GM paper,Full-cost net,269,garch11_residual_fallback_insufficient_egarch_obs,60,ok,60,-1.0,6.158489214196411,-0.3006130476847265,-0.38739580839251875,-1.0,3.388560662493662,3.9929616768664205,0.0,True,insufficient_egarch_obs
orig GM paper,Full-cost net,270,garch11_residual_fallback_insufficient_egarch_obs,60,ok,60,-1.0,7.177180121545471,0.41721013387784567,0.6442140639463263,-1.0,3.8163437766530404,4.056164967480938,0.0,True,insufficient_egarch_obs
orig GM paper,Full-cost net,271,garch11_residual_fallback_insufficient_egarch_obs,60,ok,60,-1.0,5.4781060586570955,-0.18732695031735555,-0.24565261652728906,-1.0,2.9517862847778304,3.1944423416561043,0.0,True,insufficient_egarch_obs
orig GM paper,Full-cost net,272,garch11_residual_fallback_insufficient_egarch_obs,60,ok,60,-1.0,9.391616490112273,-0.15594261031771936,-0.22169212817820078,-1.0,4.10276232247449,4.831487192284556,0.0,True,insufficient_egarch_obs
orig GM paper,Full-cost net,273,garch11_residual_fallback_insufficient_egarch_obs,60,ok,60,-1.0,5.270891624440422,-1.6158990095552541,-1.583696245615677,-1.0,3.285554490831569,3.7283567590546944,0.0,True,insufficient_egarch_obs
orig GM paper,Full-cost net,274,garch11_residual_fallback_insufficient_egarch_obs,60,ok,60,-1.0,3.9437041963154984,-0.2983241760053772,-0.3962246389421345,-1.0,2.2987559369915123,2.7728298493569405,0.0,True,insufficient_egarch_obs
orig GM paper,Full-cost net,275,garch11_residual_fallback_insufficient_egarch_obs,60,ok,60,-1.0,9.53678550782688,-0.08376570658798001,-0.11900043388689527,-1.0,4.572358061002521,4.828738083945428,0.0,True,insufficient_egarch_obs
orig GM paper,Full-cost net,276,garch11_residual_fallback_insufficient_egarch_obs,60,ok,60,-1.0,6.92908073342805,0.4010266445402571,0.5991205484081843,-1.0,3.766301102570861,4.356713062164519,0.0,True,insufficient_egarch_obs
orig GM paper,Full-cost net,277,garch11_residual_fallback_insufficient_egarch_obs,60,ok,60,-1.0,9.345872110071257,-0.2974332956911213,-0.3708085002164293,-1.0,5.2397421191631075,5.99393491882271,0.0,True,insufficient_egarch_obs
orig GM paper,Full-cost net,278,garch11_residual_fallback_insufficient_egarch_obs,60,ok,60,-1.0,5.5819696825266325,0.14517729613196806,0.2263572314314607,-1.0,2.6124422232107753,3.28104330648655,0.0,True,insufficient_egarch_obs
orig GM paper,Full-cost net,279,garch11_residual_fallback_insufficient_egarch_obs,60,ok,60,-1.0,4.992033491746183,0.029463116196233072,0.039108987094238365,-1.0,2.9018360331274855,3.7492546502735777,0.0,True,insufficient_egarch_obs
orig GM paper,Full-cost net,280,garch11_residual_fallback_insufficient_egarch_obs,60,ok,60,-1.0,7.711900656137971,0.17299965951654264,0.24819480413364556,-1.0,3.9191501589115987,4.433444356820451,0.0,True,insufficient_egarch_obs
orig GM paper,Full-cost net,281,garch11_residual_fallback_insufficient_egarch_obs,60,ok,60,-1.0,6.171997555479629,0.13000001597268146,0.1888761060896237,-1.0,3.3900431258444796,3.9073383694938477,0.0,True,insufficient_egarch_obs
orig GM paper,Full-cost net,282,garch11_residual_fallback_insufficient_egarch_obs,60,ok,60,-1.0,6.188033393975645,-0.5957580294478506,-0.730478266619404,-1.0,3.1904743718215753,3.714657073361072,0.0,True,insufficient_egarch_obs
orig GM paper,Full-cost net,283,garch11_residual_fallback_insufficient_egarch_obs,60,ok,60,-1.0,4.688069059189003,-0.6231399258682704,-0.7506561296811493,-1.0,2.908030646194704,3.0432949186478226,0.0,True,insufficient_egarch_obs
orig GM paper,Full-cost net,284,garch11_residual_fallback_insufficient_egarch_obs,60,ok,60,-1.0,4.331037033201388,-1.6016546137273524,-1.556332830617054,-1.0,2.9297640376885528,3.184277818925428,0.0,True,insufficient_egarch_obs
orig GM paper,Full-cost net,285,garch11_residual_fallback_insufficient_egarch_obs,60,ok,60,-1.0,7.116643253110326,0.648700903418488,1.0582509198776433,-1.0,3.5855673349610977,4.212700684360927,0.0,True,insufficient_egarch_obs
orig GM paper,Full-cost net,286,garch11_residual_fallback_insufficient_egarch_obs,60,ok,60,-1.0,4.139808905838675,-1.2056873358851614,-1.31861976988046,-1.0,2.6875564313128137,2.8142816473270713,0.0,True,insufficient_egarch_obs
orig GM paper,Full-cost net,287,garch11_residual_fallback_insufficient_egarch_obs,60,ok,60,-1.0,6.112187876076298,-0.42822378781531656,-0.5475419189458597,-1.0,3.5707794295712034,3.9957721654815885,0.0,True,insufficient_egarch_obs
orig GM paper,Full-cost net,288,garch11_residual_fallback_insufficient_egarch_obs,60,ok,60,-1.0,7.146764103595684,0.2638154286012815,0.38021421722030835,-1.0,3.937204213630546,4.470281556155812,0.0,True,insufficient_egarch_obs
orig GM paper,Full-cost net,289,garch11_residual_fallback_insufficient_egarch_obs,60,ok,60,-1.0,5.487864025519686,1.3124171132303277,2.5033978955838303,-1.0,2.683900585623245,2.8932299851343095,0.0,True,insufficient_egarch_obs
orig GM paper,Full-cost net,290,garch11_residual_fallback_insufficient_egarch_obs,60,ok,60,-1.0,8.505072165340101,-0.3305550227592594,-0.4091083698764175,-1.0,4.30563971297003,6.002935010478673,0.0,True,insufficient_egarch_obs
orig GM paper,Full-cost net,291,garch11_residual_fallback_insufficient_egarch_obs,60,ok,60,-1.0,7.348911977404324,0.28207880111052,0.40803753216048244,-1.0,3.917094135365884,4.268414278732106,0.0,True,insufficient_egarch_obs
orig GM paper,Full-cost net,292,garch11_residual_fallback_insufficient_egarch_obs,60,ok,60,-1.0,6.296184476728047,0.586411904811392,0.9373854490846398,-1.0,2.8523214290601975,4.050729494984585,0.0,True,insufficient_egarch_obs
orig GM paper,Full-cost net,293,garch11_residual_fallback_insufficient_egarch_obs,60,ok,60,-1.0,6.091239525517313,0.7113357004402214,1.1098440927171345,-1.0,3.1026417182824804,3.584038367058,0.0,True,insufficient_egarch_obs
orig GM paper,Full-cost net,294,garch11_residual_fallback_insufficient_egarch_obs,60,ok,60,-1.0,5.782045403698281,0.17227600581860966,0.24127374884922365,-1.0,3.4142154994896576,3.734895408192217,0.0,True,insufficient_egarch_obs
orig GM paper,Full-cost net,295,garch11_residual_fallback_insufficient_egarch_obs,60,ok,60,-1.0,9.793420102446174,0.1994574019019925,0.28532448274095507,-1.0,4.987347574560922,6.186127864687319,0.0,True,insufficient_egarch_obs
orig GM paper,Full-cost net,296,garch11_residual_fallback_insufficient_egarch_obs,60,ok,60,-1.0,5.237356564265375,0.1200037142880539,0.16707919712639216,-1.0,3.1079632236306525,3.454782662080584,0.0,True,insufficient_egarch_obs
orig GM paper,Full-cost net,297,garch11_residual_fallback_insufficient_egarch_obs,60,ok,60,-1.0,5.5699074300006375,-0.03160914469998112,-0.0413810146622181,-1.0,2.8184771776670736,3.7193289126759184,0.0,True,insufficient_egarch_obs
orig GM paper,Full-cost net,298,garch11_residual_fallback_insufficient_egarch_obs,60,ok,60,-1.0,5.428133412220951,0.15023064640470798,0.20751319118294514,-1.0,3.3200461035101863,3.944798115137015,0.0,True,insufficient_egarch_obs
orig GM paper,Full-cost net,299,garch11_residual_fallback_insufficient_egarch_obs,60,ok,60,-1.0,7.526239992408577,0.05574879899494103,0.07695706743630212,-1.0,4.175482836581879,4.513803905735194,0.0,True,insufficient_egarch_obs
orig GM paper,Full-cost net,300,garch11_residual_fallback_insufficient_egarch_obs,60,ok,60,-1.0,8.604517235565021,0.7168427046603466,1.2281168584746993,-1.0,3.568919867487126,4.624624603999767,0.0,True,insufficient_egarch_obs
orig GM paper,Full-cost net,301,garch11_residual_fallback_insufficient_egarch_obs,60,ok,60,-1.0,5.8571762032065475,0.3887183230322272,0.5924655251060319,-1.0,3.0813166076676772,3.374818227041637,0.0,True,insufficient_egarch_obs
orig GM paper,Full-cost net,302,garch11_residual_fallback_insufficient_egarch_obs,60,ok,60,-1.0,6.683380267446274,-0.10734585098507791,-0.14173239454060943,-1.0,3.9620190375481377,4.233592844045156,0.0,True,insufficient_egarch_obs
orig GM paper,Full-cost net,303,garch11_residual_fallback_insufficient_egarch_obs,60,ok,60,-1.0,5.64118218897182,-0.8846611559129165,-0.9688704896936191,-1.0,3.21773112266821,3.743908591321803,0.0,True,insufficient_egarch_obs
orig GM paper,Full-cost net,304,garch11_residual_fallback_insufficient_egarch_obs,60,ok,60,-1.0,8.321916263885196,0.3380784432445341,0.4967945048456317,-1.0,4.296287918383469,4.884043368312863,0.0,True,insufficient_egarch_obs
orig GM paper,Full-cost net,305,garch11_residual_fallback_insufficient_egarch_obs,60,ok,60,-1.0,6.941965961845807,-0.1658109923397364,-0.22289697314038198,-1.0,3.459998554590299,3.839873323991218,0.0,True,insufficient_egarch_obs
orig GM paper,Full-cost net,306,garch11_residual_fallback_insufficient_egarch_obs,60,ok,60,-1.0,6.055471020260701,0.16024560357305145,0.23419114273587555,-1.0,3.0161214343982343,3.6995053749342204,0.0,True,insufficient_egarch_obs
orig GM paper,Full-cost net,307,garch11_residual_fallback_insufficient_egarch_obs,60,ok,60,-1.0,4.571761436073323,0.5604405509999472,0.8963328712758162,-1.0,2.619994494158615,2.6775592492345477,0.0,True,insufficient_egarch_obs
orig GM paper,Full-cost net,308,garch11_residual_fallback_insufficient_egarch_obs,60,ok,60,-1.0,8.545300638400688,-0.9956720913321705,-1.1407674935770693,-1.0,4.537007640248129,5.0794776996672715,0.0,True,insufficient_egarch_obs
orig GM paper,Full-cost net,309,garch11_residual_fallback_insufficient_egarch_obs,60,ok,60,-1.0,6.402569711559824,0.7961545693842168,1.2075979088731288,-1.0,3.410223786788166,4.0794130787809495,0.0,True,insufficient_egarch_obs
orig GM paper,Full-cost net,310,garch11_residual_fallback_insufficient_egarch_obs,60,ok,60,-1.0,5.826787071892813,-0.2666684717369977,-0.3361967622979566,-1.0,3.2741447457518955,3.6447608889758984,0.0,True,insufficient_egarch_obs
orig GM paper,Full-cost net,311,garch11_residual_fallback_insufficient_egarch_obs,60,ok,60,-1.0,14.841810475573348,1.1440432382319152,1.9929674438493834,-1.0,6.613758992642188,8.29025226807075,0.0,True,insufficient_egarch_obs
orig GM paper,Full-cost net,312,garch11_residual_fallback_insufficient_egarch_obs,60,ok,60,-1.0,6.029390564418272,-1.0124566860176654,-1.1283040898760939,-1.0,3.6659618801703537,3.8832937367498013,0.0,True,insufficient_egarch_obs
orig GM paper,Full-cost net,313,garch11_residual_fallback_insufficient_egarch_obs,60,ok,60,-1.0,6.542490315645631,0.08376690424303383,0.11685646166534511,-1.0,3.2672660952734263,3.5855209513539386,0.0,True,insufficient_egarch_obs
orig GM paper,Full-cost net,314,garch11_residual_fallback_insufficient_egarch_obs,60,ok,60,-1.0,5.377821426922315,-0.069986100032231,-0.09373900243139051,-1.0,2.9740367563510133,3.107658302308023,0.0,True,insufficient_egarch_obs
orig GM paper,Full-cost net,315,garch11_residual_fallback_insufficient_egarch_obs,60,ok,60,-1.0,7.778760933191692,0.051580492616732275,0.07112248298192424,-1.0,3.6930320745426575,4.453808701397063,0.0,True,insufficient_egarch_obs
orig GM paper,Full-cost net,316,garch11_residual_fallback_insufficient_egarch_obs,60,ok,60,-1.0,7.009653406810291,0.5072628927296162,0.7345900763123,-1.0,3.7925894152225825,4.820445286708608,0.0,True,insufficient_egarch_obs
orig GM paper,Full-cost net,317,garch11_residual_fallback_insufficient_egarch_obs,60,ok,60,-1.0,6.4378684941624105,-0.013463745123983607,-0.01799928305251664,-1.0,3.2391542250151812,4.4524907740663435,0.0,True,insufficient_egarch_obs
orig GM paper,Full-cost net,318,garch11_residual_fallback_insufficient_egarch_obs,60,ok,60,-1.0,6.303784678473021,-0.4199821934939181,-0.5257544439331996,-1.0,3.7296217949438764,3.8498985195379483,0.0,True,insufficient_egarch_obs
orig GM paper,Full-cost net,319,garch11_residual_fallback_insufficient_egarch_obs,60,ok,60,-1.0,8.787208698042283,0.08920438487599344,0.1281118901828692,-1.0,4.367710690854179,5.540264162297244,0.0,True,insufficient_egarch_obs
orig GM paper,Full-cost net,320,garch11_residual_fallback_insufficient_egarch_obs,60,ok,60,-1.0,17.06458449547183,0.7218834611075426,1.0693545716807162,-1.0,9.312382351047315,11.070954369927454,0.0,True,insufficient_egarch_obs
orig GM paper,Full-cost net,321,garch11_residual_fallback_insufficient_egarch_obs,60,ok,60,-1.0,6.119369325086181,0.7806323832486589,1.283617986733244,-1.0,3.126129490705608,3.3697144904589185,0.0,True,insufficient_egarch_obs
orig GM paper,Full-cost net,322,garch11_residual_fallback_insufficient_egarch_obs,60,ok,60,-1.0,5.238273530741495,-0.2592369131159273,-0.3296230341337446,-1.0,2.9391350020528355,3.097744025076304,0.0,True,insufficient_egarch_obs
orig GM paper,Full-cost net,323,garch11_residual_fallback_insufficient_egarch_obs,60,ok,60,-1.0,4.383718615773128,-0.16035374737799835,-0.20474138571803457,-1.0,2.815115902198693,2.983209646148333,0.0,True,insufficient_egarch_obs
orig GM paper,Full-cost net,324,garch11_residual_fallback_insufficient_egarch_obs,60,ok,60,-1.0,5.546096173698915,0.35225589698818954,0.5313235328014669,-1.0,2.6608946322783917,3.3308438534475364,0.0,True,insufficient_egarch_obs
orig GM paper,Full-cost net,325,garch11_residual_fallback_insufficient_egarch_obs,60,ok,60,-1.0,4.896685409606399,-0.7887494925708389,-0.9412560567942679,-1.0,2.880026644223201,3.215349990978696,0.0,True,insufficient_egarch_obs
orig GM paper,Full-cost net,326,garch11_residual_fallback_insufficient_egarch_obs,60,ok,60,-1.0,4.722265161576154,-0.04695238375559884,-0.06266974404309444,-1.0,2.611807088618919,2.969755748586087,0.0,True,insufficient_egarch_obs
orig GM paper,Full-cost net,327,garch11_residual_fallback_insufficient_egarch_obs,60,ok,60,-1.0,6.209479267645625,0.060855803579377844,0.08909811887309159,-1.0,3.150387700335324,3.281395031893942,0.0,True,insufficient_egarch_obs
orig GM paper,Full-cost net,328,garch11_residual_fallback_insufficient_egarch_obs,60,ok,60,-1.0,6.721569231139521,0.4919428060448463,0.7700779581804988,-1.0,3.4324558975630275,3.750966753722837,0.0,True,insufficient_egarch_obs
orig GM paper,Full-cost net,329,garch11_residual_fallback_insufficient_egarch_obs,60,ok,60,-1.0,6.136200385186656,0.5530285080717626,0.8913442220066294,-1.0,3.057104209821968,3.4184507703208458,0.0,True,insufficient_egarch_obs
orig GM paper,Full-cost net,330,garch11_residual_fallback_insufficient_egarch_obs,60,ok,60,-1.0,6.065781368435717,0.9057316711408895,1.5518948665751908,-1.0,2.7836979394750543,3.3430682653541637,0.0,True,insufficient_egarch_obs
orig GM paper,Full-cost net,331,garch11_residual_fallback_insufficient_egarch_obs,60,ok,60,-1.0,6.154904754904165,0.3648949986713095,0.5565730450770768,-1.0,3.184443176435053,3.9026353688639723,0.0,True,insufficient_egarch_obs
orig GM paper,Full-cost net,332,garch11_residual_fallback_insufficient_egarch_obs,60,ok,60,-1.0,4.322161343204985,-0.19522270028887637,-0.2577543803425245,-1.0,2.5203410694683193,2.784405158411967,0.0,True,insufficient_egarch_obs
orig GM paper,Full-cost net,333,garch11_residual_fallback_insufficient_egarch_obs,60,ok,60,-1.0,3.5295385077611803,-0.7595555673404082,-0.8340985586464897,-1.0,2.5457964270007296,2.6518424162117356,0.0,True,insufficient_egarch_obs
orig GM paper,Full-cost net,334,garch11_residual_fallback_insufficient_egarch_obs,60,ok,60,-1.0,6.162346214769812,0.4093968981596544,0.6538230979533292,-1.0,3.0085396956744015,3.5480376426574427,0.0,True,insufficient_egarch_obs
orig GM paper,Full-cost net,335,garch11_residual_fallback_insufficient_egarch_obs,60,ok,60,-1.0,9.733485218384677,-0.2624523760863126,-0.34201416181106853,-1.0,4.834442079926833,5.608934632949794,0.0,True,insufficient_egarch_obs
orig GM paper,Full-cost net,336,garch11_residual_fallback_insufficient_egarch_obs,60,ok,60,-1.0,7.250570176243601,0.5469541429808595,0.8291785359077285,-1.0,3.6774727658952884,4.206162013976428,0.0,True,insufficient_egarch_obs
orig GM paper,Full-cost net,337,garch11_residual_fallback_insufficient_egarch_obs,60,ok,60,-1.0,6.451810022248202,0.03482168167093538,0.04890673443418024,-1.0,3.40392168010696,3.7222710166667414,0.0,True,insufficient_egarch_obs
orig GM paper,Full-cost net,338,garch11_residual_fallback_insufficient_egarch_obs,60,ok,60,-1.0,7.441216845225523,0.07326238743732126,0.09938727158503528,-1.0,3.8676385859617928,4.768342194086072,0.0,True,insufficient_egarch_obs
orig GM paper,Full-cost net,339,garch11_residual_fallback_insufficient_egarch_obs,60,ok,60,-1.0,6.040327254974,0.6642059749847289,1.0289480629301588,-1.0,3.100999429191353,3.6770356602634617,0.0,True,insufficient_egarch_obs
orig GM paper,Full-cost net,340,garch11_residual_fallback_insufficient_egarch_obs,60,ok,60,-1.0,3.9928205571141615,-1.2890896747049085,-1.3589302464960034,-1.0,2.5402219125169987,2.888902724300394,0.0,True,insufficient_egarch_obs
orig GM paper,Full-cost net,341,garch11_residual_fallback_insufficient_egarch_obs,60,ok,60,-1.0,6.265916164856756,-0.26446186657531306,-0.3524452896455832,-1.0,3.4853303658939745,3.7306536717443683,0.0,True,insufficient_egarch_obs
orig GM paper,Full-cost net,342,garch11_residual_fallback_insufficient_egarch_obs,60,ok,60,-1.0,6.574617628514851,1.232179143592379,2.1608255661259865,-1.0,3.4983509994404858,3.944975763056064,0.0,True,insufficient_egarch_obs
orig GM paper,Full-cost net,343,garch11_residual_fallback_insufficient_egarch_obs,60,ok,60,-1.0,8.740514185502526,0.2735408077099983,0.3810413932104312,-1.0,4.499004205111561,5.596211092103403,0.0,True,insufficient_egarch_obs
orig GM paper,Full-cost net,344,garch11_residual_fallback_insufficient_egarch_obs,60,ok,60,-1.0,6.594361957921537,0.2612238551083409,0.36093518893458854,-1.0,3.5777616730837845,4.374233320579499,0.0,True,insufficient_egarch_obs
orig GM paper,Full-cost net,345,garch11_residual_fallback_insufficient_egarch_obs,60,ok,60,-1.0,12.27127693378465,0.20754457958685635,0.29463800944657464,-1.0,6.137654986495588,7.015912683357098,0.0,True,insufficient_egarch_obs
orig GM paper,Full-cost net,346,garch11_residual_fallback_insufficient_egarch_obs,60,ok,60,-1.0,6.251218575297876,0.057624278243997296,0.08167221494690412,-1.0,3.156759093319596,3.684276343860033,0.0,True,insufficient_egarch_obs
orig GM paper,Full-cost net,347,garch11_residual_fallback_insufficient_egarch_obs,60,ok,60,-1.0,6.339699640038576,0.9326955125526994,1.6007942432674842,-1.0,3.235682858020483,3.6228944307268023,0.0,True,insufficient_egarch_obs
orig GM paper,Full-cost net,348,garch11_residual_fallback_insufficient_egarch_obs,60,ok,60,-1.0,6.760033190123351,0.2682095611179147,0.3780375710313097,-1.0,3.1965233076035044,3.969641382370117,0.0,True,insufficient_egarch_obs
orig GM paper,Full-cost net,349,garch11_residual_fallback_insufficient_egarch_obs,60,ok,60,-1.0,5.036282695823257,0.07944820114133014,0.11443126045079056,-1.0,2.8051729235527154,3.3469732326012633,0.0,True,insufficient_egarch_obs
orig GM paper,Full-cost net,350,garch11_residual_fallback_insufficient_egarch_obs,60,ok,60,-1.0,6.3787130003805315,-0.8425686486714484,-0.9686734595512453,-1.0,3.5844024797552043,3.869079616931742,0.0,True,insufficient_egarch_obs
orig GM paper,Full-cost net,351,garch11_residual_fallback_insufficient_egarch_obs,60,ok,60,-1.0,6.309109952889796,0.1340579487401663,0.19527915104051122,-1.0,3.6513786625180797,4.068329628225482,0.0,True,insufficient_egarch_obs
orig GM paper,Full-cost net,352,garch11_residual_fallback_insufficient_egarch_obs,60,ok,60,-1.0,9.978149061887201,0.11546514710961026,0.1632324665357037,-1.0,4.676314138141329,4.966160239228812,0.0,True,insufficient_egarch_obs
orig GM paper,Full-cost net,353,garch11_residual_fallback_insufficient_egarch_obs,60,ok,60,-1.0,5.332371598998694,0.0006412072003673325,0.0009047049245078686,-1.0,2.9313973453673974,3.207039938351228,0.0,True,insufficient_egarch_obs
orig GM paper,Full-cost net,354,garch11_residual_fallback_insufficient_egarch_obs,60,ok,60,-1.0,4.103173785776481,-0.4041182564930111,-0.5070223703008258,-1.0,2.603032503307263,2.8451966629117535,0.0,True,insufficient_egarch_obs
orig GM paper,Full-cost net,355,garch11_residual_fallback_insufficient_egarch_obs,60,ok,60,-1.0,10.046210899802919,0.17796646979073621,0.24810723220129371,-1.0,4.781676493943328,6.147349651210999,0.0,True,insufficient_egarch_obs
orig GM paper,Full-cost net,356,garch11_residual_fallback_insufficient_egarch_obs,60,ok,60,-1.0,5.658386315672357,-0.5375838168792504,-0.644432847770084,-1.0,3.28702458316395,3.882831724874171,0.0,True,insufficient_egarch_obs
orig GM paper,Full-cost net,357,garch11_residual_fallback_insufficient_egarch_obs,60,ok,60,-1.0,5.016760819097306,-0.5100230321643726,-0.6217074372826031,-1.0,2.9817774960370436,3.286468420002276,0.0,True,insufficient_egarch_obs
orig GM paper,Full-cost net,358,garch11_residual_fallback_insufficient_egarch_obs,60,ok,60,-1.0,4.970883014351907,-0.4852659281335078,-0.5848386838211943,-1.0,2.7310165183002244,3.151165668806255,0.0,True,insufficient_egarch_obs
orig GM paper,Full-cost net,359,garch11_residual_fallback_insufficient_egarch_obs,60,ok,60,-1.0,5.803181638983309,0.7571354488701987,1.3174916972992503,-1.0,2.2554158993576756,3.131364752020741,0.0,True,insufficient_egarch_obs
orig GM paper,Full-cost net,360,garch11_residual_fallback_insufficient_egarch_obs,60,ok,60,-1.0,6.319181824968928,0.5797695364199087,0.8210434526329063,-1.0,4.087037116265431,4.406570326516964,0.0,True,insufficient_egarch_obs
orig GM paper,Full-cost net,361,garch11_residual_fallback_insufficient_egarch_obs,60,ok,60,-1.0,5.628552300735078,-0.05681705486352676,-0.07350631268221555,-1.0,2.9634685687422753,3.53937535673338,0.0,True,insufficient_egarch_obs
orig GM paper,Full-cost net,362,garch11_residual_fallback_insufficient_egarch_obs,60,ok,60,-1.0,5.075609385468152,0.6406164457135399,1.0311841250764715,-1.0,2.2872504453918636,3.4353827284876726,0.0,True,insufficient_egarch_obs
orig GM paper,Full-cost net,363,garch11_residual_fallback_insufficient_egarch_obs,60,ok,60,-1.0,6.285544202334375,0.2970307328058625,0.46176219707765853,-1.0,2.8009578524861767,3.6816920221191687,0.0,True,insufficient_egarch_obs
orig GM paper,Full-cost net,364,garch11_residual_fallback_insufficient_egarch_obs,60,ok,60,-1.0,4.722694510657388,-0.019363303977005593,-0.02589512546957268,-1.0,2.7332317047599943,3.1929433933789553,0.0,True,insufficient_egarch_obs
orig GM paper,Full-cost net,365,garch11_residual_fallback_insufficient_egarch_obs,60,ok,60,-1.0,9.255374490206915,0.7826344950908776,1.268182069715494,-1.0,4.047972124447408,4.826251848410788,0.0,True,insufficient_egarch_obs
orig GM paper,Full-cost net,366,garch11_residual_fallback_insufficient_egarch_obs,60,ok,60,-1.0,6.731877572663466,-0.3127620909498165,-0.3888952204504553,-1.0,3.612744759853732,3.989345690265796,0.0,True,insufficient_egarch_obs
orig GM paper,Full-cost net,367,garch11_residual_fallback_insufficient_egarch_obs,60,ok,60,-1.0,5.876919043136665,-0.5325432418880142,-0.6543070685498714,-1.0,3.4678877384796016,4.057248208753244,0.0,True,insufficient_egarch_obs
orig GM paper,Full-cost net,368,garch11_residual_fallback_insufficient_egarch_obs,60,ok,60,-1.0,6.798401352748522,-0.16009779712530461,-0.2154235006604233,-1.0,3.2131032767278502,3.647855750817433,0.0,True,insufficient_egarch_obs
orig GM paper,Full-cost net,369,garch11_residual_fallback_insufficient_egarch_obs,60,ok,60,-1.0,6.598821861191036,-0.3543193934031397,-0.46055878051989324,-1.0,3.4788189637735405,3.6650445424931597,0.0,True,insufficient_egarch_obs
orig GM paper,Full-cost net,370,garch11_residual_fallback_insufficient_egarch_obs,60,ok,60,-1.0,5.698859440269871,0.5952014518822714,0.9301709230520113,-1.0,3.131496869129779,3.434202620330947,0.0,True,insufficient_egarch_obs
orig GM paper,Full-cost net,371,garch11_residual_fallback_insufficient_egarch_obs,60,ok,60,-1.0,6.993791599047541,0.6344314572603861,0.9933179050931832,-1.0,3.387434895670697,3.7259186150040082,0.0,True,insufficient_egarch_obs
orig GM paper,Full-cost net,372,garch11_residual_fallback_insufficient_egarch_obs,60,ok,60,-1.0,4.91871150379816,-0.3285097745287478,-0.42432903252054394,-1.0,2.835117194105042,2.921568816175426,0.0,True,insufficient_egarch_obs
orig GM paper,Full-cost net,373,garch11_residual_fallback_insufficient_egarch_obs,60,ok,60,-1.0,5.955444902711755,0.10979107739622578,0.15157716572669894,-1.0,3.1436679678452193,3.282378465868696,0.0,True,insufficient_egarch_obs
orig GM paper,Full-cost net,374,garch11_residual_fallback_insufficient_egarch_obs,60,ok,60,-1.0,9.808954057895598,0.2536519427852507,0.3551066215352472,-1.0,4.6868317269982125,5.477701637118668,0.0,True,insufficient_egarch_obs
orig GM paper,Full-cost net,375,garch11_residual_fallback_insufficient_egarch_obs,60,ok,60,-1.0,6.077039002915355,-0.1981342038674434,-0.2608418260061022,-1.0,3.2436052478038713,3.829959803492533,0.0,True,insufficient_egarch_obs
orig GM paper,Full-cost net,376,garch11_residual_fallback_insufficient_egarch_obs,60,ok,60,-1.0,5.04140318038196,0.13368779149354248,0.1934269866531683,-1.0,2.4867565938239764,3.444449085800079,0.0,True,insufficient_egarch_obs
orig GM paper,Full-cost net,377,garch11_residual_fallback_insufficient_egarch_obs,60,ok,60,-1.0,7.154369100892214,0.16913711025741435,0.23000176295402341,-1.0,3.7952539204518754,4.667711653745378,0.0,True,insufficient_egarch_obs
orig GM paper,Full-cost net,378,garch11_residual_fallback_insufficient_egarch_obs,60,ok,60,-1.0,7.581999653300133,0.6028836588011626,0.9342020227613413,-1.0,3.966194994329137,4.73228245271724,0.0,True,insufficient_egarch_obs
orig GM paper,Full-cost net,379,garch11_residual_fallback_insufficient_egarch_obs,60,ok,60,-1.0,5.052027351391317,-0.06611807537458574,-0.08875040687055635,-1.0,3.0717864110373285,3.4397301503991016,0.0,True,insufficient_egarch_obs
orig GM paper,Full-cost net,380,garch11_residual_fallback_insufficient_egarch_obs,60,ok,60,-1.0,6.795021928051946,-0.21435760045373872,-0.27914882838327376,-1.0,3.557852454796422,3.868763907404089,0.0,True,insufficient_egarch_obs
orig GM paper,Full-cost net,381,garch11_residual_fallback_insufficient_egarch_obs,60,ok,60,-1.0,4.595100614517594,-0.6311919871667595,-0.801950124231296,-1.0,2.8023561758271756,2.9686950680227384,0.0,True,insufficient_egarch_obs
orig GM paper,Full-cost net,382,garch11_residual_fallback_insufficient_egarch_obs,60,ok,60,-1.0,6.169051518622639,0.8418980047940192,1.3770625249962547,-1.0,3.11079623658541,3.58360798576196,0.0,True,insufficient_egarch_obs
orig GM paper,Full-cost net,383,garch11_residual_fallback_insufficient_egarch_obs,60,ok,60,-1.0,7.9975465118078075,0.6831983136360115,1.0619714933730622,-1.0,4.68842736647363,5.224748724161652,0.0,True,insufficient_egarch_obs
orig GM paper,Full-cost net,384,garch11_residual_fallback_insufficient_egarch_obs,60,ok,60,-1.0,5.602303933902912,-0.7223797253469877,-0.8821769531126697,-1.0,2.938002694464413,3.0563870794015258,0.0,True,insufficient_egarch_obs
orig GM paper,Full-cost net,385,garch11_residual_fallback_insufficient_egarch_obs,60,ok,60,-1.0,4.658271941262682,-0.606654670769755,-0.7298860123910068,-1.0,3.079732837740167,3.4068929895156486,0.0,True,insufficient_egarch_obs
orig GM paper,Full-cost net,386,garch11_residual_fallback_insufficient_egarch_obs,60,ok,60,-1.0,9.104502382614605,0.273772173790067,0.3950337159201707,-1.0,4.147331800386858,4.734669901850199,0.0,True,insufficient_egarch_obs
orig GM paper,Full-cost net,387,garch11_residual_fallback_insufficient_egarch_obs,60,ok,60,-1.0,4.908912584536326,-0.4469970792481946,-0.5465603396631267,-1.0,3.086564999600046,3.371345551901118,0.0,True,insufficient_egarch_obs
orig GM paper,Full-cost net,388,garch11_residual_fallback_insufficient_egarch_obs,60,ok,60,-1.0,9.143302508373585,0.402599022704522,0.6020849330278554,-1.0,4.17122914902769,5.23523787077024,0.0,True,insufficient_egarch_obs
orig GM paper,Full-cost net,389,garch11_residual_fallback_insufficient_egarch_obs,60,ok,60,-1.0,11.438071091924654,-0.7991233235957249,-0.9384810138730945,-1.0,5.62574388429491,7.199178988730114,0.0,True,insufficient_egarch_obs
orig GM paper,Full-cost net,390,garch11_residual_fallback_insufficient_egarch_obs,60,ok,60,-1.0,8.824272925612643,0.190937077073163,0.26540583837318865,-1.0,4.503732546231419,4.633524696717621,0.0,True,insufficient_egarch_obs
orig GM paper,Full-cost net,391,garch11_residual_fallback_insufficient_egarch_obs,60,ok,60,-1.0,7.058467239002472,-0.21386090852784034,-0.28487445948806245,-1.0,3.539187033379599,3.727849798526196,0.0,True,insufficient_egarch_obs
orig GM paper,Full-cost net,392,garch11_residual_fallback_insufficient_egarch_obs,60,ok,60,-1.0,6.690816577429502,-0.3715865279929329,-0.4949204761001154,-1.0,3.4189963131285626,3.7027889467254895,0.0,True,insufficient_egarch_obs
orig GM paper,Full-cost net,393,garch11_residual_fallback_insufficient_egarch_obs,60,ok,60,-1.0,7.517422528837067,0.4801618691681446,0.7086058679896701,-1.0,3.983526438491938,4.945925637096664,0.0,True,insufficient_egarch_obs
orig GM paper,Full-cost net,394,garch11_residual_fallback_insufficient_egarch_obs,60,ok,60,-1.0,5.033143048663928,1.1720172436396603,2.601110665627707,-1.0,0.9060425613437683,2.4650786007691905,0.0,True,insufficient_egarch_obs
orig GM paper,Full-cost net,395,garch11_residual_fallback_insufficient_egarch_obs,60,ok,60,-1.0,5.199096404021329,0.356659125609023,0.5306671918961935,-1.0,2.567856371154379,3.105348748638239,0.0,True,insufficient_egarch_obs
orig GM paper,Full-cost net,396,garch11_residual_fallback_insufficient_egarch_obs,60,ok,60,-1.0,8.280127771925883,-0.23119593869233224,-0.3000209613458437,-1.0,4.030617749727903,4.416709872245869,0.0,True,insufficient_egarch_obs
orig GM paper,Full-cost net,397,garch11_residual_fallback_insufficient_egarch_obs,60,ok,60,-1.0,4.513378441443245,-0.8536831573489816,-0.9720755646764511,-1.0,2.7395506347600316,3.1847465319197408,0.0,True,insufficient_egarch_obs
orig GM paper,Full-cost net,398,garch11_residual_fallback_insufficient_egarch_obs,60,ok,60,-1.0,5.110938907882609,-0.6032216797363238,-0.7239401529665107,-1.0,3.049661860567794,3.21410182247315,0.0,True,insufficient_egarch_obs
orig GM paper,Full-cost net,399,garch11_residual_fallback_insufficient_egarch_obs,60,ok,60,-1.0,4.966145229439685,-0.7960032062264154,-0.89990558438561,-1.0,3.1408995460564513,3.703430372117736,0.0,True,insufficient_egarch_obs
orig GM paper,Full-cost net,400,garch11_residual_fallback_insufficient_egarch_obs,60,ok,60,-1.0,3.7684610184406075,-1.1271713499222082,-1.1986893828416856,-1.0,2.5186517778486546,2.7441772919396903,0.0,True,insufficient_egarch_obs
orig GM paper,Full-cost net,401,garch11_residual_fallback_insufficient_egarch_obs,60,ok,60,-1.0,6.3332833127304955,-0.3564131039469952,-0.45026902905499117,-1.0,3.343587724894874,3.8239581854197007,0.0,True,insufficient_egarch_obs
orig GM paper,Full-cost net,402,garch11_residual_fallback_insufficient_egarch_obs,60,ok,60,-1.0,5.415011027319069,-0.08001564386451898,-0.10417469150615614,-1.0,2.7865685312165924,3.4707266514807738,0.0,True,insufficient_egarch_obs
orig GM paper,Full-cost net,403,garch11_residual_fallback_insufficient_egarch_obs,60,ok,60,-1.0,6.046872519064305,0.28791505072225554,0.42235767019715853,-1.0,2.668838293246415,3.616145016038613,0.0,True,insufficient_egarch_obs
orig GM paper,Full-cost net,404,garch11_residual_fallback_insufficient_egarch_obs,60,ok,60,-1.0,5.814545256331095,0.756993910062168,1.1965064745997813,-1.0,3.065885204061933,3.3031687300842427,0.0,True,insufficient_egarch_obs
orig GM paper,Full-cost net,405,garch11_residual_fallback_insufficient_egarch_obs,60,ok,60,-1.0,5.993272716250516,-0.4593521773826912,-0.5677359305272756,-1.0,3.3023484915785484,3.556473941325662,0.0,True,insufficient_egarch_obs
orig GM paper,Full-cost net,406,garch11_residual_fallback_insufficient_egarch_obs,60,ok,60,-1.0,6.104034716764651,0.43056879274165627,0.6305153304817268,-1.0,2.712847282203639,4.0213666757409525,0.0,True,insufficient_egarch_obs
orig GM paper,Full-cost net,407,garch11_residual_fallback_insufficient_egarch_obs,60,ok,60,-1.0,6.251135502465122,-0.11229622662304162,-0.1500978967284201,-1.0,3.012357889567584,3.557853798259089,0.0,True,insufficient_egarch_obs
orig GM paper,Full-cost net,408,garch11_residual_fallback_insufficient_egarch_obs,60,ok,60,-1.0,5.6756903080148815,-0.006683104763845647,-0.009420218484336669,-1.0,2.9664611883806007,3.468562168764624,0.0,True,insufficient_egarch_obs
orig GM paper,Full-cost net,409,garch11_residual_fallback_insufficient_egarch_obs,60,ok,60,-1.0,8.08065966516337,0.3772468721453427,0.538797401426353,-1.0,3.7760084763925894,4.442231159823485,0.0,True,insufficient_egarch_obs
orig GM paper,Full-cost net,410,garch11_residual_fallback_insufficient_egarch_obs,60,ok,60,-1.0,10.997552077501759,0.32080170625328097,0.48643841080964584,-1.0,5.306556482377914,5.96539327370375,0.0,True,insufficient_egarch_obs
orig GM paper,Full-cost net,411,garch11_residual_fallback_insufficient_egarch_obs,60,ok,60,-1.0,7.217906070670053,0.4119398707029693,0.6556442483766831,-1.0,3.4760601936164104,3.78297416702069,0.0,True,insufficient_egarch_obs
orig GM paper,Full-cost net,412,garch11_residual_fallback_insufficient_egarch_obs,60,ok,60,-1.0,8.696094616742927,0.6028069055954844,0.92509904521107,-1.0,4.539646583397059,4.803030453585498,0.0,True,insufficient_egarch_obs
orig GM paper,Full-cost net,413,garch11_residual_fallback_insufficient_egarch_obs,60,ok,60,-1.0,3.984178661282784,-0.4594684274666725,-0.580702046336549,-1.0,2.326002970290881,2.8060231073513613,0.0,True,insufficient_egarch_obs
orig GM paper,Full-cost net,414,garch11_residual_fallback_insufficient_egarch_obs,60,ok,60,-1.0,6.263667279445083,0.26154838976113215,0.3708361743201617,-1.0,3.235744576378725,3.932963241270643,0.0,True,insufficient_egarch_obs
orig GM paper,Full-cost net,415,garch11_residual_fallback_insufficient_egarch_obs,60,ok,60,-1.0,7.966428895599259,0.7406928939311695,1.170556365044443,-1.0,3.585849399427924,4.5940437812388,0.0,True,insufficient_egarch_obs
orig GM paper,Full-cost net,416,garch11_residual_fallback_insufficient_egarch_obs,60,ok,60,-1.0,5.348791775209974,-0.4995294087769538,-0.6083157317183817,-1.0,3.04361954420258,3.5386622175433895,0.0,True,insufficient_egarch_obs
orig GM paper,Full-cost net,417,garch11_residual_fallback_insufficient_egarch_obs,60,ok,60,-1.0,6.129889238860776,0.03634214859349304,0.04979483509019545,-1.0,3.5325055391082634,3.8698036902418607,0.0,True,insufficient_egarch_obs
orig GM paper,Full-cost net,418,garch11_residual_fallback_insufficient_egarch_obs,60,ok,60,-1.0,8.003563256245798,-0.08471239813038023,-0.12041930556386325,-1.0,3.4991633074888036,4.427151108829857,0.0,True,insufficient_egarch_obs
orig GM paper,Full-cost net,419,garch11_residual_fallback_insufficient_egarch_obs,60,ok,60,-1.0,4.883964084390514,-0.4286719124243391,-0.5377210613646435,-1.0,3.004372838942874,3.2530909302851523,0.0,True,insufficient_egarch_obs
orig GM paper,Full-cost net,420,garch11_residual_fallback_insufficient_egarch_obs,60,ok,60,-1.0,5.521854404909584,0.10353096323840484,0.1539780162994091,-1.0,2.6839293064530465,3.1540368089166093,0.0,True,insufficient_egarch_obs
orig GM paper,Full-cost net,421,garch11_residual_fallback_insufficient_egarch_obs,60,ok,60,-1.0,4.575475441800364,-0.4752660980611523,-0.5838909280168555,-1.0,2.921242036925227,3.2420761784882366,0.0,True,insufficient_egarch_obs
orig GM paper,Full-cost net,422,garch11_residual_fallback_insufficient_egarch_obs,60,ok,60,-1.0,5.941511636656739,-0.19163821694029246,-0.2408538069717767,-1.0,3.6444462702097553,3.964357173978468,0.0,True,insufficient_egarch_obs
orig GM paper,Full-cost net,423,garch11_residual_fallback_insufficient_egarch_obs,60,ok,60,-1.0,5.58990970947269,-0.05431569862618703,-0.07277574050783431,-1.0,3.010536096119052,3.2505585529316456,0.0,True,insufficient_egarch_obs
orig GM paper,Full-cost net,424,garch11_residual_fallback_insufficient_egarch_obs,60,ok,60,-1.0,4.892284887198373,0.19836232247933275,0.27770114827878484,-1.0,2.762665473209182,3.230054279026264,0.0,True,insufficient_egarch_obs
orig GM paper,Full-cost net,425,garch11_residual_fallback_insufficient_egarch_obs,60,ok,60,-1.0,6.551576582332384,0.2652509757620936,0.3674755864484887,-1.0,3.701212653190027,4.391206213908762,0.0,True,insufficient_egarch_obs
orig GM paper,Full-cost net,426,garch11_residual_fallback_insufficient_egarch_obs,60,ok,60,-1.0,4.48613156711229,-0.893255016351846,-1.0513352509835148,-1.0,2.5855001006555933,2.793711804170686,0.0,True,insufficient_egarch_obs
orig GM paper,Full-cost net,427,garch11_residual_fallback_insufficient_egarch_obs,60,ok,60,-1.0,5.957392671554986,0.3404831427486219,0.479189590695807,-1.0,3.334303444132833,3.818591272501749,0.0,True,insufficient_egarch_obs
orig GM paper,Full-cost net,428,garch11_residual_fallback_insufficient_egarch_obs,60,ok,60,-1.0,4.881522390640022,-0.8431980693744334,-0.9670032095859746,-1.0,2.792116515740588,3.421277807940582,0.0,True,insufficient_egarch_obs
orig GM paper,Full-cost net,429,garch11_residual_fallback_insufficient_egarch_obs,60,ok,60,-1.0,7.4253593372567215,0.7827859891234937,1.2760474751133368,-1.0,3.0713430364965655,4.785032928446056,0.0,True,insufficient_egarch_obs
orig GM paper,Full-cost net,430,garch11_residual_fallback_insufficient_egarch_obs,60,ok,60,-1.0,6.030081857401931,0.16703468608014596,0.2281185009103438,-1.0,3.314728419861535,3.838001760385289,0.0,True,insufficient_egarch_obs
orig GM paper,Full-cost net,431,garch11_residual_fallback_insufficient_egarch_obs,60,ok,60,-1.0,4.654918831050083,-0.2938697353765413,-0.37110655745543625,-1.0,2.8883256990942328,3.2387355265824134,0.0,True,insufficient_egarch_obs
orig GM paper,Full-cost net,432,garch11_residual_fallback_insufficient_egarch_obs,60,ok,60,-1.0,3.8145170050614223,-1.5350921767335621,-1.5135296708196309,-1.0,2.9021228101735406,3.138558187029632,0.0,True,insufficient_egarch_obs
orig GM paper,Full-cost net,433,garch11_residual_fallback_insufficient_egarch_obs,60,ok,60,-1.0,4.105094074228456,-0.14895991296571592,-0.2140784103655034,-1.0,2.067326186605823,2.583222855365003,0.0,True,insufficient_egarch_obs
orig GM paper,Full-cost net,434,garch11_residual_fallback_insufficient_egarch_obs,60,ok,60,-1.0,10.018304652345812,0.3640291736377702,0.5419186116765787,-1.0,4.611628004279832,6.118317483640285,0.0,True,insufficient_egarch_obs
orig GM paper,Full-cost net,435,garch11_residual_fallback_insufficient_egarch_obs,60,ok,60,-1.0,6.753998770142631,-0.5377434132755377,-0.6644440743660837,-1.0,3.6982878282002467,3.9198905130646176,0.0,True,insufficient_egarch_obs
orig GM paper,Full-cost net,436,garch11_residual_fallback_insufficient_egarch_obs,60,ok,60,-1.0,6.8963193585984275,-0.4945589315084906,-0.6200336954390465,-1.0,3.508221594199397,3.8904960959579236,0.0,True,insufficient_egarch_obs
orig GM paper,Full-cost net,437,garch11_residual_fallback_insufficient_egarch_obs,60,ok,60,-1.0,8.137359655719447,0.18984729586447516,0.283656621265975,-1.0,3.6349733553808212,4.475368436294127,0.0,True,insufficient_egarch_obs
orig GM paper,Full-cost net,438,garch11_residual_fallback_insufficient_egarch_obs,60,ok,60,-1.0,3.9100555331287894,-0.21052987118552854,-0.2917250832824921,-1.0,2.2327671784205725,2.4128168284855582,0.0,True,insufficient_egarch_obs
orig GM paper,Full-cost net,439,garch11_residual_fallback_insufficient_egarch_obs,60,ok,60,-1.0,6.564924680525083,1.358074558384699,2.733789184064886,-1.0,3.001568634649503,3.4971768548617863,0.0,True,insufficient_egarch_obs
orig GM paper,Full-cost net,440,garch11_residual_fallback_insufficient_egarch_obs,60,ok,60,-1.0,6.141404410055884,0.2617716822534019,0.3711345787682974,-1.0,3.053294699856026,3.5734969894951707,0.0,True,insufficient_egarch_obs
orig GM paper,Full-cost net,441,garch11_residual_fallback_insufficient_egarch_obs,60,ok,60,-1.0,8.115099060195881,1.2594132460552099,2.166933957808493,-1.0,3.8703962540874226,4.82452941030064,0.0,True,insufficient_egarch_obs
orig GM paper,Full-cost net,442,garch11_residual_fallback_insufficient_egarch_obs,60,ok,60,-1.0,3.8522213553163094,-1.2369362801032284,-1.3620136657098818,-1.0,2.4821490790534178,2.5772729180461553,0.0,True,insufficient_egarch_obs
orig GM paper,Full-cost net,443,garch11_residual_fallback_insufficient_egarch_obs,60,ok,60,-1.0,4.771549317868131,1.1425178220137535,2.0948309919423744,-1.0,1.485703093826636,2.928413091668887,0.0,True,insufficient_egarch_obs
orig GM paper,Full-cost net,444,garch11_residual_fallback_insufficient_egarch_obs,60,ok,60,-1.0,7.484866153695961,-0.4201170930302013,-0.5362053476533195,-1.0,3.8986108026379616,4.161724928563378,0.0,True,insufficient_egarch_obs
orig GM paper,Full-cost net,445,garch11_residual_fallback_insufficient_egarch_obs,60,ok,60,-1.0,6.587551261194232,-0.4198873250316834,-0.5294591866695457,-1.0,3.180186824718014,3.4964686380713395,0.0,True,insufficient_egarch_obs
orig GM paper,Full-cost net,446,garch11_residual_fallback_insufficient_egarch_obs,60,ok,60,-1.0,6.026660974433519,0.5685701826008029,0.8502652271133568,-1.0,3.012252745264788,3.5502579879520453,0.0,True,insufficient_egarch_obs
orig GM paper,Full-cost net,447,garch11_residual_fallback_insufficient_egarch_obs,60,ok,60,-1.0,12.003231951511204,0.6602781934084971,0.9931228796838085,-1.0,5.892001907768388,7.697621253822603,0.0,True,insufficient_egarch_obs
orig GM paper,Full-cost net,448,garch11_residual_fallback_insufficient_egarch_obs,60,ok,60,-1.0,5.008240702285611,-0.6494739828829484,-0.7900713758587138,-1.0,2.7774694877587107,2.9458799183632816,0.0,True,insufficient_egarch_obs
orig GM paper,Full-cost net,449,garch11_residual_fallback_insufficient_egarch_obs,60,ok,60,-1.0,6.142031971077116,0.26437870589805335,0.37983740108345515,-1.0,3.254897449098825,3.6298642699506267,0.0,True,insufficient_egarch_obs
orig GM paper,Full-cost net,450,garch11_residual_fallback_insufficient_egarch_obs,60,ok,60,-1.0,4.921469613170833,-0.5492947188567711,-0.6459468604221237,-1.0,3.448267208527812,3.759056152425742,0.0,True,insufficient_egarch_obs
orig GM paper,Full-cost net,451,garch11_residual_fallback_insufficient_egarch_obs,60,ok,60,-1.0,5.445366663327454,0.400681501369906,0.5661446831347052,-1.0,3.1952817170364254,3.753007549523575,0.0,True,insufficient_egarch_obs
orig GM paper,Full-cost net,452,garch11_residual_fallback_insufficient_egarch_obs,60,ok,60,-1.0,8.30518300527991,1.13529525077042,2.065648905337116,-1.0,3.6327877514131655,4.510504948546525,0.0,True,insufficient_egarch_obs
orig GM paper,Full-cost net,453,garch11_residual_fallback_insufficient_egarch_obs,60,ok,60,-1.0,6.500353987238903,1.0068562192734218,1.7953896828798814,-1.0,3.1014196786619266,3.8226538823453864,0.0,True,insufficient_egarch_obs
orig GM paper,Full-cost net,454,garch11_residual_fallback_insufficient_egarch_obs,60,ok,60,-1.0,7.554325197651473,1.2699664199542178,2.588337478747977,-1.0,3.0622240560695517,4.008199171284331,0.0,True,insufficient_egarch_obs
orig GM paper,Full-cost net,455,garch11_residual_fallback_insufficient_egarch_obs,60,ok,60,-1.0,6.173607900388228,0.9721703091589574,1.6095506378245965,-1.0,3.031355506304738,3.328767701138478,0.0,True,insufficient_egarch_obs
orig GM paper,Full-cost net,456,garch11_residual_fallback_insufficient_egarch_obs,60,ok,60,-1.0,5.322690206926929,-0.894178575791728,-0.9896906573406445,-1.0,3.0783739857702135,3.698150444314526,0.0,True,insufficient_egarch_obs
orig GM paper,Full-cost net,457,garch11_residual_fallback_insufficient_egarch_obs,60,ok,60,-1.0,7.071703821552703,-0.4620885255763836,-0.5776647166308114,-1.0,3.966057031353394,4.309890576497802,0.0,True,insufficient_egarch_obs
orig GM paper,Full-cost net,458,garch11_residual_fallback_insufficient_egarch_obs,60,ok,60,-1.0,7.7297919335368706,1.2004234932976583,2.317047850044596,-1.0,3.1042814400465577,3.8743673653125277,0.0,True,insufficient_egarch_obs
orig GM paper,Full-cost net,459,garch11_residual_fallback_insufficient_egarch_obs,60,ok,60,-1.0,5.550936635694913,0.09986179746253983,0.13741754749393162,-1.0,2.812984392243804,3.6558089220800976,0.0,True,insufficient_egarch_obs
orig GM paper,Full-cost net,460,garch11_residual_fallback_insufficient_egarch_obs,60,ok,60,-1.0,8.898043702133256,0.6188598254601884,1.0170936384739393,-1.0,3.7040492358133656,4.519232998427662,0.0,True,insufficient_egarch_obs
orig GM paper,Full-cost net,461,garch11_residual_fallback_insufficient_egarch_obs,60,ok,60,-1.0,6.213254557415153,0.606300608341235,0.9080230060766904,-1.0,3.3225576582652243,3.777185598215181,0.0,True,insufficient_egarch_obs
orig GM paper,Full-cost net,462,garch11_residual_fallback_insufficient_egarch_obs,60,ok,60,-1.0,4.821619271275744,-0.4194913090918661,-0.5328943815729567,-1.0,2.929852860613665,3.2571925992065753,0.0,True,insufficient_egarch_obs
orig GM paper,Full-cost net,463,garch11_residual_fallback_insufficient_egarch_obs,60,ok,60,-1.0,5.841547018228129,0.38421710190462516,0.5756833030849332,-1.0,2.364737550868583,3.7937448458825815,0.0,True,insufficient_egarch_obs
orig GM paper,Full-cost net,464,garch11_residual_fallback_insufficient_egarch_obs,60,ok,60,-1.0,8.936757495681562,0.18194608961934153,0.2620048177534157,-1.0,4.192340599028737,4.619562232788367,0.0,True,insufficient_egarch_obs
orig GM paper,Full-cost net,465,garch11_residual_fallback_insufficient_egarch_obs,60,ok,60,-1.0,6.098300871832253,-0.20785736031170413,-0.271233474635587,-1.0,3.2593695225178334,3.5629754856255444,0.0,True,insufficient_egarch_obs
orig GM paper,Full-cost net,466,garch11_residual_fallback_insufficient_egarch_obs,60,ok,60,-1.0,5.816286972442849,-0.0533823615201258,-0.07499359526530786,-1.0,3.006227026364684,3.1660486142074156,0.0,True,insufficient_egarch_obs
orig GM paper,Full-cost net,467,garch11_residual_fallback_insufficient_egarch_obs,60,ok,60,-1.0,7.257820459290092,-0.7384804231183618,-0.8879441555907681,-1.0,4.018642771194651,4.143318112168243,0.0,True,insufficient_egarch_obs
orig GM paper,Full-cost net,468,garch11_residual_fallback_insufficient_egarch_obs,60,ok,60,-1.0,7.452774162967695,0.9290244906279337,1.6035478199578654,-1.0,3.099316156350233,3.9930190462965593,0.0,True,insufficient_egarch_obs
orig GM paper,Full-cost net,469,garch11_residual_fallback_insufficient_egarch_obs,60,ok,60,-1.0,3.907921123654495,-0.4511371070642769,-0.6101009767814694,-1.0,2.1160607092795582,2.680016521743788,0.0,True,insufficient_egarch_obs
orig GM paper,Full-cost net,470,garch11_residual_fallback_insufficient_egarch_obs,60,ok,60,-1.0,10.14067892132439,1.0945437491274501,1.9634434198372177,-1.0,4.970033107222259,5.256430485300599,0.0,True,insufficient_egarch_obs
orig GM paper,Full-cost net,471,garch11_residual_fallback_insufficient_egarch_obs,60,ok,60,-1.0,9.064662993908318,0.1569736239382758,0.2398062206212475,-1.0,3.8264309853985354,4.258643962669841,0.0,True,insufficient_egarch_obs
orig GM paper,Full-cost net,472,garch11_residual_fallback_insufficient_egarch_obs,60,ok,60,-1.0,6.1126475275634995,-0.4055040473929125,-0.5101695740236234,-1.0,3.1796189689512437,3.352985869717019,0.0,True,insufficient_egarch_obs
orig GM paper,Full-cost net,473,garch11_residual_fallback_insufficient_egarch_obs,60,ok,60,-1.0,7.701638374224751,-0.19144838535536118,-0.25726375956709613,-1.0,4.163680097088542,4.627939832238915,0.0,True,insufficient_egarch_obs
orig GM paper,Full-cost net,474,garch11_residual_fallback_insufficient_egarch_obs,60,ok,60,-1.0,6.615208289290167,-0.49723062480013963,-0.597354730338462,-1.0,3.5258638414618746,3.7407970804058457,0.0,True,insufficient_egarch_obs
orig GM paper,Full-cost net,475,garch11_residual_fallback_insufficient_egarch_obs,60,ok,60,-1.0,5.427943234040876,0.4196926344199862,0.6498961907735773,-1.0,2.7429018326781858,3.2410659865439,0.0,True,insufficient_egarch_obs
orig GM paper,Full-cost net,476,garch11_residual_fallback_insufficient_egarch_obs,60,ok,60,-1.0,7.387339533343515,-1.229789208255288,-1.2985171698601814,-1.0,4.137911512456183,4.3776083919616795,0.0,True,insufficient_egarch_obs
orig GM paper,Full-cost net,477,garch11_residual_fallback_insufficient_egarch_obs,60,ok,60,-1.0,5.106172032282993,0.012593335802250343,0.017168144075398212,-1.0,3.1252631272993123,3.278798287512633,0.0,True,insufficient_egarch_obs
orig GM paper,Full-cost net,478,garch11_residual_fallback_insufficient_egarch_obs,60,ok,60,-1.0,4.857306169862827,0.01632012414944953,0.022788008344165434,-1.0,2.651720750926814,3.251397368861765,0.0,True,insufficient_egarch_obs
orig GM paper,Full-cost net,479,garch11_residual_fallback_insufficient_egarch_obs,60,ok,60,-1.0,3.865778771326539,-0.446679704365094,-0.5857603552844918,-1.0,1.9511110707755537,2.547313033632132,0.0,True,insufficient_egarch_obs
orig GM paper,Full-cost net,480,garch11_residual_fallback_insufficient_egarch_obs,60,ok,60,-1.0,3.898611553619692,-0.260964164158666,-0.3397540046748889,-1.0,2.376405580895813,2.7966170862219,0.0,True,insufficient_egarch_obs
orig GM paper,Full-cost net,481,garch11_residual_fallback_insufficient_egarch_obs,60,ok,60,-1.0,9.768127226022893,0.8880297855147928,1.4509570483584604,-1.0,4.97303565252903,5.673596734435628,0.0,True,insufficient_egarch_obs
orig GM paper,Full-cost net,482,garch11_residual_fallback_insufficient_egarch_obs,60,ok,60,-1.0,3.985952886579887,-0.4644782432693271,-0.5666323869211555,-1.0,2.61545772589543,2.708563190953844,0.0,True,insufficient_egarch_obs
orig GM paper,Full-cost net,483,garch11_residual_fallback_insufficient_egarch_obs,60,ok,60,-1.0,7.327946304449742,0.811074202491556,1.3723755682408203,-1.0,3.321553816326812,3.779735656633656,0.0,True,insufficient_egarch_obs
orig GM paper,Full-cost net,484,garch11_residual_fallback_insufficient_egarch_obs,60,ok,60,-1.0,6.242227565034778,-0.14571177086694365,-0.1890311775408501,-1.0,3.6401137587002665,4.093135269095234,0.0,True,insufficient_egarch_obs
orig GM paper,Full-cost net,485,garch11_residual_fallback_insufficient_egarch_obs,60,ok,60,-1.0,4.893917582962317,0.11892164167054303,0.17215365879912872,-1.0,2.636445690199984,3.0367295374899865,0.0,True,insufficient_egarch_obs
orig GM paper,Full-cost net,486,garch11_residual_fallback_insufficient_egarch_obs,60,ok,60,-1.0,6.0700997248424375,-0.18703566689692247,-0.25194958882257834,-1.0,2.957091137812698,3.765518522091355,0.0,True,insufficient_egarch_obs
orig GM paper,Full-cost net,487,garch11_residual_fallback_insufficient_egarch_obs,60,ok,60,-1.0,7.999514657531362,0.6325243165017911,1.0930632118922317,-1.0,3.5918496892876997,4.09689313221268,0.0,True,insufficient_egarch_obs
orig GM paper,Full-cost net,488,garch11_residual_fallback_insufficient_egarch_obs,60,ok,60,-1.0,5.486617968634175,-0.09913511719489763,-0.13609675198604024,-1.0,2.9385717643388856,3.311441650567193,0.0,True,insufficient_egarch_obs
orig GM paper,Full-cost net,489,garch11_residual_fallback_insufficient_egarch_obs,60,ok,60,-1.0,7.529859887313546,-0.002194621796181677,-0.0030837695765821797,-1.0,4.033093657639873,4.378991413832762,0.0,True,insufficient_egarch_obs
orig GM paper,Full-cost net,490,garch11_residual_fallback_insufficient_egarch_obs,60,ok,60,-1.0,6.705834577892763,0.2705937737921789,0.4129742572816739,-1.0,3.3796527430880885,3.722554873657442,0.0,True,insufficient_egarch_obs
orig GM paper,Full-cost net,491,garch11_residual_fallback_insufficient_egarch_obs,60,ok,60,-1.0,11.749112340483652,1.0843452746864555,2.104635549736087,-1.0,4.409314210742875,5.997031365045177,0.0,True,insufficient_egarch_obs
orig GM paper,Full-cost net,492,garch11_residual_fallback_insufficient_egarch_obs,60,ok,60,-1.0,4.640702463530272,-1.1954462132816228,-1.257810196322169,-1.0,2.9165919360400876,3.181261331474031,0.0,True,insufficient_egarch_obs
orig GM paper,Full-cost net,493,garch11_residual_fallback_insufficient_egarch_obs,60,ok,60,-1.0,5.919112735073712,-0.14290561574932412,-0.1851995964252306,-1.0,3.2743833153747706,3.5611330291657435,0.0,True,insufficient_egarch_obs
orig GM paper,Full-cost net,494,garch11_residual_fallback_insufficient_egarch_obs,60,ok,60,-1.0,9.368018021305701,0.2553508041056064,0.37113235133772904,-1.0,4.460602712158098,5.277588733224721,0.0,True,insufficient_egarch_obs
orig GM paper,Full-cost net,495,garch11_residual_fallback_insufficient_egarch_obs,60,ok,60,-1.0,9.16711226515193,0.7285968475407462,1.1357675704954964,-1.0,4.698352882558824,5.771480248265585,0.0,True,insufficient_egarch_obs
orig GM paper,Full-cost net,496,garch11_residual_fallback_insufficient_egarch_obs,60,ok,60,-1.0,5.309838022859817,-0.2702499835408873,-0.34082998059922603,-1.0,3.022690664799527,3.6227377172687656,0.0,True,insufficient_egarch_obs
orig GM paper,Full-cost net,497,garch11_residual_fallback_insufficient_egarch_obs,60,ok,60,-1.0,6.351331408225052,0.22880736224983594,0.344708961075882,-1.0,3.0832908808761217,3.590300015677902,0.0,True,insufficient_egarch_obs
orig GM paper,Full-cost net,498,garch11_residual_fallback_insufficient_egarch_obs,60,ok,60,-1.0,6.63552582101195,0.1499067734414124,0.21250625374551974,-1.0,3.20903512315684,3.718546951352343,0.0,True,insufficient_egarch_obs
orig GM paper,Full-cost net,499,garch11_residual_fallback_insufficient_egarch_obs,60,ok,60,-1.0,4.738391366514196,-0.2783837260501396,-0.3680688637912948,-1.0,2.6224973336945965,3.241538190220274,0.0,True,insufficient_egarch_obs
orig GM paper,Full-cost net,500,garch11_residual_fallback_insufficient_egarch_obs,60,ok,60,-1.0,7.921420220743259,0.8649003807109346,1.579748694942351,-1.0,3.2194489631514407,4.255711893745629,0.0,True,insufficient_egarch_obs
orig GM paper,Full-cost net,501,garch11_residual_fallback_insufficient_egarch_obs,60,ok,60,-1.0,6.321106141534317,-0.4546580096058783,-0.5765504919887834,-1.0,3.1362654220869253,3.6718983733287645,0.0,True,insufficient_egarch_obs
orig GM paper,Full-cost net,502,garch11_residual_fallback_insufficient_egarch_obs,60,ok,60,-1.0,4.883037291732121,-0.007576019704731395,-0.010232033438724104,-1.0,2.8261145842938995,3.1274255866641223,0.0,True,insufficient_egarch_obs
orig GM paper,Full-cost net,503,garch11_residual_fallback_insufficient_egarch_obs,60,ok,60,-1.0,4.96122645773409,-0.15777945979264713,-0.2019752566762096,-1.0,2.773407999932253,3.1712377774948783,0.0,True,insufficient_egarch_obs
orig GM paper,Full-cost net,504,garch11_residual_fallback_insufficient_egarch_obs,60,ok,60,-1.0,8.507935991543567,0.6282240036479885,1.016592292816651,-1.0,4.02884953875,4.871022310220128,0.0,True,insufficient_egarch_obs
orig GM paper,Full-cost net,505,garch11_residual_fallback_insufficient_egarch_obs,60,ok,60,-1.0,6.313013354135556,-0.23178932857023649,-0.29035845765056223,-1.0,3.593432656560281,4.517302174279774,0.0,True,insufficient_egarch_obs
orig GM paper,Full-cost net,506,garch11_residual_fallback_insufficient_egarch_obs,60,ok,60,-1.0,18.419387265309815,0.5501574439998778,0.8364303165776344,-1.0,8.95164428916783,10.275446676631605,0.0,True,insufficient_egarch_obs
orig GM paper,Full-cost net,507,garch11_residual_fallback_insufficient_egarch_obs,60,ok,60,-1.0,5.541362639929859,-0.19318522429191176,-0.25722141126936604,-1.0,2.8463117478111646,3.6686961637891824,0.0,True,insufficient_egarch_obs
orig GM paper,Full-cost net,508,garch11_residual_fallback_insufficient_egarch_obs,60,ok,60,-1.0,4.934696345761071,-0.7910048252141669,-0.9494121579950127,-1.0,2.765761641129895,3.1295157313583775,0.0,True,insufficient_egarch_obs
orig GM paper,Full-cost net,509,garch11_residual_fallback_insufficient_egarch_obs,60,ok,60,-1.0,5.930696744160173,-0.9306668017941179,-1.0542086432033029,-1.0,3.2594205545880914,3.513608490303552,0.0,True,insufficient_egarch_obs
orig GM paper,Full-cost net,510,garch11_residual_fallback_insufficient_egarch_obs,60,ok,60,-1.0,5.249448939165607,-0.4009203177084927,-0.499611861922662,-1.0,3.087309484542245,3.6089031725120115,0.0,True,insufficient_egarch_obs
orig GM paper,Full-cost net,511,garch11_residual_fallback_insufficient_egarch_obs,60,ok,60,-1.0,4.591741613104035,-0.5057454600099239,-0.6152319425909929,-1.0,2.7250468524897644,2.913317061055537,0.0,True,insufficient_egarch_obs
orig GM paper,Full-cost net,512,garch11_residual_fallback_insufficient_egarch_obs,60,ok,60,-1.0,10.866139847532525,0.8872577253997593,1.588165764027673,-1.0,3.9708761854001273,5.2080063670504355,0.0,True,insufficient_egarch_obs
orig GM paper,Full-cost net,513,garch11_residual_fallback_insufficient_egarch_obs,60,ok,60,-1.0,5.38257905374597,-0.73479353200352,-0.8487467013569139,-1.0,3.09496070894416,3.474509196099218,0.0,True,insufficient_egarch_obs
orig GM paper,Full-cost net,514,garch11_residual_fallback_insufficient_egarch_obs,60,ok,60,-1.0,4.6079037363808055,0.06931307525987859,0.0985273237890961,-1.0,2.6018706956380147,2.8427185368943437,0.0,True,insufficient_egarch_obs
orig GM paper,Full-cost net,515,garch11_residual_fallback_insufficient_egarch_obs,60,ok,60,-1.0,6.889614730208571,0.548306229865113,0.8615108066686423,-1.0,3.2170268292461013,4.447325566619777,0.0,True,insufficient_egarch_obs
orig GM paper,Full-cost net,516,garch11_residual_fallback_insufficient_egarch_obs,60,ok,60,-1.0,6.812639739047223,0.8753796593573521,1.4209955778112358,-1.0,3.4606815088070917,4.029023593970425,0.0,True,insufficient_egarch_obs
orig GM paper,Full-cost net,517,garch11_residual_fallback_insufficient_egarch_obs,60,ok,60,-1.0,5.149174132881546,0.20331613374309335,0.3025340732364473,-1.0,2.2277706057719167,3.3188661866528046,0.0,True,insufficient_egarch_obs
orig GM paper,Full-cost net,518,garch11_residual_fallback_insufficient_egarch_obs,60,ok,60,-1.0,7.098847793133481,-0.005021723412629843,-0.006944218596510313,-1.0,3.868815916751832,4.007430523054133,0.0,True,insufficient_egarch_obs
orig GM paper,Full-cost net,519,garch11_residual_fallback_insufficient_egarch_obs,60,ok,60,-1.0,6.452705957691178,-0.004424212177599084,-0.005790032792221401,-1.0,3.595319945743029,4.099264266815679,0.0,True,insufficient_egarch_obs
orig GM paper,Full-cost net,520,garch11_residual_fallback_insufficient_egarch_obs,60,ok,60,-1.0,6.434265384246459,-0.6576541005075198,-0.7607038428740591,-1.0,3.526352736899349,3.7676184246310815,0.0,True,insufficient_egarch_obs
orig GM paper,Full-cost net,521,garch11_residual_fallback_insufficient_egarch_obs,60,ok,60,-1.0,9.066976982000508,0.23152118135639607,0.32589338601631607,-1.0,4.716820178328275,5.408242101316866,0.0,True,insufficient_egarch_obs
orig GM paper,Full-cost net,522,garch11_residual_fallback_insufficient_egarch_obs,60,ok,60,-1.0,10.592184738035106,-0.38290717681561265,-0.46880115370604547,-1.0,6.144968492386611,7.067856250941653,0.0,True,insufficient_egarch_obs
orig GM paper,Full-cost net,523,garch11_residual_fallback_insufficient_egarch_obs,60,ok,60,-1.0,7.612159104528442,0.6461757899316414,1.073965982929335,-1.0,3.2540087777405833,4.3399514888201045,0.0,True,insufficient_egarch_obs
orig GM paper,Full-cost net,524,garch11_residual_fallback_insufficient_egarch_obs,60,ok,60,-1.0,7.5383495131617,0.3998104083678132,0.5825582721943836,-1.0,3.9688346495680618,4.2295652038210045,0.0,True,insufficient_egarch_obs
orig GM paper,Full-cost net,525,garch11_residual_fallback_insufficient_egarch_obs,60,ok,60,-1.0,5.0948748253274925,-0.6260515346146229,-0.7472094461327639,-1.0,3.3328471146179925,3.5282661181416715,0.0,True,insufficient_egarch_obs
orig GM paper,Full-cost net,526,garch11_residual_fallback_insufficient_egarch_obs,60,ok,60,-1.0,6.4653018402676725,0.16270766576990875,0.24469484728586502,-1.0,3.6357743739098014,3.947207730011334,0.0,True,insufficient_egarch_obs
orig GM paper,Full-cost net,527,garch11_residual_fallback_insufficient_egarch_obs,60,ok,60,-1.0,4.803793465115725,0.06305299908702428,0.08655412941655362,-1.0,2.447011908588312,3.093720326378714,0.0,True,insufficient_egarch_obs
orig GM paper,Full-cost net,528,garch11_residual_fallback_insufficient_egarch_obs,60,ok,60,-1.0,4.007650993581104,-0.3144372052456255,-0.3990350530080273,-1.0,2.2962825209662743,2.931983153593824,0.0,True,insufficient_egarch_obs
orig GM paper,Full-cost net,529,garch11_residual_fallback_insufficient_egarch_obs,60,ok,60,-1.0,9.144984881813668,-0.1743826817572771,-0.23146141748508753,-1.0,5.173934380908267,5.57000169172106,0.0,True,insufficient_egarch_obs
orig GM paper,Full-cost net,530,garch11_residual_fallback_insufficient_egarch_obs,60,ok,60,-1.0,5.301445054873964,-0.13507133742677588,-0.18111383204543635,-1.0,3.14603375968677,3.3648228835633947,0.0,True,insufficient_egarch_obs
orig GM paper,Full-cost net,531,garch11_residual_fallback_insufficient_egarch_obs,60,ok,60,-1.0,6.420422159729794,-0.31172245236779333,-0.3948014220773175,-1.0,3.321546391258386,3.6933585201982235,0.0,True,insufficient_egarch_obs
orig GM paper,Full-cost net,532,garch11_residual_fallback_insufficient_egarch_obs,60,ok,60,-1.0,8.893666607805542,-0.4507455083657308,-0.5876934669948027,-1.0,4.916034108158983,5.224442964728939,0.0,True,insufficient_egarch_obs
orig GM paper,Full-cost net,533,garch11_residual_fallback_insufficient_egarch_obs,60,ok,60,-1.0,5.422730619574555,0.11003661204559383,0.15464230147344868,-1.0,2.9347247655722457,3.083016205254341,0.0,True,insufficient_egarch_obs
orig GM paper,Full-cost net,534,garch11_residual_fallback_insufficient_egarch_obs,60,ok,60,-1.0,4.066187351957946,-0.840443082947312,-0.9638549844165332,-1.0,2.5510262207753502,2.894736463513169,0.0,True,insufficient_egarch_obs
orig GM paper,Full-cost net,535,garch11_residual_fallback_insufficient_egarch_obs,60,ok,60,-1.0,7.072790835199715,-0.01696186238037337,-0.02385611800723681,-1.0,3.5331503140529628,3.7869604311824347,0.0,True,insufficient_egarch_obs
orig GM paper,Full-cost net,536,garch11_residual_fallback_insufficient_egarch_obs,60,ok,60,-1.0,5.683890081566013,-0.4094792299841832,-0.5051892411106992,-1.0,3.0629249617781906,3.736917659643669,0.0,True,insufficient_egarch_obs
orig GM paper,Full-cost net,537,garch11_residual_fallback_insufficient_egarch_obs,60,ok,60,-1.0,5.951759384036033,-0.6910688002880181,-0.8048796597282382,-1.0,3.358685180664334,3.778982325779591,0.0,True,insufficient_egarch_obs
orig GM paper,Full-cost net,538,garch11_residual_fallback_insufficient_egarch_obs,60,ok,60,-1.0,6.2281076544748135,-0.03361863961063749,-0.04644426113905732,-1.0,3.134803954456483,3.4093985437598917,0.0,True,insufficient_egarch_obs
orig GM paper,Full-cost net,539,garch11_residual_fallback_insufficient_egarch_obs,60,ok,60,-1.0,7.445364802404079,0.4146353883835796,0.6033355696162103,-1.0,3.63644681006502,4.56380105123407,0.0,True,insufficient_egarch_obs
orig GM paper,Full-cost net,540,garch11_residual_fallback_insufficient_egarch_obs,60,ok,60,-1.0,5.6278631186579755,-0.23123292931843165,-0.311059807552793,-1.0,2.9487336025726294,3.1105626189799636,0.0,True,insufficient_egarch_obs
orig GM paper,Full-cost net,541,garch11_residual_fallback_insufficient_egarch_obs,60,ok,60,-1.0,4.446868988818035,-0.35286410996674555,-0.4533240080767966,-1.0,2.7954637072944566,3.0585817104819952,0.0,True,insufficient_egarch_obs
orig GM paper,Full-cost net,542,garch11_residual_fallback_insufficient_egarch_obs,60,ok,60,-1.0,6.370916727744314,0.8402646066543132,1.3390647392999575,-1.0,3.50173284285162,3.995852865765155,0.0,True,insufficient_egarch_obs
orig GM paper,Full-cost net,543,garch11_residual_fallback_insufficient_egarch_obs,60,ok,60,-1.0,7.929518524132732,-0.012966501518495535,-0.01807318957393469,-1.0,3.9871916902057296,4.558753357113592,0.0,True,insufficient_egarch_obs
orig GM paper,Full-cost net,544,garch11_residual_fallback_insufficient_egarch_obs,60,ok,60,-1.0,5.321246496739516,-0.2529794964338832,-0.3349833493303442,-1.0,2.9372485093855345,3.1767968921524754,0.0,True,insufficient_egarch_obs
orig GM paper,Full-cost net,545,garch11_residual_fallback_insufficient_egarch_obs,60,ok,60,-1.0,7.295201265994062,-0.07109583232404167,-0.09022370112549256,-1.0,4.783276187114824,5.325776802048172,0.0,True,insufficient_egarch_obs
orig GM paper,Full-cost net,546,garch11_residual_fallback_insufficient_egarch_obs,60,ok,60,-1.0,7.3172257046414435,0.2877492544624132,0.40624826151842125,-1.0,3.58921723783713,4.450541338009035,0.0,True,insufficient_egarch_obs
orig GM paper,Full-cost net,547,garch11_residual_fallback_insufficient_egarch_obs,60,ok,60,-1.0,6.192450143311274,0.41054208304756756,0.6632192358161049,-1.0,2.854542408250461,3.2798437299638987,0.0,True,insufficient_egarch_obs
orig GM paper,Full-cost net,548,garch11_residual_fallback_insufficient_egarch_obs,60,ok,60,-1.0,8.284781925823086,-0.7397338110480984,-0.8638960128065031,-1.0,4.500121972421927,5.565999593806843,0.0,True,insufficient_egarch_obs
orig GM paper,Full-cost net,549,garch11_residual_fallback_insufficient_egarch_obs,60,ok,60,-1.0,4.786920883172587,-0.2886866724513089,-0.39798833086034757,-1.0,2.6469624778612078,2.982785561195708,0.0,True,insufficient_egarch_obs
orig GM paper,Full-cost net,550,garch11_residual_fallback_insufficient_egarch_obs,60,ok,60,-1.0,4.49651239957053,-0.3377094742298791,-0.44302470159900625,-1.0,2.338839342528567,2.6227088669751204,0.0,True,insufficient_egarch_obs
orig GM paper,Full-cost net,551,garch11_residual_fallback_insufficient_egarch_obs,60,ok,60,-1.0,4.26788864856143,0.12764405549987842,0.17210510548428787,-1.0,2.802507303832373,3.1372008690780735,0.0,True,insufficient_egarch_obs
orig GM paper,Full-cost net,552,garch11_residual_fallback_insufficient_egarch_obs,60,ok,60,-1.0,6.027348251452997,-0.2946172200179207,-0.37623095969083575,-1.0,3.277491771773563,4.0306762478971745,0.0,True,insufficient_egarch_obs
orig GM paper,Full-cost net,553,garch11_residual_fallback_insufficient_egarch_obs,60,ok,60,-1.0,6.554402314151735,-0.138065231009904,-0.19570690047961925,-1.0,2.965809189435682,3.855439658468425,0.0,True,insufficient_egarch_obs
orig GM paper,Full-cost net,554,garch11_residual_fallback_insufficient_egarch_obs,60,ok,60,-1.0,4.61747911770464,-0.8287041737655881,-0.9674754891770319,-1.0,2.5936196257966793,2.86735903083381,0.0,True,insufficient_egarch_obs
orig GM paper,Full-cost net,555,garch11_residual_fallback_insufficient_egarch_obs,60,ok,60,-1.0,5.613589968699447,-0.30779108546593986,-0.40227868865240385,-1.0,3.059280430919524,3.4916294471556006,0.0,True,insufficient_egarch_obs
orig GM paper,Full-cost net,556,garch11_residual_fallback_insufficient_egarch_obs,60,ok,60,-1.0,4.60451200433508,-0.6301237046868527,-0.7647243884522738,-1.0,2.928055357730668,3.330475820781311,0.0,True,insufficient_egarch_obs
orig GM paper,Full-cost net,557,garch11_residual_fallback_insufficient_egarch_obs,60,ok,60,-1.0,4.255708743689342,-0.27625293191425615,-0.3600326698394812,-1.0,2.6681425894354414,2.902536612856421,0.0,True,insufficient_egarch_obs
orig GM paper,Full-cost net,558,garch11_residual_fallback_insufficient_egarch_obs,60,ok,60,-1.0,4.980050102181513,-0.7930537993711005,-0.9484083185312797,-1.0,2.726820610977422,3.1428020918339024,0.0,True,insufficient_egarch_obs
orig GM paper,Full-cost net,559,garch11_residual_fallback_insufficient_egarch_obs,60,ok,60,-1.0,6.905470704427177,0.00593533681609485,0.008614118721194566,-1.0,3.135830599610488,3.978629854690429,0.0,True,insufficient_egarch_obs
orig GM paper,Full-cost net,560,garch11_residual_fallback_insufficient_egarch_obs,60,ok,60,-1.0,6.838546544974442,0.6454908511304893,1.0393621622289078,-1.0,2.619603532428824,3.9685570583211933,0.0,True,insufficient_egarch_obs
orig GM paper,Full-cost net,561,garch11_residual_fallback_insufficient_egarch_obs,60,ok,60,-1.0,4.726780639195351,0.2633324369505864,0.35283269808937634,-1.0,3.0470471712552025,3.4041620550433414,0.0,True,insufficient_egarch_obs
orig GM paper,Full-cost net,562,garch11_residual_fallback_insufficient_egarch_obs,60,ok,60,-1.0,3.953523046089679,-0.015442142703070094,-0.021385413857286296,-1.0,2.260011710637672,2.6558408202153725,0.0,True,insufficient_egarch_obs
orig GM paper,Full-cost net,563,garch11_residual_fallback_insufficient_egarch_obs,60,ok,60,-1.0,5.088155053861451,-0.13413269824971413,-0.18040259949029788,-1.0,2.8135292259330535,3.3022998850291265,0.0,True,insufficient_egarch_obs
orig GM paper,Full-cost net,564,garch11_residual_fallback_insufficient_egarch_obs,60,ok,60,-1.0,5.9327631191811205,-0.1707276371504198,-0.2219679495747552,-1.0,3.2780375052513286,3.765467717847684,0.0,True,insufficient_egarch_obs
orig GM paper,Full-cost net,565,garch11_residual_fallback_insufficient_egarch_obs,60,ok,60,-1.0,6.002524752679398,-0.33159804707627,-0.41537205043477576,-1.0,2.9784046832600155,3.2254261708364127,0.0,True,insufficient_egarch_obs
orig GM paper,Full-cost net,566,garch11_residual_fallback_insufficient_egarch_obs,60,ok,60,-1.0,6.185449670371612,0.2783445955861653,0.42359487959124176,-1.0,3.3011011615057173,3.565893846978851,0.0,True,insufficient_egarch_obs
orig GM paper,Full-cost net,567,garch11_residual_fallback_insufficient_egarch_obs,60,ok,60,-1.0,4.519906430108098,0.5427518917676726,0.8663746124134513,-1.0,2.326509903225765,2.794239105067691,0.0,True,insufficient_egarch_obs
orig GM paper,Full-cost net,568,garch11_residual_fallback_insufficient_egarch_obs,60,ok,60,-1.0,7.749089700139735,0.2935872426545884,0.4377761984437034,-1.0,3.569425072868802,4.252000828721382,0.0,True,insufficient_egarch_obs
orig GM paper,Full-cost net,569,garch11_residual_fallback_insufficient_egarch_obs,60,ok,60,-1.0,5.768940728443748,-0.07493862946525931,-0.1033192547046961,-1.0,3.018684915411925,3.4147340639368937,0.0,True,insufficient_egarch_obs
orig GM paper,Full-cost net,570,garch11_residual_fallback_insufficient_egarch_obs,60,ok,60,-1.0,5.899560659370346,-0.37004916164676466,-0.4825722312408541,-1.0,3.316360775058963,3.749944322780587,0.0,True,insufficient_egarch_obs
orig GM paper,Full-cost net,571,garch11_residual_fallback_insufficient_egarch_obs,60,ok,60,-1.0,4.98367349574957,-0.2790268538043341,-0.3525917240786104,-1.0,2.852198535060315,3.436309889767724,0.0,True,insufficient_egarch_obs
orig GM paper,Full-cost net,572,garch11_residual_fallback_insufficient_egarch_obs,60,ok,60,-1.0,6.43669360276459,-0.5547383255501248,-0.6753530038771072,-1.0,3.6345968922971097,3.727714112354727,0.0,True,insufficient_egarch_obs
orig GM paper,Full-cost net,573,garch11_residual_fallback_insufficient_egarch_obs,60,ok,60,-1.0,8.616228550776777,0.24382584931791187,0.3479137564238009,-1.0,4.149097311230267,4.682616111386747,0.0,True,insufficient_egarch_obs
orig GM paper,Full-cost net,574,garch11_residual_fallback_insufficient_egarch_obs,60,ok,60,-1.0,5.565191399825648,-0.12460210404066377,-0.16558922701143913,-1.0,2.902505700313314,3.5069910059285667,0.0,True,insufficient_egarch_obs
orig GM paper,Full-cost net,575,garch11_residual_fallback_insufficient_egarch_obs,60,ok,60,-1.0,6.961097097241202,0.04017065455509894,0.054327100044911286,-1.0,3.556260262811122,4.620536344919755,0.0,True,insufficient_egarch_obs
orig GM paper,Full-cost net,576,garch11_residual_fallback_insufficient_egarch_obs,60,ok,60,-1.0,5.971524968255581,0.24277940421218103,0.325843152936419,-1.0,3.053247886880813,4.061714714355055,0.0,True,insufficient_egarch_obs
orig GM paper,Full-cost net,577,garch11_residual_fallback_insufficient_egarch_obs,60,ok,60,-1.0,5.972312762794557,0.29656019244326814,0.43522515160998926,-1.0,3.0389263500779022,3.6379703699096537,0.0,True,insufficient_egarch_obs
orig GM paper,Full-cost net,578,garch11_residual_fallback_insufficient_egarch_obs,60,ok,60,-1.0,7.623279153481357,0.06669690021290477,0.08750196993166923,-1.0,3.8992916452567403,4.27126827490311,0.0,True,insufficient_egarch_obs
orig GM paper,Full-cost net,579,garch11_residual_fallback_insufficient_egarch_obs,60,ok,60,-1.0,9.10248804607169,0.4498203980287229,0.6456976198810587,-1.0,4.874612382468329,5.833065831126383,0.0,True,insufficient_egarch_obs
orig GM paper,Full-cost net,580,garch11_residual_fallback_insufficient_egarch_obs,60,ok,60,-1.0,5.5770608994932385,0.26588900518710573,0.3767469757765268,-1.0,3.2737371996189193,3.465455959545412,0.0,True,insufficient_egarch_obs
orig GM paper,Full-cost net,581,garch11_residual_fallback_insufficient_egarch_obs,60,ok,60,-1.0,6.140439611030925,-0.07926283164547886,-0.10568324036652525,-1.0,3.1566644277941216,4.144090549280752,0.0,True,insufficient_egarch_obs
orig GM paper,Full-cost net,582,garch11_residual_fallback_insufficient_egarch_obs,60,ok,60,-1.0,8.032125134308044,-0.00048501914567843714,-0.000660052857952752,-1.0,4.210076422162153,4.741274458807478,0.0,True,insufficient_egarch_obs
orig GM paper,Full-cost net,583,garch11_residual_fallback_insufficient_egarch_obs,60,ok,60,-1.0,5.205705901182685,0.4116525629092345,0.6413299136881235,-1.0,2.790257834450406,3.2877180681631324,0.0,True,insufficient_egarch_obs
orig GM paper,Full-cost net,584,garch11_residual_fallback_insufficient_egarch_obs,60,ok,60,-1.0,14.094761002515167,1.1686927484084009,2.1556556539778984,-1.0,5.99860064064386,7.6806013181787565,0.0,True,insufficient_egarch_obs
orig GM paper,Full-cost net,585,garch11_residual_fallback_insufficient_egarch_obs,60,ok,60,-1.0,4.874767328548527,0.012963281794649534,0.017820829518733834,-1.0,2.74120277564871,3.19457172348521,0.0,True,insufficient_egarch_obs
orig GM paper,Full-cost net,586,garch11_residual_fallback_insufficient_egarch_obs,60,ok,60,-1.0,7.91491787285087,0.40102839129897555,0.6336251707594129,-1.0,3.6416045835714077,4.059760016831765,0.0,True,insufficient_egarch_obs
orig GM paper,Full-cost net,587,garch11_residual_fallback_insufficient_egarch_obs,60,ok,60,-1.0,4.935998636736638,-0.23363145981462044,-0.31702164423779505,-1.0,2.7862252811305703,2.8942063126216375,0.0,True,insufficient_egarch_obs
orig GM paper,Full-cost net,588,garch11_residual_fallback_insufficient_egarch_obs,60,ok,60,-1.0,5.510251521697102,0.4200358207009465,0.674152790257677,-1.0,3.020224798590889,3.1418415502734724,0.0,True,insufficient_egarch_obs
orig GM paper,Full-cost net,589,garch11_residual_fallback_insufficient_egarch_obs,60,ok,60,-1.0,6.331290525459504,0.25657522515415426,0.37401893607505515,-1.0,3.536981632913358,3.741405411138899,0.0,True,insufficient_egarch_obs
orig GM paper,Full-cost net,590,garch11_residual_fallback_insufficient_egarch_obs,60,ok,60,-1.0,6.597048171020473,0.128290611945608,0.18228251660333347,-1.0,3.228685017998655,3.4468104871552874,0.0,True,insufficient_egarch_obs
orig GM paper,Full-cost net,591,garch11_residual_fallback_insufficient_egarch_obs,60,ok,60,-1.0,6.884811306133873,0.12384251391966687,0.16973345525612935,-1.0,3.2316085966081705,4.294570925605655,0.0,True,insufficient_egarch_obs
orig GM paper,Full-cost net,592,garch11_residual_fallback_insufficient_egarch_obs,60,ok,60,-1.0,7.543526716131156,-0.13857884811460203,-0.18028253727131233,-1.0,3.9348002808801756,4.600870984331887,0.0,True,insufficient_egarch_obs
orig GM paper,Full-cost net,593,garch11_residual_fallback_insufficient_egarch_obs,60,ok,60,-1.0,7.062776201323428,1.0751483772079982,1.717827986321548,-1.0,4.125202704376178,4.432096410721313,0.0,True,insufficient_egarch_obs
orig GM paper,Full-cost net,594,garch11_residual_fallback_insufficient_egarch_obs,60,ok,60,-1.0,6.398409860533168,-0.5324840071571649,-0.6564219038457033,-1.0,3.3904122080636134,3.9521113916414214,0.0,True,insufficient_egarch_obs
orig GM paper,Full-cost net,595,garch11_residual_fallback_insufficient_egarch_obs,60,ok,60,-1.0,4.719753185670436,0.24661385064921146,0.35125415790272124,-1.0,2.736907329219513,3.091893738312034,0.0,True,insufficient_egarch_obs
orig GM paper,Full-cost net,596,garch11_residual_fallback_insufficient_egarch_obs,60,ok,60,-1.0,6.860511417629431,-0.009038965236727276,-0.012416484339601026,-1.0,3.743192544473295,4.527940941966842,0.0,True,insufficient_egarch_obs
orig GM paper,Full-cost net,597,garch11_residual_fallback_insufficient_egarch_obs,60,ok,60,-1.0,4.768524151054195,-0.32188360317272846,-0.41446396876817143,-1.0,2.7951774205405573,3.221972329049397,0.0,True,insufficient_egarch_obs
orig GM paper,Full-cost net,598,garch11_residual_fallback_insufficient_egarch_obs,60,ok,60,-1.0,5.996000499760328,-0.11607904973155886,-0.1539699498148867,-1.0,3.1873453354597228,3.8058394878406645,0.0,True,insufficient_egarch_obs
orig GM paper,Full-cost net,599,garch11_residual_fallback_insufficient_egarch_obs,60,ok,60,-1.0,7.008051423671138,-0.7136679664192007,-0.8323832719309776,-1.0,3.4770696119312134,4.323137374746296,0.0,True,insufficient_egarch_obs
orig GM paper,Full-cost net,600,garch11_residual_fallback_insufficient_egarch_obs,60,ok,60,-1.0,4.204926849050852,-0.3716584415241151,-0.4519891764748282,-1.0,2.5478734261854554,3.3512032868217765,0.0,True,insufficient_egarch_obs
orig GM paper,Full-cost net,601,garch11_residual_fallback_insufficient_egarch_obs,60,ok,60,-1.0,5.996178667480049,-0.26942579664967886,-0.3498993883091639,-1.0,2.7753676914274514,3.3958134141628515,0.0,True,insufficient_egarch_obs
orig GM paper,Full-cost net,602,garch11_residual_fallback_insufficient_egarch_obs,60,ok,60,-1.0,6.165311058315549,0.017556524618183536,0.022837939167087744,-1.0,3.380958736200361,4.242400648102158,0.0,True,insufficient_egarch_obs
orig GM paper,Full-cost net,603,garch11_residual_fallback_insufficient_egarch_obs,60,ok,60,-1.0,4.395570472922344,0.7414428743056438,1.208956138141507,-1.0,2.3465162368502996,2.8819965129816825,0.0,True,insufficient_egarch_obs
orig GM paper,Full-cost net,604,garch11_residual_fallback_insufficient_egarch_obs,60,ok,60,-1.0,12.69634860341303,1.2501281330681593,2.2686090602201556,-1.0,5.8707397278259075,6.283106481440527,0.0,True,insufficient_egarch_obs
orig GM paper,Full-cost net,605,garch11_residual_fallback_insufficient_egarch_obs,60,ok,60,-1.0,6.078213751953726,0.37198909160957416,0.5322206869719185,-1.0,3.354923829416916,4.0304993116277394,0.0,True,insufficient_egarch_obs
orig GM paper,Full-cost net,606,garch11_residual_fallback_insufficient_egarch_obs,60,ok,60,-1.0,6.411374696998276,-0.3360231314188704,-0.41308797482954185,-1.0,3.390713885964589,4.10072547133489,0.0,True,insufficient_egarch_obs
orig GM paper,Full-cost net,607,garch11_residual_fallback_insufficient_egarch_obs,60,ok,60,-1.0,7.142317160389495,0.37453182997872764,0.5492460200286367,-1.0,3.536575238253095,4.3289251277602645,0.0,True,insufficient_egarch_obs
orig GM paper,Full-cost net,608,garch11_residual_fallback_insufficient_egarch_obs,60,ok,60,-1.0,5.169237236960675,-1.0748045154141461,-1.2334217105617007,-1.0,3.059266539300068,3.126959386914816,0.0,True,insufficient_egarch_obs
orig GM paper,Full-cost net,609,garch11_residual_fallback_insufficient_egarch_obs,60,ok,60,-1.0,5.211126866192454,-0.25533058585517165,-0.33356545578347363,-1.0,3.17422110309035,3.7627558061950146,0.0,True,insufficient_egarch_obs
orig GM paper,Full-cost net,610,garch11_residual_fallback_insufficient_egarch_obs,60,ok,60,-1.0,10.746517868391946,0.16461820146724312,0.23164004584325384,-1.0,4.853340242601309,7.069390884412019,0.0,True,insufficient_egarch_obs
orig GM paper,Full-cost net,611,garch11_residual_fallback_insufficient_egarch_obs,60,ok,60,-1.0,7.370483570299602,0.060625357271432846,0.08479711079917718,-1.0,3.857577239601273,4.231672628985918,0.0,True,insufficient_egarch_obs
orig GM paper,Full-cost net,612,garch11_residual_fallback_insufficient_egarch_obs,60,ok,60,-1.0,7.043222067125146,0.4232101693922865,0.6306635824238708,-1.0,3.2333008924400315,4.270967375130909,0.0,True,insufficient_egarch_obs
orig GM paper,Full-cost net,613,garch11_residual_fallback_insufficient_egarch_obs,60,ok,60,-1.0,8.882150986009886,0.7253208912534977,1.209894842490314,-1.0,4.045038408852251,4.629791666670616,0.0,True,insufficient_egarch_obs
orig GM paper,Full-cost net,614,garch11_residual_fallback_insufficient_egarch_obs,60,ok,60,-1.0,6.692164067408047,0.046653016093570476,0.06727336824765798,-1.0,3.383397953313501,3.774987182551017,0.0,True,insufficient_egarch_obs
orig GM paper,Full-cost net,615,garch11_residual_fallback_insufficient_egarch_obs,60,ok,60,-1.0,7.204463517203212,0.6445696918428806,1.010195787067098,-1.0,3.2938612838003696,4.644525948723923,0.0,True,insufficient_egarch_obs
orig GM paper,Full-cost net,616,garch11_residual_fallback_insufficient_egarch_obs,60,ok,60,-1.0,6.129426381479542,-0.3754111952074852,-0.47592085395521594,-1.0,3.6093937123731745,4.1067050405921375,0.0,True,insufficient_egarch_obs
orig GM paper,Full-cost net,617,garch11_residual_fallback_insufficient_egarch_obs,60,ok,60,-1.0,5.541505447922364,-0.4469129284669939,-0.543370268658682,-1.0,3.338015217754145,3.9113204384823703,0.0,True,insufficient_egarch_obs
orig GM paper,Full-cost net,618,garch11_residual_fallback_insufficient_egarch_obs,60,ok,60,-1.0,6.318983320452387,-0.5990717147323341,-0.7594235017888958,-1.0,3.2177512183853065,3.706485152191773,0.0,True,insufficient_egarch_obs
orig GM paper,Full-cost net,619,garch11_residual_fallback_insufficient_egarch_obs,60,ok,60,-1.0,5.400662932407122,0.09998393682872884,0.13871705574134627,-1.0,2.9320665872436775,3.3413695268286854,0.0,True,insufficient_egarch_obs
orig GM paper,Full-cost net,620,garch11_residual_fallback_insufficient_egarch_obs,60,ok,60,-1.0,6.879590444225131,0.2523184349441069,0.35548805227839025,-1.0,3.9196328415691615,4.726870422842764,0.0,True,insufficient_egarch_obs
orig GM paper,Full-cost net,621,garch11_residual_fallback_insufficient_egarch_obs,60,ok,60,-1.0,6.200291540164484,0.25710689096993544,0.3716483622449633,-1.0,3.2073524768190325,3.878002196944897,0.0,True,insufficient_egarch_obs
orig GM paper,Full-cost net,622,garch11_residual_fallback_insufficient_egarch_obs,60,ok,60,-1.0,7.134583582891645,0.3134916303018284,0.4540376983725271,-1.0,3.5523647523766906,4.007964908106408,0.0,True,insufficient_egarch_obs
orig GM paper,Full-cost net,623,garch11_residual_fallback_insufficient_egarch_obs,60,ok,60,-1.0,4.1373809345311505,-0.20087700081620274,-0.2673461409631838,-1.0,2.568281343195585,2.834988691901433,0.0,True,insufficient_egarch_obs
orig GM paper,Full-cost net,624,garch11_residual_fallback_insufficient_egarch_obs,60,ok,60,-1.0,8.226105763928832,-0.05205166998379958,-0.06885117244940751,-1.0,4.006011660060082,5.0565647207547,0.0,True,insufficient_egarch_obs
orig GM paper,Full-cost net,625,garch11_residual_fallback_insufficient_egarch_obs,60,ok,60,-1.0,7.220932875191393,0.03850136869540215,0.05155258380436195,-1.0,3.234858790737666,5.151952386374069,0.0,True,insufficient_egarch_obs
orig GM paper,Full-cost net,626,garch11_residual_fallback_insufficient_egarch_obs,60,ok,60,-1.0,5.857314779517558,-0.1353549237108928,-0.17620589691110347,-1.0,3.4323757513192654,3.7771873798688667,0.0,True,insufficient_egarch_obs
orig GM paper,Full-cost net,627,garch11_residual_fallback_insufficient_egarch_obs,60,ok,60,-1.0,8.226726966068593,0.832353186739078,1.4241101096845565,-1.0,3.229975978501143,4.316500111290758,0.0,True,insufficient_egarch_obs
orig GM paper,Full-cost net,628,garch11_residual_fallback_insufficient_egarch_obs,60,ok,60,-1.0,18.640164523686618,0.6593344499002612,1.0032358075247902,-1.0,9.658054236225489,11.509089018455692,0.0,True,insufficient_egarch_obs
orig GM paper,Full-cost net,629,garch11_residual_fallback_insufficient_egarch_obs,60,ok,60,-1.0,6.038669993891712,-0.4173764954749492,-0.5240419839881703,-1.0,3.303020796645257,4.193611889272784,0.0,True,insufficient_egarch_obs
orig GM paper,Full-cost net,630,garch11_residual_fallback_insufficient_egarch_obs,60,ok,60,-1.0,5.253828029420125,0.07717595505251298,0.1104249010758164,-1.0,2.793458980535323,3.8318263108139354,0.0,True,insufficient_egarch_obs
orig GM paper,Full-cost net,631,garch11_residual_fallback_insufficient_egarch_obs,60,ok,60,-1.0,5.840721433723343,-0.3034751311866393,-0.38413344884905865,-1.0,3.375923085201681,3.6314704606062747,0.0,True,insufficient_egarch_obs
orig GM paper,Full-cost net,632,garch11_residual_fallback_insufficient_egarch_obs,60,ok,60,-1.0,6.989289408927341,-0.1464660409371707,-0.19376385123666126,-1.0,3.7180198061131424,3.958600789258874,0.0,True,insufficient_egarch_obs
orig GM paper,Full-cost net,633,garch11_residual_fallback_insufficient_egarch_obs,60,ok,60,-1.0,5.309127445579794,-0.3034766856058947,-0.4004076437296723,-1.0,2.749401752257725,3.2253536295708467,0.0,True,insufficient_egarch_obs
orig GM paper,Full-cost net,634,garch11_residual_fallback_insufficient_egarch_obs,60,ok,60,-1.0,5.624257370256869,0.8085330367010755,1.3092724759642471,-1.0,3.3110992159122334,3.5902356038841745,0.0,True,insufficient_egarch_obs
orig GM paper,Full-cost net,635,garch11_residual_fallback_insufficient_egarch_obs,60,ok,60,-1.0,5.539631150847186,0.3277024523488578,0.5164913195643757,-1.0,2.503731745109784,3.3679060226411863,0.0,True,insufficient_egarch_obs
orig GM paper,Full-cost net,636,garch11_residual_fallback_insufficient_egarch_obs,60,ok,60,-1.0,4.653263594430673,-0.4206043694739061,-0.5003164474823448,-1.0,2.976770220536298,3.3502639061008352,0.0,True,insufficient_egarch_obs
orig GM paper,Full-cost net,637,garch11_residual_fallback_insufficient_egarch_obs,60,ok,60,-1.0,5.105272043885951,-0.4570200130273148,-0.5801074145142424,-1.0,2.7873698674620058,3.0922041632934527,0.0,True,insufficient_egarch_obs
orig GM paper,Full-cost net,638,garch11_residual_fallback_insufficient_egarch_obs,60,ok,60,-1.0,8.325814162888852,-0.20703023202602822,-0.2745398749151539,-1.0,4.099744806377797,4.33779227423283,0.0,True,insufficient_egarch_obs
orig GM paper,Full-cost net,639,garch11_residual_fallback_insufficient_egarch_obs,60,ok,60,-1.0,6.010642123164503,-0.24229851667768576,-0.31898586413814756,-1.0,3.384158255806975,3.6915972367603302,0.0,True,insufficient_egarch_obs
orig GM paper,Full-cost net,640,garch11_residual_fallback_insufficient_egarch_obs,60,ok,60,-1.0,7.398069759736258,0.4610192215976173,0.7083047325522073,-1.0,3.2538036615495463,4.83689409856435,0.0,True,insufficient_egarch_obs
orig GM paper,Full-cost net,641,garch11_residual_fallback_insufficient_egarch_obs,60,ok,60,-1.0,5.1052916045344565,-0.9218294185008783,-1.020330566299445,-1.0,2.867735261519804,3.452026527133976,0.0,True,insufficient_egarch_obs
orig GM paper,Full-cost net,642,garch11_residual_fallback_insufficient_egarch_obs,60,ok,60,-1.0,4.849194199583418,-0.2669986286562771,-0.33707931417038484,-1.0,2.904217633743695,3.256220810336965,0.0,True,insufficient_egarch_obs
orig GM paper,Full-cost net,643,garch11_residual_fallback_insufficient_egarch_obs,60,ok,60,-1.0,7.1555691958163985,0.11224048866466578,0.16486294055521863,-1.0,3.4140528977606213,3.6883372870155497,0.0,True,insufficient_egarch_obs
orig GM paper,Full-cost net,644,garch11_residual_fallback_insufficient_egarch_obs,60,ok,60,-1.0,5.91176617595265,0.01438250931615829,0.018978502406969487,-1.0,3.1372047788785635,3.8455082015124327,0.0,True,insufficient_egarch_obs
orig GM paper,Full-cost net,645,garch11_residual_fallback_insufficient_egarch_obs,60,ok,60,-1.0,5.960498344327969,0.23584926922010335,0.3336572776806208,-1.0,3.217251417076284,3.4481248931280977,0.0,True,insufficient_egarch_obs
orig GM paper,Full-cost net,646,garch11_residual_fallback_insufficient_egarch_obs,60,ok,60,-1.0,3.8056731567599793,-0.8339920429632456,-0.9211317886885322,-1.0,2.5436429281387545,2.8283544775577476,0.0,True,insufficient_egarch_obs
orig GM paper,Full-cost net,647,garch11_residual_fallback_insufficient_egarch_obs,60,ok,60,-1.0,5.655517277288825,-0.5137161668478017,-0.6709021471821133,-1.0,3.1709790360528927,3.281926588995338,0.0,True,insufficient_egarch_obs
orig GM paper,Full-cost net,648,garch11_residual_fallback_insufficient_egarch_obs,60,ok,60,-1.0,3.982029178442308,-0.520833453380512,-0.6092396722341695,-1.0,2.793875709281654,3.1943040285881334,0.0,True,insufficient_egarch_obs
orig GM paper,Full-cost net,649,garch11_residual_fallback_insufficient_egarch_obs,60,ok,60,-1.0,10.665831809210587,0.3512601895193451,0.5367221642144693,-1.0,4.922019323611782,5.9422329208781575,0.0,True,insufficient_egarch_obs
orig GM paper,Full-cost net,650,garch11_residual_fallback_insufficient_egarch_obs,60,ok,60,-1.0,5.020898291769342,-0.836499016584824,-0.9591164679888002,-1.0,3.0274534761518703,3.6713247609757365,0.0,True,insufficient_egarch_obs
orig GM paper,Full-cost net,651,garch11_residual_fallback_insufficient_egarch_obs,60,ok,60,-1.0,5.923443587488617,0.5734138876694044,0.9314816775491024,-1.0,2.5481632814901243,3.3657038008501936,0.0,True,insufficient_egarch_obs
orig GM paper,Full-cost net,652,garch11_residual_fallback_insufficient_egarch_obs,60,ok,60,-1.0,9.920156574397508,-0.02075392120188763,-0.027718348582490584,-1.0,5.045300634544215,5.703322815737512,0.0,True,insufficient_egarch_obs
orig GM paper,Full-cost net,653,garch11_residual_fallback_insufficient_egarch_obs,60,ok,60,-1.0,5.985670633590789,-0.5333234243384136,-0.6587635816697731,-1.0,2.959032472322817,3.739998570825726,0.0,True,insufficient_egarch_obs
orig GM paper,Full-cost net,654,garch11_residual_fallback_insufficient_egarch_obs,60,ok,60,-1.0,6.467562855573605,0.35014357313137706,0.4957377351953513,-1.0,3.807170740630286,4.070302881334731,0.0,True,insufficient_egarch_obs
orig GM paper,Full-cost net,655,garch11_residual_fallback_insufficient_egarch_obs,60,ok,60,-1.0,7.188996969867982,0.5210084211717196,0.7763595584118426,-1.0,3.1189282682275974,5.040051266502829,0.0,True,insufficient_egarch_obs
orig GM paper,Full-cost net,656,garch11_residual_fallback_insufficient_egarch_obs,60,ok,60,-1.0,6.332337414465956,-0.19538916745454096,-0.24642810592230724,-1.0,3.6170975306935964,3.884017547740051,0.0,True,insufficient_egarch_obs
orig GM paper,Full-cost net,657,garch11_residual_fallback_insufficient_egarch_obs,60,ok,60,-1.0,4.608656201789396,-1.025869155624846,-1.1036584948177002,-1.0,2.8076421776183667,3.215936209027042,0.0,True,insufficient_egarch_obs
orig GM paper,Full-cost net,658,garch11_residual_fallback_insufficient_egarch_obs,60,ok,60,-1.0,4.105611899168227,-0.9514934534827579,-1.0289269510254397,-1.0,2.839660704420058,3.315115469350341,0.0,True,insufficient_egarch_obs
orig GM paper,Full-cost net,659,garch11_residual_fallback_insufficient_egarch_obs,60,ok,60,-1.0,8.454745757531512,-0.05335512847968262,-0.07496983403827467,-1.0,3.884263957694042,4.827958427775896,0.0,True,insufficient_egarch_obs
orig GM paper,Full-cost net,660,garch11_residual_fallback_insufficient_egarch_obs,60,ok,60,-1.0,5.587394269407413,-0.9359673927601212,-1.0501169637796615,-1.0,3.161662459716759,3.845666799023449,0.0,True,insufficient_egarch_obs
orig GM paper,Full-cost net,661,garch11_residual_fallback_insufficient_egarch_obs,60,ok,60,-1.0,7.85485328545598,0.9728758610415603,1.586498021758337,-1.0,3.7825659828397225,4.8155338258202995,0.0,True,insufficient_egarch_obs
orig GM paper,Full-cost net,662,garch11_residual_fallback_insufficient_egarch_obs,60,ok,60,-1.0,5.785855421962721,0.40429687280520976,0.6067314046834287,-1.0,3.3244964184019867,3.694408347890152,0.0,True,insufficient_egarch_obs
orig GM paper,Full-cost net,663,garch11_residual_fallback_insufficient_egarch_obs,60,ok,60,-1.0,4.451401870437825,-1.3129250837993784,-1.3276142848979118,-1.0,2.983764662884127,3.310069800745342,0.0,True,insufficient_egarch_obs
orig GM paper,Full-cost net,664,garch11_residual_fallback_insufficient_egarch_obs,60,ok,60,-1.0,7.580024657429418,0.5971102997075322,0.8890434197073593,-1.0,3.906536880830611,4.423435012380224,0.0,True,insufficient_egarch_obs
orig GM paper,Full-cost net,665,garch11_residual_fallback_insufficient_egarch_obs,60,ok,60,-1.0,5.442183616262902,-0.3949644010799453,-0.5068529085529585,-1.0,3.136028459936478,3.325818675664214,0.0,True,insufficient_egarch_obs
orig GM paper,Full-cost net,666,garch11_residual_fallback_insufficient_egarch_obs,60,ok,60,-1.0,5.251963502573749,-0.0807784346283378,-0.10744316151670551,-1.0,3.0893420307714825,3.321822331362297,0.0,True,insufficient_egarch_obs
orig GM paper,Full-cost net,667,garch11_residual_fallback_insufficient_egarch_obs,60,ok,60,-1.0,7.403058634235987,0.8349986384861986,1.442622612142566,-1.0,3.2373331141333748,3.724125402685415,0.0,True,insufficient_egarch_obs
orig GM paper,Full-cost net,668,garch11_residual_fallback_insufficient_egarch_obs,60,ok,60,-1.0,6.9986286508862,0.759720817953502,1.1550009989346217,-1.0,3.5267126178758446,4.708552892364097,0.0,True,insufficient_egarch_obs
orig GM paper,Full-cost net,669,garch11_residual_fallback_insufficient_egarch_obs,60,ok,60,-1.0,9.868554829653231,0.3837292380941601,0.5818167745894064,-1.0,4.6443805149944275,5.068111203606522,0.0,True,insufficient_egarch_obs
orig GM paper,Full-cost net,670,garch11_residual_fallback_insufficient_egarch_obs,60,ok,60,-1.0,7.2915993359958104,0.35536969380598443,0.5225224591480583,-1.0,3.78131599723142,4.293575674864854,0.0,True,insufficient_egarch_obs
orig GM paper,Full-cost net,671,garch11_residual_fallback_insufficient_egarch_obs,60,ok,60,-1.0,11.74518924585001,0.7568474732493649,1.1808512301010998,-1.0,5.604222843987523,7.563129652230916,0.0,True,insufficient_egarch_obs
orig GM paper,Full-cost net,672,garch11_residual_fallback_insufficient_egarch_obs,60,ok,60,-1.0,5.991520747085788,0.25622808078031656,0.3612126273165261,-1.0,3.5222340679444035,3.9467169447883905,0.0,True,insufficient_egarch_obs
orig GM paper,Full-cost net,673,garch11_residual_fallback_insufficient_egarch_obs,60,ok,60,-1.0,13.707202956133878,0.5199380065782726,0.8398164972647731,-1.0,5.698202022392376,6.65089184814271,0.0,True,insufficient_egarch_obs
orig GM paper,Full-cost net,674,garch11_residual_fallback_insufficient_egarch_obs,60,ok,60,-1.0,9.13020071882129,1.3034807063015346,2.658960399284694,-1.0,3.27589458493393,4.406788435000459,0.0,True,insufficient_egarch_obs
orig GM paper,Full-cost net,675,garch11_residual_fallback_insufficient_egarch_obs,60,ok,60,-1.0,8.74476276209868,-0.18713511203489,-0.2397889209795165,-1.0,5.06420875722425,5.785055220474637,0.0,True,insufficient_egarch_obs
orig GM paper,Full-cost net,676,garch11_residual_fallback_insufficient_egarch_obs,60,ok,60,-1.0,8.191331433185193,0.397964909286215,0.5996118220073249,-1.0,4.024033701872257,4.69491529258879,0.0,True,insufficient_egarch_obs
orig GM paper,Full-cost net,677,garch11_residual_fallback_insufficient_egarch_obs,60,ok,60,-1.0,7.194762319648321,-0.07896254351252509,-0.1085961423844195,-1.0,3.565286083184915,4.081308055926955,0.0,True,insufficient_egarch_obs
orig GM paper,Full-cost net,678,garch11_residual_fallback_insufficient_egarch_obs,60,ok,60,-1.0,5.685199867148924,-0.17876759526856528,-0.24288937134530136,-1.0,2.724589864055917,3.458091995654415,0.0,True,insufficient_egarch_obs
orig GM paper,Full-cost net,679,garch11_residual_fallback_insufficient_egarch_obs,60,ok,60,-1.0,6.15607602939694,0.4209605514584403,0.6343391582283323,-1.0,3.1252375296289765,3.6570277323467972,0.0,True,insufficient_egarch_obs
orig GM paper,Full-cost net,680,garch11_residual_fallback_insufficient_egarch_obs,60,ok,60,-1.0,4.3949625075796375,-0.3790793409459305,-0.5043975613345933,-1.0,2.3247305369804727,2.8571482283112215,0.0,True,insufficient_egarch_obs
orig GM paper,Full-cost net,681,garch11_residual_fallback_insufficient_egarch_obs,60,ok,60,-1.0,7.120051287409508,0.2644553829882902,0.3732823180233012,-1.0,3.7127209190637274,4.31207922606137,0.0,True,insufficient_egarch_obs
orig GM paper,Full-cost net,682,garch11_residual_fallback_insufficient_egarch_obs,60,ok,60,-1.0,5.698305118743791,-0.3004705290277743,-0.3751059495784576,-1.0,3.061412814322288,3.5119987735551987,0.0,True,insufficient_egarch_obs
orig GM paper,Full-cost net,683,garch11_residual_fallback_insufficient_egarch_obs,60,ok,60,-1.0,6.209079836691051,0.37700704719166284,0.5731765458998407,-1.0,3.107229639727003,3.6291008753976204,0.0,True,insufficient_egarch_obs
orig GM paper,Full-cost net,684,garch11_residual_fallback_insufficient_egarch_obs,60,ok,60,-1.0,6.957862383172617,-0.34960121265406324,-0.4540735113432455,-1.0,3.564674730227253,3.854635695210005,0.0,True,insufficient_egarch_obs
orig GM paper,Full-cost net,685,garch11_residual_fallback_insufficient_egarch_obs,60,ok,60,-1.0,7.643373430764833,0.1683340437744484,0.2368215117574597,-1.0,4.031447345184543,4.988228529548752,0.0,True,insufficient_egarch_obs
orig GM paper,Full-cost net,686,garch11_residual_fallback_insufficient_egarch_obs,60,ok,60,-1.0,5.470767761183587,-0.07140101517843819,-0.09355515218519889,-1.0,3.1331352477437933,3.633161577671069,0.0,True,insufficient_egarch_obs
orig GM paper,Full-cost net,687,garch11_residual_fallback_insufficient_egarch_obs,60,ok,60,-1.0,5.373722545927025,-0.049226779741456415,-0.06342433789292125,-1.0,3.0413648052336457,3.309936015983913,0.0,True,insufficient_egarch_obs
orig GM paper,Full-cost net,688,garch11_residual_fallback_insufficient_egarch_obs,60,ok,60,-1.0,4.946898834279109,0.44165836803366193,0.6974766566641073,-1.0,2.1917370685320283,3.3158218943796256,0.0,True,insufficient_egarch_obs
orig GM paper,Full-cost net,689,garch11_residual_fallback_insufficient_egarch_obs,60,ok,60,-1.0,4.740481586515309,0.394754518391726,0.5819968853583538,-1.0,2.600177647228734,3.02904469443502,0.0,True,insufficient_egarch_obs
orig GM paper,Full-cost net,690,garch11_residual_fallback_insufficient_egarch_obs,60,ok,60,-1.0,7.413552945692733,0.7930383998857021,1.2463129885657473,-1.0,3.7787894145118317,4.355421410773879,0.0,True,insufficient_egarch_obs
orig GM paper,Full-cost net,691,garch11_residual_fallback_insufficient_egarch_obs,60,ok,60,-1.0,5.9759926232319645,0.07473893516454985,0.10588016119490681,-1.0,3.070798646914321,3.5766503866478803,0.0,True,insufficient_egarch_obs
orig GM paper,Full-cost net,692,garch11_residual_fallback_insufficient_egarch_obs,60,ok,60,-1.0,5.24374527028637,0.626617186364677,0.9222578351861953,-1.0,2.8558159562982954,3.0512020220096816,0.0,True,insufficient_egarch_obs
orig GM paper,Full-cost net,693,garch11_residual_fallback_insufficient_egarch_obs,60,ok,60,-1.0,8.06632891867045,0.23361401451849764,0.32214367039311287,-1.0,4.460889260625027,4.916893756632056,0.0,True,insufficient_egarch_obs
orig GM paper,Full-cost net,694,garch11_residual_fallback_insufficient_egarch_obs,60,ok,60,-1.0,10.418007979571987,0.8999762315220748,1.4127386793395034,-1.0,4.720126979640312,6.476158777855578,0.0,True,insufficient_egarch_obs
orig GM paper,Full-cost net,695,garch11_residual_fallback_insufficient_egarch_obs,60,ok,60,-1.0,6.229155287305057,0.24251027933909114,0.3500813801523364,-1.0,2.9770815045956303,3.671861549439933,0.0,True,insufficient_egarch_obs
orig GM paper,Full-cost net,696,garch11_residual_fallback_insufficient_egarch_obs,60,ok,60,-1.0,7.39788517021083,-0.41437917317419015,-0.5197374396649613,-1.0,3.6496567215682125,4.651928324521633,0.0,True,insufficient_egarch_obs
orig GM paper,Full-cost net,697,garch11_residual_fallback_insufficient_egarch_obs,60,ok,60,-1.0,8.263980405983586,0.1018226758953577,0.13998496494372129,-1.0,3.9871386585476793,4.755065515519933,0.0,True,insufficient_egarch_obs
orig GM paper,Full-cost net,698,garch11_residual_fallback_insufficient_egarch_obs,60,ok,60,-1.0,3.2101349005122723,-1.5693531424060017,-1.525742460289923,-1.0,2.326204521248324,2.449408842479912,0.0,True,insufficient_egarch_obs
orig GM paper,Full-cost net,699,garch11_residual_fallback_insufficient_egarch_obs,60,ok,60,-1.0,7.558928253930515,-0.5177174522226258,-0.6517778087859263,-1.0,3.764821293702028,4.40765099388965,0.0,True,insufficient_egarch_obs
orig GM paper,Full-cost net,700,garch11_residual_fallback_insufficient_egarch_obs,60,ok,60,-1.0,6.817476951068715,0.9286457608047914,1.7215335111619299,-1.0,2.8696673352887596,3.873886429065761,0.0,True,insufficient_egarch_obs
orig GM paper,Full-cost net,701,garch11_residual_fallback_insufficient_egarch_obs,60,ok,60,-1.0,6.5347318832294485,-0.0035248355207857535,-0.005063941384584776,-1.0,3.2547996771874694,3.710556549386927,0.0,True,insufficient_egarch_obs
orig GM paper,Full-cost net,702,garch11_residual_fallback_insufficient_egarch_obs,60,ok,60,-1.0,4.7635397941383415,-0.25503257361546955,-0.3228251268579199,-1.0,2.824841388669029,3.28708004950118,0.0,True,insufficient_egarch_obs
orig GM paper,Full-cost net,703,garch11_residual_fallback_insufficient_egarch_obs,60,ok,60,-1.0,5.0594890839993,0.17144929877688597,0.2626733495255325,-1.0,2.683714216205693,2.776252829950188,0.0,True,insufficient_egarch_obs
orig GM paper,Full-cost net,704,garch11_residual_fallback_insufficient_egarch_obs,60,ok,60,-1.0,10.196940839401291,0.6414011101318192,0.9849116389960225,-1.0,4.426702461133983,6.389713746889143,0.0,True,insufficient_egarch_obs
orig GM paper,Full-cost net,705,garch11_residual_fallback_insufficient_egarch_obs,60,ok,60,-1.0,11.578150487397558,0.20249756239120661,0.2839819509689668,-1.0,5.900849623331791,7.291337167632169,0.0,True,insufficient_egarch_obs
orig GM paper,Full-cost net,706,garch11_residual_fallback_insufficient_egarch_obs,60,ok,60,-1.0,7.458356512706689,0.3305367761581486,0.48917894449813937,-1.0,3.5765130909834646,4.108804849495655,0.0,True,insufficient_egarch_obs
orig GM paper,Full-cost net,707,garch11_residual_fallback_insufficient_egarch_obs,60,ok,60,-1.0,8.611996330265512,-0.0596391471135085,-0.07716060201349455,-1.0,4.387167848487778,4.963021328186266,0.0,True,insufficient_egarch_obs
orig GM paper,Full-cost net,708,garch11_residual_fallback_insufficient_egarch_obs,60,ok,60,-1.0,5.348090658189823,0.27804128053582944,0.40460728360029163,-1.0,3.056349834980566,3.3205056942495665,0.0,True,insufficient_egarch_obs
orig GM paper,Full-cost net,709,garch11_residual_fallback_insufficient_egarch_obs,60,ok,60,-1.0,3.9693325821069014,-0.7881874851334191,-0.9179029467601028,-1.0,2.3403152255950768,2.862607321687259,0.0,True,insufficient_egarch_obs
orig GM paper,Full-cost net,710,garch11_residual_fallback_insufficient_egarch_obs,60,ok,60,-1.0,5.79893032773369,-0.11680762323011379,-0.14783088838361036,-1.0,3.267882464928296,3.697869869427682,0.0,True,insufficient_egarch_obs
orig GM paper,Full-cost net,711,garch11_residual_fallback_insufficient_egarch_obs,60,ok,60,-1.0,7.176674968401385,-0.2563791680620123,-0.3343594502661055,-1.0,3.959977980819365,4.1797139604151665,0.0,True,insufficient_egarch_obs
orig GM paper,Full-cost net,712,garch11_residual_fallback_insufficient_egarch_obs,60,ok,60,-1.0,6.598853758372813,-1.0511130652300986,-1.1704624548786702,-1.0,3.8356308881673957,3.961280685424839,0.0,True,insufficient_egarch_obs
orig GM paper,Full-cost net,713,garch11_residual_fallback_insufficient_egarch_obs,60,ok,60,-1.0,6.097887658072162,0.27731459643700784,0.42778331039350626,-1.0,2.8140235067328767,3.4305828396012656,0.0,True,insufficient_egarch_obs
orig GM paper,Full-cost net,714,garch11_residual_fallback_insufficient_egarch_obs,60,ok,60,-1.0,6.558676679342506,0.0012296710915038953,0.0015973378378751162,-1.0,3.929348908221568,4.268270035430636,0.0,True,insufficient_egarch_obs
orig GM paper,Full-cost net,715,garch11_residual_fallback_insufficient_egarch_obs,60,ok,60,-1.0,6.632427458767641,0.24924166142140067,0.3661955227565076,-1.0,3.518407893031896,4.043251061821048,0.0,True,insufficient_egarch_obs
orig GM paper,Full-cost net,716,garch11_residual_fallback_insufficient_egarch_obs,60,ok,60,-1.0,7.543203158071391,0.09334230219091537,0.12491020048719353,-1.0,3.746669519157873,4.660004665016788,0.0,True,insufficient_egarch_obs
orig GM paper,Full-cost net,717,garch11_residual_fallback_insufficient_egarch_obs,60,ok,60,-1.0,11.704587124648752,-0.21240667540097266,-0.28302390756060725,-1.0,5.712503157624474,6.033501226906053,0.0,True,insufficient_egarch_obs
orig GM paper,Full-cost net,718,garch11_residual_fallback_insufficient_egarch_obs,60,ok,60,-1.0,4.175815438823692,-0.45201438703472113,-0.5374703551239414,-1.0,2.572760607590842,3.4088138035100752,0.0,True,insufficient_egarch_obs
orig GM paper,Full-cost net,719,garch11_residual_fallback_insufficient_egarch_obs,60,ok,60,-1.0,9.875588257908435,0.38135266490740294,0.5625295070704455,-1.0,4.453075909651081,5.463646469544602,0.0,True,insufficient_egarch_obs
orig GM paper,Full-cost net,720,garch11_residual_fallback_insufficient_egarch_obs,60,ok,60,-1.0,4.7634363657233365,-1.1915659272807853,-1.304173709994659,-1.0,2.7932082721309786,3.301369872752184,0.0,True,insufficient_egarch_obs
orig GM paper,Full-cost net,721,garch11_residual_fallback_insufficient_egarch_obs,60,ok,60,-1.0,7.9030719212443445,-0.0773177868262321,-0.10689676497319864,-1.0,4.178596625677929,4.604640936236478,0.0,True,insufficient_egarch_obs
orig GM paper,Full-cost net,722,garch11_residual_fallback_insufficient_egarch_obs,60,ok,60,-1.0,7.51788107258514,-0.2292417986491697,-0.31013744796366627,-1.0,3.670969459740308,4.335341104670499,0.0,True,insufficient_egarch_obs
orig GM paper,Full-cost net,723,garch11_residual_fallback_insufficient_egarch_obs,60,ok,60,-1.0,6.185112099279236,0.17974173964104018,0.26768942785070876,-1.0,3.2844606915091075,3.4188006262880513,0.0,True,insufficient_egarch_obs
orig GM paper,Full-cost net,724,garch11_residual_fallback_insufficient_egarch_obs,60,ok,60,-1.0,5.64146878244986,-0.24803861725690554,-0.32969494374884245,-1.0,2.982562924055373,3.3259567402813475,0.0,True,insufficient_egarch_obs
orig GM paper,Full-cost net,725,garch11_residual_fallback_insufficient_egarch_obs,60,ok,60,-1.0,11.877588291537116,0.6504322012451883,0.9941551590188206,-1.0,5.375032997161414,6.443429270315477,0.0,True,insufficient_egarch_obs
orig GM paper,Full-cost net,726,garch11_residual_fallback_insufficient_egarch_obs,60,ok,60,-1.0,8.134919103981158,0.5214352883668363,0.8458523284508441,-1.0,3.6777739412239976,3.924113087812581,0.0,True,insufficient_egarch_obs
orig GM paper,Full-cost net,727,garch11_residual_fallback_insufficient_egarch_obs,60,ok,60,-1.0,5.2698849965324,0.3862074390307181,0.6120639984498503,-1.0,2.778618881541312,3.0278305477629677,0.0,True,insufficient_egarch_obs
orig GM paper,Full-cost net,728,garch11_residual_fallback_insufficient_egarch_obs,60,ok,60,-1.0,5.234684668392118,0.5478728176673457,0.9317260981231714,-1.0,2.5304415930047623,3.0212682288057437,0.0,True,insufficient_egarch_obs
orig GM paper,Full-cost net,729,garch11_residual_fallback_insufficient_egarch_obs,60,ok,60,-1.0,7.708527320286921,-0.004190928602407046,-0.0055306399979721975,-1.0,4.052144941968162,4.913406001675003,0.0,True,insufficient_egarch_obs
orig GM paper,Full-cost net,730,garch11_residual_fallback_insufficient_egarch_obs,60,ok,60,-1.0,4.09319510460916,-0.3528540514220594,-0.4560771952185041,-1.0,2.61287011486193,2.890623863021817,0.0,True,insufficient_egarch_obs
orig GM paper,Full-cost net,731,garch11_residual_fallback_insufficient_egarch_obs,60,ok,60,-1.0,6.95273523407079,-0.15966726155747046,-0.2157926834355885,-1.0,3.7704430016916595,4.586739891773404,0.0,True,insufficient_egarch_obs
orig GM paper,Full-cost net,732,garch11_residual_fallback_insufficient_egarch_obs,60,ok,60,-1.0,5.141269724042665,-0.46351093589651654,-0.5538668768487021,-1.0,3.1848533656540026,3.716254827168035,0.0,True,insufficient_egarch_obs
orig GM paper,Full-cost net,733,garch11_residual_fallback_insufficient_egarch_obs,60,ok,60,-1.0,5.199720628418946,0.23143533509833183,0.34895156153776796,-1.0,2.3864194077714496,3.517352391695706,0.0,True,insufficient_egarch_obs
orig GM paper,Full-cost net,734,garch11_residual_fallback_insufficient_egarch_obs,60,ok,60,-1.0,6.64834807696287,0.1728167296672603,0.23891731855132417,-1.0,3.376407393340828,4.250542999447551,0.0,True,insufficient_egarch_obs
orig GM paper,Full-cost net,735,garch11_residual_fallback_insufficient_egarch_obs,60,ok,60,-1.0,4.595957887109763,-0.4734077879088971,-0.5811761365128787,-1.0,2.582354977670266,3.2149295651440823,0.0,True,insufficient_egarch_obs
orig GM paper,Full-cost net,736,garch11_residual_fallback_insufficient_egarch_obs,60,ok,60,-1.0,9.752109032817282,0.2612962485347423,0.373264228616026,-1.0,4.726585070210631,5.424291314315458,0.0,True,insufficient_egarch_obs
orig GM paper,Full-cost net,737,garch11_residual_fallback_insufficient_egarch_obs,60,ok,60,-1.0,4.0025823321808485,-1.2550268500917359,-1.3152163195978284,-1.0,2.5299743343182666,2.828216749229286,0.0,True,insufficient_egarch_obs
orig GM paper,Full-cost net,738,garch11_residual_fallback_insufficient_egarch_obs,60,ok,60,-1.0,7.522321245096027,0.0029255933632313462,0.0040849661032803615,-1.0,3.581057813153098,4.359663777920757,0.0,True,insufficient_egarch_obs
orig GM paper,Full-cost net,739,garch11_residual_fallback_insufficient_egarch_obs,60,ok,60,-1.0,6.413324726304854,0.5539055922866725,0.8588822977823315,-1.0,3.025961240494646,4.129492791416844,0.0,True,insufficient_egarch_obs
orig GM paper,Full-cost net,740,garch11_residual_fallback_insufficient_egarch_obs,60,ok,60,-1.0,4.7341462888427746,-0.6881314225364643,-0.8228949212437837,-1.0,2.9174931213004722,3.030482155242319,0.0,True,insufficient_egarch_obs
orig GM paper,Full-cost net,741,garch11_residual_fallback_insufficient_egarch_obs,60,ok,60,-1.0,5.931785195753002,0.38675576452735394,0.5792777739764834,-1.0,3.0317509930540028,3.4962186911361735,0.0,True,insufficient_egarch_obs
orig GM paper,Full-cost net,742,garch11_residual_fallback_insufficient_egarch_obs,60,ok,60,-1.0,6.937924080283504,0.2154609287464419,0.32531075653987446,-1.0,3.3168529694202245,3.8884173595387943,0.0,True,insufficient_egarch_obs
orig GM paper,Full-cost net,743,garch11_residual_fallback_insufficient_egarch_obs,60,ok,60,-1.0,3.4806067215841034,-0.5574787592964073,-0.6720505774070417,-1.0,1.9913720865265798,2.6741486915805446,0.0,True,insufficient_egarch_obs
orig GM paper,Full-cost net,744,garch11_residual_fallback_insufficient_egarch_obs,60,ok,60,-1.0,6.840398435029247,0.42602634371998954,0.6344876491097623,-1.0,3.3252062593915652,4.15594333973399,0.0,True,insufficient_egarch_obs
orig GM paper,Full-cost net,745,garch11_residual_fallback_insufficient_egarch_obs,60,ok,60,-1.0,4.837137891683964,-0.07835426340780684,-0.11724534441606067,-1.0,2.4917020263693286,2.9373224309182397,0.0,True,insufficient_egarch_obs
orig GM paper,Full-cost net,746,garch11_residual_fallback_insufficient_egarch_obs,60,ok,60,-1.0,5.8526223715941805,-0.12522038594185722,-0.17004312104423883,-1.0,3.046880267813052,3.4730175946662762,0.0,True,insufficient_egarch_obs
orig GM paper,Full-cost net,747,garch11_residual_fallback_insufficient_egarch_obs,60,ok,60,-1.0,6.7459470028875685,0.25760741113517244,0.38973994485991337,-1.0,3.2886816758053032,3.73729397760572,0.0,True,insufficient_egarch_obs
orig GM paper,Full-cost net,748,garch11_residual_fallback_insufficient_egarch_obs,60,ok,60,-1.0,4.763462515445953,0.04192086853125669,0.05725789450728836,-1.0,2.462549131756299,3.25408204754375,0.0,True,insufficient_egarch_obs
orig GM paper,Full-cost net,749,garch11_residual_fallback_insufficient_egarch_obs,60,ok,60,-1.0,4.543012645214107,-0.7800502602669932,-0.936864205990313,-1.0,2.8658269946434056,3.0700705954268668,0.0,True,insufficient_egarch_obs
orig GM paper,Full-cost net,750,garch11_residual_fallback_insufficient_egarch_obs,60,ok,60,-1.0,9.40726572276394,0.38491696547179777,0.5700089908638022,-1.0,4.6163682385722264,5.145962694007441,0.0,True,insufficient_egarch_obs
orig GM paper,Full-cost net,751,garch11_residual_fallback_insufficient_egarch_obs,60,ok,60,-1.0,4.281001192489904,-0.6976248918081933,-0.7957706797502303,-1.0,2.4356197563775255,3.299802029563072,0.0,True,insufficient_egarch_obs
orig GM paper,Full-cost net,752,garch11_residual_fallback_insufficient_egarch_obs,60,ok,60,-1.0,6.824773918140417,0.9011608341542541,1.7789472489413987,-1.0,2.8359811246965854,3.251847237737225,0.0,True,insufficient_egarch_obs
orig GM paper,Full-cost net,753,garch11_residual_fallback_insufficient_egarch_obs,60,ok,60,-1.0,8.617661252353935,0.5691027788917379,0.8745002501727966,-1.0,3.8021506357591917,5.127903434009277,0.0,True,insufficient_egarch_obs
orig GM paper,Full-cost net,754,garch11_residual_fallback_insufficient_egarch_obs,60,ok,60,-1.0,7.626040290454908,-0.26090895258232727,-0.33256563739002454,-1.0,3.6863130683523724,3.9876382756762787,0.0,True,insufficient_egarch_obs
orig GM paper,Full-cost net,755,garch11_residual_fallback_insufficient_egarch_obs,60,ok,60,-1.0,5.807635282586912,-0.018254229937622095,-0.025959410028072394,-1.0,3.079202478805466,3.7224298503945317,0.0,True,insufficient_egarch_obs
orig GM paper,Full-cost net,756,garch11_residual_fallback_insufficient_egarch_obs,60,ok,60,-1.0,7.624333364797319,0.0660982680933127,0.09327969169979257,-1.0,3.903724456384815,4.293328544060909,0.0,True,insufficient_egarch_obs
orig GM paper,Full-cost net,757,garch11_residual_fallback_insufficient_egarch_obs,60,ok,60,-1.0,5.1923576826845865,0.14149832083256375,0.21401125431543053,-1.0,2.2834070556262134,3.187895417013255,0.0,True,insufficient_egarch_obs
orig GM paper,Full-cost net,758,garch11_residual_fallback_insufficient_egarch_obs,60,ok,60,-1.0,8.003721077767613,1.2998372201887218,2.8085531089121507,-1.0,3.387377903394265,3.837907959054108,0.0,True,insufficient_egarch_obs
orig GM paper,Full-cost net,759,garch11_residual_fallback_insufficient_egarch_obs,60,ok,60,-1.0,5.650382267700616,-0.010120985274035496,-0.01353739072901656,-1.0,3.326447932544855,3.5710470336998554,0.0,True,insufficient_egarch_obs
orig GM paper,Full-cost net,760,garch11_residual_fallback_insufficient_egarch_obs,60,ok,60,-1.0,9.053956816845757,0.3129461406045166,0.4602331788271218,-1.0,5.022458917179873,5.62617268910293,0.0,True,insufficient_egarch_obs
orig GM paper,Full-cost net,761,garch11_residual_fallback_insufficient_egarch_obs,60,ok,60,-1.0,3.699819397367692,0.005165143948443676,0.007609012203712767,-1.0,1.8972351299544117,2.494249966180826,0.0,True,insufficient_egarch_obs
orig GM paper,Full-cost net,762,garch11_residual_fallback_insufficient_egarch_obs,60,ok,60,-1.0,4.996762161149878,-0.3980313921261496,-0.5194993320865836,-1.0,2.773695786730791,3.519384784825624,0.0,True,insufficient_egarch_obs
orig GM paper,Full-cost net,763,garch11_residual_fallback_insufficient_egarch_obs,60,ok,60,-1.0,9.376215102668837,0.13263245129715476,0.19065510173891814,-1.0,4.614790612273229,5.070366664133766,0.0,True,insufficient_egarch_obs
orig GM paper,Full-cost net,764,garch11_residual_fallback_insufficient_egarch_obs,60,ok,60,-1.0,6.3284874302833405,0.4900642785449691,0.7654924448900411,-1.0,3.444414279561754,3.6226874900971904,0.0,True,insufficient_egarch_obs
orig GM paper,Full-cost net,765,garch11_residual_fallback_insufficient_egarch_obs,60,ok,60,-1.0,8.153888544880472,0.19925270979554838,0.26993475884546925,-1.0,4.151993923528227,5.022627356950972,0.0,True,insufficient_egarch_obs
orig GM paper,Full-cost net,766,garch11_residual_fallback_insufficient_egarch_obs,60,ok,60,-1.0,8.367053015085512,0.4064727265402513,0.5575540559492967,-1.0,4.663552230375225,5.240942938725593,0.0,True,insufficient_egarch_obs
orig GM paper,Full-cost net,767,garch11_residual_fallback_insufficient_egarch_obs,60,ok,60,-1.0,5.146246913515848,-0.42743655121026236,-0.5221939791529991,-1.0,3.2056162121427096,3.4677434711565573,0.0,True,insufficient_egarch_obs
orig GM paper,Full-cost net,768,garch11_residual_fallback_insufficient_egarch_obs,60,ok,60,-1.0,7.11403665087069,-0.442805895944221,-0.5756389045086977,-1.0,3.698049275571171,4.292781006412317,0.0,True,insufficient_egarch_obs
orig GM paper,Full-cost net,769,garch11_residual_fallback_insufficient_egarch_obs,60,ok,60,-1.0,4.604115450931474,-0.6035464030043296,-0.728362935523579,-1.0,2.7379755554310012,3.0600112712666534,0.0,True,insufficient_egarch_obs
orig GM paper,Full-cost net,770,garch11_residual_fallback_insufficient_egarch_obs,60,ok,60,-1.0,7.299551796405764,0.5482037926749956,0.8782808600676832,-1.0,3.3897164947566227,4.096532041591455,0.0,True,insufficient_egarch_obs
orig GM paper,Full-cost net,771,garch11_residual_fallback_insufficient_egarch_obs,60,ok,60,-1.0,7.02558718188709,-0.5228622299308376,-0.6118896805948995,-1.0,3.8974576935329375,4.922811659867377,0.0,True,insufficient_egarch_obs
orig GM paper,Full-cost net,772,garch11_residual_fallback_insufficient_egarch_obs,60,ok,60,-1.0,6.403531933941998,-0.838809439744512,-0.9716785521878974,-1.0,3.4562657308210536,3.6858964586569543,0.0,True,insufficient_egarch_obs
orig GM paper,Full-cost net,773,garch11_residual_fallback_insufficient_egarch_obs,60,ok,60,-1.0,7.337184473501036,-0.40011877218134134,-0.5375271488079016,-1.0,3.659656310155935,4.189340673664404,0.0,True,insufficient_egarch_obs
orig GM paper,Full-cost net,774,garch11_residual_fallback_insufficient_egarch_obs,60,ok,60,-1.0,7.104625002159591,-0.01628962893047666,-0.022276911156112304,-1.0,3.81496461313337,4.4932762925820136,0.0,True,insufficient_egarch_obs
orig GM paper,Full-cost net,775,garch11_residual_fallback_insufficient_egarch_obs,60,ok,60,-1.0,5.639346861796628,-0.5533229944969608,-0.6619563775746538,-1.0,3.0043541644350236,3.815289892860348,0.0,True,insufficient_egarch_obs
orig GM paper,Full-cost net,776,garch11_residual_fallback_insufficient_egarch_obs,60,ok,60,-1.0,4.441147988279791,0.04537194119067077,0.06417991791288187,-1.0,2.090715651778798,3.154778440483282,0.0,True,insufficient_egarch_obs
orig GM paper,Full-cost net,777,garch11_residual_fallback_insufficient_egarch_obs,60,ok,60,-1.0,6.016847704438517,-0.06840441728012986,-0.09104316908862393,-1.0,3.540846756484116,3.9248964242406945,0.0,True,insufficient_egarch_obs
orig GM paper,Full-cost net,778,garch11_residual_fallback_insufficient_egarch_obs,60,ok,60,-1.0,5.117045668096331,1.508921305480644,3.3405358687896447,-1.0,1.009166804954301,2.519569012764773,0.0,True,insufficient_egarch_obs
orig GM paper,Full-cost net,779,garch11_residual_fallback_insufficient_egarch_obs,60,ok,60,-1.0,5.261429846060513,-0.1937787174864903,-0.2666942559678594,-1.0,2.821887378941557,3.213840381336342,0.0,True,insufficient_egarch_obs
orig GM paper,Full-cost net,780,garch11_residual_fallback_insufficient_egarch_obs,60,ok,60,-1.0,9.440615099767157,0.7468937836527266,1.2476883656832056,-1.0,4.271025782466965,4.954857089878305,0.0,True,insufficient_egarch_obs
orig GM paper,Full-cost net,781,garch11_residual_fallback_insufficient_egarch_obs,60,ok,60,-1.0,6.549403606854781,1.0051204434228174,1.7756686800358468,-1.0,2.5934171837539313,4.13769656364039,0.0,True,insufficient_egarch_obs
orig GM paper,Full-cost net,782,garch11_residual_fallback_insufficient_egarch_obs,60,ok,60,-1.0,4.220175390072601,-0.4748071053971959,-0.5648897571876449,-1.0,2.546913454698129,3.325175294642957,0.0,True,insufficient_egarch_obs
orig GM paper,Full-cost net,783,garch11_residual_fallback_insufficient_egarch_obs,60,ok,60,-1.0,3.954217634705222,-1.3706031015252038,-1.3919145370319834,-1.0,2.70713628880927,2.7796569592286215,0.0,True,insufficient_egarch_obs
orig GM paper,Full-cost net,784,garch11_residual_fallback_insufficient_egarch_obs,60,ok,60,-1.0,6.455105750761524,-0.3427088693144026,-0.4217428444812762,-1.0,3.2307597426064047,4.197525796882602,0.0,True,insufficient_egarch_obs
orig GM paper,Full-cost net,785,garch11_residual_fallback_insufficient_egarch_obs,60,ok,60,-1.0,10.959133555118353,0.09799599358128115,0.12685501383700773,-1.0,6.0029109666509655,6.840545867609758,0.0,True,insufficient_egarch_obs
orig GM paper,Full-cost net,786,garch11_residual_fallback_insufficient_egarch_obs,60,ok,60,-1.0,7.212964770993645,0.0480075402905848,0.06527178360270887,-1.0,3.6571143306599248,4.273991568799839,0.0,True,insufficient_egarch_obs
orig GM paper,Full-cost net,787,garch11_residual_fallback_insufficient_egarch_obs,60,ok,60,-1.0,3.9706698698392975,-0.9425024286414243,-1.0470302388244335,-1.0,2.530826956362935,3.199911572811216,0.0,True,insufficient_egarch_obs
orig GM paper,Full-cost net,788,garch11_residual_fallback_insufficient_egarch_obs,60,ok,60,-1.0,9.778143442539749,0.6269216144982672,1.0075150928997256,-1.0,4.295095068863854,5.815673149001067,0.0,True,insufficient_egarch_obs
orig GM paper,Full-cost net,789,garch11_residual_fallback_insufficient_egarch_obs,60,ok,60,-1.0,8.912551317487466,0.45972407402353077,0.6930172030624137,-1.0,4.0968240535536085,5.248783830315685,0.0,True,insufficient_egarch_obs
orig GM paper,Full-cost net,790,garch11_residual_fallback_insufficient_egarch_obs,60,ok,60,-1.0,6.861723758707327,0.14310258518971644,0.19254034567245626,-1.0,3.836926682609658,4.498364465195333,0.0,True,insufficient_egarch_obs
orig GM paper,Full-cost net,791,garch11_residual_fallback_insufficient_egarch_obs,60,ok,60,-1.0,5.13798539625492,0.17905514901366262,0.2538154253670409,-1.0,3.112302667071909,3.31045908590319,0.0,True,insufficient_egarch_obs
orig GM paper,Full-cost net,792,garch11_residual_fallback_insufficient_egarch_obs,60,ok,60,-1.0,5.105812871850808,-0.19656824791366032,-0.25630200149345994,-1.0,3.0855660196414165,3.439084097828305,0.0,True,insufficient_egarch_obs
orig GM paper,Full-cost net,793,garch11_residual_fallback_insufficient_egarch_obs,60,ok,60,-1.0,4.882102913062672,0.6877579581038594,1.0847706694036923,-1.0,2.302046321948259,2.976693929901112,0.0,True,insufficient_egarch_obs
orig GM paper,Full-cost net,794,garch11_residual_fallback_insufficient_egarch_obs,60,ok,60,-1.0,5.268967690644336,0.9574483299672737,1.6236793988917864,-1.0,2.937467190304703,3.2348366243446,0.0,True,insufficient_egarch_obs
orig GM paper,Full-cost net,795,garch11_residual_fallback_insufficient_egarch_obs,60,ok,60,-1.0,7.246887338380674,-0.5051517066884286,-0.6481157974783873,-1.0,3.5541251379983985,4.602636196136264,0.0,True,insufficient_egarch_obs
orig GM paper,Full-cost net,796,garch11_residual_fallback_insufficient_egarch_obs,60,ok,60,-1.0,6.454828078804429,0.8814396076949265,1.4454373139242964,-1.0,2.9652826014446743,3.6853123992043932,0.0,True,insufficient_egarch_obs
orig GM paper,Full-cost net,797,garch11_residual_fallback_insufficient_egarch_obs,60,ok,60,-1.0,6.185102385550509,-1.200322154190322,-1.269665808525899,-1.0,3.975960267846819,4.327229956093691,0.0,True,insufficient_egarch_obs
orig GM paper,Full-cost net,798,garch11_residual_fallback_insufficient_egarch_obs,60,ok,60,-1.0,7.55461211152276,0.5337148848066604,0.884687748340057,-1.0,3.201412165983281,3.725175296362448,0.0,True,insufficient_egarch_obs
orig GM paper,Full-cost net,799,garch11_residual_fallback_insufficient_egarch_obs,60,ok,60,-1.0,12.019400141883711,0.32485616830001796,0.47073683077182576,-1.0,5.338161149983773,7.327180904692681,0.0,True,insufficient_egarch_obs
orig GM paper,Full-cost net,800,garch11_residual_fallback_insufficient_egarch_obs,60,ok,60,-1.0,4.0350394912400445,-0.939868456039334,-1.0597777462798104,-1.0,2.39998531760619,2.9331318064660468,0.0,True,insufficient_egarch_obs
orig GM paper,Full-cost net,801,garch11_residual_fallback_insufficient_egarch_obs,60,ok,60,-1.0,7.745753550150293,0.36720155053955655,0.521809534573295,-1.0,4.071752656729936,4.51581573786622,0.0,True,insufficient_egarch_obs
orig GM paper,Full-cost net,802,garch11_residual_fallback_insufficient_egarch_obs,60,ok,60,-1.0,6.860626875096885,-0.3697457717070708,-0.48365156865989095,-1.0,3.6747943010454316,4.385234942060338,0.0,True,insufficient_egarch_obs
orig GM paper,Full-cost net,803,garch11_residual_fallback_insufficient_egarch_obs,60,ok,60,-1.0,5.9067604321729155,-0.05929996941253633,-0.08535860959095026,-1.0,2.879293780312624,3.927557686618717,0.0,True,insufficient_egarch_obs
orig GM paper,Full-cost net,804,garch11_residual_fallback_insufficient_egarch_obs,60,ok,60,-1.0,5.929025798284401,-0.2537834335236447,-0.33674976083417474,-1.0,3.1644929306234912,4.126596970776162,0.0,True,insufficient_egarch_obs
orig GM paper,Full-cost net,805,garch11_residual_fallback_insufficient_egarch_obs,60,ok,60,-1.0,8.66357113317923,0.04101204995404634,0.0552318243270359,-1.0,4.278978232398064,5.014558290286489,0.0,True,insufficient_egarch_obs
orig GM paper,Full-cost net,806,garch11_residual_fallback_insufficient_egarch_obs,60,ok,60,-1.0,5.253012187592206,-0.7103524868226903,-0.8375899555002951,-1.0,2.9930942911496903,3.5338766175420844,0.0,True,insufficient_egarch_obs
orig GM paper,Full-cost net,807,garch11_residual_fallback_insufficient_egarch_obs,60,ok,60,-1.0,6.8385791551330355,0.7938650560202613,1.2272130205782992,-1.0,3.0964973629160193,4.58760193054733,0.0,True,insufficient_egarch_obs
orig GM paper,Full-cost net,808,garch11_residual_fallback_insufficient_egarch_obs,60,ok,60,-1.0,7.85238210359688,0.06577540853931912,0.09577858911661143,-1.0,3.8310616695325224,4.421696420218301,0.0,True,insufficient_egarch_obs
orig GM paper,Full-cost net,809,garch11_residual_fallback_insufficient_egarch_obs,60,ok,60,-1.0,7.973720242982494,-0.22480554506482192,-0.29023679433530436,-1.0,4.0854497383695225,4.883654937967382,0.0,True,insufficient_egarch_obs
orig GM paper,Full-cost net,810,garch11_residual_fallback_insufficient_egarch_obs,60,ok,60,-1.0,10.116363108009473,0.4522122064399901,0.6936191473974773,-1.0,4.92005606713708,5.762036622239234,0.0,True,insufficient_egarch_obs
orig GM paper,Full-cost net,811,garch11_residual_fallback_insufficient_egarch_obs,60,ok,60,-1.0,5.095815610163039,0.05783810652218755,0.0886803998417828,-1.0,2.4364609704521736,2.9586844137328066,0.0,True,insufficient_egarch_obs
orig GM paper,Full-cost net,812,garch11_residual_fallback_insufficient_egarch_obs,60,ok,60,-1.0,6.009897489203287,0.9622161930504844,1.6012960267721768,-1.0,2.793948270752958,3.627013887783141,0.0,True,insufficient_egarch_obs
orig GM paper,Full-cost net,813,garch11_residual_fallback_insufficient_egarch_obs,60,ok,60,-1.0,5.566435365257832,9.445639316825756e-05,0.00012334873067503077,-1.0,3.5279899957805263,3.8095086849342343,0.0,True,insufficient_egarch_obs
orig GM paper,Full-cost net,814,garch11_residual_fallback_insufficient_egarch_obs,60,ok,60,-1.0,6.195700046465897,0.671318507920336,1.0380939852072306,-1.0,3.1467409531665314,3.522313641094911,0.0,True,insufficient_egarch_obs
orig GM paper,Full-cost net,815,garch11_residual_fallback_insufficient_egarch_obs,60,ok,60,-1.0,7.365940020144661,-0.33690492517368753,-0.42527196038709053,-1.0,3.778624857776734,4.240167734487231,0.0,True,insufficient_egarch_obs
orig GM paper,Full-cost net,816,garch11_residual_fallback_insufficient_egarch_obs,60,ok,60,-1.0,3.996369081723902,-0.18422806755170903,-0.24679806943465357,-1.0,2.328697227552804,2.52440585838544,0.0,True,insufficient_egarch_obs
orig GM paper,Full-cost net,817,garch11_residual_fallback_insufficient_egarch_obs,60,ok,60,-1.0,3.4869724252653547,-1.1528727725156878,-1.254584155180684,-1.0,2.2906375799346654,2.4404197357533803,0.0,True,insufficient_egarch_obs
orig GM paper,Full-cost net,818,garch11_residual_fallback_insufficient_egarch_obs,60,ok,60,-1.0,7.551903613028793,1.0607124373962318,1.9643727047554718,-1.0,3.0724667893539532,3.788410725808293,0.0,True,insufficient_egarch_obs
orig GM paper,Full-cost net,819,garch11_residual_fallback_insufficient_egarch_obs,60,ok,60,-1.0,5.274362605506349,0.18604260871660716,0.2676885630246164,-1.0,2.76999153598791,3.1435176435915153,0.0,True,insufficient_egarch_obs
orig GM paper,Full-cost net,820,garch11_residual_fallback_insufficient_egarch_obs,60,ok,60,-1.0,6.276061991228196,-0.10470358647209292,-0.13403877229916786,-1.0,3.4473294899984452,4.01936540889733,0.0,True,insufficient_egarch_obs
orig GM paper,Full-cost net,821,garch11_residual_fallback_insufficient_egarch_obs,60,ok,60,-1.0,7.089196176235578,-0.23797926073867542,-0.3067334769923674,-1.0,3.3269258858455752,4.3129368472761165,0.0,True,insufficient_egarch_obs
orig GM paper,Full-cost net,822,garch11_residual_fallback_insufficient_egarch_obs,60,ok,60,-1.0,5.222902620263842,0.5024509412042452,0.7612334652530569,-1.0,2.745515239312662,3.259226291414619,0.0,True,insufficient_egarch_obs
orig GM paper,Full-cost net,823,garch11_residual_fallback_insufficient_egarch_obs,60,ok,60,-1.0,8.395057180779045,0.36830237682767236,0.551946037562082,-1.0,3.877755053494733,4.235171841448779,0.0,True,insufficient_egarch_obs
orig GM paper,Full-cost net,824,garch11_residual_fallback_insufficient_egarch_obs,60,ok,60,-1.0,6.909457858581224,0.27812603338265024,0.41946520635545415,-1.0,3.4541073198576595,3.953194705854463,0.0,True,insufficient_egarch_obs
orig GM paper,Full-cost net,825,garch11_residual_fallback_insufficient_egarch_obs,60,ok,60,-1.0,8.459556238677088,0.18831216774873158,0.27847161599070924,-1.0,3.7424740853945084,4.778083463455762,0.0,True,insufficient_egarch_obs
orig GM paper,Full-cost net,826,garch11_residual_fallback_insufficient_egarch_obs,60,ok,60,-1.0,3.555385357982571,-0.24189100939197453,-0.3118630814135172,-1.0,1.8578983473212007,2.7338475659240493,0.0,True,insufficient_egarch_obs
orig GM paper,Full-cost net,827,garch11_residual_fallback_insufficient_egarch_obs,60,ok,60,-1.0,5.3417978585748465,-0.35263018232483784,-0.4685010083407984,-1.0,3.0925389597674804,3.4958778952877814,0.0,True,insufficient_egarch_obs
orig GM paper,Full-cost net,828,garch11_residual_fallback_insufficient_egarch_obs,60,ok,60,-1.0,4.121815114894277,-1.020479555035294,-1.1143625341733319,-1.0,2.6035771291436385,3.2094984906348265,0.0,True,insufficient_egarch_obs
orig GM paper,Full-cost net,829,garch11_residual_fallback_insufficient_egarch_obs,60,ok,60,-1.0,7.790605354056594,0.3176302091187292,0.45119740409144726,-1.0,3.6965085967436044,4.41735379556276,0.0,True,insufficient_egarch_obs
orig GM paper,Full-cost net,830,garch11_residual_fallback_insufficient_egarch_obs,60,ok,60,-1.0,11.676394857881334,0.8190783358128509,1.279289688850495,-1.0,5.950342650513321,6.844643328648424,0.0,True,insufficient_egarch_obs
orig GM paper,Full-cost net,831,garch11_residual_fallback_insufficient_egarch_obs,60,ok,60,-1.0,4.155384890474181,0.16754765256621493,0.24127274155488554,-1.0,2.433440787396369,3.021201381228669,0.0,True,insufficient_egarch_obs
orig GM paper,Full-cost net,832,garch11_residual_fallback_insufficient_egarch_obs,60,ok,60,-1.0,8.8138845836499,0.7816475467326316,1.3324088365722055,-1.0,3.9922985954635095,5.071215461546079,0.0,True,insufficient_egarch_obs
orig GM paper,Full-cost net,833,garch11_residual_fallback_insufficient_egarch_obs,60,ok,60,-1.0,5.268617088265631,-0.04979742466031755,-0.06756746774280332,-1.0,3.0286828633220915,3.3345976687759973,0.0,True,insufficient_egarch_obs
orig GM paper,Full-cost net,834,garch11_residual_fallback_insufficient_egarch_obs,60,ok,60,-1.0,9.628736841690088,0.14407889387813413,0.19734433971639984,-1.0,5.154538577716682,6.122255640828122,0.0,True,insufficient_egarch_obs
orig GM paper,Full-cost net,835,garch11_residual_fallback_insufficient_egarch_obs,60,ok,60,-1.0,5.701814795707785,-0.8847450430238402,-0.9938488588810784,-1.0,3.5320260853481735,4.075301291531233,0.0,True,insufficient_egarch_obs
orig GM paper,Full-cost net,836,garch11_residual_fallback_insufficient_egarch_obs,60,ok,60,-1.0,7.868502519866452,-0.6649544680287433,-0.7717096847912879,-1.0,4.7740808116618405,5.112289162352181,0.0,True,insufficient_egarch_obs
orig GM paper,Full-cost net,837,garch11_residual_fallback_insufficient_egarch_obs,60,ok,60,-1.0,4.981196099103008,-0.3717058673625957,-0.4776195567226455,-1.0,2.97203872696699,3.3915435894231756,0.0,True,insufficient_egarch_obs
orig GM paper,Full-cost net,838,garch11_residual_fallback_insufficient_egarch_obs,60,ok,60,-1.0,4.140513765393741,-0.7673401696167186,-0.8685909807882388,-1.0,2.955176443593799,3.0616704213608528,0.0,True,insufficient_egarch_obs
orig GM paper,Full-cost net,839,garch11_residual_fallback_insufficient_egarch_obs,60,ok,60,-1.0,5.040584809614285,0.520967374999849,0.7905072860133668,-1.0,2.7620617010723816,3.1440940348919586,0.0,True,insufficient_egarch_obs
orig GM paper,Full-cost net,840,garch11_residual_fallback_insufficient_egarch_obs,60,ok,60,-1.0,6.119825580856655,0.3662761940561361,0.5577153188685906,-1.0,2.8901939909235663,3.797227698335675,0.0,True,insufficient_egarch_obs
orig GM paper,Full-cost net,841,garch11_residual_fallback_insufficient_egarch_obs,60,ok,60,-1.0,6.705716363494844,0.321541078673297,0.4508284387147226,-1.0,3.861098414003693,4.394059446792389,0.0,True,insufficient_egarch_obs
orig GM paper,Full-cost net,842,garch11_residual_fallback_insufficient_egarch_obs,60,ok,60,-1.0,3.8090669734660416,-0.8728245835092434,-1.0475884065728862,-1.0,2.223260468272513,2.544353271718908,0.0,True,insufficient_egarch_obs
orig GM paper,Full-cost net,843,garch11_residual_fallback_insufficient_egarch_obs,60,ok,60,-1.0,11.530648536742873,0.9456740918021055,1.5466976197056146,-1.0,5.319320437004612,6.28241059906307,0.0,True,insufficient_egarch_obs
orig GM paper,Full-cost net,844,garch11_residual_fallback_insufficient_egarch_obs,60,ok,60,-1.0,7.011294233825287,0.7866540267906722,1.2908900596711534,-1.0,3.3853378581849496,3.8779691268160152,0.0,True,insufficient_egarch_obs
orig GM paper,Full-cost net,845,garch11_residual_fallback_insufficient_egarch_obs,60,ok,60,-1.0,7.557380496620002,0.1976382720268975,0.2805546857905065,-1.0,3.9877916603093793,4.544397501247334,0.0,True,insufficient_egarch_obs
orig GM paper,Full-cost net,846,garch11_residual_fallback_insufficient_egarch_obs,60,ok,60,-1.0,5.961407378563921,-0.9585708981011815,-1.0852705910632146,-1.0,3.6646209008348007,3.8863133624417263,0.0,True,insufficient_egarch_obs
orig GM paper,Full-cost net,847,garch11_residual_fallback_insufficient_egarch_obs,60,ok,60,-1.0,6.967894223989233,0.4922818214220519,0.7511272435106937,-1.0,3.0774182774724506,3.833715433810001,0.0,True,insufficient_egarch_obs
orig GM paper,Full-cost net,848,garch11_residual_fallback_insufficient_egarch_obs,60,ok,60,-1.0,5.850855842541198,-0.5741581059244605,-0.6841346672005881,-1.0,3.306419234267515,3.802360218916624,0.0,True,insufficient_egarch_obs
orig GM paper,Full-cost net,849,garch11_residual_fallback_insufficient_egarch_obs,60,ok,60,-1.0,3.8421520382803913,-0.7144806477369409,-0.8467354390347226,-1.0,2.318467281095336,2.5694154958325246,0.0,True,insufficient_egarch_obs
orig GM paper,Full-cost net,850,garch11_residual_fallback_insufficient_egarch_obs,60,ok,60,-1.0,5.626074253814163,0.6979665769586989,1.245476670708366,-1.0,2.286253928977165,3.1039596258388227,0.0,True,insufficient_egarch_obs
orig GM paper,Full-cost net,851,garch11_residual_fallback_insufficient_egarch_obs,60,ok,60,-1.0,6.261088698441897,0.238481692027814,0.3501173983979657,-1.0,2.884945716390659,3.8717054601414502,0.0,True,insufficient_egarch_obs
orig GM paper,Full-cost net,852,garch11_residual_fallback_insufficient_egarch_obs,60,ok,60,-1.0,9.444770649970732,-0.1032305686941662,-0.13256980895134138,-1.0,5.064739336800747,5.645225097048574,0.0,True,insufficient_egarch_obs
orig GM paper,Full-cost net,853,garch11_residual_fallback_insufficient_egarch_obs,60,ok,60,-1.0,7.022095518070179,0.22642140712700398,0.3403078124177061,-1.0,3.3399311676961503,4.02722767790079,0.0,True,insufficient_egarch_obs
orig GM paper,Full-cost net,854,garch11_residual_fallback_insufficient_egarch_obs,60,ok,60,-1.0,5.909772558604418,-0.16735551677186689,-0.2298700437652843,-1.0,3.3912868072004945,3.578486945734864,0.0,True,insufficient_egarch_obs
orig GM paper,Full-cost net,855,garch11_residual_fallback_insufficient_egarch_obs,60,ok,60,-1.0,8.616094043245372,0.11468330275766418,0.15658104601495587,-1.0,4.945957578748138,5.117554928000689,0.0,True,insufficient_egarch_obs
orig GM paper,Full-cost net,856,garch11_residual_fallback_insufficient_egarch_obs,60,ok,60,-1.0,4.315353034177084,-0.5938529559870556,-0.7203911326936945,-1.0,2.5587615823139864,2.84585992501659,0.0,True,insufficient_egarch_obs
orig GM paper,Full-cost net,857,garch11_residual_fallback_insufficient_egarch_obs,60,ok,60,-1.0,6.255238412636097,0.7847533557541287,1.1837085997093442,-1.0,3.3009849109115432,4.123931531694729,0.0,True,insufficient_egarch_obs
orig GM paper,Full-cost net,858,garch11_residual_fallback_insufficient_egarch_obs,60,ok,60,-1.0,13.445740430676866,1.0979897173709554,1.9651629731938465,-1.0,5.24857698711298,7.37897209953558,0.0,True,insufficient_egarch_obs
orig GM paper,Full-cost net,859,garch11_residual_fallback_insufficient_egarch_obs,60,ok,60,-1.0,6.95870964289437,0.38971225030041334,0.5796787602160433,-1.0,3.3993938093309874,4.195709767164769,0.0,True,insufficient_egarch_obs
orig GM paper,Full-cost net,860,garch11_residual_fallback_insufficient_egarch_obs,60,ok,60,-1.0,4.91826743982407,-0.6464286524850639,-0.7862797902037285,-1.0,2.6081679209765674,3.2422976212588015,0.0,True,insufficient_egarch_obs
orig GM paper,Full-cost net,861,garch11_residual_fallback_insufficient_egarch_obs,60,ok,60,-1.0,4.677650790147662,0.992499068389178,2.134827352700707,-1.0,1.3196438573338127,2.1963329828700067,0.0,True,insufficient_egarch_obs
orig GM paper,Full-cost net,862,garch11_residual_fallback_insufficient_egarch_obs,60,ok,60,-1.0,7.6968178662180415,0.35832005024857627,0.5692219732160263,-1.0,3.336756161811393,4.033027901159914,0.0,True,insufficient_egarch_obs
orig GM paper,Full-cost net,863,garch11_residual_fallback_insufficient_egarch_obs,60,ok,60,-1.0,5.689368978662083,0.31738881958557047,0.47571682286678313,-1.0,2.918648286433341,3.5879276722323943,0.0,True,insufficient_egarch_obs
orig GM paper,Full-cost net,864,garch11_residual_fallback_insufficient_egarch_obs,60,ok,60,-1.0,4.379944303908061,0.3430078410351958,0.5164756813480014,-1.0,2.177205072841502,2.9878865504520866,0.0,True,insufficient_egarch_obs
orig GM paper,Full-cost net,865,garch11_residual_fallback_insufficient_egarch_obs,60,ok,60,-1.0,6.55902352015831,-0.04205756407969643,-0.05598215797040587,-1.0,3.603232532433486,3.855281776158312,0.0,True,insufficient_egarch_obs
orig GM paper,Full-cost net,866,garch11_residual_fallback_insufficient_egarch_obs,60,ok,60,-1.0,5.949583972452608,-0.33433685661987195,-0.4536510176435481,-1.0,2.8503071735484724,3.372993720486465,0.0,True,insufficient_egarch_obs
orig GM paper,Full-cost net,867,garch11_residual_fallback_insufficient_egarch_obs,60,ok,60,-1.0,4.528840805765991,0.6075170537211256,0.9575999217127387,-1.0,2.2597505876101263,3.006495145911256,0.0,True,insufficient_egarch_obs
orig GM paper,Full-cost net,868,garch11_residual_fallback_insufficient_egarch_obs,60,ok,60,-1.0,7.748918141293816,1.1171418959062773,2.2099759154542102,-1.0,3.161334372440961,3.8610289162098197,0.0,True,insufficient_egarch_obs
orig GM paper,Full-cost net,869,garch11_residual_fallback_insufficient_egarch_obs,60,ok,60,-1.0,5.924672221225737,-0.08079763993905252,-0.11306143008843599,-1.0,3.0592799745264596,3.6577952786461903,0.0,True,insufficient_egarch_obs
orig GM paper,Full-cost net,870,garch11_residual_fallback_insufficient_egarch_obs,60,ok,60,-1.0,6.444255508915961,0.04973690843930358,0.0697445833563841,-1.0,3.3322264787580402,3.796580581876946,0.0,True,insufficient_egarch_obs
orig GM paper,Full-cost net,871,garch11_residual_fallback_insufficient_egarch_obs,60,ok,60,-1.0,6.519495932425686,-0.37692515907118274,-0.46617369119446217,-1.0,3.588293238241162,4.307994149238219,0.0,True,insufficient_egarch_obs
orig GM paper,Full-cost net,872,garch11_residual_fallback_insufficient_egarch_obs,60,ok,60,-1.0,4.255978778865819,-0.8676939980863069,-0.9598918301271336,-1.0,2.654230909304279,3.4155817757373463,0.0,True,insufficient_egarch_obs
orig GM paper,Full-cost net,873,garch11_residual_fallback_insufficient_egarch_obs,60,ok,60,-1.0,8.13880907979061,0.951515598746087,1.5438796065194345,-1.0,3.2707231834320782,5.434092875363554,0.0,True,insufficient_egarch_obs
orig GM paper,Full-cost net,874,garch11_residual_fallback_insufficient_egarch_obs,60,ok,60,-1.0,3.9314126239075304,-0.10471657458142705,-0.14170881398711668,-1.0,2.6651108731784108,2.878063348407567,0.0,True,insufficient_egarch_obs
orig GM paper,Full-cost net,875,garch11_residual_fallback_insufficient_egarch_obs,60,ok,60,-1.0,5.736443392724715,-0.7741019991075719,-0.9169909090745956,-1.0,3.339026988379917,3.7729070644743508,0.0,True,insufficient_egarch_obs
orig GM paper,Full-cost net,876,garch11_residual_fallback_insufficient_egarch_obs,60,ok,60,-1.0,9.061773718690684,0.043045326688452734,0.06333961166430338,-1.0,4.05325175342546,4.796750896502657,0.0,True,insufficient_egarch_obs
orig GM paper,Full-cost net,877,garch11_residual_fallback_insufficient_egarch_obs,60,ok,60,-1.0,6.567462078875185,-0.32319190077135507,-0.4369217707142639,-1.0,3.052025811382469,3.922676966264024,0.0,True,insufficient_egarch_obs
orig GM paper,Full-cost net,878,garch11_residual_fallback_insufficient_egarch_obs,60,ok,60,-1.0,6.242759587720817,-0.045966668134983325,-0.06259849962362278,-1.0,3.3448277203095182,3.471240934410987,0.0,True,insufficient_egarch_obs
orig GM paper,Full-cost net,879,garch11_residual_fallback_insufficient_egarch_obs,60,ok,60,-1.0,7.2333499654578235,0.36391922629356116,0.5249830577296299,-1.0,3.990829150402804,4.39541162290874,0.0,True,insufficient_egarch_obs
orig GM paper,Full-cost net,880,garch11_residual_fallback_insufficient_egarch_obs,60,ok,60,-1.0,9.562186635348732,0.32213134129185955,0.48893662773496055,-1.0,4.397192220865503,5.053447397706325,0.0,True,insufficient_egarch_obs
orig GM paper,Full-cost net,881,garch11_residual_fallback_insufficient_egarch_obs,60,ok,60,-1.0,6.049162904059129,-0.11526034628678254,-0.15407757437365177,-1.0,3.270321496397333,3.995556353163946,0.0,True,insufficient_egarch_obs
orig GM paper,Full-cost net,882,garch11_residual_fallback_insufficient_egarch_obs,60,ok,60,-1.0,7.653733321872465,0.24769301959568063,0.3600083480646005,-1.0,3.403393222333954,4.564707826832115,0.0,True,insufficient_egarch_obs
orig GM paper,Full-cost net,883,garch11_residual_fallback_insufficient_egarch_obs,60,ok,60,-1.0,6.846542295977518,0.1619248386635518,0.2425958182624093,-1.0,3.412300170789501,3.8297353362851703,0.0,True,insufficient_egarch_obs
orig GM paper,Full-cost net,884,garch11_residual_fallback_insufficient_egarch_obs,60,ok,60,-1.0,5.010918047364563,0.3330922013666115,0.4712347149202929,-1.0,2.7944226195819852,3.906721361465818,0.0,True,insufficient_egarch_obs
orig GM paper,Full-cost net,885,garch11_residual_fallback_insufficient_egarch_obs,60,ok,60,-1.0,6.8493856106778885,0.0808144524716551,0.11603200058277936,-1.0,3.6004381357495343,3.703360687522298,0.0,True,insufficient_egarch_obs
orig GM paper,Full-cost net,886,garch11_residual_fallback_insufficient_egarch_obs,60,ok,60,-1.0,6.586200015798288,-0.6632719063807947,-0.7700996374526468,-1.0,4.057519774411211,4.756087349734618,0.0,True,insufficient_egarch_obs
orig GM paper,Full-cost net,887,garch11_residual_fallback_insufficient_egarch_obs,60,ok,60,-1.0,6.348262786152807,0.2549626284257192,0.35985473893947895,-1.0,3.3082226860033326,3.8141256843541433,0.0,True,insufficient_egarch_obs
orig GM paper,Full-cost net,888,garch11_residual_fallback_insufficient_egarch_obs,60,ok,60,-1.0,5.091706594340463,-0.024536448652872026,-0.03423382163919477,-1.0,2.882050032607572,3.0429079793667086,0.0,True,insufficient_egarch_obs
orig GM paper,Full-cost net,889,garch11_residual_fallback_insufficient_egarch_obs,60,ok,60,-1.0,6.287411825152076,0.09313472076168694,0.12331220388767364,-1.0,3.3695583894549133,4.466685292669479,0.0,True,insufficient_egarch_obs
orig GM paper,Full-cost net,890,garch11_residual_fallback_insufficient_egarch_obs,60,ok,60,-1.0,3.6732134352597727,-0.9334187209567917,-1.0499087235777944,-1.0,2.260819240048721,2.8544907258220396,0.0,True,insufficient_egarch_obs
orig GM paper,Full-cost net,891,garch11_residual_fallback_insufficient_egarch_obs,60,ok,60,-1.0,6.144063756894591,0.4213238506464062,0.6238078674149298,-1.0,3.318756362350304,3.7899689639205896,0.0,True,insufficient_egarch_obs
orig GM paper,Full-cost net,892,garch11_residual_fallback_insufficient_egarch_obs,60,ok,60,-1.0,7.605976560289863,0.012222208702555637,0.016325149466010887,-1.0,3.6605681879952803,4.563950923830095,0.0,True,insufficient_egarch_obs
orig GM paper,Full-cost net,893,garch11_residual_fallback_insufficient_egarch_obs,60,ok,60,-1.0,4.369165979320845,-1.005553017551596,-1.1068409804913149,-1.0,3.0268853961419344,3.421217879201434,0.0,True,insufficient_egarch_obs
orig GM paper,Full-cost net,894,garch11_residual_fallback_insufficient_egarch_obs,60,ok,60,-1.0,5.551619628114095,0.5852543896156522,0.8837553365208125,-1.0,3.234121540174658,3.4567064367142195,0.0,True,insufficient_egarch_obs
orig GM paper,Full-cost net,895,garch11_residual_fallback_insufficient_egarch_obs,60,ok,60,-1.0,6.187717514042373,0.2832217177398154,0.41603487502760883,-1.0,3.44237778783514,3.9173775512005986,0.0,True,insufficient_egarch_obs
orig GM paper,Full-cost net,896,garch11_residual_fallback_insufficient_egarch_obs,60,ok,60,-1.0,4.595143473627624,-0.7033284650119201,-0.8127656525816981,-1.0,2.7807881868764324,3.3243572728460085,0.0,True,insufficient_egarch_obs
orig GM paper,Full-cost net,897,garch11_residual_fallback_insufficient_egarch_obs,60,ok,60,-1.0,5.3437534404296025,0.8467125461183544,1.3871317451738068,-1.0,2.650653819813205,3.2049196727518257,0.0,True,insufficient_egarch_obs
orig GM paper,Full-cost net,898,garch11_residual_fallback_insufficient_egarch_obs,60,ok,60,-1.0,7.06098576352944,-0.12475903623775174,-0.17012821123365596,-1.0,3.2418079350634152,4.2451265678898595,0.0,True,insufficient_egarch_obs
orig GM paper,Full-cost net,899,garch11_residual_fallback_insufficient_egarch_obs,60,ok,60,-1.0,9.320703726084112,-0.25501209518439505,-0.33499048224876,-1.0,4.628402729087002,5.702356107267309,0.0,True,insufficient_egarch_obs
orig GM paper,Full-cost net,900,garch11_residual_fallback_insufficient_egarch_obs,60,ok,60,-1.0,6.252571232958696,0.8025487747519847,1.2625269339585985,-1.0,3.1528865513976805,3.77889594188429,0.0,True,insufficient_egarch_obs
orig GM paper,Full-cost net,901,garch11_residual_fallback_insufficient_egarch_obs,60,ok,60,-1.0,6.339697455620767,-0.08309122882349623,-0.10683025869671549,-1.0,3.81420710343095,4.153645179534814,0.0,True,insufficient_egarch_obs
orig GM paper,Full-cost net,902,garch11_residual_fallback_insufficient_egarch_obs,60,ok,60,-1.0,6.7652144725016985,0.4904207880678698,0.7257271538457641,-1.0,3.307020827725076,4.0863569539087665,0.0,True,insufficient_egarch_obs
orig GM paper,Full-cost net,903,garch11_residual_fallback_insufficient_egarch_obs,60,ok,60,-1.0,6.701606011829613,0.9566888944279552,1.6643162132658889,-1.0,2.933392307573179,4.097426145900703,0.0,True,insufficient_egarch_obs
orig GM paper,Full-cost net,904,garch11_residual_fallback_insufficient_egarch_obs,60,ok,60,-1.0,10.973815289997853,1.6586606387390768,3.139131571710486,-1.0,5.241269510655275,5.941684480452547,0.0,True,insufficient_egarch_obs
orig GM paper,Full-cost net,905,garch11_residual_fallback_insufficient_egarch_obs,60,ok,60,-1.0,3.89904869830393,-0.1484326920578558,-0.22048154132442935,-1.0,1.8231729232826848,2.246152895557286,0.0,True,insufficient_egarch_obs
orig GM paper,Full-cost net,906,garch11_residual_fallback_insufficient_egarch_obs,60,ok,60,-1.0,6.825536559801354,0.954919817235757,1.7560541466413708,-1.0,2.745291868456921,3.9827423575685414,0.0,True,insufficient_egarch_obs
orig GM paper,Full-cost net,907,garch11_residual_fallback_insufficient_egarch_obs,60,ok,60,-1.0,5.982686567932851,-0.7911506181543034,-0.9445507832330187,-1.0,3.0534127542436025,3.952586424960163,0.0,True,insufficient_egarch_obs
orig GM paper,Full-cost net,908,garch11_residual_fallback_insufficient_egarch_obs,60,ok,60,-1.0,6.31779702419001,-0.8536993057487428,-1.0028582074072308,-1.0,3.3815114581180876,4.079386439533576,0.0,True,insufficient_egarch_obs
orig GM paper,Full-cost net,909,garch11_residual_fallback_insufficient_egarch_obs,60,ok,60,-1.0,8.394369519321268,0.22572382554943674,0.3329010204390441,-1.0,4.043005275589091,4.5364107308903305,0.0,True,insufficient_egarch_obs
orig GM paper,Full-cost net,910,garch11_residual_fallback_insufficient_egarch_obs,60,ok,60,-1.0,6.385391487015463,0.3716825009158299,0.6076998789585119,-1.0,2.8622285504623055,3.316680938868611,0.0,True,insufficient_egarch_obs
orig GM paper,Full-cost net,911,garch11_residual_fallback_insufficient_egarch_obs,60,ok,60,-1.0,5.722596932690498,0.234582020203344,0.327862178701847,-1.0,3.398793138066395,4.1958057694320265,0.0,True,insufficient_egarch_obs
orig GM paper,Full-cost net,912,garch11_residual_fallback_insufficient_egarch_obs,60,ok,60,-1.0,4.566981638710265,-0.7136278978146058,-0.8459294987813896,-1.0,2.76314370964389,2.845133995072368,0.0,True,insufficient_egarch_obs
orig GM paper,Full-cost net,913,garch11_residual_fallback_insufficient_egarch_obs,60,ok,60,-1.0,3.881048011640172,-0.7063674226277823,-0.8606591142022438,-1.0,2.316860967645868,2.542856432278565,0.0,True,insufficient_egarch_obs
orig GM paper,Full-cost net,914,garch11_residual_fallback_insufficient_egarch_obs,60,ok,60,-1.0,5.857880213003857,-0.2371663080818706,-0.3036611168249248,-1.0,3.13325335521366,3.468403349856922,0.0,True,insufficient_egarch_obs
orig GM paper,Full-cost net,915,garch11_residual_fallback_insufficient_egarch_obs,60,ok,60,-1.0,4.771995971880449,-0.17350281717326227,-0.2257584965195487,-1.0,2.9392536247018928,3.153294754988478,0.0,True,insufficient_egarch_obs
orig GM paper,Full-cost net,916,garch11_residual_fallback_insufficient_egarch_obs,60,ok,60,-1.0,9.408593755104533,0.48042763809872624,0.7467901332982227,-1.0,4.653801976212136,4.868789381610824,0.0,True,insufficient_egarch_obs
orig GM paper,Full-cost net,917,garch11_residual_fallback_insufficient_egarch_obs,60,ok,60,-1.0,4.554672967167449,-0.03271610871475721,-0.0429699446486501,-1.0,2.7931435987582347,2.9857585809777274,0.0,True,insufficient_egarch_obs
orig GM paper,Full-cost net,918,garch11_residual_fallback_insufficient_egarch_obs,60,ok,60,-1.0,5.612540836377611,-0.5650873348159006,-0.677522624110952,-1.0,3.183862282222138,3.8723246329033962,0.0,True,insufficient_egarch_obs
orig GM paper,Full-cost net,919,garch11_residual_fallback_insufficient_egarch_obs,60,ok,60,-1.0,4.592304680040064,-0.12635255652551708,-0.17360904355976395,-1.0,2.576382658691199,2.854212860140203,0.0,True,insufficient_egarch_obs
orig GM paper,Full-cost net,920,garch11_residual_fallback_insufficient_egarch_obs,60,ok,60,-1.0,4.376467303208013,0.10046722052189948,0.13863231554488364,-1.0,2.2076120675268496,2.8056996942336156,0.0,True,insufficient_egarch_obs
orig GM paper,Full-cost net,921,garch11_residual_fallback_insufficient_egarch_obs,60,ok,60,-1.0,6.970595330959683,-0.27432282140653136,-0.37355275022333906,-1.0,3.2454904444229666,3.9658710651595173,0.0,True,insufficient_egarch_obs
orig GM paper,Full-cost net,922,garch11_residual_fallback_insufficient_egarch_obs,60,ok,60,-1.0,6.119051074890738,-0.20787681397152033,-0.2718911469763479,-1.0,3.2544136729088504,3.7269290035104246,0.0,True,insufficient_egarch_obs
orig GM paper,Full-cost net,923,garch11_residual_fallback_insufficient_egarch_obs,60,ok,60,-1.0,7.1091178330112035,-0.18446647954328654,-0.24344736955131993,-1.0,3.6029871170491887,4.180068192842717,0.0,True,insufficient_egarch_obs
orig GM paper,Full-cost net,924,garch11_residual_fallback_insufficient_egarch_obs,60,ok,60,-1.0,4.145221892093678,0.6458052325314048,1.1578978448810142,-1.0,1.0753761560003416,2.544573836342035,0.0,True,insufficient_egarch_obs
orig GM paper,Full-cost net,925,garch11_residual_fallback_insufficient_egarch_obs,60,ok,60,-1.0,4.931013304693534,-0.9288262253794491,-1.0108565203014548,-1.0,3.203387941899635,3.963692270184287,0.0,True,insufficient_egarch_obs
orig GM paper,Full-cost net,926,garch11_residual_fallback_insufficient_egarch_obs,60,ok,60,-1.0,5.78645424159401,-0.7785719245316887,-0.8826763714049067,-1.0,3.467637815772089,3.865026121879513,0.0,True,insufficient_egarch_obs
orig GM paper,Full-cost net,927,garch11_residual_fallback_insufficient_egarch_obs,60,ok,60,-1.0,6.144138714731039,-0.3298149215633489,-0.4180329452795457,-1.0,3.216866539943442,3.909833665955489,0.0,True,insufficient_egarch_obs
orig GM paper,Full-cost net,928,garch11_residual_fallback_insufficient_egarch_obs,60,ok,60,-1.0,5.06185576654221,-0.2104817200785307,-0.2755189623689796,-1.0,2.9911553465284455,3.475227071896361,0.0,True,insufficient_egarch_obs
orig GM paper,Full-cost net,929,garch11_residual_fallback_insufficient_egarch_obs,60,ok,60,-1.0,5.4823677797974995,0.5259758313960069,0.8253925415366745,-1.0,2.9660749342070005,3.2897500740946852,0.0,True,insufficient_egarch_obs
orig GM paper,Full-cost net,930,garch11_residual_fallback_insufficient_egarch_obs,60,ok,60,-1.0,14.423068097861357,1.2029781404134128,2.123509654796723,-1.0,6.09646199354095,9.045543735233945,0.0,True,insufficient_egarch_obs
orig GM paper,Full-cost net,931,garch11_residual_fallback_insufficient_egarch_obs,60,ok,60,-1.0,8.038799285480103,-0.005024354674643093,-0.006529049882022277,-1.0,4.381548577904497,5.051316090598729,0.0,True,insufficient_egarch_obs
orig GM paper,Full-cost net,932,garch11_residual_fallback_insufficient_egarch_obs,60,ok,60,-1.0,6.284258195745895,0.5440485165857474,0.8473027951913766,-1.0,3.2743092649630245,3.4071532714504875,0.0,True,insufficient_egarch_obs
orig GM paper,Full-cost net,933,garch11_residual_fallback_insufficient_egarch_obs,60,ok,60,-1.0,6.716534662877944,0.08253872007962226,0.11484225936910336,-1.0,3.452739443373131,3.7338479357742833,0.0,True,insufficient_egarch_obs
orig GM paper,Full-cost net,934,garch11_residual_fallback_insufficient_egarch_obs,60,ok,60,-1.0,5.564894661047869,0.6610219630777906,1.0832487720402162,-1.0,2.771223772883302,3.4104645542684775,0.0,True,insufficient_egarch_obs
orig GM paper,Full-cost net,935,garch11_residual_fallback_insufficient_egarch_obs,60,ok,60,-1.0,4.803913522037138,-0.16092002194024269,-0.2155154771541355,-1.0,2.7657559587388483,2.9191074345323886,0.0,True,insufficient_egarch_obs
orig GM paper,Full-cost net,936,garch11_residual_fallback_insufficient_egarch_obs,60,ok,60,-1.0,7.529222647796261,1.1178576361402985,1.9527286727014481,-1.0,3.660065087751842,4.063474133589154,0.0,True,insufficient_egarch_obs
orig GM paper,Full-cost net,937,garch11_residual_fallback_insufficient_egarch_obs,60,ok,60,-1.0,5.910684717927041,-0.38123356646438683,-0.4710519714678623,-1.0,3.4146754523787775,4.270758950334866,0.0,True,insufficient_egarch_obs
orig GM paper,Full-cost net,938,garch11_residual_fallback_insufficient_egarch_obs,60,ok,60,-1.0,5.530988398931131,-0.27198342815242565,-0.3824761061338983,-1.0,2.7620695380683857,3.1496709821479563,0.0,True,insufficient_egarch_obs
orig GM paper,Full-cost net,939,garch11_residual_fallback_insufficient_egarch_obs,60,ok,60,-1.0,6.255759827194431,-0.17192045705505893,-0.2237000042780078,-1.0,3.225989384171356,4.016107690820458,0.0,True,insufficient_egarch_obs
orig GM paper,Full-cost net,940,garch11_residual_fallback_insufficient_egarch_obs,60,ok,60,-1.0,6.438711533862347,0.01903506942186851,0.025721060336554233,-1.0,3.3431028787768193,3.9474987706213867,0.0,True,insufficient_egarch_obs
orig GM paper,Full-cost net,941,garch11_residual_fallback_insufficient_egarch_obs,60,ok,60,-1.0,6.518899788926682,0.021299617378765436,0.028878938435672012,-1.0,3.3421912779738783,3.684005233669076,0.0,True,insufficient_egarch_obs
orig GM paper,Full-cost net,942,garch11_residual_fallback_insufficient_egarch_obs,60,ok,60,-1.0,8.466395307039171,0.6958426784411996,1.128109951582129,-1.0,3.7993524304644914,4.421536567629477,0.0,True,insufficient_egarch_obs
orig GM paper,Full-cost net,943,garch11_residual_fallback_insufficient_egarch_obs,60,ok,60,-1.0,6.429998643363033,-0.4659532755108734,-0.5695756451418563,-1.0,3.48239147516093,4.171400854750532,0.0,True,insufficient_egarch_obs
orig GM paper,Full-cost net,944,garch11_residual_fallback_insufficient_egarch_obs,60,ok,60,-1.0,5.387309744107908,0.11675606306396748,0.16233285630283525,-1.0,2.999892861132419,4.028002431578248,0.0,True,insufficient_egarch_obs
orig GM paper,Full-cost net,945,garch11_residual_fallback_insufficient_egarch_obs,60,ok,60,-1.0,7.449181769900246,0.2735318725040959,0.3948600769897814,-1.0,3.6526422136478742,4.1808576022481505,0.0,True,insufficient_egarch_obs
orig GM paper,Full-cost net,946,garch11_residual_fallback_insufficient_egarch_obs,60,ok,60,-1.0,6.179985102052103,0.21477059960813694,0.3069938445234038,-1.0,3.3111241965021296,3.5924979336694265,0.0,True,insufficient_egarch_obs
orig GM paper,Full-cost net,947,garch11_residual_fallback_insufficient_egarch_obs,60,ok,60,-1.0,4.56622131208671,-0.19646353575983214,-0.2594100779997036,-1.0,2.5475976162664007,3.045071104530791,0.0,True,insufficient_egarch_obs
orig GM paper,Full-cost net,948,garch11_residual_fallback_insufficient_egarch_obs,60,ok,60,-1.0,5.355364207688618,-0.07526172399189412,-0.10600988284038976,-1.0,2.9699374588758483,3.563369593617272,0.0,True,insufficient_egarch_obs
orig GM paper,Full-cost net,949,garch11_residual_fallback_insufficient_egarch_obs,60,ok,60,-1.0,6.853014045660212,0.7336650937439637,1.2713936055396216,-1.0,3.292456945302209,4.172691758596905,0.0,True,insufficient_egarch_obs
orig GM paper,Full-cost net,950,garch11_residual_fallback_insufficient_egarch_obs,60,ok,60,-1.0,6.239280045280727,0.18580042727256219,0.27877821817035997,-1.0,2.95110564108222,3.838653346048394,0.0,True,insufficient_egarch_obs
orig GM paper,Full-cost net,951,garch11_residual_fallback_insufficient_egarch_obs,60,ok,60,-1.0,6.217960667501052,0.2206617278089192,0.31200478950540644,-1.0,3.189578505763263,3.6843334402889227,0.0,True,insufficient_egarch_obs
orig GM paper,Full-cost net,952,garch11_residual_fallback_insufficient_egarch_obs,60,ok,60,-1.0,4.543285946947825,0.13695742701632943,0.20313743260208272,-1.0,2.445298012873005,2.7871068343110275,0.0,True,insufficient_egarch_obs
orig GM paper,Full-cost net,953,garch11_residual_fallback_insufficient_egarch_obs,60,ok,60,-1.0,6.617249802473655,-0.3888279803827922,-0.4785988475872179,-1.0,3.6508856719612317,4.116680344861829,0.0,True,insufficient_egarch_obs
orig GM paper,Full-cost net,954,garch11_residual_fallback_insufficient_egarch_obs,60,ok,60,-1.0,9.051352460860853,0.20179939474370542,0.28762343436519217,-1.0,4.218778037608665,4.842635742906597,0.0,True,insufficient_egarch_obs
orig GM paper,Full-cost net,955,garch11_residual_fallback_insufficient_egarch_obs,60,ok,60,-1.0,9.2671407245144,-0.0351468135407438,-0.047558931690125504,-1.0,4.379693315710202,5.495591297086093,0.0,True,insufficient_egarch_obs
orig GM paper,Full-cost net,956,garch11_residual_fallback_insufficient_egarch_obs,60,ok,60,-1.0,5.805812988390935,0.0654879273375475,0.0866382345014593,-1.0,3.6622612812881727,4.36954717580926,0.0,True,insufficient_egarch_obs
orig GM paper,Full-cost net,957,garch11_residual_fallback_insufficient_egarch_obs,60,ok,60,-1.0,6.551126395983172,-0.2815221989700583,-0.3461838128664337,-1.0,4.203286062162675,4.373644590796424,0.0,True,insufficient_egarch_obs
orig GM paper,Full-cost net,958,garch11_residual_fallback_insufficient_egarch_obs,60,ok,60,-1.0,6.858238419242105,0.6964355523213229,1.1710308812383656,-1.0,3.364212321774294,3.7582623859322055,0.0,True,insufficient_egarch_obs
orig GM paper,Full-cost net,959,garch11_residual_fallback_insufficient_egarch_obs,60,ok,60,-1.0,8.442216347472076,0.45019264027844397,0.6918065873491842,-1.0,3.957287776930975,4.784695443478312,0.0,True,insufficient_egarch_obs
orig GM paper,Full-cost net,960,garch11_residual_fallback_insufficient_egarch_obs,60,ok,60,-1.0,6.402064780254955,0.2713575602237334,0.37238032348136546,-1.0,3.410107414429901,3.8203216094663843,0.0,True,insufficient_egarch_obs
orig GM paper,Full-cost net,961,garch11_residual_fallback_insufficient_egarch_obs,60,ok,60,-1.0,7.2418569866988545,1.1027518562148575,2.016965220486063,-1.0,3.2924694329754773,3.7907630805879635,0.0,True,insufficient_egarch_obs
orig GM paper,Full-cost net,962,garch11_residual_fallback_insufficient_egarch_obs,60,ok,60,-1.0,7.753222514675854,0.1559038023338636,0.2280399467237539,-1.0,3.657931678268196,3.945384839218871,0.0,True,insufficient_egarch_obs
orig GM paper,Full-cost net,963,garch11_residual_fallback_insufficient_egarch_obs,60,ok,60,-1.0,5.5778593840725375,-0.8081335575149262,-0.9373157566306978,-1.0,3.0316770640885125,3.4345181840749603,0.0,True,insufficient_egarch_obs
orig GM paper,Full-cost net,964,garch11_residual_fallback_insufficient_egarch_obs,60,ok,60,-1.0,5.616826925656213,-0.7298700461051849,-0.8388772502204803,-1.0,3.358713277102145,4.225471088748609,0.0,True,insufficient_egarch_obs
orig GM paper,Full-cost net,965,garch11_residual_fallback_insufficient_egarch_obs,60,ok,60,-1.0,8.599651177227424,0.07889788015486057,0.10413460226130153,-1.0,4.708921060568962,5.513802378660927,0.0,True,insufficient_egarch_obs
orig GM paper,Full-cost net,966,garch11_residual_fallback_insufficient_egarch_obs,60,ok,60,-1.0,5.221652219072753,0.4117922425667793,0.6300314572572875,-1.0,2.983979874624528,3.1191188669260925,0.0,True,insufficient_egarch_obs
orig GM paper,Full-cost net,967,garch11_residual_fallback_insufficient_egarch_obs,60,ok,60,-1.0,7.48021564350622,-0.6246621234758027,-0.7630882649002669,-1.0,3.644881891275452,4.217497287386551,0.0,True,insufficient_egarch_obs
orig GM paper,Full-cost net,968,garch11_residual_fallback_insufficient_egarch_obs,60,ok,60,-1.0,5.450708984361382,-0.5988502658873341,-0.7293565589207853,-1.0,3.0436552417190614,3.5117012251239657,0.0,True,insufficient_egarch_obs
orig GM paper,Full-cost net,969,garch11_residual_fallback_insufficient_egarch_obs,60,ok,60,-1.0,6.385544807935002,-0.5509104583950721,-0.6765064887552344,-1.0,3.4267382602338943,3.7011401773720087,0.0,True,insufficient_egarch_obs
orig GM paper,Full-cost net,970,garch11_residual_fallback_insufficient_egarch_obs,60,ok,60,-1.0,5.079497625548901,-0.04839109630190877,-0.06540109406577044,-1.0,3.050328329069978,3.8012212830191117,0.0,True,insufficient_egarch_obs
orig GM paper,Full-cost net,971,garch11_residual_fallback_insufficient_egarch_obs,60,ok,60,-1.0,4.103222473382744,-1.1715872369789742,-1.24797975465645,-1.0,2.223562468897233,3.2142029869748434,0.0,True,insufficient_egarch_obs
orig GM paper,Full-cost net,972,garch11_residual_fallback_insufficient_egarch_obs,60,ok,60,-1.0,7.652079413243858,0.45024334042068137,0.6683948762766202,-1.0,3.72629561349749,4.328025106871433,0.0,True,insufficient_egarch_obs
orig GM paper,Full-cost net,973,garch11_residual_fallback_insufficient_egarch_obs,60,ok,60,-1.0,7.15807649105042,0.5670952440952634,0.8872107745251895,-1.0,3.165709412979442,3.837935863539183,0.0,True,insufficient_egarch_obs
orig GM paper,Full-cost net,974,garch11_residual_fallback_insufficient_egarch_obs,60,ok,60,-1.0,9.29662474358704,0.4836814127224616,0.7184776337980672,-1.0,4.853838018293087,5.249981673884623,0.0,True,insufficient_egarch_obs
orig GM paper,Full-cost net,975,garch11_residual_fallback_insufficient_egarch_obs,60,ok,60,-1.0,7.829099183809102,0.2662298930071768,0.38866044831751384,-1.0,3.5450401878192204,4.843436704846318,0.0,True,insufficient_egarch_obs
orig GM paper,Full-cost net,976,garch11_residual_fallback_insufficient_egarch_obs,60,ok,60,-1.0,9.267610282242883,1.1186505441079932,2.139091467393121,-1.0,3.3403415335401867,4.273037380274942,0.0,True,insufficient_egarch_obs
orig GM paper,Full-cost net,977,garch11_residual_fallback_insufficient_egarch_obs,60,ok,60,-1.0,8.354415189207076,0.40932975375629843,0.5936781428656402,-1.0,4.368465895058609,5.0484445691407664,0.0,True,insufficient_egarch_obs
orig GM paper,Full-cost net,978,garch11_residual_fallback_insufficient_egarch_obs,60,ok,60,-1.0,4.440464059848961,-0.6817409548490873,-0.8088350011383179,-1.0,2.371814185117206,3.272823601482024,0.0,True,insufficient_egarch_obs
orig GM paper,Full-cost net,979,garch11_residual_fallback_insufficient_egarch_obs,60,ok,60,-1.0,5.199982973888311,-0.17358553339543317,-0.2388865780918452,-1.0,2.727941917431115,3.4216306007515143,0.0,True,insufficient_egarch_obs
orig GM paper,Full-cost net,980,garch11_residual_fallback_insufficient_egarch_obs,60,ok,60,-1.0,6.126916251509712,0.22427820419788194,0.3288966357896955,-1.0,2.9974315842889703,3.665712704718965,0.0,True,insufficient_egarch_obs
orig GM paper,Full-cost net,981,garch11_residual_fallback_insufficient_egarch_obs,60,ok,60,-1.0,8.258850572197643,0.965378439434642,1.99568082325762,-1.0,3.14726599642823,3.755952217397487,0.0,True,insufficient_egarch_obs
orig GM paper,Full-cost net,982,garch11_residual_fallback_insufficient_egarch_obs,60,ok,60,-1.0,5.955613374195417,0.6001061214233188,0.9637111804727826,-1.0,3.0889515044639344,3.3090591934554268,0.0,True,insufficient_egarch_obs
orig GM paper,Full-cost net,983,garch11_residual_fallback_insufficient_egarch_obs,60,ok,60,-1.0,6.758042115069623,1.2294013499094505,2.4195560355904395,-1.0,2.9361402230470786,3.8434766588390605,0.0,True,insufficient_egarch_obs
orig GM paper,Full-cost net,984,garch11_residual_fallback_insufficient_egarch_obs,60,ok,60,-1.0,7.035352419431686,0.04927048186397589,0.0727364525440445,-1.0,3.4168119923897855,3.6470716495891593,0.0,True,insufficient_egarch_obs
orig GM paper,Full-cost net,985,garch11_residual_fallback_insufficient_egarch_obs,60,ok,60,-1.0,5.720375382054305,-0.8668037172082632,-0.9885368227799592,-1.0,3.1910732401680613,3.8722384981412934,0.0,True,insufficient_egarch_obs
orig GM paper,Full-cost net,986,garch11_residual_fallback_insufficient_egarch_obs,60,ok,60,-1.0,4.356646413013914,0.036877713817352706,0.05254276353382653,-1.0,2.775727017595757,2.907431218889189,0.0,True,insufficient_egarch_obs
orig GM paper,Full-cost net,987,garch11_residual_fallback_insufficient_egarch_obs,60,ok,60,-1.0,6.791700912394756,-0.11687754345838557,-0.16010190163120547,-1.0,3.481824679499456,3.969327136930343,0.0,True,insufficient_egarch_obs
orig GM paper,Full-cost net,988,garch11_residual_fallback_insufficient_egarch_obs,60,ok,60,-1.0,4.022380038936453,0.2572475304017793,0.37242727641616874,-1.0,2.2409532601040394,2.9391250309830816,0.0,True,insufficient_egarch_obs
orig GM paper,Full-cost net,989,garch11_residual_fallback_insufficient_egarch_obs,60,ok,60,-1.0,6.78906367927898,0.5532720577378947,0.952809005824716,-1.0,2.5259364801069757,3.8252989238092945,0.0,True,insufficient_egarch_obs
orig GM paper,Full-cost net,990,garch11_residual_fallback_insufficient_egarch_obs,60,ok,60,-1.0,6.772819850514323,0.28217173514889177,0.4198206915428031,-1.0,3.4578693178555775,3.6578655896868835,0.0,True,insufficient_egarch_obs
orig GM paper,Full-cost net,991,garch11_residual_fallback_insufficient_egarch_obs,60,ok,60,-1.0,5.447672039945842,0.039150372698945876,0.052202906311047244,-1.0,3.083090948484958,3.2934586575509406,0.0,True,insufficient_egarch_obs
orig GM paper,Full-cost net,992,garch11_residual_fallback_insufficient_egarch_obs,60,ok,60,-1.0,6.4193555431110365,-0.1799397415298682,-0.24116849316208772,-1.0,3.397412252831714,3.902983594662933,0.0,True,insufficient_egarch_obs
orig GM paper,Full-cost net,993,garch11_residual_fallback_insufficient_egarch_obs,60,ok,60,-1.0,6.456060856610422,0.12405098069814156,0.1840914058082111,-1.0,3.219277164011614,3.3934148566180515,0.0,True,insufficient_egarch_obs
orig GM paper,Full-cost net,994,garch11_residual_fallback_insufficient_egarch_obs,60,ok,60,-1.0,5.756991237511959,0.15263917878467714,0.204005475051236,-1.0,3.229919216973125,3.8925944973203954,0.0,True,insufficient_egarch_obs
orig GM paper,Full-cost net,995,garch11_residual_fallback_insufficient_egarch_obs,60,ok,60,-1.0,5.44808837446323,0.27286161908911927,0.3889148904848579,-1.0,3.0282528339853383,3.664686168744211,0.0,True,insufficient_egarch_obs
orig GM paper,Full-cost net,996,garch11_residual_fallback_insufficient_egarch_obs,60,ok,60,-1.0,4.390933510459044,-0.4241913814052336,-0.5390226014224119,-1.0,2.5593488487130385,3.0041420206275657,0.0,True,insufficient_egarch_obs
orig GM paper,Full-cost net,997,garch11_residual_fallback_insufficient_egarch_obs,60,ok,60,-1.0,11.064360093068524,0.9365478801041603,1.7055488231212346,-1.0,4.144233268753379,5.969682693156482,0.0,True,insufficient_egarch_obs
orig GM paper,Full-cost net,998,garch11_residual_fallback_insufficient_egarch_obs,60,ok,60,-1.0,5.34918175365385,0.3618838577486446,0.5688958192746408,-1.0,2.969677373000575,3.2367746420599897,0.0,True,insufficient_egarch_obs
orig GM paper,Full-cost net,999,garch11_residual_fallback_insufficient_egarch_obs,60,ok,60,-1.0,5.673024072453431,0.12692055983781816,0.17357934122257687,-1.0,3.2191191154770005,3.828819629201116,0.0,True,insufficient_egarch_obs
