config,fold_id,scheme,strategy,display_strategy,basis,status,solver_status,mode,capacity_infeasible,sum_of_caps,deployed_gross,sharpe,sortino,ann_return,ann_vol,max_drawdown,terminal_wealth,defaulted
orig,kfold_00,kfold,orig E1 capped,E1 capped,gross,ok,optimal,hard,True,0.779423675,0.514136,0.006978269324395061,0.016390693990279922,-0.45962703293019613,1.3931827664165832,-0.42219648463258896,0.7737886220134534,False
orig,kfold_00,kfold,orig E1 capped,E1 capped,full_cost_net,ok,optimal,hard,True,0.779423675,0.514136,-0.08756486673906504,-0.19508658128337525,-0.5326759354302562,1.392418410834258,-0.4398353809770815,0.7283512902288191,False
orig,kfold_00,kfold,orig GM paper,GM paper,gross,ok,optimal,uncapped,False,,0.8669119999999999,0.5755626079656364,1.7524050431428848,0.13705188596953,1.7219074813754178,-0.26674325305038904,1.05497406806617,False
orig,kfold_00,kfold,orig GM paper,GM paper,full_cost_net,ok,optimal,uncapped,False,,0.8669119999999999,0.21582056571107525,0.5180732000355097,-0.3985272717794679,1.6674465828939726,-0.31120861308073633,0.8091082731545283,False
orig,kfold_00,kfold,orig Equal premium capped,Equal premium capped,gross,ok,reference,relaxed,True,0.779423675,0.715965,-0.09332846143455605,-0.20848667261523046,-0.6950870655330892,1.7873839846559827,-0.48908404517386594,0.609639740909187,False
orig,kfold_00,kfold,orig Equal premium capped,Equal premium capped,full_cost_net,ok,reference,relaxed,True,0.779423675,0.715965,-0.2023488193124278,-0.4265658824599741,-0.7582146011604658,1.7869849429295317,-0.5147569583659636,0.553472264924421,False
orig,kfold_00,kfold,orig Equal risk capped,Equal risk capped,gross,ok,reference,relaxed,True,0.779423675,0.715965,-0.09332846143455605,-0.20848667261523046,-0.6950870655330892,1.7873839846559827,-0.48908404517386594,0.609639740909187,False
orig,kfold_00,kfold,orig Equal risk capped,Equal risk capped,full_cost_net,ok,reference,relaxed,True,0.779423675,0.715965,-0.2023488193124278,-0.4265658824599741,-0.7582146011604658,1.7869849429295317,-0.5147569583659636,0.553472264924421,False
orig,kfold_01,kfold,orig E1 capped,E1 capped,gross,ok,optimal,hard,True,0.7843612249999999,0.5115480000000001,0.29417450754210267,0.6355918543682391,-0.052149092075514436,0.9882069830683399,-0.396242126427655,0.9779312988325908,False
orig,kfold_01,kfold,orig E1 capped,E1 capped,full_cost_net,ok,optimal,hard,True,0.7843612249999999,0.5115480000000001,0.1503300649463677,0.30680301524274034,-0.18304611204340837,0.9914878296306351,-0.4221231591459781,0.9192119111740461,False
orig,kfold_01,kfold,orig GM paper,GM paper,gross,ok,optimal,uncapped,False,,0.859834,1.5515877865139753,5.08059854592157,1.4582930227395026,0.7205301116340238,-0.18934930779276316,1.4546684520087245,False
orig,kfold_01,kfold,orig GM paper,GM paper,full_cost_net,ok,optimal,uncapped,False,,0.859834,0.12419732116535882,0.22192478220058134,-0.13792524302401532,0.8029065385949675,-0.359412966683342,0.9400343426949319,False
orig,kfold_01,kfold,orig Equal premium capped,Equal premium capped,gross,ok,reference,relaxed,True,0.7843612249999999,0.7237930000000001,-0.43846667399268546,-0.708086084207244,-0.7322070594641084,1.3324049100369066,-0.6523525738796354,0.5775411966565402,False
orig,kfold_01,kfold,orig Equal premium capped,Equal premium capped,full_cost_net,ok,reference,relaxed,True,0.7843612249999999,0.7237930000000001,-0.8532740261070305,-1.2195493582669281,-0.8782703562346138,1.3984905906713647,-0.7428368525314659,0.41582935661025777,False
orig,kfold_01,kfold,orig Equal risk capped,Equal risk capped,gross,ok,reference,relaxed,True,0.7843612249999999,0.7237930000000001,-0.43846667399268546,-0.708086084207244,-0.7322070594641084,1.3324049100369066,-0.6523525738796354,0.5775411966565402,False
orig,kfold_01,kfold,orig Equal risk capped,Equal risk capped,full_cost_net,ok,reference,relaxed,True,0.7843612249999999,0.7237930000000001,-0.8532740261070305,-1.2195493582669281,-0.8782703562346138,1.3984905906713647,-0.7428368525314659,0.41582935661025777,False
orig,kfold_02,kfold,orig E1 capped,E1 capped,gross,ok,optimal,hard,True,0.786901175,0.513788,-4.465028301489289,-2.846003875279577,-0.8229366301005541,0.34873397463629,-0.4023512535674695,0.486094046806538,False
orig,kfold_02,kfold,orig E1 capped,E1 capped,full_cost_net,ok,optimal,hard,True,0.786901175,0.513788,-4.8464519848674446,-2.9186273197744854,-0.8476053035465818,0.34783096445093337,-0.4311086187084442,0.4566366571706001,False
orig,kfold_02,kfold,orig GM paper,GM paper,gross,ok,optimal,uncapped,False,,0.817744,-6.058499771006887,-3.084180645388245,-0.9114300547388742,0.3515057893444203,-0.5637473071588945,0.3642246406118781,False
orig,kfold_02,kfold,orig GM paper,GM paper,full_cost_net,ok,optimal,uncapped,False,,0.817744,-10.662154504055685,-3.3264926753030966,-0.9892252735947489,0.3473632589889691,-0.8109700881924362,0.15141512916180333,False
orig,kfold_02,kfold,orig Equal premium capped,Equal premium capped,gross,ok,reference,relaxed,True,0.786901175,0.7233170000000001,-2.395748815289503,-2.173305873901892,-0.8824729051294452,0.7177312458544872,-0.48628379029734004,0.409786361790596,False
orig,kfold_02,kfold,orig Equal premium capped,Equal premium capped,full_cost_net,ok,reference,relaxed,True,0.786901175,0.7233170000000001,-2.6655402135934123,-2.2952840465528013,-0.9067647097459307,0.7156493391520221,-0.5084217043645629,0.3720989715394972,False
orig,kfold_02,kfold,orig Equal risk capped,Equal risk capped,gross,ok,reference,relaxed,True,0.786901175,0.7233170000000001,-2.395748815289503,-2.173305873901892,-0.8824729051294452,0.7177312458544872,-0.48628379029734004,0.409786361790596,False
orig,kfold_02,kfold,orig Equal risk capped,Equal risk capped,full_cost_net,ok,reference,relaxed,True,0.786901175,0.7233170000000001,-2.6655402135934123,-2.2952840465528013,-0.9067647097459307,0.7156493391520221,-0.5084217043645629,0.3720989715394972,False
orig,kfold_03,kfold,orig E1 capped,E1 capped,gross,ok,optimal,hard,True,0.7651611,0.516077,-0.2002068168020026,-0.33407451248645476,-0.19272516870576983,0.5236376922723318,-0.2591141260306684,0.9146583888434942,False
orig,kfold_03,kfold,orig E1 capped,E1 capped,full_cost_net,ok,optimal,hard,True,0.7651611,0.516077,-0.4682596117119845,-0.7243034366860516,-0.3014010131998295,0.5231704947895961,-0.28542902671780324,0.8611820712374387,False
orig,kfold_03,kfold,orig GM paper,GM paper,gross,ok,optimal,uncapped,False,,0.807538,-0.2594890443596512,-0.37366868081572635,-0.2064039660122211,0.4931412733837902,-0.26141819442906444,0.9081685405894723,False
orig,kfold_03,kfold,orig GM paper,GM paper,full_cost_net,ok,optimal,uncapped,False,,0.807538,-2.6253258365377645,-2.251521737468844,-0.937757557297865,0.7972832719390918,-0.6736368153284114,0.3144387745711786,False
orig,kfold_03,kfold,orig Equal premium capped,Equal premium capped,gross,ok,reference,relaxed,True,0.7651611,0.698658,-2.6204486835975733,-2.2686470348176297,-0.7156732241637815,0.42531467696355035,-0.44423168672474134,0.592139546577411,False
orig,kfold_03,kfold,orig Equal premium capped,Equal premium capped,full_cost_net,ok,reference,relaxed,True,0.7651611,0.698658,-3.1704606227800296,-2.488488284879782,-0.7759529330414769,0.4187475202539783,-0.48069437258063796,0.5361768095798122,False
orig,kfold_03,kfold,orig Equal risk capped,Equal risk capped,gross,ok,reference,relaxed,True,0.7651611,0.698658,-2.6204486835975733,-2.2686470348176297,-0.7156732241637815,0.42531467696355035,-0.44423168672474134,0.592139546577411,False
orig,kfold_03,kfold,orig Equal risk capped,Equal risk capped,full_cost_net,ok,reference,relaxed,True,0.7651611,0.698658,-3.1704606227800296,-2.488488284879782,-0.7759529330414769,0.4187475202539783,-0.48069437258063796,0.5361768095798122,False
orig,kfold_04,kfold,orig E1 capped,E1 capped,gross,ok,optimal,hard,True,0.7733793250000001,0.525667,2.702888006791379,8.42163271655289,2.036704897011432,0.4602594419250186,0.0,1.5885506956382105,False
orig,kfold_04,kfold,orig E1 capped,E1 capped,full_cost_net,ok,optimal,hard,True,0.7733793250000001,0.525667,2.364253940377258,6.640663984281507,1.6143589466110506,0.4569180117131789,0.0,1.4924581880001309,False
orig,kfold_04,kfold,orig GM paper,GM paper,gross,ok,optimal,uncapped,False,,0.999825,1.8470145125155115,7.449255382505518,1.9323627988072651,0.7045148523339986,-0.10176419602538778,1.5655755931295383,False
orig,kfold_04,kfold,orig GM paper,GM paper,full_cost_net,ok,optimal,uncapped,False,,0.999825,-2.64846624773218,-2.266583051527288,-1.0,2.0706990807877097,-1.0,0.0,True
orig,kfold_04,kfold,orig Equal premium capped,Equal premium capped,gross,ok,reference,relaxed,True,0.7733793250000001,0.7088880000000001,3.653959407166792,21.672671948819158,11.878575328262908,0.8449878819888658,-0.09195939829782307,2.900313379592951,False
orig,kfold_04,kfold,orig Equal premium capped,Equal premium capped,full_cost_net,ok,reference,relaxed,True,0.7733793250000001,0.7088880000000001,3.385339723038712,16.80025881039605,9.68597067867613,0.8453997193015823,-0.10996203373964408,2.6833201436658736,False
orig,kfold_04,kfold,orig Equal risk capped,Equal risk capped,gross,ok,reference,relaxed,True,0.7733793250000001,0.7088880000000001,3.653959407166792,21.672671948819158,11.878575328262908,0.8449878819888658,-0.09195939829782307,2.900313379592951,False
orig,kfold_04,kfold,orig Equal risk capped,Equal risk capped,full_cost_net,ok,reference,relaxed,True,0.7733793250000001,0.7088880000000001,3.385339723038712,16.80025881039605,9.68597067867613,0.8453997193015823,-0.10996203373964408,2.6833201436658736,False
orig,kfold_05,kfold,orig E1 capped,E1 capped,gross,ok,optimal,hard,True,0.774903975,0.511943,0.7900389233785075,1.451752437271411,0.45769997925112405,0.967154624503324,-0.2840280812435608,1.170024784626326,False
orig,kfold_05,kfold,orig E1 capped,E1 capped,full_cost_net,ok,optimal,hard,True,0.774903975,0.511943,0.65750898008117,1.1600139770675915,0.28229833639953483,0.9650332527352353,-0.2933027351896672,1.1091631935199278,False
orig,kfold_05,kfold,orig GM paper,GM paper,gross,ok,optimal,uncapped,False,,0.831827,1.7486237328761136,6.344237762921849,1.9108165506063175,0.7554236681776508,-0.08679726658334286,1.5607721780910528,False
orig,kfold_05,kfold,orig GM paper,GM paper,full_cost_net,ok,optimal,uncapped,False,,0.831827,0.23562151099589307,0.3803632793400245,-0.023213570665383987,0.6586272349164133,-0.11313612529151973,0.9902613766711146,False
orig,kfold_05,kfold,orig Equal premium capped,Equal premium capped,gross,ok,reference,relaxed,True,0.774903975,0.708027,0.1985701989417942,0.3195701388662465,-0.39300317102252624,1.3317354708308908,-0.41194750826795834,0.8121963048116922,False
orig,kfold_05,kfold,orig Equal premium capped,Equal premium capped,full_cost_net,ok,reference,relaxed,True,0.774903975,0.708027,0.056385673022660385,0.08732743371961174,-0.508530318910188,1.3313295089056139,-0.4269047272905713,0.7438013655531192,False
orig,kfold_05,kfold,orig Equal risk capped,Equal risk capped,gross,ok,reference,relaxed,True,0.774903975,0.708027,0.1985701989417942,0.3195701388662465,-0.39300317102252624,1.3317354708308908,-0.41194750826795834,0.8121963048116922,False
orig,kfold_05,kfold,orig Equal risk capped,Equal risk capped,full_cost_net,ok,reference,relaxed,True,0.774903975,0.708027,0.056385673022660385,0.08732743371961174,-0.508530318910188,1.3313295089056139,-0.4269047272905713,0.7438013655531192,False
orig,kfold_06,kfold,orig E1 capped,E1 capped,gross,ok,optimal,hard,True,0.7706209000000002,0.50231,1.3019503765079845,5.251281847409195,2.2129158943045915,1.362171335513892,-0.21799936036675238,1.6263277237850378,False
orig,kfold_06,kfold,orig E1 capped,E1 capped,full_cost_net,ok,optimal,hard,True,0.7706209000000002,0.50231,1.2012329709781637,4.62664158855955,1.8179736079726418,1.3574574973636309,-0.22750031709396756,1.5398333351363138,False
orig,kfold_06,kfold,orig GM paper,GM paper,gross,ok,optimal,uncapped,False,,0.8940739999999999,2.066740045585909,12.169350559347983,4.9056824209731165,1.1211578081151699,-0.08311863965894994,2.0958612931479883,False
orig,kfold_06,kfold,orig GM paper,GM paper,full_cost_net,ok,optimal,uncapped,False,,0.8940739999999999,-0.21996961554889602,-0.32771040188998585,-0.6632684889763516,1.290172967485911,-0.17579230987563488,0.635381988728155,False
orig,kfold_06,kfold,orig Equal premium capped,Equal premium capped,gross,ok,reference,relaxed,True,0.7706209000000002,0.704094,1.1986919945510803,6.126539996919631,3.0894971519777146,2.4919514301219703,-0.3027080469873358,1.798301317791659,False
orig,kfold_06,kfold,orig Equal premium capped,Equal premium capped,full_cost_net,ok,reference,relaxed,True,0.7706209000000002,0.704094,1.1007910972707182,5.262813302397901,2.2442983848645155,2.4874344891500977,-0.31660194365611205,1.6329278495227137,False
orig,kfold_06,kfold,orig Equal risk capped,Equal risk capped,gross,ok,reference,relaxed,True,0.7706209000000002,0.704094,1.1986919945510803,6.126539996919631,3.0894971519777146,2.4919514301219703,-0.3027080469873358,1.798301317791659,False
orig,kfold_06,kfold,orig Equal risk capped,Equal risk capped,full_cost_net,ok,reference,relaxed,True,0.7706209000000002,0.704094,1.1007910972707182,5.262813302397901,2.2442983848645155,2.4874344891500977,-0.31660194365611205,1.6329278495227137,False
orig,kfold_07,kfold,orig E1 capped,E1 capped,gross,ok,optimal,hard,True,0.7764355500000001,0.521705,3.893981437399693,70.08440355822682,9.529578008436326,0.711318970871768,0.0,2.6668867234597102,False
orig,kfold_07,kfold,orig E1 capped,E1 capped,full_cost_net,ok,optimal,hard,True,0.7764355500000001,0.521705,3.466389429879598,30.745214052289743,7.594507083787843,0.7322339814786498,0.0,2.450522752106956,False
orig,kfold_07,kfold,orig GM paper,GM paper,gross,ok,optimal,uncapped,False,,0.998454,4.231365766282397,26.962622589300302,4.577677082101637,0.45469971531191106,-0.046061438496102225,2.046549419741389,False
orig,kfold_07,kfold,orig GM paper,GM paper,full_cost_net,ok,optimal,uncapped,False,,0.998454,-1.2001471926606158,-1.322494802427901,-0.961350594670904,1.4256771684617717,-0.5696941536253342,0.25781578667578015,False
orig,kfold_07,kfold,orig Equal premium capped,Equal premium capped,gross,ok,reference,relaxed,True,0.7764355500000001,0.715461,3.9785523686207065,28.504588333064284,28.184227240309216,1.0734693591093674,-0.09671511161831836,4.078292925044686,False
orig,kfold_07,kfold,orig Equal premium capped,Equal premium capped,full_cost_net,ok,reference,relaxed,True,0.7764355500000001,0.715461,3.6683609832953836,20.378088837160085,22.0068218270163,1.0833918974585157,-0.12588922989290152,3.6935183597544747,False
orig,kfold_07,kfold,orig Equal risk capped,Equal risk capped,gross,ok,reference,relaxed,True,0.7764355500000001,0.715461,3.9785523686207065,28.504588333064284,28.184227240309216,1.0734693591093674,-0.09671511161831836,4.078292925044686,False
orig,kfold_07,kfold,orig Equal risk capped,Equal risk capped,full_cost_net,ok,reference,relaxed,True,0.7764355500000001,0.715461,3.6683609832953836,20.378088837160085,22.0068218270163,1.0833918974585157,-0.12588922989290152,3.6935183597544747,False
orig,kfold_08,kfold,orig E1 capped,E1 capped,gross,ok,optimal,hard,True,0.777554525,0.507887,0.7648725805082282,2.303515684967452,0.5659144142766217,1.1925059672471134,-0.18864124015399475,1.205461494383194,False
orig,kfold_08,kfold,orig E1 capped,E1 capped,full_cost_net,ok,optimal,hard,True,0.777554525,0.507887,0.6481843247443332,1.827374802976343,0.3628206435972332,1.1894506785082397,-0.2108761589026692,1.1376695296099248,False
orig,kfold_08,kfold,orig GM paper,GM paper,gross,ok,optimal,uncapped,False,,0.785734,1.232820140308999,3.892275333812329,1.037553514564571,0.7532387315207278,-0.03091349227744744,1.3452265390867266,False
orig,kfold_08,kfold,orig GM paper,GM paper,full_cost_net,ok,optimal,uncapped,False,,0.785734,0.2770366006299217,0.5496770070120294,-0.007126360048087643,0.7704159634910704,-0.10264665404963857,0.9970244882038731,False
orig,kfold_08,kfold,orig Equal premium capped,Equal premium capped,gross,ok,reference,relaxed,True,0.777554525,0.70914,0.7078268271623689,1.7332076894630388,0.38570678136632264,1.4228235708969779,-0.3235152023012924,1.1455913505580602,False
orig,kfold_08,kfold,orig Equal premium capped,Equal premium capped,full_cost_net,ok,reference,relaxed,True,0.777554525,0.70914,0.5275859844025692,1.1937924193114826,0.05884151654538461,1.431242306029179,-0.33998878264274834,1.0241091205497028,False
orig,kfold_08,kfold,orig Equal risk capped,Equal risk capped,gross,ok,reference,relaxed,True,0.777554525,0.70914,0.7078268271623689,1.7332076894630388,0.38570678136632264,1.4228235708969779,-0.3235152023012924,1.1455913505580602,False
orig,kfold_08,kfold,orig Equal risk capped,Equal risk capped,full_cost_net,ok,reference,relaxed,True,0.777554525,0.70914,0.5275859844025692,1.1937924193114826,0.05884151654538461,1.431242306029179,-0.33998878264274834,1.0241091205497028,False
orig,kfold_09,kfold,orig E1 capped,E1 capped,gross,ok,optimal,hard,True,0.7780511999999999,0.511692,1.2113464968468886,2.676326364101989,0.9098872713329897,0.7105893369003901,-0.2075680182947135,1.3094428722105937,False
orig,kfold_09,kfold,orig E1 capped,E1 capped,full_cost_net,ok,optimal,hard,True,0.7780511999999999,0.511692,1.0284891333822295,2.150445129581937,0.68448707486722,0.7112983448611461,-0.2191376115894571,1.2426863689319554,False
orig,kfold_09,kfold,orig GM paper,GM paper,gross,ok,optimal,uncapped,False,,0.858717,1.6884532386526785,18.427316780231337,3.224740806346868,1.1190954734843674,-0.06618940147124741,1.8228462073040308,False
orig,kfold_09,kfold,orig GM paper,GM paper,full_cost_net,ok,optimal,uncapped,False,,0.858717,0.8553994619947576,3.5082647438801,0.7282027828006647,1.0630130422494033,-0.1574292489448763,1.256023577091382,False
orig,kfold_09,kfold,orig Equal premium capped,Equal premium capped,gross,ok,reference,relaxed,True,0.7780511999999999,0.713902,0.7842999688788101,2.1963367392573607,0.5807189026872759,1.2627008800590842,-0.22974672100037796,1.2101970858233502,False
orig,kfold_09,kfold,orig Equal premium capped,Equal premium capped,full_cost_net,ok,reference,relaxed,True,0.7780511999999999,0.713902,0.6354229129795913,1.641816754923423,0.30839317384037157,1.2644661889794777,-0.255882341009412,1.1185127671967838,False
orig,kfold_09,kfold,orig Equal risk capped,Equal risk capped,gross,ok,reference,relaxed,True,0.7780511999999999,0.713902,0.7842999688788101,2.1963367392573607,0.5807189026872759,1.2627008800590842,-0.22974672100037796,1.2101970858233502,False
orig,kfold_09,kfold,orig Equal risk capped,Equal risk capped,full_cost_net,ok,reference,relaxed,True,0.7780511999999999,0.713902,0.6354229129795913,1.641816754923423,0.30839317384037157,1.2644661889794777,-0.255882341009412,1.1185127671967838,False
orig,kfold_10,kfold,orig E1 capped,E1 capped,gross,ok,optimal,hard,True,0.778804225,0.510597,0.1334750200270056,0.2508735407176016,-0.2817240185112416,1.1324877393356967,-0.44054096937982923,0.8712070746146674,False
orig,kfold_10,kfold,orig E1 capped,E1 capped,full_cost_net,ok,optimal,hard,True,0.778804225,0.510597,0.02018726265388456,0.036271280017029506,-0.3758028699881596,1.1351905081459785,-0.4578208864792399,0.8217077879334005,False
orig,kfold_10,kfold,orig GM paper,GM paper,gross,ok,optimal,uncapped,False,,0.9117500000000001,0.21450692747615108,0.386357001927557,-0.19519899630115445,1.0841683302144893,-0.47262214405734404,0.9134894701070057,False
orig,kfold_10,kfold,orig GM paper,GM paper,full_cost_net,ok,optimal,uncapped,False,,0.9117500000000001,-0.24113417648540394,-0.3728505932433499,-0.55051446957717,1.1200742252635698,-0.551944131742286,0.716635329816843,False
orig,kfold_10,kfold,orig Equal premium capped,Equal premium capped,gross,ok,reference,relaxed,True,0.778804225,0.715453,-0.3658411343917527,-0.5909357189550304,-0.8169017310134139,1.6082576977983158,-0.630171776653417,0.49292982861868495,False
orig,kfold_10,kfold,orig Equal premium capped,Equal premium capped,full_cost_net,ok,reference,relaxed,True,0.778804225,0.715453,-0.4778357273636489,-0.7428917703407609,-0.8557342961072021,1.612178837904742,-0.6507674530959665,0.44632507977465824,False
orig,kfold_10,kfold,orig Equal risk capped,Equal risk capped,gross,ok,reference,relaxed,True,0.778804225,0.715453,-0.3658411343917527,-0.5909357189550304,-0.8169017310134139,1.6082576977983158,-0.630171776653417,0.49292982861868495,False
orig,kfold_10,kfold,orig Equal risk capped,Equal risk capped,full_cost_net,ok,reference,relaxed,True,0.778804225,0.715453,-0.4778357273636489,-0.7428917703407609,-0.8557342961072021,1.612178837904742,-0.6507674530959665,0.44632507977465824,False
orig,kfold_11,kfold,orig E1 capped,E1 capped,gross,ok,optimal,hard,True,0.9234303999999999,0.5727669999999999,0.4020170143129985,1.3291416829332112,-0.08908050527375078,1.625449368805168,-0.40836905527345824,0.9618706325695346,False
orig,kfold_11,kfold,orig E1 capped,E1 capped,full_cost_net,ok,optimal,hard,True,0.9234303999999999,0.5727669999999999,0.3058494765731226,0.9365719290116042,-0.22414138312268428,1.6150618030300399,-0.4328922694053938,0.8996551663661178,False
orig,kfold_11,kfold,orig GM paper,GM paper,gross,ok,optimal,uncapped,False,,0.9909730000000001,0.004976633396757955,0.01166046338054234,-0.5385536925592211,1.5749743435472952,-0.5729514039833714,0.7245201854398707,False
orig,kfold_11,kfold,orig GM paper,GM paper,full_cost_net,ok,optimal,uncapped,False,,0.9909730000000001,-0.8896234744305214,-1.395591083068847,-0.915797971858568,1.5818649406206093,-0.6868067577479583,0.3566298822063081,False
orig,kfold_11,kfold,orig Equal premium capped,Equal premium capped,gross,ok,reference,relaxed,True,0.9234303999999999,0.8537069999999999,0.5225485862201833,1.8885308930487064,-0.345834876079841,2.84395681346765,-0.5294989746959866,0.8379210054861789,False
orig,kfold_11,kfold,orig Equal premium capped,Equal premium capped,full_cost_net,ok,reference,relaxed,True,0.9234303999999999,0.8537069999999999,0.39959666208353845,1.3120218659892977,-0.5607097116215916,2.843133125746292,-0.582636649947176,0.7098171707917058,False
orig,kfold_11,kfold,orig Equal risk capped,Equal risk capped,gross,ok,reference,relaxed,True,0.9234303999999999,0.8537469999999999,0.4736029209733514,1.648759123743079,-0.39597683536237116,2.7279020605757793,-0.543166519403841,0.8105360413729326,False
orig,kfold_11,kfold,orig Equal risk capped,Equal risk capped,full_cost_net,ok,reference,relaxed,True,0.9234303999999999,0.8537469999999999,0.37191767453441305,1.194033245271722,-0.5575966518034472,2.7182653915130492,-0.5803602635778964,0.711908757594679,False
orig,cpcv_00_01,cpcv,orig E1 capped,E1 capped,gross,ok,optimal,hard,True,0.7751712999999999,0.515003,0.15181725358635628,0.33194703397706743,-0.25214793101904565,1.1111549869108313,-0.4123889893020849,0.7849579932431013,False
orig,cpcv_00_01,cpcv,orig E1 capped,E1 capped,full_cost_net,ok,optimal,hard,True,0.7751712999999999,0.515003,0.017624220696150487,0.03632586703571077,-0.36228721025637833,1.1125988216405467,-0.4724134977558774,0.6873653030251421,False
orig,cpcv_00_01,cpcv,orig GM paper,GM paper,gross,ok,optimal,uncapped,False,,0.8269980000000001,1.0081121440172038,3.189447638491983,0.9994438523023406,1.1814819077761827,-0.26096167170185414,1.7813845339859702,False
orig,cpcv_00_01,cpcv,orig GM paper,GM paper,full_cost_net,ok,optimal,uncapped,False,,0.8269980000000001,0.2809532991875995,0.5749114796443561,-0.13310541497132067,1.073794492162217,-0.4726381382606444,0.8877797646122219,False
orig,cpcv_00_01,cpcv,orig Equal premium capped,Equal premium capped,gross,ok,reference,relaxed,True,0.7751712999999999,0.710371,-0.24538938652460507,-0.45001296487300546,-0.7044450459036911,1.4718953317195431,-0.7301688242506175,0.3621305821739398,False
orig,cpcv_00_01,cpcv,orig Equal premium capped,Equal premium capped,full_cost_net,ok,reference,relaxed,True,0.7751712999999999,0.710371,-0.48697144858760316,-0.8159785613196416,-0.8128284785621805,1.4958258646053364,-0.8109210854280046,0.2474760309476488,False
orig,cpcv_00_01,cpcv,orig Equal risk capped,Equal risk capped,gross,ok,reference,relaxed,True,0.7751712999999999,0.710371,-0.24538938652460507,-0.45001296487300546,-0.7044450459036911,1.4718953317195431,-0.7301688242506175,0.3621305821739398,False
orig,cpcv_00_01,cpcv,orig Equal risk capped,Equal risk capped,full_cost_net,ok,reference,relaxed,True,0.7751712999999999,0.710371,-0.48697144858760316,-0.8159785613196416,-0.8128284785621805,1.4958258646053364,-0.8109210854280046,0.2474760309476488,False
orig,cpcv_00_02,cpcv,orig E1 capped,E1 capped,gross,ok,optimal,hard,True,0.772265325,0.519242,-0.8915915703154014,-1.51572565273884,-0.6976328343069329,0.933585042648466,-0.5931579837636506,0.3690729284632446,False
orig,cpcv_00_02,cpcv,orig E1 capped,E1 capped,full_cost_net,ok,optimal,hard,True,0.772265325,0.519242,-1.03755008783117,-1.6597932848820993,-0.7401531755870192,0.9317668860186786,-0.6279574639932648,0.3252853553654857,False
orig,cpcv_00_02,cpcv,orig GM paper,GM paper,gross,ok,optimal,uncapped,False,,0.79737,-0.6396721980349285,-1.1808747462420377,-0.7142003260494059,1.1545095556764784,-0.7325357132243819,0.35214222785095767,False
orig,cpcv_00_02,cpcv,orig GM paper,GM paper,full_cost_net,ok,optimal,uncapped,False,,0.79737,-1.219022645355635,-1.7549314116879509,-0.8667450598535289,1.136763544493572,-0.8357619005403935,0.18645302431737812,False
orig,cpcv_00_02,cpcv,orig Equal premium capped,Equal premium capped,gross,ok,reference,relaxed,True,0.772265325,0.711306,-0.6468663588128066,-1.0732585636636296,-0.7875406771608552,1.3007116306109991,-0.6783735462678211,0.2750404020039146,False
orig,cpcv_00_02,cpcv,orig Equal premium capped,Equal premium capped,full_cost_net,ok,reference,relaxed,True,0.772265325,0.711306,-0.7930706041117167,-1.2461113718409567,-0.8307140769984965,1.2997866055018346,-0.7294290350281711,0.22760617383373508,False
orig,cpcv_00_02,cpcv,orig Equal risk capped,Equal risk capped,gross,ok,reference,relaxed,True,0.772265325,0.711306,-0.6468663588128066,-1.0732585636636296,-0.7875406771608552,1.3007116306109991,-0.6783735462678211,0.2750404020039146,False
orig,cpcv_00_02,cpcv,orig Equal risk capped,Equal risk capped,full_cost_net,ok,reference,relaxed,True,0.772265325,0.711306,-0.7930706041117167,-1.2461113718409567,-0.8307140769984965,1.2997866055018346,-0.7294290350281711,0.22760617383373508,False
orig,cpcv_00_03,cpcv,orig E1 capped,E1 capped,gross,ok,optimal,hard,True,0.756269575,0.517416,-0.04435463100267348,-0.09650976551783666,-0.3694486771524015,1.0702961917753646,-0.4346161242420722,0.6809267060662862,False
orig,cpcv_00_03,cpcv,orig E1 capped,E1 capped,full_cost_net,ok,optimal,hard,True,0.756269575,0.517416,-0.1749329466899977,-0.35893002478827823,-0.45686824176773677,1.0691327208954946,-0.4523467610689309,0.6012951000861476,False
orig,cpcv_00_03,cpcv,orig GM paper,GM paper,gross,ok,optimal,uncapped,False,,0.811491,0.2745857101124961,0.6883483069232457,-0.16355960107667522,1.2493809226845571,-0.37568980442646194,0.8617127133642853,False
orig,cpcv_00_03,cpcv,orig GM paper,GM paper,full_cost_net,ok,optimal,uncapped,False,,0.811491,-0.39498113077201685,-0.7122653773323998,-0.6735137205943011,1.2584386034116186,-0.6609024514963042,0.3934480938682197,False
orig,cpcv_00_03,cpcv,orig Equal premium capped,Equal premium capped,gross,ok,reference,relaxed,True,0.756269575,0.6939190000000001,-0.529012863631422,-0.9815073760283968,-0.7002706852808391,1.212788021204209,-0.5729592966363243,0.36638781114943325,False
orig,cpcv_00_03,cpcv,orig Equal premium capped,Equal premium capped,full_cost_net,ok,reference,relaxed,True,0.756269575,0.6939190000000001,-0.6928273793352367,-1.204090394846353,-0.7613071263661771,1.211906915542163,-0.6411292831120502,0.3030629717551267,False
orig,cpcv_00_03,cpcv,orig Equal risk capped,Equal risk capped,gross,ok,reference,relaxed,True,0.756269575,0.6939190000000001,-0.529012863631422,-0.9815073760283968,-0.7002706852808391,1.212788021204209,-0.5729592966363243,0.36638781114943325,False
orig,cpcv_00_03,cpcv,orig Equal risk capped,Equal risk capped,full_cost_net,ok,reference,relaxed,True,0.756269575,0.6939190000000001,-0.6928273793352367,-1.204090394846353,-0.7613071263661771,1.211906915542163,-0.6411292831120502,0.3030629717551267,False
orig,cpcv_00_04,cpcv,orig E1 capped,E1 capped,gross,ok,optimal,hard,True,0.758137625,0.5292340000000001,0.6524936262224587,1.5006997571196574,0.3022904360826406,1.0500179064473616,-0.45240796982980824,1.2462061092450964,False
orig,cpcv_00_04,cpcv,orig E1 capped,E1 capped,full_cost_net,ok,optimal,hard,True,0.758137625,0.5292340000000001,0.5073257384033614,1.103848858732877,0.1163241875442067,1.0487616541092073,-0.4708080170614536,1.096037160669713,False
orig,cpcv_00_04,cpcv,orig GM paper,GM paper,gross,ok,optimal,uncapped,False,,0.994417,0.9120555935891614,2.723564128524503,0.8421874469108226,1.4063255796011678,-0.36902429427637784,1.6638398261971652,False
orig,cpcv_00_04,cpcv,orig GM paper,GM paper,full_cost_net,ok,optimal,uncapped,False,,0.994417,-1.0444625615489562,-1.3242639789250141,-0.9884699023011307,1.786257296262829,-0.9773604905005084,0.024258325698719503,False
orig,cpcv_00_04,cpcv,orig Equal premium capped,Equal premium capped,gross,ok,reference,relaxed,True,0.758137625,0.696555,1.0590436676871686,2.6035226251993393,1.0362411131720437,1.3933653019113006,-0.46884675324294545,1.8086630582768612,False
orig,cpcv_00_04,cpcv,orig Equal premium capped,Equal premium capped,full_cost_net,ok,reference,relaxed,True,0.758137625,0.696555,0.9125940284305086,2.107415753330102,0.6601942649801336,1.3923696632613451,-0.4949239469446105,1.5256880960943127,False
orig,cpcv_00_04,cpcv,orig Equal risk capped,Equal risk capped,gross,ok,reference,relaxed,True,0.758137625,0.696555,1.0590436676871686,2.6035226251993393,1.0362411131720437,1.3933653019113006,-0.46884675324294545,1.8086630582768612,False
orig,cpcv_00_04,cpcv,orig Equal risk capped,Equal risk capped,full_cost_net,ok,reference,relaxed,True,0.758137625,0.696555,0.9125940284305086,2.107415753330102,0.6601942649801336,1.3923696632613451,-0.4949239469446105,1.5256880960943127,False
orig,cpcv_00_05,cpcv,orig E1 capped,E1 capped,gross,ok,optimal,hard,True,0.7651154750000001,0.5135080000000001,0.2932575489442676,0.5923211798377945,-0.16579172411854992,1.1583730232987395,-0.43708475240512734,0.8597959828630125,False
orig,cpcv_00_05,cpcv,orig E1 capped,E1 capped,full_cost_net,ok,optimal,hard,True,0.7651154750000001,0.5135080000000001,0.1805203502130799,0.3480171996066304,-0.27315491282069804,1.1570934978087914,-0.45461975600193916,0.766540106638012,False
orig,cpcv_00_05,cpcv,orig GM paper,GM paper,gross,ok,optimal,uncapped,False,,0.832833,0.8338395079707406,2.234543417742466,0.6123292654688275,1.2479457436122123,-0.34667301095897407,1.4889431433225817,False
orig,cpcv_00_05,cpcv,orig GM paper,GM paper,full_cost_net,ok,optimal,uncapped,False,,0.832833,0.16762030468668418,0.3305900069671728,-0.2823061613611797,1.1764373720553423,-0.4584255165767197,0.758489107246648,False
orig,cpcv_00_05,cpcv,orig Equal premium capped,Equal premium capped,gross,ok,reference,relaxed,True,0.7651154750000001,0.702263,-0.02769493813933271,-0.049510063527910694,-0.5886620987099755,1.4412348169259668,-0.5882556065352367,0.47697864984220983,False
orig,cpcv_00_05,cpcv,orig Equal premium capped,Equal premium capped,full_cost_net,ok,reference,relaxed,True,0.7651154750000001,0.702263,-0.16017547660719758,-0.27295336407597126,-0.6700781982758733,1.4411400096848055,-0.6486183152875058,0.396895199509398,False
orig,cpcv_00_05,cpcv,orig Equal risk capped,Equal risk capped,gross,ok,reference,relaxed,True,0.7651154750000001,0.702263,-0.02769493813933271,-0.049510063527910694,-0.5886620987099755,1.4412348169259668,-0.5882556065352367,0.47697864984220983,False
orig,cpcv_00_05,cpcv,orig Equal risk capped,Equal risk capped,full_cost_net,ok,reference,relaxed,True,0.7651154750000001,0.702263,-0.16017547660719758,-0.27295336407597126,-0.6700781982758733,1.4411400096848055,-0.6486183152875058,0.396895199509398,False
orig,cpcv_00_06,cpcv,orig E1 capped,E1 capped,gross,ok,optimal,hard,True,0.760977525,0.500014,0.6759359567517121,1.8853102010849132,0.3123134838663144,1.4031612430439737,-0.42723561438830726,1.2541938282044733,False
orig,cpcv_00_06,cpcv,orig E1 capped,E1 capped,full_cost_net,ok,optimal,hard,True,0.760977525,0.500014,0.579802199891893,1.5395781119492735,0.14360617529580555,1.400671097924867,-0.4439942762795941,1.118313952056493,False
orig,cpcv_00_06,cpcv,orig GM paper,GM paper,gross,ok,optimal,uncapped,False,,0.8654000000000001,1.2418797719135803,4.071052129733212,1.7838350189369674,1.4470510334531668,-0.3649191088529291,2.3471251376195523,False
orig,cpcv_00_06,cpcv,orig GM paper,GM paper,full_cost_net,ok,optimal,uncapped,False,,0.8654000000000001,0.5178592030032264,1.1634991796771157,0.04218678042105117,1.27986167691478,-0.4995994514177967,1.0350340408906726,False
orig,cpcv_00_06,cpcv,orig Equal premium capped,Equal premium capped,gross,ok,reference,relaxed,True,0.760977525,0.699801,0.6561170751583665,2.0284685873888186,0.0943825341923068,2.042028431789403,-0.5414616348161273,1.0780551065410606,False
orig,cpcv_00_06,cpcv,orig Equal premium capped,Equal premium capped,full_cost_net,ok,reference,relaxed,True,0.760977525,0.699801,0.5525554107995205,1.607469845045316,-0.12525867426135184,2.0380901316192057,-0.5938244592597337,0.8944712178248089,False
orig,cpcv_00_06,cpcv,orig Equal risk capped,Equal risk capped,gross,ok,reference,relaxed,True,0.760977525,0.699801,0.6561170751583665,2.0284685873888186,0.0943825341923068,2.042028431789403,-0.5414616348161273,1.0780551065410606,False
orig,cpcv_00_06,cpcv,orig Equal risk capped,Equal risk capped,full_cost_net,ok,reference,relaxed,True,0.760977525,0.699801,0.5525554107995205,1.607469845045316,-0.12525867426135184,2.0380901316192057,-0.5938244592597337,0.8944712178248089,False
orig,cpcv_00_07,cpcv,orig E1 capped,E1 capped,gross,ok,optimal,hard,True,0.7584701250000001,0.512488,1.2305345871625304,3.3182489972542655,1.4147194654470923,1.1627758184624126,-0.42934393961520434,2.084757616646569,False
orig,cpcv_00_07,cpcv,orig E1 capped,E1 capped,full_cost_net,ok,optimal,hard,True,0.7584701250000001,0.512488,1.0890414882417643,2.7809041249785618,1.0607500506852987,1.1613024788504165,-0.44663681891264984,1.8267863843201486,False
orig,cpcv_00_07,cpcv,orig GM paper,GM paper,gross,ok,optimal,uncapped,False,,0.995323,1.1914177883381456,3.4105434012921467,1.5215507747160522,1.3008153123211275,-0.3107585168063136,2.1613400349111496,False
orig,cpcv_00_07,cpcv,orig GM paper,GM paper,full_cost_net,ok,optimal,uncapped,False,,0.995323,-0.5295403608045541,-0.7588025400178525,-0.8950762277416893,1.599025621994203,-0.8994426477226297,0.15277826723964585,False
orig,cpcv_00_07,cpcv,orig Equal premium capped,Equal premium capped,gross,ok,reference,relaxed,True,0.7584701250000001,0.696947,1.3053405923212134,3.448660497748381,1.8557027281596574,1.5093992868398318,-0.4704396694287304,2.397512225184464,False
orig,cpcv_00_07,cpcv,orig Equal premium capped,Equal premium capped,full_cost_net,ok,reference,relaxed,True,0.7584701250000001,0.696947,1.157912569546408,2.8670211765580085,1.2967180976439732,1.506467320281791,-0.4962895872853509,1.999507682577352,False
orig,cpcv_00_07,cpcv,orig Equal risk capped,Equal risk capped,gross,ok,reference,relaxed,True,0.7584701250000001,0.696947,1.3053405923212134,3.448660497748381,1.8557027281596574,1.5093992868398318,-0.4704396694287304,2.397512225184464,False
orig,cpcv_00_07,cpcv,orig Equal risk capped,Equal risk capped,full_cost_net,ok,reference,relaxed,True,0.7584701250000001,0.696947,1.157912569546408,2.8670211765580085,1.2967180976439732,1.506467320281791,-0.4962895872853509,1.999507682577352,False
orig,cpcv_00_08,cpcv,orig E1 capped,E1 capped,gross,ok,optimal,hard,True,0.7633000750000001,0.5078940000000001,0.3427552649950955,0.8437547655934268,-0.10348956449491165,1.2113230813871976,-0.4285819413239066,0.9129832103379564,False
orig,cpcv_00_08,cpcv,orig E1 capped,E1 capped,full_cost_net,ok,optimal,hard,True,0.7633000750000001,0.5078940000000001,0.22897790935457957,0.5304922699947006,-0.22382687670684331,1.2094895497579272,-0.4790072421528073,0.8096528212985489,False
orig,cpcv_00_08,cpcv,orig GM paper,GM paper,gross,ok,optimal,uncapped,False,,0.781707,0.790144840987167,2.3946878172298605,0.572371593475286,1.222863943997621,-0.3317286060828889,1.4581291461097774,False
orig,cpcv_00_08,cpcv,orig GM paper,GM paper,full_cost_net,ok,optimal,uncapped,False,,0.781707,0.35634038943664015,0.8562600775001589,-0.07114416018972258,1.1861338359472677,-0.4431401578199131,0.940351590045963,False
orig,cpcv_00_08,cpcv,orig Equal premium capped,Equal premium capped,gross,ok,reference,relaxed,True,0.7633000750000001,0.698937,0.1788428112932953,0.3810794295484403,-0.40609192637001035,1.459008206583303,-0.558552956603116,0.6477876902431741,False
orig,cpcv_00_08,cpcv,orig Equal premium capped,Equal premium capped,full_cost_net,ok,reference,relaxed,True,0.7633000750000001,0.698937,0.03133819804252839,0.06262844093809841,-0.532817095342022,1.4597370598723267,-0.6236440709450598,0.5303620640271295,False
orig,cpcv_00_08,cpcv,orig Equal risk capped,Equal risk capped,gross,ok,reference,relaxed,True,0.7633000750000001,0.698937,0.1788428112932953,0.3810794295484403,-0.40609192637001035,1.459008206583303,-0.558552956603116,0.6477876902431741,False
orig,cpcv_00_08,cpcv,orig Equal risk capped,Equal risk capped,full_cost_net,ok,reference,relaxed,True,0.7633000750000001,0.698937,0.03133819804252839,0.06262844093809841,-0.532817095342022,1.4597370598723267,-0.6236440709450598,0.5303620640271295,False
orig,cpcv_00_09,cpcv,orig E1 capped,E1 capped,gross,ok,optimal,hard,True,0.76295735,0.512188,0.398282984096892,0.8762844649847049,0.0065819960973134695,1.0345469642140093,-0.41658029616374914,1.0054819959022887,False
orig,cpcv_00_09,cpcv,orig E1 capped,E1 capped,full_cost_net,ok,optimal,hard,True,0.76295735,0.512188,0.27222619998286923,0.5673603063793277,-0.12067637663113318,1.0341110398264564,-0.434074229919297,0.8983742266359247,False
orig,cpcv_00_09,cpcv,orig GM paper,GM paper,gross,ok,optimal,uncapped,False,,0.8152929999999998,1.1298629601466499,3.8992602067862885,1.4477014780102668,1.3978113076429532,-0.27013614840168054,2.1084600423910946,False
orig,cpcv_00_09,cpcv,orig GM paper,GM paper,full_cost_net,ok,optimal,uncapped,False,,0.8152929999999998,0.6750651218302074,1.7982327689452764,0.30647436315864063,1.3588156750104323,-0.3124688892387878,1.2495416691249501,False
orig,cpcv_00_09,cpcv,orig Equal premium capped,Equal premium capped,gross,ok,reference,relaxed,True,0.76295735,0.701365,0.2641237408823715,0.5815359631170459,-0.3017098085994977,1.412354831046748,-0.4721832276780199,0.7413613680686814,False
orig,cpcv_00_09,cpcv,orig Equal premium capped,Equal premium capped,full_cost_net,ok,reference,relaxed,True,0.76295735,0.701365,0.13162956119845903,0.272419786984166,-0.4317843334925352,1.4132732933430328,-0.498348425438093,0.6243493583422308,False
orig,cpcv_00_09,cpcv,orig Equal risk capped,Equal risk capped,gross,ok,reference,relaxed,True,0.76295735,0.701365,0.2641237408823715,0.5815359631170459,-0.3017098085994977,1.412354831046748,-0.4721832276780199,0.7413613680686814,False
orig,cpcv_00_09,cpcv,orig Equal risk capped,Equal risk capped,full_cost_net,ok,reference,relaxed,True,0.76295735,0.701365,0.13162956119845903,0.272419786984166,-0.4317843334925352,1.4132732933430328,-0.498348425438093,0.6243493583422308,False
orig,cpcv_00_10,cpcv,orig E1 capped,E1 capped,gross,ok,optimal,hard,True,0.766543525,0.513838,0.01155557407692183,0.022523733642276104,-0.41796356838141524,1.1914436930886498,-0.45215456366132756,0.6369790388857658,False
orig,cpcv_00_10,cpcv,orig E1 capped,E1 capped,full_cost_net,ok,optimal,hard,True,0.766543525,0.513838,-0.09755399443016663,-0.18112003303296265,-0.49579454464226325,1.192063373896607,-0.46926728763906544,0.5651619959807427,False
orig,cpcv_00_10,cpcv,orig GM paper,GM paper,gross,ok,optimal,uncapped,False,,1.007016,0.18574455609801238,0.38344300775472695,-0.4002479146918392,1.4683094040457496,-0.5622587027623918,0.6530951704425131,False
orig,cpcv_00_10,cpcv,orig GM paper,GM paper,full_cost_net,ok,optimal,uncapped,False,,1.007016,-0.2807370205314087,-0.47523704244757375,-0.7260713904060558,1.456930627038869,-0.6529354082771017,0.33991043261620596,False
orig,cpcv_00_10,cpcv,orig Equal premium capped,Equal premium capped,gross,ok,reference,relaxed,True,0.766543525,0.7046420000000001,-0.3256582780402566,-0.5577598661882871,-0.7738561790840152,1.5254650342674219,-0.6590865192342565,0.289725867181406,False
orig,cpcv_00_10,cpcv,orig Equal premium capped,Equal premium capped,full_cost_net,ok,reference,relaxed,True,0.766543525,0.7046420000000001,-0.44728370154818564,-0.7314410176089013,-0.8204342542425981,1.526573793134328,-0.7140325938405161,0.23906697040449038,False
orig,cpcv_00_10,cpcv,orig Equal risk capped,Equal risk capped,gross,ok,reference,relaxed,True,0.766543525,0.7046420000000001,-0.3256582780402566,-0.5577598661882871,-0.7738561790840152,1.5254650342674219,-0.6590865192342565,0.289725867181406,False
orig,cpcv_00_10,cpcv,orig Equal risk capped,Equal risk capped,full_cost_net,ok,reference,relaxed,True,0.766543525,0.7046420000000001,-0.44728370154818564,-0.7314410176089013,-0.8204342542425981,1.526573793134328,-0.7140325938405161,0.23906697040449038,False
orig,cpcv_00_11,cpcv,orig E1 capped,E1 capped,gross,ok,optimal,hard,True,0.9082541,0.5816880000000001,0.6895534401384394,2.2882976761885443,0.36777475042314367,1.4440693718110595,-0.5058858550275429,1.2982115994460377,False
orig,cpcv_00_11,cpcv,orig E1 capped,E1 capped,full_cost_net,ok,optimal,hard,True,0.9082541,0.5816880000000001,0.5771679094679424,1.7633234192295586,0.15926124804681474,1.4401690947135142,-0.5405003019978674,1.1310568441190567,False
orig,cpcv_00_11,cpcv,orig GM paper,GM paper,gross,ok,optimal,uncapped,False,,1.0053699999999999,0.5786826269747993,1.5985869673276838,0.0703538918414266,1.610792731780623,-0.673338621040854,1.0582935772753255,False
orig,cpcv_00_11,cpcv,orig GM paper,GM paper,full_cost_net,ok,optimal,uncapped,False,,1.0053699999999999,-0.4805410877084618,-0.7882654743729645,-0.7623422496890264,1.3527976061133122,-0.835095530132721,0.3019673479563726,False
orig,cpcv_00_11,cpcv,orig Equal premium capped,Equal premium capped,gross,ok,reference,relaxed,True,0.9082541,0.831776,0.5589602126532262,1.7559352454953847,-0.17485098968987545,2.252321299975786,-0.717340497376934,0.852007960687893,False
orig,cpcv_00_11,cpcv,orig Equal premium capped,Equal premium capped,full_cost_net,ok,reference,relaxed,True,0.9082541,0.831776,0.42717439198609086,1.2311066454708146,-0.4067717288910023,2.252119215408009,-0.761890486898869,0.6471697358438232,False
orig,cpcv_00_11,cpcv,orig Equal risk capped,Equal risk capped,gross,ok,reference,relaxed,True,0.9082541,0.8333959999999999,0.516996374270525,1.5755948176266272,-0.25082052502300933,2.2313624458719508,-0.7227870507834432,0.7861188778363049,False
orig,cpcv_00_11,cpcv,orig Equal risk capped,Equal risk capped,full_cost_net,ok,reference,relaxed,True,0.9082541,0.8333959999999999,0.4036092242735106,1.1387726709731487,-0.43518614619447094,2.226802709168386,-0.7655109545895863,0.6212329041984028,False
orig,cpcv_01_02,cpcv,orig E1 capped,E1 capped,gross,ok,optimal,hard,True,0.779409225,0.512232,-1.1456702142285564,-1.5185084986385469,-0.6282362604389706,0.6667754877138562,-0.5959358963214891,0.4384188212211014,False
orig,cpcv_01_02,cpcv,orig E1 capped,E1 capped,full_cost_net,ok,optimal,hard,True,0.779409225,0.512232,-1.3922826761496552,-1.728899455268631,-0.6902542596599904,0.6673148033912462,-0.6485178130761269,0.37656312162338834,False
orig,cpcv_01_02,cpcv,orig GM paper,GM paper,gross,ok,optimal,uncapped,False,,0.753167,-0.7765268867559808,-1.172655025954763,-0.5934894439767481,0.7920737198191643,-0.6711294091996366,0.4723093281121751,False
orig,cpcv_01_02,cpcv,orig GM paper,GM paper,full_cost_net,ok,optimal,uncapped,False,,0.753167,-1.933333012840514,-2.0189888689573507,-0.92285410321587,0.9669865655669648,-0.8946076951444621,0.11823898507560332,False
orig,cpcv_01_02,cpcv,orig Equal premium capped,Equal premium capped,gross,ok,reference,relaxed,True,0.779409225,0.7164900000000001,-1.054952940672555,-1.3535857352387815,-0.8038683436353431,1.015230596060439,-0.7594652193005418,0.25730985103220066,False
orig,cpcv_01_02,cpcv,orig Equal premium capped,Equal premium capped,full_cost_net,ok,reference,relaxed,True,0.779409225,0.7164900000000001,-1.4040011002492194,-1.6499597706324345,-0.8805967640013848,1.0428680891685176,-0.8379584918995253,0.17015579617585375,False
orig,cpcv_01_02,cpcv,orig Equal risk capped,Equal risk capped,gross,ok,reference,relaxed,True,0.779409225,0.7164900000000001,-1.054952940672555,-1.3535857352387815,-0.8038683436353431,1.015230596060439,-0.7594652193005418,0.25730985103220066,False
orig,cpcv_01_02,cpcv,orig Equal risk capped,Equal risk capped,full_cost_net,ok,reference,relaxed,True,0.779409225,0.7164900000000001,-1.4040011002492194,-1.6499597706324345,-0.8805967640013848,1.0428680891685176,-0.8379584918995253,0.17015579617585375,False
orig,cpcv_01_03,cpcv,orig E1 capped,E1 capped,gross,ok,optimal,hard,True,0.762853425,0.5170250000000001,-0.012493114238240725,-0.02346512944218098,-0.21167488759166597,0.7527034786373991,-0.39762786925599214,0.8202025865155466,False
orig,cpcv_01_03,cpcv,orig E1 capped,E1 capped,full_cost_net,ok,optimal,hard,True,0.762853425,0.5170250000000001,-0.2391825795583856,-0.41752073840207893,-0.3418464613444562,0.7563678576260621,-0.43466858241492723,0.7056770884779746,False
orig,cpcv_01_03,cpcv,orig GM paper,GM paper,gross,ok,optimal,uncapped,False,,0.773832,0.7439850594522893,1.6879173754180163,0.3496946630428255,0.6099383719397178,-0.26407172519650524,1.2838952994442996,False
orig,cpcv_01_03,cpcv,orig GM paper,GM paper,full_cost_net,ok,optimal,uncapped,False,,0.773832,-1.029594736232558,-1.2281533264512294,-0.7409498121188238,0.8550965247786821,-0.7072850371467597,0.3244540948677288,False
orig,cpcv_01_03,cpcv,orig Equal premium capped,Equal premium capped,gross,ok,reference,relaxed,True,0.762853425,0.7032560000000001,-0.9227834497645332,-1.277039589177852,-0.7234136604110997,0.9281674237183455,-0.6793718004941771,0.3426564719455117,False
orig,cpcv_01_03,cpcv,orig Equal premium capped,Equal premium capped,full_cost_net,ok,reference,relaxed,True,0.762853425,0.7032560000000001,-1.3240827646924667,-1.6361377977429021,-0.8357068189513092,0.9643300982969699,-0.7884190587999228,0.22199828296252475,False
orig,cpcv_01_03,cpcv,orig Equal risk capped,Equal risk capped,gross,ok,reference,relaxed,True,0.762853425,0.7032560000000001,-0.9227834497645332,-1.277039589177852,-0.7234136604110997,0.9281674237183455,-0.6793718004941771,0.3426564719455117,False
orig,cpcv_01_03,cpcv,orig Equal risk capped,Equal risk capped,full_cost_net,ok,reference,relaxed,True,0.762853425,0.7032560000000001,-1.3240827646924667,-1.6361377977429021,-0.8357068189513092,0.9643300982969699,-0.7884190587999228,0.22199828296252475,False
orig,cpcv_01_04,cpcv,orig E1 capped,E1 capped,gross,ok,optimal,hard,True,0.7603007,0.520703,1.1712045394856525,2.626540780828607,0.8720966329641109,0.7470395156841496,-0.4123995386828656,1.6863208839197925,False
orig,cpcv_01_04,cpcv,orig E1 capped,E1 capped,full_cost_net,ok,optimal,hard,True,0.7603007,0.520703,0.93401492722094,1.9467400820407623,0.5794684054503774,0.7530641650733327,-0.4498568990057069,1.463611407811241,False
orig,cpcv_01_04,cpcv,orig GM paper,GM paper,gross,ok,optimal,uncapped,False,,0.9963150000000001,2.2596345228524273,8.174480809903743,2.5077830892506143,0.6630879462941769,-0.19265049232330467,2.8457316344507624,False
orig,cpcv_01_04,cpcv,orig GM paper,GM paper,full_cost_net,ok,optimal,uncapped,False,,0.9963150000000001,-1.6063052091109273,-1.5679258982399,-1.0,1.7398014498875454,-1.0,0.0,True
orig,cpcv_01_04,cpcv,orig Equal premium capped,Equal premium capped,gross,ok,reference,relaxed,True,0.7603007,0.69776,1.1247884122764158,2.328363033785951,1.0270214809872642,1.168465493595152,-0.6328090842098225,1.8018361363019293,False
orig,cpcv_01_04,cpcv,orig Equal premium capped,Equal premium capped,full_cost_net,ok,reference,relaxed,True,0.7603007,0.69776,0.7417797922675983,1.356464360705262,0.27183778505525646,1.2287693383986504,-0.7245823786825276,1.2218740350077135,False
orig,cpcv_01_04,cpcv,orig Equal risk capped,Equal risk capped,gross,ok,reference,relaxed,True,0.7603007,0.69776,1.1247884122764158,2.328363033785951,1.0270214809872642,1.168465493595152,-0.6328090842098225,1.8018361363019293,False
orig,cpcv_01_04,cpcv,orig Equal risk capped,Equal risk capped,full_cost_net,ok,reference,relaxed,True,0.7603007,0.69776,0.7417797922675983,1.356464360705262,0.27183778505525646,1.2287693383986504,-0.7245823786825276,1.2218740350077135,False
orig,cpcv_01_05,cpcv,orig E1 capped,E1 capped,gross,ok,optimal,hard,True,0.7677089500000001,0.509227,0.5329026455820017,0.9931480579227902,0.1371848275387304,0.9233981109769088,-0.4105052634555888,1.1130787215706592,False
orig,cpcv_01_05,cpcv,orig E1 capped,E1 capped,full_cost_net,ok,optimal,hard,True,0.7677089500000001,0.509227,0.37350760710333214,0.6623683609442981,-0.021589319357845582,0.9250973606975182,-0.4409948685093673,0.9819762575905681,False
orig,cpcv_01_05,cpcv,orig GM paper,GM paper,gross,ok,optimal,uncapped,False,,0.805361,1.7799597010428603,6.537273866799147,1.9997215424152222,0.7763505621529408,-0.20869902481466052,2.4978563090167505,False
orig,cpcv_01_05,cpcv,orig GM paper,GM paper,full_cost_net,ok,optimal,uncapped,False,,0.805361,0.39930207751420943,0.7263947625270879,0.04477156143368566,0.8142456447689151,-0.3803148270765334,1.0371728001343523,False
orig,cpcv_01_05,cpcv,orig Equal premium capped,Equal premium capped,gross,ok,reference,relaxed,True,0.7677089500000001,0.7059590000000001,-0.16489857799260937,-0.2506487864811946,-0.597006876648749,1.2273196911299467,-0.6802308270593344,0.46890122017251795,False
orig,cpcv_01_05,cpcv,orig Equal premium capped,Equal premium capped,full_cost_net,ok,reference,relaxed,True,0.7677089500000001,0.7059590000000001,-0.47249116136766767,-0.6634600740127291,-0.7538159950036054,1.2657037028824283,-0.7819718510561441,0.31096859195977156,False
orig,cpcv_01_05,cpcv,orig Equal risk capped,Equal risk capped,gross,ok,reference,relaxed,True,0.7677089500000001,0.7059590000000001,-0.16489857799260937,-0.2506487864811946,-0.597006876648749,1.2273196911299467,-0.6802308270593344,0.46890122017251795,False
orig,cpcv_01_05,cpcv,orig Equal risk capped,Equal risk capped,full_cost_net,ok,reference,relaxed,True,0.7677089500000001,0.7059590000000001,-0.47249116136766767,-0.6634600740127291,-0.7538159950036054,1.2657037028824283,-0.7819718510561441,0.31096859195977156,False
orig,cpcv_01_06,cpcv,orig E1 capped,E1 capped,gross,ok,optimal,hard,True,0.766020175,0.49070100000000005,0.906075931561566,2.5193960699071334,0.7552144541718024,1.1797645992294092,-0.42763391992040234,1.5981166965446982,False
orig,cpcv_01_06,cpcv,orig E1 capped,E1 capped,full_cost_net,ok,optimal,hard,True,0.766020175,0.49070100000000005,0.7776433073318328,2.044148886342412,0.5107511983221869,1.1809910435928075,-0.45870573295414063,1.410351796800482,False
orig,cpcv_01_06,cpcv,orig GM paper,GM paper,gross,ok,optimal,uncapped,False,,0.844624,2.114854752618184,10.39426376918659,3.522502117481163,0.9010851150991732,-0.1546338403655162,3.5168106214112145,False
orig,cpcv_01_06,cpcv,orig GM paper,GM paper,full_cost_net,ok,optimal,uncapped,False,,0.844624,0.22791235372717897,0.35803440668911446,-0.3059835463750251,1.094984538484283,-0.6223056782447538,0.7375783134802426,False
orig,cpcv_01_06,cpcv,orig Equal premium capped,Equal premium capped,gross,ok,reference,relaxed,True,0.766020175,0.704415,0.6217465908276196,1.804233314370703,0.08179894553806966,1.920889900650866,-0.6427822013896252,1.067715288757632,False
orig,cpcv_01_06,cpcv,orig Equal premium capped,Equal premium capped,full_cost_net,ok,reference,relaxed,True,0.766020175,0.704415,0.3723808775564156,0.9310286435437077,-0.3834033197029838,1.9638419483995186,-0.7591179754954862,0.6683454336528113,False
orig,cpcv_01_06,cpcv,orig Equal risk capped,Equal risk capped,gross,ok,reference,relaxed,True,0.766020175,0.704415,0.6217465908276196,1.804233314370703,0.08179894553806966,1.920889900650866,-0.6427822013896252,1.067715288757632,False
orig,cpcv_01_06,cpcv,orig Equal risk capped,Equal risk capped,full_cost_net,ok,reference,relaxed,True,0.766020175,0.704415,0.3723808775564156,0.9310286435437077,-0.3834033197029838,1.9638419483995186,-0.7591179754954862,0.6683454336528113,False
orig,cpcv_01_07,cpcv,orig E1 capped,E1 capped,gross,ok,optimal,hard,True,0.7649404500000001,0.503237,1.8146671092309847,4.940174581157421,2.3197431627930616,0.8610562091643066,-0.3852305327530584,2.718026818766667,False
orig,cpcv_01_07,cpcv,orig E1 capped,E1 capped,full_cost_net,ok,optimal,hard,True,0.7649404500000001,0.503237,1.5885680770464043,4.063450771305848,1.782637585929927,0.8653690253338217,-0.41726792170727,2.346283784518536,False
orig,cpcv_01_07,cpcv,orig GM paper,GM paper,gross,ok,optimal,uncapped,False,,1.0008700000000001,2.983381547409962,9.497350595402999,2.9416933613694645,0.5265908641158411,-0.19961029659552743,3.1361899823911985,False
orig,cpcv_01_07,cpcv,orig GM paper,GM paper,full_cost_net,ok,optimal,uncapped,False,,1.0008700000000001,-0.7188920505960594,-0.8551728317165863,-0.6388700760262851,0.8462338927733658,-0.7122332104882441,0.42794329906579526,False
orig,cpcv_01_07,cpcv,orig Equal premium capped,Equal premium capped,gross,ok,reference,relaxed,True,0.7649404500000001,0.704821,1.3772582830866567,3.2232178213947176,1.8768005171663296,1.3435566078948264,-0.6385769442848319,2.412263747380578,False
orig,cpcv_01_07,cpcv,orig Equal premium capped,Equal premium capped,full_cost_net,ok,reference,relaxed,True,0.7649404500000001,0.704821,0.9758727584909562,1.9687328876709573,0.667931302859361,1.413246037865518,-0.7414584688723569,1.5316109624752918,False
orig,cpcv_01_07,cpcv,orig Equal risk capped,Equal risk capped,gross,ok,reference,relaxed,True,0.7649404500000001,0.704821,1.3772582830866567,3.2232178213947176,1.8768005171663296,1.3435566078948264,-0.6385769442848319,2.412263747380578,False
orig,cpcv_01_07,cpcv,orig Equal risk capped,Equal risk capped,full_cost_net,ok,reference,relaxed,True,0.7649404500000001,0.704821,0.9758727584909562,1.9687328876709573,0.667931302859361,1.413246037865518,-0.7414584688723569,1.5316109624752918,False
orig,cpcv_01_08,cpcv,orig E1 capped,E1 capped,gross,ok,optimal,hard,True,0.7666973000000001,0.496146,0.5357689185994956,1.2522778718382728,0.16648965963720297,1.0088212558575842,-0.42646709684339434,1.1369309201422368,False
orig,cpcv_01_08,cpcv,orig E1 capped,E1 capped,full_cost_net,ok,optimal,hard,True,0.7666973000000001,0.496146,0.39399030784868044,0.8666096771060515,0.008379318784832002,1.008063027422877,-0.46688797438458984,1.0069779055694035,False
orig,cpcv_01_08,cpcv,orig GM paper,GM paper,gross,ok,optimal,uncapped,False,,0.773,1.6151583529979525,5.284098388552578,1.3598270619381707,0.6545183040794293,-0.16294419357785217,2.0451891544086362,False
orig,cpcv_01_08,cpcv,orig GM paper,GM paper,full_cost_net,ok,optimal,uncapped,False,,0.773,0.3531577753021421,0.6663062466771871,0.04772092294683983,0.6778795516520738,-0.3021707338002976,1.0396121521250319,False
orig,cpcv_01_08,cpcv,orig Equal premium capped,Equal premium capped,gross,ok,reference,relaxed,True,0.7666973000000001,0.703091,0.08437340182513109,0.1534917446067607,-0.4139945077226068,1.251760335167819,-0.6565179221356094,0.6405967613515731,False
orig,cpcv_01_08,cpcv,orig Equal premium capped,Equal premium capped,full_cost_net,ok,reference,relaxed,True,0.7666973000000001,0.703091,-0.2877361077745247,-0.45855965978566776,-0.680324819461768,1.309613810548259,-0.7835539543575545,0.3865960680144819,False
orig,cpcv_01_08,cpcv,orig Equal risk capped,Equal risk capped,gross,ok,reference,relaxed,True,0.7666973000000001,0.703091,0.08437340182513109,0.1534917446067607,-0.4139945077226068,1.251760335167819,-0.6565179221356094,0.6405967613515731,False
orig,cpcv_01_08,cpcv,orig Equal risk capped,Equal risk capped,full_cost_net,ok,reference,relaxed,True,0.7666973000000001,0.703091,-0.2877361077745247,-0.45855965978566776,-0.680324819461768,1.309613810548259,-0.7835539543575545,0.3865960680144819,False
orig,cpcv_01_09,cpcv,orig E1 capped,E1 capped,gross,ok,optimal,hard,True,0.7686343250000001,0.505701,0.7302822010747775,1.5377914926752827,0.3743091491450927,0.8305097773735145,-0.42112568502378445,1.3033779357645252,False
orig,cpcv_01_09,cpcv,orig E1 capped,E1 capped,full_cost_net,ok,optimal,hard,True,0.7686343250000001,0.505701,0.563312982155415,1.1185384262346865,0.1960454198645376,0.8332173403635806,-0.4470230381482917,1.160886409470166,False
orig,cpcv_01_09,cpcv,orig GM paper,GM paper,gross,ok,optimal,uncapped,False,,0.8028060000000001,1.7574070841108114,9.588853365113177,2.6213058793145936,0.944725738444369,-0.20568415207086999,2.922274498108234,False
orig,cpcv_01_09,cpcv,orig GM paper,GM paper,full_cost_net,ok,optimal,uncapped,False,,0.8028060000000001,0.7297978937632769,2.005268836438727,0.43143233300417605,0.9537869283148351,-0.35403383212366113,1.3483698065066385,False
orig,cpcv_01_09,cpcv,orig Equal premium capped,Equal premium capped,gross,ok,reference,relaxed,True,0.7686343250000001,0.705483,0.18590310830026865,0.34738791625082777,-0.31254032370073226,1.2109951993229928,-0.6473575189176212,0.7317667818268011,False
orig,cpcv_01_09,cpcv,orig Equal premium capped,Equal premium capped,full_cost_net,ok,reference,relaxed,True,0.7686343250000001,0.705483,-0.13746176939763885,-0.2279524089444714,-0.5792450225290466,1.2606331100140171,-0.7398465112095356,0.486061308762522,False
orig,cpcv_01_09,cpcv,orig Equal risk capped,Equal risk capped,gross,ok,reference,relaxed,True,0.7686343250000001,0.705483,0.18590310830026865,0.34738791625082777,-0.31254032370073226,1.2109951993229928,-0.6473575189176212,0.7317667818268011,False
orig,cpcv_01_09,cpcv,orig Equal risk capped,Equal risk capped,full_cost_net,ok,reference,relaxed,True,0.7686343250000001,0.705483,-0.13746176939763885,-0.2279524089444714,-0.5792450225290466,1.2606331100140171,-0.7398465112095356,0.486061308762522,False
orig,cpcv_01_10,cpcv,orig E1 capped,E1 capped,gross,ok,optimal,hard,True,0.772013125,0.509098,0.1362064381612419,0.2479224046698729,-0.23399074700132627,0.9824250031853123,-0.4432328207568209,0.8008078955903078,False
orig,cpcv_01_10,cpcv,orig E1 capped,E1 capped,full_cost_net,ok,optimal,hard,True,0.772013125,0.509098,-0.0037924012302566696,-0.006574444513871712,-0.33913057371393984,0.985141974858675,-0.45998335403477086,0.7081029176655639,False
orig,cpcv_01_10,cpcv,orig GM paper,GM paper,gross,ok,optimal,uncapped,False,,0.938713,0.6848229229447425,1.3402807579809524,0.2960050753384844,1.0039640037272701,-0.5204630462145907,1.241191859583548,False
orig,cpcv_01_10,cpcv,orig GM paper,GM paper,full_cost_net,ok,optimal,uncapped,False,,0.938713,-0.16961310784222755,-0.2636342840926518,-0.4860500874764455,1.0346376924074396,-0.593264925141338,0.5742495502514526,False
orig,cpcv_01_10,cpcv,orig Equal premium capped,Equal premium capped,gross,ok,reference,relaxed,True,0.772013125,0.710783,-0.516758776199743,-0.7604066078209921,-0.7852514076942444,1.322662191300899,-0.737842505785802,0.27750784914723586,False
orig,cpcv_01_10,cpcv,orig Equal premium capped,Equal premium capped,full_cost_net,ok,reference,relaxed,True,0.772013125,0.710783,-0.8124817554189413,-1.1015687195435602,-0.8768456838529591,1.3614065487639582,-0.8320482213434938,0.17459884408594897,False
orig,cpcv_01_10,cpcv,orig Equal risk capped,Equal risk capped,gross,ok,reference,relaxed,True,0.772013125,0.710783,-0.516758776199743,-0.7604066078209921,-0.7852514076942444,1.322662191300899,-0.737842505785802,0.27750784914723586,False
orig,cpcv_01_10,cpcv,orig Equal risk capped,Equal risk capped,full_cost_net,ok,reference,relaxed,True,0.772013125,0.710783,-0.8124817554189413,-1.1015687195435602,-0.8768456838529591,1.3614065487639582,-0.8320482213434938,0.17459884408594897,False
orig,cpcv_01_11,cpcv,orig E1 capped,E1 capped,gross,ok,optimal,hard,True,0.912650175,0.578696,0.04211326115187462,0.10095711598056424,-0.4216689859240005,1.3421976947165088,-0.6260750525944814,0.6335979094707399,False
orig,cpcv_01_11,cpcv,orig E1 capped,E1 capped,full_cost_net,ok,optimal,hard,True,0.912650175,0.578696,-0.09278415239178374,-0.20734809722179856,-0.5237335914588979,1.3380590552350333,-0.6710423122400051,0.5389414992986371,False
orig,cpcv_01_11,cpcv,orig GM paper,GM paper,gross,ok,optimal,uncapped,False,,0.992158,0.6465787146758889,1.7893144675327257,0.21731934678976406,1.518002465283102,-0.604934384643082,1.1780682103635678,False
orig,cpcv_01_11,cpcv,orig GM paper,GM paper,full_cost_net,ok,optimal,uncapped,False,,0.992158,-0.4433106185710444,-0.7240969849716974,-0.8411072474902443,1.6032850534491943,-0.8366781022241987,0.2159003801442035,False
orig,cpcv_01_11,cpcv,orig Equal premium capped,Equal premium capped,gross,ok,reference,relaxed,True,0.912650175,0.838722,0.07345042367177944,0.19067070835621105,-0.6613821403102174,2.0529102878139365,-0.8175959976199108,0.40559402659012295,False
orig,cpcv_01_11,cpcv,orig Equal premium capped,Equal premium capped,full_cost_net,ok,reference,relaxed,True,0.912650175,0.838722,-0.17222284834348284,-0.39180397345820756,-0.818629539915575,2.074569140041963,-0.8868051814167391,0.24106757300833612,False
orig,cpcv_01_11,cpcv,orig Equal risk capped,Equal risk capped,gross,ok,reference,relaxed,True,0.912650175,0.8377370000000001,0.04532065783726459,0.11472040803206499,-0.6796924168310584,2.0299553985292147,-0.8235296398789995,0.38723328800029716,False
orig,cpcv_01_11,cpcv,orig Equal risk capped,Equal risk capped,full_cost_net,ok,reference,relaxed,True,0.912650175,0.8377370000000001,-0.1799494263428336,-0.40460029156592936,-0.8172230032987003,2.046209843027443,-0.8844973598747051,0.2426244780528812,False
orig,cpcv_02_03,cpcv,orig E1 capped,E1 capped,gross,ok,optimal,hard,True,0.77163665,0.511364,-2.1203186352504457,-2.12458771969949,-0.6462991227636761,0.42973799885285224,-0.47943574400815603,0.4205943626844618,False
orig,cpcv_02_03,cpcv,orig E1 capped,E1 capped,full_cost_net,ok,optimal,hard,True,0.77163665,0.511364,-2.431493088792562,-2.2750722322475254,-0.6938298882760858,0.42862576603959185,-0.5326401300133731,0.3729371611273199,False
orig,cpcv_02_03,cpcv,orig GM paper,GM paper,gross,ok,optimal,uncapped,False,,0.7852279999999999,-2.6332694679639386,-2.3023004960427604,-0.7580355805728194,0.4677601632086129,-0.6256096601425816,0.3065205457748013,False
orig,cpcv_02_03,cpcv,orig GM paper,GM paper,full_cost_net,ok,optimal,uncapped,False,,0.7852279999999999,-5.112006715827092,-2.9149336388151506,-0.9939537707871721,0.7386492098400997,-0.9819947146349514,0.01416567170817818,False
orig,cpcv_02_03,cpcv,orig Equal premium capped,Equal premium capped,gross,ok,reference,relaxed,True,0.77163665,0.710213,-2.5698037300504217,-2.176468728263269,-0.8172572623633005,0.554047850277531,-0.7019070855091167,0.2425865802427127,False
orig,cpcv_02_03,cpcv,orig Equal premium capped,Equal premium capped,full_cost_net,ok,reference,relaxed,True,0.77163665,0.710213,-2.9521417616298495,-2.3407802615084283,-0.8556405211442342,0.5504780265706827,-0.7424602715504702,0.19931397687921765,False
orig,cpcv_02_03,cpcv,orig Equal risk capped,Equal risk capped,gross,ok,reference,relaxed,True,0.77163665,0.710213,-2.5698037300504217,-2.176468728263269,-0.8172572623633005,0.554047850277531,-0.7019070855091167,0.2425865802427127,False
orig,cpcv_02_03,cpcv,orig Equal risk capped,Equal risk capped,full_cost_net,ok,reference,relaxed,True,0.77163665,0.710213,-2.9521417616298495,-2.3407802615084283,-0.8556405211442342,0.5504780265706827,-0.7424602715504702,0.19931397687921765,False
orig,cpcv_02_04,cpcv,orig E1 capped,E1 capped,gross,ok,optimal,hard,True,0.7592922750000001,0.522385,0.3526435240070996,0.5896746543315456,0.0517663734091367,0.5993188150811694,-0.31665118017640914,1.0429561948518142,False
orig,cpcv_02_04,cpcv,orig E1 capped,E1 capped,full_cost_net,ok,optimal,hard,True,0.7592922750000001,0.522385,0.10807772498071734,0.16945760198800894,-0.0917350597468567,0.5942933123307881,-0.3528557864648174,0.9229477711024044,False
orig,cpcv_02_04,cpcv,orig GM paper,GM paper,gross,ok,optimal,uncapped,False,,0.898467,0.2515187079621716,0.40044832950901327,-0.05171064756389798,0.7167172781603782,-0.4273846066475928,0.9567182574765104,False
orig,cpcv_02_04,cpcv,orig GM paper,GM paper,full_cost_net,ok,optimal,uncapped,False,,0.898467,-2.3550846135826573,-2.086644283230233,-0.9574351175169433,0.9433904664024028,-0.925780622432891,0.07203488473391662,False
orig,cpcv_02_04,cpcv,orig Equal premium capped,Equal premium capped,gross,ok,reference,relaxed,True,0.7592922750000001,0.694077,0.7544523202435178,1.4003897816496809,0.3589616302014871,1.037458873281912,-0.4786587260613613,1.2912370995957143,False
orig,cpcv_02_04,cpcv,orig Equal premium capped,Equal premium capped,full_cost_net,ok,reference,relaxed,True,0.7592922750000001,0.694077,0.5644087819147684,0.9900517585267112,0.11251524732882046,1.0336831239081983,-0.5000561098620583,1.0929198399470221,False
orig,cpcv_02_04,cpcv,orig Equal risk capped,Equal risk capped,gross,ok,reference,relaxed,True,0.7592922750000001,0.694077,0.7544523202435178,1.4003897816496809,0.3589616302014871,1.037458873281912,-0.4786587260613613,1.2912370995957143,False
orig,cpcv_02_04,cpcv,orig Equal risk capped,Equal risk capped,full_cost_net,ok,reference,relaxed,True,0.7592922750000001,0.694077,0.5644087819147684,0.9900517585267112,0.11251524732882046,1.0336831239081983,-0.5000561098620583,1.0929198399470221,False
orig,cpcv_02_05,cpcv,orig E1 capped,E1 capped,gross,ok,optimal,hard,True,0.7684757500000001,0.516113,-0.6586143432508355,-0.9196567186631027,-0.5237574928113176,0.7337209949731667,-0.5039600828468533,0.5389189602946445,False
orig,cpcv_02_05,cpcv,orig E1 capped,E1 capped,full_cost_net,ok,optimal,hard,True,0.7684757500000001,0.516113,-0.8412330290467155,-1.1178595482348248,-0.5877102736043758,0.7327204953516843,-0.5449250290615286,0.4778982360381002,False
orig,cpcv_02_05,cpcv,orig GM paper,GM paper,gross,ok,optimal,uncapped,False,,0.809605,-0.7536669675509406,-1.0867843428981614,-0.5409449612306332,0.7110847549738423,-0.5853604223130224,0.522661646543012,False
orig,cpcv_02_05,cpcv,orig GM paper,GM paper,full_cost_net,ok,optimal,uncapped,False,,0.809605,-2.2107475042632476,-2.138815646858982,-0.8428694294271281,0.6775113274214146,-0.7712893282841822,0.21390317927301927,False
orig,cpcv_02_05,cpcv,orig Equal premium capped,Equal premium capped,gross,ok,reference,relaxed,True,0.7684757500000001,0.708088,-0.7224667948855099,-0.9232643838728045,-0.7231588919546998,1.0124426270134097,-0.6962473989219968,0.34291947409396234,False
orig,cpcv_02_05,cpcv,orig Equal premium capped,Equal premium capped,full_cost_net,ok,reference,relaxed,True,0.7684757500000001,0.708088,-0.9110106206159054,-1.1125438395142204,-0.7780029384323197,1.0112411250165978,-0.7314366483451942,0.28529184327932033,False
orig,cpcv_02_05,cpcv,orig Equal risk capped,Equal risk capped,gross,ok,reference,relaxed,True,0.7684757500000001,0.708088,-0.7224667948855099,-0.9232643838728045,-0.7231588919546998,1.0124426270134097,-0.6962473989219968,0.34291947409396234,False
orig,cpcv_02_05,cpcv,orig Equal risk capped,Equal risk capped,full_cost_net,ok,reference,relaxed,True,0.7684757500000001,0.708088,-0.9110106206159054,-1.1125438395142204,-0.7780029384323197,1.0112411250165978,-0.7314366483451942,0.28529184327932033,False
orig,cpcv_02_06,cpcv,orig E1 capped,E1 capped,gross,ok,optimal,hard,True,0.7700897750000001,0.5123500000000001,0.28774523586463246,0.7709114214945655,-0.11404525127715237,1.2045092182099246,-0.512666357144404,0.904016346690389,False
orig,cpcv_02_06,cpcv,orig E1 capped,E1 capped,full_cost_net,ok,optimal,hard,True,0.7700897750000001,0.5123500000000001,0.1556653079874242,0.39341677458546537,-0.24684090507431167,1.1991572120392948,-0.5485553271218362,0.7895972080966122,False
orig,cpcv_02_06,cpcv,orig GM paper,GM paper,gross,ok,optimal,uncapped,False,,0.8368300000000001,0.06388214656701853,0.1311676417171228,-0.3238545962533267,1.0968684083010178,-0.6748281791069836,0.7217166924620254,False
orig,cpcv_02_06,cpcv,orig GM paper,GM paper,full_cost_net,ok,optimal,uncapped,False,,0.8368300000000001,-1.3778380162327226,-1.6492035500210687,-0.8665223132563132,1.0148230278078727,-0.8763390340310346,0.18671271447160318,False
orig,cpcv_02_06,cpcv,orig Equal premium capped,Equal premium capped,gross,ok,reference,relaxed,True,0.7700897750000001,0.7130000000000001,0.36618459944748477,1.047859664398536,-0.267916367891615,1.8686527901005983,-0.6789089626620767,0.7711412128871767,False
orig,cpcv_02_06,cpcv,orig Equal premium capped,Equal premium capped,full_cost_net,ok,reference,relaxed,True,0.7700897750000001,0.7130000000000001,0.25015056471498404,0.6749657101395659,-0.4183178647681095,1.8607887727759438,-0.705699938658439,0.6366559050143803,False
orig,cpcv_02_06,cpcv,orig Equal risk capped,Equal risk capped,gross,ok,reference,relaxed,True,0.7700897750000001,0.7130000000000001,0.36618459944748477,1.047859664398536,-0.267916367891615,1.8686527901005983,-0.6789089626620767,0.7711412128871767,False
orig,cpcv_02_06,cpcv,orig Equal risk capped,Equal risk capped,full_cost_net,ok,reference,relaxed,True,0.7700897750000001,0.7130000000000001,0.25015056471498404,0.6749657101395659,-0.4183178647681095,1.8607887727759438,-0.705699938658439,0.6366559050143803,False
orig,cpcv_02_07,cpcv,orig E1 capped,E1 capped,gross,ok,optimal,hard,True,0.7717017,0.515561,0.9048206453032671,2.1448026220672136,0.6127440372021684,0.8864269231886314,-0.4101825258681382,1.4892623286898645,False
orig,cpcv_02_07,cpcv,orig E1 capped,E1 capped,full_cost_net,ok,optimal,hard,True,0.7717017,0.515561,0.6942095121876041,1.5390869611465086,0.3424473306755411,0.8802636716719417,-0.4396193253649131,1.2781477104177377,False
orig,cpcv_02_07,cpcv,orig GM paper,GM paper,gross,ok,optimal,uncapped,False,,0.976647,0.10773903259541617,0.16908651877570696,-0.19325417763776798,0.8078729972464632,-0.6046232897565971,0.8361430885295108,False
orig,cpcv_02_07,cpcv,orig GM paper,GM paper,full_cost_net,ok,optimal,uncapped,False,,0.976647,-2.5102788108930465,-2.1800004512038518,-0.9808238501517312,1.0633032726526346,-0.9700488795293051,0.03706532782694548,False
orig,cpcv_02_07,cpcv,orig Equal premium capped,Equal premium capped,gross,ok,reference,relaxed,True,0.7717017,0.7123200000000001,1.0643010064016,2.381980487713095,0.9686863904495675,1.2676958945732633,-0.49211323113928573,1.758519205765796,False
orig,cpcv_02_07,cpcv,orig Equal premium capped,Equal premium capped,full_cost_net,ok,reference,relaxed,True,0.7717017,0.7123200000000001,0.8724715115694204,1.8227945250104525,0.5457240179908294,1.2583867174578902,-0.5142750693572604,1.4375069817306452,False
orig,cpcv_02_07,cpcv,orig Equal risk capped,Equal risk capped,gross,ok,reference,relaxed,True,0.7717017,0.7123200000000001,1.0643010064016,2.381980487713095,0.9686863904495675,1.2676958945732633,-0.49211323113928573,1.758519205765796,False
orig,cpcv_02_07,cpcv,orig Equal risk capped,Equal risk capped,full_cost_net,ok,reference,relaxed,True,0.7717017,0.7123200000000001,0.8724715115694204,1.8227945250104525,0.5457240179908294,1.2583867174578902,-0.5142750693572604,1.4375069817306452,False
orig,cpcv_02_08,cpcv,orig E1 capped,E1 capped,gross,ok,optimal,hard,True,0.7696879750000001,0.514706,-0.37451262070819796,-0.7165045183784728,-0.47211816993673683,0.8902905155206599,-0.6041907651538405,0.5871926282374047,False
orig,cpcv_02_08,cpcv,orig E1 capped,E1 capped,full_cost_net,ok,optimal,hard,True,0.7696879750000001,0.514706,-0.5440313403390079,-0.9708886868485695,-0.5505531034095024,0.8880934324695932,-0.6404380312066489,0.5135294109748075,False
orig,cpcv_02_08,cpcv,orig GM paper,GM paper,gross,ok,optimal,uncapped,False,,0.766501,-0.9652508403571678,-1.234337890576376,-0.5391510582202776,0.6052454349447792,-0.5695080287340217,0.5243631480930272,False
orig,cpcv_02_08,cpcv,orig GM paper,GM paper,full_cost_net,ok,optimal,uncapped,False,,0.766501,-2.2414091707491988,-2.1034903397941895,-0.8379139096427763,0.6576983000968719,-0.7881355957432424,0.21951024225786017,False
orig,cpcv_02_08,cpcv,orig Equal premium capped,Equal premium capped,gross,ok,reference,relaxed,True,0.7696879750000001,0.7082080000000001,-0.29085702839638305,-0.4773250964094906,-0.5700957215869658,1.10855887026214,-0.6800373606111587,0.4948533022069655,False
orig,cpcv_02_08,cpcv,orig Equal premium capped,Equal premium capped,full_cost_net,ok,reference,relaxed,True,0.7696879750000001,0.7082080000000001,-0.49014330791648797,-0.7555449467773013,-0.6642781558334911,1.1076147870651623,-0.7190386699607043,0.40270127076733225,False
orig,cpcv_02_08,cpcv,orig Equal risk capped,Equal risk capped,gross,ok,reference,relaxed,True,0.7696879750000001,0.7082080000000001,-0.29085702839638305,-0.4773250964094906,-0.5700957215869658,1.10855887026214,-0.6800373606111587,0.4948533022069655,False
orig,cpcv_02_08,cpcv,orig Equal risk capped,Equal risk capped,full_cost_net,ok,reference,relaxed,True,0.7696879750000001,0.7082080000000001,-0.49014330791648797,-0.7555449467773013,-0.6642781558334911,1.1076147870651623,-0.7190386699607043,0.40270127076733225,False
orig,cpcv_02_09,cpcv,orig E1 capped,E1 capped,gross,ok,optimal,hard,True,0.7717878750000001,0.514465,-0.5891386506694519,-0.840546817743158,-0.4215603504454488,0.6207793698472033,-0.42369628679292615,0.6336970887369568,False
orig,cpcv_02_09,cpcv,orig E1 capped,E1 capped,full_cost_net,ok,optimal,hard,True,0.7717878750000001,0.514465,-0.8063876904694383,-1.085514321111263,-0.4988185045451905,0.6203700235526454,-0.4524234103679008,0.5623359599057324,False
orig,cpcv_02_09,cpcv,orig GM paper,GM paper,gross,ok,optimal,uncapped,False,,0.791321,0.10040610762386255,0.20400105815827035,-0.24629694231343802,1.0039093757714892,-0.5518543815567472,0.7900724127341271,False
orig,cpcv_02_09,cpcv,orig GM paper,GM paper,full_cost_net,ok,optimal,uncapped,False,,0.791321,-0.8028473858847296,-1.1745704619645851,-0.7202918949457606,0.9964326819472379,-0.7275215606009884,0.3458763568488927,False
orig,cpcv_02_09,cpcv,orig Equal premium capped,Equal premium capped,gross,ok,reference,relaxed,True,0.7717878750000001,0.711935,-0.2939410660709792,-0.47824745920888373,-0.5309970641045383,1.026192732581853,-0.5300235598622225,0.5320833074890631,False
orig,cpcv_02_09,cpcv,orig Equal premium capped,Equal premium capped,full_cost_net,ok,reference,relaxed,True,0.7717878750000001,0.711935,-0.47861924384864607,-0.7342886915961444,-0.620231663618898,1.0265509985997685,-0.5723757714935093,0.44627130217600597,False
orig,cpcv_02_09,cpcv,orig Equal risk capped,Equal risk capped,gross,ok,reference,relaxed,True,0.7717878750000001,0.711935,-0.2939410660709792,-0.47824745920888373,-0.5309970641045383,1.026192732581853,-0.5300235598622225,0.5320833074890631,False
orig,cpcv_02_09,cpcv,orig Equal risk capped,Equal risk capped,full_cost_net,ok,reference,relaxed,True,0.7717878750000001,0.711935,-0.47861924384864607,-0.7342886915961444,-0.620231663618898,1.0265509985997685,-0.5723757714935093,0.44627130217600597,False
orig,cpcv_02_10,cpcv,orig E1 capped,E1 capped,gross,ok,optimal,hard,True,0.7759597250000001,0.515279,-0.6465862608732194,-1.0168690045020292,-0.6397450518797974,0.9538886393262356,-0.5278550933051174,0.42707907702758613,False
orig,cpcv_02_10,cpcv,orig E1 capped,E1 capped,full_cost_net,ok,optimal,hard,True,0.7759597250000001,0.515279,-0.7798012318520574,-1.170572208516342,-0.6885542349593803,0.9553511648308294,-0.5564720971289033,0.37828462616242514,False
orig,cpcv_02_10,cpcv,orig GM paper,GM paper,gross,ok,optimal,uncapped,False,,0.857008,-1.138459005749963,-1.3937110502335075,-0.7738490244194594,0.8955028405023404,-0.6391312475923561,0.28973350570512424,False
orig,cpcv_02_10,cpcv,orig GM paper,GM paper,full_cost_net,ok,optimal,uncapped,False,,0.857008,-2.0876830835556457,-2.0642789411965037,-0.9430315841393613,0.9894515960430829,-0.8796702480344374,0.09183927624724426,False
orig,cpcv_02_10,cpcv,orig Equal premium capped,Equal premium capped,gross,ok,reference,relaxed,True,0.7759597250000001,0.7152780000000001,-0.9564432165564108,-1.258811887733228,-0.8492724787351886,1.182930111058415,-0.7505252755927454,0.20661434191076894,False
orig,cpcv_02_10,cpcv,orig Equal premium capped,Equal premium capped,full_cost_net,ok,reference,relaxed,True,0.7759597250000001,0.7152780000000001,-1.110479913749083,-1.4010899099238356,-0.8805052886160909,1.1844589128370715,-0.7834953688282597,0.17026442021128424,False
orig,cpcv_02_10,cpcv,orig Equal risk capped,Equal risk capped,gross,ok,reference,relaxed,True,0.7759597250000001,0.7152780000000001,-0.9564432165564108,-1.258811887733228,-0.8492724787351886,1.182930111058415,-0.7505252755927454,0.20661434191076894,False
orig,cpcv_02_10,cpcv,orig Equal risk capped,Equal risk capped,full_cost_net,ok,reference,relaxed,True,0.7759597250000001,0.7152780000000001,-1.110479913749083,-1.4010899099238356,-0.8805052886160909,1.1844589128370715,-0.7834953688282597,0.17026442021128424,False
orig,cpcv_02_11,cpcv,orig E1 capped,E1 capped,gross,ok,optimal,hard,True,0.9115953000000001,0.56746,-0.1718767027816965,-0.4194802645480558,-0.4732912971070028,1.1574189513112387,-0.6405645702821532,0.586104980603715,False
orig,cpcv_02_11,cpcv,orig E1 capped,E1 capped,full_cost_net,ok,optimal,hard,True,0.9115953000000001,0.56746,-0.30811554051350387,-0.6963722159790965,-0.5534725826334794,1.1505709882826352,-0.6757814389295382,0.5107481182585982,False
orig,cpcv_02_11,cpcv,orig GM paper,GM paper,gross,ok,optimal,uncapped,False,,1.002048,-1.547779287770147,-1.8428422704832212,-0.9608684878979596,1.314801744105165,-0.9511554376211794,0.06715920167706993,False
orig,cpcv_02_11,cpcv,orig GM paper,GM paper,full_cost_net,ok,optimal,uncapped,False,,1.002048,-2.993915110869157,-2.380582935659456,-1.0,2.778480510068227,-1.0,0.0,True
orig,cpcv_02_11,cpcv,orig Equal premium capped,Equal premium capped,gross,ok,reference,relaxed,True,0.9115953000000001,0.837289,0.1607109238125779,0.40179146324201526,-0.6204844883633907,2.080546122109639,-0.8501994743324437,0.44602370673812797,False
orig,cpcv_02_11,cpcv,orig Equal premium capped,Equal premium capped,full_cost_net,ok,reference,relaxed,True,0.9115953000000001,0.837289,0.022646308662508836,0.05258458059314865,-0.7288229284000778,2.076518736888289,-0.8788897493496627,0.33706278547059654,False
orig,cpcv_02_11,cpcv,orig Equal risk capped,Equal risk capped,gross,ok,reference,relaxed,True,0.9115953000000001,0.837629,0.13494394972057186,0.32985201398872727,-0.6090638794100693,1.9798300074827409,-0.8426066369103207,0.45718099218307384,False
orig,cpcv_02_11,cpcv,orig Equal risk capped,Equal risk capped,full_cost_net,ok,reference,relaxed,True,0.9115953000000001,0.837629,0.008933990263930405,0.02041516622564708,-0.7058531074896105,1.971489107299167,-0.8672320873677911,0.36069231334159924,False
orig,cpcv_03_04,cpcv,orig E1 capped,E1 capped,gross,ok,optimal,hard,True,0.7592898,0.5107090000000001,1.4032278337249653,3.1685351073096166,0.8147698332549989,0.5182112207966275,-0.293863103146097,1.6431780549518564,False
orig,cpcv_03_04,cpcv,orig E1 capped,E1 capped,full_cost_net,ok,optimal,hard,True,0.7592898,0.5107090000000001,1.1187123896392737,2.325697501987041,0.5715031136986819,0.515668497870898,-0.325137585960973,1.4574579657195799,False
orig,cpcv_03_04,cpcv,orig GM paper,GM paper,gross,ok,optimal,uncapped,False,,0.8453200000000001,1.42980573606579,4.1862193325301025,1.0736696050836811,0.6390367306796847,-0.2726756001144415,1.836325372986254,False
orig,cpcv_03_04,cpcv,orig GM paper,GM paper,full_cost_net,ok,optimal,uncapped,False,,0.8453200000000001,-1.5856069017491667,-1.571663705742504,-0.9862488858821024,1.1787637273233207,-0.9781389003687152,0.028094085848190224,False
orig,cpcv_03_04,cpcv,orig Equal premium capped,Equal premium capped,gross,ok,reference,relaxed,True,0.7592898,0.6941350000000001,1.1038052504839344,2.739502973659471,0.9285234567335703,0.9067660667711535,-0.4429573734467488,1.7285718571657904,False
orig,cpcv_03_04,cpcv,orig Equal premium capped,Equal premium capped,full_cost_net,ok,reference,relaxed,True,0.7592898,0.6941350000000001,0.8661086752210069,1.9612977322643874,0.5620844692614602,0.9055402738798375,-0.4774829108087999,1.4501750495733083,False
orig,cpcv_03_04,cpcv,orig Equal risk capped,Equal risk capped,gross,ok,reference,relaxed,True,0.7592898,0.6941350000000001,1.1038052504839344,2.739502973659471,0.9285234567335703,0.9067660667711535,-0.4429573734467488,1.7285718571657904,False
orig,cpcv_03_04,cpcv,orig Equal risk capped,Equal risk capped,full_cost_net,ok,reference,relaxed,True,0.7592898,0.6941350000000001,0.8661086752210069,1.9612977322643874,0.5620844692614602,0.9055402738798375,-0.4774829108087999,1.4501750495733083,False
orig,cpcv_03_05,cpcv,orig E1 capped,E1 capped,gross,ok,optimal,hard,True,0.7583938499999999,0.523134,0.34795120506821264,0.5771689305544508,0.01992596184650286,0.7099011519763184,-0.39154952402423127,1.0165776070900143,False
orig,cpcv_03_05,cpcv,orig E1 capped,E1 capped,full_cost_net,ok,optimal,hard,True,0.7583938499999999,0.523134,0.13669522975036782,0.21469505330479435,-0.12399265643605772,0.7083225011696253,-0.4234253396508517,0.8955498986207764,False
orig,cpcv_03_05,cpcv,orig GM paper,GM paper,gross,ok,optimal,uncapped,False,,0.783892,0.5895823479906876,1.367508941433343,0.2302684535492101,0.6258095832487099,-0.3399019232853474,1.1885019720267083,False
orig,cpcv_03_05,cpcv,orig GM paper,GM paper,full_cost_net,ok,optimal,uncapped,False,,0.783892,-1.1791633190227795,-1.3775937911149716,-0.6350733934371664,0.6470842079225837,-0.6238280846903479,0.43168928971927834,False
orig,cpcv_03_05,cpcv,orig Equal premium capped,Equal premium capped,gross,ok,reference,relaxed,True,0.7583938499999999,0.699404,-0.588787617549901,-0.7908655935247032,-0.6096919419171654,0.8975273162399992,-0.6763496784808449,0.45656883610620524,False
orig,cpcv_03_05,cpcv,orig Equal premium capped,Equal premium capped,full_cost_net,ok,reference,relaxed,True,0.7583938499999999,0.699404,-0.824427449119741,-1.049591126332761,-0.692168149669421,0.8977366769702816,-0.7228864740476091,0.3746231638552706,False
orig,cpcv_03_05,cpcv,orig Equal risk capped,Equal risk capped,gross,ok,reference,relaxed,True,0.7583938499999999,0.699404,-0.588787617549901,-0.7908655935247032,-0.6096919419171654,0.8975273162399992,-0.6763496784808449,0.45656883610620524,False
orig,cpcv_03_05,cpcv,orig Equal risk capped,Equal risk capped,full_cost_net,ok,reference,relaxed,True,0.7583938499999999,0.699404,-0.824427449119741,-1.049591126332761,-0.692168149669421,0.8977366769702816,-0.7228864740476091,0.3746231638552706,False
orig,cpcv_03_06,cpcv,orig E1 capped,E1 capped,gross,ok,optimal,hard,True,0.754097525,0.512159,0.7772240960313288,2.548251768676353,0.571081492518098,1.1079722334516668,-0.41590159477793975,1.4571321052515056,False
orig,cpcv_03_06,cpcv,orig E1 capped,E1 capped,full_cost_net,ok,optimal,hard,True,0.754097525,0.512159,0.6342733489239986,1.9466423408444222,0.34307748316280473,1.1056262247517954,-0.45336427218131714,1.2786476657605617,False
orig,cpcv_03_06,cpcv,orig GM paper,GM paper,gross,ok,optimal,uncapped,False,,0.815089,1.086773315199041,3.099306776445085,0.9318610745883251,0.9132907849773101,-0.4320334610829961,1.7310644725971045,False
orig,cpcv_03_06,cpcv,orig GM paper,GM paper,full_cost_net,ok,optimal,uncapped,False,,0.815089,-1.2734089491041252,-1.450550493820565,-0.8790460532753235,1.056968250119503,-0.8608002681152751,0.17199534906637418,False
orig,cpcv_03_06,cpcv,orig Equal premium capped,Equal premium capped,gross,ok,reference,relaxed,True,0.754097525,0.696239,0.5177532605785108,1.8677541632875319,0.07341368438754947,1.7783354981201607,-0.6458490243481868,1.060814074060697,False
orig,cpcv_03_06,cpcv,orig Equal premium capped,Equal premium capped,full_cost_net,ok,reference,relaxed,True,0.754097525,0.696239,0.3830309615621998,1.2769572494141717,-0.16140893792771094,1.774184087780335,-0.6843346565175169,0.863558687770238,False
orig,cpcv_03_06,cpcv,orig Equal risk capped,Equal risk capped,gross,ok,reference,relaxed,True,0.754097525,0.696239,0.5177532605785108,1.8677541632875319,0.07341368438754947,1.7783354981201607,-0.6458490243481868,1.060814074060697,False
orig,cpcv_03_06,cpcv,orig Equal risk capped,Equal risk capped,full_cost_net,ok,reference,relaxed,True,0.754097525,0.696239,0.3830309615621998,1.2769572494141717,-0.16140893792771094,1.774184087780335,-0.6843346565175169,0.863558687770238,False
orig,cpcv_03_07,cpcv,orig E1 capped,E1 capped,gross,ok,optimal,hard,True,0.758335825,0.527234,1.7660256216663528,6.32562656298352,2.013561162474189,0.7912677393360322,-0.27919470280974756,2.50745612094964,False
orig,cpcv_03_07,cpcv,orig E1 capped,E1 capped,full_cost_net,ok,optimal,hard,True,0.758335825,0.527234,1.4898051970912145,4.739046007417921,1.465143176635773,0.794878006105818,-0.33102259110282906,2.1209729201934864,False
orig,cpcv_03_07,cpcv,orig GM paper,GM paper,gross,ok,optimal,uncapped,False,,0.972537,1.6025505488762444,3.3968139769078007,1.0681516640767952,0.5509840221692713,-0.25347252252253427,1.832252486818249,False
orig,cpcv_03_07,cpcv,orig GM paper,GM paper,full_cost_net,ok,optimal,uncapped,False,,0.972537,-1.90330155731585,-1.7944611105239012,-0.9768154268875291,1.1882793723484284,-0.9659770625438756,0.04341761065956774,False
orig,cpcv_03_07,cpcv,orig Equal premium capped,Equal premium capped,gross,ok,reference,relaxed,True,0.758335825,0.700868,1.3751871918903895,4.219018366251191,1.838824853174593,1.1508151930338544,-0.44717907168533055,2.3856981782340156,False
orig,cpcv_03_07,cpcv,orig Equal premium capped,Equal premium capped,full_cost_net,ok,reference,relaxed,True,0.758335825,0.700868,1.138892004000584,3.1318985405734594,1.186829047219526,1.1471410261598938,-0.4844695778916206,1.919459832290675,False
orig,cpcv_03_07,cpcv,orig Equal risk capped,Equal risk capped,gross,ok,reference,relaxed,True,0.758335825,0.700868,1.3751871918903895,4.219018366251191,1.838824853174593,1.1508151930338544,-0.44717907168533055,2.3856981782340156,False
orig,cpcv_03_07,cpcv,orig Equal risk capped,Equal risk capped,full_cost_net,ok,reference,relaxed,True,0.758335825,0.700868,1.138892004000584,3.1318985405734594,1.186829047219526,1.1471410261598938,-0.4844695778916206,1.919459832290675,False
orig,cpcv_03_08,cpcv,orig E1 capped,E1 capped,gross,ok,optimal,hard,True,0.764541325,0.5135489999999999,0.43922845015130824,1.1191767727871325,0.10651318255363917,0.9043004559580352,-0.5155022254152796,1.0880040038997687,False
orig,cpcv_03_08,cpcv,orig E1 capped,E1 capped,full_cost_net,ok,optimal,hard,True,0.764541325,0.5135489999999999,0.2647835547314849,0.6221181729329456,-0.057363964719274185,0.9030331791051306,-0.5555596690595044,0.9519629183143542,False
orig,cpcv_03_08,cpcv,orig GM paper,GM paper,gross,ok,optimal,uncapped,False,,0.7272059999999999,0.6127965418549849,1.346986747248754,0.243767179007373,0.5890010790820414,-0.3675368350680678,1.1993591247045314,False
orig,cpcv_03_08,cpcv,orig GM paper,GM paper,full_cost_net,ok,optimal,uncapped,False,,0.7272059999999999,-0.9398722662159696,-1.139921873942454,-0.6541750647481421,0.761297033794437,-0.712221126464938,0.41277519089051157,False
orig,cpcv_03_08,cpcv,orig Equal premium capped,Equal premium capped,gross,ok,reference,relaxed,True,0.764541325,0.703063,-0.14287708989254733,-0.2698280886241531,-0.4091050694520727,0.9977647211770883,-0.6573159080498359,0.6450477826988102,False
orig,cpcv_03_08,cpcv,orig Equal premium capped,Equal premium capped,full_cost_net,ok,reference,relaxed,True,0.764541325,0.703063,-0.3919735516946648,-0.6790636158839526,-0.549332889147496,0.9989405695325078,-0.7075668637194953,0.514690976255657,False
orig,cpcv_03_08,cpcv,orig Equal risk capped,Equal risk capped,gross,ok,reference,relaxed,True,0.764541325,0.703063,-0.14287708989254733,-0.2698280886241531,-0.4091050694520727,0.9977647211770883,-0.6573159080498359,0.6450477826988102,False
orig,cpcv_03_08,cpcv,orig Equal risk capped,Equal risk capped,full_cost_net,ok,reference,relaxed,True,0.764541325,0.703063,-0.3919735516946648,-0.6790636158839526,-0.549332889147496,0.9989405695325078,-0.7075668637194953,0.514690976255657,False
orig,cpcv_03_09,cpcv,orig E1 capped,E1 capped,gross,ok,optimal,hard,True,0.7645757000000001,0.519738,0.5315029263512389,0.9684155675761331,0.17311022760629524,0.5938995219891969,-0.2685166172140274,1.1423057185831589,False
orig,cpcv_03_09,cpcv,orig E1 capped,E1 capped,full_cost_net,ok,optimal,hard,True,0.7645757000000001,0.519738,0.2792040073732885,0.475641286753148,0.00872360953783713,0.5956123060112954,-0.2978706530370656,1.0072644076425297,False
orig,cpcv_03_09,cpcv,orig GM paper,GM paper,gross,ok,optimal,uncapped,False,,0.7824,0.8890894556348585,2.951046780740381,0.6016503796355182,0.7865489708806118,-0.2509216243214707,1.4807205401431724,False
orig,cpcv_03_09,cpcv,orig GM paper,GM paper,full_cost_net,ok,optimal,uncapped,False,,0.7824,-0.3272284012326185,-0.5654474070182957,-0.4240428810136112,0.8157129513093977,-0.5392613040141911,0.6314298744338975,False
orig,cpcv_03_09,cpcv,orig Equal premium capped,Equal premium capped,gross,ok,reference,relaxed,True,0.7645757000000001,0.705437,-0.09791239536648103,-0.18884430715814912,-0.33241190014584787,0.9024051322372924,-0.4897365558554494,0.7140969126523063,False
orig,cpcv_03_09,cpcv,orig Equal premium capped,Equal premium capped,full_cost_net,ok,reference,relaxed,True,0.7645757000000001,0.705437,-0.3350719743559329,-0.5929786384163346,-0.4699463496329539,0.9050416573008396,-0.5460157820432208,0.5892051372674779,False
orig,cpcv_03_09,cpcv,orig Equal risk capped,Equal risk capped,gross,ok,reference,relaxed,True,0.7645757000000001,0.705437,-0.09791239536648103,-0.18884430715814912,-0.33241190014584787,0.9024051322372924,-0.4897365558554494,0.7140969126523063,False
orig,cpcv_03_09,cpcv,orig Equal risk capped,Equal risk capped,full_cost_net,ok,reference,relaxed,True,0.7645757000000001,0.705437,-0.3350719743559329,-0.5929786384163346,-0.4699463496329539,0.9050416573008396,-0.5460157820432208,0.5892051372674779,False
orig,cpcv_03_10,cpcv,orig E1 capped,E1 capped,gross,ok,optimal,hard,True,0.7637356000000001,0.5269980000000001,0.00634250501850722,0.01093799213563043,-0.26738052549185065,0.8605135494710453,-0.45755717423004416,0.7716115427594692,False
orig,cpcv_03_10,cpcv,orig E1 capped,E1 capped,full_cost_net,ok,optimal,hard,True,0.7637356000000001,0.5269980000000001,-0.15731840778038217,-0.25748081986271426,-0.3696632200640524,0.8620231686447883,-0.475140009105255,0.6807336314563425,False
orig,cpcv_03_10,cpcv,orig GM paper,GM paper,gross,ok,optimal,uncapped,False,,0.823009,0.1723011604782026,0.2919728819955139,-0.11665085588656443,0.7766358254491647,-0.4298923068386723,0.9018001997189342,False
orig,cpcv_03_10,cpcv,orig GM paper,GM paper,full_cost_net,ok,optimal,uncapped,False,,0.823009,-1.1153353556186445,-1.3254324408984932,-0.7978311636539751,0.938329474315735,-0.7266186846551881,0.26389338837086906,False
orig,cpcv_03_10,cpcv,orig Equal premium capped,Equal premium capped,gross,ok,reference,relaxed,True,0.7637356000000001,0.705271,-0.8445940572274742,-1.1501665253966709,-0.7750177040001339,1.0638659464680578,-0.7280041237229612,0.2884852549788714,False
orig,cpcv_03_10,cpcv,orig Equal premium capped,Equal premium capped,full_cost_net,ok,reference,relaxed,True,0.7637356000000001,0.705271,-1.0347732208454155,-1.34241426702044,-0.8239272118113485,1.065677252831059,-0.7701481912105068,0.23518531522953623,False
orig,cpcv_03_10,cpcv,orig Equal risk capped,Equal risk capped,gross,ok,reference,relaxed,True,0.7637356000000001,0.705271,-0.8445940572274742,-1.1501665253966709,-0.7750177040001339,1.0638659464680578,-0.7280041237229612,0.2884852549788714,False
orig,cpcv_03_10,cpcv,orig Equal risk capped,Equal risk capped,full_cost_net,ok,reference,relaxed,True,0.7637356000000001,0.705271,-1.0347732208454155,-1.34241426702044,-0.8239272118113485,1.065677252831059,-0.7701481912105068,0.23518531522953623,False
orig,cpcv_03_11,cpcv,orig E1 capped,E1 capped,gross,ok,optimal,hard,True,0.8907347749999999,0.574413,-0.18889259205658,-0.45986083874602524,-0.45184062884000464,1.087377543434451,-0.6927609796206133,0.6059298799919339,False
orig,cpcv_03_11,cpcv,orig E1 capped,E1 capped,full_cost_net,ok,optimal,hard,True,0.8907347749999999,0.574413,-0.3502484009609927,-0.7826120108328701,-0.5424649639734318,1.079157388347389,-0.7275409296861866,0.5212190696486563,False
orig,cpcv_03_11,cpcv,orig GM paper,GM paper,gross,ok,optimal,uncapped,False,,0.9938560000000002,-0.25870423734541037,-0.5204944328024699,-0.4915738486782293,1.0491748621905341,-0.7151199587040089,0.569101723206604,False
orig,cpcv_03_11,cpcv,orig GM paper,GM paper,full_cost_net,ok,optimal,uncapped,False,,0.9938560000000002,-2.3430024532147047,-2.1217762901628627,-1.0,1.9390949567208744,-1.0,0.0,True
orig,cpcv_03_11,cpcv,orig Equal premium capped,Equal premium capped,gross,ok,reference,relaxed,True,0.8907347749999999,0.81836,-0.11972839443308954,-0.30511036597009916,-0.7407838873388357,1.967187868027735,-0.8870295769887087,0.3246272662712026,False
orig,cpcv_03_11,cpcv,orig Equal premium capped,Equal premium capped,full_cost_net,ok,reference,relaxed,True,0.8907347749999999,0.81836,-0.27139426484961,-0.6349006985789423,-0.8166991461473017,1.9612286294163161,-0.9123217384916826,0.24320382814934385,False
orig,cpcv_03_11,cpcv,orig Equal risk capped,Equal risk capped,gross,ok,reference,relaxed,True,0.8907347749999999,0.820705,-0.15262316510509322,-0.3819068171819486,-0.7377538800819271,1.892644329684785,-0.882358227369892,0.32778637146192835,False
orig,cpcv_03_11,cpcv,orig Equal risk capped,Equal risk capped,full_cost_net,ok,reference,relaxed,True,0.8907347749999999,0.820705,-0.29641114574912947,-0.6841049667414795,-0.807863386902943,1.884256802575598,-0.9058698899488516,0.25293471647882554,False
orig,cpcv_04_05,cpcv,orig E1 capped,E1 capped,gross,ok,optimal,hard,True,0.7610648250000001,0.519628,1.1959092935084432,2.1654128453727077,0.8567085521570126,0.7419144091040908,-0.29871743058058375,1.6747620638806502,False
orig,cpcv_04_05,cpcv,orig E1 capped,E1 capped,full_cost_net,ok,optimal,hard,True,0.7610648250000001,0.519628,0.9964508427773042,1.724040876676405,0.6073066550057364,0.7396318706691409,-0.3084120578909251,1.4850769328711702,False
orig,cpcv_04_05,cpcv,orig GM paper,GM paper,gross,ok,optimal,uncapped,False,,0.9497549999999999,1.3704423223778452,3.4063824012518813,1.217368637730449,0.7859085622742644,-0.19723785463662602,1.9417720722594984,False
orig,cpcv_04_05,cpcv,orig GM paper,GM paper,full_cost_net,ok,optimal,uncapped,False,,0.9497549999999999,-1.6956823772078218,-1.635211115968789,-1.0,1.4654299261586852,-1.0,0.0,True
orig,cpcv_04_05,cpcv,orig Equal premium capped,Equal premium capped,gross,ok,reference,relaxed,True,0.7610648250000001,0.6979970000000001,1.4455282186480483,2.774570736933305,1.715321088312331,1.1323556141814184,-0.4319779736140076,2.2988871908908677,False
orig,cpcv_04_05,cpcv,orig Equal premium capped,Equal premium capped,full_cost_net,ok,reference,relaxed,True,0.7610648250000001,0.6979970000000001,1.2654121662384856,2.321438107953166,1.2265242982667024,1.1301542932259727,-0.47469687795090665,1.9484511971425356,False
orig,cpcv_04_05,cpcv,orig Equal risk capped,Equal risk capped,gross,ok,reference,relaxed,True,0.7610648250000001,0.6979970000000001,1.4455282186480483,2.774570736933305,1.715321088312331,1.1323556141814184,-0.4319779736140076,2.2988871908908677,False
orig,cpcv_04_05,cpcv,orig Equal risk capped,Equal risk capped,full_cost_net,ok,reference,relaxed,True,0.7610648250000001,0.6979970000000001,1.2654121662384856,2.321438107953166,1.2265242982667024,1.1301542932259727,-0.47469687795090665,1.9484511971425356,False
orig,cpcv_04_06,cpcv,orig E1 capped,E1 capped,gross,ok,optimal,hard,True,0.7484977000000002,0.507057,1.4665862431408805,5.563358454848777,1.9929012377910142,1.0146306956758702,-0.22511168027857753,2.4931227108594864,False
orig,cpcv_04_06,cpcv,orig E1 capped,E1 capped,full_cost_net,ok,optimal,hard,True,0.7484977000000002,0.507057,1.3139470997084863,4.725072107949095,1.5868726503945592,1.01266899803394,-0.23519010167307686,2.2078990252123476,False
orig,cpcv_04_06,cpcv,orig GM paper,GM paper,gross,ok,optimal,uncapped,False,,1.003665,1.2412023011856868,3.0885660781071835,1.2983098295167164,1.0486354556544533,-0.2921276300786647,2.0006624086583398,False
orig,cpcv_04_06,cpcv,orig GM paper,GM paper,full_cost_net,ok,optimal,uncapped,False,,1.003665,-1.7913820636741644,-1.705424359103507,-1.0,2.0945285977584325,-1.0,0.0,True
orig,cpcv_04_06,cpcv,orig Equal premium capped,Equal premium capped,gross,ok,reference,relaxed,True,0.7484977000000002,0.6810869999999999,1.7615437692359122,8.53974265457791,6.365480607114984,1.7205652384760566,-0.3534629330127932,5.2804091545701795,False
orig,cpcv_04_06,cpcv,orig Equal premium capped,Equal premium capped,full_cost_net,ok,reference,relaxed,True,0.7484977000000002,0.6810869999999999,1.6306546874262189,7.331496203134845,5.021374569678251,1.7184548510063105,-0.37971159117481634,4.464228030646509,False
orig,cpcv_04_06,cpcv,orig Equal risk capped,Equal risk capped,gross,ok,reference,relaxed,True,0.7484977000000002,0.6810869999999999,1.7615437692359122,8.53974265457791,6.365480607114984,1.7205652384760566,-0.3534629330127932,5.2804091545701795,False
orig,cpcv_04_06,cpcv,orig Equal risk capped,Equal risk capped,full_cost_net,ok,reference,relaxed,True,0.7484977000000002,0.6810869999999999,1.6306546874262189,7.331496203134845,5.021374569678251,1.7184548510063105,-0.37971159117481634,4.464228030646509,False
orig,cpcv_04_07,cpcv,orig E1 capped,E1 capped,gross,ok,optimal,hard,True,0.7517242000000001,0.529739,2.401378663051226,9.05983340644747,3.2179366270906575,0.721829715327259,-0.10540856373677743,3.3183081111325636,False
orig,cpcv_04_07,cpcv,orig E1 capped,E1 capped,full_cost_net,ok,optimal,hard,True,0.7517242000000001,0.529739,2.111387099535387,7.045572675845518,2.512831741493404,0.7266889420827833,-0.14240450151774042,2.8491443756836037,False
orig,cpcv_04_07,cpcv,orig GM paper,GM paper,gross,ok,optimal,uncapped,False,,0.9937799999999999,1.2428197570651003,2.626154667359253,0.9798103665288533,0.7737300631425084,-0.2259799920290223,1.7667956783405137,False
orig,cpcv_04_07,cpcv,orig GM paper,GM paper,full_cost_net,ok,optimal,uncapped,False,,0.9937799999999999,-2.3289997357863808,-2.0216414923089805,-1.0,2.701887430563806,-1.0,0.0,True
orig,cpcv_04_07,cpcv,orig Equal premium capped,Equal premium capped,gross,ok,reference,relaxed,True,0.7517242000000001,0.689906,3.8679987968124054,23.640264437858235,18.002999699271715,0.9477541058965359,-0.10211254483029908,11.632823387315668,False
orig,cpcv_04_07,cpcv,orig Equal premium capped,Equal premium capped,full_cost_net,ok,reference,relaxed,True,0.7517242000000001,0.689906,3.596799452389961,18.044122473654298,14.535106461567763,0.9503546007829995,-0.12470876183233104,9.834716867751924,False
orig,cpcv_04_07,cpcv,orig Equal risk capped,Equal risk capped,gross,ok,reference,relaxed,True,0.7517242000000001,0.689906,3.8679987968124054,23.640264437858235,18.002999699271715,0.9477541058965359,-0.10211254483029908,11.632823387315668,False
orig,cpcv_04_07,cpcv,orig Equal risk capped,Equal risk capped,full_cost_net,ok,reference,relaxed,True,0.7517242000000001,0.689906,3.596799452389961,18.044122473654298,14.535106461567763,0.9503546007829995,-0.12470876183233104,9.834716867751924,False
orig,cpcv_04_08,cpcv,orig E1 capped,E1 capped,gross,ok,optimal,hard,True,0.7530267,0.5205380000000001,1.1754575229608968,3.3228798090595943,1.0959387059782313,0.9101356774511927,-0.37570461221268814,1.852744281929812,False
orig,cpcv_04_08,cpcv,orig E1 capped,E1 capped,full_cost_net,ok,optimal,hard,True,0.7530267,0.5205380000000001,0.9963309404531575,2.604333800591764,0.7894426946205122,0.9085747060566748,-0.40580032035175195,1.6240453880513441,False
orig,cpcv_04_08,cpcv,orig GM paper,GM paper,gross,ok,optimal,uncapped,False,,0.880547,1.4282043415989585,3.677976748887633,1.2347843313845797,0.7372550192753589,-0.2278716056357879,1.9544730278966005,False
orig,cpcv_04_08,cpcv,orig GM paper,GM paper,full_cost_net,ok,optimal,uncapped,False,,0.880547,-1.342435951265163,-1.3647997715848639,-1.0,1.7238665634918506,-1.0,0.0,True
orig,cpcv_04_08,cpcv,orig Equal premium capped,Equal premium capped,gross,ok,reference,relaxed,True,0.7530267,0.686721,1.721965929821041,4.707912099002338,2.8329864615684346,1.1036431635566084,-0.39082981220300184,3.063945747422868,False
orig,cpcv_04_08,cpcv,orig Equal premium capped,Equal premium capped,full_cost_net,ok,reference,relaxed,True,0.7530267,0.686721,1.5030785588209747,3.771001209046118,2.0654543082935652,1.108137361423834,-0.440138100248778,2.5433865637708477,False
orig,cpcv_04_08,cpcv,orig Equal risk capped,Equal risk capped,gross,ok,reference,relaxed,True,0.7530267,0.686721,1.721965929821041,4.707912099002338,2.8329864615684346,1.1036431635566084,-0.39082981220300184,3.063945747422868,False
orig,cpcv_04_08,cpcv,orig Equal risk capped,Equal risk capped,full_cost_net,ok,reference,relaxed,True,0.7530267,0.686721,1.5030785588209747,3.771001209046118,2.0654543082935652,1.108137361423834,-0.440138100248778,2.5433865637708477,False
orig,cpcv_04_09,cpcv,orig E1 capped,E1 capped,gross,ok,optimal,hard,True,0.752055175,0.5184730000000001,1.981451499827364,4.2353615438512024,1.4471582311698126,0.532873020564077,-0.21584142328942035,2.108070072640234,False
orig,cpcv_04_09,cpcv,orig E1 capped,E1 capped,full_cost_net,ok,optimal,hard,True,0.752055175,0.5184730000000001,1.7033771745812476,3.41064355443425,1.1244054723358814,0.531290948104464,-0.22743743701392605,1.8736904484641745,False
orig,cpcv_04_09,cpcv,orig GM paper,GM paper,gross,ok,optimal,uncapped,False,,0.999666,1.6195751795088307,8.59436562678173,2.2895755982943227,0.9670468475011864,-0.1199599794749403,2.6974281961970576,False
orig,cpcv_04_09,cpcv,orig GM paper,GM paper,full_cost_net,ok,optimal,uncapped,False,,0.999666,-1.2634049313296,-1.3483987662326526,-1.0,2.0740673110725205,-1.0,0.0,True
orig,cpcv_04_09,cpcv,orig Equal premium capped,Equal premium capped,gross,ok,reference,relaxed,True,0.752055175,0.685507,2.0247975888014462,6.620784509184275,3.689330352912612,1.0087013811959675,-0.20145785483168943,3.624591136354135,False
orig,cpcv_04_09,cpcv,orig Equal premium capped,Equal premium capped,full_cost_net,ok,reference,relaxed,True,0.752055175,0.685507,1.8268744916444517,5.4318473387891375,2.90882361938168,1.0077925819615567,-0.22688357674554027,3.1143809070820176,False
orig,cpcv_04_09,cpcv,orig Equal risk capped,Equal risk capped,gross,ok,reference,relaxed,True,0.752055175,0.685507,2.0247975888014462,6.620784509184275,3.689330352912612,1.0087013811959675,-0.20145785483168943,3.624591136354135,False
orig,cpcv_04_09,cpcv,orig Equal risk capped,Equal risk capped,full_cost_net,ok,reference,relaxed,True,0.752055175,0.685507,1.8268744916444517,5.4318473387891375,2.90882361938168,1.0077925819615567,-0.22688357674554027,3.1143809070820176,False
orig,cpcv_04_10,cpcv,orig E1 capped,E1 capped,gross,ok,optimal,hard,True,0.7564638000000001,0.530099,0.9140401158778987,1.800117696765925,0.5897909426562762,0.8844370834246859,-0.45713515180059383,1.4715782105274755,False
orig,cpcv_04_10,cpcv,orig E1 capped,E1 capped,full_cost_net,ok,optimal,hard,True,0.7564638000000001,0.530099,0.7390666746513486,1.3816075058803372,0.3635675896914339,0.884640515499324,-0.4755510279496471,1.2948830868761005,False
orig,cpcv_04_10,cpcv,orig GM paper,GM paper,gross,ok,optimal,uncapped,False,,1.005672,1.2327304922820068,2.6013784880464685,0.8858757170868932,0.6985474458814483,-0.3764478329998323,1.6966576660800026,False
orig,cpcv_04_10,cpcv,orig GM paper,GM paper,full_cost_net,ok,optimal,uncapped,False,,1.005672,-2.088715738827566,-1.8951324416074191,-1.0,1.8108139821485179,-1.0,0.0,True
orig,cpcv_04_10,cpcv,orig Equal premium capped,Equal premium capped,gross,ok,reference,relaxed,True,0.7564638000000001,0.691321,0.9542136145150106,1.7668582074203225,0.5778652712110863,1.2851163384729272,-0.6185454866863671,1.462373351971621,False
orig,cpcv_04_10,cpcv,orig Equal premium capped,Equal premium capped,full_cost_net,ok,reference,relaxed,True,0.7564638000000001,0.691321,0.7992259988438873,1.4160112382115357,0.2836537616495656,1.2841945042093377,-0.638705366723455,1.231326562185463,False
orig,cpcv_04_10,cpcv,orig Equal risk capped,Equal risk capped,gross,ok,reference,relaxed,True,0.7564638000000001,0.691321,0.9542136145150106,1.7668582074203225,0.5778652712110863,1.2851163384729272,-0.6185454866863671,1.462373351971621,False
orig,cpcv_04_10,cpcv,orig Equal risk capped,Equal risk capped,full_cost_net,ok,reference,relaxed,True,0.7564638000000001,0.691321,0.7992259988438873,1.4160112382115357,0.2836537616495656,1.2841945042093377,-0.638705366723455,1.231326562185463,False
orig,cpcv_04_11,cpcv,orig E1 capped,E1 capped,gross,ok,optimal,hard,True,0.892421575,0.56789,1.6693999420504106,6.3648407140525265,2.4781619187334325,1.0018466591213244,-0.3919136668793267,2.8256920507477936,False
orig,cpcv_04_11,cpcv,orig E1 capped,E1 capped,full_cost_net,ok,optimal,hard,True,0.892421575,0.56789,1.4815831096196408,5.0700824213179425,1.9039557791661248,0.9930300504129552,-0.4269210926625677,2.431224138171923,False
orig,cpcv_04_11,cpcv,orig GM paper,GM paper,gross,ok,optimal,uncapped,False,,0.9953720000000001,1.325604114110455,3.710565636992504,1.72505175579767,1.2009911837467193,-0.5049253990925975,2.305750417201842,False
orig,cpcv_04_11,cpcv,orig GM paper,GM paper,full_cost_net,ok,optimal,uncapped,False,,0.9953720000000001,-0.9426300263900643,-1.0026155691119973,-1.0,3.020331917737426,-1.0,0.0,True
orig,cpcv_04_11,cpcv,orig Equal premium capped,Equal premium capped,gross,ok,reference,relaxed,True,0.892421575,0.813212,1.303170099228855,4.7176528025692805,2.7527918849016264,1.9342955380524485,-0.6472133640677231,3.0104313917660206,False
orig,cpcv_04_11,cpcv,orig Equal premium capped,Equal premium capped,full_cost_net,ok,reference,relaxed,True,0.892421575,0.813212,1.1114543417099247,3.6274181340745764,1.6334134519609274,1.9347561927466561,-0.6967355734395485,2.240951933595543,False
orig,cpcv_04_11,cpcv,orig Equal risk capped,Equal risk capped,gross,ok,reference,relaxed,True,0.892421575,0.813072,1.2947267885694387,4.542914661326405,2.6887780921750997,2.0442025080131163,-0.6896486394844503,2.967577764058149,False
orig,cpcv_04_11,cpcv,orig Equal risk capped,Equal risk capped,full_cost_net,ok,reference,relaxed,True,0.892421575,0.813072,1.1401224084491284,3.664714093313902,1.7241850585439473,2.0363259349563974,-0.7246941019721169,2.305139284917253,False
orig,cpcv_05_06,cpcv,orig E1 capped,E1 capped,gross,ok,optimal,hard,True,0.763812675,0.514823,0.93593147370893,2.313045906832169,0.7904753967634348,1.1959932531253508,-0.294225747389358,1.6248263921582107,False
orig,cpcv_05_06,cpcv,orig E1 capped,E1 capped,full_cost_net,ok,optimal,hard,True,0.763812675,0.514823,0.810775433088062,1.91959863550167,0.5441877836640969,1.192794566410517,-0.3281827343467394,1.4363163150298912,False
orig,cpcv_05_06,cpcv,orig GM paper,GM paper,gross,ok,optimal,uncapped,False,,0.987019,1.6191679178881526,6.129070466887309,2.5300323765194666,1.0869781903137445,-0.30852091041675367,2.8607653738616796,False
orig,cpcv_05_06,cpcv,orig GM paper,GM paper,full_cost_net,ok,optimal,uncapped,False,,0.987019,-0.1940340416736414,-0.34024373046086837,-0.3825313000291104,0.8658223106780032,-0.5421462456238249,0.6691330118447899,False
orig,cpcv_05_06,cpcv,orig Equal premium capped,Equal premium capped,gross,ok,reference,relaxed,True,0.763812675,0.695553,0.8102697413927036,2.3025046672631513,0.504876705602848,1.9003626417067392,-0.47445200980245983,1.4057802354647297,False
orig,cpcv_05_06,cpcv,orig Equal premium capped,Equal premium capped,full_cost_net,ok,reference,relaxed,True,0.763812675,0.695553,0.6988298317603254,1.8924120395395103,0.21028843659040142,1.8954843942584996,-0.5132445811404636,1.172395303299977,False
orig,cpcv_05_06,cpcv,orig Equal risk capped,Equal risk capped,gross,ok,reference,relaxed,True,0.763812675,0.695553,0.8102697413927036,2.3025046672631513,0.504876705602848,1.9003626417067392,-0.47445200980245983,1.4057802354647297,False
orig,cpcv_05_06,cpcv,orig Equal risk capped,Equal risk capped,full_cost_net,ok,reference,relaxed,True,0.763812675,0.695553,0.6988298317603254,1.8924120395395103,0.21028843659040142,1.8954843942584996,-0.5132445811404636,1.172395303299977,False
orig,cpcv_05_07,cpcv,orig E1 capped,E1 capped,gross,ok,optimal,hard,True,0.7592732250000002,0.524164,1.7978507522343394,4.1807063585838815,2.3530690572920308,0.9028952105659122,-0.2868789459189436,2.7407457432945224,False
orig,cpcv_05_07,cpcv,orig E1 capped,E1 capped,full_cost_net,ok,optimal,hard,True,0.7592732250000002,0.524164,1.5917124899579684,3.5064213179597576,1.8232072647823143,0.9038327389817877,-0.29655339317841944,2.3747558657857417,False
orig,cpcv_05_07,cpcv,orig GM paper,GM paper,gross,ok,optimal,uncapped,False,,1.0026869999999999,1.87867842952761,4.721161627881749,2.2088261791005275,0.7906641792670022,-0.18612153466491688,2.6421359490457963,False
orig,cpcv_05_07,cpcv,orig GM paper,GM paper,full_cost_net,ok,optimal,uncapped,False,,1.0026869999999999,-1.097383188859019,-1.167271381994796,-0.982415348080839,1.3988507042194327,-0.9777713597305662,0.03448351117318947,False
orig,cpcv_05_07,cpcv,orig Equal premium capped,Equal premium capped,gross,ok,reference,relaxed,True,0.7592732250000002,0.699735,1.6742480569498541,3.7353273310793855,2.9154394913237773,1.299695922705411,-0.39199949104336373,3.1187729874587005,False
orig,cpcv_05_07,cpcv,orig Equal premium capped,Equal premium capped,full_cost_net,ok,reference,relaxed,True,0.7592732250000002,0.699735,1.4953321262591457,3.1680004215519797,2.1363355277305716,1.2954708273181117,-0.40699701037597147,2.592301023928308,False
orig,cpcv_05_07,cpcv,orig Equal risk capped,Equal risk capped,gross,ok,reference,relaxed,True,0.7592732250000002,0.699735,1.6742480569498541,3.7353273310793855,2.9154394913237773,1.299695922705411,-0.39199949104336373,3.1187729874587005,False
orig,cpcv_05_07,cpcv,orig Equal risk capped,Equal risk capped,full_cost_net,ok,reference,relaxed,True,0.7592732250000002,0.699735,1.4953321262591457,3.1680004215519797,2.1363355277305716,1.2954708273181117,-0.40699701037597147,2.592301023928308,False
orig,cpcv_05_08,cpcv,orig E1 capped,E1 capped,gross,ok,optimal,hard,True,0.7613878000000001,0.514109,0.6879468928974223,1.4916673265466096,0.3348748145678446,1.0227060798957355,-0.4136688056920621,1.2721367025014394,False
orig,cpcv_05_08,cpcv,orig E1 capped,E1 capped,full_cost_net,ok,optimal,hard,True,0.7613878000000001,0.514109,0.5454041332559758,1.1179721177477882,0.1521526218019542,1.020821299242029,-0.45288715518270617,1.1252741536308641,False
orig,cpcv_05_08,cpcv,orig GM paper,GM paper,gross,ok,optimal,uncapped,False,,0.759202,1.4478954546933216,4.422132503845737,1.144454520735692,0.6669250246300359,-0.23504687521999834,1.888414675638424,False
orig,cpcv_05_08,cpcv,orig GM paper,GM paper,full_cost_net,ok,optimal,uncapped,False,,0.759202,0.32254764467603897,0.5616312592321928,0.03892541907763625,0.5912371429675242,-0.36217079189888035,1.032334187853764,False
orig,cpcv_05_08,cpcv,orig Equal premium capped,Equal premium capped,gross,ok,reference,relaxed,True,0.7613878000000001,0.6979190000000001,0.3390143019032017,0.5996944297855676,-0.20136212506835116,1.2207059209912619,-0.4751636067059992,0.8291343709254765,False
orig,cpcv_05_08,cpcv,orig Equal premium capped,Equal premium capped,full_cost_net,ok,reference,relaxed,True,0.7613878000000001,0.6979190000000001,0.15772220468415749,0.26485694333634907,-0.37115834070792286,1.2218242755050484,-0.5339136514057214,0.6793878161459115,False
orig,cpcv_05_08,cpcv,orig Equal risk capped,Equal risk capped,gross,ok,reference,relaxed,True,0.7613878000000001,0.6979190000000001,0.3390143019032017,0.5996944297855676,-0.20136212506835116,1.2207059209912619,-0.4751636067059992,0.8291343709254765,False
orig,cpcv_05_08,cpcv,orig Equal risk capped,Equal risk capped,full_cost_net,ok,reference,relaxed,True,0.7613878000000001,0.6979190000000001,0.15772220468415749,0.26485694333634907,-0.37115834070792286,1.2218242755050484,-0.5339136514057214,0.6793878161459115,False
orig,cpcv_05_09,cpcv,orig E1 capped,E1 capped,gross,ok,optimal,hard,True,0.7580756,0.5152950000000001,0.8638074141926682,1.5380905703953283,0.4792063604052168,0.7771344558568523,-0.2868577720552241,1.3857683495249866,False
orig,cpcv_05_09,cpcv,orig E1 capped,E1 capped,full_cost_net,ok,optimal,hard,True,0.7580756,0.5152950000000001,0.6922846795512596,1.1780387697375994,0.29583756845174625,0.7764038747120646,-0.29606550990192504,1.2410581728490635,False
orig,cpcv_05_09,cpcv,orig GM paper,GM paper,gross,ok,optimal,uncapped,False,,0.839832,1.620207316723856,8.315009290699823,2.0063182525414147,0.8788645000218167,-0.09184606739082601,2.5024330162988155,False
orig,cpcv_05_09,cpcv,orig GM paper,GM paper,full_cost_net,ok,optimal,uncapped,False,,0.839832,0.627870451697414,1.6582775288198637,0.296038096841996,0.7847253468959502,-0.19983107728567873,1.2412182136047794,False
orig,cpcv_05_09,cpcv,orig Equal premium capped,Equal premium capped,gross,ok,reference,relaxed,True,0.7580756,0.6987570000000001,0.4569505057219203,0.8348602799700398,-0.05452884146220527,1.1748699599615795,-0.39376999904895815,0.9543483004094772,False
orig,cpcv_05_09,cpcv,orig Equal premium capped,Equal premium capped,full_cost_net,ok,reference,relaxed,True,0.7580756,0.6987570000000001,0.2959929184114509,0.5151414847083662,-0.22674182150360334,1.1763980671775807,-0.4089882688089309,0.8071181279997598,False
orig,cpcv_05_09,cpcv,orig Equal risk capped,Equal risk capped,gross,ok,reference,relaxed,True,0.7580756,0.6987570000000001,0.4569505057219203,0.8348602799700398,-0.05452884146220527,1.1748699599615795,-0.39376999904895815,0.9543483004094772,False
orig,cpcv_05_09,cpcv,orig Equal risk capped,Equal risk capped,full_cost_net,ok,reference,relaxed,True,0.7580756,0.6987570000000001,0.2959929184114509,0.5151414847083662,-0.22674182150360334,1.1763980671775807,-0.4089882688089309,0.8071181279997598,False
orig,cpcv_05_10,cpcv,orig E1 capped,E1 capped,gross,ok,optimal,hard,True,0.7622383000000001,0.516114,0.41643901661645133,0.7322622278581344,-0.023765362711430815,1.0128303496850721,-0.44442873477427014,0.9801559421468504,False
orig,cpcv_05_10,cpcv,orig E1 capped,E1 capped,full_cost_net,ok,optimal,hard,True,0.7622383000000001,0.516114,0.2854563916451571,0.4804511313326726,-0.1503797356577945,1.0135394816768597,-0.46249260130902914,0.8730130155223624,False
orig,cpcv_05_10,cpcv,orig GM paper,GM paper,gross,ok,optimal,uncapped,False,,0.9548180000000001,1.0590330983444989,2.171250249607452,0.7800667151742171,0.8535889446723554,-0.45098566569815335,1.6169511502551093,False
orig,cpcv_05_10,cpcv,orig GM paper,GM paper,full_cost_net,ok,optimal,uncapped,False,,0.9548180000000001,-0.19134619645668155,-0.26817843314625256,-0.39395359285674814,0.8362774511226387,-0.5488465898633175,0.6588019876101819,False
orig,cpcv_05_10,cpcv,orig Equal premium capped,Equal premium capped,gross,ok,reference,relaxed,True,0.7622383000000001,0.702535,-0.2560005646916564,-0.3756140352898834,-0.7020192160728612,1.3285818654898685,-0.6245511486394996,0.36460577958268653,False
orig,cpcv_05_10,cpcv,orig Equal premium capped,Equal premium capped,full_cost_net,ok,reference,relaxed,True,0.7622383000000001,0.702535,-0.39499750501126313,-0.557720177344594,-0.761996903319324,1.3304424414914249,-0.6514876746756366,0.3023329672356446,False
orig,cpcv_05_10,cpcv,orig Equal risk capped,Equal risk capped,gross,ok,reference,relaxed,True,0.7622383000000001,0.702535,-0.2560005646916564,-0.3756140352898834,-0.7020192160728612,1.3285818654898685,-0.6245511486394996,0.36460577958268653,False
orig,cpcv_05_10,cpcv,orig Equal risk capped,Equal risk capped,full_cost_net,ok,reference,relaxed,True,0.7622383000000001,0.702535,-0.39499750501126313,-0.557720177344594,-0.761996903319324,1.3304424414914249,-0.6514876746756366,0.3023329672356446,False
orig,cpcv_05_11,cpcv,orig E1 capped,E1 capped,gross,ok,optimal,hard,True,0.8991667000000001,0.56367,0.8875136968534032,2.507546723772046,0.7052045317084059,1.245946541748114,-0.47969403841727976,1.5600807034528703,False
orig,cpcv_05_11,cpcv,orig E1 capped,E1 capped,full_cost_net,ok,optimal,hard,True,0.8991667000000001,0.56367,0.7678812299809052,2.026634402842575,0.4695695308500849,1.2406668550723987,-0.5092647656620621,1.3782408433556854,False
orig,cpcv_05_11,cpcv,orig GM paper,GM paper,gross,ok,optimal,uncapped,False,,1.00121,0.6477703578025831,1.620673675542623,0.28688959868973285,1.151577192254917,-0.6239755122755377,1.2339126281301989,False
orig,cpcv_05_11,cpcv,orig GM paper,GM paper,full_cost_net,ok,optimal,uncapped,False,,1.00121,-1.3089404333616126,-1.6088549288173912,-0.9319097194013511,1.263512548754688,-0.8205674634821108,0.10655428925886518,False
orig,cpcv_05_11,cpcv,orig Equal premium capped,Equal premium capped,gross,ok,reference,relaxed,True,0.8991667000000001,0.826109,0.5763044480231986,1.5142001319044502,-0.23376511871005923,2.2010172540479336,-0.7284191382556289,0.801004455968929,False
orig,cpcv_05_11,cpcv,orig Equal premium capped,Equal premium capped,full_cost_net,ok,reference,relaxed,True,0.8991667000000001,0.826109,0.3947960224774591,0.9667037551172687,-0.5078460948851814,2.206899458714885,-0.7782559405610824,0.5538822480661404,False
orig,cpcv_05_11,cpcv,orig Equal risk capped,Equal risk capped,gross,ok,reference,relaxed,True,0.8991667000000001,0.827984,0.5691654901700806,1.4928008421044852,-0.22286170944782724,2.1616742712667154,-0.7281258489965874,0.8104917336413747,False
orig,cpcv_05_11,cpcv,orig Equal risk capped,Equal risk capped,full_cost_net,ok,reference,relaxed,True,0.8991667000000001,0.827984,0.4479196492225089,1.1046219336301506,-0.42024808957095194,2.15706128411976,-0.7694152043304107,0.6348948783768057,False
orig,cpcv_06_07,cpcv,orig E1 capped,E1 capped,gross,ok,optimal,hard,True,0.7623263000000001,0.524717,2.198233158291008,9.909081778274091,5.158650390762493,1.0737188749257403,-0.20993394864288772,4.548881525973018,False
orig,cpcv_06_07,cpcv,orig E1 capped,E1 capped,full_cost_net,ok,optimal,hard,True,0.7623263000000001,0.524717,2.0196267988786056,8.46665175107149,4.204918459202347,1.074820284535754,-0.22006762388087397,3.9537718818252108,False
orig,cpcv_06_07,cpcv,orig GM paper,GM paper,gross,ok,optimal,uncapped,False,,0.9905660000000001,2.5003930694506904,13.429547427279362,5.602832056254866,0.944361598151434,-0.14135857113764494,4.820682651728655,False
orig,cpcv_06_07,cpcv,orig GM paper,GM paper,full_cost_net,ok,optimal,uncapped,False,,0.9905660000000001,-0.7093507239332202,-0.851822282123633,-0.9467355723164987,1.5272614042438846,-0.9432748086703591,0.08683558227852903,False
orig,cpcv_06_07,cpcv,orig Equal premium capped,Equal premium capped,gross,ok,reference,relaxed,True,0.7623263000000001,0.706284,2.0130819377515796,10.156534319832701,10.047687202651243,1.8058608407666494,-0.2989752533401564,7.402745310188592,False
orig,cpcv_06_07,cpcv,orig Equal premium capped,Equal premium capped,full_cost_net,ok,reference,relaxed,True,0.7623263000000001,0.706284,1.8685981197660435,8.667163274415893,7.809081402190351,1.8043918511863142,-0.3128081374752185,6.12974186574744,False
orig,cpcv_06_07,cpcv,orig Equal risk capped,Equal risk capped,gross,ok,reference,relaxed,True,0.7623263000000001,0.706284,2.0130819377515796,10.156534319832701,10.047687202651243,1.8058608407666494,-0.2989752533401564,7.402745310188592,False
orig,cpcv_06_07,cpcv,orig Equal risk capped,Equal risk capped,full_cost_net,ok,reference,relaxed,True,0.7623263000000001,0.706284,1.8685981197660435,8.667163274415893,7.809081402190351,1.8043918511863142,-0.3128081374752185,6.12974186574744,False
orig,cpcv_06_08,cpcv,orig E1 capped,E1 capped,gross,ok,optimal,hard,True,0.7599685750000001,0.497178,1.0890169377578394,3.599241043878981,1.2533725929484305,1.2958576392133168,-0.3671593842093066,1.9680109319177954,False
orig,cpcv_06_08,cpcv,orig E1 capped,E1 capped,full_cost_net,ok,optimal,hard,True,0.7599685750000001,0.497178,0.9733635417007258,3.018795703722653,0.9456070295278491,1.2930162309646942,-0.4050014686886577,1.7413227429455604,False
orig,cpcv_06_08,cpcv,orig GM paper,GM paper,gross,ok,optimal,uncapped,False,,0.7983340000000001,1.6787003918918646,7.067634766942443,2.2352497503554996,0.9192984149747923,-0.17665692777901532,2.6602544416193954,False
orig,cpcv_06_08,cpcv,orig GM paper,GM paper,full_cost_net,ok,optimal,uncapped,False,,0.7983340000000001,-0.10070958465879123,-0.15881211426261088,-0.4323112546166207,1.0072887902729724,-0.3997268900519134,0.6238668415838541,False
orig,cpcv_06_08,cpcv,orig Equal premium capped,Equal premium capped,gross,ok,reference,relaxed,True,0.7599685750000001,0.698251,1.0022311799389652,3.688882958194444,1.2805774229124927,1.8807996167355485,-0.36603118354899,1.9877908347785733,False
orig,cpcv_06_08,cpcv,orig Equal premium capped,Equal premium capped,full_cost_net,ok,reference,relaxed,True,0.7599685750000001,0.698251,0.8682583943483037,2.9576393188962444,0.7755877405774818,1.8786677776935048,-0.41903988332866615,1.6135599837290993,False
orig,cpcv_06_08,cpcv,orig Equal risk capped,Equal risk capped,gross,ok,reference,relaxed,True,0.7599685750000001,0.698251,1.0022311799389652,3.688882958194444,1.2805774229124927,1.8807996167355485,-0.36603118354899,1.9877908347785733,False
orig,cpcv_06_08,cpcv,orig Equal risk capped,Equal risk capped,full_cost_net,ok,reference,relaxed,True,0.7599685750000001,0.698251,0.8682583943483037,2.9576393188962444,0.7755877405774818,1.8786677776935048,-0.41903988332866615,1.6135599837290993,False
orig,cpcv_06_09,cpcv,orig E1 capped,E1 capped,gross,ok,optimal,hard,True,0.7612123750000002,0.50737,1.2438077659950615,4.0232559775139185,1.4384973759967652,1.0454865692814734,-0.2119362241569943,2.1018509264523826,False
orig,cpcv_06_09,cpcv,orig E1 capped,E1 capped,full_cost_net,ok,optimal,hard,True,0.7612123750000002,0.50737,1.1132748576163654,3.412347188422511,1.1362429571434127,1.0419066149130745,-0.22158162007977866,1.8823868051961814,False
orig,cpcv_06_09,cpcv,orig GM paper,GM paper,gross,ok,optimal,uncapped,False,,0.849343,1.5217662296672776,6.559312094092029,1.9529460152472233,0.9691002194306261,-0.09867947499273955,2.4653557092964418,False
orig,cpcv_06_09,cpcv,orig GM paper,GM paper,full_cost_net,ok,optimal,uncapped,False,,0.849343,0.07953744812849316,0.13750834767965453,-0.25676768257588467,0.9116652158367331,-0.21601841899729957,0.7809151012575363,False
orig,cpcv_06_09,cpcv,orig Equal premium capped,Equal premium capped,gross,ok,reference,relaxed,True,0.7612123750000002,0.699188,1.076992842698081,4.411133832017074,1.64518943338186,1.842866973128485,-0.3005578481249638,2.2492996516052166,False
orig,cpcv_06_09,cpcv,orig Equal premium capped,Equal premium capped,full_cost_net,ok,reference,relaxed,True,0.7612123750000002,0.699188,0.9606270839681263,3.643267994119421,1.1450774843724285,1.8381425144268024,-0.31435621837840144,1.88887181799749,False
orig,cpcv_06_09,cpcv,orig Equal risk capped,Equal risk capped,gross,ok,reference,relaxed,True,0.7612123750000002,0.699188,1.076992842698081,4.411133832017074,1.64518943338186,1.842866973128485,-0.3005578481249638,2.2492996516052166,False
orig,cpcv_06_09,cpcv,orig Equal risk capped,Equal risk capped,full_cost_net,ok,reference,relaxed,True,0.7612123750000002,0.699188,0.9606270839681263,3.643267994119421,1.1450774843724285,1.8381425144268024,-0.31435621837840144,1.88887181799749,False
orig,cpcv_06_10,cpcv,orig E1 capped,E1 capped,gross,ok,optimal,hard,True,0.7628027249999999,0.507433,0.825998219843405,2.069320557742422,0.5692234154257054,1.2614325970074272,-0.4435190812739912,1.4556958702130467,False
orig,cpcv_06_10,cpcv,orig E1 capped,E1 capped,full_cost_net,ok,optimal,hard,True,0.7628027249999999,0.507433,0.7187675901258809,1.7179569179512655,0.3687088543851318,1.2590307029754197,-0.46073047763309216,1.2989503880038944,False
orig,cpcv_06_10,cpcv,orig GM paper,GM paper,gross,ok,optimal,uncapped,False,,0.9360919999999999,1.1959662467558285,2.8701765051219743,1.1705764570475288,1.0197832128714939,-0.41984035423218047,1.9075645376525947,False
orig,cpcv_06_10,cpcv,orig GM paper,GM paper,full_cost_net,ok,optimal,uncapped,False,,0.9360919999999999,-0.6422373553967704,-0.8063991162545492,-0.8622289155951087,1.3065741157163229,-0.5177193787396225,0.19170424538489347,False
orig,cpcv_06_10,cpcv,orig Equal premium capped,Equal premium capped,gross,ok,reference,relaxed,True,0.7628027249999999,0.701671,0.5594660831490516,1.4431162366714134,-0.15152678049273482,2.0027966763780127,-0.6258066697123785,0.872030716102863,False
orig,cpcv_06_10,cpcv,orig Equal premium capped,Equal premium capped,full_cost_net,ok,reference,relaxed,True,0.7628027249999999,0.701671,0.4528480071562695,1.1138081275576808,-0.327759431709188,1.9970712828761654,-0.6460391229914477,0.7182416703556224,False
orig,cpcv_06_10,cpcv,orig Equal risk capped,Equal risk capped,gross,ok,reference,relaxed,True,0.7628027249999999,0.701671,0.5594660831490516,1.4431162366714134,-0.15152678049273482,2.0027966763780127,-0.6258066697123785,0.872030716102863,False
orig,cpcv_06_10,cpcv,orig Equal risk capped,Equal risk capped,full_cost_net,ok,reference,relaxed,True,0.7628027249999999,0.701671,0.4528480071562695,1.1138081275576808,-0.327759431709188,1.9970712828761654,-0.6460391229914477,0.7182416703556224,False
orig,cpcv_06_11,cpcv,orig E1 capped,E1 capped,gross,ok,optimal,hard,True,0.8975642249999999,0.55308,0.8809296810241711,2.960185673329382,0.7397260633031004,1.639950449781729,-0.5244632108665646,1.5863562530860833,False
orig,cpcv_06_11,cpcv,orig E1 capped,E1 capped,full_cost_net,ok,optimal,hard,True,0.8975642249999999,0.55308,0.7873417010411942,2.4617229617847936,0.4883449981024366,1.6360671995833944,-0.5507546785859369,1.3928991612960029,False
orig,cpcv_06_11,cpcv,orig GM paper,GM paper,gross,ok,optimal,uncapped,False,,0.9950379999999999,1.0794632296203508,3.4309634508826106,1.2375186466507633,1.5027758227746213,-0.5282300426865387,1.956465614209489,False
orig,cpcv_06_11,cpcv,orig GM paper,GM paper,full_cost_net,ok,optimal,uncapped,False,,0.9950379999999999,-1.0647608367925325,-1.0847240250601726,-1.0,6.090350699631738,-1.0,0.0,True
orig,cpcv_06_11,cpcv,orig Equal premium capped,Equal premium capped,gross,ok,reference,relaxed,True,0.8975642249999999,0.820748,0.8640106897248624,3.2440442820684856,0.44971508530878346,2.6915445098254427,-0.6572670098849699,1.362706147274353,False
orig,cpcv_06_11,cpcv,orig Equal premium capped,Equal premium capped,full_cost_net,ok,reference,relaxed,True,0.8975642249999999,0.820748,0.6951012491431922,2.3735662122905636,-0.08364861646429911,2.690149075970077,-0.7176257833515987,0.9297903473969894,False
orig,cpcv_06_11,cpcv,orig Equal risk capped,Equal risk capped,gross,ok,reference,relaxed,True,0.8975642249999999,0.8242130000000001,0.9092301142736435,3.463317521755742,0.6278741100578442,2.6647690424173622,-0.6649441929351837,1.5008962762716331,False
orig,cpcv_06_11,cpcv,orig Equal risk capped,Equal risk capped,full_cost_net,ok,reference,relaxed,True,0.8975642249999999,0.8242130000000001,0.8036574174787824,2.823257390181829,0.21329931024505688,2.6583276142103043,-0.7020886821726131,1.1748253046517247,False
orig,cpcv_07_08,cpcv,orig E1 capped,E1 capped,gross,ok,optimal,hard,True,0.768366575,0.514787,1.8875720450937612,6.822478437319386,3.0532524724960686,0.9754269336693294,-0.33926812449357957,3.209985324664937,False
orig,cpcv_07_08,cpcv,orig E1 capped,E1 capped,full_cost_net,ok,optimal,hard,True,0.768366575,0.514787,1.6785802033234323,5.556632365806859,2.3698829046127465,0.9773131701011435,-0.36805486026801326,2.7521937780535266,False
orig,cpcv_07_08,cpcv,orig GM paper,GM paper,gross,ok,optimal,uncapped,False,,1.0007599999999999,1.683167162132217,4.931402664238021,1.8834742226560142,0.8094721718497652,-0.263914523099401,2.4169262269647915,False
orig,cpcv_07_08,cpcv,orig GM paper,GM paper,full_cost_net,ok,optimal,uncapped,False,,1.0007599999999999,-0.787239754538332,-0.9291578558682901,-0.9027156849923506,1.3006883105341744,-0.7054093662249652,0.14345059516250033,False
orig,cpcv_07_08,cpcv,orig Equal premium capped,Equal premium capped,gross,ok,reference,relaxed,True,0.768366575,0.70591,2.0036912683134904,6.257108138487413,5.01375076999572,1.2772727344675032,-0.3800680074652345,4.459517315981378,False
orig,cpcv_07_08,cpcv,orig Equal premium capped,Equal premium capped,full_cost_net,ok,reference,relaxed,True,0.768366575,0.70591,1.7747248392418282,5.017792068455304,3.623935236288272,1.2811146187511482,-0.43286423497411686,3.5824195988987375,False
orig,cpcv_07_08,cpcv,orig Equal risk capped,Equal risk capped,gross,ok,reference,relaxed,True,0.768366575,0.70591,2.0036912683134904,6.257108138487413,5.01375076999572,1.2772727344675032,-0.3800680074652345,4.459517315981378,False
orig,cpcv_07_08,cpcv,orig Equal risk capped,Equal risk capped,full_cost_net,ok,reference,relaxed,True,0.768366575,0.70591,1.7747248392418282,5.017792068455304,3.623935236288272,1.2811146187511482,-0.43286423497411686,3.5824195988987375,False
orig,cpcv_07_09,cpcv,orig E1 capped,E1 capped,gross,ok,optimal,hard,True,0.764430075,0.512991,2.528027429400877,8.658467129662313,3.5847016491613752,0.7254698387605535,-0.19239627990175723,3.5570712621421423,False
orig,cpcv_07_09,cpcv,orig E1 capped,E1 capped,full_cost_net,ok,optimal,hard,True,0.764430075,0.512991,2.2489726469297397,7.091075165745163,2.8462431045585097,0.7297254851063866,-0.20485368530630632,3.0727739254131707,False
orig,cpcv_07_09,cpcv,orig GM paper,GM paper,gross,ok,optimal,uncapped,False,,1.000969,2.240158362292702,14.185494951806056,3.7607461376536255,0.8535866465247663,-0.11531098378735549,3.670533452124538,False
orig,cpcv_07_09,cpcv,orig GM paper,GM paper,full_cost_net,ok,optimal,uncapped,False,,1.000969,-0.27377937624269094,-0.3775353584072105,-0.7190881221665701,1.2685007390250578,-0.5555043954704715,0.3471163622426531,False
orig,cpcv_07_09,cpcv,orig Equal premium capped,Equal premium capped,gross,ok,reference,relaxed,True,0.764430075,0.701244,2.1939532545085445,8.21052884449671,5.88910865114984,1.2003231397560206,-0.21539238821558937,4.994237545027614,False
orig,cpcv_07_09,cpcv,orig Equal premium capped,Equal premium capped,full_cost_net,ok,reference,relaxed,True,0.764430075,0.701244,1.9891232234859484,6.619023757687917,4.5223536342679935,1.1979096287814186,-0.2419641895770107,4.153716436482722,False
orig,cpcv_07_09,cpcv,orig Equal risk capped,Equal risk capped,gross,ok,reference,relaxed,True,0.764430075,0.701244,2.1939532545085445,8.21052884449671,5.88910865114984,1.2003231397560206,-0.21539238821558937,4.994237545027614,False
orig,cpcv_07_09,cpcv,orig Equal risk capped,Equal risk capped,full_cost_net,ok,reference,relaxed,True,0.764430075,0.701244,1.9891232234859484,6.619023757687917,4.5223536342679935,1.1979096287814186,-0.2419641895770107,4.153716436482722,False
orig,cpcv_07_10,cpcv,orig E1 capped,E1 capped,gross,ok,optimal,hard,True,0.7640458000000001,0.5194570000000001,1.4754935176489528,3.3745928806901113,1.757040344730083,1.0112595662092845,-0.4558321697573946,2.3282838968366946,False
orig,cpcv_07_10,cpcv,orig E1 capped,E1 capped,full_cost_net,ok,optimal,hard,True,0.7640458000000001,0.5194570000000001,1.284686840703625,2.7871786111349244,1.2995708136236948,1.0143052295953803,-0.4734750732656384,2.001577098280387,False
orig,cpcv_07_10,cpcv,orig GM paper,GM paper,gross,ok,optimal,uncapped,False,,1.005864,1.8448568813945019,4.503017694783993,2.3508066159874246,0.8510335821621824,-0.39902759033161594,2.739204586765328,False
orig,cpcv_07_10,cpcv,orig GM paper,GM paper,full_cost_net,ok,optimal,uncapped,False,,1.005864,-0.27947442659177374,-0.39174416883867946,-0.6187198816222288,1.1299113757516233,-0.47512260353779534,0.44775124269172634,False
orig,cpcv_07_10,cpcv,orig Equal premium capped,Equal premium capped,gross,ok,reference,relaxed,True,0.7640458000000001,0.70302,1.2240862291145898,2.5478455084692824,1.2745498852192516,1.4553026089250825,-0.6195407038815407,1.983411780857045,False
orig,cpcv_07_10,cpcv,orig Equal premium capped,Equal premium capped,full_cost_net,ok,reference,relaxed,True,0.7640458000000001,0.70302,1.059957180132007,2.096331676489776,0.7882317858813432,1.4504923817339208,-0.6400234037221731,1.6231295155258485,False
orig,cpcv_07_10,cpcv,orig Equal risk capped,Equal risk capped,gross,ok,reference,relaxed,True,0.7640458000000001,0.70302,1.2240862291145898,2.5478455084692824,1.2745498852192516,1.4553026089250825,-0.6195407038815407,1.983411780857045,False
orig,cpcv_07_10,cpcv,orig Equal risk capped,Equal risk capped,full_cost_net,ok,reference,relaxed,True,0.7640458000000001,0.70302,1.059957180132007,2.096331676489776,0.7882317858813432,1.4504923817339208,-0.6400234037221731,1.6231295155258485,False
orig,cpcv_07_11,cpcv,orig E1 capped,E1 capped,gross,ok,optimal,hard,True,0.8968132000000001,0.5699390000000001,1.523439177124277,4.826904187073555,2.3130157399385562,1.1236228977664962,-0.5006825183373547,2.713436000241717,False
orig,cpcv_07_11,cpcv,orig E1 capped,E1 capped,full_cost_net,ok,optimal,hard,True,0.8968132000000001,0.5699390000000001,1.3622079909331901,3.985451140229797,1.7814219739291839,1.1131196433346338,-0.528872785127746,2.3454295965740934,False
orig,cpcv_07_11,cpcv,orig GM paper,GM paper,gross,ok,optimal,uncapped,False,,0.9928440000000002,1.534143639595767,4.259959172571044,2.473707305671215,1.2341313286106113,-0.5760429113111778,2.8226759201236282,False
orig,cpcv_07_11,cpcv,orig GM paper,GM paper,full_cost_net,ok,optimal,uncapped,False,,0.9928440000000002,-0.5927940704041925,-0.8463447986659851,-0.8608661871612528,1.4646588054636913,-0.7597390317979138,0.19328311029372766,False
orig,cpcv_07_11,cpcv,orig Equal premium capped,Equal premium capped,gross,ok,reference,relaxed,True,0.8968132000000001,0.8185359999999999,1.5498006281781016,5.694507439639235,4.574406405556732,1.9447957740739854,-0.6468011625279435,4.1863177591429235,False
orig,cpcv_07_11,cpcv,orig Equal premium capped,Equal premium capped,full_cost_net,ok,reference,relaxed,True,0.8968132000000001,0.8185359999999999,1.3753709037284816,4.590873669998635,3.052580710017107,1.9441449833357194,-0.6961662415647543,3.2095419816341675,False
orig,cpcv_07_11,cpcv,orig Equal risk capped,Equal risk capped,gross,ok,reference,relaxed,True,0.8968132000000001,0.819046,1.5280050003549708,5.432247442910194,4.1892111087165596,1.8886250310010595,-0.6532731427833994,3.943826334259253,False
orig,cpcv_07_11,cpcv,orig Equal risk capped,Equal risk capped,full_cost_net,ok,reference,relaxed,True,0.8968132000000001,0.819046,1.3772006859143613,4.510562290549456,2.962914797041938,1.8820073655283172,-0.6912717774303676,3.150254296537188,False
orig,cpcv_08_09,cpcv,orig E1 capped,E1 capped,gross,ok,optimal,hard,True,0.7673252,0.5051460000000001,0.9134341413640897,2.4001213045195877,0.6522642764293769,0.8866202770936564,-0.19878124696074773,1.519612745865991,False
orig,cpcv_08_09,cpcv,orig E1 capped,E1 capped,full_cost_net,ok,optimal,hard,True,0.7673252,0.5051460000000001,0.7576422643799428,1.8558205952386961,0.44114316888932437,0.8846455152567956,-0.21155303407259252,1.355988291560473,False
orig,cpcv_08_09,cpcv,orig GM paper,GM paper,gross,ok,optimal,uncapped,False,,0.81523,1.5213838957628298,6.836240003346343,2.0047884666341687,0.9687277694004846,-0.08194584311046615,2.5013718209523312,False
orig,cpcv_08_09,cpcv,orig GM paper,GM paper,full_cost_net,ok,optimal,uncapped,False,,0.81523,0.515045668787863,1.2317170764638063,0.16035891956051973,0.9310313943549924,-0.17584068476020986,1.1319492450283168,False
orig,cpcv_08_09,cpcv,orig Equal premium capped,Equal premium capped,gross,ok,reference,relaxed,True,0.7673252,0.7012769999999999,0.7451922645081773,1.8041810720939315,0.41447436332665655,1.209404244305639,-0.3203208429663539,1.335044987118419,False
orig,cpcv_08_09,cpcv,orig Equal premium capped,Equal premium capped,full_cost_net,ok,reference,relaxed,True,0.7673252,0.7012769999999999,0.558819031644013,1.2456754167213684,0.12209563059699002,1.2132217014896738,-0.3367670241142119,1.1007572621717236,False
orig,cpcv_08_09,cpcv,orig Equal risk capped,Equal risk capped,gross,ok,reference,relaxed,True,0.7673252,0.7012769999999999,0.7451922645081773,1.8041810720939315,0.41447436332665655,1.209404244305639,-0.3203208429663539,1.335044987118419,False
orig,cpcv_08_09,cpcv,orig Equal risk capped,Equal risk capped,full_cost_net,ok,reference,relaxed,True,0.7673252,0.7012769999999999,0.558819031644013,1.2456754167213684,0.12209563059699002,1.2132217014896738,-0.3367670241142119,1.1007572621717236,False
orig,cpcv_08_10,cpcv,orig E1 capped,E1 capped,gross,ok,optimal,hard,True,0.7663103,0.5080450000000001,0.4438955187618156,0.9377875035354367,0.018764243255755986,1.0863457330469302,-0.4478377316315293,1.0156125948443695,False
orig,cpcv_08_10,cpcv,orig E1 capped,E1 capped,full_cost_net,ok,optimal,hard,True,0.7663103,0.5080450000000001,0.3179213959996529,0.6367046780175382,-0.11652587769924128,1.0859493720901416,-0.46525596023763527,0.9019065223682662,False
orig,cpcv_08_10,cpcv,orig GM paper,GM paper,gross,ok,optimal,uncapped,False,,0.84367,0.9345581385946522,1.7653387268766085,0.5711973196725144,0.7646218980749647,-0.4463172851912267,1.4572216266148077,False
orig,cpcv_08_10,cpcv,orig GM paper,GM paper,full_cost_net,ok,optimal,uncapped,False,,0.84367,0.10716597840217762,0.16719973144527522,-0.17625196024641676,0.7837406647308853,-0.5094106288505156,0.8508023127308006,False
orig,cpcv_08_10,cpcv,orig Equal premium capped,Equal premium capped,gross,ok,reference,relaxed,True,0.7663103,0.703728,-0.0055161901860687765,-0.009330810993888177,-0.55024506754547,1.3426027043983153,-0.6196873925879471,0.513822690790578,False
orig,cpcv_08_10,cpcv,orig Equal premium capped,Equal premium capped,full_cost_net,ok,reference,relaxed,True,0.7663103,0.703728,-0.1670488101088624,-0.2687414116810065,-0.650627186595947,1.3454625184276572,-0.6404653195363887,0.41630112958025267,False
orig,cpcv_08_10,cpcv,orig Equal risk capped,Equal risk capped,gross,ok,reference,relaxed,True,0.7663103,0.703728,-0.0055161901860687765,-0.009330810993888177,-0.55024506754547,1.3426027043983153,-0.6196873925879471,0.513822690790578,False
orig,cpcv_08_10,cpcv,orig Equal risk capped,Equal risk capped,full_cost_net,ok,reference,relaxed,True,0.7663103,0.703728,-0.1670488101088624,-0.2687414116810065,-0.650627186595947,1.3454625184276572,-0.6404653195363887,0.41630112958025267,False
orig,cpcv_08_11,cpcv,orig E1 capped,E1 capped,gross,ok,optimal,hard,True,0.897593025,0.556912,1.1401643218533477,3.965279092362441,1.3572460671955846,1.2626023682649024,-0.4892355351394282,2.043324927485279,False
orig,cpcv_08_11,cpcv,orig E1 capped,E1 capped,full_cost_net,ok,optimal,hard,True,0.897593025,0.556912,1.0185145907793252,3.280100422688544,1.0283625375229755,1.256306481463256,-0.5167728154592615,1.8028294784066132,False
orig,cpcv_08_11,cpcv,orig GM paper,GM paper,gross,ok,optimal,uncapped,False,,0.995061,0.6864127424628425,1.6805343235639996,0.32032325353416513,1.2580495984994104,-0.6068263332927947,1.260569785820837,False
orig,cpcv_08_11,cpcv,orig GM paper,GM paper,full_cost_net,ok,optimal,uncapped,False,,0.995061,-1.3874744228240898,-1.6333761467827335,-0.9665240444612626,1.4009565965912254,-0.8738516422699446,0.05896724242077908,False
orig,cpcv_08_11,cpcv,orig Equal premium capped,Equal premium capped,gross,ok,reference,relaxed,True,0.897593025,0.821028,0.808716580595795,2.6278949276704138,0.4962419994632228,2.0448040766651046,-0.643460759419715,1.3990552569242838,False
orig,cpcv_08_11,cpcv,orig Equal premium capped,Equal premium capped,full_cost_net,ok,reference,relaxed,True,0.897593025,0.821028,0.6217265035019031,1.8220193192466967,0.005859957757055501,2.0458553375657242,-0.6950609152934575,1.0048809188879666,False
orig,cpcv_08_11,cpcv,orig Equal risk capped,Equal risk capped,gross,ok,reference,relaxed,True,0.897593025,0.8185180000000001,0.8456588438041894,2.7040741066697103,0.5967374330876334,1.9913286494082718,-0.6521798421534732,1.4769345689495244,False
orig,cpcv_08_11,cpcv,orig Equal risk capped,Equal risk capped,full_cost_net,ok,reference,relaxed,True,0.897593025,0.8185180000000001,0.6983315803003303,2.0354868181431507,0.17723675046115073,1.9874232417137994,-0.6907399837459568,1.145653209350616,False
orig,cpcv_09_10,cpcv,orig E1 capped,E1 capped,gross,ok,optimal,hard,True,0.7773943250000002,0.5061370000000001,0.5338463597612724,0.9740752051870522,0.13806250340155835,0.8943298014001684,-0.4508447772457408,1.1137945679092076,False
orig,cpcv_09_10,cpcv,orig E1 capped,E1 capped,full_cost_net,ok,optimal,hard,True,0.7773943250000002,0.5061370000000001,0.3896544591417223,0.6783729577354702,-0.003537687500553277,0.8960458827175699,-0.4678698481470992,0.9970510567714855,False
orig,cpcv_09_10,cpcv,orig GM paper,GM paper,gross,ok,optimal,uncapped,False,,0.94469,1.2550527179602693,3.082209863415785,1.3898885707478779,1.0662221589102263,-0.47928395173064386,2.06687737007621,False
orig,cpcv_09_10,cpcv,orig GM paper,GM paper,full_cost_net,ok,optimal,uncapped,False,,0.94469,0.35123820827805385,0.636265998951662,-0.07404099392747276,1.0040815898086453,-0.5735878893756297,0.9379070493959996,False
orig,cpcv_09_10,cpcv,orig Equal premium capped,Equal premium capped,gross,ok,reference,relaxed,True,0.7773943250000002,0.7108590000000001,0.10629712131006895,0.18430980952677617,-0.4726812516521728,1.3343883486235348,-0.6313844205212754,0.586670625622164,False
orig,cpcv_09_10,cpcv,orig Equal premium capped,Equal premium capped,full_cost_net,ok,reference,relaxed,True,0.7773943250000002,0.7108590000000001,-0.03268322647723396,-0.054116063585601074,-0.574546374047291,1.3368353018851575,-0.666890864628165,0.4905803978536831,False
orig,cpcv_09_10,cpcv,orig Equal risk capped,Equal risk capped,gross,ok,reference,relaxed,True,0.7773943250000002,0.7108590000000001,0.10629712131006895,0.18430980952677617,-0.4726812516521728,1.3343883486235348,-0.6313844205212754,0.586670625622164,False
orig,cpcv_09_10,cpcv,orig Equal risk capped,Equal risk capped,full_cost_net,ok,reference,relaxed,True,0.7773943250000002,0.7108590000000001,-0.03268322647723396,-0.054116063585601074,-0.574546374047291,1.3368353018851575,-0.666890864628165,0.4905803978536831,False
orig,cpcv_09_11,cpcv,orig E1 capped,E1 capped,gross,ok,optimal,hard,True,0.8974293750000001,0.5684720000000001,0.7783952645081583,3.046993792258966,0.5756045215824137,1.4427474904625215,-0.5086482292910326,1.4606270817451554,False
orig,cpcv_09_11,cpcv,orig E1 capped,E1 capped,full_cost_net,ok,optimal,hard,True,0.8974293750000001,0.5684720000000001,0.6759963592332384,2.4245390693291635,0.35827016083420093,1.439167563180567,-0.542108076528927,1.2906895683370267,False
orig,cpcv_09_11,cpcv,orig GM paper,GM paper,gross,ok,optimal,uncapped,False,,0.993823,0.772079547613562,2.5391238467653805,0.49289501666061497,1.7320475399082726,-0.6188673457977423,1.3964467843113393,False
orig,cpcv_09_11,cpcv,orig GM paper,GM paper,full_cost_net,ok,optimal,uncapped,False,,0.993823,-1.7643407271478408,-1.9493391501857797,-0.9891331413809409,1.5154588204440262,-0.9830644317358785,0.023089791645166956,False
orig,cpcv_09_11,cpcv,orig Equal premium capped,Equal premium capped,gross,ok,reference,relaxed,True,0.8974293750000001,0.821499,0.6670412030108823,2.4002848384173046,0.0809202918769687,2.27929730895276,-0.7313980478418138,1.0669925609116806,False
orig,cpcv_09_11,cpcv,orig Equal premium capped,Equal premium capped,full_cost_net,ok,reference,relaxed,True,0.8974293750000001,0.821499,0.5409931243257742,1.7692725629833446,-0.20962260048500925,2.2811795765099134,-0.7753945278716428,0.8219815970116433,False
orig,cpcv_09_11,cpcv,orig Equal risk capped,Equal risk capped,gross,ok,reference,relaxed,True,0.8974293750000001,0.8229489999999999,0.6861853977665279,2.475441021302489,0.15296114947463746,2.210332723923189,-0.7177691954962497,1.1259321698261755,False
orig,cpcv_09_11,cpcv,orig Equal risk capped,Equal risk capped,full_cost_net,ok,reference,relaxed,True,0.8974293750000001,0.8229489999999999,0.5755681164593203,1.9073159131304365,-0.11295542956424642,2.2072229709944984,-0.7543298649071251,0.9049429512935179,False
orig,cpcv_10_11,cpcv,orig E1 capped,E1 capped,gross,ok,optimal,hard,True,0.6606113,0.525492,0.19512404952643056,0.43528687515417847,-0.18790857306432385,1.0506510394126647,-0.6223036155897084,0.8407575412976814,False
orig,cpcv_10_11,cpcv,orig E1 capped,E1 capped,full_cost_net,ok,optimal,hard,True,0.6606113,0.525492,0.049639416980670946,0.10377603501401152,-0.3085431566314042,1.0508666281504007,-0.6564623301662698,0.7353107230455251,False
orig,cpcv_10_11,cpcv,orig GM paper,GM paper,gross,ok,optimal,uncapped,False,,1.005544,-0.21035575061319922,-0.3868548907272887,-0.43384977799254176,0.9523845961438806,-0.6948235380550328,0.6224575441907837,False
orig,cpcv_10_11,cpcv,orig GM paper,GM paper,full_cost_net,ok,optimal,uncapped,False,,1.005544,-1.0040833166402678,-1.2825679774779815,-0.8416406169807102,1.0872699965394108,-0.8732184991681099,0.21529626757689285,False
orig,cpcv_10_11,cpcv,orig Equal premium capped,Equal premium capped,gross,ok,reference,relaxed,True,0.6606113,0.603916,0.10429793777041475,0.2312412224682058,-0.4639245455009702,1.472003482663849,-0.7541834582630532,0.5947780536606004,False
orig,cpcv_10_11,cpcv,orig Equal premium capped,Equal premium capped,full_cost_net,ok,reference,relaxed,True,0.6606113,0.603916,-0.015306387222923034,-0.032076683107876966,-0.5590356659160761,1.4702265107158528,-0.7813271981901302,0.5054399361524161,False
orig,cpcv_10_11,cpcv,orig Equal risk capped,Equal risk capped,gross,ok,reference,relaxed,True,0.6606113,0.602796,0.10641313616579233,0.2337690419951249,-0.45430477133153524,1.450053459135868,-0.7516740082166107,0.6036591628274879,False
orig,cpcv_10_11,cpcv,orig Equal risk capped,Equal risk capped,full_cost_net,ok,reference,relaxed,True,0.6606113,0.602796,-0.015013248394156615,-0.031168277624717758,-0.5510215284552165,1.4484873484338503,-0.7790918774674984,0.513083360988346,False
orig+VIX,kfold_00,kfold,orig+VIX E1 capped,E1 capped,gross,ok,optimal,hard,False,1.0681428,0.816385,0.3733668232020156,1.0630021832039802,-0.2204590752074168,1.7673936856591823,-0.47151193335575636,0.9014318178844621,False
orig+VIX,kfold_00,kfold,orig+VIX E1 capped,E1 capped,full_cost_net,ok,optimal,hard,False,1.0681428,0.816385,0.21167219329506384,0.547298908141793,-0.4292149178270056,1.7655432116551355,-0.505028422522748,0.7916446039395488,False
orig+VIX,kfold_00,kfold,orig+VIX GM paper,GM paper,gross,ok,optimal,uncapped,False,,1.0009940000000002,0.16106511455479453,0.3900245863998316,-0.23618166539729402,1.181407509024438,-0.3598008706342667,0.8938113520526538,False
orig+VIX,kfold_00,kfold,orig+VIX GM paper,GM paper,full_cost_net,ok,optimal,uncapped,False,,1.0009940000000002,-0.36429123954857406,-0.6666411386236646,-0.5909863277963032,1.1296761953836958,-0.43315826877683816,0.689007729474217,False
orig+VIX,kfold_00,kfold,orig+VIX Equal premium capped,Equal premium capped,gross,ok,reference,hard,False,1.0681428,0.974686,-0.9001635024502977,-1.4073117268758766,-0.9200064667390621,1.5951956237072022,-0.5773900132865222,0.34909170808282997,False
orig+VIX,kfold_00,kfold,orig+VIX Equal premium capped,Equal premium capped,full_cost_net,ok,reference,hard,False,1.0681428,0.974686,-1.1077388068170426,-1.5998677982869078,-0.948396258783845,1.5936308560730699,-0.6129161252525915,0.29081524014177745,False
orig+VIX,kfold_00,kfold,orig+VIX Equal risk capped,Equal risk capped,gross,ok,reference,hard,False,1.0681428,0.974805,-0.8762612277354678,-1.3902928117566522,-0.909825745286511,1.569010080191589,-0.5610917957373436,0.3669591608469885,False
orig+VIX,kfold_00,kfold,orig+VIX Equal risk capped,Equal risk capped,full_cost_net,ok,reference,hard,False,1.0681428,0.974805,-1.0865004968758873,-1.5882938635572263,-0.9413020037741173,1.5669491906828017,-0.5965951804715569,0.30685016771618534,False
orig+VIX,kfold_01,kfold,orig+VIX E1 capped,E1 capped,gross,ok,optimal,hard,False,1.06822175,0.836281,0.7945629085112879,2.136957465029405,0.5727665344909729,1.182178963085844,-0.4096097755273762,1.2076565508569548,False
orig+VIX,kfold_01,kfold,orig+VIX E1 capped,E1 capped,full_cost_net,ok,optimal,hard,False,1.06822175,0.836281,0.183288194853045,0.34242549612140605,-0.3464243438815666,1.3178771603054371,-0.5752059478440317,0.8376063185470753,False
orig+VIX,kfold_01,kfold,orig+VIX GM paper,GM paper,gross,ok,optimal,uncapped,False,,0.9948389999999999,2.4262175386726454,19.43122619730356,3.644296954019409,0.7520360231954353,-0.06061254977615438,1.8961964327569634,False
orig+VIX,kfold_01,kfold,orig+VIX GM paper,GM paper,full_cost_net,ok,optimal,uncapped,False,,0.9948389999999999,1.0682703508478075,3.0592036617150766,0.8960498285854159,0.8576347665246705,-0.2543681182573715,1.305481517737637,False
orig+VIX,kfold_01,kfold,orig+VIX Equal premium capped,Equal premium capped,gross,ok,reference,hard,False,1.06822175,0.977271,-1.6439934021584786,-1.8165144384978031,-0.9718281847554963,1.3504960607322034,-0.8080714614944653,0.225990151422577,False
orig+VIX,kfold_01,kfold,orig+VIX Equal premium capped,Equal premium capped,full_cost_net,ok,reference,hard,False,1.06822175,0.977271,-2.2223200993293135,-2.1892394223359055,-0.9903009864915312,1.3433853024587175,-0.8695272299124204,0.1449227228483663,False
orig+VIX,kfold_01,kfold,orig+VIX Equal risk capped,Equal risk capped,gross,ok,reference,hard,False,1.06822175,0.977891,-1.595520013218569,-1.7659971904467078,-0.9687547981261466,1.3430143872430627,-0.7977061613686438,0.23595348140093164,False
orig+VIX,kfold_01,kfold,orig+VIX Equal risk capped,Equal risk capped,full_cost_net,ok,reference,hard,False,1.06822175,0.977891,-2.196543141549301,-2.166761444386644,-0.9889163644559323,1.3230848827977149,-0.8607348278899287,0.15320899554477793,False
orig+VIX,kfold_02,kfold,orig+VIX E1 capped,E1 capped,gross,ok,optimal,hard,False,1.0682846750000001,0.8291130000000001,-0.28428426189870115,-0.44331470226021974,-0.2411186302388031,0.5459474662571828,-0.17684986580297513,0.8913996406359035,False
orig+VIX,kfold_02,kfold,orig+VIX E1 capped,E1 capped,full_cost_net,ok,optimal,hard,False,1.0682846750000001,0.8291130000000001,-0.8417693881734809,-1.1179816807116008,-0.4427641786981672,0.5385508881415003,-0.22301628114009642,0.7837596982451414,False
orig+VIX,kfold_02,kfold,orig+VIX GM paper,GM paper,gross,ok,optimal,uncapped,False,,0.997399,-2.0349926987003566,-1.992478638969285,-0.6854423230556683,0.49153723591251314,-0.2394209564006976,0.6176016586456621,False
orig+VIX,kfold_02,kfold,orig+VIX GM paper,GM paper,full_cost_net,ok,optimal,uncapped,False,,0.997399,-4.4883631052121125,-2.8508126386158676,-0.9713621216194201,0.6339796664973,-0.704204828154101,0.22754048712245023,False
orig+VIX,kfold_02,kfold,orig+VIX Equal premium capped,Equal premium capped,gross,ok,reference,hard,False,1.0682846750000001,0.974685,-4.298312444420163,-2.818379726410496,-0.993623986785193,0.8624827683006302,-0.791905409088252,0.12168269978284797,False
orig+VIX,kfold_02,kfold,orig+VIX Equal premium capped,Equal premium capped,full_cost_net,ok,reference,hard,False,1.0682846750000001,0.974685,-4.82305957153286,-2.9155940057742367,-0.9964680253628843,0.8460210202438312,-0.8226840628871896,0.09513507322324465,False
orig+VIX,kfold_02,kfold,orig+VIX Equal risk capped,Equal risk capped,gross,ok,reference,hard,False,1.0682846750000001,0.9747650000000001,-4.222189895264234,-2.801070409426246,-0.9933740148898166,0.8683865894873537,-0.7932589047311496,0.12364816905320078,False
orig+VIX,kfold_02,kfold,orig+VIX Equal risk capped,Equal risk capped,full_cost_net,ok,reference,hard,False,1.0682846750000001,0.9747650000000001,-4.830361153079023,-2.916425825145519,-0.9965424513725402,0.8453529338849612,-0.8273332700381847,0.09429459300243091,False
orig+VIX,kfold_03,kfold,orig+VIX E1 capped,E1 capped,gross,ok,optimal,hard,False,1.056188775,0.835236,1.0195470365096087,2.6091429676426565,0.40649201238863,0.3981009619827992,-0.13247772530110657,1.1527200907574746,False
orig+VIX,kfold_03,kfold,orig+VIX E1 capped,E1 capped,full_cost_net,ok,optimal,hard,False,1.056188775,0.835236,0.31046531028000435,0.6118407270031238,0.06425359768201155,0.38151915750520554,-0.1728451347215214,1.02628694135607,False
orig+VIX,kfold_03,kfold,orig+VIX GM paper,GM paper,gross,ok,optimal,uncapped,False,,0.997396,1.9469595907332422,6.171663879322908,0.7865105290011687,0.3263520255857994,-0.08027968695056453,1.2735098988805917,False
orig+VIX,kfold_03,kfold,orig+VIX GM paper,GM paper,full_cost_net,ok,optimal,uncapped,False,,0.997396,-3.66383450978296,-2.6450815759277333,-0.9370298354283778,0.6149161573187856,-0.6051744481109472,0.31596538856652157,False
orig+VIX,kfold_03,kfold,orig+VIX Equal premium capped,Equal premium capped,gross,ok,reference,hard,False,1.056188775,0.972013,-3.534049667143382,-2.604775267878805,-0.9729202089604431,0.7831053276808984,-0.7729832514980708,0.22229799484902982,False
orig+VIX,kfold_03,kfold,orig+VIX Equal premium capped,Equal premium capped,full_cost_net,ok,reference,hard,False,1.056188775,0.972013,-3.9429075093227905,-2.723756439298392,-0.9832826339297923,0.7858458378387637,-0.8082186828466852,0.18182486420999897,False
orig+VIX,kfold_03,kfold,orig+VIX Equal risk capped,Equal risk capped,gross,ok,reference,hard,False,1.056188775,0.972093,-3.38657044172852,-2.555819765801771,-0.9708311697420511,0.7977386157743027,-0.7658248762282174,0.22928884264032182,False
orig+VIX,kfold_03,kfold,orig+VIX Equal risk capped,Equal risk capped,full_cost_net,ok,reference,hard,False,1.056188775,0.972093,-3.7890542479904803,-2.6816731594319827,-0.9817592649708229,0.7988227701970934,-0.8012511749074592,0.1885533731245456,False
orig+VIX,kfold_04,kfold,orig+VIX E1 capped,E1 capped,gross,ok,optimal,hard,False,1.058391375,0.844778,5.349882621202493,,14.341490793262244,0.5926532879468563,0.0,3.119690316681767,False
orig+VIX,kfold_04,kfold,orig+VIX E1 capped,E1 capped,full_cost_net,ok,optimal,hard,False,1.058391375,0.844778,4.641177054543855,,10.219792061844071,0.6006983358869421,0.0,2.7383797214804435,False
orig+VIX,kfold_04,kfold,orig+VIX GM paper,GM paper,gross,ok,optimal,uncapped,False,,1.003427,2.979635664348914,13.020621261779073,4.6710414688709525,0.6802482747913274,-0.10048316027440563,2.0607541175049335,False
orig+VIX,kfold_04,kfold,orig+VIX GM paper,GM paper,full_cost_net,ok,optimal,uncapped,False,,1.003427,-1.3246409849309686,-1.467781194512366,-0.9532617122513949,1.3276695086326231,-0.8045295964937755,0.2790596204282642,False
orig+VIX,kfold_04,kfold,orig+VIX Equal premium capped,Equal premium capped,gross,ok,reference,hard,False,1.058391375,0.97458,0.7639613929323757,1.6268933949098772,0.4581197732798572,1.0191066612412103,-0.292939633591941,1.1701651679286176,False
orig+VIX,kfold_04,kfold,orig+VIX Equal premium capped,Equal premium capped,full_cost_net,ok,reference,hard,False,1.058391375,0.97458,0.3617592544871551,0.6680853309157727,-0.032943977972759164,0.9993067056023406,-0.32343137700454816,0.9861391044814315,False
orig+VIX,kfold_04,kfold,orig+VIX Equal risk capped,Equal risk capped,gross,ok,reference,hard,False,1.058391375,0.9732990000000001,0.41521337427983074,0.8239742740491839,0.03905045243370919,0.9966092416895174,-0.28129907476841154,1.0160894253166242,False
orig+VIX,kfold_04,kfold,orig+VIX Equal risk capped,Equal risk capped,full_cost_net,ok,reference,hard,False,1.058391375,0.9732990000000001,-0.008272054727016689,-0.014051833873640394,-0.32065144375471033,0.9735650498058314,-0.3117216972644281,0.8512137042292997,False
orig+VIX,kfold_05,kfold,orig+VIX E1 capped,E1 capped,gross,ok,optimal,hard,False,1.048036775,0.8197340000000001,0.21167885617822774,0.3609333799155141,-0.3745194658360216,1.366409618395679,-0.3651682712621732,0.822411325990637,False
orig+VIX,kfold_05,kfold,orig+VIX E1 capped,E1 capped,full_cost_net,ok,optimal,hard,False,1.048036775,0.8197340000000001,-0.003561986354010559,-0.005696197140904773,-0.5506037200669499,1.3664931084647958,-0.38969882701660863,0.7165760363260951,False
orig+VIX,kfold_05,kfold,orig+VIX GM paper,GM paper,gross,ok,optimal,uncapped,False,,1.002248,0.2925080177916587,0.6164057206093421,-0.06519893035571844,1.009943665487412,-0.21725480737527758,0.9722986146075474,False
orig+VIX,kfold_05,kfold,orig+VIX GM paper,GM paper,full_cost_net,ok,optimal,uncapped,False,,1.002248,-1.1429561207556538,-1.4199667898443276,-0.7318142568366386,0.8352585386608806,-0.3307122725115591,0.5778940232327919,False
orig+VIX,kfold_05,kfold,orig+VIX Equal premium capped,Equal premium capped,gross,ok,reference,hard,False,1.048036775,0.97106,-0.07533045743652701,-0.12864763452529954,-0.6519779822553815,1.5110086375340237,-0.48297567387589924,0.6441734190247571,False
orig+VIX,kfold_05,kfold,orig+VIX Equal premium capped,Equal premium capped,full_cost_net,ok,reference,hard,False,1.048036775,0.97106,-0.3074039590077672,-0.4855847692310394,-0.7737184334701468,1.5155387729420302,-0.5138936842235691,0.538398478125632,False
orig+VIX,kfold_05,kfold,orig+VIX Equal risk capped,Equal risk capped,gross,ok,reference,hard,False,1.048036775,0.9710990000000002,-0.05832753437651005,-0.10036521069735771,-0.6405235018097871,1.5105226707550468,-0.480610075745213,0.6529241153980663,False
orig+VIX,kfold_05,kfold,orig+VIX Equal risk capped,Equal risk capped,full_cost_net,ok,reference,hard,False,1.048036775,0.9710990000000002,-0.290682589464456,-0.4623484311105371,-0.7660053360945,1.5150952280303118,-0.5115426509665103,0.5459704622131683,False
orig+VIX,kfold_06,kfold,orig+VIX E1 capped,E1 capped,gross,ok,optimal,hard,False,1.0394370000000002,0.790213,1.922823524060508,19.215292261575627,8.093403011888054,1.6062496078335908,-0.10375280481190052,2.5088191130080695,False
orig+VIX,kfold_06,kfold,orig+VIX E1 capped,E1 capped,full_cost_net,ok,optimal,hard,False,1.0394370000000002,0.790213,1.7069817421150468,13.84594157767802,5.722252437914263,1.6047145907019527,-0.12770225366727017,2.2120647773431967,False
orig+VIX,kfold_06,kfold,orig+VIX GM paper,GM paper,gross,ok,optimal,uncapped,False,,0.9984510000000001,2.4806828419856597,13.802417129683032,4.10425146525394,0.7877278630169773,0.0,1.9722941771824025,False
orig+VIX,kfold_06,kfold,orig+VIX GM paper,GM paper,full_cost_net,ok,optimal,uncapped,False,,0.9984510000000001,-1.1014630966121495,-1.3297749668162648,-0.9645460200831023,1.4821068890609999,-0.7535921515664911,0.24871028642076032,False
orig+VIX,kfold_06,kfold,orig+VIX Equal premium capped,Equal premium capped,gross,ok,reference,hard,False,1.0394370000000002,0.972714,0.5328464705891962,1.6582161420820343,-0.46872327312325535,2.897705512719678,-0.5248173343436575,0.7683344918313227,False
orig+VIX,kfold_06,kfold,orig+VIX Equal premium capped,Equal premium capped,full_cost_net,ok,reference,hard,False,1.0394370000000002,0.972714,0.39132396430920535,1.124037479192726,-0.6738635786754652,2.894490758532656,-0.5521176845830267,0.6269742562243847,False
orig+VIX,kfold_06,kfold,orig+VIX Equal risk capped,Equal risk capped,gross,ok,reference,hard,False,1.0394370000000002,0.972714,0.5328464705891962,1.6582161420820343,-0.46872327312325535,2.897705512719678,-0.5248173343436575,0.7683344918313227,False
orig+VIX,kfold_06,kfold,orig+VIX Equal risk capped,Equal risk capped,full_cost_net,ok,reference,hard,False,1.0394370000000002,0.972714,0.39132396430920535,1.124037479192726,-0.6738635786754652,2.894490758532656,-0.5521176845830267,0.6269742562243847,False
orig+VIX,kfold_07,kfold,orig+VIX E1 capped,E1 capped,gross,ok,optimal,hard,False,1.04752605,0.8322230000000003,6.968050621670458,,28.802603988626633,0.5774817589437966,0.0,4.114078634562325,False
orig+VIX,kfold_07,kfold,orig+VIX E1 capped,E1 capped,full_cost_net,ok,optimal,hard,False,1.04752605,0.8322230000000003,5.980191926638355,,20.41050023438817,0.6024697567035631,0.0,3.5844938473655357,False
orig+VIX,kfold_07,kfold,orig+VIX GM paper,GM paper,gross,ok,optimal,uncapped,False,,1.002974,6.4760667048648175,,10.746253025337607,0.4320545999663454,0.0,2.791202828575391,False
orig+VIX,kfold_07,kfold,orig+VIX GM paper,GM paper,full_cost_net,ok,optimal,uncapped,False,,1.002974,-0.5667493936211678,-0.7818592537800508,-0.6885967871577452,1.08119948204444,-0.38714275094755035,0.6150134595756559,False
orig+VIX,kfold_07,kfold,orig+VIX Equal premium capped,Equal premium capped,gross,ok,reference,hard,False,1.04752605,0.977594,1.7046115041557168,4.800827602907957,4.207704624745725,1.5128646245520563,-0.3464619925706993,1.9888528094408606,False
orig+VIX,kfold_07,kfold,orig+VIX Equal premium capped,Equal premium capped,full_cost_net,ok,reference,hard,False,1.04752605,0.977594,1.3725846840438778,3.4147354909981993,2.2458558961347572,1.532960043049917,-0.3942234027254914,1.6332544413871752,False
orig+VIX,kfold_07,kfold,orig+VIX Equal risk capped,Equal risk capped,gross,ok,reference,hard,False,1.04752605,0.978984,1.672777500011572,4.711925897947562,4.019585083504175,1.51942177458937,-0.3478519925706993,1.9585962787193292,False
orig+VIX,kfold_07,kfold,orig+VIX Equal risk capped,Equal risk capped,full_cost_net,ok,reference,hard,False,1.04752605,0.978984,1.3414039292253301,3.3379244744455128,2.1184347633394522,1.539889387720267,-0.3957095382463238,1.6062270778613774,False
orig+VIX,kfold_08,kfold,orig+VIX E1 capped,E1 capped,gross,ok,optimal,hard,False,1.0506043250000001,0.8235080000000001,1.7119635622296785,13.264392555841033,4.827259106762699,1.4422607114140076,-0.08275261368920495,2.084219575219337,False
orig+VIX,kfold_08,kfold,orig+VIX E1 capped,E1 capped,full_cost_net,ok,optimal,hard,False,1.0506043250000001,0.8235080000000001,1.4533988758217593,7.915597856322282,3.1652524780853426,1.4498180121844266,-0.10760396024698238,1.8121072090036463,False
orig+VIX,kfold_08,kfold,orig+VIX GM paper,GM paper,gross,ok,optimal,uncapped,False,,1.0057980000000002,2.083895121789641,14.00078183113375,3.5363880941731445,0.891871241571003,-0.08568802031302325,1.8777131633222464,False
orig+VIX,kfold_08,kfold,orig+VIX GM paper,GM paper,full_cost_net,ok,optimal,uncapped,False,,1.0057980000000002,1.1298838162246532,4.238325997691042,1.0497067965122961,0.8803468965654159,-0.14563062919935532,1.3485639902003854,False
orig+VIX,kfold_08,kfold,orig+VIX Equal premium capped,Equal premium capped,gross,ok,reference,hard,False,1.0506043250000001,0.971475,-0.505370186666958,-0.7209500824145032,-0.8150424867742228,1.4159720112882817,-0.4507485502911114,0.4950092608918765,False
orig+VIX,kfold_08,kfold,orig+VIX Equal premium capped,Equal premium capped,full_cost_net,ok,reference,hard,False,1.0506043250000001,0.971475,-0.7846159166687552,-1.0374685395994536,-0.8925389657094316,1.4273544563435914,-0.4916797162084896,0.3947794976761113,False
orig+VIX,kfold_08,kfold,orig+VIX Equal risk capped,Equal risk capped,gross,ok,reference,hard,False,1.0506043250000001,0.969662,-0.553155795312739,-0.7771614253393287,-0.8316265654955717,1.4187688078655738,-0.449387912318701,0.47600771075364817,False
orig+VIX,kfold_08,kfold,orig+VIX Equal risk capped,Equal risk capped,full_cost_net,ok,reference,hard,False,1.0506043250000001,0.969662,-0.8312554716190736,-1.0846702512135031,-0.9029890919856265,1.4308909126968425,-0.4867769839444208,0.3783048455147641,False
orig+VIX,kfold_09,kfold,orig+VIX E1 capped,E1 capped,gross,ok,optimal,hard,False,1.0476645,0.813689,2.3664783917833816,11.100048794853718,2.851529964571766,0.6706173294684838,-0.08867990937450754,1.753936504357892,False
orig+VIX,kfold_09,kfold,orig+VIX E1 capped,E1 capped,full_cost_net,ok,optimal,hard,False,1.0476645,0.813689,1.9397725713829221,6.806386868418127,1.9615637920098794,0.66987665343439,-0.11294139267113612,1.5720527751037245,False
orig+VIX,kfold_09,kfold,orig+VIX GM paper,GM paper,gross,ok,optimal,uncapped,False,,1.005256,1.7535063350662403,6.584825901821339,0.8746451101014578,0.4016783191091325,0.0,1.2993204575959112,False
orig+VIX,kfold_09,kfold,orig+VIX GM paper,GM paper,full_cost_net,ok,optimal,uncapped,False,,1.005256,-0.620443199993538,-0.8590279360802588,-0.21105586613865024,0.3138399872287293,-0.06891610729839592,0.9059466110502934,False
orig+VIX,kfold_09,kfold,orig+VIX Equal premium capped,Equal premium capped,gross,ok,reference,hard,False,1.0476645,0.9750489999999999,-0.5047658332475325,-0.8066988833383744,-0.8281572851623585,1.5260701311688134,-0.5451198201590393,0.48007007532310514,False
orig+VIX,kfold_09,kfold,orig+VIX Equal premium capped,Equal premium capped,full_cost_net,ok,reference,hard,False,1.0476645,0.9750489999999999,-0.7175798265379435,-1.0699756876580828,-0.8864869897909989,1.5276114540419095,-0.6061530271720879,0.4038955022876796,False
orig+VIX,kfold_09,kfold,orig+VIX Equal risk capped,Equal risk capped,gross,ok,reference,hard,False,1.0476645,0.9733900000000001,-0.5330222897259215,-0.8410642943046042,-0.8341494896714854,1.5136149874508713,-0.5507042390891199,0.47302272437861026,False
orig+VIX,kfold_09,kfold,orig+VIX Equal risk capped,Equal risk capped,full_cost_net,ok,reference,hard,False,1.0476645,0.9733900000000001,-0.747468777494439,-1.1009778984419936,-0.8905879124282137,1.515176259305823,-0.6111846722001009,0.39775032529726023,False
orig+VIX,kfold_10,kfold,orig+VIX E1 capped,E1 capped,gross,ok,optimal,hard,False,1.0564081,0.8227510000000001,0.6848583671151209,1.7235398927110295,0.3709728210548904,1.291967023262102,-0.30237548081274823,1.1405001642444994,False
orig+VIX,kfold_10,kfold,orig+VIX E1 capped,E1 capped,full_cost_net,ok,optimal,hard,False,1.0564081,0.8227510000000001,0.4632798511680066,1.0453558942239234,0.018417069886831117,1.2972638799089753,-0.3442691811289469,1.0076329542669602,False
orig+VIX,kfold_10,kfold,orig+VIX GM paper,GM paper,gross,ok,optimal,uncapped,False,,0.999443,1.5698149480593009,8.304521088351429,1.897112364796985,0.8580372046711492,-0.10469703107204742,1.5577062348364132,False
orig+VIX,kfold_10,kfold,orig+VIX GM paper,GM paper,full_cost_net,ok,optimal,uncapped,False,,0.999443,0.8754327088988727,2.8270238672032573,0.6655397721059133,0.9059129309029265,-0.23725497192091394,1.2368430316506114,False
orig+VIX,kfold_10,kfold,orig+VIX Equal premium capped,Equal premium capped,gross,ok,reference,hard,False,1.0564081,0.97368,-1.2550321343911992,-1.4796535346975397,-0.9819995510041503,1.601389446096303,-0.80087409370178,0.18751444300849052,False
orig+VIX,kfold_10,kfold,orig+VIX Equal premium capped,Equal premium capped,full_cost_net,ok,reference,hard,False,1.0564081,0.97368,-1.4521394458741523,-1.6335065279705447,-0.990004278729716,1.606901196830676,-0.829692683944667,0.14675375551103778,False
orig+VIX,kfold_10,kfold,orig+VIX Equal risk capped,Equal risk capped,gross,ok,reference,hard,False,1.0564081,0.9754950000000001,-1.2467141959325723,-1.4693363337202419,-0.9816109546785373,1.597276981839793,-0.8027198418711401,0.1891906457925793,False
orig+VIX,kfold_10,kfold,orig+VIX Equal risk capped,Equal risk capped,full_cost_net,ok,reference,hard,False,1.0564081,0.9754950000000001,-1.4450124649105192,-1.6246083561909501,-0.9898180995137288,1.6028896862977804,-0.8315573017259688,0.14788655312377413,False
orig+VIX,kfold_11,kfold,orig+VIX E1 capped,E1 capped,gross,ok,optimal,hard,False,1.2142455499999996,0.882996,0.7655677238642151,2.635293485905304,0.6043853907272181,1.3225391862297673,-0.09489445638186222,1.2177139775732986,False
orig+VIX,kfold_11,kfold,orig+VIX E1 capped,E1 capped,full_cost_net,ok,optimal,hard,False,1.2142455499999996,0.882996,0.5271319849360193,1.5601973396945537,0.16834920248305996,1.3126950426766903,-0.16257986521001344,1.0669775402792037,False
orig+VIX,kfold_11,kfold,orig+VIX GM paper,GM paper,gross,ok,optimal,uncapped,False,,1.0024400000000002,-0.06889909914728404,-0.1631749959874919,-0.49179975526615305,1.3534952946905443,-0.4239041279450003,0.7542486284406386,False
orig+VIX,kfold_11,kfold,orig+VIX GM paper,GM paper,full_cost_net,ok,optimal,uncapped,False,,1.0024400000000002,-1.317578962885369,-1.6821551924484026,-0.9536310368458875,1.4297476320031501,-0.5985267838204973,0.2781386935254409,False
orig+VIX,kfold_11,kfold,orig+VIX Equal premium capped,Equal premium capped,gross,ok,reference,hard,False,1.2142455499999996,0.980997,0.1822186486501177,0.5049570153519626,-0.8708960255324498,3.215387486131557,-0.7310144081828378,0.4261457600400092,False
orig+VIX,kfold_11,kfold,orig+VIX Equal premium capped,Equal premium capped,full_cost_net,ok,reference,hard,False,1.2142455499999996,0.980997,0.04327152370425761,0.10984149928083876,-0.9294867918092136,3.2151040544614133,-0.7754792291509272,0.33121705986723743,False
orig+VIX,kfold_11,kfold,orig+VIX Equal risk capped,Equal risk capped,gross,ok,reference,hard,False,1.2142455499999996,0.9789559999999998,0.12056289736493561,0.32261241513702144,-0.8721522815445966,3.039152469445537,-0.7558194577614017,0.4244130629673481,False
orig+VIX,kfold_11,kfold,orig+VIX Equal risk capped,Equal risk capped,full_cost_net,ok,reference,hard,False,1.2142455499999996,0.9789559999999998,0.004320751026462671,0.010733857575087968,-0.9194943450818672,3.0294438057059843,-0.7860541972174934,0.3500211828163107,False
orig+VIX,cpcv_00_01,cpcv,orig+VIX E1 capped,E1 capped,gross,ok,optimal,hard,False,1.0642991499999999,0.8236439999999999,0.4511319834343633,1.1031334279987803,-0.059427763268448563,1.4030380434967855,-0.47469714398955964,0.9502257522075263,False
orig+VIX,cpcv_00_01,cpcv,orig+VIX E1 capped,E1 capped,full_cost_net,ok,optimal,hard,False,1.0642991499999999,0.8236439999999999,0.11988648280132579,0.24221164074920165,-0.4625132923728986,1.44725180218212,-0.6042990790393262,0.5960825939480032,False
orig+VIX,cpcv_00_01,cpcv,orig+VIX GM paper,GM paper,gross,ok,optimal,uncapped,False,,0.9953659999999999,1.1958112319731558,3.517483795260979,1.123919089816475,0.9202683048395034,-0.31774492741048754,1.8733329572029935,False
orig+VIX,cpcv_00_01,cpcv,orig+VIX GM paper,GM paper,full_cost_net,ok,optimal,uncapped,False,,0.9953659999999999,0.2827818285215522,0.5543261184263862,-0.07003600075436822,0.883892294536524,-0.3952636908759284,0.9412863923848007,False
orig+VIX,cpcv_00_01,cpcv,orig+VIX Equal premium capped,Equal premium capped,gross,ok,reference,hard,False,1.0642991499999999,0.9725679999999999,-1.3169367535711796,-1.62665409032997,-0.9530667923350898,1.3944384255278042,-0.9133479017872415,0.0781448204556506,False
orig+VIX,cpcv_00_01,cpcv,orig+VIX Equal premium capped,Equal premium capped,full_cost_net,ok,reference,hard,False,1.0642991499999999,0.9725679999999999,-1.6858594328646646,-1.9038916708454754,-0.976832603778658,1.394707446842665,-0.9488258285958009,0.04339080312016061,False
orig+VIX,cpcv_00_01,cpcv,orig+VIX Equal risk capped,Equal risk capped,gross,ok,reference,hard,False,1.0642991499999999,0.9720689999999998,-1.2804572245256223,-1.5891490097618657,-0.9472629579942592,1.377639508608247,-0.904840217118816,0.08611850308954,False
orig+VIX,cpcv_00_01,cpcv,orig+VIX Equal risk capped,Equal risk capped,full_cost_net,ok,reference,hard,False,1.0642991499999999,0.9720689999999998,-1.6587165588862274,-1.8832635761046048,-0.9734542019118999,1.3723228551245936,-0.9429016046476993,0.048603008828814014,False
orig+VIX,cpcv_00_02,cpcv,orig+VIX E1 capped,E1 capped,gross,ok,optimal,hard,False,1.0641181750000002,0.816477,0.1675127822529931,0.3948187572519773,-0.2583391975393641,1.2076257053623254,-0.47913406028706207,0.7795388646986883,False
orig+VIX,cpcv_00_02,cpcv,orig+VIX E1 capped,E1 capped,full_cost_net,ok,optimal,hard,False,1.0641181750000002,0.816477,-0.06492863123644992,-0.13774113695807033,-0.4502556144170742,1.2055608263036863,-0.512063275379381,0.6073895777998785,False
orig+VIX,cpcv_00_02,cpcv,orig+VIX GM paper,GM paper,gross,ok,optimal,uncapped,False,,0.998206,-0.46431110918231966,-0.8250478227149066,-0.48792788986655533,0.8349004056641994,-0.4114941779561557,0.5725005861015686,False
orig+VIX,cpcv_00_02,cpcv,orig+VIX GM paper,GM paper,full_cost_net,ok,optimal,uncapped,False,,0.998206,-1.4336041236397776,-1.7750274992424906,-0.801235407900931,0.8455816049113425,-0.7109693421748693,0.26018515746788506,False
orig+VIX,cpcv_00_02,cpcv,orig+VIX Equal premium capped,Equal premium capped,gross,ok,reference,hard,False,1.0641181750000002,0.976877,-2.0140648484086574,-2.1577546413486557,-0.9760193092633156,1.2535184175893983,-0.929741013887892,0.04465650601218225,False
orig+VIX,cpcv_00_02,cpcv,orig+VIX Equal premium capped,Equal premium capped,full_cost_net,ok,reference,hard,False,1.0641181750000002,0.976877,-2.3085550303802402,-2.2993326422623297,-0.985793569325886,1.2493206846805043,-0.9525759045045198,0.028867165823408987,False
orig+VIX,cpcv_00_02,cpcv,orig+VIX Equal risk capped,Equal risk capped,gross,ok,reference,hard,False,1.0641181750000002,0.978115,-1.9973984261623663,-2.14869132666307,-0.9743476367108573,1.2421495242036138,-0.9266363103793381,0.04723596782879376,False
orig+VIX,cpcv_00_02,cpcv,orig+VIX Equal risk capped,Equal risk capped,full_cost_net,ok,reference,hard,False,1.0641181750000002,0.978115,-2.3162452745648356,-2.304667861640931,-0.985300886394492,1.2376717965985233,-0.9518686364184155,0.029699054412782467,False
orig+VIX,cpcv_00_03,cpcv,orig+VIX E1 capped,E1 capped,gross,ok,optimal,hard,False,1.0530684750000001,0.8229220000000002,0.39900345722839986,1.039632137770974,-0.0039101600722892815,1.1970613584978662,-0.46818935308098597,0.9967404698945912,False
orig+VIX,cpcv_00_03,cpcv,orig+VIX E1 capped,E1 capped,full_cost_net,ok,optimal,hard,False,1.0530684750000001,0.8229220000000002,0.16086478838270643,0.3767454727389394,-0.2587676827661016,1.193593244464022,-0.5021334354686183,0.7791635392904266,False
orig+VIX,cpcv_00_03,cpcv,orig+VIX GM paper,GM paper,gross,ok,optimal,uncapped,False,,0.9999549999999999,0.4946680436601892,1.1694698855561214,0.15143680318010522,0.8990715464544019,-0.3667487588723717,1.1246915240004336,False
orig+VIX,cpcv_00_03,cpcv,orig+VIX GM paper,GM paper,full_cost_net,ok,optimal,uncapped,False,,0.9999549999999999,-0.8953707930353579,-1.3033517839328739,-0.7126997892134652,0.9293797634380735,-0.6277581748091692,0.3536822682870201,False
orig+VIX,cpcv_00_03,cpcv,orig+VIX Equal premium capped,Equal premium capped,gross,ok,reference,hard,False,1.0530684750000001,0.9756140000000002,-1.8078330836793366,-2.044933894811523,-0.9561098932680959,1.1898915378430421,-0.8815102041920447,0.0738990514843902,False
orig+VIX,cpcv_00_03,cpcv,orig+VIX Equal premium capped,Equal premium capped,full_cost_net,ok,reference,hard,False,1.0530684750000001,0.9756140000000002,-2.0853340784421177,-2.193645419198062,-0.9724087696450178,1.1901264536106222,-0.9158923583853007,0.0501929308832562,False
orig+VIX,cpcv_00_03,cpcv,orig+VIX Equal risk capped,Equal risk capped,gross,ok,reference,hard,False,1.0530684750000001,0.9756940000000001,-1.7730913948271587,-2.0211040050682936,-0.9519042660982245,1.17954766362767,-0.8739059442677197,0.07975454898373786,False
orig+VIX,cpcv_00_03,cpcv,orig+VIX Equal risk capped,Equal risk capped,full_cost_net,ok,reference,hard,False,1.0530684750000001,0.9756940000000001,-2.0508542691545695,-2.1736392346783466,-0.9694221528192779,1.1789913327111918,-0.9097223453972205,0.05468133238594453,False
orig+VIX,cpcv_00_04,cpcv,orig+VIX E1 capped,E1 capped,gross,ok,optimal,hard,False,1.0525896,0.829207,1.5327438182998294,4.25722961179177,2.535927044320741,1.2544545684703292,-0.46882426591734594,2.8647457236739142,False
orig+VIX,cpcv_00_04,cpcv,orig+VIX E1 capped,E1 capped,full_cost_net,ok,optimal,hard,False,1.0525896,0.829207,1.2724042894520669,3.2154598411143107,1.5950454734328376,1.2510449687389802,-0.5034550746391595,2.2137104255273954,False
orig+VIX,cpcv_00_04,cpcv,orig+VIX GM paper,GM paper,gross,ok,optimal,uncapped,False,,0.9935689999999999,1.0558684836804528,2.7181626420277927,0.9452169585215586,1.0434593753565171,-0.3902390165717332,1.7410318093819481,False
orig+VIX,cpcv_00_04,cpcv,orig+VIX GM paper,GM paper,full_cost_net,ok,optimal,uncapped,False,,0.9935689999999999,-0.9278094534096893,-1.1728070782664974,-0.884202271993772,1.2560903800544123,-0.8592089780786867,0.16586319697324628,False
orig+VIX,cpcv_00_04,cpcv,orig+VIX Equal premium capped,Equal premium capped,gross,ok,reference,hard,False,1.0525896,0.9745540000000001,-0.24517520245310803,-0.40166062938633135,-0.6547834902381284,1.30233923942907,-0.6375126879059199,0.412169923677774,False
orig+VIX,cpcv_00_04,cpcv,orig+VIX Equal premium capped,Equal premium capped,full_cost_net,ok,reference,hard,False,1.0525896,0.9745540000000001,-0.5358331526870586,-0.7973250648204013,-0.7743934581680836,1.292036342619823,-0.7076791829239218,0.2891521375388517,False
orig+VIX,cpcv_00_04,cpcv,orig+VIX Equal risk capped,Equal risk capped,gross,ok,reference,hard,False,1.0525896,0.9759070000000001,-0.35536407874012604,-0.5751746050520145,-0.6886357226145345,1.2744707602941823,-0.6448396163312631,0.37820214470871555,False
orig+VIX,cpcv_00_04,cpcv,orig+VIX Equal risk capped,Equal risk capped,full_cost_net,ok,reference,hard,False,1.0525896,0.9759070000000001,-0.6557271588441679,-0.959012783846601,-0.7972464375383058,1.2629749364134133,-0.7134703993480151,0.2645292768748861,False
orig+VIX,cpcv_00_05,cpcv,orig+VIX E1 capped,E1 capped,gross,ok,optimal,hard,False,1.0470674250000003,0.8087290000000001,0.31512063142948,0.6537971927083622,-0.2803149365561194,1.445569231914792,-0.4853136859956868,0.7602423774939537,False
orig+VIX,cpcv_00_05,cpcv,orig+VIX E1 capped,E1 capped,full_cost_net,ok,optimal,hard,False,1.0470674250000003,0.8087290000000001,0.11827628213066438,0.22692580132288667,-0.4737548935172946,1.4447604750713072,-0.5825833194960646,0.5856750527323982,False
orig+VIX,cpcv_00_05,cpcv,orig+VIX GM paper,GM paper,gross,ok,optimal,uncapped,False,,1.002354,0.20386788610947043,0.4235958908001239,-0.21575936684001873,1.1000847655712545,-0.36656168488630825,0.8166596850537672,False
orig+VIX,cpcv_00_05,cpcv,orig+VIX GM paper,GM paper,full_cost_net,ok,optimal,uncapped,False,,1.002354,-0.6800978365810104,-1.0093858574239523,-0.6687161944024652,0.9732340412364909,-0.5912543443037388,0.39826013691088324,False
orig+VIX,cpcv_00_05,cpcv,orig+VIX Equal premium capped,Equal premium capped,gross,ok,reference,hard,False,1.0470674250000003,0.973821,-0.5758574142367237,-0.8750770305924168,-0.8338207635221625,1.4337518420661726,-0.7068858484679954,0.22412000975615848,False
orig+VIX,cpcv_00_05,cpcv,orig+VIX Equal premium capped,Equal premium capped,full_cost_net,ok,reference,hard,False,1.0470674250000003,0.973821,-0.8140694692706938,-1.1416677232712946,-0.8925022860842734,1.4349594233303453,-0.7822855116847459,0.15589518094062546,False
orig+VIX,cpcv_00_05,cpcv,orig+VIX Equal risk capped,Equal risk capped,gross,ok,reference,hard,False,1.0470674250000003,0.9740920000000001,-0.5531879589657159,-0.848850285000923,-0.8255626991649856,1.43083862838903,-0.6958991487376103,0.23336342937979565,False
orig+VIX,cpcv_00_05,cpcv,orig+VIX Equal risk capped,Equal risk capped,full_cost_net,ok,reference,hard,False,1.0470674250000003,0.9740920000000001,-0.7918701751605791,-1.1202738514973352,-0.8868753286820624,1.4319717216455496,-0.7736425790353854,0.16266637003253898,False
orig+VIX,cpcv_00_06,cpcv,orig+VIX E1 capped,E1 capped,gross,ok,optimal,hard,False,1.0329750250000003,0.772745,1.139999030998312,4.096522757852328,1.607000192391209,1.5834320267800779,-0.45631381470858545,2.222205506151701,False
orig+VIX,cpcv_00_06,cpcv,orig+VIX E1 capped,E1 capped,full_cost_net,ok,optimal,hard,False,1.0329750250000003,0.772745,0.9517251373863042,3.0768759489134183,0.9487328999872404,1.5797982779316886,-0.4884230602508346,1.743653815345344,False
orig+VIX,cpcv_00_06,cpcv,orig+VIX GM paper,GM paper,gross,ok,optimal,uncapped,False,,0.9993929999999999,1.1195435884910505,3.193013494207899,1.1044898771376714,1.078521677028564,-0.3708635066313375,1.8590412836222545,False
orig+VIX,cpcv_00_06,cpcv,orig+VIX GM paper,GM paper,full_cost_net,ok,optimal,uncapped,False,,0.9993929999999999,-0.3984277226216174,-0.6111018768318696,-0.6832462893121326,1.1739700842874023,-0.7189272341300392,0.38364960850438834,False
orig+VIX,cpcv_00_06,cpcv,orig+VIX Equal premium capped,Equal premium capped,gross,ok,reference,hard,False,1.0329750250000003,0.976448,0.006242000020572977,0.014084609786105371,-0.7982682022693606,2.2205834426936035,-0.8049816167113041,0.2634179095699631,False
orig+VIX,cpcv_00_06,cpcv,orig+VIX Equal premium capped,Equal premium capped,full_cost_net,ok,reference,hard,False,1.0329750250000003,0.976448,-0.1594264928945885,-0.33245350613196445,-0.8727251584444906,2.215982190452301,-0.8476513445451307,0.17945358448568682,False
orig+VIX,cpcv_00_06,cpcv,orig+VIX Equal risk capped,Equal risk capped,gross,ok,reference,hard,False,1.0329750250000003,0.976448,0.006242000020572977,0.014084609786105371,-0.7982682022693606,2.2205834426936035,-0.8049816167113041,0.2634179095699631,False
orig+VIX,cpcv_00_06,cpcv,orig+VIX Equal risk capped,Equal risk capped,full_cost_net,ok,reference,hard,False,1.0329750250000003,0.976448,-0.1594264928945885,-0.33245350613196445,-0.8727251584444906,2.215982190452301,-0.8476513445451307,0.17945358448568682,False
orig+VIX,cpcv_00_07,cpcv,orig+VIX E1 capped,E1 capped,gross,ok,optimal,hard,False,1.034561375,0.8110020000000001,1.7384354985204793,5.109718817167306,3.6265129171677914,1.309391092241019,-0.4706755920855853,3.584083748794686,False
orig+VIX,cpcv_00_07,cpcv,orig+VIX E1 capped,E1 capped,full_cost_net,ok,optimal,hard,False,1.034561375,0.8110020000000001,1.4881581706725633,3.969012297090476,2.4111887917206882,1.305095054070701,-0.5039244173694274,2.7802774035639857,False
orig+VIX,cpcv_00_07,cpcv,orig+VIX GM paper,GM paper,gross,ok,optimal,uncapped,False,,0.9970330000000001,1.5602525940730776,4.21517238847404,1.9979169038522282,0.9820644505036887,-0.3712608371973889,2.4966039833710196,False
orig+VIX,cpcv_00_07,cpcv,orig+VIX GM paper,GM paper,full_cost_net,ok,optimal,uncapped,False,,0.9970330000000001,-0.6052239328423853,-0.860821366881707,-0.7328922293688511,1.1288161775039698,-0.7754892186984146,0.3328424949895945,False
orig+VIX,cpcv_00_07,cpcv,orig+VIX Equal premium capped,Equal premium capped,gross,ok,reference,hard,False,1.034561375,0.977717,0.34663399980935666,0.6683476237201136,-0.37895426786680364,1.595784953868677,-0.5711455088001289,0.6723617280272303,False
orig+VIX,cpcv_00_07,cpcv,orig+VIX Equal premium capped,Equal premium capped,full_cost_net,ok,reference,hard,False,1.034561375,0.977717,0.10251841500750217,0.18049637967391619,-0.6015550448219146,1.5949172803825697,-0.6637194687681645,0.464487050129059,False
orig+VIX,cpcv_00_07,cpcv,orig+VIX Equal risk capped,Equal risk capped,gross,ok,reference,hard,False,1.034561375,0.977717,0.34663399980935666,0.6683476237201136,-0.37895426786680364,1.595784953868677,-0.5711455088001289,0.6723617280272303,False
orig+VIX,cpcv_00_07,cpcv,orig+VIX Equal risk capped,Equal risk capped,full_cost_net,ok,reference,hard,False,1.034561375,0.977717,0.10251841500750217,0.18049637967391619,-0.6015550448219146,1.5949172803825697,-0.6637194687681645,0.464487050129059,False
orig+VIX,cpcv_00_08,cpcv,orig+VIX E1 capped,E1 capped,gross,ok,optimal,hard,False,1.0414586250000002,0.8096860000000001,1.021498633086863,3.3784181546814454,1.1333519331268955,1.4893375009204668,-0.46348667147965883,1.8802636698487112,False
orig+VIX,cpcv_00_08,cpcv,orig+VIX E1 capped,E1 capped,full_cost_net,ok,optimal,hard,False,1.0414586250000002,0.8096860000000001,0.8099326796098311,2.3800932073710537,0.559407191451124,1.4879976843046099,-0.49688740023669153,1.4481035246050085,False
orig+VIX,cpcv_00_08,cpcv,orig+VIX GM paper,GM paper,gross,ok,optimal,uncapped,False,,0.9952460000000001,0.9777957731758165,2.8525399988874067,0.845857350931916,1.0766192767034515,-0.35804732966890873,1.6666015427874525,False
orig+VIX,cpcv_00_08,cpcv,orig+VIX GM paper,GM paper,full_cost_net,ok,optimal,uncapped,False,,0.9952460000000001,0.38750878599837074,0.858052823195068,-0.009608802116369608,1.025428540244645,-0.4205818799632046,0.9919862290769081,False
orig+VIX,cpcv_00_08,cpcv,orig+VIX Equal premium capped,Equal premium capped,gross,ok,reference,hard,False,1.0414586250000002,0.9747870000000001,-0.9181704718154652,-1.24359959442448,-0.8920592691213256,1.3571990108410696,-0.8252734845426861,0.15643039021935465,False
orig+VIX,cpcv_00_08,cpcv,orig+VIX Equal premium capped,Equal premium capped,full_cost_net,ok,reference,hard,False,1.0414586250000002,0.9747870000000001,-1.1843666543946902,-1.4817023852661666,-0.9333301478526338,1.3585384617417613,-0.8748785686385356,0.1046986889280688,False
orig+VIX,cpcv_00_08,cpcv,orig+VIX Equal risk capped,Equal risk capped,gross,ok,reference,hard,False,1.0414586250000002,0.97444,-0.9262309656750879,-1.2518754334777038,-0.8929464040284304,1.3549359358784365,-0.8266587086346462,0.1553582724491653,False
orig+VIX,cpcv_00_08,cpcv,orig+VIX Equal risk capped,Equal risk capped,full_cost_net,ok,reference,hard,False,1.0414586250000002,0.97444,-1.1926278555426284,-1.4891040345244617,-0.9339092224322849,1.3563799880880432,-0.8759329301792543,0.10394032039542841,False
orig+VIX,cpcv_00_09,cpcv,orig+VIX E1 capped,E1 capped,gross,ok,optimal,hard,False,1.0405823749999998,0.802735,0.8929411984882659,2.4672830151506417,0.72779592686836,1.228775438656607,-0.459432389542925,1.5772857203958959,False
orig+VIX,cpcv_00_09,cpcv,orig+VIX E1 capped,E1 capped,full_cost_net,ok,optimal,hard,False,1.0405823749999998,0.802735,0.6642959346888637,1.6465449554257152,0.30344008492255137,1.2274014455556226,-0.49273852313756805,1.2471228236267629,False
orig+VIX,cpcv_00_09,cpcv,orig+VIX GM paper,GM paper,gross,ok,optimal,uncapped,False,,1.000922,0.5269378469337038,1.199404046984738,0.1828462164667699,0.845265343705711,-0.3853318495947582,1.1502005498490468,False
orig+VIX,cpcv_00_09,cpcv,orig+VIX GM paper,GM paper,full_cost_net,ok,optimal,uncapped,False,,1.000922,-0.3534697816648092,-0.5841115214004532,-0.4321334976091614,0.8049623653878903,-0.45625580936798205,0.6240296271043306,False
orig+VIX,cpcv_00_09,cpcv,orig+VIX Equal premium capped,Equal premium capped,gross,ok,reference,hard,False,1.0405823749999998,0.9757830000000001,-0.8013764507213317,-1.1654227266834316,-0.8839234157437966,1.431185872154873,-0.7311517417686366,0.16619598067614225,False
orig+VIX,cpcv_00_09,cpcv,orig+VIX Equal premium capped,Equal premium capped,full_cost_net,ok,reference,hard,False,1.0405823749999998,0.9757830000000001,-1.030336496666998,-1.3908785376422006,-0.9242816993037178,1.431614396416013,-0.8031329072414363,0.11641279476925184,False
orig+VIX,cpcv_00_09,cpcv,orig+VIX Equal risk capped,Equal risk capped,gross,ok,reference,hard,False,1.0405823749999998,0.9763620000000001,-0.8011959786491909,-1.1652114361907233,-0.884060313942468,1.4318255751839455,-0.7312933605272687,0.1660326246782657,False
orig+VIX,cpcv_00_09,cpcv,orig+VIX Equal risk capped,Equal risk capped,full_cost_net,ok,reference,hard,False,1.0405823749999998,0.9763620000000001,-1.0301804488607629,-1.3907146724124853,-0.9243940493082101,1.432253294887363,-0.8032778109459664,0.11626883357764971,False
orig+VIX,cpcv_00_10,cpcv,orig+VIX E1 capped,E1 capped,gross,ok,optimal,hard,False,1.048950475,0.8110390000000001,0.5059474932264774,1.282562925497597,0.005636991635059596,1.439066732510516,-0.462483225292707,1.0046952912077471,False
orig+VIX,cpcv_00_10,cpcv,orig+VIX E1 capped,E1 capped,full_cost_net,ok,optimal,hard,False,1.048950475,0.8110390000000001,0.30890718217333557,0.7070613497994739,-0.2569658042095958,1.4399264380724568,-0.4961662370049582,0.7807416252020694,False
orig+VIX,cpcv_00_10,cpcv,orig+VIX GM paper,GM paper,gross,ok,optimal,uncapped,False,,0.9961489999999998,0.7247116581558782,1.8879461165208362,0.41189461995703924,1.0046092841761787,-0.37023881410755277,1.333015612955692,False
orig+VIX,cpcv_00_10,cpcv,orig+VIX GM paper,GM paper,full_cost_net,ok,optimal,uncapped,False,,0.9961489999999998,0.1568915245410213,0.3141073998011793,-0.21726035356871143,1.0060358496029562,-0.4423178449798545,0.8153569482078503,False
orig+VIX,cpcv_00_10,cpcv,orig+VIX Equal premium capped,Equal premium capped,gross,ok,reference,hard,False,1.048950475,0.975634,-1.2926291858248338,-1.5518178032428722,-0.9654916426200654,1.441310420851156,-0.9035199407705745,0.06047885669430567,False
orig+VIX,cpcv_00_10,cpcv,orig+VIX Equal premium capped,Equal premium capped,full_cost_net,ok,reference,hard,False,1.048950475,0.975634,-1.518538784066054,-1.7178719829085098,-0.9793431064996244,1.4426416412870677,-0.9342674748334429,0.039435514267306924,False
orig+VIX,cpcv_00_10,cpcv,orig+VIX Equal risk capped,Equal risk capped,gross,ok,reference,hard,False,1.048950475,0.974554,-1.2855210613534582,-1.545426923547391,-0.9641476560958911,1.434383407901459,-0.9008823437632034,0.06243545696822607,False
orig+VIX,cpcv_00_10,cpcv,orig+VIX Equal risk capped,Equal risk capped,full_cost_net,ok,reference,hard,False,1.048950475,0.974554,-1.5122085853987337,-1.7125633189826786,-0.978478753839093,1.4357021898895996,-0.9323347439088311,0.04080588918509633,False
orig+VIX,cpcv_00_11,cpcv,orig+VIX E1 capped,E1 capped,gross,ok,optimal,hard,False,1.206647375,0.879847,0.9612175915807258,3.2088110732974737,0.974044917206466,1.4453324834212948,-0.37541618666506826,1.762507032855857,False
orig+VIX,cpcv_00_11,cpcv,orig+VIX E1 capped,E1 capped,full_cost_net,ok,optimal,hard,False,1.206647375,0.879847,0.7378683664338727,2.156111108924521,0.428638937049288,1.4436679322392527,-0.41746250486455183,1.346176697977025,False
orig+VIX,cpcv_00_11,cpcv,orig+VIX GM paper,GM paper,gross,ok,optimal,uncapped,False,,0.9995289999999999,0.5307826768615692,1.4309544611882372,0.13051891842005214,1.223202867996625,-0.5452629068074124,1.10763888886781,False
orig+VIX,cpcv_00_11,cpcv,orig+VIX GM paper,GM paper,full_cost_net,ok,optimal,uncapped,False,,0.9995289999999999,-1.4747145465296825,-1.8160274428735284,-0.866615222468138,0.9850317989977702,-0.8849237265673497,0.186604404623001,False
orig+VIX,cpcv_00_11,cpcv,orig+VIX Equal premium capped,Equal premium capped,gross,ok,reference,hard,False,1.206647375,0.97321,0.10455285572270183,0.26259760041057195,-0.7759845410910804,2.416904497666015,-0.8748673189785338,0.2874517725594869,False
orig+VIX,cpcv_00_11,cpcv,orig+VIX Equal premium capped,Equal premium capped,full_cost_net,ok,reference,hard,False,1.206647375,0.97321,-0.06004049466843704,-0.13716203674794014,-0.8647543656460968,2.416935165849699,-0.9134641373729616,0.1887713345017681,False
orig+VIX,cpcv_00_11,cpcv,orig+VIX Equal risk capped,Equal risk capped,gross,ok,reference,hard,False,1.206647375,0.976669,0.10976584583387554,0.27142957699867,-0.7632762796379073,2.355738368914275,-0.8739266240877451,0.3009780434439133,False
orig+VIX,cpcv_00_11,cpcv,orig+VIX Equal risk capped,Equal risk capped,full_cost_net,ok,reference,hard,False,1.206647375,0.976669,-0.031510240600105745,-0.0718169420097441,-0.8432031748883492,2.35059428025156,-0.9069498498680365,0.2135245034298013,False
orig+VIX,cpcv_01_02,cpcv,orig+VIX E1 capped,E1 capped,gross,ok,optimal,hard,False,1.07475825,0.828427,0.40683689175457144,0.8876337044040346,0.06314602286047388,0.8554130064351333,-0.4095287511527407,1.0523513577413839,False
orig+VIX,cpcv_01_02,cpcv,orig+VIX E1 capped,E1 capped,full_cost_net,ok,optimal,hard,False,1.07475825,0.828427,-0.15382966041826007,-0.2510594597074693,-0.4062181780837476,0.9251324932144205,-0.5711642940706365,0.6476729337702215,False
orig+VIX,cpcv_01_02,cpcv,orig+VIX GM paper,GM paper,gross,ok,optimal,uncapped,False,,1.001155,0.3951572170180795,0.8096045169327676,0.05602174629358214,0.8279873358621098,-0.4738792038731062,1.0464714507081445,False
orig+VIX,cpcv_01_02,cpcv,orig+VIX GM paper,GM paper,full_cost_net,ok,optimal,uncapped,False,,1.001155,-1.1649072121690014,-1.412247458236665,-0.8645841689139968,1.0645679151950431,-0.8631778963484025,0.18896927617527579,False
orig+VIX,cpcv_01_02,cpcv,orig+VIX Equal premium capped,Equal premium capped,gross,ok,reference,hard,False,1.07475825,0.977438,-2.702238590091368,-2.3254682930215167,-0.986651264807162,1.0951448986662131,-0.9674632322664226,0.027407332261245622,False
orig+VIX,cpcv_01_02,cpcv,orig+VIX Equal premium capped,Equal premium capped,full_cost_net,ok,reference,hard,False,1.07475825,0.977438,-3.283984874098263,-2.548534611273633,-0.9941811325370686,1.0744042939953082,-0.9830439491825074,0.013720356242693589,False
orig+VIX,cpcv_01_02,cpcv,orig+VIX Equal risk capped,Equal risk capped,gross,ok,reference,hard,False,1.07475825,0.9767089999999999,-2.6256279972663394,-2.276931550311788,-0.9850558234888331,1.0928649442835963,-0.9642843459488502,0.03011110249101378,False
orig+VIX,cpcv_01_02,cpcv,orig+VIX Equal risk capped,Equal risk capped,full_cost_net,ok,reference,hard,False,1.07475825,0.9767089999999999,-3.2684810760759433,-2.5345613104748708,-0.9935927784339376,1.060170012449915,-0.9816507136314873,0.014867049430023052,False
orig+VIX,cpcv_01_03,cpcv,orig+VIX E1 capped,E1 capped,gross,ok,optimal,hard,False,1.0596003,0.847055,0.6761984455859055,1.6312947839822025,0.34047402925048087,0.8569084493374792,-0.437004544675756,1.2765818638674542,False
orig+VIX,cpcv_01_03,cpcv,orig+VIX E1 capped,E1 capped,full_cost_net,ok,optimal,hard,False,1.0596003,0.847055,0.07825483795359976,0.13429002911833499,-0.26924031827230877,0.9388343124611469,-0.6004960180444208,0.7699788836243646,False
orig+VIX,cpcv_01_03,cpcv,orig+VIX GM paper,GM paper,gross,ok,optimal,uncapped,False,,0.997602,1.9513247367520066,12.580410781468139,1.6698097835322003,0.5894891661718396,-0.10117892650260907,2.2667324756321627,False
orig+VIX,cpcv_01_03,cpcv,orig+VIX GM paper,GM paper,full_cost_net,ok,optimal,uncapped,False,,0.997602,-0.8906770156748604,-1.1564622128444058,-0.6975580778197096,0.8723966623241038,-0.7290799838736082,0.36914896743835446,False
orig+VIX,cpcv_01_03,cpcv,orig+VIX Equal premium capped,Equal premium capped,gross,ok,reference,hard,False,1.0596003,0.9783649999999999,-2.3943383137339507,-2.184373142326862,-0.9753703888195111,1.066023288062493,-0.9448915664402732,0.045661267541584255,False
orig+VIX,cpcv_01_03,cpcv,orig+VIX Equal premium capped,Equal premium capped,full_cost_net,ok,reference,hard,False,1.0596003,0.9783649999999999,-2.944649344355699,-2.431350440995081,-0.9890083056374117,1.0585229861900256,-0.970674635004172,0.023310622420105006,False
orig+VIX,cpcv_01_03,cpcv,orig+VIX Equal risk capped,Equal risk capped,gross,ok,reference,hard,False,1.0596003,0.9774799999999999,-2.3232135401391494,-2.133808309648652,-0.9725741370490972,1.0635985920428137,-0.939789338679962,0.04994211356751246,False
orig+VIX,cpcv_01_03,cpcv,orig+VIX Equal risk capped,Equal risk capped,full_cost_net,ok,reference,hard,False,1.0596003,0.9774799999999999,-2.892640081464634,-2.401701577497571,-0.9874334716963991,1.047487296770194,-0.9672658188005556,0.026062301311709796,False
orig+VIX,cpcv_01_04,cpcv,orig+VIX E1 capped,E1 capped,gross,ok,optimal,hard,False,1.051072875,0.8525480000000001,1.8275611569880115,4.462984516557202,3.1046681714612703,1.0882753777628265,-0.5412456055870424,3.243881977108414,False
orig+VIX,cpcv_01_04,cpcv,orig+VIX E1 capped,E1 capped,full_cost_net,ok,optimal,hard,False,1.051072875,0.8525480000000001,1.22096053786764,2.2870689309073957,1.1408067052978552,1.1890225625458786,-0.6858219012514396,1.8857373959889596,False
orig+VIX,cpcv_01_04,cpcv,orig+VIX GM paper,GM paper,gross,ok,optimal,uncapped,False,,0.999428,3.2541193510401567,19.713846318128567,5.0572776433055795,0.6460378264233547,-0.09583158675052994,4.486399055111346,False
orig+VIX,cpcv_01_04,cpcv,orig+VIX GM paper,GM paper,full_cost_net,ok,optimal,uncapped,False,,0.999428,-0.09739942654441525,-0.13375243394182354,-0.47407811891696927,0.9992618898120895,-0.692698155438384,0.5853752641256331,False
orig+VIX,cpcv_01_04,cpcv,orig+VIX Equal premium capped,Equal premium capped,gross,ok,reference,hard,False,1.051072875,0.976436,-0.5693560758462423,-0.7531108166668066,-0.7984830016072765,1.2353452864925012,-0.8217441386902797,0.2631841544229192,False
orig+VIX,cpcv_01_04,cpcv,orig+VIX Equal premium capped,Equal premium capped,full_cost_net,ok,reference,hard,False,1.051072875,0.976436,-1.040824588581273,-1.2435662196092878,-0.9029972457079547,1.2414493562198603,-0.8887076250423994,0.14310453214239716,False
orig+VIX,cpcv_01_04,cpcv,orig+VIX Equal risk capped,Equal risk capped,gross,ok,reference,hard,False,1.051072875,0.9752700000000001,-0.6654691125015969,-0.8622243706074574,-0.8145071265835219,1.2100909201880459,-0.823103569796745,0.2456250695359719,False
orig+VIX,cpcv_01_04,cpcv,orig+VIX Equal risk capped,Equal risk capped,full_cost_net,ok,reference,hard,False,1.051072875,0.9752700000000001,-1.1521003833525838,-1.3461423973182378,-0.9102252006707392,1.2098416034469832,-0.8887910698012889,0.13416174628545063,False
orig+VIX,cpcv_01_05,cpcv,orig+VIX E1 capped,E1 capped,gross,ok,optimal,hard,False,1.04474205,0.8284250000000001,0.5091116780498104,0.9533051211368548,4.13877952250008e-05,1.195216099777828,-0.49772779687843083,1.0000344897104012,False
orig+VIX,cpcv_01_05,cpcv,orig+VIX E1 capped,E1 capped,full_cost_net,ok,optimal,hard,False,1.04474205,0.8284250000000001,0.09222125827355035,0.14934515879710072,-0.4481396657129605,1.2497762582863188,-0.6822750033078182,0.6093371398749525,False
orig+VIX,cpcv_01_05,cpcv,orig+VIX GM paper,GM paper,gross,ok,optimal,uncapped,False,,0.9969939999999999,1.2762819580529097,3.54295672879747,1.2530606215443725,0.9088848917120422,-0.23240922199239833,1.967783875882118,False
orig+VIX,cpcv_01_05,cpcv,orig+VIX GM paper,GM paper,full_cost_net,ok,optimal,uncapped,False,,0.9969939999999999,0.06519664541517656,0.1137285196750708,-0.26455861265914815,0.9267390121603563,-0.38346161918047705,0.7740875014220774,False
orig+VIX,cpcv_01_05,cpcv,orig+VIX Equal premium capped,Equal premium capped,gross,ok,reference,hard,False,1.04474205,0.9777790000000002,-0.9009367563534221,-1.1480698623277215,-0.9079721126762641,1.3720062197152678,-0.8657174614429447,0.13696182787178757,False
orig+VIX,cpcv_01_05,cpcv,orig+VIX Equal premium capped,Equal premium capped,full_cost_net,ok,reference,hard,False,1.04474205,0.9777790000000002,-1.2985476192400818,-1.5135984237912434,-0.9567410618850588,1.3847716247715147,-0.9237095357229395,0.07301238672120437,False
orig+VIX,cpcv_01_05,cpcv,orig+VIX Equal risk capped,Equal risk capped,gross,ok,reference,hard,False,1.04474205,0.9777790000000002,-0.9009367563534221,-1.1480698623277215,-0.9079721126762641,1.3720062197152678,-0.8657174614429447,0.13696182787178757,False
orig+VIX,cpcv_01_05,cpcv,orig+VIX Equal risk capped,Equal risk capped,full_cost_net,ok,reference,hard,False,1.04474205,0.9777790000000002,-1.2985476192400818,-1.5135984237912434,-0.9567410618850588,1.3847716247715147,-0.9237095357229395,0.07301238672120437,False
orig+VIX,cpcv_01_06,cpcv,orig+VIX E1 capped,E1 capped,gross,ok,optimal,hard,False,1.038222175,0.792937,1.4842283192260401,6.4257372693191455,2.8054869778533242,1.3430569374225865,-0.3910404753751956,3.04561638407302,False
orig+VIX,cpcv_01_06,cpcv,orig+VIX E1 capped,E1 capped,full_cost_net,ok,optimal,hard,False,1.038222175,0.792937,1.0143044476774514,2.7818311298351,1.0278502992307073,1.420099577585942,-0.5769070980697057,1.8024500682039954,False
orig+VIX,cpcv_01_06,cpcv,orig+VIX GM paper,GM paper,gross,ok,optimal,uncapped,False,,0.996785,2.7115752041122057,22.832035044837493,4.75898500110728,0.7761828805615414,-0.07533397129599928,4.301516794520601,False
orig+VIX,cpcv_01_06,cpcv,orig+VIX GM paper,GM paper,full_cost_net,ok,optimal,uncapped,False,,0.996785,0.2245019657105373,0.380488047575291,-0.2469346283808035,1.0815408934959392,-0.6147013505294259,0.789515325852105,False
orig+VIX,cpcv_01_06,cpcv,orig+VIX Equal premium capped,Equal premium capped,gross,ok,reference,hard,False,1.038222175,0.9763749999999999,-0.1763300255180584,-0.35034644641238283,-0.8844208292782803,2.186539214652046,-0.9066499877013259,0.16560227996752147,False
orig+VIX,cpcv_01_06,cpcv,orig+VIX Equal premium capped,Equal premium capped,full_cost_net,ok,reference,hard,False,1.038222175,0.9763749999999999,-0.4602218425971948,-0.8295888263599386,-0.9498874520040106,2.2010506749234247,-0.9466025580282071,0.08253194327452626,False
orig+VIX,cpcv_01_06,cpcv,orig+VIX Equal risk capped,Equal risk capped,gross,ok,reference,hard,False,1.038222175,0.9763749999999999,-0.1763300255180584,-0.35034644641238283,-0.8844208292782803,2.186539214652046,-0.9066499877013259,0.16560227996752147,False
orig+VIX,cpcv_01_06,cpcv,orig+VIX Equal risk capped,Equal risk capped,full_cost_net,ok,reference,hard,False,1.038222175,0.9763749999999999,-0.4602218425971948,-0.8295888263599386,-0.9498874520040106,2.2010506749234247,-0.9466025580282071,0.08253194327452626,False
orig+VIX,cpcv_01_07,cpcv,orig+VIX E1 capped,E1 capped,gross,ok,optimal,hard,False,1.04051765,0.834751,2.600307773239133,8.435459487411688,6.316380550505181,0.9809201524292712,-0.400103377825084,5.251059090653937,False
orig+VIX,cpcv_01_07,cpcv,orig+VIX E1 capped,E1 capped,full_cost_net,ok,optimal,hard,False,1.04051765,0.834751,1.7975601361781335,3.839970820540598,2.8559299771004767,1.0958513051388856,-0.584353350101926,3.0792216302573703,False
orig+VIX,cpcv_01_07,cpcv,orig+VIX GM paper,GM paper,gross,ok,optimal,uncapped,False,,0.997333,4.193431768094761,91.86590298268902,7.131496899731433,0.5760035663871076,-0.02400212991539219,5.73423407700936,False
orig+VIX,cpcv_01_07,cpcv,orig+VIX GM paper,GM paper,full_cost_net,ok,optimal,uncapped,False,,0.997333,0.7032212096659957,1.4676868231360256,0.33758210742909367,0.7812668091193579,-0.40863418398405704,1.2742863828525481,False
orig+VIX,cpcv_01_07,cpcv,orig+VIX Equal premium capped,Equal premium capped,gross,ok,reference,hard,False,1.04051765,0.9778439999999999,0.09877342048944848,0.16067649658201788,-0.6411249467639728,1.5609502716858374,-0.811648707786797,0.42571543019408353,False
orig+VIX,cpcv_01_07,cpcv,orig+VIX Equal premium capped,Equal premium capped,full_cost_net,ok,reference,hard,False,1.04051765,0.9778439999999999,-0.3089277879360168,-0.45496340023399234,-0.8403621361179825,1.5919435213345403,-0.8823397374775874,0.21674375340023536,False
orig+VIX,cpcv_01_07,cpcv,orig+VIX Equal risk capped,Equal risk capped,gross,ok,reference,hard,False,1.04051765,0.9778439999999999,0.09877342048944848,0.16067649658201788,-0.6411249467639728,1.5609502716858374,-0.811648707786797,0.42571543019408353,False
orig+VIX,cpcv_01_07,cpcv,orig+VIX Equal risk capped,Equal risk capped,full_cost_net,ok,reference,hard,False,1.04051765,0.9778439999999999,-0.3089277879360168,-0.45496340023399234,-0.8403621361179825,1.5919435213345403,-0.8823397374775874,0.21674375340023536,False
orig+VIX,cpcv_01_08,cpcv,orig+VIX E1 capped,E1 capped,gross,ok,optimal,hard,False,1.0440389500000002,0.831822,1.351618732334176,4.869052446138183,1.9854947147198674,1.236637715864941,-0.42394332590052086,2.4879802139154337,False
orig+VIX,cpcv_01_08,cpcv,orig+VIX E1 capped,E1 capped,full_cost_net,ok,optimal,hard,False,1.0440389500000002,0.831822,0.8155672750127967,1.8779098550814746,0.47609720069364214,1.3324678663902472,-0.617631054920821,1.3833406228841179,False
orig+VIX,cpcv_01_08,cpcv,orig+VIX GM paper,GM paper,gross,ok,optimal,uncapped,False,,0.9990989999999998,2.5540290385705737,19.102650376706322,4.008992321422585,0.7556826415582187,-0.08004141208630067,3.8293521387658807,False
orig+VIX,cpcv_01_08,cpcv,orig+VIX GM paper,GM paper,full_cost_net,ok,optimal,uncapped,False,,0.9990989999999998,1.351784895149074,4.344414977355107,1.2286080585193653,0.7908558269386173,-0.2359740510645355,1.9499706762657814,False
orig+VIX,cpcv_01_08,cpcv,orig+VIX Equal premium capped,Equal premium capped,gross,ok,reference,hard,False,1.0440389500000002,0.9740099999999998,-1.267684963289011,-1.4545809647051335,-0.9366088308609696,1.2788708829421331,-0.9172781224194824,0.10039004171758313,False
orig+VIX,cpcv_01_08,cpcv,orig+VIX Equal premium capped,Equal premium capped,full_cost_net,ok,reference,hard,False,1.0440389500000002,0.9740099999999998,-1.753342658146905,-1.8202304840360044,-0.9738411236811803,1.291373784498973,-0.9577864241479022,0.048011938052300626,False
orig+VIX,cpcv_01_08,cpcv,orig+VIX Equal risk capped,Equal risk capped,gross,ok,reference,hard,False,1.0440389500000002,0.9753609999999999,-1.271152085702174,-1.456617494694119,-0.9373319411200678,1.2801511622739703,-0.9178557079680016,0.09943483001989617,False
orig+VIX,cpcv_01_08,cpcv,orig+VIX Equal risk capped,Equal risk capped,full_cost_net,ok,reference,hard,False,1.0440389500000002,0.9753609999999999,-1.7574296146761956,-1.8223850992231898,-0.9741607126274358,1.2921046627177142,-0.9581028478464411,0.04752262736647422,False
orig+VIX,cpcv_01_09,cpcv,orig+VIX E1 capped,E1 capped,gross,ok,optimal,hard,False,1.0463484,0.8180339999999999,1.3750226236277852,3.6983944606210413,1.4386553133990443,0.9172809130300202,-0.4331040507881948,2.1019643703184365,False
orig+VIX,cpcv_01_09,cpcv,orig+VIX E1 capped,E1 capped,full_cost_net,ok,optimal,hard,False,1.0463484,0.8180339999999999,0.7631017934955003,1.444721685241727,0.36948482330153976,1.0073657067037656,-0.5945634898519715,1.2995640426855606,False
orig+VIX,cpcv_01_09,cpcv,orig+VIX GM paper,GM paper,gross,ok,optimal,uncapped,False,,0.9977039999999999,2.2849155087640503,21.33293899449325,2.2768896273983135,0.6058163483681596,-0.052247005642318545,2.6887567358659976,False
orig+VIX,cpcv_01_09,cpcv,orig+VIX GM paper,GM paper,full_cost_net,ok,optimal,uncapped,False,,0.9977039999999999,0.7591171387974289,2.0042217352006753,0.37954819875884804,0.6466909570473343,-0.2693363749708376,1.3075171643325574,False
orig+VIX,cpcv_01_09,cpcv,orig+VIX Equal premium capped,Equal premium capped,gross,ok,reference,hard,False,1.0463484,0.9747570000000001,-1.1392297674642016,-1.3980581535845902,-0.9339702949927419,1.3553759679407809,-0.87435611219805,0.10386027404684885,False
orig+VIX,cpcv_01_09,cpcv,orig+VIX Equal premium capped,Equal premium capped,full_cost_net,ok,reference,hard,False,1.0463484,0.9747570000000001,-1.534784137122362,-1.7256158839848879,-0.9687827555148724,1.3645342312858386,-0.9298632242745597,0.05563252922339051,False
orig+VIX,cpcv_01_09,cpcv,orig+VIX Equal risk capped,Equal risk capped,gross,ok,reference,hard,False,1.0463484,0.9730590000000001,-1.1462341898949722,-1.4021471318676155,-0.9334245598046841,1.3479263883877395,-0.8737506680845616,0.10457512014819664,False
orig+VIX,cpcv_01_09,cpcv,orig+VIX Equal risk capped,Equal risk capped,full_cost_net,ok,reference,hard,False,1.0463484,0.9730590000000001,-1.544010869584075,-1.730569922379244,-0.9684203983568409,1.3563940326221748,-0.9293477570640765,0.0561701442858586,False
orig+VIX,cpcv_01_10,cpcv,orig+VIX E1 capped,E1 capped,gross,ok,optimal,hard,False,1.053933525,0.8327000000000001,0.7436911791283511,1.7999033882845392,0.40997767302556487,1.1572462400681718,-0.3983401390256912,1.3315072322891837,False
orig+VIX,cpcv_01_10,cpcv,orig+VIX E1 capped,E1 capped,full_cost_net,ok,optimal,hard,False,1.053933525,0.8327000000000001,0.27659465540260997,0.5172705840732723,-0.2519355625753361,1.233455185405461,-0.5828493070550476,0.785143743395562,False
orig+VIX,cpcv_01_10,cpcv,orig+VIX GM paper,GM paper,gross,ok,optimal,uncapped,False,,0.999806,1.9035749142105935,8.466953887366106,2.3469319096030223,0.7883584661133527,-0.17799782365080863,2.7365647654894776,False
orig+VIX,cpcv_01_10,cpcv,orig+VIX GM paper,GM paper,full_cost_net,ok,optimal,uncapped,False,,0.999806,0.652578864878477,1.500923848143622,0.30482906815578903,0.8886298951396921,-0.3244061219774168,1.2482302002712913,False
orig+VIX,cpcv_01_10,cpcv,orig+VIX Equal premium capped,Equal premium capped,gross,ok,reference,hard,False,1.053933525,0.9763179999999999,-1.6745300656445348,-1.7377863191869776,-0.9796909177102313,1.3435381876109684,-0.9529225650667865,0.038881401964051376,False
orig+VIX,cpcv_01_10,cpcv,orig+VIX Equal premium capped,Equal premium capped,full_cost_net,ok,reference,hard,False,1.053933525,0.9763179999999999,-2.1018241246380147,-2.012082261376503,-0.9914735558247995,1.3439775940622218,-0.9762173744209575,0.018864268134491047,False
orig+VIX,cpcv_01_10,cpcv,orig+VIX Equal risk capped,Equal risk capped,gross,ok,reference,hard,False,1.053933525,0.977708,-1.6670514041892737,-1.7303170134591548,-0.9795251615700945,1.3436439540195872,-0.9525226852554137,0.03914567049373942,False
orig+VIX,cpcv_01_10,cpcv,orig+VIX Equal risk capped,Equal risk capped,full_cost_net,ok,reference,hard,False,1.053933525,0.977708,-2.096879023424004,-2.007609319912372,-0.9913866192534658,1.3425780974925619,-0.9759742024839021,0.019024417624473874,False
orig+VIX,cpcv_01_11,cpcv,orig+VIX E1 capped,E1 capped,gross,ok,optimal,hard,False,1.2117735500000002,0.876769,0.48039635502721423,1.227925587377937,0.083410153185842,1.1527797559592947,-0.44640091165755913,1.0690403175082939,False
orig+VIX,cpcv_01_11,cpcv,orig+VIX E1 capped,E1 capped,full_cost_net,ok,optimal,hard,False,1.2117735500000002,0.876769,0.13551882613881333,0.28830491692673094,-0.2961225521645978,1.1673658477162339,-0.5830607387218496,0.7463013184997968,False
orig+VIX,cpcv_01_11,cpcv,orig+VIX GM paper,GM paper,gross,ok,optimal,uncapped,False,,0.9970950000000001,0.8499069489239156,2.5541777934660495,0.664514300794596,1.2655430943811379,-0.5708357197535026,1.5289957408561783,False
orig+VIX,cpcv_01_11,cpcv,orig+VIX GM paper,GM paper,full_cost_net,ok,optimal,uncapped,False,,0.9970950000000001,-0.4592288240144605,-0.6997213919398201,-0.8317832583244237,1.4788162790964454,-0.8708454526397292,0.22640760662532347,False
orig+VIX,cpcv_01_11,cpcv,orig+VIX Equal premium capped,Equal premium capped,gross,ok,reference,hard,False,1.2117735500000002,0.9775119999999999,-0.38701303740917115,-0.783888401217408,-0.9314722095331978,2.295482676501355,-0.9454216230399736,0.10712453282302584,False
orig+VIX,cpcv_01_11,cpcv,orig+VIX Equal premium capped,Equal premium capped,full_cost_net,ok,reference,hard,False,1.2117735500000002,0.9775119999999999,-0.6534420825141005,-1.1916359935111593,-0.9702479325324709,2.3025142476246496,-0.9707229345208985,0.05344793843383981,False
orig+VIX,cpcv_01_11,cpcv,orig+VIX Equal risk capped,Equal risk capped,gross,ok,reference,hard,False,1.2117735500000002,0.9737619999999999,-0.3682876210863124,-0.7308786422219405,-0.9225858524753737,2.231484462947211,-0.9376174207450758,0.11858150185583163,False
orig+VIX,cpcv_01_11,cpcv,orig+VIX Equal risk capped,Equal risk capped,full_cost_net,ok,reference,hard,False,1.2117735500000002,0.9737619999999999,-0.6100747436765732,-1.1127140704534968,-0.9611351982678664,2.2273479051543252,-0.962580531663995,0.06677753450546865,False
orig+VIX,cpcv_02_03,cpcv,orig+VIX E1 capped,E1 capped,gross,ok,optimal,hard,False,1.0644437500000001,0.8476339999999999,0.3809692795065136,0.6609504890005421,0.08467843850204826,0.4637483220178348,-0.1940082775010602,1.0700831019711607,False
orig+VIX,cpcv_02_03,cpcv,orig+VIX E1 capped,E1 capped,full_cost_net,ok,optimal,hard,False,1.0644437500000001,0.8476339999999999,-0.27405418676604615,-0.3933680330171956,-0.19808987263332622,0.45520167184915816,-0.24204857506369648,0.8319644104068765,False
orig+VIX,cpcv_02_03,cpcv,orig+VIX GM paper,GM paper,gross,ok,optimal,uncapped,False,,1.000789,-0.7219360366151395,-0.8637556422039224,-0.3567240964598143,0.45931320555868493,-0.25823885921633916,0.6923585656993749,False
orig+VIX,cpcv_02_03,cpcv,orig+VIX GM paper,GM paper,full_cost_net,ok,optimal,uncapped,False,,1.000789,-4.809432673205921,-2.8601474954310753,-0.993725865458212,0.7547277830517193,-0.9806220589616657,0.014609259033189295,False
orig+VIX,cpcv_02_03,cpcv,orig+VIX Equal premium capped,Equal premium capped,gross,ok,reference,hard,False,1.0644437500000001,0.9779129999999999,-4.208084193546695,-2.7331253355013083,-0.9876180131364466,0.7808910394884581,-0.9554812922736594,0.025742967936475805,False
orig+VIX,cpcv_02_03,cpcv,orig+VIX Equal premium capped,Equal premium capped,full_cost_net,ok,reference,hard,False,1.0644437500000001,0.9779129999999999,-4.701086754637107,-2.839236857515359,-0.9928545641202495,0.7753833329524733,-0.969248707318215,0.01628135723187804,False
orig+VIX,cpcv_02_03,cpcv,orig+VIX Equal risk capped,Equal risk capped,gross,ok,reference,hard,False,1.0644437500000001,0.9778009999999999,-4.067392714058792,-2.697410553912304,-0.9867497069367797,0.7925108148564136,-0.954100796768738,0.027238795755875993,False
orig+VIX,cpcv_02_03,cpcv,orig+VIX Equal risk capped,Equal risk capped,full_cost_net,ok,reference,hard,False,1.0644437500000001,0.9778009999999999,-4.597465606732936,-2.8181512099893644,-0.9925987987996697,0.7847254092952898,-0.9689416162636213,0.016765577163228764,False
orig+VIX,cpcv_02_04,cpcv,orig+VIX E1 capped,E1 capped,gross,ok,optimal,hard,False,1.0470295500000002,0.845131,2.329967689147104,7.675325692717635,3.77652077904372,0.8335423012679732,-0.18747749050629836,3.6806658592253787,False
orig+VIX,cpcv_02_04,cpcv,orig+VIX E1 capped,E1 capped,full_cost_net,ok,optimal,hard,False,1.0470295500000002,0.845131,1.9372088640015896,5.453450470475728,2.5357133576384503,0.829280002004669,-0.23481990504412986,2.8646014519632295,False
orig+VIX,cpcv_02_04,cpcv,orig+VIX GM paper,GM paper,gross,ok,optimal,uncapped,False,,1.0000799999999999,1.138525320885357,2.3516010574109654,0.8284774571030957,0.7645162609191858,-0.22099948865133467,1.6535145037048478,False
orig+VIX,cpcv_02_04,cpcv,orig+VIX GM paper,GM paper,full_cost_net,ok,optimal,uncapped,False,,1.0000799999999999,-1.3441266302604211,-1.476143795695014,-0.8423209578368758,0.9347047602565368,-0.7821763846715105,0.21452519772581766,False
orig+VIX,cpcv_02_04,cpcv,orig+VIX Equal premium capped,Equal premium capped,gross,ok,reference,hard,False,1.0470295500000002,0.9720860000000001,-1.2353504918868952,-1.4282295019618068,-0.9025572666252151,1.1511496581855913,-0.867012984387143,0.1436452319441962,False
orig+VIX,cpcv_02_04,cpcv,orig+VIX Equal premium capped,Equal premium capped,full_cost_net,ok,reference,hard,False,1.0470295500000002,0.9720860000000001,-1.615654447211993,-1.7134243122341775,-0.9423801617240064,1.1350575757597814,-0.8964826472279361,0.09271358244328147,False
orig+VIX,cpcv_02_04,cpcv,orig+VIX Equal risk capped,Equal risk capped,gross,ok,reference,hard,False,1.0470295500000002,0.9735830000000001,-1.3382178928008368,-1.51728301510422,-0.9104547866928973,1.1297540432699658,-0.8715172256777478,0.1338757692939984,False
orig+VIX,cpcv_02_04,cpcv,orig+VIX Equal risk capped,Equal risk capped,full_cost_net,ok,reference,hard,False,1.0470295500000002,0.9735830000000001,-1.7425079374146237,-1.8035567529030696,-0.9483645941352047,1.113524355627346,-0.9016441366340328,0.08461674774948291,False
orig+VIX,cpcv_02_05,cpcv,orig+VIX E1 capped,E1 capped,gross,ok,optimal,hard,False,1.0421726000000002,0.827157,0.007895403932499347,0.01217231387673209,-0.3619399467968065,0.9908405207014492,-0.5911670796488293,0.6876772067895021,False
orig+VIX,cpcv_02_05,cpcv,orig+VIX E1 capped,E1 capped,full_cost_net,ok,optimal,hard,False,1.0421726000000002,0.827157,-0.29226072028737515,-0.41651990010483536,-0.538002768488596,0.9888855727805177,-0.6595233061307733,0.5254517114314127,False
orig+VIX,cpcv_02_05,cpcv,orig+VIX GM paper,GM paper,gross,ok,optimal,uncapped,False,,1.00014,-0.7086440091651952,-1.0012281677717068,-0.5353627597713326,0.7287867672167466,-0.45009201476954785,0.5279526968114019,False
orig+VIX,cpcv_02_05,cpcv,orig+VIX GM paper,GM paper,full_cost_net,ok,optimal,uncapped,False,,1.00014,-2.8892890589129006,-2.365500632328326,-0.9163349812466365,0.6850996095181409,-0.8326112426012348,0.12650856434939853,False
orig+VIX,cpcv_02_05,cpcv,orig+VIX Equal premium capped,Equal premium capped,gross,ok,reference,hard,False,1.0421726000000002,0.9791190000000002,-1.6116195010795458,-1.7916436928830126,-0.9553382106750944,1.2390451592502207,-0.892320104382744,0.07498022952220762,False
orig+VIX,cpcv_02_05,cpcv,orig+VIX Equal premium capped,Equal premium capped,full_cost_net,ok,reference,hard,False,1.0421726000000002,0.9791190000000002,-1.921218847199138,-1.9867883718927262,-0.9739715076334983,1.2387261357836044,-0.9236749001781557,0.047812433068417586,False
orig+VIX,cpcv_02_05,cpcv,orig+VIX Equal risk capped,Equal risk capped,gross,ok,reference,hard,False,1.0421726000000002,0.9791190000000002,-1.6116195010795458,-1.7916436928830126,-0.9553382106750944,1.2390451592502207,-0.892320104382744,0.07498022952220762,False
orig+VIX,cpcv_02_05,cpcv,orig+VIX Equal risk capped,Equal risk capped,full_cost_net,ok,reference,hard,False,1.0421726000000002,0.9791190000000002,-1.921218847199138,-1.9867883718927262,-0.9739715076334983,1.2387261357836044,-0.9236749001781557,0.047812433068417586,False
orig+VIX,cpcv_02_06,cpcv,orig+VIX E1 capped,E1 capped,gross,ok,optimal,hard,False,1.037320725,0.793673,1.0863726991205955,4.942027779306902,1.3429561609826037,1.2389226506028752,-0.23042599206043946,2.032997301432043,False
orig+VIX,cpcv_02_06,cpcv,orig+VIX E1 capped,E1 capped,full_cost_net,ok,optimal,hard,False,1.037320725,0.793673,0.8423782136351927,3.250173111822617,0.7486693672923705,1.2315936293658807,-0.32043603208032845,1.5931490852965373,False
orig+VIX,cpcv_02_06,cpcv,orig+VIX GM paper,GM paper,gross,ok,optimal,uncapped,False,,0.9962840000000002,0.6653661686524476,1.5055709892492724,0.3214160540429678,0.8826835397249961,-0.35356890723190737,1.2614391791785535,False
orig+VIX,cpcv_02_06,cpcv,orig+VIX GM paper,GM paper,full_cost_net,ok,optimal,uncapped,False,,0.9962840000000002,-1.2539606309066529,-1.566196661699697,-0.8012828908603257,0.9114971529046644,-0.7754778505531263,0.26013335998262693,False
orig+VIX,cpcv_02_06,cpcv,orig+VIX Equal premium capped,Equal premium capped,gross,ok,reference,hard,False,1.037320725,0.9799940000000001,-0.5074398820089826,-0.9636184739917147,-0.942122047117128,2.1611844067403596,-0.9272972665683087,0.09305955431623447,False
orig+VIX,cpcv_02_06,cpcv,orig+VIX Equal premium capped,Equal premium capped,full_cost_net,ok,reference,hard,False,1.037320725,0.9799940000000001,-0.6965154664073704,-1.229835916400198,-0.9667976808652925,2.154012055113569,-0.9454899348266492,0.05856529695009882,False
orig+VIX,cpcv_02_06,cpcv,orig+VIX Equal risk capped,Equal risk capped,gross,ok,reference,hard,False,1.037320725,0.9799940000000001,-0.5074398820089826,-0.9636184739917147,-0.942122047117128,2.1611844067403596,-0.9272972665683087,0.09305955431623447,False
orig+VIX,cpcv_02_06,cpcv,orig+VIX Equal risk capped,Equal risk capped,full_cost_net,ok,reference,hard,False,1.037320725,0.9799940000000001,-0.6965154664073704,-1.229835916400198,-0.9667976808652925,2.154012055113569,-0.9454899348266492,0.05856529695009882,False
orig+VIX,cpcv_02_07,cpcv,orig+VIX E1 capped,E1 capped,gross,ok,optimal,hard,False,1.04164805,0.83327,2.382436694314766,7.791315468242575,3.99081514958468,0.8398978911287225,-0.20547600619251505,3.8177683266151883,False
orig+VIX,cpcv_02_07,cpcv,orig+VIX E1 capped,E1 capped,full_cost_net,ok,optimal,hard,False,1.04164805,0.83327,1.96573062251965,5.446376472452109,2.600649762712014,0.8304039335142043,-0.2524418591296266,2.9083772095408555,False
orig+VIX,cpcv_02_07,cpcv,orig+VIX GM paper,GM paper,gross,ok,optimal,uncapped,False,,0.9974430000000001,1.5145322694389125,3.502870943189466,1.4722257409317714,0.7972775993610006,-0.22889362666236557,2.126049817493225,False
orig+VIX,cpcv_02_07,cpcv,orig+VIX GM paper,GM paper,full_cost_net,ok,optimal,uncapped,False,,0.9974430000000001,-1.4368014293692402,-1.6173254034051272,-0.8386022763688158,0.9071226303976974,-0.8365039710984531,0.21873309808687835,False
orig+VIX,cpcv_02_07,cpcv,orig+VIX Equal premium capped,Equal premium capped,gross,ok,reference,hard,False,1.04164805,0.9769840000000001,-0.3568342964136923,-0.5396941009966119,-0.8168114273148046,1.5208317762966768,-0.8443859356331879,0.24307967613620027,False
orig+VIX,cpcv_02_07,cpcv,orig+VIX Equal premium capped,Equal premium capped,full_cost_net,ok,reference,hard,False,1.04164805,0.9769840000000001,-0.6516061534025287,-0.9093099987176142,-0.8956916566372007,1.5176080909736867,-0.884234837182654,0.15203113576250124,False
orig+VIX,cpcv_02_07,cpcv,orig+VIX Equal risk capped,Equal risk capped,gross,ok,reference,hard,False,1.04164805,0.9769840000000001,-0.3568342964136923,-0.5396941009966119,-0.8168114273148046,1.5208317762966768,-0.8443859356331879,0.24307967613620027,False
orig+VIX,cpcv_02_07,cpcv,orig+VIX Equal risk capped,Equal risk capped,full_cost_net,ok,reference,hard,False,1.04164805,0.9769840000000001,-0.6516061534025287,-0.9093099987176142,-0.8956916566372007,1.5176080909736867,-0.884234837182654,0.15203113576250124,False
orig+VIX,cpcv_02_08,cpcv,orig+VIX E1 capped,E1 capped,gross,ok,optimal,hard,False,1.0437669250000003,0.8298880000000001,1.06421534730194,4.238797648458417,1.1312940932313427,1.096733730498255,-0.23785807581182272,1.8787521233641722,False
orig+VIX,cpcv_02_08,cpcv,orig+VIX E1 capped,E1 capped,full_cost_net,ok,optimal,hard,False,1.0437669250000003,0.8298880000000001,0.7629421059147482,2.494456848377913,0.5443264654823796,1.0946782148258398,-0.31679593676662754,1.436423809225004,False
orig+VIX,cpcv_02_08,cpcv,orig+VIX GM paper,GM paper,gross,ok,optimal,uncapped,False,,0.9986589999999999,0.4962630152150992,0.9555778173917548,0.14434666409096142,0.7884072343240318,-0.3062555963461129,1.1189173461684925,False
orig+VIX,cpcv_02_08,cpcv,orig+VIX GM paper,GM paper,full_cost_net,ok,optimal,uncapped,False,,0.9986589999999999,-0.8968105784609837,-1.1215421648615045,-0.7389049318758315,0.932890305895611,-0.7145052123972817,0.32658699772510613,False
orig+VIX,cpcv_02_08,cpcv,orig+VIX Equal premium capped,Equal premium capped,gross,ok,reference,hard,False,1.0437669250000003,0.9776140000000001,-1.9512724332649791,-1.9590072396959561,-0.966490717277478,1.159653806995817,-0.9334105947680348,0.05901615935028415,False
orig+VIX,cpcv_02_08,cpcv,orig+VIX Equal premium capped,Equal premium capped,full_cost_net,ok,reference,hard,False,1.0437669250000003,0.9776140000000001,-2.305286234626257,-2.1462230125464434,-0.9813209158900111,1.1568239706479768,-0.9541610664358344,0.03626293749590819,False
orig+VIX,cpcv_02_08,cpcv,orig+VIX Equal risk capped,Equal risk capped,gross,ok,reference,hard,False,1.0437669250000003,0.977074,-1.9599660360736726,-1.9630124670254305,-0.9668072031387547,1.1581012248318887,-0.9340952947813237,0.058551299732505016,False
orig+VIX,cpcv_02_08,cpcv,orig+VIX Equal risk capped,Equal risk capped,full_cost_net,ok,reference,hard,False,1.0437669250000003,0.977074,-2.316176449516611,-2.1509048692655894,-0.9815793045179262,1.1554777098666724,-0.9547792644877084,0.03584443060800264,False
orig+VIX,cpcv_02_09,cpcv,orig+VIX E1 capped,E1 capped,gross,ok,optimal,hard,False,1.0424730250000003,0.817821,1.0846271282412958,2.612406719208836,0.6659202119767089,0.6334832037438829,-0.19186105181934643,1.5300718710688208,False
orig+VIX,cpcv_02_09,cpcv,orig+VIX E1 capped,E1 capped,full_cost_net,ok,optimal,hard,False,1.0424730250000003,0.817821,0.6317799752794159,1.2725916276763944,0.25659059584441035,0.6312597646946474,-0.23614933779420455,1.2096549427081007,False
orig+VIX,cpcv_02_09,cpcv,orig+VIX GM paper,GM paper,gross,ok,optimal,uncapped,False,,0.9984620000000001,0.21984045184693435,0.34109011746268963,-0.014064931532181246,0.545430823879752,-0.2419718107766613,0.9882654103451023,False
orig+VIX,cpcv_02_09,cpcv,orig+VIX GM paper,GM paper,full_cost_net,ok,optimal,uncapped,False,,0.9984620000000001,-1.6186376223853165,-1.5989006567792965,-0.7027310676449743,0.5950235101377829,-0.6096909187817452,0.3638797906129068,False
orig+VIX,cpcv_02_09,cpcv,orig+VIX Equal premium capped,Equal premium capped,gross,ok,reference,hard,False,1.0424730250000003,0.9773870000000002,-1.8293677012924867,-1.9667884699068536,-0.9661045220560747,1.2240897457925783,-0.9002180307547183,0.05958241952135094,False
orig+VIX,cpcv_02_09,cpcv,orig+VIX Equal premium capped,Equal premium capped,full_cost_net,ok,reference,hard,False,1.0424730250000003,0.9773870000000002,-2.130816493553469,-2.1378886686298784,-0.9799984494249963,1.2232041000137779,-0.9296435106639973,0.038390142180192606,False
orig+VIX,cpcv_02_09,cpcv,orig+VIX Equal risk capped,Equal risk capped,gross,ok,reference,hard,False,1.0424730250000003,0.9773870000000002,-1.8293677012924867,-1.9667884699068536,-0.9661045220560747,1.2240897457925783,-0.9002180307547183,0.05958241952135094,False
orig+VIX,cpcv_02_09,cpcv,orig+VIX Equal risk capped,Equal risk capped,full_cost_net,ok,reference,hard,False,1.0424730250000003,0.9773870000000002,-2.130816493553469,-2.1378886686298784,-0.9799984494249963,1.2232041000137779,-0.9296435106639973,0.038390142180192606,False
orig+VIX,cpcv_02_10,cpcv,orig+VIX E1 capped,E1 capped,gross,ok,optimal,hard,False,1.055384075,0.8312190000000002,0.32655135092886045,0.7102736709227735,-0.0511518304495574,1.0071510905936851,-0.3656579142451428,0.9571880545609193,False
orig+VIX,cpcv_02_10,cpcv,orig+VIX E1 capped,E1 capped,full_cost_net,ok,optimal,hard,False,1.055384075,0.8312190000000002,0.040035148178697445,0.07743532995077214,-0.29906356454600314,1.0089402564964804,-0.4198041697785502,0.7437018521330685,False
orig+VIX,cpcv_02_10,cpcv,orig+VIX GM paper,GM paper,gross,ok,optimal,uncapped,False,,1.003117,-0.12188124830279222,-0.1980542531641998,-0.28589841280350503,0.7550991306887704,-0.29179668519317803,0.7553240827585652,False
orig+VIX,cpcv_02_10,cpcv,orig+VIX GM paper,GM paper,full_cost_net,ok,optimal,uncapped,False,,1.003117,-1.485663563663929,-1.6620628432698878,-0.8559206600393462,0.9213519424166945,-0.7356807658824208,0.1989916066758587,False
orig+VIX,cpcv_02_10,cpcv,orig+VIX Equal premium capped,Equal premium capped,gross,ok,reference,hard,False,1.055384075,0.97677,-2.3215858227562203,-2.1407393621985897,-0.9896782856095903,1.2395233145111269,-0.9627771602543246,0.022120411309918507,False
orig+VIX,cpcv_02_10,cpcv,orig+VIX Equal premium capped,Equal premium capped,full_cost_net,ok,reference,hard,False,1.055384075,0.97677,-2.6107509647486147,-2.2732604807726102,-0.9943456063077856,1.2387235698534889,-0.9753784501126996,0.013396408109408798,False
orig+VIX,cpcv_02_10,cpcv,orig+VIX Equal risk capped,Equal risk capped,gross,ok,reference,hard,False,1.055384075,0.9772340000000002,-2.3142626986464347,-2.134693691953363,-0.9894721917722202,1.2370449055734378,-0.9623916181506046,0.022487869091023314,False
orig+VIX,cpcv_02_10,cpcv,orig+VIX Equal risk capped,Equal risk capped,full_cost_net,ok,reference,hard,False,1.055384075,0.9772340000000002,-2.6099716240274096,-2.2709159364846636,-0.9942894797337188,1.2361616505604012,-0.9752901804571121,0.013507129518733941,False
orig+VIX,cpcv_02_11,cpcv,orig+VIX E1 capped,E1 capped,gross,ok,optimal,hard,False,1.201934325,0.8772960000000001,1.0836603760883274,3.636443591909788,1.0719389011770217,1.0516125121454296,-0.4014045043817077,1.8350481056230041,False
orig+VIX,cpcv_02_11,cpcv,orig+VIX E1 capped,E1 capped,full_cost_net,ok,optimal,hard,False,1.201934325,0.8772960000000001,0.7783559828907629,2.2122262905919285,0.511691517951431,1.0437788000984913,-0.49822667812474375,1.411083283179643,False
orig+VIX,cpcv_02_11,cpcv,orig+VIX GM paper,GM paper,gross,ok,optimal,uncapped,False,,0.9979060000000001,-1.3303617149304656,-1.856803654097781,-0.8322496257881138,0.9828759696151703,-0.8184830687663431,0.2258844048255767,False
orig+VIX,cpcv_02_11,cpcv,orig+VIX GM paper,GM paper,full_cost_net,ok,optimal,uncapped,False,,0.9979060000000001,-2.685895206867068,-2.2020850067299933,-1.0,4.517114620427797,-1.0,0.0,True
orig+VIX,cpcv_02_11,cpcv,orig+VIX Equal premium capped,Equal premium capped,gross,ok,reference,hard,False,1.201934325,0.97675,-0.42332242189267466,-0.8271468682821258,-0.9452315547905792,2.311168363822683,-0.9569901703698536,0.08887412612674979,False
orig+VIX,cpcv_02_11,cpcv,orig+VIX Equal premium capped,Equal premium capped,full_cost_net,ok,reference,hard,False,1.201934325,0.97675,-0.5934899226426356,-1.0758722800775653,-0.9685995536937305,2.3062999556768595,-0.9705742000299209,0.055904467799320214,False
orig+VIX,cpcv_02_11,cpcv,orig+VIX Equal risk capped,Equal risk capped,gross,ok,reference,hard,False,1.201934325,0.9769729999999999,-0.40840440810124823,-0.8052753660610541,-0.9273020812052889,2.20310975941017,-0.9462782162845743,0.11252999899697155,False
orig+VIX,cpcv_02_11,cpcv,orig+VIX Equal risk capped,Equal risk capped,full_cost_net,ok,reference,hard,False,1.201934325,0.9769729999999999,-0.5647173811254406,-1.0392683773389861,-0.953975843024589,2.193956071976804,-0.9602637445639347,0.07688144461994617,False
orig+VIX,cpcv_03_04,cpcv,orig+VIX E1 capped,E1 capped,gross,ok,optimal,hard,False,1.0515049500000002,0.806206,2.5171652958728266,12.934444274723885,2.7362003737459877,0.6080928958115753,-0.14329768037822488,2.999336087864832,False
orig+VIX,cpcv_03_04,cpcv,orig+VIX E1 capped,E1 capped,full_cost_net,ok,optimal,hard,False,1.0515049500000002,0.806206,2.033905121290382,8.440791376325372,1.820741435792883,0.5990550572922025,-0.18221793626246952,2.3730272855873014,False
orig+VIX,cpcv_03_04,cpcv,orig+VIX GM paper,GM paper,gross,ok,optimal,uncapped,False,,0.990133,2.3090202777397164,10.163245555988354,2.4389498415619144,0.6280607690049934,-0.11003143520578196,2.7991201112185142,False
orig+VIX,cpcv_03_04,cpcv,orig+VIX GM paper,GM paper,full_cost_net,ok,optimal,uncapped,False,,0.990133,-1.3681457321987471,-1.458287261326665,-0.9023876392008512,1.0387337098033287,-0.8660395105582523,0.1438535819972909,False
orig+VIX,cpcv_03_04,cpcv,orig+VIX Equal premium capped,Equal premium capped,gross,ok,reference,hard,False,1.0515049500000002,0.9726100000000001,-0.9119187861653293,-1.1400117676709858,-0.8002744737061339,1.046372104088059,-0.8562426218331554,0.26123296429466125,False
orig+VIX,cpcv_03_04,cpcv,orig+VIX Equal premium capped,Equal premium capped,full_cost_net,ok,reference,hard,False,1.0515049500000002,0.9726100000000001,-1.2885928165042748,-1.4711960202803593,-0.8728763961717618,1.0322451132504007,-0.887708801538245,0.1792758664551624,False
orig+VIX,cpcv_03_04,cpcv,orig+VIX Equal risk capped,Equal risk capped,gross,ok,reference,hard,False,1.0515049500000002,0.97377,-1.068978175950725,-1.2920323756299894,-0.822776366998864,1.0161744739300398,-0.8597639590262766,0.2364656320779504,False
orig+VIX,cpcv_03_04,cpcv,orig+VIX Equal risk capped,Equal risk capped,full_cost_net,ok,reference,hard,False,1.0515049500000002,0.97377,-1.4629389569895506,-1.609314833272805,-0.8873719623905503,0.999792361042629,-0.8902478785115162,0.16207104448539889,False
orig+VIX,cpcv_03_05,cpcv,orig+VIX E1 capped,E1 capped,gross,ok,optimal,hard,False,1.0440547,0.834851,0.28412999096525854,0.4471879167128957,-0.12991520250332123,0.9243409489892377,-0.5438865659673957,0.8905014899610978,False
orig+VIX,cpcv_03_05,cpcv,orig+VIX E1 capped,E1 capped,full_cost_net,ok,optimal,hard,False,1.0440547,0.834851,-0.0416432663389868,-0.0608016548059224,-0.3661736859987106,0.9206362229161578,-0.6241288511039993,0.6838726276198679,False
orig+VIX,cpcv_03_05,cpcv,orig+VIX GM paper,GM paper,gross,ok,optimal,uncapped,False,,1.0040130000000003,0.5383390543305304,1.126762826474978,0.19508189583390356,0.7131783561335311,-0.2500428528120582,1.1601070236096354,False
orig+VIX,cpcv_03_05,cpcv,orig+VIX GM paper,GM paper,full_cost_net,ok,optimal,uncapped,False,,1.0040130000000003,-2.302686847659401,-2.175027716827214,-0.8733750827804332,0.7148900724092646,-0.7423402874444875,0.17868961455887755,False
orig+VIX,cpcv_03_05,cpcv,orig+VIX Equal premium capped,Equal premium capped,gross,ok,reference,hard,False,1.0440547,0.9794490000000001,-1.316020601189813,-1.5681016097899598,-0.9130350482405126,1.1772121541177973,-0.8860774202375653,0.130653249913947,False
orig+VIX,cpcv_03_05,cpcv,orig+VIX Equal premium capped,Equal premium capped,full_cost_net,ok,reference,hard,False,1.0440547,0.9794490000000001,-1.613689506118361,-1.7856562990506932,-0.9465799007171692,1.181977045909884,-0.9193923143046518,0.0870470202244924,False
orig+VIX,cpcv_03_05,cpcv,orig+VIX Equal risk capped,Equal risk capped,gross,ok,reference,hard,False,1.0440547,0.979913,-1.2819820138055231,-1.542430522878852,-0.9093355551993809,1.1808556444405178,-0.881950085415357,0.1352687588952365,False
orig+VIX,cpcv_03_05,cpcv,orig+VIX Equal risk capped,Equal risk capped,full_cost_net,ok,reference,hard,False,1.0440547,0.979913,-1.578383492223821,-1.7634320298053474,-0.9440952466589104,1.1853265322959252,-0.916212241540442,0.09040808697316911,False
orig+VIX,cpcv_03_06,cpcv,orig+VIX E1 capped,E1 capped,gross,ok,optimal,hard,False,1.0282517750000002,0.7952469999999998,1.4248299114521787,10.340357541844389,2.4636664662189216,1.2198454672654369,-0.19970860648395372,2.8158750999720765,False
orig+VIX,cpcv_03_06,cpcv,orig+VIX E1 capped,E1 capped,full_cost_net,ok,optimal,hard,False,1.0282517750000002,0.7952469999999998,1.1673958156897186,6.753169517590321,1.5795309257790744,1.2127523227534056,-0.28889739091218214,2.2026759796152713,False
orig+VIX,cpcv_03_06,cpcv,orig+VIX GM paper,GM paper,gross,ok,optimal,uncapped,False,,1.002718,1.9065966830115773,8.737141443624628,1.8808954493889765,0.6689261463116981,-0.11739074397658622,2.4151248209380225,False
orig+VIX,cpcv_03_06,cpcv,orig+VIX GM paper,GM paper,full_cost_net,ok,optimal,uncapped,False,,1.002718,-1.8284227939099147,-1.8473652647997008,-0.9563295166458349,1.1152223850343204,-0.9280801770743601,0.0735907675011491,False
orig+VIX,cpcv_03_06,cpcv,orig+VIX Equal premium capped,Equal premium capped,gross,ok,reference,hard,False,1.0282517750000002,0.9800239999999999,-0.28661916394302583,-0.5996890111941153,-0.8886968664667149,2.145547270626503,-0.9255999027310082,0.16048070592139563,False
orig+VIX,cpcv_03_06,cpcv,orig+VIX Equal premium capped,Equal premium capped,full_cost_net,ok,reference,hard,False,1.0282517750000002,0.9800239999999999,-0.46936118386340475,-0.9091792404380397,-0.9338755326047657,2.1414046555883375,-0.9448209412681372,0.10398447157246456,False
orig+VIX,cpcv_03_06,cpcv,orig+VIX Equal risk capped,Equal risk capped,gross,ok,reference,hard,False,1.0282517750000002,0.9800239999999999,-0.28661916394302583,-0.5996890111941153,-0.8886968664667149,2.145547270626503,-0.9255999027310082,0.16048070592139563,False
orig+VIX,cpcv_03_06,cpcv,orig+VIX Equal risk capped,Equal risk capped,full_cost_net,ok,reference,hard,False,1.0282517750000002,0.9800239999999999,-0.46936118386340475,-0.9091792404380397,-0.9338755326047657,2.1414046555883375,-0.9448209412681372,0.10398447157246456,False
orig+VIX,cpcv_03_07,cpcv,orig+VIX E1 capped,E1 capped,gross,ok,optimal,hard,False,1.0354030749999998,0.8440560000000001,3.084009358614636,23.453314249026818,6.020044626369316,0.7540189077759074,-0.12329424659242516,5.0732145279610705,False
orig+VIX,cpcv_03_07,cpcv,orig+VIX E1 capped,E1 capped,full_cost_net,ok,optimal,hard,False,1.0354030749999998,0.8440560000000001,2.6178703107911394,14.842415224761828,4.078246837030937,0.7438427555407797,-0.17794619406169798,3.8734222141142842,False
orig+VIX,cpcv_03_07,cpcv,orig+VIX GM paper,GM paper,gross,ok,optimal,uncapped,False,,0.9974569999999999,3.349235939773547,17.952519795015135,3.5087343216422084,0.5094909568618406,-0.08676931831739809,3.507886537035418,False
orig+VIX,cpcv_03_07,cpcv,orig+VIX GM paper,GM paper,full_cost_net,ok,optimal,uncapped,False,,0.9974569999999999,-1.305338179732935,-1.5203798942897377,-0.7736932673051022,0.8247164218043775,-0.7981385979066851,0.2898997864580195,False
orig+VIX,cpcv_03_07,cpcv,orig+VIX Equal premium capped,Equal premium capped,gross,ok,reference,hard,False,1.0354030749999998,0.9800430000000001,-0.04193017774256289,-0.07055905212607869,-0.6472507851323714,1.472124445234146,-0.8359216171207557,0.41965111352349654,False
orig+VIX,cpcv_03_07,cpcv,orig+VIX Equal premium capped,Equal premium capped,full_cost_net,ok,reference,hard,False,1.0354030749999998,0.9800430000000001,-0.33334126804526554,-0.5137288592179404,-0.7903971403201585,1.472435707738779,-0.8797198345789754,0.27195538933599406,False
orig+VIX,cpcv_03_07,cpcv,orig+VIX Equal risk capped,Equal risk capped,gross,ok,reference,hard,False,1.0354030749999998,0.9800430000000001,-0.04193017774256289,-0.07055905212607869,-0.6472507851323714,1.472124445234146,-0.8359216171207557,0.41965111352349654,False
orig+VIX,cpcv_03_07,cpcv,orig+VIX Equal risk capped,Equal risk capped,full_cost_net,ok,reference,hard,False,1.0354030749999998,0.9800430000000001,-0.33334126804526554,-0.5137288592179404,-0.7903971403201585,1.472435707738779,-0.8797198345789754,0.27195538933599406,False
orig+VIX,cpcv_03_08,cpcv,orig+VIX E1 capped,E1 capped,gross,ok,optimal,hard,False,1.0474828250000003,0.83832,1.3974719400898516,9.75560178197557,1.8996026629560498,1.028879824014056,-0.16347515129699952,2.428186694063515,False
orig+VIX,cpcv_03_08,cpcv,orig+VIX E1 capped,E1 capped,full_cost_net,ok,optimal,hard,False,1.0474828250000003,0.83832,1.0695128092477444,5.296443291495032,1.1051063980358697,1.0258514964948198,-0.2601626177838021,1.8594951187919375,False
orig+VIX,cpcv_03_08,cpcv,orig+VIX GM paper,GM paper,gross,ok,optimal,uncapped,False,,0.9988419999999999,1.873190996455781,13.822207820945932,1.8877031374670055,0.6775193821475476,-0.0971803429214606,2.4198797608687226,False
orig+VIX,cpcv_03_08,cpcv,orig+VIX GM paper,GM paper,full_cost_net,ok,optimal,uncapped,False,,0.9988419999999999,-0.7958727858943339,-1.014181980319348,-0.7794378178676631,1.0231344238283993,-0.7750194517935701,0.28375435879004174,False
orig+VIX,cpcv_03_08,cpcv,orig+VIX Equal premium capped,Equal premium capped,gross,ok,reference,hard,False,1.0474828250000003,0.9757420000000001,-1.691769047212752,-1.7865401402022818,-0.9349121942653414,1.0863084104750542,-0.9292771888991025,0.10262417816810812,False
orig+VIX,cpcv_03_08,cpcv,orig+VIX Equal premium capped,Equal premium capped,full_cost_net,ok,reference,hard,False,1.0474828250000003,0.9757420000000001,-2.039690886815224,-1.9962268269390464,-0.9619673175499054,1.0898294284968726,-0.9519714646683101,0.06558393407942793,False
orig+VIX,cpcv_03_08,cpcv,orig+VIX Equal risk capped,Equal risk capped,gross,ok,reference,hard,False,1.0474828250000003,0.9758590000000001,-1.7216477860631187,-1.8004909390954862,-0.9374212927575508,1.0838477428573137,-0.9312450781374049,0.09931667145993346,False
orig+VIX,cpcv_03_08,cpcv,orig+VIX Equal risk capped,Equal risk capped,full_cost_net,ok,reference,hard,False,1.0474828250000003,0.9758590000000001,-2.0687907386603963,-2.0081018547480705,-0.9634876632057943,1.0875749653548696,-0.9533774436365975,0.06339179128324425,False
orig+VIX,cpcv_03_09,cpcv,orig+VIX E1 capped,E1 capped,gross,ok,optimal,hard,False,1.0438342000000003,0.826327,1.8545285230102653,8.038694140921196,1.3875160033819771,0.5511227193183331,-0.1301962853708043,2.06516731418246,False
orig+VIX,cpcv_03_09,cpcv,orig+VIX E1 capped,E1 capped,full_cost_net,ok,optimal,hard,False,1.0438342000000003,0.826327,1.325282826050815,4.1242663870377525,0.8023211692708077,0.5456347357497487,-0.18448772763030907,1.6337796657625583,False
orig+VIX,cpcv_03_09,cpcv,orig+VIX GM paper,GM paper,gross,ok,optimal,uncapped,False,,0.9994739999999999,1.8078944524454963,6.411674239014882,0.8754991348360956,0.3920538164549017,-0.07897146750529271,1.6888745455299616,False
orig+VIX,cpcv_03_09,cpcv,orig+VIX GM paper,GM paper,full_cost_net,ok,optimal,uncapped,False,,0.9994739999999999,-1.7542996743923278,-1.7699086858778141,-0.6106440195132432,0.45834806691640007,-0.520175012539972,0.4556405577967785,False
orig+VIX,cpcv_03_09,cpcv,orig+VIX Equal premium capped,Equal premium capped,gross,ok,reference,hard,False,1.0438342000000003,0.979955,-1.536457774793825,-1.7663371464157909,-0.9341440511523869,1.1697591164556775,-0.8930542357608158,0.10363246844776808,False
orig+VIX,cpcv_03_09,cpcv,orig+VIX Equal premium capped,Equal premium capped,full_cost_net,ok,reference,hard,False,1.0438342000000003,0.979955,-1.8258647078925647,-1.9586809572708914,-0.9591315519984533,1.1734514724349656,-0.9253479598467788,0.06963433854139382,False
orig+VIX,cpcv_03_09,cpcv,orig+VIX Equal risk capped,Equal risk capped,gross,ok,reference,hard,False,1.0438342000000003,0.9794539999999999,-1.5523217084125396,-1.7720008729027845,-0.934630507359509,1.163223522852664,-0.8937678770039986,0.10299415887808161,False
orig+VIX,cpcv_03_09,cpcv,orig+VIX Equal risk capped,Equal risk capped,full_cost_net,ok,reference,hard,False,1.0438342000000003,0.9794539999999999,-1.8426628174774349,-1.963840875005012,-0.959344890456688,1.1665892989183986,-0.9257384831504265,0.06933128980237714,False
orig+VIX,cpcv_03_10,cpcv,orig+VIX E1 capped,E1 capped,gross,ok,optimal,hard,False,1.0501498500000002,0.8393020000000002,0.6919110236494531,1.6638950713444878,0.3662441169851576,0.9276957280008743,-0.3166326875466794,1.2970008302319864,False
orig+VIX,cpcv_03_10,cpcv,orig+VIX E1 capped,E1 capped,full_cost_net,ok,optimal,hard,False,1.0501498500000002,0.8393020000000002,0.3778408066405881,0.8028604865831764,0.01807702246730103,0.927774922289524,-0.3587406208903081,1.0150416504073607,False
orig+VIX,cpcv_03_10,cpcv,orig+VIX GM paper,GM paper,gross,ok,optimal,uncapped,False,,0.997143,1.3662432551148835,4.951873975563714,1.036008275950255,0.649022557122188,-0.1441287154444838,1.8084907112612674,False
orig+VIX,cpcv_03_10,cpcv,orig+VIX GM paper,GM paper,full_cost_net,ok,optimal,uncapped,False,,0.997143,-0.8586277309281293,-1.238339438440144,-0.6399701027148199,0.8171336833379365,-0.5100567593627097,0.4268567356270157,False
orig+VIX,cpcv_03_10,cpcv,orig+VIX Equal premium capped,Equal premium capped,gross,ok,reference,hard,False,1.0501498500000002,0.9799619999999999,-2.0996966893754023,-1.994064617463447,-0.9802063616449175,1.175207809469461,-0.9608633089887236,0.0380573045730566,False
orig+VIX,cpcv_03_10,cpcv,orig+VIX Equal premium capped,Equal premium capped,full_cost_net,ok,reference,hard,False,1.0501498500000002,0.9799619999999999,-2.375986186636522,-2.1383621755681,-0.9886180108276027,1.1795918857284755,-0.9744485005730789,0.023998373420474922,False
orig+VIX,cpcv_03_10,cpcv,orig+VIX Equal risk capped,Equal risk capped,gross,ok,reference,hard,False,1.0501498500000002,0.979114,-2.0787869082555157,-1.9781865176140596,-0.979167717004208,1.1709408603222209,-0.9591948569732337,0.03971434359245046,False
orig+VIX,cpcv_03_10,cpcv,orig+VIX Equal risk capped,Equal risk capped,full_cost_net,ok,reference,hard,False,1.0501498500000002,0.979114,-2.355289289884773,-2.1241945444156536,-0.9879550453042325,1.1750409030537534,-0.9732507789223241,0.025157702418431255,False
orig+VIX,cpcv_03_11,cpcv,orig+VIX E1 capped,E1 capped,gross,ok,optimal,hard,False,1.190673925,0.8817240000000001,0.4190990049732175,0.947051195689011,0.03647683209743158,1.052372825630026,-0.5268899869124479,1.030306245550349,False
orig+VIX,cpcv_03_11,cpcv,orig+VIX E1 capped,E1 capped,full_cost_net,ok,optimal,hard,False,1.190673925,0.8817240000000001,0.11400649168265216,0.23001774118252527,-0.2515230305871736,1.04052601417455,-0.622156409516023,0.785504543450125,False
orig+VIX,cpcv_03_11,cpcv,orig+VIX GM paper,GM paper,gross,ok,optimal,uncapped,False,,0.995148,0.12105199917268529,0.2704831741456986,-0.1981880033756127,0.9642690964326186,-0.5571722589771347,0.8318795691063491,False
orig+VIX,cpcv_03_11,cpcv,orig+VIX GM paper,GM paper,full_cost_net,ok,optimal,uncapped,False,,0.995148,-2.368208888616892,-2.0536476094471925,-1.0,3.0878211878164694,-1.0,0.0,True
orig+VIX,cpcv_03_11,cpcv,orig+VIX Equal premium capped,Equal premium capped,gross,ok,reference,hard,False,1.190673925,0.9781260000000002,-0.5701299536520966,-1.1523527207433175,-0.9491759929721568,2.254359047150529,-0.9708243355866686,0.08350723139992987,False
orig+VIX,cpcv_03_11,cpcv,orig+VIX Equal premium capped,Equal premium capped,full_cost_net,ok,reference,hard,False,1.190673925,0.9781260000000002,-0.7467833996909315,-1.386867721286402,-0.9705000827308643,2.248354796762809,-0.9805681290349343,0.05307019275476608,False
orig+VIX,cpcv_03_11,cpcv,orig+VIX Equal risk capped,Equal risk capped,gross,ok,reference,hard,False,1.190673925,0.978545,-0.5432358201259686,-1.116501364475833,-0.9303438149643033,2.1351690612600693,-0.9604925460344996,0.10859247651966741,False
orig+VIX,cpcv_03_11,cpcv,orig+VIX Equal risk capped,Equal risk capped,full_cost_net,ok,reference,hard,False,1.190673925,0.978545,-0.707333531948947,-1.3423390623651852,-0.9557474878552938,2.126155280064664,-0.9716428247977669,0.07440719650598468,False
orig+VIX,cpcv_04_05,cpcv,orig+VIX E1 capped,E1 capped,gross,ok,optimal,hard,False,1.037777175,0.843951,1.40910186177366,2.680614731476955,1.6348287080764683,1.1362012865019422,-0.5005038775356014,2.241955503986505,False
orig+VIX,cpcv_04_05,cpcv,orig+VIX E1 capped,E1 capped,full_cost_net,ok,optimal,hard,False,1.037777175,0.843951,1.109244038814265,1.9784760758159838,0.8880577744654357,1.1355056087288002,-0.561801108723371,1.6982934435315087,False
orig+VIX,cpcv_04_05,cpcv,orig+VIX GM paper,GM paper,gross,ok,optimal,uncapped,False,,1.001466,1.1109673747943445,2.398466464128609,0.9251410469684014,0.9292486401465856,-0.2820507407370735,1.7260450564005723,False
orig+VIX,cpcv_04_05,cpcv,orig+VIX GM paper,GM paper,full_cost_net,ok,optimal,uncapped,False,,1.001466,-1.4391442080609362,-1.518211360604588,-0.920410141783832,1.0891081205560398,-0.893142733765114,0.12135232716923916,False
orig+VIX,cpcv_04_05,cpcv,orig+VIX Equal premium capped,Equal premium capped,gross,ok,reference,hard,False,1.037777175,0.9745200000000002,0.29307075245167746,0.5057941143414576,-0.2718442167596564,1.231797746370233,-0.49097643714137174,0.7676918309911608,False
orig+VIX,cpcv_04_05,cpcv,orig+VIX Equal premium capped,Equal premium capped,full_cost_net,ok,reference,hard,False,1.037777175,0.9745200000000002,-0.022472755841612645,-0.03520174012915361,-0.5239306618020431,1.2258935526065902,-0.5665209902562562,0.5387556560969144,False
orig+VIX,cpcv_04_05,cpcv,orig+VIX Equal risk capped,Equal risk capped,gross,ok,reference,hard,False,1.037777175,0.9745200000000002,0.29307075245167746,0.5057941143414576,-0.2718442167596564,1.231797746370233,-0.49097643714137174,0.7676918309911608,False
orig+VIX,cpcv_04_05,cpcv,orig+VIX Equal risk capped,Equal risk capped,full_cost_net,ok,reference,hard,False,1.037777175,0.9745200000000002,-0.022472755841612645,-0.03520174012915361,-0.5239306618020431,1.2258935526065902,-0.5665209902562562,0.5387556560969144,False
orig+VIX,cpcv_04_06,cpcv,orig+VIX E1 capped,E1 capped,gross,ok,optimal,hard,False,1.0203677000000002,0.7835659999999999,2.480313713539559,20.97697330134867,8.00150622377449,1.12379003443062,-0.12129931337883093,6.241121754715329,False
orig+VIX,cpcv_04_06,cpcv,orig+VIX E1 capped,E1 capped,full_cost_net,ok,optimal,hard,False,1.0203677000000002,0.7835659999999999,2.1680488901809305,15.3062749859182,5.66694457454364,1.124497881693678,-0.14540106202770764,4.859657968086128,False
orig+VIX,cpcv_04_06,cpcv,orig+VIX GM paper,GM paper,gross,ok,optimal,uncapped,False,,0.9977919999999999,2.2968086948210766,7.572935084141533,3.144721056760659,0.7548234873278618,-0.19174042498371435,3.270238468304058,False
orig+VIX,cpcv_04_06,cpcv,orig+VIX GM paper,GM paper,full_cost_net,ok,optimal,uncapped,False,,0.9977919999999999,-1.1528222358466156,-1.2921328652120554,-0.929274265125602,1.2336618111214306,-0.9248868097411186,0.10998021319857644,False
orig+VIX,cpcv_04_06,cpcv,orig+VIX Equal premium capped,Equal premium capped,gross,ok,reference,hard,False,1.0203677000000002,0.9699719999999998,0.7206138205017789,2.027561577981508,0.15510594297528324,2.109740167439925,-0.6516223970325221,1.127677326860538,False
orig+VIX,cpcv_04_06,cpcv,orig+VIX Equal premium capped,Equal premium capped,full_cost_net,ok,reference,hard,False,1.0203677000000002,0.9699719999999998,0.525411512741195,1.3594461568061753,-0.2582610435517978,2.1025566106194806,-0.6869648304783574,0.7796073186509075,False
orig+VIX,cpcv_04_06,cpcv,orig+VIX Equal risk capped,Equal risk capped,gross,ok,reference,hard,False,1.0203677000000002,0.9699719999999998,0.7206138205017789,2.027561577981508,0.15510594297528324,2.109740167439925,-0.6516223970325221,1.127677326860538,False
orig+VIX,cpcv_04_06,cpcv,orig+VIX Equal risk capped,Equal risk capped,full_cost_net,ok,reference,hard,False,1.0203677000000002,0.9699719999999998,0.525411512741195,1.3594461568061753,-0.2582610435517978,2.1025566106194806,-0.6869648304783574,0.7796073186509075,False
orig+VIX,cpcv_04_07,cpcv,orig+VIX E1 capped,E1 capped,gross,ok,optimal,hard,False,1.023678325,0.842075,6.665935718195741,,24.84417568142619,0.5776485574698131,0.0,15.03034342588986,False
orig+VIX,cpcv_04_07,cpcv,orig+VIX E1 capped,E1 capped,full_cost_net,ok,optimal,hard,False,1.023678325,0.842075,5.870056597486334,,17.911588206772525,0.5882982576054893,0.0,11.586172821933964,False
orig+VIX,cpcv_04_07,cpcv,orig+VIX GM paper,GM paper,gross,ok,optimal,uncapped,False,,1.000883,3.1160690859133457,12.002537140112713,4.631739827593215,0.6504596581850124,-0.15268681626077796,4.222167768347392,False
orig+VIX,cpcv_04_07,cpcv,orig+VIX GM paper,GM paper,full_cost_net,ok,optimal,uncapped,False,,1.000883,-1.6536663091201347,-1.6269183442878765,-1.0,1.722318311471357,-1.0,0.0,True
orig+VIX,cpcv_04_07,cpcv,orig+VIX Equal premium capped,Equal premium capped,gross,ok,reference,hard,False,1.023678325,0.9740519999999999,1.4920833252566021,3.714567196398681,2.3723091522534467,1.3383458481317578,-0.3695426739725285,2.7538449489603756,False
orig+VIX,cpcv_04_07,cpcv,orig+VIX Equal premium capped,Equal premium capped,full_cost_net,ok,reference,hard,False,1.023678325,0.9740519999999999,1.1638641851638059,2.5743055606070784,1.1937445994599059,1.338798972260065,-0.4149102257234125,1.9245168618281634,False
orig+VIX,cpcv_04_07,cpcv,orig+VIX Equal risk capped,Equal risk capped,gross,ok,reference,hard,False,1.023678325,0.9740519999999999,1.4920833252566021,3.714567196398681,2.3723091522534467,1.3383458481317578,-0.3695426739725285,2.7538449489603756,False
orig+VIX,cpcv_04_07,cpcv,orig+VIX Equal risk capped,Equal risk capped,full_cost_net,ok,reference,hard,False,1.023678325,0.9740519999999999,1.1638641851638059,2.5743055606070784,1.1937445994599059,1.338798972260065,-0.4149102257234125,1.9245168618281634,False
orig+VIX,cpcv_04_08,cpcv,orig+VIX E1 capped,E1 capped,gross,ok,optimal,hard,False,1.0305613999999998,0.8372760000000001,2.9358264039273676,28.346124472060765,9.709284834765578,1.0041565901898188,-0.09282103872208536,7.213295513880563,False
orig+VIX,cpcv_04_08,cpcv,orig+VIX E1 capped,E1 capped,full_cost_net,ok,optimal,hard,False,1.0305613999999998,0.8372760000000001,2.5510024937113553,17.343719302582215,6.76711615382079,1.0083910827419618,-0.11820375424169427,5.519289399859621,False
orig+VIX,cpcv_04_08,cpcv,orig+VIX GM paper,GM paper,gross,ok,optimal,uncapped,False,,0.994534,2.6302645220648424,12.495297994137351,4.55977220945009,0.7869593742082142,-0.13526879836917804,4.177157320205956,False
orig+VIX,cpcv_04_08,cpcv,orig+VIX GM paper,GM paper,full_cost_net,ok,optimal,uncapped,False,,0.994534,-0.17402484031150517,-0.2317082858042273,-0.6630929016805697,1.18935764430775,-0.8180120956369987,0.4038856915635486,False
orig+VIX,cpcv_04_08,cpcv,orig+VIX Equal premium capped,Equal premium capped,gross,ok,reference,hard,False,1.0305613999999998,0.9714190000000001,0.006939627207349465,0.010530994720654463,-0.4820979941241975,1.167731150787304,-0.6881509372207002,0.5779270127970421,False
orig+VIX,cpcv_04_08,cpcv,orig+VIX Equal premium capped,Equal premium capped,full_cost_net,ok,reference,hard,False,1.0305613999999998,0.9714190000000001,-0.3472220245570936,-0.4786659535138405,-0.6772516526576804,1.1634178777867046,-0.7446403795941614,0.38969068308127414,False
orig+VIX,cpcv_04_08,cpcv,orig+VIX Equal risk capped,Equal risk capped,gross,ok,reference,hard,False,1.0305613999999998,0.9714190000000001,0.006939627207349465,0.010530994720654463,-0.4820979941241975,1.167731150787304,-0.6881509372207002,0.5779270127970421,False
orig+VIX,cpcv_04_08,cpcv,orig+VIX Equal risk capped,Equal risk capped,full_cost_net,ok,reference,hard,False,1.0305613999999998,0.9714190000000001,-0.3472220245570936,-0.4786659535138405,-0.6772516526576804,1.1634178777867046,-0.7446403795941614,0.38969068308127414,False
orig+VIX,cpcv_04_09,cpcv,orig+VIX E1 capped,E1 capped,gross,ok,optimal,hard,False,1.0279424249999998,0.8211650000000001,3.826633412858545,27.952406592706815,7.281176867218111,0.6449118754625724,-0.07384533216751277,5.822060537621158,False
orig+VIX,cpcv_04_09,cpcv,orig+VIX E1 capped,E1 capped,full_cost_net,ok,optimal,hard,False,1.0279424249999998,0.8211650000000001,3.3178288385076646,17.258463352581135,5.233409854097073,0.6436249867107743,-0.0979064881253473,4.594850681032635,False
orig+VIX,cpcv_04_09,cpcv,orig+VIX GM paper,GM paper,gross,ok,optimal,uncapped,False,,0.9979880000000001,2.1802286184048394,7.639851165929963,1.9216313854865366,0.5741444130588145,-0.11576308995301332,2.4435497433552213,False
orig+VIX,cpcv_04_09,cpcv,orig+VIX GM paper,GM paper,full_cost_net,ok,optimal,uncapped,False,,0.9979880000000001,-1.2110021326991405,-1.2729555180595518,-0.9062440663955287,1.0786704890424659,-0.8909981314681537,0.1391016566572329,False
orig+VIX,cpcv_04_09,cpcv,orig+VIX Equal premium capped,Equal premium capped,gross,ok,reference,hard,False,1.0279424249999998,0.9710570000000002,0.17205155799669983,0.29548326120512575,-0.38693539524632825,1.2720032639373184,-0.5284579147215263,0.665153482257146,False
orig+VIX,cpcv_04_09,cpcv,orig+VIX Equal premium capped,Equal premium capped,full_cost_net,ok,reference,hard,False,1.0279424249999998,0.9710570000000002,-0.12157358256957564,-0.1912612850808073,-0.591825354683215,1.2627956608390631,-0.5905227775114803,0.4739199816609009,False
orig+VIX,cpcv_04_09,cpcv,orig+VIX Equal risk capped,Equal risk capped,gross,ok,reference,hard,False,1.0279424249999998,0.9710570000000002,0.17205155799669983,0.29548326120512575,-0.38693539524632825,1.2720032639373184,-0.5284579147215263,0.665153482257146,False
orig+VIX,cpcv_04_09,cpcv,orig+VIX Equal risk capped,Equal risk capped,full_cost_net,ok,reference,hard,False,1.0279424249999998,0.9710570000000002,-0.12157358256957564,-0.1912612850808073,-0.591825354683215,1.2627956608390631,-0.5905227775114803,0.4739199816609009,False
orig+VIX,cpcv_04_10,cpcv,orig+VIX E1 capped,E1 capped,gross,ok,optimal,hard,False,1.0393681750000001,0.836174,1.9767908952859614,5.471311520161751,3.621166056318345,1.0437552875153309,-0.3150647582079117,3.580631644970351,False
orig+VIX,cpcv_04_10,cpcv,orig+VIX E1 capped,E1 capped,full_cost_net,ok,optimal,hard,False,1.0393681750000001,0.836174,1.6539595110738414,4.090252297442086,2.394113173089461,1.044135454818806,-0.35717590426757695,2.7686747037820605,False
orig+VIX,cpcv_04_10,cpcv,orig+VIX GM paper,GM paper,gross,ok,optimal,uncapped,False,,0.997455,2.5252837034645643,14.749643585193034,3.3314412787093897,0.687155160731028,-0.08958986483775422,3.3925560054955657,False
orig+VIX,cpcv_04_10,cpcv,orig+VIX GM paper,GM paper,full_cost_net,ok,optimal,uncapped,False,,0.997455,-0.7627434358841483,-0.8931546038038911,-0.9236256468123586,1.3273171560686259,-0.9331919795782453,0.1172527276144773,False
orig+VIX,cpcv_04_10,cpcv,orig+VIX Equal premium capped,Equal premium capped,gross,ok,reference,hard,False,1.0393681750000001,0.971529,-0.5149082050734292,-0.6604525113200479,-0.8493503674559961,1.316766204526827,-0.8295676541581718,0.20652536446435726,False
orig+VIX,cpcv_04_10,cpcv,orig+VIX Equal premium capped,Equal premium capped,full_cost_net,ok,reference,hard,False,1.0393681750000001,0.971529,-0.802914234531021,-0.9648496003109216,-0.9091692730808576,1.307850298296918,-0.8672474328780755,0.13547546745832717,False
orig+VIX,cpcv_04_10,cpcv,orig+VIX Equal risk capped,Equal risk capped,gross,ok,reference,hard,False,1.0393681750000001,0.971529,-0.5149082050734292,-0.6604525113200479,-0.8493503674559961,1.316766204526827,-0.8295676541581718,0.20652536446435726,False
orig+VIX,cpcv_04_10,cpcv,orig+VIX Equal risk capped,Equal risk capped,full_cost_net,ok,reference,hard,False,1.0393681750000001,0.971529,-0.802914234531021,-0.9648496003109216,-0.9091692730808576,1.307850298296918,-0.8672474328780755,0.13547546745832717,False
orig+VIX,cpcv_04_11,cpcv,orig+VIX E1 capped,E1 capped,gross,ok,optimal,hard,False,1.189111225,0.8697229999999999,2.6552812186296832,11.279799216920411,8.58884110641497,1.1047301365544735,-0.23366547923024716,6.578675048778676,False
orig+VIX,cpcv_04_11,cpcv,orig+VIX E1 capped,E1 capped,full_cost_net,ok,optimal,hard,False,1.189111225,0.8697229999999999,2.273418813368854,8.532153134222797,5.7102478762915245,1.1088565808373934,-0.2760770717789257,4.885947574412227,False
orig+VIX,cpcv_04_11,cpcv,orig+VIX GM paper,GM paper,gross,ok,optimal,uncapped,False,,0.9976610000000001,1.5154915174775065,4.636563446073741,2.1220387450895553,1.0867425598767506,-0.4763585157311344,2.582449912779496,False
orig+VIX,cpcv_04_11,cpcv,orig+VIX GM paper,GM paper,full_cost_net,ok,optimal,uncapped,False,,0.9976610000000001,-1.111450416102728,-1.115975589744392,-1.0,7.001541042284893,-1.0,0.0,True
orig+VIX,cpcv_04_11,cpcv,orig+VIX Equal premium capped,Equal premium capped,gross,ok,reference,hard,False,1.189111225,0.9675570000000002,0.47515307590099615,1.2487945380900634,-0.34223143498737185,2.2346699252653717,-0.8439647351187858,0.7053330953863025,False
orig+VIX,cpcv_04_11,cpcv,orig+VIX Equal premium capped,Equal premium capped,full_cost_net,ok,reference,hard,False,1.189111225,0.9675570000000002,0.2710853281774873,0.6467865457159492,-0.6085538017446924,2.231456597176965,-0.8776763027840517,0.4576780309108273,False
orig+VIX,cpcv_04_11,cpcv,orig+VIX Equal risk capped,Equal risk capped,gross,ok,reference,hard,False,1.189111225,0.968247,0.5333245322507916,1.386079205997617,-0.21900346186710595,2.1330643630622266,-0.8230088321767912,0.8138435464751536,False
orig+VIX,cpcv_04_11,cpcv,orig+VIX Equal risk capped,Equal risk capped,full_cost_net,ok,reference,hard,False,1.189111225,0.968247,0.33834248014838086,0.8052240804822701,-0.49943041966817314,2.117777277259236,-0.8522346330803909,0.5617637505221517,False
orig+VIX,cpcv_05_06,cpcv,orig+VIX E1 capped,E1 capped,gross,ok,optimal,hard,False,1.0297294500000003,0.817969,1.1748767512946048,3.0697522789556104,1.5026437254421912,1.494358931812823,-0.3615590462007835,2.147826468883888,False
orig+VIX,cpcv_05_06,cpcv,orig+VIX E1 capped,E1 capped,full_cost_net,ok,optimal,hard,False,1.0297294500000003,0.817969,0.9599505418509415,2.329370038141528,0.8212407890096365,1.490703265954345,-0.3863311196482202,1.648059196151389,False
orig+VIX,cpcv_05_06,cpcv,orig+VIX GM paper,GM paper,gross,ok,optimal,uncapped,False,,1.00285,1.060126336476386,2.55840093271954,0.8922303478596743,0.9743311546328343,-0.301873307217166,1.7014205327432845,False
orig+VIX,cpcv_05_06,cpcv,orig+VIX GM paper,GM paper,full_cost_net,ok,optimal,uncapped,False,,1.00285,-0.9309230252159855,-1.17438054161309,-0.8192824932452831,1.0745619489832379,-0.8235194540796086,0.24034413122038828,False
orig+VIX,cpcv_05_06,cpcv,orig+VIX Equal premium capped,Equal premium capped,gross,ok,reference,hard,False,1.0297294500000003,0.9686189999999999,0.3030772205596897,0.730899592230463,-0.5855018512846719,2.1934628762274584,-0.7710530894103118,0.4800304967173468,False
orig+VIX,cpcv_05_06,cpcv,orig+VIX Equal premium capped,Equal premium capped,full_cost_net,ok,reference,hard,False,1.0297294500000003,0.9686189999999999,0.12863240168455936,0.2858540638158599,-0.7385968036128575,2.191229859752818,-0.810537637728628,0.3269081476452972,False
orig+VIX,cpcv_05_06,cpcv,orig+VIX Equal risk capped,Equal risk capped,gross,ok,reference,hard,False,1.0297294500000003,0.9686189999999999,0.3030772205596897,0.730899592230463,-0.5855018512846719,2.1934628762274584,-0.7710530894103118,0.4800304967173468,False
orig+VIX,cpcv_05_06,cpcv,orig+VIX Equal risk capped,Equal risk capped,full_cost_net,ok,reference,hard,False,1.0297294500000003,0.9686189999999999,0.12863240168455936,0.2858540638158599,-0.7385968036128575,2.191229859752818,-0.810537637728628,0.3269081476452972,False
orig+VIX,cpcv_05_07,cpcv,orig+VIX E1 capped,E1 capped,gross,ok,optimal,hard,False,1.0225968250000002,0.825399,1.874642082974737,3.758069875274209,3.1980493755893473,1.1247336287542133,-0.35526064889637576,3.305265002930403,False
orig+VIX,cpcv_05_07,cpcv,orig+VIX E1 capped,E1 capped,full_cost_net,ok,optimal,hard,False,1.0225968250000002,0.825399,1.562377737642806,2.9230414560157003,2.0147789651222454,1.1208458749971981,-0.3801964352764655,2.5083004940252334,False
orig+VIX,cpcv_05_07,cpcv,orig+VIX GM paper,GM paper,gross,ok,optimal,uncapped,False,,1.0008010000000003,1.7818726383633843,4.3079281705397685,2.285170235922194,0.8858445810210985,-0.22885078450551966,2.6944175556748844,False
orig+VIX,cpcv_05_07,cpcv,orig+VIX GM paper,GM paper,full_cost_net,ok,optimal,uncapped,False,,1.0008010000000003,-0.9072370986709032,-1.1248134510166177,-0.7626627073634976,0.9845148311516828,-0.7995823883720599,0.30162799920401606,False
orig+VIX,cpcv_05_07,cpcv,orig+VIX Equal premium capped,Equal premium capped,gross,ok,reference,hard,False,1.0225968250000002,0.9801069999999998,0.8119466750192633,1.6526159631394959,0.2819135826375898,1.55756106178539,-0.4839403385253853,1.2299353700424358,False
orig+VIX,cpcv_05_07,cpcv,orig+VIX Equal premium capped,Equal premium capped,full_cost_net,ok,reference,hard,False,1.0225968250000002,0.9801069999999998,0.5414399276068483,1.000389253718273,-0.1924516853710253,1.5622054784427977,-0.5753853103712836,0.83683614321046,False
orig+VIX,cpcv_05_07,cpcv,orig+VIX Equal risk capped,Equal risk capped,gross,ok,reference,hard,False,1.0225968250000002,0.9801069999999998,0.8119466750192633,1.6526159631394959,0.2819135826375898,1.55756106178539,-0.4839403385253853,1.2299353700424358,False
orig+VIX,cpcv_05_07,cpcv,orig+VIX Equal risk capped,Equal risk capped,full_cost_net,ok,reference,hard,False,1.0225968250000002,0.9801069999999998,0.5414399276068483,1.000389253718273,-0.1924516853710253,1.5622054784427977,-0.5753853103712836,0.83683614321046,False
orig+VIX,cpcv_05_08,cpcv,orig+VIX E1 capped,E1 capped,gross,ok,optimal,hard,False,1.029411475,0.818002,0.9887103445433696,2.2576964307323895,0.8431957976826394,1.3127236669449756,-0.3552596957766362,1.6645987327098806,False
orig+VIX,cpcv_05_08,cpcv,orig+VIX E1 capped,E1 capped,full_cost_net,ok,optimal,hard,False,1.029411475,0.818002,0.738139408761319,1.5523033743180579,0.3214308750637176,1.3121686860431747,-0.3798260452757891,1.2614509694336096,False
orig+VIX,cpcv_05_08,cpcv,orig+VIX GM paper,GM paper,gross,ok,optimal,uncapped,False,,0.9950520000000002,1.1385690103946822,2.9491619632559876,1.0179942758614202,0.9309572331443087,-0.22683912839195874,1.7951466860018115,False
orig+VIX,cpcv_05_08,cpcv,orig+VIX GM paper,GM paper,full_cost_net,ok,optimal,uncapped,False,,0.9950520000000002,0.09985155750473006,0.17176904554149175,-0.20269043877458037,0.8509860857687388,-0.35838437615154484,0.8279850146986675,False
orig+VIX,cpcv_05_08,cpcv,orig+VIX Equal premium capped,Equal premium capped,gross,ok,reference,hard,False,1.029411475,0.975558,-0.4793080587403841,-0.6788354220150642,-0.7765704435051326,1.3075759021068807,-0.7797608201114973,0.2868251214892718,False
orig+VIX,cpcv_05_08,cpcv,orig+VIX Equal premium capped,Equal premium capped,full_cost_net,ok,reference,hard,False,1.029411475,0.975558,-0.7697787782016281,-1.003267403315865,-0.8628557383150066,1.3135095139149509,-0.8332279782901963,0.19097713213489823,False
orig+VIX,cpcv_05_08,cpcv,orig+VIX Equal risk capped,Equal risk capped,gross,ok,reference,hard,False,1.029411475,0.975558,-0.4793080587403841,-0.6788354220150642,-0.7765704435051326,1.3075759021068807,-0.7797608201114973,0.2868251214892718,False
orig+VIX,cpcv_05_08,cpcv,orig+VIX Equal risk capped,Equal risk capped,full_cost_net,ok,reference,hard,False,1.029411475,0.975558,-0.7697787782016281,-1.003267403315865,-0.8628557383150066,1.3135095139149509,-0.8332279782901963,0.19097713213489823,False
orig+VIX,cpcv_05_09,cpcv,orig+VIX E1 capped,E1 capped,gross,ok,optimal,hard,False,1.0198854,0.8115669999999999,0.9213708142127781,1.663545190083805,0.5780047173735541,1.005388353945811,-0.35176704272569204,1.4624810506737704,False
orig+VIX,cpcv_05_09,cpcv,orig+VIX E1 capped,E1 capped,full_cost_net,ok,optimal,hard,False,1.0198854,0.8115669999999999,0.633138261655399,1.061727776392017,0.17597963200206612,1.0054718986315405,-0.3757807995206074,1.1446336254165699,False
orig+VIX,cpcv_05_09,cpcv,orig+VIX GM paper,GM paper,gross,ok,optimal,uncapped,False,,1.0023259999999998,0.6726933056535968,1.4080573822829627,0.31084293282575004,0.7347651486124244,-0.22107068192397994,1.253022532647802,False
orig+VIX,cpcv_05_09,cpcv,orig+VIX GM paper,GM paper,full_cost_net,ok,optimal,uncapped,False,,1.0023259999999998,-0.8544206273055934,-1.0798082077517641,-0.49709253242527573,0.5921841370013884,-0.46272188162821914,0.5639493109409768,False
orig+VIX,cpcv_05_09,cpcv,orig+VIX Equal premium capped,Equal premium capped,gross,ok,reference,hard,False,1.0198854,0.9775189999999999,-0.3044565191979652,-0.4842151856463248,-0.7451161831182675,1.4339219891819674,-0.6466144567853096,0.32009966407813256,False
orig+VIX,cpcv_05_09,cpcv,orig+VIX Equal premium capped,Equal premium capped,full_cost_net,ok,reference,hard,False,1.0198854,0.9775189999999999,-0.54500669690271,-0.8010640723774659,-0.834409364584926,1.43822165922579,-0.7255040109296074,0.22345829317801416,False
orig+VIX,cpcv_05_09,cpcv,orig+VIX Equal risk capped,Equal risk capped,gross,ok,reference,hard,False,1.0198854,0.9775189999999999,-0.3044565191979652,-0.4842151856463248,-0.7451161831182675,1.4339219891819674,-0.6466144567853096,0.32009966407813256,False
orig+VIX,cpcv_05_09,cpcv,orig+VIX Equal risk capped,Equal risk capped,full_cost_net,ok,reference,hard,False,1.0198854,0.9775189999999999,-0.54500669690271,-0.8010640723774659,-0.834409364584926,1.43822165922579,-0.7255040109296074,0.22345829317801416,False
orig+VIX,cpcv_05_10,cpcv,orig+VIX E1 capped,E1 capped,gross,ok,optimal,hard,False,1.0323056000000002,0.8196810000000001,0.4427975939966698,0.8307725106125337,-0.08779954203372264,1.2413176648652748,-0.35034722696435416,0.926279185198229,False
orig+VIX,cpcv_05_10,cpcv,orig+VIX E1 capped,E1 capped,full_cost_net,ok,optimal,hard,False,1.0323056000000002,0.8196810000000001,0.20904857719781383,0.36241459366741385,-0.3336668720587438,1.2437829071160258,-0.37474130069930256,0.7129780689856722,False
orig+VIX,cpcv_05_10,cpcv,orig+VIX GM paper,GM paper,gross,ok,optimal,uncapped,False,,1.004976,1.042112736329188,2.7151314916724583,0.8234760444634532,0.8765915155974394,-0.18538187778385684,1.6497446115453143,False
orig+VIX,cpcv_05_10,cpcv,orig+VIX GM paper,GM paper,full_cost_net,ok,optimal,uncapped,False,,1.004976,0.0123961281390908,0.02145331456737201,-0.27927874821913246,0.8893086657799714,-0.31673090052283603,0.7611544197441487,False
orig+VIX,cpcv_05_10,cpcv,orig+VIX Equal premium capped,Equal premium capped,gross,ok,reference,hard,False,1.0323056000000002,0.9773149999999999,-0.875667530955826,-1.0946247660666895,-0.9372502675857974,1.4622456858203483,-0.890133878684031,0.09954281049908892,False
orig+VIX,cpcv_05_10,cpcv,orig+VIX Equal premium capped,Equal premium capped,full_cost_net,ok,reference,hard,False,1.0323056000000002,0.9773149999999999,-1.1066304784126682,-1.3057982366915861,-0.9627945106806893,1.4659726045952657,-0.9212029213391056,0.06439307784452669,False
orig+VIX,cpcv_05_10,cpcv,orig+VIX Equal risk capped,Equal risk capped,gross,ok,reference,hard,False,1.0323056000000002,0.9773149999999999,-0.875667530955826,-1.0946247660666895,-0.9372502675857974,1.4622456858203483,-0.890133878684031,0.09954281049908892,False
orig+VIX,cpcv_05_10,cpcv,orig+VIX Equal risk capped,Equal risk capped,full_cost_net,ok,reference,hard,False,1.0323056000000002,0.9773149999999999,-1.1066304784126682,-1.3057982366915861,-0.9627945106806893,1.4659726045952657,-0.9212029213391056,0.06439307784452669,False
orig+VIX,cpcv_05_11,cpcv,orig+VIX E1 capped,E1 capped,gross,ok,optimal,hard,False,1.18200875,0.881279,0.7642460702284772,1.6558216916718493,0.39390088746347485,1.244447474770591,-0.3007865376925636,1.3188434461325524,False
orig+VIX,cpcv_05_11,cpcv,orig+VIX E1 capped,E1 capped,full_cost_net,ok,optimal,hard,False,1.18200875,0.881279,0.5029464102901008,0.9906063335635169,-0.003046040764395852,1.2405269916237007,-0.35941072787687833,0.9974609876009622,False
orig+VIX,cpcv_05_11,cpcv,orig+VIX GM paper,GM paper,gross,ok,optimal,uncapped,False,,0.995296,0.39085483256589487,0.9923182590148265,0.005829045269321931,1.0652652701682408,-0.602496794945669,1.0048551834891217,False
orig+VIX,cpcv_05_11,cpcv,orig+VIX GM paper,GM paper,full_cost_net,ok,optimal,uncapped,False,,0.995296,-1.664413175285702,-1.6614801387738847,-1.0,1.5944856090390467,-1.0,0.0,True
orig+VIX,cpcv_05_11,cpcv,orig+VIX Equal premium capped,Equal premium capped,gross,ok,reference,hard,False,1.18200875,0.9765030000000001,0.2648844371113763,0.6227875067124594,-0.7313725577761212,2.4653000392392266,-0.8982252648602695,0.3344197984143742,False
orig+VIX,cpcv_05_11,cpcv,orig+VIX Equal premium capped,Equal premium capped,full_cost_net,ok,reference,hard,False,1.18200875,0.9765030000000001,0.061742217381233463,0.13227961552979325,-0.8583517209553264,2.4756631228386112,-0.9262988099431838,0.1961896468142695,False
orig+VIX,cpcv_05_11,cpcv,orig+VIX Equal risk capped,Equal risk capped,gross,ok,reference,hard,False,1.18200875,0.9746140000000001,0.3288257108923426,0.8005609926548695,-0.6470669285134749,2.3969614048454293,-0.886530671720718,0.4198333777712055,False
orig+VIX,cpcv_05_11,cpcv,orig+VIX Equal risk capped,Equal risk capped,full_cost_net,ok,reference,hard,False,1.18200875,0.9746140000000001,0.1872097191532455,0.42318882032178645,-0.7674082460436006,2.393169381590878,-0.9118016043928564,0.2965937042379251,False
orig+VIX,cpcv_06_07,cpcv,orig+VIX E1 capped,E1 capped,gross,ok,optimal,hard,False,1.0250254000000003,0.827499,3.1105238340709427,34.591566341848456,16.437065860044502,1.1697031343066906,-0.09601704504226138,10.828322284462978,False
orig+VIX,cpcv_06_07,cpcv,orig+VIX E1 capped,E1 capped,full_cost_net,ok,optimal,hard,False,1.0250254000000003,0.827499,2.7774340809170917,24.63028199093545,11.748806588806602,1.1719034335006204,-0.12063562534933103,8.341124632391656,False
orig+VIX,cpcv_06_07,cpcv,orig+VIX GM paper,GM paper,gross,ok,optimal,uncapped,False,,1.005544,3.733205292857721,29.58526610804846,6.903458463175781,0.6461962482951684,0.0,5.599909124566022,False
orig+VIX,cpcv_06_07,cpcv,orig+VIX GM paper,GM paper,full_cost_net,ok,optimal,uncapped,False,,1.005544,-0.7497515079251188,-0.9131104284864714,-0.9109569402429432,1.311915045636038,-0.902862728995247,0.1332498501345306,False
orig+VIX,cpcv_06_07,cpcv,orig+VIX Equal premium capped,Equal premium capped,gross,ok,reference,hard,False,1.0250254000000003,0.981185,1.0254303292689084,2.9785520079090664,0.9301682326422565,2.2266862984367677,-0.5158759000960121,1.7298003062060248,False
orig+VIX,cpcv_06_07,cpcv,orig+VIX Equal premium capped,Equal premium capped,full_cost_net,ok,reference,hard,False,1.0250254000000003,0.981185,0.8284885430562944,2.1961597546193197,0.20867320894110208,2.2278915953320833,-0.5430098261733869,1.171091278044333,False
orig+VIX,cpcv_06_07,cpcv,orig+VIX Equal risk capped,Equal risk capped,gross,ok,reference,hard,False,1.0250254000000003,0.981185,1.0254303292689084,2.9785520079090664,0.9301682326422565,2.2266862984367677,-0.5158759000960121,1.7298003062060248,False
orig+VIX,cpcv_06_07,cpcv,orig+VIX Equal risk capped,Equal risk capped,full_cost_net,ok,reference,hard,False,1.0250254000000003,0.981185,0.8284885430562944,2.1961597546193197,0.20867320894110208,2.2278915953320833,-0.5430098261733869,1.171091278044333,False
orig+VIX,cpcv_06_08,cpcv,orig+VIX E1 capped,E1 capped,gross,ok,optimal,hard,False,1.0214716750000001,0.7870809999999999,1.9381180085054535,16.087438800164467,6.25159160417609,1.4237076082537983,-0.10313696450478493,5.212280522898133,False
orig+VIX,cpcv_06_08,cpcv,orig+VIX E1 capped,E1 capped,full_cost_net,ok,optimal,hard,False,1.0214716750000001,0.7870809999999999,1.686729996491915,10.312030713871117,4.277364628048858,1.425577951291372,-0.16089410769690704,3.9995787431674588,False
orig+VIX,cpcv_06_08,cpcv,orig+VIX GM paper,GM paper,gross,ok,optimal,uncapped,False,,0.991055,2.2588631295272155,11.760905897866959,3.9204392233828083,0.8771567880048395,-0.10524651753380743,3.7728530771669435,False
orig+VIX,cpcv_06_08,cpcv,orig+VIX GM paper,GM paper,full_cost_net,ok,optimal,uncapped,False,,0.991055,-0.5891313150603754,-0.6984939415164142,-1.0,1.6919642831301256,-1.0,0.0,True
orig+VIX,cpcv_06_08,cpcv,orig+VIX Equal premium capped,Equal premium capped,gross,ok,reference,hard,False,1.0214716750000001,0.974315,0.2041449115213978,0.47710096503961225,-0.6567188255735286,2.168758251601753,-0.7004231060410808,0.4102434503087027,False
orig+VIX,cpcv_06_08,cpcv,orig+VIX Equal premium capped,Equal premium capped,full_cost_net,ok,reference,hard,False,1.0214716750000001,0.974315,0.012895982605184663,0.027662307391358533,-0.793149114989555,2.1657382898155317,-0.7732730154548977,0.268976591671417,False
orig+VIX,cpcv_06_08,cpcv,orig+VIX Equal risk capped,Equal risk capped,gross,ok,reference,hard,False,1.0214716750000001,0.974315,0.2041449115213978,0.47710096503961225,-0.6567188255735286,2.168758251601753,-0.7004231060410808,0.4102434503087027,False
orig+VIX,cpcv_06_08,cpcv,orig+VIX Equal risk capped,Equal risk capped,full_cost_net,ok,reference,hard,False,1.0214716750000001,0.974315,0.012895982605184663,0.027662307391358533,-0.793149114989555,2.1657382898155317,-0.7732730154548977,0.268976591671417,False
orig+VIX,cpcv_06_09,cpcv,orig+VIX E1 capped,E1 capped,gross,ok,optimal,hard,False,1.0194081250000002,0.7813019999999999,1.9104733791043398,13.57603420056455,4.455325359211822,1.169811824923947,-0.11064808672558879,4.111660184454594,False
orig+VIX,cpcv_06_09,cpcv,orig+VIX E1 capped,E1 capped,full_cost_net,ok,optimal,hard,False,1.0194081250000002,0.7813019999999999,1.6454858429639694,9.287796231273385,3.1144392755758608,1.1657533199093093,-0.13451740421830927,3.250315714117463,False
orig+VIX,cpcv_06_09,cpcv,orig+VIX GM paper,GM paper,gross,ok,optimal,uncapped,False,,0.9985189999999999,1.6447222063227898,4.94856433736791,1.2785961150917187,0.6072582852138151,-0.13136061896851492,1.9863516120048794,False
orig+VIX,cpcv_06_09,cpcv,orig+VIX GM paper,GM paper,full_cost_net,ok,optimal,uncapped,False,,0.9985189999999999,-0.996866618496332,-1.2392640765894873,-0.6694179804501987,0.7674890051400027,-0.5058286043095395,0.39755695637772165,False
orig+VIX,cpcv_06_09,cpcv,orig+VIX Equal premium capped,Equal premium capped,gross,ok,reference,hard,False,1.0194081250000002,0.9768220000000001,0.27218340963711785,0.6703618994300711,-0.6239774411659189,2.257799692372357,-0.5300604423650777,0.4426001774624945,False
orig+VIX,cpcv_06_09,cpcv,orig+VIX Equal premium capped,Equal premium capped,full_cost_net,ok,reference,hard,False,1.0194081250000002,0.9768220000000001,0.10645539695785423,0.24237831503859072,-0.7595431223239075,2.251565792175414,-0.6344816128905288,0.3049282558002756,False
orig+VIX,cpcv_06_09,cpcv,orig+VIX Equal risk capped,Equal risk capped,gross,ok,reference,hard,False,1.0194081250000002,0.9768220000000001,0.27218340963711785,0.6703618994300711,-0.6239774411659189,2.257799692372357,-0.5300604423650777,0.4426001774624945,False
orig+VIX,cpcv_06_09,cpcv,orig+VIX Equal risk capped,Equal risk capped,full_cost_net,ok,reference,hard,False,1.0194081250000002,0.9768220000000001,0.10645539695785423,0.24237831503859072,-0.7595431223239075,2.251565792175414,-0.6344816128905288,0.3049282558002756,False
orig+VIX,cpcv_06_10,cpcv,orig+VIX E1 capped,E1 capped,gross,ok,optimal,hard,False,1.025087575,0.7879659999999999,1.417858977278384,5.204131076029673,2.564098240171343,1.4020105330598434,-0.30541161877544665,2.883752973157353,False
orig+VIX,cpcv_06_10,cpcv,orig+VIX E1 capped,E1 capped,full_cost_net,ok,optimal,hard,False,1.025087575,0.7879659999999999,1.1962056774576302,3.893053681181788,1.6525150733938574,1.3996194479379882,-0.3459976121880468,2.254489500718669,False
orig+VIX,cpcv_06_10,cpcv,orig+VIX GM paper,GM paper,gross,ok,optimal,uncapped,False,,0.9980080000000001,2.2336749126143216,12.45229559127679,2.977401143254561,0.7463510270087521,-0.08419310511144462,3.1598477807054284,False
orig+VIX,cpcv_06_10,cpcv,orig+VIX GM paper,GM paper,full_cost_net,ok,optimal,uncapped,False,,0.9980080000000001,0.49701245073994715,1.0875138637274944,0.1322093665030859,0.8967301123893475,-0.22302339266444393,1.1090189135821025,False
orig+VIX,cpcv_06_10,cpcv,orig+VIX Equal premium capped,Equal premium capped,gross,ok,reference,hard,False,1.025087575,0.975993,-0.1255008824295741,-0.24311070320329647,-0.9118454288615009,2.2931626352547605,-0.8592896117634385,0.13214093156141843,False
orig+VIX,cpcv_06_10,cpcv,orig+VIX Equal premium capped,Equal premium capped,full_cost_net,ok,reference,hard,False,1.025087575,0.975993,-0.2883375117824536,-0.5257198721953499,-0.9488405859219304,2.2864961845634246,-0.8992138155844913,0.08396622626809776,False
orig+VIX,cpcv_06_10,cpcv,orig+VIX Equal risk capped,Equal risk capped,gross,ok,reference,hard,False,1.025087575,0.975993,-0.1255008824295741,-0.24311070320329647,-0.9118454288615009,2.2931626352547605,-0.8592896117634385,0.13214093156141843,False
orig+VIX,cpcv_06_10,cpcv,orig+VIX Equal risk capped,Equal risk capped,full_cost_net,ok,reference,hard,False,1.025087575,0.975993,-0.2883375117824536,-0.5257198721953499,-0.9488405859219304,2.2864961845634246,-0.8992138155844913,0.08396622626809776,False
orig+VIX,cpcv_06_11,cpcv,orig+VIX E1 capped,E1 capped,gross,ok,optimal,hard,False,1.1746657249999999,0.8796550000000001,1.5508493008811552,8.833366168486462,3.842725962708734,1.590070726980344,-0.25274898020258896,3.7231303809649843,False
orig+VIX,cpcv_06_11,cpcv,orig+VIX E1 capped,E1 capped,full_cost_net,ok,optimal,hard,False,1.1746657249999999,0.8796550000000001,1.3399733418027018,6.267777247179873,2.5375600900134394,1.5855428075763687,-0.3346500823238451,2.865848235261,False
orig+VIX,cpcv_06_11,cpcv,orig+VIX GM paper,GM paper,gross,ok,optimal,uncapped,False,,0.999727,1.0743878100635647,3.347091458870606,1.056824883500171,1.1310994729254868,-0.489198735998736,1.823886315258597,False
orig+VIX,cpcv_06_11,cpcv,orig+VIX GM paper,GM paper,full_cost_net,ok,optimal,uncapped,False,,0.999727,-1.187848340660438,-1.1804092170015554,-1.0,8.966269553470632,-1.0,0.0,True
orig+VIX,cpcv_06_11,cpcv,orig+VIX Equal premium capped,Equal premium capped,gross,ok,reference,hard,False,1.1746657249999999,0.9750260000000001,0.4018908732945224,1.0899846149643861,-0.7253528911758562,2.9280015982150855,-0.8655429314345537,0.34065324189676416,False
orig+VIX,cpcv_06_11,cpcv,orig+VIX Equal premium capped,Equal premium capped,full_cost_net,ok,reference,hard,False,1.1746657249999999,0.9750260000000001,0.2079962061158034,0.5159897208331117,-0.861540912950993,2.9280244454742603,-0.911535418167256,0.19250169287537539,False
orig+VIX,cpcv_06_11,cpcv,orig+VIX Equal risk capped,Equal risk capped,gross,ok,reference,hard,False,1.1746657249999999,0.972744,0.46258706548189843,1.281204262752273,-0.6550979194883464,2.890507415815284,-0.8440361521025198,0.41185705692945773,False
orig+VIX,cpcv_06_11,cpcv,orig+VIX Equal risk capped,Equal risk capped,full_cost_net,ok,reference,hard,False,1.1746657249999999,0.972744,0.33487063759226193,0.8601421064826831,-0.7808215096849034,2.8848797516796605,-0.8777780773412183,0.2822701426185314,False
orig+VIX,cpcv_07_08,cpcv,orig+VIX E1 capped,E1 capped,gross,ok,optimal,hard,False,1.0356821500000002,0.829404,3.1828601047615055,29.465342591415443,13.17235891180892,1.0446118014531771,-0.08111800234937039,9.110351186437423,False
orig+VIX,cpcv_07_08,cpcv,orig+VIX E1 capped,E1 capped,full_cost_net,ok,optimal,hard,False,1.0356821500000002,0.829404,2.774140385662837,17.34543937745005,9.076936523924065,1.0527204057527006,-0.12285691328798276,6.85657297197293,False
orig+VIX,cpcv_07_08,cpcv,orig+VIX GM paper,GM paper,gross,ok,optimal,uncapped,False,,1.0028869999999999,3.070001435544146,17.436750974487467,5.819977965213536,0.7427221731403236,-0.11937373429953146,4.952439090544291,False
orig+VIX,cpcv_07_08,cpcv,orig+VIX GM paper,GM paper,full_cost_net,ok,optimal,uncapped,False,,1.0028869999999999,0.10162016172068546,0.165537216136301,-0.30177008445058573,1.0089173622180532,-0.40605537747476295,0.7413080395845438,False
orig+VIX,cpcv_07_08,cpcv,orig+VIX Equal premium capped,Equal premium capped,gross,ok,reference,hard,False,1.0356821500000002,0.975588,0.6170419956642873,1.1583381001691329,-0.03311491786496423,1.482542544905874,-0.6856190714085209,0.9723270838246652,False
orig+VIX,cpcv_07_08,cpcv,orig+VIX Equal premium capped,Equal premium capped,full_cost_net,ok,reference,hard,False,1.0356821500000002,0.975588,0.3096980971441704,0.5276096144435064,-0.42447665222616404,1.4913848731113635,-0.754070004543721,0.6310335583305874,False
orig+VIX,cpcv_07_08,cpcv,orig+VIX Equal risk capped,Equal risk capped,gross,ok,reference,hard,False,1.0356821500000002,0.975588,0.6170419956642873,1.1583381001691329,-0.03311491786496423,1.482542544905874,-0.6856190714085209,0.9723270838246652,False
orig+VIX,cpcv_07_08,cpcv,orig+VIX Equal risk capped,Equal risk capped,full_cost_net,ok,reference,hard,False,1.0356821500000002,0.975588,0.3096980971441704,0.5276096144435064,-0.42447665222616404,1.4913848731113635,-0.754070004543721,0.6310335583305874,False
orig+VIX,cpcv_07_09,cpcv,orig+VIX E1 capped,E1 capped,gross,ok,optimal,hard,False,1.025002875,0.813905,4.095039111706244,35.73946405237035,9.683318819792664,0.6821384564996413,-0.06532890922949108,7.198717943854086,False
orig+VIX,cpcv_07_09,cpcv,orig+VIX E1 capped,E1 capped,full_cost_net,ok,optimal,hard,False,1.025002875,0.813905,3.5592590655760334,21.189716202664954,6.868985190176156,0.682540422736694,-0.09036362951153687,5.579546996011371,False
orig+VIX,cpcv_07_09,cpcv,orig+VIX GM paper,GM paper,gross,ok,optimal,uncapped,False,,0.999081,3.39129919264108,21.085231520439496,3.6822621392101142,0.5169401111389166,-0.0758992249870879,3.620037784614242,False
orig+VIX,cpcv_07_09,cpcv,orig+VIX GM paper,GM paper,full_cost_net,ok,optimal,uncapped,False,,0.999081,-0.3816328540261743,-0.5215839785086113,-0.4357093557734406,0.7521583854312316,-0.3707186111476011,0.6207533065041445,False
orig+VIX,cpcv_07_09,cpcv,orig+VIX Equal premium capped,Equal premium capped,gross,ok,reference,hard,False,1.025002875,0.9739169999999999,0.7154718927085297,1.4701289519675467,0.12211192333150223,1.5787354437377634,-0.5108138846198017,1.1007705812416004,False
orig+VIX,cpcv_07_09,cpcv,orig+VIX Equal premium capped,Equal premium capped,full_cost_net,ok,reference,hard,False,1.025002875,0.9739169999999999,0.4549856742001903,0.8516284106623129,-0.2849359384053377,1.5797598763442213,-0.5978376878375397,0.7561723496521128,False
orig+VIX,cpcv_07_09,cpcv,orig+VIX Equal risk capped,Equal risk capped,gross,ok,reference,hard,False,1.025002875,0.9739169999999999,0.7154718927085297,1.4701289519675467,0.12211192333150223,1.5787354437377634,-0.5108138846198017,1.1007705812416004,False
orig+VIX,cpcv_07_09,cpcv,orig+VIX Equal risk capped,Equal risk capped,full_cost_net,ok,reference,hard,False,1.025002875,0.9739169999999999,0.4549856742001903,0.8516284106623129,-0.2849359384053377,1.5797598763442213,-0.5978376878375397,0.7561723496521128,False
orig+VIX,cpcv_07_10,cpcv,orig+VIX E1 capped,E1 capped,gross,ok,optimal,hard,False,1.0295829500000004,0.826767,2.3065861808682735,6.654675894665606,5.3166359106105565,1.0596579400125143,-0.30987884370516006,4.64591797016602,False
orig+VIX,cpcv_07_10,cpcv,orig+VIX E1 capped,E1 capped,full_cost_net,ok,optimal,hard,False,1.0295829500000004,0.826767,1.9676717111360642,5.067672416345876,3.5842581976906374,1.0593726258280771,-0.35161338470220593,3.5567845475206683,False
orig+VIX,cpcv_07_10,cpcv,orig+VIX GM paper,GM paper,gross,ok,optimal,uncapped,False,,0.997174,3.2692557971865526,27.414185968772703,5.599220774775354,0.6770316854182968,-0.07370414614392007,4.818485408251718,False
orig+VIX,cpcv_07_10,cpcv,orig+VIX GM paper,GM paper,full_cost_net,ok,optimal,uncapped,False,,0.997174,0.5925838080607171,1.2519233293710292,0.2298867927707231,0.8629628006335648,-0.3253410196788291,1.1881947109606175,False
orig+VIX,cpcv_07_10,cpcv,orig+VIX Equal premium capped,Equal premium capped,gross,ok,reference,hard,False,1.0295829500000004,0.9780910000000002,0.17237820843935325,0.2732492019549869,-0.7135191726627064,1.674475248618171,-0.8404688153030822,0.3528414800947489,False
orig+VIX,cpcv_07_10,cpcv,orig+VIX Equal premium capped,Equal premium capped,full_cost_net,ok,reference,hard,False,1.0295829500000004,0.9780910000000002,-0.07033082676922171,-0.10448590394161342,-0.8331440191717787,1.6731333440907028,-0.8805274623779372,0.22488033619073103,False
orig+VIX,cpcv_07_10,cpcv,orig+VIX Equal risk capped,Equal risk capped,gross,ok,reference,hard,False,1.0295829500000004,0.9780910000000002,0.17237820843935325,0.2732492019549869,-0.7135191726627064,1.674475248618171,-0.8404688153030822,0.3528414800947489,False
orig+VIX,cpcv_07_10,cpcv,orig+VIX Equal risk capped,Equal risk capped,full_cost_net,ok,reference,hard,False,1.0295829500000004,0.9780910000000002,-0.07033082676922171,-0.10448590394161342,-0.8331440191717787,1.6731333440907028,-0.8805274623779372,0.22488033619073103,False
orig+VIX,cpcv_07_11,cpcv,orig+VIX E1 capped,E1 capped,gross,ok,optimal,hard,False,1.175784775,0.8812260000000001,2.524509533350325,10.538097978820588,7.229937945085711,1.0819156676085553,-0.26596853373161133,5.7920255257557915,False
orig+VIX,cpcv_07_11,cpcv,orig+VIX E1 capped,E1 capped,full_cost_net,ok,optimal,hard,False,1.175784775,0.8812260000000001,2.2078357926270398,7.840927888493876,4.992541505973668,1.0680076762886406,-0.3458628274519885,4.446406957195895,False
orig+VIX,cpcv_07_11,cpcv,orig+VIX GM paper,GM paper,gross,ok,optimal,uncapped,False,,1.000314,1.938040651972119,5.917494680618827,3.81124885363686,1.1191986253929018,-0.515457104633683,3.7029528642908898,False
orig+VIX,cpcv_07_11,cpcv,orig+VIX GM paper,GM paper,full_cost_net,ok,optimal,uncapped,False,,1.000314,-0.9726457331799715,-1.1625485599756555,-0.95274552596977,1.4573287848339727,-0.7725854666448038,0.07859032980823012,False
orig+VIX,cpcv_07_11,cpcv,orig+VIX Equal premium capped,Equal premium capped,gross,ok,reference,hard,False,1.175784775,0.9727240000000001,0.7905919891453802,2.1291842537361454,0.235866969858481,2.201949328263089,-0.8394471484891655,1.193007309075826,False
orig+VIX,cpcv_07_11,cpcv,orig+VIX Equal premium capped,Equal premium capped,full_cost_net,ok,reference,hard,False,1.175784775,0.9727240000000001,0.5840129255936881,1.4329411995344528,-0.25091620718942365,2.2043794197507545,-0.8737722146337312,0.7860352103480919,False
orig+VIX,cpcv_07_11,cpcv,orig+VIX Equal risk capped,Equal risk capped,gross,ok,reference,hard,False,1.175784775,0.9694470000000002,0.8246557345558613,2.207891653520698,0.3429159456066253,2.1390006212122787,-0.8315313054347806,1.2785195075492626,False
orig+VIX,cpcv_07_11,cpcv,orig+VIX Equal risk capped,Equal risk capped,full_cost_net,ok,reference,hard,False,1.175784775,0.9694470000000002,0.6443770349518948,1.590080532182068,-0.11040417576110062,2.1335383638077188,-0.8593954701914351,0.9071113752267183,False
orig+VIX,cpcv_08_09,cpcv,orig+VIX E1 capped,E1 capped,gross,ok,optimal,hard,False,1.03687865,0.7927240000000001,1.843915266090866,10.424157140377229,3.420190162698412,1.0546828687265868,-0.09865716565867866,3.45038423969358,False
orig+VIX,cpcv_08_09,cpcv,orig+VIX E1 capped,E1 capped,full_cost_net,ok,optimal,hard,False,1.03687865,0.7927240000000001,1.5311313468194305,6.424043250667747,2.269492903269626,1.0583507443939644,-0.12318209722211493,2.6836981441396657,False
orig+VIX,cpcv_08_09,cpcv,orig+VIX GM paper,GM paper,gross,ok,optimal,uncapped,False,,1.002599,2.0181047484611416,14.090702725762663,2.1762264752272387,0.6834118824051656,-0.0818893624875019,2.6197482035419704,False
orig+VIX,cpcv_08_09,cpcv,orig+VIX GM paper,GM paper,full_cost_net,ok,optimal,uncapped,False,,1.002599,0.5650431456307481,1.6331665608996242,0.23132380199692237,0.6488858845622227,-0.2169193917329979,1.1893515115961184,False
orig+VIX,cpcv_08_09,cpcv,orig+VIX Equal premium capped,Equal premium capped,gross,ok,reference,hard,False,1.03687865,0.9730319999999999,-0.6063186586691893,-0.8525251916268574,-0.8248200278367532,1.3433600875018847,-0.6266985101060332,0.23419109514977154,False
orig+VIX,cpcv_08_09,cpcv,orig+VIX Equal premium capped,Equal premium capped,full_cost_net,ok,reference,hard,False,1.03687865,0.9730319999999999,-0.8789270702907307,-1.143923840772218,-0.891578432043358,1.3479139201848815,-0.7170428381617584,0.15701087589523083,False
orig+VIX,cpcv_08_09,cpcv,orig+VIX Equal risk capped,Equal risk capped,gross,ok,reference,hard,False,1.03687865,0.9730319999999999,-0.6063186586691893,-0.8525251916268574,-0.8248200278367532,1.3433600875018847,-0.6266985101060332,0.23419109514977154,False
orig+VIX,cpcv_08_09,cpcv,orig+VIX Equal risk capped,Equal risk capped,full_cost_net,ok,reference,hard,False,1.03687865,0.9730319999999999,-0.8789270702907307,-1.143923840772218,-0.891578432043358,1.3479139201848815,-0.7170428381617584,0.15701087589523083,False
orig+VIX,cpcv_08_10,cpcv,orig+VIX E1 capped,E1 capped,gross,ok,optimal,hard,False,1.0380747750000001,0.8233949999999998,1.2433598062617819,4.020851078613027,1.6620914744683923,1.281519081667982,-0.31756622014912717,2.2612703007846378,False
orig+VIX,cpcv_08_10,cpcv,orig+VIX E1 capped,E1 capped,full_cost_net,ok,optimal,hard,False,1.0380747750000001,0.8233949999999998,0.9875632892013263,2.7826890560507773,0.9359656588060026,1.2848585689068825,-0.3590451230529973,1.734128893656214,False
orig+VIX,cpcv_08_10,cpcv,orig+VIX GM paper,GM paper,gross,ok,optimal,uncapped,False,,1.000869,2.215085360820991,13.961899020970973,3.1843888846307307,0.7853394747414737,-0.09196232384521763,3.29629976737369,False
orig+VIX,cpcv_08_10,cpcv,orig+VIX GM paper,GM paper,full_cost_net,ok,optimal,uncapped,False,,1.000869,1.3629246688344936,4.848006017024393,1.3055389345463042,0.8154961193762116,-0.22187638241846264,2.00590510633225,False
orig+VIX,cpcv_08_10,cpcv,orig+VIX Equal premium capped,Equal premium capped,gross,ok,reference,hard,False,1.0380747750000001,0.975123,-1.19253025816486,-1.3590487754359388,-0.9521200744864395,1.352507268532885,-0.8753599544378272,0.07945621781594692,False
orig+VIX,cpcv_08_10,cpcv,orig+VIX Equal premium capped,Equal premium capped,full_cost_net,ok,reference,hard,False,1.0380747750000001,0.975123,-1.4579048576161853,-1.5644912872555359,-0.9728623149970381,1.3574226631537758,-0.9122752052883828,0.0495044223927398,False
orig+VIX,cpcv_08_10,cpcv,orig+VIX Equal risk capped,Equal risk capped,gross,ok,reference,hard,False,1.0380747750000001,0.975123,-1.19253025816486,-1.3590487754359388,-0.9521200744864395,1.352507268532885,-0.8753599544378272,0.07945621781594692,False
orig+VIX,cpcv_08_10,cpcv,orig+VIX Equal risk capped,Equal risk capped,full_cost_net,ok,reference,hard,False,1.0380747750000001,0.975123,-1.4579048576161853,-1.5644912872555359,-0.9728623149970381,1.3574226631537758,-0.9122752052883828,0.0495044223927398,False
orig+VIX,cpcv_08_11,cpcv,orig+VIX E1 capped,E1 capped,gross,ok,optimal,hard,False,1.181602575,0.873931,1.9805562965668255,8.530525608497326,4.490846208865752,1.1646230090184402,-0.29560537583089697,4.133958062634652,False
orig+VIX,cpcv_08_11,cpcv,orig+VIX E1 capped,E1 capped,full_cost_net,ok,optimal,hard,False,1.181602575,0.873931,1.6973001781372248,6.282788874504048,3.0471764964251493,1.1580054186136528,-0.3726954383596741,3.2059749173883443,False
orig+VIX,cpcv_08_11,cpcv,orig+VIX GM paper,GM paper,gross,ok,optimal,uncapped,False,,0.9978849999999999,1.1328505472976438,3.1909839670289726,1.181234845027617,1.123776413275523,-0.5481154144036662,1.9153670959128017,False
orig+VIX,cpcv_08_11,cpcv,orig+VIX GM paper,GM paper,full_cost_net,ok,optimal,uncapped,False,,0.9978849999999999,-1.4552935685074264,-1.64427541379154,-0.9656658987371607,1.3503755608306967,-0.8806160948255833,0.06022425039340054,False
orig+VIX,cpcv_08_11,cpcv,orig+VIX Equal premium capped,Equal premium capped,gross,ok,reference,hard,False,1.181602575,0.9732719999999999,0.12662122174124368,0.2926594480642333,-0.7293906891213509,2.2530365530694936,-0.8402624815432472,0.33647459529661994,False
orig+VIX,cpcv_08_11,cpcv,orig+VIX Equal premium capped,Equal premium capped,full_cost_net,ok,reference,hard,False,1.181602575,0.9732719999999999,-0.09152715917242728,-0.19191120313856275,-0.85276658876804,2.2544488471057043,-0.8752820950134869,0.20261517946799362,False
orig+VIX,cpcv_08_11,cpcv,orig+VIX Equal risk capped,Equal risk capped,gross,ok,reference,hard,False,1.181602575,0.9679949999999999,0.2890268282942354,0.6785559678136255,-0.6106208496316274,2.226138128352529,-0.8309651010408725,0.45566315298378973,False
orig+VIX,cpcv_08_11,cpcv,orig+VIX Equal risk capped,Equal risk capped,full_cost_net,ok,reference,hard,False,1.181602575,0.9679949999999999,0.11825904810246098,0.2552857965844923,-0.7540643949271038,2.223418953998481,-0.859089097347352,0.31070709693158305,False
orig+VIX,cpcv_09_10,cpcv,orig+VIX E1 capped,E1 capped,gross,ok,optimal,hard,False,1.048954275,0.818565,1.2642022407247033,3.1812389707835864,1.2760007409406655,0.9691729285866444,-0.31577489049677643,1.984466015596127,False
orig+VIX,cpcv_09_10,cpcv,orig+VIX E1 capped,E1 capped,full_cost_net,ok,optimal,hard,False,1.048954275,0.818565,0.967114683119951,2.1574215633657703,0.720525615486775,0.9719261907245955,-0.35697636029469093,1.5717529556841208,False
orig+VIX,cpcv_09_10,cpcv,orig+VIX GM paper,GM paper,gross,ok,optimal,uncapped,False,,0.9977889999999999,1.9600113478768992,10.825735701408956,1.9157209374231488,0.6502751579754662,-0.10010497500625304,2.439429639260559,False
orig+VIX,cpcv_09_10,cpcv,orig+VIX GM paper,GM paper,full_cost_net,ok,optimal,uncapped,False,,0.9977889999999999,0.706375485369119,1.938328905827338,0.3477788532818742,0.6667043030665061,-0.24993251413404882,1.2823764434119627,False
orig+VIX,cpcv_09_10,cpcv,orig+VIX Equal premium capped,Equal premium capped,gross,ok,reference,hard,False,1.048954275,0.971189,-1.0318927982797532,-1.2622915753765125,-0.9478396000486622,1.437260422845721,-0.9191279087748824,0.08533308118724538,False
orig+VIX,cpcv_09_10,cpcv,orig+VIX Equal premium capped,Equal premium capped,full_cost_net,ok,reference,hard,False,1.048954275,0.971189,-1.2560352450022867,-1.4542999105764562,-0.9685475178900325,1.4405033287457818,-0.9453808339246336,0.05598165970748615,False
orig+VIX,cpcv_09_10,cpcv,orig+VIX Equal risk capped,Equal risk capped,gross,ok,reference,hard,False,1.048954275,0.972154,-1.0316905007403483,-1.262124696587092,-0.9481946428966568,1.4391242008274487,-0.9196074710703263,0.08484877171192341,False
orig+VIX,cpcv_09_10,cpcv,orig+VIX Equal risk capped,Equal risk capped,full_cost_net,ok,reference,hard,False,1.048954275,0.972154,-1.2557592535420745,-1.4540796853648572,-0.9688001637557062,1.4423709887499507,-0.9457597029542906,0.055606675204298815,False
orig+VIX,cpcv_09_11,cpcv,orig+VIX E1 capped,E1 capped,gross,ok,optimal,hard,False,1.1795643750000002,0.877543,1.4318705085823191,6.927263727091019,2.4201801915161876,1.2615930226493397,-0.26646369517828017,2.786383070769291,False
orig+VIX,cpcv_09_11,cpcv,orig+VIX E1 capped,E1 capped,full_cost_net,ok,optimal,hard,False,1.1795643750000002,0.877543,1.1831281933303266,4.900342117200889,1.5405420564087788,1.2593275551691243,-0.347125027805379,2.174896814735371,False
orig+VIX,cpcv_09_11,cpcv,orig+VIX GM paper,GM paper,gross,ok,optimal,uncapped,False,,1.0011839999999999,0.876445122483343,2.819396536366062,0.726604611588338,1.254615712969433,-0.5304110632026542,1.5763793862304156,False
orig+VIX,cpcv_09_11,cpcv,orig+VIX GM paper,GM paper,full_cost_net,ok,optimal,uncapped,False,,1.0011839999999999,-2.8906352098629835,-2.4430394996059626,-0.99729074758413,1.2639596352184816,-0.9945994866825728,0.007256177386899269,False
orig+VIX,cpcv_09_11,cpcv,orig+VIX Equal premium capped,Equal premium capped,gross,ok,reference,hard,False,1.1795643750000002,0.9726700000000001,0.08658047451652034,0.21183411965867993,-0.82091418665241,2.51790182137325,-0.9066184843494902,0.23853438196324578,False
orig+VIX,cpcv_09_11,cpcv,orig+VIX Equal premium capped,Equal premium capped,full_cost_net,ok,reference,hard,False,1.1795643750000002,0.9726700000000001,-0.06987224153612402,-0.1563969317977541,-0.8931121240287058,2.5189850916645664,-0.9303566640771346,0.15515783315851786,False
orig+VIX,cpcv_09_11,cpcv,orig+VIX Equal risk capped,Equal risk capped,gross,ok,reference,hard,False,1.1795643750000002,0.9682629999999999,0.10870595782522562,0.26953463533174465,-0.795071779006921,2.463039460309336,-0.8962297092151088,0.2668915403896513,False
orig+VIX,cpcv_09_11,cpcv,orig+VIX Equal risk capped,Equal risk capped,full_cost_net,ok,reference,hard,False,1.1795643750000002,0.9682629999999999,-0.02516543700914215,-0.057662782474109414,-0.8649185801648543,2.4589759951770955,-0.916846936898159,0.1885803108872898,False
orig+VIX,cpcv_10_11,cpcv,orig+VIX E1 capped,E1 capped,gross,ok,optimal,hard,True,0.93143795,0.7420139999999997,0.7963315252883443,2.133569474291365,0.5266772796900814,1.0082019926454093,-0.36793746655570514,1.4227306969638809,False
orig+VIX,cpcv_10_11,cpcv,orig+VIX E1 capped,E1 capped,full_cost_net,ok,optimal,hard,True,0.93143795,0.7420139999999997,0.5142278353816642,1.217780799620969,0.1484002878377284,1.0082998209337128,-0.46129671286822205,1.1222193269804785,False
orig+VIX,cpcv_10_11,cpcv,orig+VIX GM paper,GM paper,gross,ok,optimal,uncapped,False,,0.9982610000000002,0.32637392530339293,0.7581275772622867,-0.03359838132711368,0.9593588042958908,-0.5642153841952543,0.9719219131219534,False
orig+VIX,cpcv_10_11,cpcv,orig+VIX GM paper,GM paper,full_cost_net,ok,optimal,uncapped,False,,0.9982610000000002,-0.9834503514346361,-1.3331375236415808,-0.796107723894743,1.037689431411134,-0.8277141266273964,0.26576674968615815,False
orig+VIX,cpcv_10_11,cpcv,orig+VIX Equal premium capped,Equal premium capped,gross,ok,reference,relaxed,True,0.93143795,0.859723,-0.4777524919085404,-0.8389260559990044,-0.9257198458438863,1.981900068141153,-0.9422404553032844,0.11456729615414968,False
orig+VIX,cpcv_10_11,cpcv,orig+VIX Equal premium capped,Equal premium capped,full_cost_net,ok,reference,relaxed,True,0.93143795,0.859723,-0.6371116514852281,-1.0503785316441383,-0.9521425758394921,1.9790401938014577,-0.9559570458809146,0.07942509930401254,False
orig+VIX,cpcv_10_11,cpcv,orig+VIX Equal risk capped,Equal risk capped,gross,ok,reference,relaxed,True,0.93143795,0.8605290000000001,-0.5319074122759226,-0.895419787308974,-0.916131997374428,1.841379741314373,-0.9361364044479499,0.12676428663069764,False
orig+VIX,cpcv_10_11,cpcv,orig+VIX Equal risk capped,Equal risk capped,full_cost_net,ok,reference,relaxed,True,0.93143795,0.8605290000000001,-0.7042347300282835,-1.111890874105319,-0.9457624230497025,1.839272875306099,-0.9512103614610349,0.08815566639600342,False
larger,kfold_00,kfold,larger E1 capped,E1 capped,gross,ok,optimal,hard,False,1.7211761499999998,0.62575,0.37825140620717557,0.7011436923883628,0.059208943505302924,0.7946544130427139,-0.22363325828750047,1.0242571782845582,False
larger,kfold_00,kfold,larger E1 capped,E1 capped,full_cost_net,ok,optimal,hard,False,1.7211761499999998,0.62575,-0.05557656771856325,-0.0904925711775668,-0.26473957812155335,0.8101508017903442,-0.24105659280356884,0.8797322144315589,False
larger,kfold_00,kfold,larger GM paper,GM paper,gross,ok,optimal,uncapped,False,,0.9997280000000001,1.2443939689447896,3.293460099088547,0.6980516579149074,0.5136929897834497,-0.1304913702008077,1.2468461661391668,False
larger,kfold_00,kfold,larger GM paper,GM paper,full_cost_net,ok,optimal,uncapped,False,,0.9997280000000001,-1.6441054546989653,-1.6237281530602046,-1.0,56.39468923560276,-1.0,0.0,True
larger,kfold_00,kfold,larger Equal premium capped,Equal premium capped,gross,ok,reference,hard,False,1.7211761499999998,0.936256,0.24448465893591947,0.4094829005184099,-0.1590115972992182,1.0217363646850046,-0.3098659509736992,0.9303845778445992,False
larger,kfold_00,kfold,larger Equal premium capped,Equal premium capped,full_cost_net,ok,reference,hard,False,1.7211761499999998,0.936256,-0.17608284050994918,-0.2612744564605391,-0.4716721050076149,1.0252292326795742,-0.36370358499550304,0.7665546849634927,False
larger,kfold_00,kfold,larger Equal risk capped,Equal risk capped,gross,ok,reference,hard,False,1.7211761499999998,0.9363739999999999,0.034626492246852394,0.05460110587255672,-0.28882564382666387,0.9500838360127375,-0.3065892355402753,0.8676076448599853,False
larger,kfold_00,kfold,larger Equal risk capped,Equal risk capped,full_cost_net,ok,reference,hard,False,1.7211761499999998,0.9363739999999999,-0.5531376133649419,-0.7480220824938517,-0.6287588058018574,0.9779637340749497,-0.40715915293961524,0.6617440835462611,False
larger,kfold_01,kfold,larger E1 capped,E1 capped,gross,ok,optimal,hard,False,1.723532825,0.6346480000000001,1.4119052454613357,4.111890472807781,1.8829346004918777,1.0442873921104268,-0.23146132109878892,1.554525424460964,False
larger,kfold_01,kfold,larger E1 capped,E1 capped,full_cost_net,ok,optimal,hard,False,1.723532825,0.6346480000000001,1.0408482525475873,2.5905946179513646,0.9676515991051649,1.0203494069002457,-0.26462523335953747,1.3258012307862785,False
larger,kfold_01,kfold,larger GM paper,GM paper,gross,ok,optimal,uncapped,False,,0.992223,2.092171308129375,10.56121881141183,2.0405124159711336,0.6189700531327688,-0.07914932547201903,1.589380299139316,False
larger,kfold_01,kfold,larger GM paper,GM paper,full_cost_net,ok,optimal,uncapped,False,,0.992223,-3.624639206689114,-2.6332544418988855,-1.0,13.893296787680354,-1.0,0.0,True
larger,kfold_01,kfold,larger Equal premium capped,Equal premium capped,gross,ok,reference,hard,False,1.723532825,0.940838,0.6294996418751886,1.688084821801623,0.18964590134789416,1.6619202484087185,-0.4835888163833233,1.0750385722113434,False
larger,kfold_01,kfold,larger Equal premium capped,Equal premium capped,full_cost_net,ok,reference,hard,False,1.723532825,0.940838,-0.5725075661926707,-0.853569179277385,-0.9254030176820269,1.7760949604456735,-0.8129140503142226,0.3390787119065195,False
larger,kfold_01,kfold,larger Equal risk capped,Equal risk capped,gross,ok,reference,hard,False,1.723532825,0.943568,0.8290465795819127,2.1118393408728204,0.5760396977197091,1.6021960462684879,-0.46334320163544684,1.2087031302887858,False
larger,kfold_01,kfold,larger Equal risk capped,Equal risk capped,full_cost_net,ok,reference,hard,False,1.723532825,0.943568,-1.0977310429962133,-1.2419609169727572,-0.8954313992115086,1.1521891560372501,-0.7204011549079964,0.3903167662540009,False
larger,kfold_02,kfold,larger E1 capped,E1 capped,gross,ok,optimal,hard,False,1.7494693250000002,0.633215,-5.269492226886967,-2.9861532276570424,-0.7811809116599214,0.2647832015823055,-0.3817415301928083,0.5309278436356937,False
larger,kfold_02,kfold,larger E1 capped,E1 capped,full_cost_net,ok,optimal,hard,False,1.7494693250000002,0.633215,-6.0366843680001105,-3.0818683708572174,-0.8432237717686444,0.278391165301819,-0.4459839430728104,0.46206182411261537,False
larger,kfold_02,kfold,larger GM paper,GM paper,gross,ok,optimal,uncapped,False,,1.002538,-1.4435541895678083,-1.506897652275333,-1.0,1.9598850177646638,-1.0,0.0,True
larger,kfold_02,kfold,larger GM paper,GM paper,full_cost_net,ok,optimal,uncapped,False,,1.002538,-3.282357772142808,-2.5190671661983837,-1.0,14.045990425054564,-1.0,0.0,True
larger,kfold_02,kfold,larger Equal premium capped,Equal premium capped,gross,ok,reference,hard,False,1.7494693250000002,0.934261,-0.1628043293758851,-0.33215006038811556,-0.5807220554981087,1.3657590218189462,-0.46228407796834103,0.6961601731918337,False
larger,kfold_02,kfold,larger Equal premium capped,Equal premium capped,full_cost_net,ok,reference,hard,False,1.7494693250000002,0.934261,-0.6656115175602858,-1.0828236855589082,-0.8123724871657808,1.3635384354023397,-0.5364193831277666,0.4979742475158696,False
larger,kfold_02,kfold,larger Equal risk capped,Equal risk capped,gross,ok,reference,hard,False,1.7494693250000002,0.933001,-0.2983043216638796,-0.6156956327109254,-0.6269811119390812,1.3183926605843324,-0.5059882174930339,0.6630625654893008,False
larger,kfold_02,kfold,larger Equal risk capped,Equal risk capped,full_cost_net,ok,reference,hard,False,1.7494693250000002,0.933001,-0.7635127395882376,-1.268052324139891,-0.8097443795948251,1.2968703268801345,-0.5929878945681122,0.5008687732428955,False
larger,kfold_03,kfold,larger E1 capped,E1 capped,gross,ok,optimal,hard,False,1.730197025,0.6110490000000001,-1.265947659484791,-1.5391053557964223,-0.5293961534524523,0.4978618762985563,-0.3794047676242537,0.7304768330731113,False
larger,kfold_03,kfold,larger E1 capped,E1 capped,full_cost_net,ok,optimal,hard,False,1.730197025,0.6110490000000001,-2.0453318294497502,-2.079306877369093,-0.7053922664561341,0.5141819115376044,-0.4733962547324576,0.6009685240432517,False
larger,kfold_03,kfold,larger GM paper,GM paper,gross,ok,optimal,uncapped,False,,0.994078,1.2598073173977153,3.3345948035519077,0.2769100550050887,0.2096282863813704,-0.05990795482967448,1.1072188252571475,False
larger,kfold_03,kfold,larger GM paper,GM paper,full_cost_net,ok,optimal,uncapped,False,,0.994078,-3.449032373972531,-2.57697877692959,-1.0,14.443734505703546,-1.0,0.0,True
larger,kfold_03,kfold,larger Equal premium capped,Equal premium capped,gross,ok,reference,hard,False,1.730197025,0.931259,-0.6553255909624061,-1.067967214049427,-0.8309030038793943,1.424140646977965,-0.7061835648239274,0.4768589688259435,False
larger,kfold_03,kfold,larger Equal premium capped,Equal premium capped,full_cost_net,ok,reference,hard,False,1.730197025,0.931259,-1.0288673712519387,-1.4696914367752163,-0.9196839814992901,1.455374954404979,-0.7804591998411514,0.3496774056023301,False
larger,kfold_03,kfold,larger Equal risk capped,Equal risk capped,gross,ok,reference,hard,False,1.730197025,0.9295359999999999,-0.6110281530714851,-1.0077887263796226,-0.7615949037432772,1.2714994877618824,-0.6470085301190407,0.5502349081053497,False
larger,kfold_03,kfold,larger Equal risk capped,Equal risk capped,full_cost_net,ok,reference,hard,False,1.730197025,0.9295359999999999,-1.152318316123954,-1.5700194941605394,-0.9120269875455395,1.333374112044042,-0.7618248622060129,0.36319980768857274,False
larger,kfold_04,kfold,larger E1 capped,E1 capped,gross,ok,optimal,hard,False,1.7361054250000003,0.603342,1.348351690016683,4.016532508384958,1.3475414733594717,0.843340128840213,-0.13592096384289754,1.4269941651217402,False
larger,kfold_04,kfold,larger E1 capped,E1 capped,full_cost_net,ok,optimal,hard,False,1.7361054250000003,0.603342,0.8878484640566097,2.133960581454495,0.622318379626716,0.8601483832253309,-0.16987198673932657,1.223366837108774,False
larger,kfold_04,kfold,larger GM paper,GM paper,gross,ok,optimal,uncapped,False,,0.999482,2.1156799497844267,8.062318891735282,1.3191111252438734,0.44714472392225363,-0.07078727808405572,1.4197677807830635,False
larger,kfold_04,kfold,larger GM paper,GM paper,full_cost_net,ok,optimal,uncapped,False,,0.999482,-4.866900925472407,-2.9221842587393345,-1.0,2.5361425318338022,-1.0,0.0,True
larger,kfold_04,kfold,larger Equal premium capped,Equal premium capped,gross,ok,reference,hard,False,1.7361054250000003,0.932454,1.9518579235804625,4.960539494469221,4.743394654380711,1.277347216420728,-0.32443121678599196,2.0716685584589585,False
larger,kfold_04,kfold,larger Equal premium capped,Equal premium capped,full_cost_net,ok,reference,hard,False,1.7361054250000003,0.932454,1.3721301951762117,2.932500539571971,1.8996650208294277,1.319573114329479,-0.3985520601867445,1.5582779631545616,False
larger,kfold_04,kfold,larger Equal risk capped,Equal risk capped,gross,ok,reference,hard,False,1.7361054250000003,0.9348639999999999,1.9906279852306552,5.045395618860938,4.8045816203731215,1.2457989519063182,-0.31727599872801404,2.0808361506591937,False
larger,kfold_04,kfold,larger Equal risk capped,Equal risk capped,full_cost_net,ok,reference,hard,False,1.7361054250000003,0.9348639999999999,1.250910028602861,2.614177205551469,1.479519079719203,1.3039032447488488,-0.40274559218570916,1.4598887864093755,False
larger,kfold_05,kfold,larger E1 capped,E1 capped,gross,ok,optimal,hard,False,1.734879125,0.608879,0.6582681306965138,1.7738321065462832,0.36929038082323795,0.9034753098949313,-0.15797510389390756,1.139916785730387,False
larger,kfold_05,kfold,larger E1 capped,E1 capped,full_cost_net,ok,optimal,hard,False,1.734879125,0.608879,0.18123424165102583,0.38341094496767364,-0.12611665329019484,0.9253083323143931,-0.21216558973086697,0.9453782571044931,False
larger,kfold_05,kfold,larger GM paper,GM paper,gross,ok,optimal,uncapped,False,,0.9991480000000001,3.3303892229234484,21.08042129682632,4.158973448542327,0.5603570765046963,-0.05714456701087456,1.98107707321317,False
larger,kfold_05,kfold,larger GM paper,GM paper,full_cost_net,ok,optimal,uncapped,False,,0.9991480000000001,-2.2032336278659033,-2.00749081822445,-1.0,6.646085812346276,-1.0,0.0,True
larger,kfold_05,kfold,larger Equal premium capped,Equal premium capped,gross,ok,reference,hard,False,1.734879125,0.926987,0.4868741891470834,0.8456541401278297,-0.02963885073286532,1.2338330547946306,-0.3851042205880635,0.9875420187516519,False
larger,kfold_05,kfold,larger Equal premium capped,Equal premium capped,full_cost_net,ok,reference,hard,False,1.734879125,0.926987,-0.18780773916267485,-0.26625097154544336,-0.599868869517225,1.2017419512356977,-0.4588228758255286,0.6827331264170591,False
larger,kfold_05,kfold,larger Equal risk capped,Equal risk capped,gross,ok,reference,hard,False,1.734879125,0.9300689999999998,0.45354646977438606,0.8059470095173378,-0.020685199686440447,1.172729419640872,-0.3449691435911213,0.9913285924163608,False
larger,kfold_05,kfold,larger Equal risk capped,Equal risk capped,full_cost_net,ok,reference,hard,False,1.734879125,0.9300689999999998,-0.27254589049000116,-0.38239395773757523,-0.6006761542676955,1.13486829060619,-0.425674165735773,0.6821588514307491,False
larger,kfold_06,kfold,larger E1 capped,E1 capped,gross,ok,optimal,hard,False,1.738163825,0.6150899999999999,1.8707046127819735,6.496715032559407,4.720010249325234,1.3096617687978345,-0.22797401525763328,2.068149850364625,False
larger,kfold_06,kfold,larger E1 capped,E1 capped,full_cost_net,ok,optimal,hard,False,1.738163825,0.6150899999999999,1.4436311523205014,4.094344009323303,2.4223005061095173,1.3020986258573084,-0.26326473652170057,1.6696773622000782,False
larger,kfold_06,kfold,larger GM paper,GM paper,gross,ok,optimal,uncapped,False,,0.9918399999999999,1.7334095241693566,8.964774504375995,2.043560433435095,0.7981480019629347,-0.035971110593802647,1.590043981569026,False
larger,kfold_06,kfold,larger GM paper,GM paper,full_cost_net,ok,optimal,uncapped,False,,0.9918399999999999,-5.094663786147575,-2.959730387624062,-1.0,6.059055259793751,-1.0,0.0,True
larger,kfold_06,kfold,larger Equal premium capped,Equal premium capped,gross,ok,reference,hard,False,1.738163825,0.928731,1.7691214712421217,6.607588368415487,9.043982413657304,2.366217324859707,-0.38572225858458875,2.6149344692731455,False
larger,kfold_06,kfold,larger Equal premium capped,Equal premium capped,full_cost_net,ok,reference,hard,False,1.738163825,0.928731,1.2889321116423382,3.7572539286334936,2.4626768874755482,2.271587657542292,-0.4392794419596806,1.6778571646069016,False
larger,kfold_06,kfold,larger Equal risk capped,Equal risk capped,gross,ok,reference,hard,False,1.738163825,0.936539,1.7954178205431957,6.6648581572426915,9.040404406576991,2.253749538808519,-0.38837088509288764,2.614546292138303,False
larger,kfold_06,kfold,larger Equal risk capped,Equal risk capped,full_cost_net,ok,reference,hard,False,1.738163825,0.936539,0.8085010164978361,1.9867689168437643,0.377335005825846,1.949102992019835,-0.4432610964815821,1.1427024555110716,False
larger,kfold_07,kfold,larger E1 capped,E1 capped,gross,ok,optimal,hard,False,1.7291703250000001,0.646155,1.8691269592295436,4.874601405822495,2.325178180678981,0.8044891545122824,-0.19911971635489945,1.6497680330833024,False
larger,kfold_07,kfold,larger E1 capped,E1 capped,full_cost_net,ok,optimal,hard,False,1.7291703250000001,0.646155,1.0059654287606008,1.900547431600172,0.7624742213123559,0.9194132214715435,-0.3141300382099921,1.2663424214719112,False
larger,kfold_07,kfold,larger GM paper,GM paper,gross,ok,optimal,uncapped,False,,0.9900329999999999,2.765361835345391,41.817517823363815,2.608758277931799,0.5244122559215263,-0.02205106406821289,1.7069956476484576,False
larger,kfold_07,kfold,larger GM paper,GM paper,full_cost_net,ok,optimal,uncapped,False,,0.9900329999999999,-3.012053741645769,-2.414640499008022,-1.0,12.854050733692976,-1.0,0.0,True
larger,kfold_07,kfold,larger Equal premium capped,Equal premium capped,gross,ok,reference,hard,False,1.7291703250000001,0.936569,2.0046366648224665,6.003466791219089,1.709476986238521,0.582475941375944,-0.12195793937371024,1.5148476041892682,False
larger,kfold_07,kfold,larger Equal premium capped,Equal premium capped,full_cost_net,ok,reference,hard,False,1.7291703250000001,0.936569,0.4993407992627997,0.8723553732029199,0.1635811370414444,0.658295808034582,-0.23288116837234252,1.06516105733167,False
larger,kfold_07,kfold,larger Equal risk capped,Equal risk capped,gross,ok,reference,hard,False,1.7291703250000001,0.940739,2.103605482887641,5.2922563588032725,2.3400824834634104,0.6897155275525544,-0.17696517226867925,1.6528451329451568,False
larger,kfold_07,kfold,larger Equal risk capped,Equal risk capped,full_cost_net,ok,reference,hard,False,1.7291703250000001,0.940739,-0.18771265607878543,-0.27088871538507403,-0.480551740919413,1.019418784795769,-0.337115269367666,0.7611599979632668,False
larger,kfold_08,kfold,larger E1 capped,E1 capped,gross,ok,optimal,hard,False,1.7453959000000001,0.6046499999999999,0.3865199361699982,1.1030695474159857,0.10617246175715467,0.7191293139444594,-0.21540548382025515,1.0429404643787419,False
larger,kfold_08,kfold,larger E1 capped,E1 capped,full_cost_net,ok,optimal,hard,False,1.7453959000000001,0.6046499999999999,-0.021944797486079567,-0.04904653886123804,-0.18184269602862557,0.7231638236539388,-0.2772804650873427,0.919775855405696,False
larger,kfold_08,kfold,larger GM paper,GM paper,gross,ok,optimal,uncapped,False,,1.0005709999999999,-0.31932923907334937,-0.4057325664857994,-0.3213051761767368,0.6264313476046204,-0.30913373590817206,0.8508723096109827,False
larger,kfold_08,kfold,larger GM paper,GM paper,full_cost_net,ok,optimal,uncapped,False,,1.0005709999999999,-1.9674898669332865,-1.8569616949326184,-1.0,41.250307380185966,-1.0,0.0,True
larger,kfold_08,kfold,larger Equal premium capped,Equal premium capped,gross,ok,reference,hard,False,1.7453959000000001,0.927427,0.13055523555481804,0.2679820315031902,-0.2617445337452561,1.1314610194955677,-0.3742497284673034,0.8812235869866646,False
larger,kfold_08,kfold,larger Equal premium capped,Equal premium capped,full_cost_net,ok,reference,hard,False,1.7453959000000001,0.927427,-0.5376506834590905,-0.8278270020254366,-0.7223696674966389,1.21757661887815,-0.5418998806285342,0.5862882816053772,False
larger,kfold_08,kfold,larger Equal risk capped,Equal risk capped,gross,ok,reference,hard,False,1.7453959000000001,0.9310689999999999,-0.16038814743672056,-0.3140347928719588,-0.4436452864551875,1.0776859732973072,-0.36040263209954493,0.7832430890928481,False
larger,kfold_08,kfold,larger Equal risk capped,Equal risk capped,full_cost_net,ok,reference,hard,False,1.7453959000000001,0.9310689999999999,-0.752380000856478,-1.1457207726931404,-0.7600284810228413,1.1486726137710523,-0.49908192629726145,0.5517383967317117,False
larger,kfold_09,kfold,larger E1 capped,E1 capped,gross,ok,optimal,hard,False,1.75498735,0.60725,2.76238986194512,14.032459597523271,6.921579584766772,0.9264730662019335,-0.14144830707124467,2.3686719241528307,False
larger,kfold_09,kfold,larger E1 capped,E1 capped,full_cost_net,ok,optimal,hard,False,1.75498735,0.60725,2.5178132393950565,10.65017442223116,5.347207915130998,0.9110004030850304,-0.17277506307511403,2.15977976838846,False
larger,kfold_09,kfold,larger GM paper,GM paper,gross,ok,optimal,uncapped,False,,0.989942,4.343786901370867,,5.239816803630036,0.4728224178178523,0.0,2.144478022220661,False
larger,kfold_09,kfold,larger GM paper,GM paper,full_cost_net,ok,optimal,uncapped,False,,0.989942,-2.9504414163611563,-2.3888680679417162,-1.0,11.910962576430492,-1.0,0.0,True
larger,kfold_09,kfold,larger Equal premium capped,Equal premium capped,gross,ok,reference,hard,False,1.75498735,0.925942,2.4549642727651273,19.19805217846231,13.90504664265668,1.5016734504266427,-0.1606181485508793,3.0823992577364963,False
larger,kfold_09,kfold,larger Equal premium capped,Equal premium capped,full_cost_net,ok,reference,hard,False,1.75498735,0.925942,2.1815315777090074,13.411031831311476,9.334934687530062,1.4778989370527846,-0.20266709111745307,2.646233868124127,False
larger,kfold_09,kfold,larger Equal risk capped,Equal risk capped,gross,ok,reference,hard,False,1.75498735,0.9277139999999999,2.738163581185217,18.02127313042497,17.82231563027766,1.4466705621030653,-0.14188547692061193,3.39714255454155,False
larger,kfold_09,kfold,larger Equal risk capped,Equal risk capped,full_cost_net,ok,reference,hard,False,1.75498735,0.9277139999999999,2.4345246417811284,12.967438916488357,11.070105198838348,1.382015548167021,-0.1843755837172003,2.823013400516776,False
larger,kfold_10,kfold,larger E1 capped,E1 capped,gross,ok,optimal,hard,False,1.75241495,0.586503,2.2464499941446436,13.746196595831687,5.305212223323818,1.037902201222895,-0.10505902359711616,2.15381408140021,False
larger,kfold_10,kfold,larger E1 capped,E1 capped,full_cost_net,ok,optimal,hard,False,1.75241495,0.586503,2.0718035063570293,10.836971226228782,4.361822950116148,1.0364359945863526,-0.11856498929983694,2.0131688205433624,False
larger,kfold_10,kfold,larger GM paper,GM paper,gross,ok,optimal,uncapped,False,,0.993482,2.2189326389227833,23.773291807388148,5.4529391181003195,1.0591288967527939,-0.061600418487620434,2.1746981575409965,False
larger,kfold_10,kfold,larger GM paper,GM paper,full_cost_net,ok,optimal,uncapped,False,,0.993482,-4.30575868128824,-2.811782182101084,-1.0,1.6222892179818083,-1.0,0.0,True
larger,kfold_10,kfold,larger Equal premium capped,Equal premium capped,gross,ok,reference,hard,False,1.75241495,0.930998,1.494149580541993,6.609414599221067,3.6294884282097692,1.56671719482854,-0.035434118150057925,1.8936748785302449,False
larger,kfold_10,kfold,larger Equal premium capped,Equal premium capped,full_cost_net,ok,reference,hard,False,1.75241495,0.930998,1.2928018887799713,4.952115677302792,2.434015847659686,1.5623884759629674,-0.057391807688929486,1.6720565300228107,False
larger,kfold_10,kfold,larger Equal risk capped,Equal risk capped,gross,ok,reference,hard,False,1.75241495,0.9336730000000001,1.561623664578169,6.2374153633938825,3.0228477804756553,1.2565240328441827,-0.034211392776188676,1.7860310298205007,False
larger,kfold_10,kfold,larger Equal risk capped,Equal risk capped,full_cost_net,ok,reference,hard,False,1.75241495,0.9336730000000001,1.3349147995157362,4.632962096236846,2.0752680240294095,1.252306115884282,-0.055028926840852144,1.5969251913433147,False
larger,kfold_11,kfold,larger E1 capped,E1 capped,gross,ok,optimal,hard,False,1.7722812749999999,0.7378480000000001,1.007851309406503,3.6354048355164816,1.3331393829467837,1.8517889168752926,-0.34071688636486475,1.4233398823211525,False
larger,kfold_11,kfold,larger E1 capped,E1 capped,full_cost_net,ok,optimal,hard,False,1.7722812749999999,0.7378480000000001,0.8828813535723381,2.902044576546318,0.8515748499055638,1.8462937447738201,-0.36958503136373977,1.2926338676152513,False
larger,kfold_11,kfold,larger GM paper,GM paper,gross,ok,optimal,uncapped,False,,0.9877020000000001,1.9059391014169016,13.160478144574125,5.577015524226882,1.3804879028712251,-0.1616439263779873,2.192024284655645,False
larger,kfold_11,kfold,larger GM paper,GM paper,full_cost_net,ok,optimal,uncapped,False,,0.9877020000000001,-1.6487352377040536,-1.7299746947825123,-0.9999662514996214,1.8656723670929571,-0.9822889466109547,0.01370164464611443,False
larger,kfold_11,kfold,larger Equal premium capped,Equal premium capped,gross,ok,reference,hard,False,1.7722812749999999,0.94047,1.1720351169514371,4.054565431419816,1.9159130694574396,2.5800768088223967,-0.49712858647398106,1.5619102388183375,False
larger,kfold_11,kfold,larger Equal premium capped,Equal premium capped,full_cost_net,ok,reference,hard,False,1.7722812749999999,0.94047,1.0502533284263222,3.3359934126187656,1.1049144114823575,2.572785896652534,-0.5305044162076906,1.3635812390404614,False
larger,kfold_11,kfold,larger Equal risk capped,Equal risk capped,gross,ok,reference,hard,False,1.7722812749999999,0.935294,1.0448054186489801,3.375494196740792,1.1610900890189502,2.517809029433214,-0.5002296076674806,1.3786277938373235,False
larger,kfold_11,kfold,larger Equal risk capped,Equal risk capped,full_cost_net,ok,reference,hard,False,1.7722812749999999,0.935294,0.9212295533898078,2.738321025718165,0.5516377468749885,2.513562114849313,-0.5327578191319209,1.2008699390246622,False
larger,cpcv_00_01,cpcv,larger E1 capped,E1 capped,gross,ok,optimal,hard,False,1.711764,0.6067440000000001,1.0996254042781115,2.9633097507513058,1.0039793055223503,0.9579774799607591,-0.21143715243409333,1.784751245314396,False
larger,cpcv_00_01,cpcv,larger E1 capped,E1 capped,full_cost_net,ok,optimal,hard,False,1.711764,0.6067440000000001,0.7579755799427924,1.7536952792720804,0.44807135550921795,0.942834696751804,-0.2932840143535985,1.3614184618186074,False
larger,cpcv_00_01,cpcv,larger GM paper,GM paper,gross,ok,optimal,uncapped,False,,0.9980319999999998,2.1708535371582878,8.80174448903596,2.1194149057329894,0.6165204497469923,-0.1088583455092168,2.5806411565517826,False
larger,cpcv_00_01,cpcv,larger GM paper,GM paper,full_cost_net,ok,optimal,uncapped,False,,0.9980319999999998,-2.093327327960086,-1.8610995234335284,-1.0,32.807574412893,-1.0,0.0,True
larger,cpcv_00_01,cpcv,larger Equal premium capped,Equal premium capped,gross,ok,reference,hard,False,1.711764,0.9374759999999999,0.5317477924986421,1.15833834223503,0.04319623387362537,1.334495205775206,-0.5816022066930948,1.0358694112899838,False
larger,cpcv_00_01,cpcv,larger Equal premium capped,Equal premium capped,full_cost_net,ok,reference,hard,False,1.711764,0.9374759999999999,-0.4915698043218649,-0.6750090099711201,-0.8600280748739049,1.464847753254973,-0.9076281905199621,0.19425287109854347,False
larger,cpcv_00_01,cpcv,larger Equal risk capped,Equal risk capped,gross,ok,reference,hard,False,1.711764,0.9441029999999999,0.5849324271785146,1.235714215948728,0.11410483164754681,1.2951221005991354,-0.530604830020659,1.0942210067566267,False
larger,cpcv_00_01,cpcv,larger Equal risk capped,Equal risk capped,full_cost_net,ok,reference,hard,False,1.711764,0.9441029999999999,-0.8058649207879256,-0.9357519890229531,-0.7938019213337716,1.0282904147638614,-0.8089699367763626,0.2682690132739814,False
larger,cpcv_00_02,cpcv,larger E1 capped,E1 capped,gross,ok,optimal,hard,False,1.7205910750000002,0.617686,-1.1914404717721025,-1.455976422274563,-0.5566048573850756,0.5478206394872166,-0.5758040776802901,0.5077607295079624,False
larger,cpcv_00_02,cpcv,larger E1 capped,E1 capped,full_cost_net,ok,optimal,hard,False,1.7205910750000002,0.617686,-1.7776461756270778,-1.8773233706791974,-0.6946018478169956,0.5556641827963881,-0.6634891406432235,0.37215341123998474,False
larger,cpcv_00_02,cpcv,larger GM paper,GM paper,gross,ok,optimal,uncapped,False,,1.000086,-0.7612255403787291,-0.8291730283461863,-1.0,1.303568261452426,-1.0,0.0,True
larger,cpcv_00_02,cpcv,larger GM paper,GM paper,full_cost_net,ok,optimal,uncapped,False,,1.000086,-1.7154530126672523,-1.6029950013086627,-1.0,44.642753085765044,-1.0,0.0,True
larger,cpcv_00_02,cpcv,larger Equal premium capped,Equal premium capped,gross,ok,reference,hard,False,1.7205910750000002,0.940536,0.05297939812313487,0.09588659522771038,-0.3890862822924327,1.1659866164712844,-0.49315871382963206,0.6632082157336512,False
larger,cpcv_00_02,cpcv,larger Equal premium capped,Equal premium capped,full_cost_net,ok,reference,hard,False,1.7205910750000002,0.940536,-0.4244083106188431,-0.643036646809694,-0.6750353586879841,1.1676178148739633,-0.6818597935899267,0.39191939626339595,False
larger,cpcv_00_02,cpcv,larger Equal risk capped,Equal risk capped,gross,ok,reference,hard,False,1.7205910750000002,0.947433,-0.10607202984151509,-0.1897811170007858,-0.44431120451312833,1.0814838012482584,-0.505493523822879,0.6128577748958391,False
larger,cpcv_00_02,cpcv,larger Equal risk capped,Equal risk capped,full_cost_net,ok,reference,hard,False,1.7205910750000002,0.947433,-0.7199026531180273,-1.034943110679384,-0.7404555821567829,1.0887934645313389,-0.7095857800851173,0.32496985547739055,False
larger,cpcv_00_03,cpcv,larger E1 capped,E1 capped,gross,ok,optimal,hard,False,1.7089086,0.612681,-0.3336372136764175,-0.5021381585690387,-0.32614158658597114,0.6376090744254399,-0.4164284990995948,0.7196818429812942,False
larger,cpcv_00_03,cpcv,larger E1 capped,E1 capped,full_cost_net,ok,optimal,hard,False,1.7089086,0.612681,-0.9926013420711192,-1.2622424655011426,-0.5826396246699235,0.656503513687917,-0.5701498943455776,0.48279119973773865,False
larger,cpcv_00_03,cpcv,larger GM paper,GM paper,gross,ok,optimal,uncapped,False,,1.002856,1.1018201197089206,2.5647820261960645,0.4897272347334878,0.44257467205553175,-0.15370779629530007,1.3939770740647535,False
larger,cpcv_00_03,cpcv,larger GM paper,GM paper,full_cost_net,ok,optimal,uncapped,False,,1.002856,-1.8058045332932802,-1.668223899266461,-1.0,40.10024343730757,-1.0,0.0,True
larger,cpcv_00_03,cpcv,larger Equal premium capped,Equal premium capped,gross,ok,reference,hard,False,1.7089086,0.9368190000000001,-0.30486219430269074,-0.47285942423581057,-0.6316320186437003,1.1808754159081845,-0.7147324064699111,0.4350791070050332,False
larger,cpcv_00_03,cpcv,larger Equal premium capped,Equal premium capped,full_cost_net,ok,reference,hard,False,1.7089086,0.9368190000000001,-0.7152379544104962,-0.9784047251240222,-0.799257457514454,1.2008824435126635,-0.7873193954960105,0.2623410084374696,False
larger,cpcv_00_03,cpcv,larger Equal risk capped,Equal risk capped,gross,ok,reference,hard,False,1.7089086,0.9363370000000001,-0.33854462771537236,-0.5309149149187585,-0.5922817726984113,1.087011155512953,-0.6646213357602053,0.47347832883615343,False
larger,cpcv_00_03,cpcv,larger Equal risk capped,Equal risk capped,full_cost_net,ok,reference,hard,False,1.7089086,0.9363370000000001,-0.9803993037629248,-1.2629827657095694,-0.8439174938330865,1.1508282057522952,-0.8065851461399565,0.21271356755061366,False
larger,cpcv_00_04,cpcv,larger E1 capped,E1 capped,gross,ok,optimal,hard,False,1.7051073,0.611629,1.004936027064243,2.1762189107060665,0.685223654395634,0.7905708850101768,-0.2449300038292055,1.5448321128850724,False
larger,cpcv_00_04,cpcv,larger E1 capped,E1 capped,full_cost_net,ok,optimal,hard,False,1.7051073,0.611629,0.48264177060454133,0.878628244872447,0.11570447846164789,0.8056952557062115,-0.3699299230883055,1.0955300979817897,False
larger,cpcv_00_04,cpcv,larger GM paper,GM paper,gross,ok,optimal,uncapped,False,,0.987436,1.6472400727603849,4.32049072584845,1.1694633000272332,0.5674318057260549,-0.17915500103351567,1.9067492743402106,False
larger,cpcv_00_04,cpcv,larger GM paper,GM paper,full_cost_net,ok,optimal,uncapped,False,,0.987436,-1.259732448996602,-1.2399014576276333,-1.0,55.331655103061685,-1.0,0.0,True
larger,cpcv_00_04,cpcv,larger Equal premium capped,Equal premium capped,gross,ok,reference,hard,False,1.7051073,0.9377639999999999,1.193337421048283,2.447732559667953,1.1823395629926154,1.1368713451379007,-0.32124666517305633,1.916175449629953,False
larger,cpcv_00_04,cpcv,larger Equal premium capped,Equal premium capped,full_cost_net,ok,reference,hard,False,1.7051073,0.9377639999999999,0.6680604776697868,1.169770025201254,0.1835314191179458,1.156221261349789,-0.40767620889398315,1.1507557660289844,False
larger,cpcv_00_04,cpcv,larger Equal risk capped,Equal risk capped,gross,ok,reference,hard,False,1.7051073,0.9438869999999999,1.1610222822396108,2.389480013040284,1.090776921575522,1.083134439552979,-0.3183151829014663,1.848941120805934,False
larger,cpcv_00_04,cpcv,larger Equal risk capped,Equal risk capped,full_cost_net,ok,reference,hard,False,1.7051073,0.9438869999999999,0.42112786213862446,0.7057543060713165,-0.09110145520261781,1.1157769627282441,-0.45474066183098905,0.9234842793114355,False
larger,cpcv_00_05,cpcv,larger E1 capped,E1 capped,gross,ok,optimal,hard,False,1.7154196750000001,0.603966,0.5251227289397369,1.1161615248006673,0.1766425249641166,0.8057618061917698,-0.2828478515941364,1.1451712863297503,False
larger,cpcv_00_05,cpcv,larger E1 capped,E1 capped,full_cost_net,ok,optimal,hard,False,1.7154196750000001,0.603966,0.031806870653690006,0.05615653314011163,-0.22620029284415033,0.8237699905377966,-0.3643586194950099,0.8075891350849983,False
larger,cpcv_00_05,cpcv,larger GM paper,GM paper,gross,ok,optimal,uncapped,False,,0.9964740000000001,2.2405317995963805,10.023146823170455,1.968586698017588,0.5630536520235057,-0.09298976076357135,2.476232661084944,False
larger,cpcv_00_05,cpcv,larger GM paper,GM paper,full_cost_net,ok,optimal,uncapped,False,,0.9964740000000001,-1.4187192205567394,-1.3729845754295138,-1.0,33.31277319735227,-1.0,0.0,True
larger,cpcv_00_05,cpcv,larger Equal premium capped,Equal premium capped,gross,ok,reference,hard,False,1.7154196750000001,0.936704,0.38786707349764526,0.6201113351017248,-0.10751847462458797,1.0661706257234616,-0.5124332310415325,0.9095628121075119,False
larger,cpcv_00_05,cpcv,larger Equal premium capped,Equal premium capped,full_cost_net,ok,reference,hard,False,1.7154196750000001,0.936704,-0.20518170637273112,-0.2769319125688851,-0.5476668453730946,1.0519506687074887,-0.6894596315467927,0.516276096561879,False
larger,cpcv_00_05,cpcv,larger Equal risk capped,Equal risk capped,gross,ok,reference,hard,False,1.7154196750000001,0.937237,0.2334061092608644,0.3675100517592314,-0.20777311519317143,1.0099380587887565,-0.5263821428041773,0.8235841507373318,False
larger,cpcv_00_05,cpcv,larger Equal risk capped,Equal risk capped,full_cost_net,ok,reference,hard,False,1.7154196750000001,0.937237,-0.5156050270056953,-0.6575971721997385,-0.6557012095533932,1.0023972888098673,-0.7198301106166385,0.4112566316514248,False
larger,cpcv_00_06,cpcv,larger E1 capped,E1 capped,gross,ok,optimal,hard,False,1.7148295500000001,0.617714,1.3310559594878257,3.559512841534628,1.6588330026113236,1.131936260954432,-0.4490266796304758,2.258963518803026,False
larger,cpcv_00_06,cpcv,larger E1 capped,E1 capped,full_cost_net,ok,optimal,hard,False,1.7148295500000001,0.617714,0.9819038572725635,2.245378182633873,0.8078746792091147,1.1145971696709778,-0.519033161818091,1.6379737409599688,False
larger,cpcv_00_06,cpcv,larger GM paper,GM paper,gross,ok,optimal,uncapped,False,,0.9968049999999999,1.8578166985488556,8.510775278089675,1.8321580975771137,0.6798885523524995,-0.11107655706577324,2.3810284108235558,False
larger,cpcv_00_06,cpcv,larger GM paper,GM paper,full_cost_net,ok,optimal,uncapped,False,,0.9968049999999999,-1.693807087704445,-1.5870348948809698,-1.0,41.16073843957893,-1.0,0.0,True
larger,cpcv_00_06,cpcv,larger Equal premium capped,Equal premium capped,gross,ok,reference,hard,False,1.7148295500000001,0.9339049999999999,1.2275458690315315,3.568988935949874,1.9406089890856482,1.8210500114207677,-0.6210559475313424,2.456769435288013,False
larger,cpcv_00_06,cpcv,larger Equal premium capped,Equal premium capped,full_cost_net,ok,reference,hard,False,1.7148295500000001,0.9339049999999999,0.8017691911506526,1.8732383303359104,0.35939275041271057,1.7342704007153715,-0.7372752020154925,1.291578453172672,False
larger,cpcv_00_06,cpcv,larger Equal risk capped,Equal risk capped,gross,ok,reference,hard,False,1.7148295500000001,0.9487140000000001,1.1679116134096008,3.293465164736956,1.6345837866160529,1.73036344336536,-0.598353938016572,2.241781834483753,False
larger,cpcv_00_06,cpcv,larger Equal risk capped,Equal risk capped,full_cost_net,ok,reference,hard,False,1.7148295500000001,0.9487140000000001,0.0993033370432386,0.17645759127448105,-0.48576970811381015,1.400760092987096,-0.7795399832879215,0.5745106009895139,False
larger,cpcv_00_07,cpcv,larger E1 capped,E1 capped,gross,ok,optimal,hard,False,1.6990609,0.6329899999999999,1.1786998198189835,2.369592940532709,0.9063965133384191,0.7917518893575511,-0.24411483995342165,1.7120286542874006,False
larger,cpcv_00_07,cpcv,larger E1 capped,E1 capped,full_cost_net,ok,optimal,hard,False,1.6990609,0.6329899999999999,0.5462659561790313,0.8969305351931762,0.1411745578276724,0.8518132691992951,-0.4272481569717961,1.1163320678851174,False
larger,cpcv_00_07,cpcv,larger GM paper,GM paper,gross,ok,optimal,uncapped,False,,0.99968,2.0103981383430773,5.58339978621741,1.3493893128200827,0.4907328466195303,-0.15818915304184666,2.0376479756530532,False
larger,cpcv_00_07,cpcv,larger GM paper,GM paper,full_cost_net,ok,optimal,uncapped,False,,0.99968,-1.754182771490418,-1.6312300392357464,-1.0,38.049089569352574,-1.0,0.0,True
larger,cpcv_00_07,cpcv,larger Equal premium capped,Equal premium capped,gross,ok,reference,hard,False,1.6990609,0.9417610000000001,0.854190387134653,1.4780006454788723,0.4652618514909075,0.789311955437002,-0.3046430602362906,1.3748733767801506,False
larger,cpcv_00_07,cpcv,larger Equal premium capped,Equal premium capped,full_cost_net,ok,reference,hard,False,1.6990609,0.9417610000000001,0.041011358252990654,0.059082330633580794,-0.24425976675758687,0.8065149100308212,-0.512959213422078,0.7918515772229994,False
larger,cpcv_00_07,cpcv,larger Equal risk capped,Equal risk capped,gross,ok,reference,hard,False,1.6990609,0.941006,0.8804847324564405,1.4912415839850033,0.4894818524191047,0.7726604314400112,-0.3555069948212679,1.3937857291839832,False
larger,cpcv_00_07,cpcv,larger Equal risk capped,Equal risk capped,full_cost_net,ok,reference,hard,False,1.6990609,0.941006,-0.4657365739210896,-0.6003868829279033,-0.566822797498068,0.8970994005266661,-0.72132848131305,0.4979908083765724,False
larger,cpcv_00_08,cpcv,larger E1 capped,E1 capped,gross,ok,optimal,hard,False,1.7195269750000002,0.602846,0.4216543393466722,0.8574606321895388,0.10065162595544708,0.680521743140655,-0.3500209419508221,1.0831989563674953,False
larger,cpcv_00_08,cpcv,larger E1 capped,E1 capped,full_cost_net,ok,optimal,hard,False,1.7195269750000002,0.602846,0.002042364321915355,0.003576181689112328,-0.17914168106916228,0.6843707455045178,-0.4379149109619507,0.8483143949541517,False
larger,cpcv_00_08,cpcv,larger GM paper,GM paper,gross,ok,optimal,uncapped,False,,1.005124,0.35707289762642463,0.5380186553443154,0.05750628071680364,0.5447654921135409,-0.2941343399819335,1.04769723117757,False
larger,cpcv_00_08,cpcv,larger GM paper,GM paper,full_cost_net,ok,optimal,uncapped,False,,1.005124,-1.9469375526203805,-1.7656579640546677,-1.0,41.549288527768326,-1.0,0.0,True
larger,cpcv_00_08,cpcv,larger Equal premium capped,Equal premium capped,gross,ok,reference,hard,False,1.7195269750000002,0.93794,0.2062757838560882,0.3645025807062618,-0.20147954418362268,1.0170496533756654,-0.6268434684322716,0.8290327839816211,False
larger,cpcv_00_08,cpcv,larger Equal premium capped,Equal premium capped,full_cost_net,ok,reference,hard,False,1.7195269750000002,0.93794,-0.36919452572264366,-0.5360743492903516,-0.606444832705701,1.0666902675242975,-0.7696470404593915,0.45973194523399513,False
larger,cpcv_00_08,cpcv,larger Equal risk capped,Equal risk capped,gross,ok,reference,hard,False,1.7195269750000002,0.940814,-0.15494184452867638,-0.2576763337512692,-0.4063818093275109,0.9382463320901496,-0.6342297483618187,0.6475241951288739,False
larger,cpcv_00_08,cpcv,larger Equal risk capped,Equal risk capped,full_cost_net,ok,reference,hard,False,1.7195269750000002,0.940814,-0.7907547612337562,-1.0719306200112533,-0.7175329933946415,0.9835640584777405,-0.7811689049973735,0.34871698918447974,False
larger,cpcv_00_09,cpcv,larger E1 capped,E1 capped,gross,ok,optimal,hard,False,1.7298962750000002,0.6069439999999999,1.4987058187016853,3.8229542178787628,1.5770307158516839,0.8596122581093525,-0.2260407050630866,2.200896716416363,False
larger,cpcv_00_09,cpcv,larger E1 capped,E1 capped,full_cost_net,ok,optimal,hard,False,1.7298962750000002,0.6069439999999999,1.2029221678405075,2.729744011088305,1.0149006709081667,0.8531925970866829,-0.24213911181840686,1.7928530783380474,False
larger,cpcv_00_09,cpcv,larger GM paper,GM paper,gross,ok,optimal,uncapped,False,,0.98973,2.850746401545651,7.834217859233253,2.8047325585002847,0.5385641366893485,-0.1788997556305988,3.045113226851858,False
larger,cpcv_00_09,cpcv,larger GM paper,GM paper,full_cost_net,ok,optimal,uncapped,False,,0.98973,-1.8959539254749003,-1.7310833480490948,-1.0,33.06954111768988,-1.0,0.0,True
larger,cpcv_00_09,cpcv,larger Equal premium capped,Equal premium capped,gross,ok,reference,hard,False,1.7298962750000002,0.934075,1.4633701247956725,4.275234649173094,2.407440081719769,1.3072223625093982,-0.3037590599822815,2.7777310262284423,False
larger,cpcv_00_09,cpcv,larger Equal premium capped,Equal premium capped,full_cost_net,ok,reference,hard,False,1.7298962750000002,0.934075,1.136900988071411,2.8767612042119435,1.2595236711867184,1.2977676499303656,-0.3613650708837003,1.9724866817628324,False
larger,cpcv_00_09,cpcv,larger Equal risk capped,Equal risk capped,gross,ok,reference,hard,False,1.7298962750000002,0.9368749999999999,1.480863107055691,4.160189435088328,2.3304569217116353,1.249685194249596,-0.30837051394579773,2.725334729055792,False
larger,cpcv_00_09,cpcv,larger Equal risk capped,Equal risk capped,full_cost_net,ok,reference,hard,False,1.7298962750000002,0.9368749999999999,1.024895453210272,2.3434603535005256,0.9027808348484558,1.2181745779764468,-0.40882789119343765,1.7093223598846543,False
larger,cpcv_00_10,cpcv,larger E1 capped,E1 capped,gross,ok,optimal,hard,False,1.7290594750000001,0.5947979999999999,1.4717576032815765,4.497367326817708,1.7919384659189572,0.9723914330168755,-0.2038763694959278,2.352817283969072,False
larger,cpcv_00_10,cpcv,larger E1 capped,E1 capped,full_cost_net,ok,optimal,hard,False,1.7290594750000001,0.5947979999999999,1.2705008442430654,3.5164302571338455,1.3168115224133876,0.9711922460663324,-0.23189010812951827,2.014074760158922,False
larger,cpcv_00_10,cpcv,larger GM paper,GM paper,gross,ok,optimal,uncapped,False,,1.002252,1.6500985132030586,5.876940547001699,1.8422985792510391,0.812650660135985,-0.22351923669041973,2.388130645230094,False
larger,cpcv_00_10,cpcv,larger GM paper,GM paper,full_cost_net,ok,optimal,uncapped,False,,1.002252,-1.8836485603593824,-1.722637878376571,-1.0,10.335940736833473,-1.0,0.0,True
larger,cpcv_00_10,cpcv,larger Equal premium capped,Equal premium capped,gross,ok,reference,hard,False,1.7290594750000001,0.9356,1.0029884187615754,2.6248268591990316,0.9768964566375389,1.3007499319949822,-0.4393504963077347,1.7646284189175152,False
larger,cpcv_00_10,cpcv,larger Equal premium capped,Equal premium capped,full_cost_net,ok,reference,hard,False,1.7290594750000001,0.9356,0.713432175042556,1.64354799931307,0.3506513113080152,1.304161930814115,-0.529550176859577,1.284653596683581,False
larger,cpcv_00_10,cpcv,larger Equal risk capped,Equal risk capped,gross,ok,reference,hard,False,1.7290594750000001,0.9363589999999999,1.036972994224314,2.6520458876000914,0.9458439676132133,1.0920648654129477,-0.34846514450992006,1.7414994579260086,False
larger,cpcv_00_10,cpcv,larger Equal risk capped,Equal risk capped,full_cost_net,ok,reference,hard,False,1.7290594750000001,0.9363589999999999,0.7403367202627718,1.6747757428715908,0.41120212038958615,1.0899541268098971,-0.4326258930270408,1.3324707478858124,False
larger,cpcv_00_11,cpcv,larger E1 capped,E1 capped,gross,ok,optimal,hard,False,1.75011465,0.7415160000000001,0.744050936280813,2.295834359698658,0.4322977151450875,1.5811790754746673,-0.4604697518919568,1.349049077396687,False
larger,cpcv_00_11,cpcv,larger E1 capped,E1 capped,full_cost_net,ok,optimal,hard,False,1.75011465,0.7415160000000001,0.5726433811700802,1.5919508960806632,0.0834728947647212,1.5800453115093307,-0.5240473839384214,1.0690919084297352,False
larger,cpcv_00_11,cpcv,larger GM paper,GM paper,gross,ok,optimal,uncapped,False,,0.987045,1.3864067451082454,8.22305948531637,1.7891606438586427,1.031540994217801,-0.14526634206289213,2.35086635455408,False
larger,cpcv_00_11,cpcv,larger GM paper,GM paper,full_cost_net,ok,optimal,uncapped,False,,0.987045,-1.7707920255895448,-1.6464116216618803,-1.0,7.681252488813966,-1.0,0.0,True
larger,cpcv_00_11,cpcv,larger Equal premium capped,Equal premium capped,gross,ok,reference,hard,False,1.75011465,0.9383,0.9328516856914556,2.7732553677206675,0.7986181127629028,1.911037800687542,-0.4960318260510004,1.6309818777328966,False
larger,cpcv_00_11,cpcv,larger Equal premium capped,Equal premium capped,full_cost_net,ok,reference,hard,False,1.75011465,0.9383,0.7506420296187416,2.0245388077216413,0.2565228564989148,1.9063670508598691,-0.5624804016794784,1.2096006014861231,False
larger,cpcv_00_11,cpcv,larger Equal risk capped,Equal risk capped,gross,ok,reference,hard,False,1.75011465,0.940728,0.8121929834501007,2.3617626255107926,0.509115360884631,1.778773459533006,-0.4884722667534721,1.4090790775637483,False
larger,cpcv_00_11,cpcv,larger Equal risk capped,Equal risk capped,full_cost_net,ok,reference,hard,False,1.75011465,0.940728,0.6169364606042879,1.62224973790676,0.052149743125112336,1.776594262259862,-0.5562215858467235,1.0432729838958799,False
larger,cpcv_01_02,cpcv,larger E1 capped,E1 capped,gross,ok,optimal,hard,False,1.729001,0.618576,0.06310636718772737,0.1424649004271964,-0.1964809460131126,0.8704618672699145,-0.47649327491674565,0.8333552001501006,False
larger,cpcv_01_02,cpcv,larger E1 capped,E1 capped,full_cost_net,ok,optimal,hard,False,1.729001,0.618576,-0.32043840998298034,-0.6079506936841478,-0.42869552085054463,0.8578227496338764,-0.5421440461467286,0.6271763753514589,False
larger,cpcv_01_02,cpcv,larger GM paper,GM paper,gross,ok,optimal,uncapped,False,,1.005043,-0.7314047412048317,-0.8009960883861664,-1.0,1.6360195611160075,-1.0,0.0,True
larger,cpcv_01_02,cpcv,larger GM paper,GM paper,full_cost_net,ok,optimal,uncapped,False,,1.005043,-3.330286027929445,-2.4657229865065124,-1.0,15.063403535247192,-1.0,0.0,True
larger,cpcv_01_02,cpcv,larger Equal premium capped,Equal premium capped,gross,ok,reference,hard,False,1.729001,0.937789,0.29762012184779363,0.6764401477249987,-0.2800546220306961,1.4535178723662612,-0.4829465522111783,0.7604715242177467,False
larger,cpcv_01_02,cpcv,larger Equal premium capped,Equal premium capped,full_cost_net,ok,reference,hard,False,1.729001,0.937789,-0.6315075686679692,-0.9225533904693686,-0.8795090651000801,1.50031269611746,-0.8390205149333917,0.17144650847920054,False
larger,cpcv_01_02,cpcv,larger Equal risk capped,Equal risk capped,gross,ok,reference,hard,False,1.729001,0.937017,0.3431846301088879,0.7767181684090941,-0.21879613712720714,1.4146523131131452,-0.5098706762871259,0.8140235794641261,False
larger,cpcv_01_02,cpcv,larger Equal risk capped,Equal risk capped,full_cost_net,ok,reference,hard,False,1.729001,0.937017,-0.6804280733131262,-0.9467339716223319,-0.8179092478795417,1.241051493467074,-0.7931458611419488,0.2418651196238271,False
larger,cpcv_01_03,cpcv,larger E1 capped,E1 capped,gross,ok,optimal,hard,False,1.7140376750000001,0.6236919999999999,0.4478460968878319,1.0216259519764432,0.11109588712405816,0.8843167525588227,-0.3839411320930384,1.091757749555926,False
larger,cpcv_01_03,cpcv,larger E1 capped,E1 capped,full_cost_net,ok,optimal,hard,False,1.7140376750000001,0.6236919999999999,-0.04310500603935541,-0.08043287174561334,-0.28835291014752384,0.8766647825517488,-0.4936192056114166,0.7531599734227361,False
larger,cpcv_01_03,cpcv,larger GM paper,GM paper,gross,ok,optimal,uncapped,False,,1.001038,1.2144587769798614,5.026671841554299,0.6220204175773785,0.4766912797751337,-0.09934014420551474,1.496397350533837,False
larger,cpcv_01_03,cpcv,larger GM paper,GM paper,full_cost_net,ok,optimal,uncapped,False,,1.001038,-3.5165924640912136,-2.530961975902523,-1.0,11.633696156960927,-1.0,0.0,True
larger,cpcv_01_03,cpcv,larger Equal premium capped,Equal premium capped,gross,ok,reference,hard,False,1.7140376750000001,0.944433,0.03836635726287464,0.07515873049115568,-0.5512684327989853,1.48783356627757,-0.7089680324126666,0.5128482192066843,False
larger,cpcv_01_03,cpcv,larger Equal premium capped,Equal premium capped,full_cost_net,ok,reference,hard,False,1.7140376750000001,0.944433,-0.8552976186310385,-1.1675408630838733,-0.92975060896031,1.5372584914858256,-0.898115971823135,0.10936259410462046,False
larger,cpcv_01_03,cpcv,larger Equal risk capped,Equal risk capped,gross,ok,reference,hard,False,1.7140376750000001,0.942342,0.16221222991738998,0.315631138133615,-0.4239990379545714,1.402563252219381,-0.6680640091601018,0.6314699289807038,False
larger,cpcv_01_03,cpcv,larger Equal risk capped,Equal risk capped,full_cost_net,ok,reference,hard,False,1.7140376750000001,0.942342,-1.2371110222085715,-1.450423690966608,-0.9196566195938543,1.2122506240710913,-0.897069899820068,0.12230900047616435,False
larger,cpcv_01_04,cpcv,larger E1 capped,E1 capped,gross,ok,optimal,hard,False,1.7032372000000002,0.609868,1.572382834734095,5.118028155308364,2.0092639720618695,0.9440447089023807,-0.21767017979771097,2.5044761754856455,False
larger,cpcv_01_04,cpcv,larger E1 capped,E1 capped,full_cost_net,ok,optimal,hard,False,1.7032372000000002,0.609868,1.1633285957177892,3.071276125099447,1.076672590492549,0.941314251952254,-0.26140996258403415,1.8385411684299027,False
larger,cpcv_01_04,cpcv,larger GM paper,GM paper,gross,ok,optimal,uncapped,False,,0.992375,2.4073416445169618,9.731095474279272,2.1030419781703698,0.5421515599213733,-0.10153286240220816,2.569348662380037,False
larger,cpcv_01_04,cpcv,larger GM paper,GM paper,full_cost_net,ok,optimal,uncapped,False,,0.992375,-2.6156646807619324,-2.1572598155342453,-1.0,17.457649109073888,-1.0,0.0,True
larger,cpcv_01_04,cpcv,larger Equal premium capped,Equal premium capped,gross,ok,reference,hard,False,1.7032372000000002,0.941927,1.238806286726262,3.1409896847659486,1.5948516523322596,1.4263222142426344,-0.48427849677038104,2.213572641666434,False
larger,cpcv_01_04,cpcv,larger Equal premium capped,Equal premium capped,full_cost_net,ok,reference,hard,False,1.7032372000000002,0.941927,0.25043998972080794,0.4077649413644001,-0.5399089788806194,1.5437768923512063,-0.8130230043145352,0.5236444017930083,False
larger,cpcv_01_04,cpcv,larger Equal risk capped,Equal risk capped,gross,ok,reference,hard,False,1.7032372000000002,0.94587,1.352711568880312,3.3231918049966733,1.9199968561471135,1.3986609038936595,-0.48634178221350177,2.4424104711843957,False
larger,cpcv_01_04,cpcv,larger Equal risk capped,Equal risk capped,full_cost_net,ok,reference,hard,False,1.7032372000000002,0.94587,0.11986568441990912,0.17629628313280882,-0.5163241863124874,1.2584855779268893,-0.7316952893364546,0.5459195440777607,False
larger,cpcv_01_05,cpcv,larger E1 capped,E1 capped,gross,ok,optimal,hard,False,1.71408425,0.609091,1.0966195516141768,3.228603935072172,1.0164789781525712,0.9787199229219198,-0.20744375672281423,1.7940233131738241,False
larger,cpcv_01_05,cpcv,larger E1 capped,E1 capped,full_cost_net,ok,optimal,hard,False,1.71408425,0.609091,0.6791234940606469,1.6116097482730931,0.3438424901012629,0.9750722738587502,-0.23708872304606055,1.2792545604536734,False
larger,cpcv_01_05,cpcv,larger GM paper,GM paper,gross,ok,optimal,uncapped,False,,0.9909719999999999,2.710741337350716,12.801851689415361,3.2946129097068173,0.6283162672937979,-0.109000293111575,3.3685010551168255,False
larger,cpcv_01_05,cpcv,larger GM paper,GM paper,full_cost_net,ok,optimal,uncapped,False,,0.9909719999999999,-3.0115966981251923,-2.340974389902362,-1.0,9.99405679608871,-1.0,0.0,True
larger,cpcv_01_05,cpcv,larger Equal premium capped,Equal premium capped,gross,ok,reference,hard,False,1.71408425,0.94313,0.5921552089545535,1.2463953898843756,0.06378503670698432,1.414252614830018,-0.48646707743798834,1.0528784360226389,False
larger,cpcv_01_05,cpcv,larger Equal premium capped,Equal premium capped,full_cost_net,ok,reference,hard,False,1.71408425,0.94313,-0.4984665127180747,-0.6826353025179296,-0.8665676247724123,1.4956552657945363,-0.8700700618288743,0.18665989368598537,False
larger,cpcv_01_05,cpcv,larger Equal risk capped,Equal risk capped,gross,ok,reference,hard,False,1.71408425,0.9451749999999999,0.6826738968857577,1.3978177480634124,0.1939473103291316,1.3688950488868563,-0.48420752742712514,1.1591891333864635,False
larger,cpcv_01_05,cpcv,larger Equal risk capped,Equal risk capped,full_cost_net,ok,reference,hard,False,1.71408425,0.9451749999999999,-0.7235510113701004,-0.8543117003073211,-0.813172602756896,1.11884214062852,-0.8454229701672578,0.24709680860609828,False
larger,cpcv_01_06,cpcv,larger E1 capped,E1 capped,gross,ok,optimal,hard,False,1.7141436,0.6397090000000001,1.7878971705288726,5.856663989420322,3.645775492129948,1.2201098630965823,-0.30745368163042086,3.5965147755310025,False
larger,cpcv_01_06,cpcv,larger E1 capped,E1 capped,full_cost_net,ok,optimal,hard,False,1.7141436,0.6397090000000001,1.3649114549232642,3.607838514870865,1.856274031996234,1.2165081332614083,-0.3771498656496961,2.3979119181350423,False
larger,cpcv_01_06,cpcv,larger GM paper,GM paper,gross,ok,optimal,uncapped,False,,0.99861,1.8846891751299033,8.77629265922154,2.062051746384293,0.7291364848081583,-0.12107546978555561,2.5410337773663363,False
larger,cpcv_01_06,cpcv,larger GM paper,GM paper,full_cost_net,ok,optimal,uncapped,False,,0.99861,-4.033778128930339,-2.6858527943345516,-1.0,10.761980833057686,-1.0,0.0,True
larger,cpcv_01_06,cpcv,larger Equal premium capped,Equal premium capped,gross,ok,reference,hard,False,1.7141436,0.93646,1.3092897862402086,4.0781318457259825,2.3753373540905516,2.006204144306759,-0.4985646550113223,2.7559054991037213,False
larger,cpcv_01_06,cpcv,larger Equal premium capped,Equal premium capped,full_cost_net,ok,reference,hard,False,1.7141436,0.93646,0.1752355237808875,0.2930806323365552,-0.9427857271636215,2.2420684441954335,-0.9780865251998494,0.09216944779281087,False
larger,cpcv_01_06,cpcv,larger Equal risk capped,Equal risk capped,gross,ok,reference,hard,False,1.7141436,0.9451879999999999,1.3970623554475508,4.138020040894122,2.7495326568080696,1.8876449179451058,-0.4905482702663132,3.0082524822120194,False
larger,cpcv_01_06,cpcv,larger Equal risk capped,Equal risk capped,full_cost_net,ok,reference,hard,False,1.7141436,0.9451879999999999,-0.1969002327143623,-0.3056904551265543,-0.7589115360662813,1.4906988835852415,-0.8855133627478127,0.30559554933686855,False
larger,cpcv_01_07,cpcv,larger E1 capped,E1 capped,gross,ok,optimal,hard,False,1.6963552750000002,0.639854,1.6450621409296644,4.457426749486743,2.206507372947572,0.9584649698285673,-0.23216185667884526,2.6405447726575906,False
larger,cpcv_01_07,cpcv,larger E1 capped,E1 capped,full_cost_net,ok,optimal,hard,False,1.6963552750000002,0.639854,1.01606685421834,2.0699993235511887,0.7909689338618262,1.0125485850102567,-0.3552528368903526,1.6251996141183709,False
larger,cpcv_01_07,cpcv,larger GM paper,GM paper,gross,ok,optimal,uncapped,False,,1.005902,1.7027095581878713,6.5244418707105725,1.2563154002007217,0.5688819803903233,-0.1109447866507638,1.9701524799896935,False
larger,cpcv_01_07,cpcv,larger GM paper,GM paper,full_cost_net,ok,optimal,uncapped,False,,1.005902,-3.366872046435191,-2.4789723478856263,-1.0,11.867937635766246,-1.0,0.0,True
larger,cpcv_01_07,cpcv,larger Equal premium capped,Equal premium capped,gross,ok,reference,hard,False,1.6963552750000002,0.938328,0.9220129126172004,2.392079991849872,0.7681357023272539,1.185887116539679,-0.48337857189146693,1.6079146591009486,False
larger,cpcv_01_07,cpcv,larger Equal premium capped,Equal premium capped,full_cost_net,ok,reference,hard,False,1.6963552750000002,0.938328,-0.5324699096063561,-0.6914062085693674,-0.9115337755136419,1.469264709449352,-0.9280084041288555,0.13253011583928576,False
larger,cpcv_01_07,cpcv,larger Equal risk capped,Equal risk capped,gross,ok,reference,hard,False,1.6963552750000002,0.9466079999999999,1.1448631707064407,2.715094598141999,1.1775563639430544,1.168409368974471,-0.4734381392564714,1.9126749540210948,False
larger,cpcv_01_07,cpcv,larger Equal risk capped,Equal risk capped,full_cost_net,ok,reference,hard,False,1.6963552750000002,0.9466079999999999,-0.7552255856603078,-0.8840906416072124,-0.7681895330038417,1.0138350785460521,-0.8431253337902646,0.2957632443616206,False
larger,cpcv_01_08,cpcv,larger E1 capped,E1 capped,gross,ok,optimal,hard,False,1.71684095,0.62139,1.0973043467385886,3.129872743654479,0.9318930816257796,0.8823359717733601,-0.2327590994736558,1.7310883727667572,False
larger,cpcv_01_08,cpcv,larger E1 capped,E1 capped,full_cost_net,ok,optimal,hard,False,1.71684095,0.62139,0.7008225728033136,1.6692211322143031,0.3662841344263845,0.8649990693973972,-0.29787598462089904,1.2970324879028015,False
larger,cpcv_01_08,cpcv,larger GM paper,GM paper,gross,ok,optimal,uncapped,False,,1.001547,0.9004240436712494,1.7018685590363378,0.4894086228548724,0.662923240902708,-0.3011746173914156,1.393728625019654,False
larger,cpcv_01_08,cpcv,larger GM paper,GM paper,full_cost_net,ok,optimal,uncapped,False,,1.001547,-2.216159612076533,-1.9368183730417594,-1.0,26.59823436656646,-1.0,0.0,True
larger,cpcv_01_08,cpcv,larger Equal premium capped,Equal premium capped,gross,ok,reference,hard,False,1.71684095,0.9360200000000001,0.453580389744249,1.0608277989050783,-0.04449456800489138,1.348348855603534,-0.491970853045511,0.9627812715931324,False
larger,cpcv_01_08,cpcv,larger Equal premium capped,Equal premium capped,full_cost_net,ok,reference,hard,False,1.71684095,0.9360200000000001,-0.570966741355161,-0.8194516493442593,-0.8474375094996327,1.4264608261070284,-0.8792208774569528,0.20870834204183566,False
larger,cpcv_01_08,cpcv,larger Equal risk capped,Equal risk capped,gross,ok,reference,hard,False,1.71684095,0.941373,0.43449267029545047,0.9780106711136556,-0.07118951889788738,1.3206965641027242,-0.4939862005586596,0.9403133231579153,False
larger,cpcv_01_08,cpcv,larger Equal risk capped,Equal risk capped,full_cost_net,ok,reference,hard,False,1.71684095,0.941373,-0.7210136408403629,-0.9442266656258131,-0.809866369784957,1.1716079255895346,-0.8538115395031816,0.25073547477752395,False
larger,cpcv_01_09,cpcv,larger E1 capped,E1 capped,gross,ok,optimal,hard,False,1.7254014500000001,0.621328,2.0851744337970617,7.647652973971283,4.375725375985523,1.069073821249825,-0.22460150546418856,4.06160384836365,False
larger,cpcv_01_09,cpcv,larger E1 capped,E1 capped,full_cost_net,ok,optimal,hard,False,1.7254014500000001,0.621328,1.8007526899919968,5.640000138628654,3.008078623559279,1.0526930045064797,-0.25826243159141793,3.1801445451398442,False
larger,cpcv_01_09,cpcv,larger GM paper,GM paper,gross,ok,optimal,uncapped,False,,0.9951409999999999,3.390805695532126,30.551710883354396,4.027457545497666,0.5431928940069886,-0.05503396778620384,3.8411123474890507,False
larger,cpcv_01_09,cpcv,larger GM paper,GM paper,full_cost_net,ok,optimal,uncapped,False,,0.9951409999999999,-3.5190655823862502,-2.531787881531181,-1.0,9.327755726892795,-1.0,0.0,True
larger,cpcv_01_09,cpcv,larger Equal premium capped,Equal premium capped,gross,ok,reference,hard,False,1.7254014500000001,0.9273899999999999,1.498141865750318,4.9538678525305135,3.0141043871173974,1.5445078599021704,-0.4945719495087636,3.184128249370957,False
larger,cpcv_01_09,cpcv,larger Equal premium capped,Equal premium capped,full_cost_net,ok,reference,hard,False,1.7254014500000001,0.9273899999999999,0.7002817624238384,1.3973692755531655,-0.018902839442640818,1.635949435714456,-0.7916401110864837,0.9842226357952365,False
larger,cpcv_01_09,cpcv,larger Equal risk capped,Equal risk capped,gross,ok,reference,hard,False,1.7254014500000001,0.933897,1.7906507753367673,5.849597536981994,4.984597095679798,1.5914234286349633,-0.4882154838287822,4.441494185536925,False
larger,cpcv_01_09,cpcv,larger Equal risk capped,Equal risk capped,full_cost_net,ok,reference,hard,False,1.7254014500000001,0.933897,0.9938904368324032,1.9661823629458457,0.49865045123570617,1.4979276916921738,-0.7338602458396426,1.4009316832245438,False
larger,cpcv_01_10,cpcv,larger E1 capped,E1 capped,gross,ok,optimal,hard,False,1.7246396499999999,0.601599,1.9131715195835433,7.237429087456999,3.504432105255445,1.0437809880657862,-0.21187539594540028,3.5050969723174297,False
larger,cpcv_01_10,cpcv,larger E1 capped,E1 capped,full_cost_net,ok,optimal,hard,False,1.7246396499999999,0.601599,1.6698962724665758,5.496565169204008,2.592730863039678,1.0534824482268779,-0.24851231273487617,2.90304590975407,False
larger,cpcv_01_10,cpcv,larger GM paper,GM paper,gross,ok,optimal,uncapped,False,,0.9979370000000001,2.6817070685962494,23.223862661358844,5.356779529762358,0.8325831325183704,-0.0865558538154475,4.670509835558068,False
larger,cpcv_01_10,cpcv,larger GM paper,GM paper,full_cost_net,ok,optimal,uncapped,False,,0.9979370000000001,-3.0459754173945766,-2.3550466409017754,-1.0,7.875313210652189,-1.0,0.0,True
larger,cpcv_01_10,cpcv,larger Equal premium capped,Equal premium capped,gross,ok,reference,hard,False,1.7246396499999999,0.939352,1.1041583829639623,3.3573322503275627,1.3602939761171622,1.5726348287628085,-0.4947487850399359,2.0455263655848275,False
larger,cpcv_01_10,cpcv,larger Equal premium capped,Equal premium capped,full_cost_net,ok,reference,hard,False,1.7246396499999999,0.939352,0.33385513326884975,0.6251417341439003,-0.4780081214177796,1.671326884407503,-0.8128462438103288,0.5817277594766797,False
larger,cpcv_01_10,cpcv,larger Equal risk capped,Equal risk capped,gross,ok,reference,hard,False,1.7246396499999999,0.93848,1.1051353842314657,2.9614476461615196,1.2093212383476826,1.3594403133712833,-0.4882306749965537,1.9358976363196254,False
larger,cpcv_01_10,cpcv,larger Equal risk capped,Equal risk capped,full_cost_net,ok,reference,hard,False,1.7246396499999999,0.93848,0.62000495124734,1.236792797556433,-0.01456461317556057,1.4482391110838657,-0.6904593561659582,0.987848007143958,False
larger,cpcv_01_11,cpcv,larger E1 capped,E1 capped,gross,ok,optimal,hard,False,1.75625925,0.7388389999999999,1.2062840088846234,4.144669110007601,1.9165123381445692,1.6652557810531066,-0.39811514552865157,2.4399813960859844,False
larger,cpcv_01_11,cpcv,larger E1 capped,E1 capped,full_cost_net,ok,optimal,hard,False,1.75625925,0.7388389999999999,1.0313445745158376,3.219410513899897,1.1963865284328752,1.657068639835625,-0.44680778170622504,1.926448082851736,False
larger,cpcv_01_11,cpcv,larger GM paper,GM paper,gross,ok,optimal,uncapped,False,,0.99123,1.5723923164973475,5.95297556764902,2.325803956568441,1.059125553979287,-0.23632064732203506,2.722161399548291,False
larger,cpcv_01_11,cpcv,larger GM paper,GM paper,full_cost_net,ok,optimal,uncapped,False,,0.99123,-1.7961947022057148,-1.662211533421195,-1.0,15.556240054697856,-1.0,0.0,True
larger,cpcv_01_11,cpcv,larger Equal premium capped,Equal premium capped,gross,ok,reference,hard,False,1.75625925,0.942601,0.9806953396081254,3.0110710195728796,0.8450239609880699,2.1084853825585217,-0.49217121110158724,1.665974471383403,False
larger,cpcv_01_11,cpcv,larger Equal premium capped,Equal premium capped,full_cost_net,ok,reference,hard,False,1.75625925,0.942601,0.7625107142148841,2.064293744979736,0.12660879803231873,2.1096913309098078,-0.5783648714716494,1.1044454796920504,False
larger,cpcv_01_11,cpcv,larger Equal risk capped,Equal risk capped,gross,ok,reference,hard,False,1.75625925,0.937595,0.9148850454408458,2.6312498060704916,0.5998689734189937,2.072001512738364,-0.49787731299737936,1.4793479926975894,False
larger,cpcv_01_11,cpcv,larger Equal risk capped,Equal risk capped,full_cost_net,ok,reference,hard,False,1.75625925,0.937595,0.7078028286574876,1.8194392391188807,0.006013220087516924,2.0696397956240973,-0.5889361886866122,1.0050085115636445,False
larger,cpcv_02_03,cpcv,larger E1 capped,E1 capped,gross,ok,optimal,hard,False,1.74247775,0.615857,-3.0798889822376485,-2.4656379532318367,-0.6962556803994917,0.3494843764811269,-0.572764804810483,0.3704732063129386,False
larger,cpcv_02_03,cpcv,larger E1 capped,E1 capped,full_cost_net,ok,optimal,hard,False,1.74247775,0.615857,-4.227967834391769,-2.779492615722421,-0.8087700289997174,0.3511038793648764,-0.7011911374543114,0.25193971436611423,False
larger,cpcv_02_03,cpcv,larger GM paper,GM paper,gross,ok,optimal,uncapped,False,,1.00415,-1.039156561538038,-1.0721980756211291,-1.0,1.4258284445968825,-1.0,0.0,True
larger,cpcv_02_03,cpcv,larger GM paper,GM paper,full_cost_net,ok,optimal,uncapped,False,,1.00415,-3.521875997453152,-2.5327183679988345,-1.0,14.693515109139344,-1.0,0.0,True
larger,cpcv_02_03,cpcv,larger Equal premium capped,Equal premium capped,gross,ok,reference,hard,False,1.74247775,0.9380569999999999,-0.49020506242550205,-0.8117358055516918,-0.7358845372835408,1.2734725572304044,-0.7418064747053982,0.32973232372679195,False
larger,cpcv_02_03,cpcv,larger Equal premium capped,Equal premium capped,full_cost_net,ok,reference,hard,False,1.74247775,0.9380569999999999,-0.9734917107832026,-1.3577128029479446,-0.8782104307873135,1.2862089662967948,-0.8405116245747607,0.17298498646587132,False
larger,cpcv_02_03,cpcv,larger Equal risk capped,Equal risk capped,gross,ok,reference,hard,False,1.74247775,0.937039,-0.45299490254075725,-0.793036420317368,-0.6837823996326555,1.2072777546951206,-0.712853097721444,0.3831084216236265,False
larger,cpcv_02_03,cpcv,larger Equal risk capped,Equal risk capped,full_cost_net,ok,reference,hard,False,1.74247775,0.937039,-1.01049376933417,-1.4241476755686693,-0.8660114117512624,1.2320757259989297,-0.8471334476429785,0.18730807880686642,False
larger,cpcv_02_04,cpcv,larger E1 capped,E1 capped,gross,ok,optimal,hard,False,1.72786995,0.598677,0.18237592582927503,0.36764129372359694,-0.07479724373841845,0.7194126096331968,-0.38126433223354494,0.9372686659165206,False
larger,cpcv_02_04,cpcv,larger E1 capped,E1 capped,full_cost_net,ok,optimal,hard,False,1.72786995,0.598677,-0.31746242967661786,-0.526841230188625,-0.3642839334122736,0.7204887018660048,-0.49390464998314554,0.6855713439650118,False
larger,cpcv_02_04,cpcv,larger GM paper,GM paper,gross,ok,optimal,uncapped,False,,0.9972089999999999,-0.4540899786736998,-0.5168075700937718,-1.0,1.4545413914119074,-1.0,0.0,True
larger,cpcv_02_04,cpcv,larger GM paper,GM paper,full_cost_net,ok,optimal,uncapped,False,,0.9972089999999999,-2.6027002339535956,-2.150695189618318,-1.0,15.928469139646428,-1.0,0.0,True
larger,cpcv_02_04,cpcv,larger Equal premium capped,Equal premium capped,gross,ok,reference,hard,False,1.72786995,0.931263,0.8488367573875036,1.859275556314107,0.519689029101098,1.2964840792299213,-0.4633867447551252,1.4173015873544774,False
larger,cpcv_02_04,cpcv,larger Equal premium capped,Equal premium capped,full_cost_net,ok,reference,hard,False,1.72786995,0.931263,0.31959526406169736,0.572825665046625,-0.27214122322007595,1.3099889942540812,-0.5530985865644359,0.7674308781496375,False
larger,cpcv_02_04,cpcv,larger Equal risk capped,Equal risk capped,gross,ok,reference,hard,False,1.72786995,0.936224,0.9133381468982678,2.1379551017963014,0.6757293591819922,1.26502883830683,-0.470995809235629,1.5375759082239753,False
larger,cpcv_02_04,cpcv,larger Equal risk capped,Equal risk capped,full_cost_net,ok,reference,hard,False,1.72786995,0.936224,0.28724055065497744,0.5300487178973174,-0.2684115142880861,1.27178964126056,-0.5962432679598031,0.7707065524849057,False
larger,cpcv_02_05,cpcv,larger E1 capped,E1 capped,gross,ok,optimal,hard,False,1.7370088,0.630952,-0.6832379151892195,-1.1022528971702743,-0.4539127197550432,0.6307042477878071,-0.4410152387513102,0.6040205540533452,False
larger,cpcv_02_05,cpcv,larger E1 capped,E1 capped,full_cost_net,ok,optimal,hard,False,1.7370088,0.630952,-1.292530610367322,-1.6747404270278063,-0.6477983306654014,0.6405935479027578,-0.5242415971194514,0.4191082164189978,False
larger,cpcv_02_05,cpcv,larger GM paper,GM paper,gross,ok,optimal,uncapped,False,,0.99018,-0.23455951312293855,-0.27289442030456446,-1.0,1.4114717652667654,-1.0,0.0,True
larger,cpcv_02_05,cpcv,larger GM paper,GM paper,full_cost_net,ok,optimal,uncapped,False,,0.99018,-2.5992945184764222,-2.1489644027354458,-1.0,10.680865863184195,-1.0,0.0,True
larger,cpcv_02_05,cpcv,larger Equal premium capped,Equal premium capped,gross,ok,reference,hard,False,1.7370088,0.938937,0.12834150123522778,0.2254008176521264,-0.3703992318839051,1.2057867202661336,-0.6269875409220975,0.6800711856164422,False
larger,cpcv_02_05,cpcv,larger Equal premium capped,Equal premium capped,full_cost_net,ok,reference,hard,False,1.7370088,0.938937,-0.519424739155893,-0.7325367708510294,-0.7377682824690284,1.1947694407765792,-0.769476834184039,0.32777136988053857,False
larger,cpcv_02_05,cpcv,larger Equal risk capped,Equal risk capped,gross,ok,reference,hard,False,1.7370088,0.946153,0.09558472327818845,0.17686078026626564,-0.3632549630957578,1.1789233851739669,-0.6569074441770784,0.6864959410566275,False
larger,cpcv_02_05,cpcv,larger Equal risk capped,Equal risk capped,full_cost_net,ok,reference,hard,False,1.7370088,0.946153,-0.5637937246722287,-0.8187958811980615,-0.7255798801462199,1.155098472215863,-0.8001838897704321,0.34041860790820533,False
larger,cpcv_02_06,cpcv,larger E1 capped,E1 capped,gross,ok,optimal,hard,False,1.746910825,0.630256,0.5111631943035464,1.285543761006282,0.10837321732681793,1.162256414493303,-0.6094177301100846,1.0895278914364626,False
larger,cpcv_02_06,cpcv,larger E1 capped,E1 capped,full_cost_net,ok,optimal,hard,False,1.746910825,0.630256,0.1591371379810127,0.33560180358112945,-0.26090587591007064,1.1307451349741597,-0.6829078112566673,0.7772900791140887,False
larger,cpcv_02_06,cpcv,larger GM paper,GM paper,gross,ok,optimal,uncapped,False,,0.991938,-0.5615370417149531,-0.652836531524609,-1.0,1.552548869348552,-1.0,0.0,True
larger,cpcv_02_06,cpcv,larger GM paper,GM paper,full_cost_net,ok,optimal,uncapped,False,,0.991938,-3.5023345947908813,-2.5261482884712247,-1.0,9.670153910278723,-1.0,0.0,True
larger,cpcv_02_06,cpcv,larger Equal premium capped,Equal premium capped,gross,ok,reference,hard,False,1.746910825,0.9369190000000001,1.013531550583821,2.990798481864717,1.0241622235668841,1.9125793805181333,-0.7153327203271568,1.7997178725839915,False
larger,cpcv_02_06,cpcv,larger Equal premium capped,Equal premium capped,full_cost_net,ok,reference,hard,False,1.746910825,0.9369190000000001,0.4804590908686148,1.0599316502051332,-0.29375922804188626,1.8490220109172342,-0.8070815477532244,0.7483888730198214,False
larger,cpcv_02_06,cpcv,larger Equal risk capped,Equal risk capped,gross,ok,reference,hard,False,1.746910825,0.946639,1.0246709039286317,3.1045895728046493,1.0972671783163332,1.857098241618688,-0.7110341602224561,1.8537228369276058,False
larger,cpcv_02_06,cpcv,larger Equal risk capped,Equal risk capped,full_cost_net,ok,reference,hard,False,1.746910825,0.946639,-0.0022091897341445775,-0.004182418481242792,-0.5933865611970837,1.5148690935817715,-0.8434239673369128,0.47240893903877956,False
larger,cpcv_02_07,cpcv,larger E1 capped,E1 capped,gross,ok,optimal,hard,False,1.7317989750000002,0.6360779999999999,0.13366507107268819,0.2478619988520819,-0.13985194119479571,0.7876097987708319,-0.437111822672132,0.8820184666413988,False
larger,cpcv_02_07,cpcv,larger E1 capped,E1 capped,full_cost_net,ok,optimal,hard,False,1.7317989750000002,0.6360779999999999,-0.3975375568921553,-0.6007589899290898,-0.4691089990483054,0.8192802949545934,-0.5827821482691782,0.5899806976841027,False
larger,cpcv_02_07,cpcv,larger GM paper,GM paper,gross,ok,optimal,uncapped,False,,0.998229,-0.5790223724551091,-0.6359142606994397,-1.0,1.7177261595427402,-1.0,0.0,True
larger,cpcv_02_07,cpcv,larger GM paper,GM paper,full_cost_net,ok,optimal,uncapped,False,,0.998229,-3.240463971615161,-2.432214274266223,-1.0,13.37277167255988,-1.0,0.0,True
larger,cpcv_02_07,cpcv,larger Equal premium capped,Equal premium capped,gross,ok,reference,hard,False,1.7317989750000002,0.9413050000000001,0.4581436788872667,0.9311920072871362,0.058224042129239484,1.0004195194166576,-0.47153652549996816,1.048289784098076,False
larger,cpcv_02_07,cpcv,larger Equal premium capped,Equal premium capped,full_cost_net,ok,reference,hard,False,1.7317989750000002,0.9413050000000001,-0.34644222651928924,-0.5312564250548497,-0.5713955295902509,1.0324123571557333,-0.6458802271940064,0.4936061708336084,False
larger,cpcv_02_07,cpcv,larger Equal risk capped,Equal risk capped,gross,ok,reference,hard,False,1.7317989750000002,0.952475,0.5604880121489882,1.1846885149665982,0.16764052114346306,1.038600784507977,-0.5580151383296525,1.1378655923051728,False
larger,cpcv_02_07,cpcv,larger Equal risk capped,Equal risk capped,full_cost_net,ok,reference,hard,False,1.7317989750000002,0.952475,-0.5458684555717197,-0.7983042032510291,-0.7085636759521259,1.137162093586549,-0.8302204813457037,0.3579203573416666,False
larger,cpcv_02_08,cpcv,larger E1 capped,E1 capped,gross,ok,optimal,hard,False,1.74944765,0.626185,-1.0211126582532601,-1.4350399877102171,-0.4822139005426169,0.5173162276929517,-0.5054520960942093,0.5778192274457786,False
larger,cpcv_02_08,cpcv,larger E1 capped,E1 capped,full_cost_net,ok,optimal,hard,False,1.74944765,0.626185,-1.661143913772199,-1.9413423297875454,-0.6366248021410243,0.5153287739060636,-0.6130799298364698,0.43015938350128,False
larger,cpcv_02_08,cpcv,larger GM paper,GM paper,gross,ok,optimal,uncapped,False,,0.9988589999999999,-0.9859508767679166,-1.040346970337697,-1.0,1.4314199751856955,-1.0,0.0,True
larger,cpcv_02_08,cpcv,larger GM paper,GM paper,full_cost_net,ok,optimal,uncapped,False,,0.9988589999999999,-2.1422784848921075,-1.8917176262404383,-1.0,17.973970626208644,-1.0,0.0,True
larger,cpcv_02_08,cpcv,larger Equal premium capped,Equal premium capped,gross,ok,reference,hard,False,1.74944765,0.9407620000000001,-0.01639502830236741,-0.03205445474685088,-0.4260593643778021,1.1735863206501418,-0.721248952526576,0.6295870870273629,False
larger,cpcv_02_08,cpcv,larger Equal premium capped,Equal premium capped,full_cost_net,ok,reference,hard,False,1.74944765,0.9407620000000001,-0.6240930184474207,-0.944619220685143,-0.7581564642481727,1.202608654045894,-0.8315879491791043,0.3063929275862696,False
larger,cpcv_02_08,cpcv,larger Equal risk capped,Equal risk capped,gross,ok,reference,hard,False,1.74944765,0.9525459999999999,-0.27600752606420564,-0.5266377539109494,-0.5464153439282209,1.1119517357532067,-0.7459729112599816,0.5174661697452191,False
larger,cpcv_02_08,cpcv,larger Equal risk capped,Equal risk capped,full_cost_net,ok,reference,hard,False,1.74944765,0.9525459999999999,-0.8815463464624526,-1.292017946029067,-0.8057331263786888,1.1470283285065113,-0.8600058913972513,0.25526951850283713,False
larger,cpcv_02_09,cpcv,larger E1 capped,E1 capped,gross,ok,optimal,hard,False,1.7560977,0.6239889999999999,0.8977556866922495,2.5101867077889466,0.6562635392901643,0.9945042502431952,-0.3352131915289991,1.5226772809110287,False
larger,cpcv_02_09,cpcv,larger E1 capped,E1 capped,full_cost_net,ok,optimal,hard,False,1.7560977,0.6239889999999999,0.6304764839702908,1.5293636432230833,0.27194395377020064,0.9830813268968724,-0.39605756632830635,1.2219590326749072,False
larger,cpcv_02_09,cpcv,larger GM paper,GM paper,gross,ok,optimal,uncapped,False,,1.0020120000000001,-0.27178963531880695,-0.32538411628457264,-1.0,1.4913169180368675,-1.0,0.0,True
larger,cpcv_02_09,cpcv,larger GM paper,GM paper,full_cost_net,ok,optimal,uncapped,False,,1.0020120000000001,-3.377606172259265,-2.4828179791006892,-1.0,9.322522678325724,-1.0,0.0,True
larger,cpcv_02_09,cpcv,larger Equal premium capped,Equal premium capped,gross,ok,reference,hard,False,1.7560977,0.93201,1.1854203752090795,3.5924705839033404,1.5407160160270812,1.4534438631240094,-0.44860044841533686,2.175020916223859,False
larger,cpcv_02_09,cpcv,larger Equal premium capped,Equal premium capped,full_cost_net,ok,reference,hard,False,1.7560977,0.93201,0.8045909430631939,1.964846925356885,0.45528969492532223,1.4516810404063114,-0.5256989162109906,1.3670714441990162,False
larger,cpcv_02_09,cpcv,larger Equal risk capped,Equal risk capped,gross,ok,reference,hard,False,1.7560977,0.943964,1.3302439871986362,4.307722744107332,2.107844736080199,1.4860521025110291,-0.4910837364812115,2.5726621767339783,False
larger,cpcv_02_09,cpcv,larger Equal risk capped,Equal risk capped,full_cost_net,ok,reference,hard,False,1.7560977,0.943964,0.926598547993843,2.369976147103697,0.731069518790858,1.437575231122591,-0.5803246000531611,1.5797756822566575,False
larger,cpcv_02_10,cpcv,larger E1 capped,E1 capped,gross,ok,optimal,hard,False,1.751931575,0.589693,0.43757149787873156,1.0660994546504623,0.08041123775516468,0.9495691956441148,-0.46929453490365236,1.0665737987039279,False
larger,cpcv_02_10,cpcv,larger E1 capped,E1 capped,full_cost_net,ok,optimal,hard,False,1.751931575,0.589693,0.2235604657507059,0.48927436462302704,-0.12435898024504888,0.9527113934654903,-0.5220850280011976,0.8952378077400055,False
larger,cpcv_02_10,cpcv,larger GM paper,GM paper,gross,ok,optimal,uncapped,False,,0.9952729999999999,0.05385391910346348,0.07184001303312335,-1.0,1.559995413507234,-1.0,0.0,True
larger,cpcv_02_10,cpcv,larger GM paper,GM paper,full_cost_net,ok,optimal,uncapped,False,,0.9952729999999999,-3.244384269210636,-2.4345369125164416,-1.0,4.133800693475638,-1.0,0.0,True
larger,cpcv_02_10,cpcv,larger Equal premium capped,Equal premium capped,gross,ok,reference,hard,False,1.751931575,0.93906,0.72911136921304,1.9536929955302893,0.3823432416904675,1.4375225453354503,-0.5846048368561904,1.309724378541718,False
larger,cpcv_02_10,cpcv,larger Equal premium capped,Equal premium capped,full_cost_net,ok,reference,hard,False,1.751931575,0.93906,0.38996734063718286,0.865721917311803,-0.184468243006223,1.4504325950094163,-0.6586391118088442,0.8437246374116553,False
larger,cpcv_02_10,cpcv,larger Equal risk capped,Equal risk capped,gross,ok,reference,hard,False,1.751931575,0.945414,0.6652138906418562,1.6417321740606783,0.27913485532128024,1.289234422245676,-0.6296788651156919,1.2277132539996716,False
larger,cpcv_02_10,cpcv,larger Equal risk capped,Equal risk capped,full_cost_net,ok,reference,hard,False,1.751931575,0.945414,0.3937699109056842,0.8502106168269508,-0.10701042881864409,1.2784767212767258,-0.6812163008617529,0.9099942660954176,False
larger,cpcv_02_11,cpcv,larger E1 capped,E1 capped,gross,ok,optimal,hard,False,1.7709807,0.712824,-0.026104002152348614,-0.06251804979038902,-0.4727203470555167,1.3555304850539984,-0.6475375170346117,0.5866343789394228,False
larger,cpcv_02_11,cpcv,larger E1 capped,E1 capped,full_cost_net,ok,optimal,hard,False,1.7709807,0.712824,-0.20773430601551818,-0.4517753523674396,-0.5984029283259568,1.3550831259703429,-0.7082883414718322,0.467547186386589,False
larger,cpcv_02_11,cpcv,larger GM paper,GM paper,gross,ok,optimal,uncapped,False,,0.9916010000000002,-0.04129563821961312,-0.06916093993554286,-0.5474152489179064,1.2432603648669671,-0.692843187273595,0.5165153877697821,False
larger,cpcv_02_11,cpcv,larger GM paper,GM paper,full_cost_net,ok,optimal,uncapped,False,,0.9916010000000002,-1.955168039057636,-1.7757799591891814,-1.0,4.54220268552793,-1.0,0.0,True
larger,cpcv_02_11,cpcv,larger Equal premium capped,Equal premium capped,gross,ok,reference,hard,False,1.7709807,0.936256,0.7922868210204387,2.3516366306195104,0.27245319266068324,2.114064167432622,-0.6713227134339694,1.2223667080696528,False
larger,cpcv_02_11,cpcv,larger Equal premium capped,Equal premium capped,full_cost_net,ok,reference,hard,False,1.7709807,0.936256,0.6342133546105506,1.7061799611292876,-0.11239425789326307,2.1081453788194477,-0.7399688746890378,0.9054200050960285,False
larger,cpcv_02_11,cpcv,larger Equal risk capped,Equal risk capped,gross,ok,reference,hard,False,1.7709807,0.934483,0.7714100880819287,2.2565951003107947,0.26905658740048266,2.0239939015528785,-0.6701233493813198,1.2196470129287869,False
larger,cpcv_02_11,cpcv,larger Equal risk capped,Equal risk capped,full_cost_net,ok,reference,hard,False,1.7709807,0.934483,0.6105761845752832,1.6215759985863998,-0.10475896912984373,2.01962138663552,-0.737260181948909,0.9119058089139054,False
larger,cpcv_03_04,cpcv,larger E1 capped,E1 capped,gross,ok,optimal,hard,False,1.7345517750000001,0.59006,0.44849696286340907,0.9464121820951861,0.11672664154522572,0.7478988522091207,-0.4365676323483324,1.0963664342618669,False
larger,cpcv_03_04,cpcv,larger E1 capped,E1 capped,full_cost_net,ok,optimal,hard,False,1.7345517750000001,0.59006,-0.04569809127233017,-0.08015537685176788,-0.2442669879189574,0.7650976062322739,-0.5511152275862801,0.7918452720444007,False
larger,cpcv_03_04,cpcv,larger GM paper,GM paper,gross,ok,optimal,uncapped,False,,1.0027490000000001,1.6716304854843091,5.144336809185212,0.7333270392253104,0.3710666442757914,-0.09383823461955443,1.5814923418423228,False
larger,cpcv_03_04,cpcv,larger GM paper,GM paper,full_cost_net,ok,optimal,uncapped,False,,1.0027490000000001,-2.7697558206496136,-2.2324434597320844,-1.0,11.023749022306006,-1.0,0.0,True
larger,cpcv_03_04,cpcv,larger Equal premium capped,Equal premium capped,gross,ok,reference,hard,False,1.7345517750000001,0.9347570000000001,0.5469943570365519,1.0511941592158347,-0.0376273373412378,1.370968487878371,-0.7087175244970367,0.9685440962062053,False
larger,cpcv_03_04,cpcv,larger Equal premium capped,Equal premium capped,full_cost_net,ok,reference,hard,False,1.7345517750000001,0.9347570000000001,0.06861998720937584,0.11317432910963626,-0.546361413140129,1.40031022693227,-0.7931086628627829,0.517517441103776,False
larger,cpcv_03_04,cpcv,larger Equal risk capped,Equal risk capped,gross,ok,reference,hard,False,1.7345517750000001,0.929605,0.5852577484652032,1.139028680153583,0.06419443984534645,1.2855082725417635,-0.6552572541522057,1.053216096592243,False
larger,cpcv_03_04,cpcv,larger Equal risk capped,Equal risk capped,full_cost_net,ok,reference,hard,False,1.7345517750000001,0.929605,-0.04548391013242359,-0.07245992198184237,-0.5893928116162528,1.3399553128627062,-0.7954781724785651,0.4762724460017939,False
larger,cpcv_03_05,cpcv,larger E1 capped,E1 capped,gross,ok,optimal,hard,False,1.7312484750000001,0.606616,-0.057104455279950166,-0.10894246123891178,-0.2015087428233876,0.6820338137480986,-0.4640842420961433,0.8290075219452313,False
larger,cpcv_03_05,cpcv,larger E1 capped,E1 capped,full_cost_net,ok,optimal,hard,False,1.7312484750000001,0.606616,-0.7306980164348968,-1.0864131740346985,-0.5280047354283222,0.7108418464481808,-0.5845589215610552,0.534910801701312,False
larger,cpcv_03_05,cpcv,larger GM paper,GM paper,gross,ok,optimal,uncapped,False,,0.9969450000000001,1.9506614437690697,10.772254059699566,1.2897496532378163,0.48637694915648905,-0.05289656889256755,1.9944508345586138,False
larger,cpcv_03_05,cpcv,larger GM paper,GM paper,full_cost_net,ok,optimal,uncapped,False,,0.9969450000000001,-3.1176631572239337,-2.384146853802613,-1.0,10.925750603272627,-1.0,0.0,True
larger,cpcv_03_05,cpcv,larger Equal premium capped,Equal premium capped,gross,ok,reference,hard,False,1.7312484750000001,0.939913,-0.15843836534736533,-0.25076695410462085,-0.602194365137028,1.2587645254710385,-0.7979493105268008,0.46386589419388097,False
larger,cpcv_03_05,cpcv,larger Equal premium capped,Equal premium capped,full_cost_net,ok,reference,hard,False,1.7312484750000001,0.939913,-0.7627421500532579,-1.010049197788398,-0.8365023932917653,1.2539283563802257,-0.8951965768192857,0.22110208253604044,False
larger,cpcv_03_05,cpcv,larger Equal risk capped,Equal risk capped,gross,ok,reference,hard,False,1.7312484750000001,0.9460120000000001,-0.11487904135611506,-0.18836366669240712,-0.5335013035051119,1.1936673135547209,-0.7703589494167102,0.5297147044978369,False
larger,cpcv_03_05,cpcv,larger Equal risk capped,Equal risk capped,full_cost_net,ok,reference,hard,False,1.7312484750000001,0.9460120000000001,-0.8368528204213814,-1.0895116282157749,-0.8437356154517512,1.2282289232613661,-0.8979019452965944,0.212920104919709,False
larger,cpcv_03_06,cpcv,larger E1 capped,E1 capped,gross,ok,optimal,hard,False,1.7357062500000002,0.6111310000000001,0.8584445206987569,2.332385024546371,0.6285721473087422,1.0560218122811456,-0.5622103593238637,1.5014325810924054,False
larger,cpcv_03_06,cpcv,larger E1 capped,E1 capped,full_cost_net,ok,optimal,hard,False,1.7357062500000002,0.6111310000000001,0.44916881473446557,1.0025374235881295,0.057395245649443316,1.0458776685748075,-0.6569305029286883,1.0476055594205722,False
larger,cpcv_03_06,cpcv,larger GM paper,GM paper,gross,ok,optimal,uncapped,False,,0.9962949999999999,1.2961302966392545,5.760357594043566,0.9461377714775128,0.6477666966018266,-0.18595275040174186,1.7417185799973463,False
larger,cpcv_03_06,cpcv,larger GM paper,GM paper,full_cost_net,ok,optimal,uncapped,False,,0.9962949999999999,-3.7074422135479947,-2.592282720951591,-1.0,10.903072364544418,-1.0,0.0,True
larger,cpcv_03_06,cpcv,larger Equal premium capped,Equal premium capped,gross,ok,reference,hard,False,1.7357062500000002,0.9338069999999999,0.8195701910123557,2.152329818867811,0.3190630710986715,1.9998667812323028,-0.842764778269826,1.2595670804261578,False
larger,cpcv_03_06,cpcv,larger Equal premium capped,Equal premium capped,full_cost_net,ok,reference,hard,False,1.7357062500000002,0.9338069999999999,0.38443919186535896,0.8178692608549504,-0.45770552396844677,1.9184483504546361,-0.9053243665019636,0.600522545986526,False
larger,cpcv_03_06,cpcv,larger Equal risk capped,Equal risk capped,gross,ok,reference,hard,False,1.7357062500000002,0.9397089999999999,0.8685107363946977,2.338040202026467,0.5367835963631227,1.8684715230530082,-0.7958536626080539,1.4305748866250405,False
larger,cpcv_03_06,cpcv,larger Equal risk capped,Equal risk capped,full_cost_net,ok,reference,hard,False,1.7357062500000002,0.9397089999999999,0.05196400339422936,0.09715727298471316,-0.6242192922660864,1.641495960215747,-0.8970640133247288,0.44236293753246797,False
larger,cpcv_03_07,cpcv,larger E1 capped,E1 capped,gross,ok,optimal,hard,False,1.7226534500000001,0.6209560000000001,0.6097820188831503,1.219865912938299,0.24931017634280983,0.7296006938769205,-0.4141568993935385,1.2038117129311023,False
larger,cpcv_03_07,cpcv,larger E1 capped,E1 capped,full_cost_net,ok,optimal,hard,False,1.7226534500000001,0.6209560000000001,-0.11859504779398988,-0.18460098093836697,-0.311400993914664,0.7897465342494381,-0.6040782630179928,0.7327772757866602,False
larger,cpcv_03_07,cpcv,larger GM paper,GM paper,gross,ok,optimal,uncapped,False,,0.9933219999999999,1.3183710851876167,5.452141615976441,0.699692047038663,0.478891947720325,-0.14227897544922108,1.5558767890565093,False
larger,cpcv_03_07,cpcv,larger GM paper,GM paper,full_cost_net,ok,optimal,uncapped,False,,0.9933219999999999,-3.1957570136353466,-2.4150257202086243,-1.0,13.37534707119176,-1.0,0.0,True
larger,cpcv_03_07,cpcv,larger Equal premium capped,Equal premium capped,gross,ok,reference,hard,False,1.7226534500000001,0.937424,0.1222554426804468,0.20830542886258938,-0.31655926401065837,1.0806724242532737,-0.7083803376673693,0.7282000719941546,False
larger,cpcv_03_07,cpcv,larger Equal premium capped,Equal premium capped,full_cost_net,ok,reference,hard,False,1.7226534500000001,0.937424,-0.5123247869813526,-0.7368084005463149,-0.690281709708151,1.1059388157864682,-0.8260839956599357,0.3765353118458356,False
larger,cpcv_03_07,cpcv,larger Equal risk capped,Equal risk capped,gross,ok,reference,hard,False,1.7226534500000001,0.938077,0.36835244013868557,0.6664168479347399,-0.08400026907649016,1.0602449654332193,-0.6835234738200737,0.929492996340778,False
larger,cpcv_03_07,cpcv,larger Equal risk capped,Equal risk capped,full_cost_net,ok,reference,hard,False,1.7226534500000001,0.938077,-0.7111614828128586,-0.9712317925526074,-0.782656462838102,1.165917929697215,-0.8912839172403704,0.2802994693644297,False
larger,cpcv_03_08,cpcv,larger E1 capped,E1 capped,gross,ok,optimal,hard,False,1.7500557500000002,0.601711,-0.18276945455414761,-0.3364798193465415,-0.20993247357944333,0.5671434975937748,-0.4815079748613489,0.8217130351151388,False
larger,cpcv_03_08,cpcv,larger E1 capped,E1 capped,full_cost_net,ok,optimal,hard,False,1.7500557500000002,0.601711,-0.8146358791160343,-1.2058025714884644,-0.4656894754334303,0.5787024994531929,-0.6024063818913065,0.5931457741661039,False
larger,cpcv_03_08,cpcv,larger GM paper,GM paper,gross,ok,optimal,uncapped,False,,1.001354,-0.18684472611661246,-0.23723385252079346,-0.18029800056770817,0.46716856513289995,-0.3041532589995044,0.8473184479211706,False
larger,cpcv_03_08,cpcv,larger GM paper,GM paper,full_cost_net,ok,optimal,uncapped,False,,1.001354,-2.0701459627790815,-1.846339982318673,-1.0,16.905513138463338,-1.0,0.0,True
larger,cpcv_03_08,cpcv,larger Equal premium capped,Equal premium capped,gross,ok,reference,hard,False,1.7500557500000002,0.936726,-0.354235863129713,-0.5836302440119611,-0.6462591979321723,1.1877228530573458,-0.8451322610372549,0.4206339253068986,False
larger,cpcv_03_08,cpcv,larger Equal premium capped,Equal premium capped,full_cost_net,ok,reference,hard,False,1.7500557500000002,0.936726,-0.9152901090985877,-1.2482920993889006,-0.8530928552857429,1.2308719990762689,-0.9196445154115649,0.20224095073716114,False
larger,cpcv_03_08,cpcv,larger Equal risk capped,Equal risk capped,gross,ok,reference,hard,False,1.7500557500000002,0.9392199999999999,-0.4351008894875386,-0.7205000456396535,-0.6314685112293679,1.0967997473906033,-0.8151510860251998,0.4352400331090752,False
larger,cpcv_03_08,cpcv,larger Equal risk capped,Equal risk capped,full_cost_net,ok,reference,hard,False,1.7500557500000002,0.9392199999999999,-1.0094658806266483,-1.3640974338949738,-0.8435559426278719,1.1499816792914894,-0.903912870828174,0.2131240983669964,False
larger,cpcv_03_09,cpcv,larger E1 capped,E1 capped,gross,ok,optimal,hard,False,1.7576798500000002,0.6028499999999999,0.9904745092255968,2.4431655343890366,0.6826652566230136,0.7921948104093298,-0.372167326055165,1.5428774784899366,False
larger,cpcv_03_09,cpcv,larger E1 capped,E1 capped,full_cost_net,ok,optimal,hard,False,1.7576798500000002,0.6028499999999999,0.5974641248328325,1.2487829766467025,0.23606666489375905,0.7966969177524739,-0.44452784730629435,1.1931679482834674,False
larger,cpcv_03_09,cpcv,larger GM paper,GM paper,gross,ok,optimal,uncapped,False,,0.9943369999999999,2.1484079557938545,10.898061962002636,1.4170414072113848,0.4661880813832958,-0.1181721265397766,2.0864280308503838,False
larger,cpcv_03_09,cpcv,larger GM paper,GM paper,full_cost_net,ok,optimal,uncapped,False,,0.9943369999999999,-3.489599679711635,-2.521835059245809,-1.0,8.435478893685522,-1.0,0.0,True
larger,cpcv_03_09,cpcv,larger Equal premium capped,Equal premium capped,gross,ok,reference,hard,False,1.7576798500000002,0.9351799999999999,0.8890260038371521,2.1640931559553898,0.5853504283364934,1.5459479387952642,-0.705954714878188,1.468152138062133,False
larger,cpcv_03_09,cpcv,larger Equal premium capped,Equal premium capped,full_cost_net,ok,reference,hard,False,1.7576798500000002,0.9351799999999999,0.5473966879242518,1.143735578644974,-0.1003994318657423,1.5554776924682128,-0.7818518618733741,0.9156048845316958,False
larger,cpcv_03_09,cpcv,larger Equal risk capped,Equal risk capped,gross,ok,reference,hard,False,1.7576798500000002,0.9344789999999998,1.0837512194823766,2.7662167075765414,1.1131805706472426,1.4458790735556628,-0.6418056085639865,1.8654366604646606,False
larger,cpcv_03_09,cpcv,larger Equal risk capped,Equal risk capped,full_cost_net,ok,reference,hard,False,1.7576798500000002,0.9344789999999998,0.6153646510571636,1.254943222137991,0.03190722090642506,1.4585512030572403,-0.7589404173340986,1.0265195137992784,False
larger,cpcv_03_10,cpcv,larger E1 capped,E1 capped,gross,ok,optimal,hard,False,1.7513664750000002,0.591086,0.8024047704809607,2.118588178367848,0.5054432891359377,0.8786741995696365,-0.42018634748878547,1.40622128319499,False
larger,cpcv_03_10,cpcv,larger E1 capped,E1 capped,full_cost_net,ok,optimal,hard,False,1.7513664750000002,0.591086,0.5316758904918587,1.2600039067477107,0.18880622034722694,0.8820396397829504,-0.47535092873545615,1.1550281194507435,False
larger,cpcv_03_10,cpcv,larger GM paper,GM paper,gross,ok,optimal,uncapped,False,,0.998344,1.5294386219279394,10.587555700904819,1.6931231440350634,0.8210119032795256,-0.14051713526556764,2.2832151813326846,False
larger,cpcv_03_10,cpcv,larger GM paper,GM paper,full_cost_net,ok,optimal,uncapped,False,,0.998344,-4.1997455976604865,-2.7281304128487522,-1.0,3.9251088554878053,-1.0,0.0,True
larger,cpcv_03_10,cpcv,larger Equal premium capped,Equal premium capped,gross,ok,reference,hard,False,1.7513664750000002,0.937843,0.469931336893011,1.0538807015814153,-0.10654684819020732,1.4783464686468706,-0.7669149244185085,0.9103879226780375,False
larger,cpcv_03_10,cpcv,larger Equal premium capped,Equal premium capped,full_cost_net,ok,reference,hard,False,1.7513664750000002,0.937843,0.14638519175438852,0.2838068987372904,-0.48903487870513773,1.505418969890796,-0.8374984268667877,0.5714690484008976,False
larger,cpcv_03_10,cpcv,larger Equal risk capped,Equal risk capped,gross,ok,reference,hard,False,1.7513664750000002,0.9411779999999998,0.3647923513720912,0.759373743381206,-0.10189424480542675,1.180462193955895,-0.7087552539565509,0.9143368702241432,False
larger,cpcv_03_10,cpcv,larger Equal risk capped,Equal risk capped,full_cost_net,ok,reference,hard,False,1.7513664750000002,0.9411779999999998,0.018154411199094396,0.032715423654874995,-0.43218839161590294,1.1987740243404321,-0.7796727984733575,0.6239793574218561,False
larger,cpcv_03_11,cpcv,larger E1 capped,E1 capped,gross,ok,optimal,hard,False,1.7545302249999999,0.722575,0.4771647939163848,1.391033261386832,0.05576010472050963,1.3652637464148287,-0.5749935755474794,1.0462553834324264,False
larger,cpcv_03_11,cpcv,larger E1 capped,E1 capped,full_cost_net,ok,optimal,hard,False,1.7545302249999999,0.722575,0.2854202938681556,0.7418796948896407,-0.19690655360384168,1.3655389945937177,-0.6516438249653742,0.8329873412548179,False
larger,cpcv_03_11,cpcv,larger GM paper,GM paper,gross,ok,optimal,uncapped,False,,0.990059,1.204641576741033,4.993983834775448,1.3739094648158945,1.0737781019395476,-0.2508419118556092,2.0553547609294727,False
larger,cpcv_03_11,cpcv,larger GM paper,GM paper,full_cost_net,ok,optimal,uncapped,False,,0.990059,-2.664830215892425,-2.225541299645454,-1.0,1.5472258841604822,-1.0,0.0,True
larger,cpcv_03_11,cpcv,larger Equal premium capped,Equal premium capped,gross,ok,reference,hard,False,1.7545302249999999,0.936882,0.4783254256059438,1.189242836072087,-0.3000761853066656,1.988891057469457,-0.7811121769915395,0.7428064087761237,False
larger,cpcv_03_11,cpcv,larger Equal premium capped,Equal premium capped,full_cost_net,ok,reference,hard,False,1.7545302249999999,0.936882,0.2930066117714579,0.6619408728247674,-0.5432070657636017,1.993162932403573,-0.8418287227029528,0.5205144789471562,False
larger,cpcv_03_11,cpcv,larger Equal risk capped,Equal risk capped,gross,ok,reference,hard,False,1.7545302249999999,0.933181,0.4354318166618089,1.0680154581691894,-0.3290529303331443,1.9382512042365196,-0.7892355334377859,0.7170898087838856,False
larger,cpcv_03_11,cpcv,larger Equal risk capped,Equal risk capped,full_cost_net,ok,reference,hard,False,1.7545302249999999,0.933181,0.25844753907796963,0.5782847492828302,-0.5477483464737299,1.9404711903701417,-0.8434424298411528,0.5161985768150944,False
larger,cpcv_04_05,cpcv,larger E1 capped,E1 capped,gross,ok,optimal,hard,False,1.72896875,0.617927,0.9452096186281603,2.4415090032262774,0.6478066196922856,0.8146664491812885,-0.1643562166463678,1.5161954976688659,False
larger,cpcv_04_05,cpcv,larger E1 capped,E1 capped,full_cost_net,ok,optimal,hard,False,1.72896875,0.617927,0.40935864021441487,0.8224022435126062,0.05861763151945598,0.8350215108335303,-0.2358319148263177,1.0486146861148216,False
larger,cpcv_04_05,cpcv,larger GM paper,GM paper,gross,ok,optimal,uncapped,False,,1.00013,3.022865924765577,25.237516261669068,2.9393054309873494,0.5138403594270893,-0.04215244337643409,3.1346066143596416,False
larger,cpcv_04_05,cpcv,larger GM paper,GM paper,full_cost_net,ok,optimal,uncapped,False,,1.00013,-2.3379653324522343,-2.008108677674388,-1.0,7.052362204695034,-1.0,0.0,True
larger,cpcv_04_05,cpcv,larger Equal premium capped,Equal premium capped,gross,ok,reference,hard,False,1.72896875,0.9329049999999999,1.2484560554571307,2.444210206343234,1.2938952255572054,1.2049919757732677,-0.38209733946772917,1.9974594944748048,False
larger,cpcv_04_05,cpcv,larger Equal premium capped,Equal premium capped,full_cost_net,ok,reference,hard,False,1.72896875,0.9329049999999999,0.5531848893156901,0.8933054382799329,-0.04367427790629419,1.225484524189652,-0.5524882098447743,0.9634700026010456,False
larger,cpcv_04_05,cpcv,larger Equal risk capped,Equal risk capped,gross,ok,reference,hard,False,1.72896875,0.9424440000000001,1.2244150045620121,2.4266688312549785,1.234870715554269,1.1678140533819257,-0.34893311750042144,1.9545359851223008,False
larger,cpcv_04_05,cpcv,larger Equal risk capped,Equal risk capped,full_cost_net,ok,reference,hard,False,1.72896875,0.9424440000000001,0.4486521736167208,0.7149524741919852,-0.13174040792673924,1.1848013441889362,-0.5735310309047984,0.8889445224538195,False
larger,cpcv_04_06,cpcv,larger E1 capped,E1 capped,gross,ok,optimal,hard,False,1.7241774250000002,0.5960559999999999,1.60744606852772,5.065370001611664,2.413022951913195,1.0741684718539188,-0.2975712405233094,2.7815231192568635,False
larger,cpcv_04_06,cpcv,larger E1 capped,E1 capped,full_cost_net,ok,optimal,hard,False,1.7241774250000002,0.5960559999999999,1.1871240023216343,3.0318146818377043,1.2185778168661558,1.0673173035522237,-0.3666122735504955,1.9426544408020034,False
larger,cpcv_04_06,cpcv,larger GM paper,GM paper,gross,ok,optimal,uncapped,False,,1.003906,2.444196330228794,15.555632310362274,2.6567065498126747,0.6210412283640415,-0.08754357606725538,2.946061156842568,False
larger,cpcv_04_06,cpcv,larger GM paper,GM paper,full_cost_net,ok,optimal,uncapped,False,,1.003906,-3.915287304406151,-2.653315658101541,-1.0,6.738301765748794,-1.0,0.0,True
larger,cpcv_04_06,cpcv,larger Equal premium capped,Equal premium capped,gross,ok,reference,hard,False,1.7241774250000002,0.924202,1.8518433366344909,5.902203623572832,6.717619994350857,1.815162638253622,-0.4653988674216074,5.489963944508436,False
larger,cpcv_04_06,cpcv,larger Equal premium capped,Equal premium capped,full_cost_net,ok,reference,hard,False,1.7241774250000002,0.924202,1.3340751778187372,3.328189255457782,2.1003703075352798,1.763193340355377,-0.6049668495735157,2.5675050558745887,False
larger,cpcv_04_06,cpcv,larger Equal risk capped,Equal risk capped,gross,ok,reference,hard,False,1.7241774250000002,0.9353899999999999,1.9001814670682289,5.812987991874246,6.557704797615156,1.695844759111544,-0.4133481112695062,5.395001921721856,False
larger,cpcv_04_06,cpcv,larger Equal risk capped,Equal risk capped,full_cost_net,ok,reference,hard,False,1.7241774250000002,0.9353899999999999,0.7861809176481308,1.5425776706077894,0.27282754521480346,1.476589461171953,-0.6666080849703844,1.2226663817528212,False
larger,cpcv_04_07,cpcv,larger E1 capped,E1 capped,gross,ok,optimal,hard,False,1.71102985,0.6180320000000001,1.5755782973014218,3.9943800845955835,1.5866226104061432,0.7887959007983535,-0.19654997281235898,2.2077211825788523,False
larger,cpcv_04_07,cpcv,larger E1 capped,E1 capped,full_cost_net,ok,optimal,hard,False,1.71102985,0.6180320000000001,0.9208570054954611,1.792714777398607,0.5842011167077301,0.8447608447717464,-0.3037371820818068,1.467265127918821,False
larger,cpcv_04_07,cpcv,larger GM paper,GM paper,gross,ok,optimal,uncapped,False,,0.992758,2.8164015300641854,18.227144467744786,2.3960558219394303,0.4905068929338787,-0.05564613678621766,2.7699952024349965,False
larger,cpcv_04_07,cpcv,larger GM paper,GM paper,full_cost_net,ok,optimal,uncapped,False,,0.992758,-2.3681890988172167,-2.0252405210640423,-1.0,15.108639801041972,-1.0,0.0,True
larger,cpcv_04_07,cpcv,larger Equal premium capped,Equal premium capped,gross,ok,reference,hard,False,1.71102985,0.932239,1.9403972030446441,4.8301010512840525,2.9582270476938994,0.9397440649917691,-0.3225132633077624,3.1471486155605466,False
larger,cpcv_04_07,cpcv,larger Equal premium capped,Equal premium capped,full_cost_net,ok,reference,hard,False,1.71102985,0.932239,1.0540053071866866,2.0367671817077717,0.8095611790454671,0.9951766380360153,-0.40875874111018984,1.6392469799217608,False
larger,cpcv_04_07,cpcv,larger Equal risk capped,Equal risk capped,gross,ok,reference,hard,False,1.71102985,0.9412809999999999,2.1188785768206793,5.071458789867844,3.583329487945445,0.9434880942383808,-0.32097018910476915,3.556184073009401,False
larger,cpcv_04_07,cpcv,larger Equal risk capped,Equal risk capped,full_cost_net,ok,reference,hard,False,1.71102985,0.9412809999999999,0.6660563908391268,1.1512806306191605,0.19483083807047263,1.100722142593951,-0.5493177416715715,1.1599039280624446,False
larger,cpcv_04_08,cpcv,larger E1 capped,E1 capped,gross,ok,optimal,hard,False,1.72908545,0.5783,1.0132765627246303,2.7407079210268273,0.6309631213641136,0.6718590429632109,-0.20154591974199199,1.5032692858190664,False
larger,cpcv_04_08,cpcv,larger E1 capped,E1 capped,full_cost_net,ok,optimal,hard,False,1.72908545,0.5783,0.5151700618949461,1.1007590344816416,0.17180034208698425,0.6791211640961872,-0.284755762744311,1.1412427117620316,False
larger,cpcv_04_08,cpcv,larger GM paper,GM paper,gross,ok,optimal,uncapped,False,,0.996497,0.37610697547537425,0.5704991351090878,0.06630447071689116,0.5441417647832462,-0.30132216616732455,1.0549560289189353,False
larger,cpcv_04_08,cpcv,larger GM paper,GM paper,full_cost_net,ok,optimal,uncapped,False,,0.996497,-1.4662341334869966,-1.4114376719118162,-1.0,43.1525762489548,-1.0,0.0,True
larger,cpcv_04_08,cpcv,larger Equal premium capped,Equal premium capped,gross,ok,reference,hard,False,1.72908545,0.919898,1.09688210373877,2.447461122594963,1.0118781383778233,1.1402633590666353,-0.4817392763026148,1.7906115970599907,False
larger,cpcv_04_08,cpcv,larger Equal premium capped,Equal premium capped,full_cost_net,ok,reference,hard,False,1.72908545,0.919898,0.3961888288866269,0.6822449242558858,-0.15088857837428682,1.2045162795930389,-0.6583872061544502,0.8725772831242345,False
larger,cpcv_04_08,cpcv,larger Equal risk capped,Equal risk capped,gross,ok,reference,hard,False,1.72908545,0.928477,1.0051857124118821,2.253392881418738,0.8194871485469637,1.1057164736197587,-0.45898349433759067,1.646736684186831,False
larger,cpcv_04_08,cpcv,larger Equal risk capped,Equal risk capped,full_cost_net,ok,reference,hard,False,1.72908545,0.928477,0.27535917094308726,0.47479420849852283,-0.23538668397529228,1.1559938954203306,-0.651380533156667,0.799591583874532,False
larger,cpcv_04_09,cpcv,larger E1 capped,E1 capped,gross,ok,optimal,hard,False,1.7399071499999998,0.579907,2.2832856897571556,8.79661569178857,3.9586066884311233,0.8845743302923975,-0.13781198557791707,3.797225466808534,False
larger,cpcv_04_09,cpcv,larger E1 capped,E1 capped,full_cost_net,ok,optimal,hard,False,1.7399071499999998,0.579907,1.8989546279018261,5.790620637731849,2.650093002403062,0.8872535388396493,-0.17716694502872432,2.941620263218405,False
larger,cpcv_04_09,cpcv,larger GM paper,GM paper,gross,ok,optimal,uncapped,False,,0.999031,2.8349361159265705,11.305831269004653,2.2977888429335276,0.4750173433492484,-0.0846461398112004,2.703039363943055,False
larger,cpcv_04_09,cpcv,larger GM paper,GM paper,full_cost_net,ok,optimal,uncapped,False,,0.999031,-2.4384838664358743,-2.064202627270085,-1.0,12.580314657695792,-1.0,0.0,True
larger,cpcv_04_09,cpcv,larger Equal premium capped,Equal premium capped,gross,ok,reference,hard,False,1.7399071499999998,0.9213139999999999,2.3956332927205386,8.732225993525065,8.913487668010616,1.3177439023646027,-0.30580203576249265,6.763768356091359,False
larger,cpcv_04_09,cpcv,larger Equal premium capped,Equal premium capped,full_cost_net,ok,reference,hard,False,1.7399071499999998,0.9213139999999999,1.917814564116924,5.592569004574742,4.731022462984718,1.3357405029883436,-0.3888671058378308,4.284104859383761,False
larger,cpcv_04_09,cpcv,larger Equal risk capped,Equal risk capped,gross,ok,reference,hard,False,1.7399071499999998,0.924074,2.5836425327032213,9.014431011667446,10.633877843266914,1.2960984877253825,-0.31117888887267453,7.72865194331479,False
larger,cpcv_04_09,cpcv,larger Equal risk capped,Equal risk capped,full_cost_net,ok,reference,hard,False,1.7399071499999998,0.924074,1.906292765952038,5.010105659479515,4.384289401351505,1.3186442629890158,-0.42948132709275444,4.066995223637026,False
larger,cpcv_04_10,cpcv,larger E1 capped,E1 capped,gross,ok,optimal,hard,False,1.7384842750000002,0.574313,2.1879929949247137,11.34481747692691,3.8543170001413216,0.9089012986387162,-0.11083412674294091,3.7305549775580777,False
larger,cpcv_04_10,cpcv,larger E1 capped,E1 capped,full_cost_net,ok,optimal,hard,False,1.7384842750000002,0.574313,1.9367392862379185,8.213442053495003,2.965848470859105,0.9124143063887961,-0.1344176771449378,3.1521975733623124,False
larger,cpcv_04_10,cpcv,larger GM paper,GM paper,gross,ok,optimal,uncapped,False,,0.987001,1.573291451269143,12.795341540055876,1.7978904132263014,0.8200694032647932,-0.060999540417618126,2.3569963871582624,False
larger,cpcv_04_10,cpcv,larger GM paper,GM paper,full_cost_net,ok,optimal,uncapped,False,,0.987001,-4.3503517915532575,-2.7640759546951497,-1.0,1.7299825912733036,-1.0,0.0,True
larger,cpcv_04_10,cpcv,larger Equal premium capped,Equal premium capped,gross,ok,reference,hard,False,1.7384842750000002,0.9225209999999999,1.7781827134157828,5.38844407259155,3.907624683179704,1.312925384299524,-0.31814400209288274,3.764663110331519,False
larger,cpcv_04_10,cpcv,larger Equal premium capped,Equal premium capped,full_cost_net,ok,reference,hard,False,1.7384842750000002,0.9225209999999999,1.35015535022237,3.3930847836472777,1.8926352222857328,1.3334784561850994,-0.4015862542019579,2.4233234881939127,False
larger,cpcv_04_10,cpcv,larger Equal risk capped,Equal risk capped,gross,ok,reference,hard,False,1.7384842750000002,0.921323,1.9771170747474607,5.965991126107235,4.100931024251855,1.1279068987493797,-0.26992306350253326,3.8878354533636097,False
larger,cpcv_04_10,cpcv,larger Equal risk capped,Equal risk capped,full_cost_net,ok,reference,hard,False,1.7384842750000002,0.921323,1.629076579579685,4.2300171483224895,2.542652729515697,1.1251937376994567,-0.31534793567716823,2.869285864038122,False
larger,cpcv_04_11,cpcv,larger E1 capped,E1 capped,gross,ok,optimal,hard,False,1.7502063,0.7055180000000001,1.3601142206827177,4.948804088875011,2.2446334461090696,1.3622168530346028,-0.3438512521685061,2.66668284574903,False
larger,cpcv_04_11,cpcv,larger E1 capped,E1 capped,full_cost_net,ok,optimal,hard,False,1.7502063,0.7055180000000001,1.1482236867984537,3.7075065099117315,1.469118290096553,1.3639607260005147,-0.3711835556307118,2.1238226450575572,False
larger,cpcv_04_11,cpcv,larger GM paper,GM paper,gross,ok,optimal,uncapped,False,,0.9890300000000002,1.7182229483780491,15.966547828306826,3.0181010069464502,1.0733891927356616,-0.13048299694495025,3.186769912662268,False
larger,cpcv_04_11,cpcv,larger GM paper,GM paper,full_cost_net,ok,optimal,uncapped,False,,0.9890300000000002,-2.294250882974891,-1.9882934553430727,-1.0,5.74034047510753,-1.0,0.0,True
larger,cpcv_04_11,cpcv,larger Equal premium capped,Equal premium capped,gross,ok,reference,hard,False,1.7502063,0.93796,1.3232368583670775,3.9022021742470114,2.368074494957737,1.8801600438802284,-0.4885649778690041,2.7509629448754547,False
larger,cpcv_04_11,cpcv,larger Equal premium capped,Equal premium capped,full_cost_net,ok,reference,hard,False,1.7502063,0.93796,1.0751186329297195,2.81727045457779,1.102358676285352,1.8933387017359546,-0.5221924994340839,1.8574722870610605,False
larger,cpcv_04_11,cpcv,larger Equal risk capped,Equal risk capped,gross,ok,reference,hard,False,1.7502063,0.9261290000000001,1.3900428754201026,3.996581447505731,2.6631880989746533,1.8051849021666753,-0.4844374160117151,2.950412117055889,False
larger,cpcv_04_11,cpcv,larger Equal risk capped,Equal risk capped,full_cost_net,ok,reference,hard,False,1.7502063,0.9261290000000001,1.154133616336908,2.9726509137077293,1.4063778040779007,1.8110689030031266,-0.5172405957243837,2.078754381310663,False
larger,cpcv_05_06,cpcv,larger E1 capped,E1 capped,gross,ok,optimal,hard,False,1.7257634250000002,0.629281,1.1426827868486862,3.1518446536480367,1.216766610583468,1.154531198307457,-0.47764577362421445,1.9413327279496213,False
larger,cpcv_05_06,cpcv,larger E1 capped,E1 capped,full_cost_net,ok,optimal,hard,False,1.7257634250000002,0.629281,0.733826703202442,1.6731790239387734,0.39119323885113877,1.1535046301553595,-0.5680000739553515,1.3167082255051192,False
larger,cpcv_05_06,cpcv,larger GM paper,GM paper,gross,ok,optimal,uncapped,False,,1.00198,2.5296735266107793,11.457749748012304,3.4550849228887284,0.7057633702102383,-0.14258219831026364,3.4730682873865386,False
larger,cpcv_05_06,cpcv,larger GM paper,GM paper,full_cost_net,ok,optimal,uncapped,False,,1.00198,-3.6690594190449395,-2.5803706625074185,-1.0,7.934639002387794,-1.0,0.0,True
larger,cpcv_05_06,cpcv,larger Equal premium capped,Equal premium capped,gross,ok,reference,hard,False,1.7257634250000002,0.926543,1.2863855720344148,3.5398835986424073,2.111253504535611,1.8639179723207984,-0.531940656178821,2.575013433311734,False
larger,cpcv_05_06,cpcv,larger Equal premium capped,Equal premium capped,full_cost_net,ok,reference,hard,False,1.7257634250000002,0.926543,0.7566469940941111,1.6440167824423078,0.16214875407872897,1.7813430825626535,-0.6915522773189261,1.1334040689989282,False
larger,cpcv_05_06,cpcv,larger Equal risk capped,Equal risk capped,gross,ok,reference,hard,False,1.7257634250000002,0.936617,1.273872030231276,3.489042805738162,2.036501992264167,1.7757419461630486,-0.44663297881791375,2.523352800763644,False
larger,cpcv_05_06,cpcv,larger Equal risk capped,Equal risk capped,full_cost_net,ok,reference,hard,False,1.7257634250000002,0.936617,0.5921200309968514,1.2156301467792754,-0.042864916846350076,1.6044649173021328,-0.6385572631882244,0.9641494608877836,False
larger,cpcv_05_07,cpcv,larger E1 capped,E1 capped,gross,ok,optimal,hard,False,1.7153244,0.6132390000000001,1.1110237842993052,2.601354634092529,0.8629329228085867,0.8182946588837385,-0.2665684946332051,1.6794394410557016,False
larger,cpcv_05_07,cpcv,larger E1 capped,E1 capped,full_cost_net,ok,optimal,hard,False,1.7153244,0.6132390000000001,0.4098692286461627,0.7156572186876811,0.017228543365698012,0.8929202668804315,-0.47551388458788546,1.0143366436133328,False
larger,cpcv_05_07,cpcv,larger GM paper,GM paper,gross,ok,optimal,uncapped,False,,0.997476,3.3791312014240473,23.36974174839577,3.667250249533593,0.5162352037195301,-0.06814094236126467,3.6103633039705154,False
larger,cpcv_05_07,cpcv,larger GM paper,GM paper,full_cost_net,ok,optimal,uncapped,False,,0.997476,-2.5988851673004225,-2.1487561938663693,-1.0,10.614691938135856,-1.0,0.0,True
larger,cpcv_05_07,cpcv,larger Equal premium capped,Equal premium capped,gross,ok,reference,hard,False,1.7153244,0.9368970000000001,0.9883202442063393,1.736426124517086,0.6499860062146947,0.9137798350928574,-0.3855588732629367,1.5178664117918017,False
larger,cpcv_05_07,cpcv,larger Equal premium capped,Equal premium capped,full_cost_net,ok,reference,hard,False,1.7153244,0.9368970000000001,0.04881748693535752,0.06787572632238346,-0.32754123075974295,0.9227121768861225,-0.46617457810356866,0.7184359420484115,False
larger,cpcv_05_07,cpcv,larger Equal risk capped,Equal risk capped,gross,ok,reference,hard,False,1.7153244,0.9421269999999999,1.0892363835444017,1.9847588255517103,0.8254122826071182,0.9240470727963315,-0.3500108394134649,1.6512042851898483,False
larger,cpcv_05_07,cpcv,larger Equal risk capped,Equal risk capped,full_cost_net,ok,reference,hard,False,1.7153244,0.9421269999999999,-0.2556699690817764,-0.34445911783166916,-0.5417687734563459,1.0065355046990134,-0.6308951063344583,0.5218798966168514,False
larger,cpcv_05_08,cpcv,larger E1 capped,E1 capped,gross,ok,optimal,hard,False,1.736604775,0.605792,0.5794042359622448,1.547755590303022,0.2405762006565122,0.7055359844578748,-0.31465845014313243,1.1967943708152604,False
larger,cpcv_05_08,cpcv,larger E1 capped,E1 capped,full_cost_net,ok,optimal,hard,False,1.736604775,0.605792,0.047442078617553445,0.09564369353081797,-0.15870012009207524,0.7183830656768732,-0.4431896821376753,0.8658826197306565,False
larger,cpcv_05_08,cpcv,larger GM paper,GM paper,gross,ok,optimal,uncapped,False,,1.00906,1.401890551418602,2.706913479715359,0.8403354689352784,0.5395340272647531,-0.23953078620634205,1.662445807288334,False
larger,cpcv_05_08,cpcv,larger GM paper,GM paper,full_cost_net,ok,optimal,uncapped,False,,1.00906,-1.4504563460662836,-1.3987370432420076,-1.0,33.47220740834798,-1.0,0.0,True
larger,cpcv_05_08,cpcv,larger Equal premium capped,Equal premium capped,gross,ok,reference,hard,False,1.736604775,0.9348569999999998,0.33363497427281963,0.5860291338632032,-0.13649851945496716,1.0822653472203572,-0.5232711458701422,0.8848831095142797,False
larger,cpcv_05_08,cpcv,larger Equal premium capped,Equal premium capped,full_cost_net,ok,reference,hard,False,1.736604775,0.9348569999999998,-0.4352871149539452,-0.5980873178469552,-0.6663431457187046,1.1008246169416769,-0.7231886808343178,0.40063606576681576,False
larger,cpcv_05_08,cpcv,larger Equal risk capped,Equal risk capped,gross,ok,reference,hard,False,1.736604775,0.936443,0.12587000341938484,0.219388987766331,-0.2715070227558172,1.0227230761371846,-0.49291827526687926,0.767988071507871,False
larger,cpcv_05_08,cpcv,larger Equal risk capped,Equal risk capped,full_cost_net,ok,reference,hard,False,1.736604775,0.936443,-0.6085330512037062,-0.830417926127287,-0.6922000978926558,1.0377918633169936,-0.6955332900524029,0.37459076346099773,False
larger,cpcv_05_09,cpcv,larger E1 capped,E1 capped,gross,ok,optimal,hard,False,1.7450651000000001,0.603039,1.6858692048755322,5.882701547918975,2.182761470802118,0.9120097705706802,-0.14797655359521267,2.624239148500177,False
larger,cpcv_05_09,cpcv,larger E1 capped,E1 capped,full_cost_net,ok,optimal,hard,False,1.7450651000000001,0.603039,1.3240060240671392,3.699076279712218,1.3321209600083321,0.9144618658391289,-0.20801264370428796,2.0251594684748633,False
larger,cpcv_05_09,cpcv,larger GM paper,GM paper,gross,ok,optimal,uncapped,False,,1.004676,3.6650863380758727,39.36696419320425,4.9686428035700345,0.5578988083218104,-0.03360400500191141,4.431624869754994,False
larger,cpcv_05_09,cpcv,larger GM paper,GM paper,full_cost_net,ok,optimal,uncapped,False,,1.004676,-2.544829974536887,-2.1210085786543837,-1.0,8.573972700396641,-1.0,0.0,True
larger,cpcv_05_09,cpcv,larger Equal premium capped,Equal premium capped,gross,ok,reference,hard,False,1.7450651000000001,0.933044,1.531458623842839,4.0721688961684075,2.72232507589215,1.3882141465168882,-0.3860374153278029,2.9900509015931647,False
larger,cpcv_05_09,cpcv,larger Equal premium capped,Equal premium capped,full_cost_net,ok,reference,hard,False,1.7450651000000001,0.933044,1.061211104544091,2.342037494623391,0.9612033051299407,1.385622345800358,-0.4628266926983573,1.75294724853253,False
larger,cpcv_05_09,cpcv,larger Equal risk capped,Equal risk capped,gross,ok,reference,hard,False,1.7450651000000001,0.934932,1.6551988747180313,4.614106752721405,3.2505277088281597,1.3476864247516132,-0.34348731242142816,3.3396609338013055,False
larger,cpcv_05_09,cpcv,larger Equal risk capped,Equal risk capped,full_cost_net,ok,reference,hard,False,1.7450651000000001,0.934932,1.1426273258716195,2.551136389289094,1.164597325780993,1.3216416750824562,-0.4237488868027497,1.903184672064605,False
larger,cpcv_05_10,cpcv,larger E1 capped,E1 capped,gross,ok,optimal,hard,False,1.7423182750000001,0.5784539999999999,1.5844850902629564,5.736653212344166,1.9482270076971577,0.9095779747723697,-0.18367635944927663,2.462072100757636,False
larger,cpcv_05_10,cpcv,larger E1 capped,E1 capped,full_cost_net,ok,optimal,hard,False,1.7423182750000001,0.5784539999999999,1.2394506644312664,3.5874017356572874,1.207977268408777,0.9270301130490584,-0.259911970721463,1.9349162186987774,False
larger,cpcv_05_10,cpcv,larger GM paper,GM paper,gross,ok,optimal,uncapped,False,,1.0026859999999997,2.63529033839832,15.193356757472536,4.7806888935535214,0.8021140551088561,-0.1255258832867988,4.315021833508148,False
larger,cpcv_05_10,cpcv,larger GM paper,GM paper,full_cost_net,ok,optimal,uncapped,False,,1.0026859999999997,-3.909807073891257,-2.656744500090745,-1.0,1.637403826239606,-1.0,0.0,True
larger,cpcv_05_10,cpcv,larger Equal premium capped,Equal premium capped,gross,ok,reference,hard,False,1.7423182750000001,0.930221,1.024463121644638,2.4423910672362914,0.9600242061528141,1.3305051932555836,-0.3785972060734851,1.7520689604086914,False
larger,cpcv_05_10,cpcv,larger Equal premium capped,Equal premium capped,full_cost_net,ok,reference,hard,False,1.7423182750000001,0.930221,0.5562420581845793,1.1028108270330799,0.02311808197418297,1.337666099520051,-0.47021825143831997,1.0192282835789812,False
larger,cpcv_05_10,cpcv,larger Equal risk capped,Equal risk capped,gross,ok,reference,hard,False,1.7423182750000001,0.932049,1.0431530472269608,2.288100440613145,0.902515671390532,1.1164991311946202,-0.3521002437094404,1.7091238543240828,False
larger,cpcv_05_10,cpcv,larger Equal risk capped,Equal risk capped,full_cost_net,ok,reference,hard,False,1.7423182750000001,0.932049,0.6482343845220893,1.2250307884230742,0.20777429063930475,1.131258929776822,-0.409338224953939,1.1703654265913581,False
larger,cpcv_05_11,cpcv,larger E1 capped,E1 capped,gross,ok,optimal,hard,False,1.7611800750000002,0.728569,1.0571627969652764,3.5595328871251044,1.2252959746254848,1.3735545374167626,-0.36435204973410096,1.9475553918420543,False
larger,cpcv_05_11,cpcv,larger E1 capped,E1 capped,full_cost_net,ok,optimal,hard,False,1.7611800750000002,0.728569,0.8567495315091765,2.5525015634808703,0.6981486873734719,1.370492075104247,-0.4509471643228723,1.554699389867294,False
larger,cpcv_05_11,cpcv,larger GM paper,GM paper,gross,ok,optimal,uncapped,False,,0.990386,2.033734157712227,17.660161297234467,4.569065387760894,1.0989408767638749,-0.1565990200819033,4.182974954255616,False
larger,cpcv_05_11,cpcv,larger GM paper,GM paper,full_cost_net,ok,optimal,uncapped,False,,0.990386,-2.92578326774069,-2.3638246645282748,-1.0,2.3290378941829024,-1.0,0.0,True
larger,cpcv_05_11,cpcv,larger Equal premium capped,Equal premium capped,gross,ok,reference,hard,False,1.7611800750000002,0.93621,0.9504696584435561,2.53922897220318,0.7681592822583967,1.883505099772834,-0.48762010625943253,1.6079325284283046,False
larger,cpcv_05_11,cpcv,larger Equal premium capped,Equal premium capped,full_cost_net,ok,reference,hard,False,1.7611800750000002,0.93621,0.7230394738756692,1.7447868281963448,0.13806711968865093,1.8792632725219238,-0.5298544507352123,1.1137983327827934,False
larger,cpcv_05_11,cpcv,larger Equal risk capped,Equal risk capped,gross,ok,reference,hard,False,1.7611800750000002,0.930895,0.8983998522625337,2.3718384442170564,0.6503290143132843,1.8038792626684697,-0.4906111098838236,1.5181293592002063,False
larger,cpcv_05_11,cpcv,larger Equal risk capped,Equal risk capped,full_cost_net,ok,reference,hard,False,1.7611800750000002,0.930895,0.6855739549339229,1.6363505993514191,0.10593086168974208,1.804471299042481,-0.5239625804494489,1.0875268328843986,False
larger,cpcv_06_07,cpcv,larger E1 capped,E1 capped,gross,ok,optimal,hard,False,1.72944845,0.610506,1.886850720349315,5.6932924068450825,3.109604193817521,0.9957638655780882,-0.2162178284244558,3.2471323961975886,False
larger,cpcv_06_07,cpcv,larger E1 capped,E1 capped,full_cost_net,ok,optimal,hard,False,1.72944845,0.610506,1.263805237824854,2.868662218489657,1.320751980271201,1.0316561583866821,-0.3042162725069404,2.016928989101457,False
larger,cpcv_06_07,cpcv,larger GM paper,GM paper,gross,ok,optimal,uncapped,False,,1.004537,1.6983251546215656,5.132279896634529,1.6106805286276598,0.7058235520153109,-0.1700969681773271,2.2248194625627997,False
larger,cpcv_06_07,cpcv,larger GM paper,GM paper,full_cost_net,ok,optimal,uncapped,False,,1.004537,-3.6172353388471867,-2.563954402931228,-1.0,8.619857923247848,-1.0,0.0,True
larger,cpcv_06_07,cpcv,larger Equal premium capped,Equal premium capped,gross,ok,reference,hard,False,1.72944845,0.935689,1.5812545334094588,5.621006298891166,4.115446646796846,1.671360415532226,-0.3874427851434702,3.8970528857026334,False
larger,cpcv_06_07,cpcv,larger Equal premium capped,Equal premium capped,full_cost_net,ok,reference,hard,False,1.72944845,0.935689,0.9618413606101853,2.481470461223015,0.8708073719464893,1.6139405674876455,-0.44735565928137166,1.6853530596879367,False
larger,cpcv_06_07,cpcv,larger Equal risk capped,Equal risk capped,gross,ok,reference,hard,False,1.72944845,0.947391,1.6877673807008786,5.687871010809702,4.575740620944987,1.588541315349637,-0.3908559193283577,4.187152726697241,False
larger,cpcv_06_07,cpcv,larger Equal risk capped,Equal risk capped,full_cost_net,ok,reference,hard,False,1.72944845,0.947391,0.1661612190840186,0.29494237255267164,-0.4277552220143074,1.3823944491261972,-0.5313584845476971,0.6280364718546425,False
larger,cpcv_06_08,cpcv,larger E1 capped,E1 capped,gross,ok,optimal,hard,False,1.7398818,0.6046959999999999,1.2616685065688995,3.9065550808398193,1.378150510679787,1.022283512730216,-0.2537793724112314,2.0584142559308125,False
larger,cpcv_06_08,cpcv,larger E1 capped,E1 capped,full_cost_net,ok,optimal,hard,False,1.7398818,0.6046959999999999,0.8549663492876014,2.1202797472722223,0.5834806962370112,1.0065376677629867,-0.32968363878173135,1.4667090706269945,False
larger,cpcv_06_08,cpcv,larger GM paper,GM paper,gross,ok,optimal,uncapped,False,,1.005668,0.3631994812755552,0.6617983454115512,0.026300702500211548,0.7680721352110806,-0.2997980433766596,1.021869699925393,False
larger,cpcv_06_08,cpcv,larger GM paper,GM paper,full_cost_net,ok,optimal,uncapped,False,,1.005668,-2.0460225686375715,-1.8308600983205114,-1.0,35.586815227885054,-1.0,0.0,True
larger,cpcv_06_08,cpcv,larger Equal premium capped,Equal premium capped,gross,ok,reference,hard,False,1.7398818,0.931786,1.1820310886844025,3.732220462648,1.7820448245164497,1.8154504740721293,-0.4595217128977229,2.345867269868745,False
larger,cpcv_06_08,cpcv,larger Equal premium capped,Equal premium capped,full_cost_net,ok,reference,hard,False,1.7398818,0.931786,0.6305393650464673,1.4530112203020062,0.005860284411393524,1.7610927679362214,-0.619601549491142,1.0048811908349542,False
larger,cpcv_06_08,cpcv,larger Equal risk capped,Equal risk capped,gross,ok,reference,hard,False,1.7398818,0.9421759999999999,1.068805860676218,3.276420417451595,1.2937638555180802,1.7427188574399992,-0.48566345230386154,1.9973641662381567,False
larger,cpcv_06_08,cpcv,larger Equal risk capped,Equal risk capped,full_cost_net,ok,reference,hard,False,1.7398818,0.9421759999999999,0.1801901315849117,0.3550900177143072,-0.4496953950271555,1.5094483477433667,-0.6276879744389535,0.6079053364912983,False
larger,cpcv_06_09,cpcv,larger E1 capped,E1 capped,gross,ok,optimal,hard,False,1.7479413750000004,0.62175,2.2668910643810096,7.842175095245029,5.173421115710088,1.0561045266226585,-0.24187054937793762,4.557971296344049,False
larger,cpcv_06_09,cpcv,larger E1 capped,E1 capped,full_cost_net,ok,optimal,hard,False,1.7479413750000004,0.62175,1.8478946896498345,5.260480905652732,3.1220121279214137,1.0485675426372028,-0.27706931523090284,3.2553002710887826,False
larger,cpcv_06_09,cpcv,larger GM paper,GM paper,gross,ok,optimal,uncapped,False,,0.999523,2.704443372339732,17.066102063620153,3.2262880134430443,0.6224925703444698,-0.018529384531841164,3.3237823328020473,False
larger,cpcv_06_09,cpcv,larger GM paper,GM paper,full_cost_net,ok,optimal,uncapped,False,,0.999523,-3.4398063832649424,-2.504728076713632,-1.0,8.473990147170397,-1.0,0.0,True
larger,cpcv_06_09,cpcv,larger Equal premium capped,Equal premium capped,gross,ok,reference,hard,False,1.7479413750000004,0.9292910000000001,2.102814668808528,8.313135344690643,11.151614577295556,1.8709853107286325,-0.3905406461290891,8.014227289087328,False
larger,cpcv_06_09,cpcv,larger Equal premium capped,Equal premium capped,full_cost_net,ok,reference,hard,False,1.7479413750000004,0.9292910000000001,1.7050965882820064,5.344872685374957,5.003014819911256,1.80642560175664,-0.43937828138458335,4.452881928081036,False
larger,cpcv_06_09,cpcv,larger Equal risk capped,Equal risk capped,gross,ok,reference,hard,False,1.7479413750000004,0.940283,2.285588200596661,8.969748710327508,13.329332180773783,1.764896010048759,-0.3868946353699647,9.194362565002454,False
larger,cpcv_06_09,cpcv,larger Equal risk capped,Equal risk capped,full_cost_net,ok,reference,hard,False,1.7479413750000004,0.940283,1.5641630901172043,4.27313390299869,3.253446987396954,1.6030458289791418,-0.44289571446176923,3.3415722342746634,False
larger,cpcv_06_10,cpcv,larger E1 capped,E1 capped,gross,ok,optimal,hard,False,1.7470928000000003,0.6001310000000001,2.3676143751231096,9.038977171031547,6.551840463665864,1.1317695584476204,-0.2216223111773885,5.391513192872105,False
larger,cpcv_06_10,cpcv,larger E1 capped,E1 capped,full_cost_net,ok,optimal,hard,False,1.7470928000000003,0.6001310000000001,2.156261429613899,7.342226819591446,5.0405789819692215,1.1214480390963755,-0.23986744398538395,4.476089956399917,False
larger,cpcv_06_10,cpcv,larger GM paper,GM paper,gross,ok,optimal,uncapped,False,,0.9931169999999999,2.239987598082912,9.57256837310465,3.9193352113085096,0.892626307282528,-0.14974254486274685,3.7721476263845704,False
larger,cpcv_06_10,cpcv,larger GM paper,GM paper,full_cost_net,ok,optimal,uncapped,False,,0.9931169999999999,-4.676768469611024,-2.834311294466934,-1.0,1.7742847418326133,-1.0,0.0,True
larger,cpcv_06_10,cpcv,larger Equal premium capped,Equal premium capped,gross,ok,reference,hard,False,1.7470928000000003,0.9271339999999999,1.674759268562497,6.120053059711467,5.415936182115963,1.9094093255657671,-0.38715280334318714,4.706701934482335,False
larger,cpcv_06_10,cpcv,larger Equal premium capped,Equal premium capped,full_cost_net,ok,reference,hard,False,1.7470928000000003,0.9271339999999999,1.313764645979406,3.8385224257962345,2.2646197547697766,1.8340799850970593,-0.43654729255704483,2.6803643741157375,False
larger,cpcv_06_10,cpcv,larger Equal risk capped,Equal risk capped,gross,ok,reference,hard,False,1.7470928000000003,0.93668,1.8535128753588022,7.043374258942952,6.780924493754514,1.7410534249096672,-0.36424139433061953,5.527464993360299,False
larger,cpcv_06_10,cpcv,larger Equal risk capped,Equal risk capped,full_cost_net,ok,reference,hard,False,1.7470928000000003,0.93668,1.6047712985678353,5.248684612277371,4.137179746427933,1.7216239294272,-0.40935371285999733,3.91084527897781,False
larger,cpcv_06_11,cpcv,larger E1 capped,E1 capped,gross,ok,optimal,hard,False,1.7573322250000003,0.740686,1.4447681560656915,4.792440981837413,3.1794423452541114,1.8674488408217638,-0.37277063918607534,3.2930522036220777,False
larger,cpcv_06_11,cpcv,larger E1 capped,E1 capped,full_cost_net,ok,optimal,hard,False,1.7573322250000003,0.740686,1.2278869230689977,3.607518126012522,1.834673578719697,1.8462607825302821,-0.4019128333776041,2.3827906090906366,False
larger,cpcv_06_11,cpcv,larger GM paper,GM paper,gross,ok,optimal,uncapped,False,,0.9973650000000001,1.8715210447265307,11.108114549996227,3.319651211828325,1.03629759819345,-0.12385263812795999,3.384858886118604,False
larger,cpcv_06_11,cpcv,larger GM paper,GM paper,full_cost_net,ok,optimal,uncapped,False,,0.9973650000000001,-1.5829946045043717,-1.5037229811533293,-1.0,15.328066110936378,-1.0,0.0,True
larger,cpcv_06_11,cpcv,larger Equal premium capped,Equal premium capped,gross,ok,reference,hard,False,1.7573322250000003,0.934681,1.5878926249817547,5.545788651898396,5.201659469371277,2.5282552290662705,-0.49850483074136753,4.575338845109871,False
larger,cpcv_06_11,cpcv,larger Equal premium capped,Equal premium capped,full_cost_net,ok,reference,hard,False,1.7573322250000003,0.934681,1.4100399558233352,4.411565099817493,2.986326740441546,2.511550442888584,-0.5319698644497382,3.165755796560075,False
larger,cpcv_06_11,cpcv,larger Equal risk capped,Equal risk capped,gross,ok,reference,hard,False,1.7573322250000003,0.944007,1.5630635071238275,5.2805819280670105,4.66969408434909,2.412570627977628,-0.5084997083960208,4.24586670235197,False
larger,cpcv_06_11,cpcv,larger Equal risk capped,Equal risk capped,full_cost_net,ok,reference,hard,False,1.7573322250000003,0.944007,1.3681798945633146,4.086152067229699,2.558632274391906,2.3857524989895706,-0.5419176711923227,2.8800670219296554,False
larger,cpcv_07_08,cpcv,larger E1 capped,E1 capped,gross,ok,optimal,hard,False,1.728950675,0.613063,1.110184257224636,2.897510410813899,0.796035627567695,0.73591955146308,-0.2886895250251923,1.6290301521393522,False
larger,cpcv_07_08,cpcv,larger E1 capped,E1 capped,full_cost_net,ok,optimal,hard,False,1.728950675,0.613063,0.47256888183855805,0.8967043342283135,0.11410279126016509,0.7849526436005934,-0.3710922713244672,1.0942193367798194,False
larger,cpcv_07_08,cpcv,larger GM paper,GM paper,gross,ok,optimal,uncapped,False,,0.9922009999999999,1.0820590270308723,1.8146134777090974,0.5677091017227738,0.5594349860538418,-0.2882164932282534,1.4545251438105808,False
larger,cpcv_07_08,cpcv,larger GM paper,GM paper,full_cost_net,ok,optimal,uncapped,False,,0.9922009999999999,-2.2505100339077773,-1.9572862204838684,-1.0,34.95207463068014,-1.0,0.0,True
larger,cpcv_07_08,cpcv,larger Equal premium capped,Equal premium capped,gross,ok,reference,hard,False,1.728950675,0.926202,0.7871501656028774,1.681052329955562,0.4445319587113661,0.8448809221227718,-0.4854177091217401,1.358644897671589,False
larger,cpcv_07_08,cpcv,larger Equal premium capped,Equal premium capped,full_cost_net,ok,reference,hard,False,1.728950675,0.926202,-0.15613070845171403,-0.23808922198996638,-0.4051056964653935,0.9098373913445288,-0.6525684854799644,0.6486839838925017,False
larger,cpcv_07_08,cpcv,larger Equal risk capped,Equal risk capped,gross,ok,reference,hard,False,1.728950675,0.931961,0.6730412638580375,1.3804505622486383,0.3113288290730938,0.8619504812442232,-0.486848536132945,1.2534095737691748,False
larger,cpcv_07_08,cpcv,larger Equal risk capped,Equal risk capped,full_cost_net,ok,reference,hard,False,1.728950675,0.931961,-0.5889879196577835,-0.8220839990977467,-0.6549882409754355,0.9920378447775381,-0.6306250477588602,0.41196619581066835,False
larger,cpcv_07_09,cpcv,larger E1 capped,E1 capped,gross,ok,optimal,hard,False,1.739601525,0.603,2.443487937858361,8.087025251712177,3.855858031075914,0.795824043529308,-0.19484594829057833,3.731541856618009,False
larger,cpcv_07_09,cpcv,larger E1 capped,E1 capped,full_cost_net,ok,optimal,hard,False,1.739601525,0.603,1.9969664571916845,5.3893683810157995,2.5657302482153512,0.8078610396007853,-0.24443187096123942,2.8848533282771887,False
larger,cpcv_07_09,cpcv,larger GM paper,GM paper,gross,ok,optimal,uncapped,False,,0.998733,3.686584966957227,44.155298075319095,4.182720309849919,0.5051096152431094,-0.03771330480172763,3.939715039282086,False
larger,cpcv_07_09,cpcv,larger GM paper,GM paper,full_cost_net,ok,optimal,uncapped,False,,0.998733,-3.3435882735223177,-2.4705525319798785,-1.0,11.246650161133044,-1.0,0.0,True
larger,cpcv_07_09,cpcv,larger Equal premium capped,Equal premium capped,gross,ok,reference,hard,False,1.739601525,0.925191,2.106880067840816,11.998925455603327,5.1347754704184005,1.1304969611786928,-0.16026493316712642,4.534181427302012,False
larger,cpcv_07_09,cpcv,larger Equal premium capped,Equal premium capped,full_cost_net,ok,reference,hard,False,1.739601525,0.925191,1.4305098141037125,5.14779349049605,2.1216780986565755,1.1601060243848444,-0.23793113177032277,2.582201314456583,False
larger,cpcv_07_09,cpcv,larger Equal risk capped,Equal risk capped,gross,ok,reference,hard,False,1.739601525,0.935888,2.369756674667517,10.732354059163951,6.7129957029033305,1.1268087959453894,-0.18360981971748558,5.487222548708103,False
larger,cpcv_07_09,cpcv,larger Equal risk capped,Equal risk capped,full_cost_net,ok,reference,hard,False,1.739601525,0.935888,1.2134109099737154,2.8267533128275315,1.3673071158080576,1.2517748421211239,-0.34687256670216726,2.0505900053638864,False
larger,cpcv_07_10,cpcv,larger E1 capped,E1 capped,gross,ok,optimal,hard,False,1.7327680250000004,0.608584,2.1295654511325304,7.529680328755768,3.97556171978487,0.9748404412867133,-0.20717959821229337,3.808042308452273,False
larger,cpcv_07_10,cpcv,larger E1 capped,E1 capped,full_cost_net,ok,optimal,hard,False,1.7327680250000004,0.608584,1.7469290527889445,4.896891578297242,2.6328950508376607,1.009290297852662,-0.28312038962833763,2.9300658218372075,False
larger,cpcv_07_10,cpcv,larger GM paper,GM paper,gross,ok,optimal,uncapped,False,,0.990231,2.6275714977191202,68.8233299885517,4.7266836796329805,0.7945665857055623,-0.021716315017297316,4.281401883897427,False
larger,cpcv_07_10,cpcv,larger GM paper,GM paper,full_cost_net,ok,optimal,uncapped,False,,0.990231,-5.129154463183092,-2.9167641094245202,-1.0,1.7752512053218008,-1.0,0.0,True
larger,cpcv_07_10,cpcv,larger Equal premium capped,Equal premium capped,gross,ok,reference,hard,False,1.7327680250000004,0.936224,1.4936448138052658,5.720189851482501,2.3780155407052277,1.150622192932981,-0.26716041927437895,2.75772762347336,False
larger,cpcv_07_10,cpcv,larger Equal premium capped,Equal premium capped,full_cost_net,ok,reference,hard,False,1.7327680250000004,0.936224,0.9610922454802837,2.761721910918011,0.892085550017178,1.179995760323022,-0.32815462101884896,1.701312034856271,False
larger,cpcv_07_10,cpcv,larger Equal risk capped,Equal risk capped,gross,ok,reference,hard,False,1.7327680250000004,0.941975,1.7759546312767496,6.223705286514636,2.6779853025115012,0.9624210499573715,-0.2000478603750815,2.9603404395966773,False
larger,cpcv_07_10,cpcv,larger Equal risk capped,Equal risk capped,full_cost_net,ok,reference,hard,False,1.7327680250000004,0.941975,1.2790445405347124,3.446253550093449,1.374544424544117,0.987647767081759,-0.2486769829572203,2.0558128795004893,False
larger,cpcv_07_11,cpcv,larger E1 capped,E1 capped,gross,ok,optimal,hard,False,1.746029325,0.7411580000000001,1.4130077641039853,4.86399398937198,2.543480378475705,1.3997772920672862,-0.37231179375096835,2.8698444650388866,False
larger,cpcv_07_11,cpcv,larger E1 capped,E1 capped,full_cost_net,ok,optimal,hard,False,1.746029325,0.7411580000000001,1.1906658261696916,3.6625688385970685,1.6447497521729448,1.3987392082049859,-0.40130083084821955,2.248988083343061,False
larger,cpcv_07_11,cpcv,larger GM paper,GM paper,gross,ok,optimal,uncapped,False,,0.9988219999999999,2.433965264126536,19.6442947905599,4.840392231354264,0.8919995204182224,-0.13209705589480603,4.352128190133381,False
larger,cpcv_07_11,cpcv,larger GM paper,GM paper,full_cost_net,ok,optimal,uncapped,False,,0.9988219999999999,-1.71781884521586,-1.604866542819107,-1.0,20.533288564583184,-1.0,0.0,True
larger,cpcv_07_11,cpcv,larger Equal premium capped,Equal premium capped,gross,ok,reference,hard,False,1.746029325,0.9398519999999999,1.3081507731079107,4.377779867323505,2.452235746510185,1.7769035215836526,-0.4943396477911455,2.8081288906842143,False
larger,cpcv_07_11,cpcv,larger Equal premium capped,Equal premium capped,full_cost_net,ok,reference,hard,False,1.746029325,0.9398519999999999,1.09531553431905,3.313717388843608,1.3977876222523533,1.775020629907517,-0.5281791772350244,2.072568667412226,False
larger,cpcv_07_11,cpcv,larger Equal risk capped,Equal risk capped,gross,ok,reference,hard,False,1.746029325,0.939603,1.249350043365239,3.9367096500312746,2.0447243125498793,1.6552493878107468,-0.48907354636750044,2.529045518378459,False
larger,cpcv_07_11,cpcv,larger Equal risk capped,Equal risk capped,full_cost_net,ok,reference,hard,False,1.746029325,0.939603,1.0135520084829241,2.90600686241165,1.087100975461372,1.6563240482043025,-0.5228166859265626,1.846231759379748,False
larger,cpcv_08_09,cpcv,larger E1 capped,E1 capped,gross,ok,optimal,hard,False,1.7571972500000002,0.603559,1.697284272724143,6.842128421481517,2.0368708196923127,0.8494342114245463,-0.23485385738051923,2.5236082131609296,False
larger,cpcv_08_09,cpcv,larger E1 capped,E1 capped,full_cost_net,ok,optimal,hard,False,1.7571972500000002,0.603559,1.3216576471504529,4.063414973186295,1.2218292655099625,0.8323572340402069,-0.306136436636697,1.945026707588452,False
larger,cpcv_08_09,cpcv,larger GM paper,GM paper,gross,ok,optimal,uncapped,False,,0.993821,1.4444408598467435,2.6510379844940974,1.0312736778223202,0.6310378176197964,-0.3289450557476076,1.804985430189389,False
larger,cpcv_08_09,cpcv,larger GM paper,GM paper,full_cost_net,ok,optimal,uncapped,False,,0.993821,-2.447418240387051,-2.069071145251507,-1.0,13.314974200791852,-1.0,0.0,True
larger,cpcv_08_09,cpcv,larger Equal premium capped,Equal premium capped,gross,ok,reference,hard,False,1.7571972500000002,0.9235829999999998,1.4298539645386705,4.846910746424289,2.4052635781423635,1.3481058117927023,-0.36284038065903634,2.776252383596294,False
larger,cpcv_08_09,cpcv,larger Equal premium capped,Equal premium capped,full_cost_net,ok,reference,hard,False,1.7571972500000002,0.9235829999999998,0.9279844567344336,2.26792750028119,0.7391662677943021,1.3873263340195814,-0.5316635351580112,1.5859308705408897,False
larger,cpcv_08_09,cpcv,larger Equal risk capped,Equal risk capped,gross,ok,reference,hard,False,1.7571972500000002,0.926721,1.39025025996938,4.539227890460278,2.1627906729492152,1.3218352064774253,-0.36481985316299514,2.6105100799927063,False
larger,cpcv_08_09,cpcv,larger Equal risk capped,Equal risk capped,full_cost_net,ok,reference,hard,False,1.7571972500000002,0.926721,0.8347243120465837,1.9163551802679726,0.5120646301349647,1.3331012687283184,-0.5453526846229266,1.4113735107882268,False
larger,cpcv_08_10,cpcv,larger E1 capped,E1 capped,gross,ok,optimal,hard,False,1.754126375,0.581834,1.5882201840282084,6.42704694886209,1.826983716244135,0.8524222075377174,-0.18098947544059218,2.377402722786599,False
larger,cpcv_08_10,cpcv,larger E1 capped,E1 capped,full_cost_net,ok,optimal,hard,False,1.754126375,0.581834,1.3182712395565164,4.411086014579658,1.2770022824250362,0.8544801404963557,-0.22403971292671598,1.9851936999550637,False
larger,cpcv_08_10,cpcv,larger GM paper,GM paper,gross,ok,optimal,uncapped,False,,1.004619,1.4840304956442572,5.414877173572595,1.6875842246811215,0.8796880805431702,-0.12912954156641276,2.279301288639463,False
larger,cpcv_08_10,cpcv,larger GM paper,GM paper,full_cost_net,ok,optimal,uncapped,False,,1.004619,-3.1013579136066625,-2.487005848049779,-0.9965260603651516,1.1881312201543506,-0.9711040869020234,0.00892658249814435,False
larger,cpcv_08_10,cpcv,larger Equal premium capped,Equal premium capped,gross,ok,reference,hard,False,1.754126375,0.93185,0.8979388292896218,2.556701409436547,0.7589427772653372,1.2827870009871851,-0.35560287847772465,1.6009450506306417,False
larger,cpcv_08_10,cpcv,larger Equal premium capped,Equal premium capped,full_cost_net,ok,reference,hard,False,1.754126375,0.93185,0.43723023620621226,0.9474596515130933,-0.0716011117216716,1.3283222524595475,-0.5259370414025852,0.9399660685075827,False
larger,cpcv_08_10,cpcv,larger Equal risk capped,Equal risk capped,gross,ok,reference,hard,False,1.754126375,0.932522,0.8354013994305961,2.180772389890374,0.5878798473003084,1.0959225763278695,-0.34647576328425833,1.4701039033998735,False
larger,cpcv_08_10,cpcv,larger Equal risk capped,Equal risk capped,full_cost_net,ok,reference,hard,False,1.754126375,0.932522,0.48311971365511824,1.0514773917140776,0.06736862124752174,1.1068293983267432,-0.42843651888305223,1.0558333101593604,False
larger,cpcv_08_11,cpcv,larger E1 capped,E1 capped,gross,ok,optimal,hard,False,1.75518155,0.7202700000000001,1.065499014590993,3.695101815008734,1.2330628799585148,1.3051714570243291,-0.3403139726833663,1.953218340672054,False
larger,cpcv_08_11,cpcv,larger E1 capped,E1 capped,full_cost_net,ok,optimal,hard,False,1.75518155,0.7202700000000001,0.8705446973924493,2.6931340828294905,0.7409350554553087,1.3048107969809681,-0.3707591251802821,1.5872748753067063,False
larger,cpcv_08_11,cpcv,larger GM paper,GM paper,gross,ok,optimal,uncapped,False,,0.98399,1.231208462622562,3.410031436769171,1.4536541900334679,1.197012043304516,-0.3741815167032626,2.112732252571857,False
larger,cpcv_08_11,cpcv,larger GM paper,GM paper,full_cost_net,ok,optimal,uncapped,False,,0.98399,-1.589015973801433,-1.510315983236077,-1.0,10.204836359070821,-1.0,0.0,True
larger,cpcv_08_11,cpcv,larger Equal premium capped,Equal premium capped,gross,ok,reference,hard,False,1.75518155,0.9366169999999999,0.8460636299363312,2.456042528978572,0.549137141583101,1.8635278441380336,-0.49102685157411174,1.440151636108048,False
larger,cpcv_08_11,cpcv,larger Equal premium capped,Equal premium capped,full_cost_net,ok,reference,hard,False,1.75518155,0.9366169999999999,0.5831889814164821,1.4526129471365716,-0.09236854831304597,1.8877010805424048,-0.5254419631909772,0.922411298734022,False
larger,cpcv_08_11,cpcv,larger Equal risk capped,Equal risk capped,gross,ok,reference,hard,False,1.75518155,0.928897,0.7837730816910102,2.2496709180486465,0.4313343971130925,1.7823808627306734,-0.4961356989001292,1.3482929286431216,False
larger,cpcv_08_11,cpcv,larger Equal risk capped,Equal risk capped,full_cost_net,ok,reference,hard,False,1.75518155,0.928897,0.5660340496308122,1.4365059750182316,-0.05390570673466033,1.7917202662770562,-0.5292968078302388,0.9548724261405738,False
larger,cpcv_09_10,cpcv,larger E1 capped,E1 capped,gross,ok,optimal,hard,False,1.7630341500000002,0.595953,2.483622743496926,13.463252279270087,4.298619861273805,0.8203503529197578,-0.12676031231750284,4.012998239538115,False
larger,cpcv_09_10,cpcv,larger E1 capped,E1 capped,full_cost_net,ok,optimal,hard,False,1.7630341500000002,0.595953,2.239425298761092,10.299977225513011,3.4221953093460433,0.8185766306641403,-0.1407917817871822,3.451688532164245,False
larger,cpcv_09_10,cpcv,larger GM paper,GM paper,gross,ok,optimal,uncapped,False,,0.9935,2.70337117776319,21.104814078437798,4.604299735714139,0.7609999002931599,-0.06605599286666497,4.205017384083773,False
larger,cpcv_09_10,cpcv,larger GM paper,GM paper,full_cost_net,ok,optimal,uncapped,False,,0.9935,-2.7394604873724453,-2.2584973896899125,-0.9989302663297794,1.3584841609800893,-0.9921518975875265,0.0033450020478535967,False
larger,cpcv_09_10,cpcv,larger Equal premium capped,Equal premium capped,gross,ok,reference,hard,False,1.7630341500000002,0.9248939999999999,2.031315199565223,10.217027869218324,6.986871554237254,1.4631014137263667,-0.2326009622953472,5.649117180026814,False
larger,cpcv_09_10,cpcv,larger Equal premium capped,Equal premium capped,full_cost_net,ok,reference,hard,False,1.7630341500000002,0.9248939999999999,1.783988443915706,7.570292278813801,4.727050492189891,1.446587217521751,-0.26310025719834684,4.281630414008605,False
larger,cpcv_09_10,cpcv,larger Equal risk capped,Equal risk capped,gross,ok,reference,hard,False,1.7630341500000002,0.9343859999999999,2.0994009255348955,9.812013213177869,5.070953970432147,1.1435647622471852,-0.2019508382867019,4.4948387550138005,False
larger,cpcv_09_10,cpcv,larger Equal risk capped,Equal risk capped,full_cost_net,ok,reference,hard,False,1.7630341500000002,0.9343859999999999,1.8204624906748368,7.186477504469676,3.54722241320938,1.1397510190161886,-0.22833352309278476,3.532822606250852,False
larger,cpcv_09_11,cpcv,larger E1 capped,E1 capped,gross,ok,optimal,hard,False,1.7580034000000002,0.710492,1.3439013913654336,4.576682866371189,2.2215521170599226,1.4471667049546992,-0.3446140490772459,2.65086514393086,False
larger,cpcv_09_11,cpcv,larger E1 capped,E1 capped,full_cost_net,ok,optimal,hard,False,1.7580034000000002,0.710492,1.1809787945210213,3.6422441124766682,1.5694394178580078,1.4443744326511123,-0.372891220378998,2.1954926387637412,False
larger,cpcv_09_11,cpcv,larger GM paper,GM paper,gross,ok,optimal,uncapped,False,,0.9940429999999999,1.1012284886551154,1.9972763175596433,0.8032989079251853,1.1505526530230141,-0.5560343432795516,1.6345182213909495,False
larger,cpcv_09_11,cpcv,larger GM paper,GM paper,full_cost_net,ok,optimal,uncapped,False,,0.9940429999999999,-1.9705164169822063,-1.7858748433024918,-1.0,5.636346818733884,-1.0,0.0,True
larger,cpcv_09_11,cpcv,larger Equal premium capped,Equal premium capped,gross,ok,reference,hard,False,1.7580034000000002,0.933602,1.5305459150110914,5.839343328089397,4.509079550000981,2.1435081358248596,-0.4888089045424523,4.1453945263655045,False
larger,cpcv_09_11,cpcv,larger Equal premium capped,Equal premium capped,full_cost_net,ok,reference,hard,False,1.7580034000000002,0.933602,1.367177718267266,4.733744204319249,2.9582968097515923,2.1394714947664815,-0.5228772847146349,3.1471948381155324,False
larger,cpcv_09_11,cpcv,larger Equal risk capped,Equal risk capped,gross,ok,reference,hard,False,1.7580034000000002,0.9289459999999999,1.5338563431384367,5.470188743095432,4.210441960627662,2.01343568048574,-0.4951006617664623,3.957268051571798,False
larger,cpcv_09_11,cpcv,larger Equal risk capped,Equal risk capped,full_cost_net,ok,reference,hard,False,1.7580034000000002,0.9289459999999999,1.369337240700296,4.453679838247925,2.8034126606450758,2.010734309286448,-0.5280751983040051,3.0442328858196626,False
larger,cpcv_10_11,cpcv,larger E1 capped,E1 capped,gross,ok,optimal,hard,False,1.21167375,0.6035810000000001,1.480464143763203,4.798438906588297,1.9989390835023149,1.0704851174192964,-0.2983204590857571,2.4973133385017894,False
larger,cpcv_10_11,cpcv,larger E1 capped,E1 capped,full_cost_net,ok,optimal,hard,False,1.21167375,0.6035810000000001,1.3170164508779183,3.8913310889590282,1.5371704316402002,1.0678934636759299,-0.3226348316815748,2.172491243009447,False
larger,cpcv_10_11,cpcv,larger GM paper,GM paper,gross,ok,optimal,uncapped,False,,1.003201,1.4080910632948325,5.134982826147859,1.6958789300715535,0.9903281881227738,-0.2111253488973044,2.2851619657455697,False
larger,cpcv_10_11,cpcv,larger GM paper,GM paper,full_cost_net,ok,optimal,uncapped,False,,1.003201,-2.1416254370278818,-1.9974070948695912,-1.0,1.518175287722128,-1.0,0.0,True
larger,cpcv_10_11,cpcv,larger Equal premium capped,Equal premium capped,gross,ok,reference,hard,False,1.21167375,0.9307479999999999,1.0123523653519377,3.3083157856644996,1.138248564438638,1.7047734108346124,-0.46927839791512105,1.8838594191578681,False
larger,cpcv_10_11,cpcv,larger Equal premium capped,Equal premium capped,full_cost_net,ok,reference,hard,False,1.21167375,0.9307479999999999,0.8437235442428732,2.480615052455162,0.6012425831889001,1.7006923792181903,-0.5030455323758642,1.4804063614083933,False
larger,cpcv_10_11,cpcv,larger Equal risk capped,Equal risk capped,gross,ok,reference,hard,False,1.21167375,0.92836,1.0707703293245312,3.1451525890049217,1.2001812219790682,1.4962795017508608,-0.4510171064184578,1.929221284889996,False
larger,cpcv_10_11,cpcv,larger Equal risk capped,Equal risk capped,full_cost_net,ok,reference,hard,False,1.21167375,0.92836,0.8925028069481328,2.3840277368447467,0.6861826651723848,1.490367623061602,-0.48169446327872245,1.5455646765813054,False
larger+VIX,kfold_00,kfold,larger+VIX E1 capped,E1 capped,gross,ok,optimal,hard,False,2.009895275,0.870717,1.0429738510214233,2.359306257888224,0.8736852003531062,0.9319463012138821,-0.23663221126716505,1.2990432014084314,False
larger+VIX,kfold_00,kfold,larger+VIX E1 capped,E1 capped,full_cost_net,ok,optimal,hard,False,2.009895275,0.870717,0.5328233432582216,1.0164944762303514,0.1682702240282612,0.947193089571678,-0.26282358529054584,1.066947487228439,False
larger+VIX,kfold_00,kfold,larger+VIX GM paper,GM paper,gross,ok,optimal,uncapped,False,,1.0044870000000001,0.5032585470399602,0.8813597488463707,0.16301547996459753,0.5090419815073852,-0.22506310768828497,1.0649452718702008,False
larger+VIX,kfold_00,kfold,larger+VIX GM paper,GM paper,full_cost_net,ok,optimal,uncapped,False,,1.0044870000000001,-1.6792444632406613,-1.650616429104604,-1.0,39.31558758263211,-1.0,0.0,True
larger+VIX,kfold_00,kfold,larger+VIX Equal premium capped,Equal premium capped,gross,ok,reference,hard,False,2.009895275,0.94974,-0.03857802284711765,-0.05830181135674022,-0.31857836608860657,0.9049153046670199,-0.31372512114474727,0.852295049017749,False
larger+VIX,kfold_00,kfold,larger+VIX Equal premium capped,Equal premium capped,full_cost_net,ok,reference,hard,False,2.009895275,0.94974,-0.5283016198672048,-0.7039370095957055,-0.5810129398731751,0.9086893066371934,-0.39193310411382365,0.6959588915290364,False
larger+VIX,kfold_00,kfold,larger+VIX Equal risk capped,Equal risk capped,gross,ok,reference,hard,False,2.009895275,0.938584,-0.05843423730823766,-0.08815634825484085,-0.30616676738915816,0.8636978159788291,-0.2885755466836547,0.8587293182879536,False
larger+VIX,kfold_00,kfold,larger+VIX Equal risk capped,Equal risk capped,full_cost_net,ok,reference,hard,False,2.009895275,0.938584,-0.66803588443482,-0.8650579135223107,-0.6208315697707156,0.8851262434563522,-0.39904309123967574,0.6675955058389922,False
larger+VIX,kfold_01,kfold,larger+VIX E1 capped,E1 capped,gross,ok,optimal,hard,False,2.00739335,0.874846,1.9788036005065643,7.960903202188261,4.417786367377638,1.1334729132000807,-0.23884330114607488,2.0218974057219707,False
larger+VIX,kfold_01,kfold,larger+VIX E1 capped,E1 capped,full_cost_net,ok,optimal,hard,False,2.00739335,0.874846,1.2958539949578916,3.2084608665573304,1.5540610353348896,1.0896274302253435,-0.35356068642548566,1.4780179092813657,False
larger+VIX,kfold_01,kfold,larger+VIX GM paper,GM paper,gross,ok,optimal,uncapped,False,,0.995664,2.255488927083935,10.298047873201801,1.1992426037186483,0.3857482060311488,-0.07383400957451947,1.3887171803601466,False
larger+VIX,kfold_01,kfold,larger+VIX GM paper,GM paper,full_cost_net,ok,optimal,uncapped,False,,0.995664,-2.80126317454649,-2.3231819055038265,-1.0,13.272546254700496,-1.0,0.0,True
larger+VIX,kfold_01,kfold,larger+VIX Equal premium capped,Equal premium capped,gross,ok,reference,hard,False,2.00739335,0.9456530000000001,0.4084572538043836,0.9672994180718854,-0.1100090484960925,1.4627087505386605,-0.48455355015847146,0.9526001882654241,False
larger+VIX,kfold_01,kfold,larger+VIX Equal premium capped,Equal premium capped,full_cost_net,ok,reference,hard,False,2.00739335,0.9456530000000001,-0.9305478136578186,-1.2447600411686717,-0.940800974396391,1.558011784444799,-0.8061947992317359,0.30793879028661314,False
larger+VIX,kfold_01,kfold,larger+VIX Equal risk capped,Equal risk capped,gross,ok,reference,hard,False,2.00739335,0.9499000000000001,0.5965020668295792,1.3512275075631452,0.12504146054006982,1.45906531259438,-0.47443037452244285,1.050316576682623,False
larger+VIX,kfold_01,kfold,larger+VIX Equal risk capped,Equal risk capped,full_cost_net,ok,reference,hard,False,2.00739335,0.9499000000000001,-1.002286993493103,-1.1709512080736666,-0.8906624118170059,1.191143287196526,-0.7200432762280214,0.397637456738516,False
larger+VIX,kfold_02,kfold,larger+VIX E1 capped,E1 capped,gross,ok,optimal,hard,False,2.030852825,0.8740129999999999,1.054625385439308,2.569569700888441,0.5748848975753271,0.5433919452335785,-0.13462811120829543,1.208334032943449,False
larger+VIX,kfold_02,kfold,larger+VIX E1 capped,E1 capped,full_cost_net,ok,optimal,hard,False,2.030852825,0.8740129999999999,0.09850643972567037,0.16143018786951718,-0.0662266070564046,0.5542076993054702,-0.20135867611298308,0.9718530968204793,False
larger+VIX,kfold_02,kfold,larger+VIX GM paper,GM paper,gross,ok,optimal,uncapped,False,,1.0031590000000001,-1.0679774929047308,-1.1945512694459866,-0.9645598250188476,1.368232489055304,-0.7832186736554012,0.2486699310603352,False
larger+VIX,kfold_02,kfold,larger+VIX GM paper,GM paper,full_cost_net,ok,optimal,uncapped,False,,1.0031590000000001,-3.495222730992219,-2.592221595640459,-1.0,10.16251441489857,-1.0,0.0,True
larger+VIX,kfold_02,kfold,larger+VIX Equal premium capped,Equal premium capped,gross,ok,reference,hard,False,2.030852825,0.942283,-0.44895188335673947,-0.8209908518099974,-0.7306712455365151,1.368860779922213,-0.5308342558942084,0.5789189971383571,False
larger+VIX,kfold_02,kfold,larger+VIX Equal premium capped,Equal premium capped,full_cost_net,ok,reference,hard,False,2.030852825,0.942283,-0.9639443974301036,-1.4227787415427364,-0.8852781764442226,1.3643273233243973,-0.6002924353358008,0.4056821047140521,False
larger+VIX,kfold_02,kfold,larger+VIX Equal risk capped,Equal risk capped,gross,ok,reference,hard,False,2.030852825,0.938393,-0.522826570161257,-0.9640656684021143,-0.7220773009296093,1.2872420865757297,-0.5470849158658797,0.5865454558235138,False
larger+VIX,kfold_02,kfold,larger+VIX Equal risk capped,Equal risk capped,full_cost_net,ok,reference,hard,False,2.030852825,0.938393,-0.9804576478605888,-1.4894083854898743,-0.8534610858818688,1.2584716893538985,-0.6206758261124413,0.44924205350171087,False
larger+VIX,kfold_03,kfold,larger+VIX E1 capped,E1 capped,gross,ok,optimal,hard,False,2.0212247000000003,0.8745120000000001,0.8091386042784623,1.9649361872868922,0.47598294791371853,0.7302762678155215,-0.24256560416096662,1.176117083715515,False
larger+VIX,kfold_03,kfold,larger+VIX E1 capped,E1 capped,full_cost_net,ok,optimal,hard,False,2.0212247000000003,0.8745120000000001,0.02744746984867507,0.05037524296962977,-0.180411396064182,0.7604053026629105,-0.3755142365641777,0.9204459608744507,False
larger+VIX,kfold_03,kfold,larger+VIX GM paper,GM paper,gross,ok,optimal,uncapped,False,,0.999697,1.4535182554582255,4.398196954063547,0.24661950924170584,0.1599043120545887,-0.024191691213917177,1.0961983221391587,False
larger+VIX,kfold_03,kfold,larger+VIX GM paper,GM paper,full_cost_net,ok,optimal,uncapped,False,,0.999697,-3.4759881463202813,-2.585915304046599,-1.0,11.194489831341489,-1.0,0.0,True
larger+VIX,kfold_03,kfold,larger+VIX Equal premium capped,Equal premium capped,gross,ok,reference,hard,False,2.0212247000000003,0.938498,-0.8790707973329028,-1.3437918326689002,-0.8670340066676638,1.3652062642991991,-0.7273321704879494,0.4314116902679447,False
larger+VIX,kfold_03,kfold,larger+VIX Equal premium capped,Equal premium capped,full_cost_net,ok,reference,hard,False,2.0212247000000003,0.938498,-1.265573930466294,-1.6929373246258987,-0.9373287054425418,1.3939033797225624,-0.7966486721750607,0.3153396713881467,False
larger+VIX,kfold_03,kfold,larger+VIX Equal risk capped,Equal risk capped,gross,ok,reference,hard,False,2.0212247000000003,0.9417300000000001,-0.7520145877883826,-1.1886866880963711,-0.8011043874072296,1.2589596119094413,-0.6693855077138504,0.5102235514044765,False
larger+VIX,kfold_03,kfold,larger+VIX Equal risk capped,Equal risk capped,full_cost_net,ok,reference,hard,False,2.0212247000000003,0.9417300000000001,-1.292770174198777,-1.6944112705473968,-0.9278436960387304,1.3206009735199178,-0.7784542863534285,0.334411304313223,False
larger+VIX,kfold_04,kfold,larger+VIX E1 capped,E1 capped,gross,ok,optimal,hard,False,2.0211174750000005,0.8645879999999999,3.1830852453702088,141.33565135956997,10.616544247651944,0.938040302874187,-0.013636798462788868,2.7783187056523526,False
larger+VIX,kfold_04,kfold,larger+VIX E1 capped,E1 capped,full_cost_net,ok,optimal,hard,False,2.0211174750000005,0.8645879999999999,2.5825606298964,26.663751175574887,6.326547001108159,0.9465712863668133,-0.058880707293449186,2.292845149378406,False
larger+VIX,kfold_04,kfold,larger+VIX GM paper,GM paper,gross,ok,optimal,uncapped,False,,0.9929020000000001,1.9431613016600962,6.602920869677002,1.8625077765984663,0.6417317912051138,-0.12190476847268272,1.5499265390759267,False
larger+VIX,kfold_04,kfold,larger+VIX GM paper,GM paper,full_cost_net,ok,optimal,uncapped,False,,0.9929020000000001,-2.3304599352538435,-2.090732528975698,-1.0,2.6601517751860144,-1.0,0.0,True
larger+VIX,kfold_04,kfold,larger+VIX Equal premium capped,Equal premium capped,gross,ok,reference,hard,False,2.0211174750000005,0.9373900000000001,1.4489333842156105,3.1775940596914496,2.121199847592919,1.252004612357843,-0.3685108777498304,1.6068203516057178,False
larger+VIX,kfold_04,kfold,larger+VIX Equal premium capped,Equal premium capped,full_cost_net,ok,reference,hard,False,2.0211174750000005,0.9373900000000001,0.909581704889925,1.7324271411980965,0.5900254590815575,1.2828747509267533,-0.4345729083065648,1.2131607918836849,False
larger+VIX,kfold_04,kfold,larger+VIX Equal risk capped,Equal risk capped,gross,ok,reference,hard,False,2.0211174750000005,0.9397329999999999,1.5736371511701426,3.636978057028803,2.6369191904248526,1.2513996351458703,-0.3495057478458413,1.7125332857884996,False
larger+VIX,kfold_04,kfold,larger+VIX Equal risk capped,Equal risk capped,full_cost_net,ok,reference,hard,False,2.0211174750000005,0.9397329999999999,0.9166385876428084,1.7997368916989398,0.6192051333928357,1.3022720342983496,-0.4279955641571669,1.2223880998922112,False
larger+VIX,kfold_05,kfold,larger+VIX E1 capped,E1 capped,gross,ok,optimal,hard,False,2.008011925,0.8619240000000001,0.3084130789747568,0.6308665257275163,-0.1558513798238207,1.2310565531556958,-0.32389880319650755,0.9318397116022847,False
larger+VIX,kfold_05,kfold,larger+VIX E1 capped,E1 capped,full_cost_net,ok,optimal,hard,False,2.008011925,0.8619240000000001,-0.18294381668048665,-0.3068530579493621,-0.5708013826306861,1.2453952729910625,-0.4089565644122243,0.7029767543908974,False
larger+VIX,kfold_05,kfold,larger+VIX GM paper,GM paper,gross,ok,optimal,uncapped,False,,0.9955330000000001,1.6365186445533957,4.4048704726967705,1.2834917016323732,0.6062881494638157,-0.14452276814654708,1.4106407726182666,False
larger+VIX,kfold_05,kfold,larger+VIX GM paper,GM paper,full_cost_net,ok,optimal,uncapped,False,,0.9955330000000001,-2.357955858060941,-2.097863977475633,-1.0,5.339262410878178,-1.0,0.0,True
larger+VIX,kfold_05,kfold,larger+VIX Equal premium capped,Equal premium capped,gross,ok,reference,hard,False,2.008011925,0.940689,0.5079198137112686,0.8559343502183747,0.0323320704931902,1.129432385539452,-0.3773143274011589,1.0133467790195227,False
larger+VIX,kfold_05,kfold,larger+VIX Equal premium capped,Equal premium capped,full_cost_net,ok,reference,hard,False,2.008011925,0.940689,-0.18142694176020277,-0.2510225587720062,-0.5569833017664159,1.1205509658087778,-0.4520167997551351,0.7123198387444761,False
larger+VIX,kfold_05,kfold,larger+VIX Equal risk capped,Equal risk capped,gross,ok,reference,hard,False,2.008011925,0.944036,0.5295600459945717,0.9216958063901843,0.10803953718145887,1.0508875280268721,-0.3261246840389096,1.0436735819563943,False
larger+VIX,kfold_05,kfold,larger+VIX Equal risk capped,Equal risk capped,full_cost_net,ok,reference,hard,False,2.008011925,0.944036,-0.19973105114414047,-0.2781942031681275,-0.5165413904521587,1.0489880372155609,-0.4068303731208852,0.7387254157251882,False
larger+VIX,kfold_06,kfold,larger+VIX E1 capped,E1 capped,gross,ok,optimal,hard,False,2.0069799250000004,0.856594,3.0375089821512637,25.70400683966297,15.978019055020471,1.1986518929751577,-0.09143325850735728,3.254265062027929,False
larger+VIX,kfold_06,kfold,larger+VIX E1 capped,E1 capped,full_cost_net,ok,optimal,hard,False,2.0069799250000004,0.856594,2.449022340875848,12.401218199269382,8.081963073444998,1.1730587889629476,-0.14018743994877547,2.5075035405009416,False
larger+VIX,kfold_06,kfold,larger+VIX GM paper,GM paper,gross,ok,optimal,uncapped,False,,0.999619,3.110592023123393,37.67550893023952,5.745924940905705,0.7207148169764016,0.0,2.2153072064774157,False
larger+VIX,kfold_06,kfold,larger+VIX GM paper,GM paper,full_cost_net,ok,optimal,uncapped,False,,0.999619,-3.1469409170529055,-2.4747906152136045,-1.0,2.4941023240028604,-1.0,0.0,True
larger+VIX,kfold_06,kfold,larger+VIX Equal premium capped,Equal premium capped,gross,ok,reference,hard,False,2.0069799250000004,0.942486,1.576126393625424,5.282231403736662,5.452829855724912,2.2902396922477615,-0.409595676180457,2.1746828147997785,False
larger+VIX,kfold_06,kfold,larger+VIX Equal premium capped,Equal premium capped,full_cost_net,ok,reference,hard,False,2.0069799250000004,0.942486,1.0860175848278018,2.8611814833123272,1.187759374670633,2.1976905585862663,-0.46381066892820055,1.3856912691963263,False
larger+VIX,kfold_06,kfold,larger+VIX Equal risk capped,Equal risk capped,gross,ok,reference,hard,False,2.0069799250000004,0.9365840000000001,1.636388183635004,5.655135058857191,6.136694342358837,2.1989238379624827,-0.40424743441156774,2.267899421917403,False
larger+VIX,kfold_06,kfold,larger+VIX Equal risk capped,Equal risk capped,full_cost_net,ok,reference,hard,False,2.0069799250000004,0.9365840000000001,0.9162113929681799,2.327066567041475,0.6558273505228127,2.0002772438538687,-0.4560274977933376,1.2338326873386192,False
larger+VIX,kfold_07,kfold,larger+VIX E1 capped,E1 capped,gross,ok,optimal,hard,False,2.000260825,0.880833,3.749685130934637,133.0941921728495,6.625204864552044,0.6261452072397297,-0.011386890276897321,2.33133561578692,False
larger+VIX,kfold_07,kfold,larger+VIX E1 capped,E1 capped,full_cost_net,ok,optimal,hard,False,2.000260825,0.880833,1.9768293286283654,5.645109737019468,2.2768451660323654,0.7327770285450823,-0.18069952920757315,1.6397336169618488,False
larger+VIX,kfold_07,kfold,larger+VIX GM paper,GM paper,gross,ok,optimal,uncapped,False,,0.994425,2.103228967889931,4.936041230613356,1.8360647118529152,0.5802987144001412,-0.15960767216761074,1.54394463737612,False
larger+VIX,kfold_07,kfold,larger+VIX GM paper,GM paper,full_cost_net,ok,optimal,uncapped,False,,0.994425,-3.014954705834592,-2.4158353034676963,-1.0,4.895751605811738,-1.0,0.0,True
larger+VIX,kfold_07,kfold,larger+VIX Equal premium capped,Equal premium capped,gross,ok,reference,hard,False,2.000260825,0.949862,1.3036529938600452,2.9627725659469792,0.9065571348966879,0.624923144273828,-0.16438485049380724,1.308491061432379,False
larger+VIX,kfold_07,kfold,larger+VIX Equal premium capped,Equal premium capped,full_cost_net,ok,reference,hard,False,2.000260825,0.949862,-0.05497630052293214,-0.08367261683493327,-0.2188084208614831,0.7004951703831637,-0.2757593961410657,0.9022266416783902,False
larger+VIX,kfold_07,kfold,larger+VIX Equal risk capped,Equal risk capped,gross,ok,reference,hard,False,2.000260825,0.9456740000000001,1.5125717739075555,3.3931795321953073,1.4161173012311532,0.7497367820175755,-0.21573089740728302,1.4442171780453008,False
larger+VIX,kfold_07,kfold,larger+VIX Equal risk capped,Equal risk capped,full_cost_net,ok,reference,hard,False,2.000260825,0.9456740000000001,-0.20220632819689027,-0.2967634431871924,-0.4664087827469259,0.9814767709945547,-0.36937555773997144,0.7697274008852054,False
larger+VIX,kfold_08,kfold,larger+VIX E1 capped,E1 capped,gross,ok,optimal,hard,False,2.0184457,0.869399,1.7630337817489767,44.45762729194644,2.613508602552978,0.9112645578094832,-0.03925146355353348,1.707931527317564,False
larger+VIX,kfold_08,kfold,larger+VIX E1 capped,E1 capped,full_cost_net,ok,optimal,hard,False,2.0184457,0.869399,1.2675160850586271,8.516263947934188,1.3799655602481136,0.9137713766552393,-0.14204968482224656,1.435173632939736,False
larger+VIX,kfold_08,kfold,larger+VIX GM paper,GM paper,gross,ok,optimal,uncapped,False,,1.00243,3.49261058545059,,1.5809354573198022,0.29117598157152347,0.0,1.484478151439247,False
larger+VIX,kfold_08,kfold,larger+VIX GM paper,GM paper,full_cost_net,ok,optimal,uncapped,False,,1.00243,-3.6768690667632513,-2.648993096806175,-1.0,2.925239131526203,-1.0,0.0,True
larger+VIX,kfold_08,kfold,larger+VIX Equal premium capped,Equal premium capped,gross,ok,reference,hard,False,2.0184457,0.94311,-0.22039748444425628,-0.3895988626282672,-0.4616360599551782,1.020432343289934,-0.37166751696135825,0.7725886396323386,False
larger+VIX,kfold_08,kfold,larger+VIX Equal premium capped,Equal premium capped,full_cost_net,ok,reference,hard,False,2.0184457,0.94311,-0.8825385518165165,-1.2272773137253112,-0.7699458039322801,1.068527653950351,-0.510155013428534,0.542120586588363,False
larger+VIX,kfold_08,kfold,larger+VIX Equal risk capped,Equal risk capped,gross,ok,reference,hard,False,2.0184457,0.941759,-0.40889434452698825,-0.7081813611720232,-0.5535217850321253,1.012096670692678,-0.369024896503522,0.7146336255858885,False
larger+VIX,kfold_08,kfold,larger+VIX Equal risk capped,Equal risk capped,full_cost_net,ok,reference,hard,False,2.0184457,0.941759,-0.9701873193161882,-1.3664645437626792,-0.7862913139779768,1.059307186129006,-0.4858380679256502,0.5257257378421445,False
larger+VIX,kfold_09,kfold,larger+VIX E1 capped,E1 capped,gross,ok,optimal,hard,False,2.02460065,0.868045,4.724966427251607,473.09311838343797,21.583915543503423,0.7969892212402977,-0.0051380570630037425,3.665076273216853,False
larger+VIX,kfold_09,kfold,larger+VIX E1 capped,E1 capped,full_cost_net,ok,optimal,hard,False,2.02460065,0.868045,4.335303009180727,71.26524706212328,15.602907363465285,0.7765234833594684,-0.030492331690580077,3.2241115567062697,False
larger+VIX,kfold_09,kfold,larger+VIX GM paper,GM paper,gross,ok,optimal,uncapped,False,,0.997654,4.532660514556671,,3.3116007808640813,0.35259325352969606,0.0,1.8383691599982435,False
larger+VIX,kfold_09,kfold,larger+VIX GM paper,GM paper,full_cost_net,ok,optimal,uncapped,False,,0.997654,-2.430194060682808,-2.1378827572980144,-1.0,4.957245062100206,-1.0,0.0,True
larger+VIX,kfold_09,kfold,larger+VIX Equal premium capped,Equal premium capped,gross,ok,reference,hard,False,2.02460065,0.941075,2.0250715154316294,11.360778270288272,7.404470000594522,1.4639404125666562,-0.22024857517932173,2.4277984960629246,False
larger+VIX,kfold_09,kfold,larger+VIX Equal premium capped,Equal premium capped,full_cost_net,ok,reference,hard,False,2.02460065,0.941075,1.736051588407861,7.974034225562808,4.709303391900299,1.4410128606813462,-0.2632529115638105,2.0665359629085427,False
larger+VIX,kfold_09,kfold,larger+VIX Equal risk capped,Equal risk capped,gross,ok,reference,hard,False,2.02460065,0.934488,2.3828474907629125,12.764242067655813,10.694043366828238,1.3982179655031552,-0.18090043239337605,2.7860268123105,False
larger+VIX,kfold_09,kfold,larger+VIX Equal risk capped,Equal risk capped,full_cost_net,ok,reference,hard,False,2.02460065,0.934488,2.064230955752811,9.202138290638329,6.6795399366518025,1.357424058903883,-0.2264520628823007,2.3382431353809947,False
larger+VIX,kfold_10,kfold,larger+VIX E1 capped,E1 capped,gross,ok,optimal,hard,False,2.030018825,0.859119,2.635130992740983,28.16132884329758,7.540413795114443,1.0100411529414273,0.0,2.444084483660994,False
larger+VIX,kfold_10,kfold,larger+VIX E1 capped,E1 capped,full_cost_net,ok,optimal,hard,False,2.030018825,0.859119,2.330169057548653,16.454769876943306,5.535770229846679,1.009294113131783,-0.021861466147192088,2.1862860813897274,False
larger+VIX,kfold_10,kfold,larger+VIX GM paper,GM paper,gross,ok,optimal,uncapped,False,,1.000136,2.850824079312253,,3.322112064035087,0.585038963146483,0.0,1.8402352395652581,False
larger+VIX,kfold_10,kfold,larger+VIX GM paper,GM paper,full_cost_net,ok,optimal,uncapped,False,,1.000136,-7.227966683628184,-3.18390225546695,-0.9998839081923474,0.7690289224638247,-0.963621793826779,0.022926300948617865,False
larger+VIX,kfold_10,kfold,larger+VIX Equal premium capped,Equal premium capped,gross,ok,reference,hard,False,2.030018825,0.946207,1.1779271252450914,4.376466459671244,1.7643831366820324,1.4003536351895818,-0.033915839891770494,1.5275634715473685,False
larger+VIX,kfold_10,kfold,larger+VIX Equal premium capped,Equal premium capped,full_cost_net,ok,reference,hard,False,2.030018825,0.946207,0.9371845294310829,3.016090649513448,0.987126702917621,1.3961122672129251,-0.05755001785912128,1.3312531541413988,False
larger+VIX,kfold_10,kfold,larger+VIX Equal risk capped,Equal risk capped,gross,ok,reference,hard,False,2.030018825,0.936049,1.3290357696278239,4.811972237158709,1.883398320114138,1.1466709616094002,-0.04779482655888889,1.5546296050712312,False
larger+VIX,kfold_10,kfold,larger+VIX Equal risk capped,Equal risk capped,full_cost_net,ok,reference,hard,False,2.030018825,0.936049,1.0684728210950878,3.3299506156237624,1.162791501861911,1.1422591803293183,-0.06978507641688114,1.3790799338345399,False
larger+VIX,kfold_11,kfold,larger+VIX E1 capped,E1 capped,gross,ok,optimal,hard,False,2.0630964249999995,0.893842,1.7054794256891206,8.481565612003491,4.88939309128591,1.5488266181613335,-0.1394288564341969,2.093450643075109,False
larger+VIX,kfold_11,kfold,larger+VIX E1 capped,E1 capped,full_cost_net,ok,optimal,hard,False,2.0630964249999995,0.893842,1.4888526232945172,6.119856396389633,3.3167761168814973,1.5442243178572042,-0.18341391248175876,1.8392882742906906,False
larger+VIX,kfold_11,kfold,larger+VIX GM paper,GM paper,gross,ok,optimal,uncapped,False,,0.9934480000000001,2.32224692041514,18.60797046006271,7.484585876467751,1.2036118863416618,-0.04176634718829331,2.437414763755245,False
larger+VIX,kfold_11,kfold,larger+VIX GM paper,GM paper,full_cost_net,ok,optimal,uncapped,False,,0.9934480000000001,-1.4834580882045205,-1.602336490767295,-0.9900056928641959,1.5528536207937889,-0.8270209751189935,0.14674510438821797,False
larger+VIX,kfold_11,kfold,larger+VIX Equal premium capped,Equal premium capped,gross,ok,reference,hard,False,2.0630964249999995,0.939455,1.0841367538616289,3.5521258711321537,1.340015257922766,2.5525543468074865,-0.5256868724139274,1.4250861538878774,False
larger+VIX,kfold_11,kfold,larger+VIX Equal premium capped,Equal premium capped,full_cost_net,ok,reference,hard,False,2.0630964249999995,0.939455,0.9575158010398084,2.8827415930453175,0.6643871417719769,2.544830534595449,-0.5588599002835655,1.2364863127951073,False
larger+VIX,kfold_11,kfold,larger+VIX Equal risk capped,Equal risk capped,gross,ok,reference,hard,False,2.0630964249999995,0.941558,0.9729558374765198,3.014315085873819,0.8072842551644075,2.501863246542522,-0.5320759838680306,1.2796593093405524,False
larger+VIX,kfold_11,kfold,larger+VIX Equal risk capped,Equal risk capped,full_cost_net,ok,reference,hard,False,2.0630964249999995,0.941558,0.8446600633436224,2.409179628347713,0.27806721559466974,2.497555555941516,-0.5645578190843934,1.107636791104498,False
larger+VIX,cpcv_00_01,cpcv,larger+VIX E1 capped,E1 capped,gross,ok,optimal,hard,False,2.0008918500000004,0.870436,1.6387034408805892,4.876079338987933,2.3154723738950387,1.0079862243270505,-0.25213597970818047,2.7151125963692198,False
larger+VIX,cpcv_00_01,cpcv,larger+VIX E1 capped,E1 capped,full_cost_net,ok,optimal,hard,False,2.0008918500000004,0.870436,0.9145252077008645,1.8586847491353735,0.6214343912526505,1.0065804049697828,-0.41705832867838,1.495946804085569,False
larger+VIX,cpcv_00_01,cpcv,larger+VIX GM paper,GM paper,gross,ok,optimal,uncapped,False,,0.9959389999999999,1.8088019465849907,4.70744948981649,1.0424545714895443,0.4557427021121896,-0.1389502361521926,1.8132610722977303,False
larger+VIX,cpcv_00_01,cpcv,larger+VIX GM paper,GM paper,full_cost_net,ok,optimal,uncapped,False,,0.9959389999999999,-2.026422444599918,-1.8181702393468624,-1.0,25.15114383922313,-1.0,0.0,True
larger+VIX,cpcv_00_01,cpcv,larger+VIX Equal premium capped,Equal premium capped,gross,ok,reference,hard,False,2.0008918500000004,0.9500190000000001,0.29178316310891805,0.5582403812680587,-0.1830554324371504,1.163172893479657,-0.6104223335332146,0.8449425044703318,False
larger+VIX,cpcv_00_01,cpcv,larger+VIX Equal premium capped,Equal premium capped,full_cost_net,ok,reference,hard,False,2.0008918500000004,0.9500190000000001,-0.8428139853453452,-1.0434268207012691,-0.8832274948650205,1.285797928299449,-0.908046646266929,0.16702590403414896,False
larger+VIX,cpcv_00_01,cpcv,larger+VIX Equal risk capped,Equal risk capped,gross,ok,reference,hard,False,2.0008918500000004,0.940999,0.3965993713597717,0.7631647736934062,-0.08703980296224645,1.1727285431839294,-0.5742243509506983,0.9269220278752405,False
larger+VIX,cpcv_00_01,cpcv,larger+VIX Equal risk capped,Equal risk capped,full_cost_net,ok,reference,hard,False,2.0008918500000004,0.940999,-0.8173129218909282,-0.9528373069054503,-0.7880492194942808,1.014422339971093,-0.8170125673457436,0.2744916788754926,False
larger+VIX,cpcv_00_02,cpcv,larger+VIX E1 capped,E1 capped,gross,ok,optimal,hard,False,2.0124439250000004,0.885176,0.9047022281537841,1.8189494010075113,0.5122912976362113,0.6923811136199619,-0.23022638085972869,1.4115498196710583,False
larger+VIX,cpcv_00_02,cpcv,larger+VIX E1 capped,E1 capped,full_cost_net,ok,optimal,hard,False,2.0124439250000004,0.885176,0.05155942734381534,0.07963011229506364,-0.17856426587885543,0.7180684910416308,-0.3195296475539361,0.8488116396278191,False
larger+VIX,cpcv_00_02,cpcv,larger+VIX GM paper,GM paper,gross,ok,optimal,uncapped,False,,0.998548,-0.5256415398454327,-0.6070661337582409,-0.6319769343232373,0.8532909910285779,-0.6796280176769367,0.43473959749505076,False
larger+VIX,cpcv_00_02,cpcv,larger+VIX GM paper,GM paper,full_cost_net,ok,optimal,uncapped,False,,0.998548,-1.7588779170719149,-1.6346249308404706,-1.0,34.46794506200576,-1.0,0.0,True
larger+VIX,cpcv_00_02,cpcv,larger+VIX Equal premium capped,Equal premium capped,gross,ok,reference,hard,False,2.0124439250000004,0.944709,-0.24532270387540922,-0.4052681129721329,-0.5551954869746629,1.1194942228312421,-0.5948478836302507,0.5091053420913018,False
larger+VIX,cpcv_00_02,cpcv,larger+VIX Equal premium capped,Equal premium capped,full_cost_net,ok,reference,hard,False,2.0124439250000004,0.944709,-0.7529535864080489,-1.0411672577633218,-0.7705020060747415,1.1205098101168787,-0.7514760486902503,0.29330248646430207,False
larger+VIX,cpcv_00_02,cpcv,larger+VIX Equal risk capped,Equal risk capped,gross,ok,reference,hard,False,2.0124439250000004,0.9415820000000001,-0.29199708133908936,-0.4857629408323756,-0.529758670904247,1.0363045340082568,-0.5644342834790993,0.5332538465511198,False
larger+VIX,cpcv_00_02,cpcv,larger+VIX Equal risk capped,Equal risk capped,full_cost_net,ok,reference,hard,False,2.0124439250000004,0.9415820000000001,-0.8603584021660935,-1.1804153512638638,-0.7560722557120836,1.0298023548781974,-0.7242394221649976,0.30859176546657086,False
larger+VIX,cpcv_00_03,cpcv,larger+VIX E1 capped,E1 capped,gross,ok,optimal,hard,False,2.0057074999999998,0.885446,0.9302192556772875,2.0103410361752094,0.6000670344049905,0.8080376873656945,-0.24906052657632438,1.479500608372335,False
larger+VIX,cpcv_00_03,cpcv,larger+VIX E1 capped,E1 capped,full_cost_net,ok,optimal,hard,False,2.0057074999999998,0.885446,0.12981602258052494,0.221387531643841,-0.18026203098766957,0.8449657160908038,-0.42629189401433154,0.8473494323290243,False
larger+VIX,cpcv_00_03,cpcv,larger+VIX GM paper,GM paper,gross,ok,optimal,uncapped,False,,0.9992380000000001,0.7878595345582208,1.436976480941642,0.2772817734954709,0.40665763949786465,-0.21844358120723983,1.2262309188108083,False
larger+VIX,cpcv_00_03,cpcv,larger+VIX GM paper,GM paper,full_cost_net,ok,optimal,uncapped,False,,0.9992380000000001,-1.8622313880190362,-1.7078280789316662,-1.0,31.18235086934432,-1.0,0.0,True
larger+VIX,cpcv_00_03,cpcv,larger+VIX Equal premium capped,Equal premium capped,gross,ok,reference,hard,False,2.0057074999999998,0.949169,-0.5621781880951292,-0.8146347780218954,-0.7070868382522266,1.1186886187235028,-0.7380144408456906,0.35943117192761864,False
larger+VIX,cpcv_00_03,cpcv,larger+VIX Equal premium capped,Equal premium capped,full_cost_net,ok,reference,hard,False,2.0057074999999998,0.949169,-0.9970811639594273,-1.271816428513323,-0.8424348512249414,1.1371139812301878,-0.8174233268172704,0.21439606160031102,False
larger+VIX,cpcv_00_03,cpcv,larger+VIX Equal risk capped,Equal risk capped,gross,ok,reference,hard,False,2.0057074999999998,0.9446970000000001,-0.5312304321559924,-0.7744234106377306,-0.6472031099073539,1.0254940522240938,-0.6833802990459179,0.41969837735641435,False
larger+VIX,cpcv_00_03,cpcv,larger+VIX Equal risk capped,Equal risk capped,full_cost_net,ok,reference,hard,False,2.0057074999999998,0.9446970000000001,-1.17519432158162,-1.422900394331065,-0.8601569405577679,1.084590149174006,-0.8245901667112578,0.1941038266248851,False
larger+VIX,cpcv_00_04,cpcv,larger+VIX E1 capped,E1 capped,gross,ok,optimal,hard,False,1.999559275,0.867141,2.1849200401910505,7.184825151827213,4.059027090464983,0.9538264381552868,-0.23929870813245657,3.8612018373196055,False
larger+VIX,cpcv_00_04,cpcv,larger+VIX E1 capped,E1 capped,full_cost_net,ok,optimal,hard,False,1.999559275,0.867141,1.5910034890311178,4.25773499047928,2.0312032584182287,0.9593703550862641,-0.26541720454432616,2.5196828650493086,False
larger+VIX,cpcv_00_04,cpcv,larger+VIX GM paper,GM paper,gross,ok,optimal,uncapped,False,,0.997414,1.2800388701852965,2.8300234273613096,0.9001437094742897,0.6590614595624786,-0.2506422924991214,1.7073479608981246,False
larger+VIX,cpcv_00_04,cpcv,larger+VIX GM paper,GM paper,full_cost_net,ok,optimal,uncapped,False,,0.997414,-1.2444289920929528,-1.2267580129961637,-1.0,34.604491516698126,-1.0,0.0,True
larger+VIX,cpcv_00_04,cpcv,larger+VIX Equal premium capped,Equal premium capped,gross,ok,reference,hard,False,1.999559275,0.950787,0.8334435708559403,1.5232539171904702,0.4608134480857975,1.0626428811765813,-0.36741261117828417,1.371394168988439,False
larger+VIX,cpcv_00_04,cpcv,larger+VIX Equal premium capped,Equal premium capped,full_cost_net,ok,reference,hard,False,1.999559275,0.950787,0.31617501472662013,0.5026843779897724,-0.18315017270875833,1.0735555107065857,-0.5102261619375726,0.8448608477100991,False
larger+VIX,cpcv_00_04,cpcv,larger+VIX Equal risk capped,Equal risk capped,gross,ok,reference,hard,False,1.999559275,0.948173,0.917349424177365,1.7778777009479119,0.6153191244777418,1.0431107919401783,-0.3470275324101577,1.4912436673384037,False
larger+VIX,cpcv_00_04,cpcv,larger+VIX Equal risk capped,Equal risk capped,full_cost_net,ok,reference,hard,False,1.999559275,0.948173,0.2307129466930984,0.3723745737268565,-0.2442705676550031,1.0683986973239659,-0.5098256026409524,0.7918421463834678,False
larger+VIX,cpcv_00_05,cpcv,larger+VIX E1 capped,E1 capped,gross,ok,optimal,hard,False,1.9973716250000002,0.8751589999999999,0.5606464557245888,1.0758287660851764,0.1297346388884133,1.0559600148965094,-0.4175648548338263,1.1069985127767459,False
larger+VIX,cpcv_00_05,cpcv,larger+VIX E1 capped,E1 capped,full_cost_net,ok,optimal,hard,False,1.9973716250000002,0.8751589999999999,-0.0020417996026741107,-0.003229110692588467,-0.4111807344914722,1.0786979276889428,-0.5890651988547287,0.6431589872262304,False
larger+VIX,cpcv_00_05,cpcv,larger+VIX GM paper,GM paper,gross,ok,optimal,uncapped,False,,0.994678,1.0609077124635986,2.3635007270917052,0.6126931464779197,0.6032667028785527,-0.1975853624058873,1.4892231667418354,False
larger+VIX,cpcv_00_05,cpcv,larger+VIX GM paper,GM paper,full_cost_net,ok,optimal,uncapped,False,,0.994678,-1.5035022854898477,-1.4411676202184407,-1.0,23.799865161172796,-1.0,0.0,True
larger+VIX,cpcv_00_05,cpcv,larger+VIX Equal premium capped,Equal premium capped,gross,ok,reference,hard,False,1.9973716250000002,0.950596,0.26745752994873306,0.40447825342434995,-0.1707663787802972,0.9677151004214556,-0.5007935352125432,0.8555211525788579,False
larger+VIX,cpcv_00_05,cpcv,larger+VIX Equal premium capped,Equal premium capped,full_cost_net,ok,reference,hard,False,1.9973716250000002,0.950596,-0.36675190671749536,-0.46825122368948957,-0.5757419408619422,0.9632354657386767,-0.6774514465535134,0.4894313122918472,False
larger+VIX,cpcv_00_05,cpcv,larger+VIX Equal risk capped,Equal risk capped,gross,ok,reference,hard,False,1.9973716250000002,0.9437359999999999,0.21290899806856356,0.3231940226811173,-0.17227345495281754,0.9029450276081536,-0.4773940731285252,0.8542252462115643,False
larger+VIX,cpcv_00_05,cpcv,larger+VIX Equal risk capped,Equal risk capped,full_cost_net,ok,reference,hard,False,1.9973716250000002,0.9437359999999999,-0.5484514655725288,-0.6810432163332648,-0.6171126325204479,0.9130230061259158,-0.6793374385285524,0.44932356743196405,False
larger+VIX,cpcv_00_06,cpcv,larger+VIX E1 capped,E1 capped,gross,ok,optimal,hard,False,1.9868270500000003,0.8657139999999999,2.147594282767115,8.03484692479146,5.078037179345665,1.1245764184949862,-0.22258486761433405,4.4992085772794885,False
larger+VIX,cpcv_00_06,cpcv,larger+VIX E1 capped,E1 capped,full_cost_net,ok,optimal,hard,False,1.9868270500000003,0.8657139999999999,1.6584396288177394,4.7923492623915775,2.5635258853285214,1.0817708137931092,-0.3487083896214185,2.883367052241337,False
larger+VIX,cpcv_00_06,cpcv,larger+VIX GM paper,GM paper,gross,ok,optimal,uncapped,False,,1.00418,2.0244601238324407,7.24236161591245,2.176222905652519,0.691586650296187,-0.2048399722692371,2.619745750057228,False
larger+VIX,cpcv_00_06,cpcv,larger+VIX GM paper,GM paper,full_cost_net,ok,optimal,uncapped,False,,1.00418,-1.4377371560997105,-1.3884616236910006,-1.0,24.170521279397718,-1.0,0.0,True
larger+VIX,cpcv_00_06,cpcv,larger+VIX Equal premium capped,Equal premium capped,gross,ok,reference,hard,False,1.9868270500000003,0.948064,1.0425121627220806,2.7871092428854554,1.1252190503507777,1.7239071906797994,-0.660436488317224,1.8742883979976928,False
larger+VIX,cpcv_00_06,cpcv,larger+VIX Equal premium capped,Equal premium capped,full_cost_net,ok,reference,hard,False,1.9868270500000003,0.948064,0.5868035165139739,1.2574543022496498,-0.035627971101668154,1.640828036407521,-0.7682812939671533,0.9702206291603305,False
larger+VIX,cpcv_00_06,cpcv,larger+VIX Equal risk capped,Equal risk capped,gross,ok,reference,hard,False,1.9868270500000003,0.938328,1.0366907783247343,2.7654498795318685,1.1166910752345234,1.6299107165877746,-0.617580724106186,1.8680187548279763,False
larger+VIX,cpcv_00_06,cpcv,larger+VIX Equal risk capped,Equal risk capped,full_cost_net,ok,reference,hard,False,1.9868270500000003,0.938328,0.198398759172712,0.3666712804024997,-0.3925702894849237,1.3949401030320343,-0.7656612556366363,0.6600548479690364,False
larger+VIX,cpcv_00_07,cpcv,larger+VIX E1 capped,E1 capped,gross,ok,optimal,hard,False,1.97515215,0.874465,2.130462905464111,5.646766938261327,2.718695532703913,0.7681616446120219,-0.22360691032693603,2.9876211028271795,False
larger+VIX,cpcv_00_07,cpcv,larger+VIX E1 capped,E1 capped,full_cost_net,ok,optimal,hard,False,1.97515215,0.874465,1.2151136967481728,2.4594880406614186,0.957242770332702,0.7980927635962679,-0.2500735132017191,1.7499967734232396,False
larger+VIX,cpcv_00_07,cpcv,larger+VIX GM paper,GM paper,gross,ok,optimal,uncapped,False,,0.996291,1.1724918838035652,2.2690120041598236,0.6265712540249082,0.5284966545855595,-0.19718571149855257,1.4998951842051655,False
larger+VIX,cpcv_00_07,cpcv,larger+VIX GM paper,GM paper,full_cost_net,ok,optimal,uncapped,False,,0.996291,-1.4470966319410783,-1.3960238233743874,-1.0,30.564520957623706,-1.0,0.0,True
larger+VIX,cpcv_00_07,cpcv,larger+VIX Equal premium capped,Equal premium capped,gross,ok,reference,hard,False,1.97515215,0.953582,0.4211551440719065,0.6516883422860218,0.058010834926497834,0.7312017412250821,-0.393108012762599,1.0481137764061996,False
larger+VIX,cpcv_00_07,cpcv,larger+VIX Equal premium capped,Equal premium capped,full_cost_net,ok,reference,hard,False,1.97515215,0.953582,-0.46370621003677404,-0.5925449104716393,-0.4753383365715318,0.753333773735824,-0.5923609936399096,0.5842061302782375,False
larger+VIX,cpcv_00_07,cpcv,larger+VIX Equal risk capped,Equal risk capped,gross,ok,reference,hard,False,1.97515215,0.941772,0.6525216879821771,1.0709467757847912,0.2572289524559226,0.7472179251851464,-0.4111933736448937,1.2101670151825323,False
larger+VIX,cpcv_00_07,cpcv,larger+VIX Equal risk capped,Equal risk capped,full_cost_net,ok,reference,hard,False,1.97515215,0.941772,-0.5165585128311191,-0.661326827014731,-0.5551823095233857,0.8452150769806955,-0.7019664094812741,0.5091179107105526,False
larger+VIX,cpcv_00_08,cpcv,larger+VIX E1 capped,E1 capped,gross,ok,optimal,hard,False,1.9976855250000003,0.877503,1.483519870781433,4.429867294726193,1.656650076619433,0.8915790170220848,-0.23283234336311898,2.2574178884270197,False
larger+VIX,cpcv_00_08,cpcv,larger+VIX E1 capped,E1 capped,full_cost_net,ok,optimal,hard,False,1.9976855250000003,0.877503,0.9624725955381428,2.3382379837897824,0.7050641346943083,0.899619055949877,-0.25917128702823966,1.5599736624443457,False
larger+VIX,cpcv_00_08,cpcv,larger+VIX GM paper,GM paper,gross,ok,optimal,uncapped,False,,0.991196,1.4377688331242011,2.7814657220197274,0.6844526185385333,0.4277151567994995,-0.23860947427013923,1.5442430880141953,False
larger+VIX,cpcv_00_08,cpcv,larger+VIX GM paper,GM paper,full_cost_net,ok,optimal,uncapped,False,,0.991196,-1.9238392574061172,-1.750080682379362,-1.0,12.586381696210239,-1.0,0.0,True
larger+VIX,cpcv_00_08,cpcv,larger+VIX Equal premium capped,Equal premium capped,gross,ok,reference,hard,False,1.9976855250000003,0.95152,-0.1437803056018368,-0.22308991052948668,-0.3987313159976741,0.9176283419414795,-0.6642061474266152,0.6544711205941525,False
larger+VIX,cpcv_00_08,cpcv,larger+VIX Equal premium capped,Equal premium capped,full_cost_net,ok,reference,hard,False,1.9976855250000003,0.95152,-0.7401727572691262,-0.9644660531597193,-0.68851382540541,0.9484116960586926,-0.7819507474198026,0.37832552720486495,False
larger+VIX,cpcv_00_08,cpcv,larger+VIX Equal risk capped,Equal risk capped,gross,ok,reference,hard,False,1.9976855250000003,0.939028,-0.34264288242340485,-0.5238795273222048,-0.4715362795845157,0.8696358390512425,-0.6516422553181623,0.5877319698296061,False
larger+VIX,cpcv_00_08,cpcv,larger+VIX Equal risk capped,Equal risk capped,full_cost_net,ok,reference,hard,False,1.9976855250000003,0.939028,-0.9646204796362319,-1.2293434238788938,-0.7271643144450339,0.9006198145765295,-0.7772331080658055,0.3387799069406259,False
larger+VIX,cpcv_00_09,cpcv,larger+VIX E1 capped,E1 capped,gross,ok,optimal,hard,False,2.0075213000000005,0.8609910000000001,2.5665045471921855,8.206780558268242,5.506041736443421,0.9233450991011761,-0.23218415382672664,4.761722008200127,False
larger+VIX,cpcv_00_09,cpcv,larger+VIX E1 capped,E1 capped,full_cost_net,ok,optimal,hard,False,2.0075213000000005,0.8609910000000001,2.1619110015538823,5.864549395514362,3.620229678894983,0.9159874431250101,-0.25769951874712316,3.580027021373197,False
larger+VIX,cpcv_00_09,cpcv,larger+VIX GM paper,GM paper,gross,ok,optimal,uncapped,False,,0.995593,2.1863498910402717,4.565744051325198,1.5506410489198186,0.49611142627889604,-0.24158749769898646,2.1820990185281084,False
larger+VIX,cpcv_00_09,cpcv,larger+VIX GM paper,GM paper,full_cost_net,ok,optimal,uncapped,False,,0.995593,-1.4793584474060324,-1.4219506233762638,-1.0,27.9195631438438,-1.0,0.0,True
larger+VIX,cpcv_00_09,cpcv,larger+VIX Equal premium capped,Equal premium capped,gross,ok,reference,hard,False,2.0075213000000005,0.947399,1.130213822053824,2.971488813620303,1.2316098293074251,1.2148036401501634,-0.3131689285981949,1.9521591530337636,False
larger+VIX,cpcv_00_09,cpcv,larger+VIX Equal premium capped,Equal premium capped,full_cost_net,ok,reference,hard,False,2.0075213000000005,0.947399,0.7682966812327161,1.7443758714724278,0.4464456945221691,1.206219640997251,-0.4152621985373436,1.3601446917019417,False
larger+VIX,cpcv_00_09,cpcv,larger+VIX Equal risk capped,Equal risk capped,gross,ok,reference,hard,False,2.0075213000000005,0.936951,1.323495996362985,3.588483914895308,1.7091609490056063,1.178221996534469,-0.2865402581032317,2.294540208052248,False
larger+VIX,cpcv_00_09,cpcv,larger+VIX Equal risk capped,Equal risk capped,full_cost_net,ok,reference,hard,False,2.0075213000000005,0.936951,0.9082058149353167,2.0709183705652214,0.6781963021559576,1.1589145035026498,-0.384752100712376,1.5394619760178405,False
larger+VIX,cpcv_00_10,cpcv,larger+VIX E1 capped,E1 capped,gross,ok,optimal,hard,False,2.011466425,0.865055,2.024012169988447,8.01502716133975,3.7701565869588904,1.0116423438031654,-0.19317042146161312,3.6765786676203676,False
larger+VIX,cpcv_00_10,cpcv,larger+VIX E1 capped,E1 capped,full_cost_net,ok,optimal,hard,False,2.011466425,0.865055,1.7079416677977417,5.647800064345333,2.55596718136817,1.00982709199833,-0.22695767822473556,2.8782694854263897,False
larger+VIX,cpcv_00_10,cpcv,larger+VIX GM paper,GM paper,gross,ok,optimal,uncapped,False,,1.0039820000000002,1.3471563842169592,3.2355846550206406,0.9355236681635075,0.6231038521524511,-0.28111243884877046,1.7337989621290748,False
larger+VIX,cpcv_00_10,cpcv,larger+VIX GM paper,GM paper,full_cost_net,ok,optimal,uncapped,False,,1.0039820000000002,-1.5917751838126892,-1.5100670364218658,-1.0,12.764348381568277,-1.0,0.0,True
larger+VIX,cpcv_00_10,cpcv,larger+VIX Equal premium capped,Equal premium capped,gross,ok,reference,hard,False,2.011466425,0.948893,0.7148940350330147,1.6472416901026181,0.38615754021630355,1.1449537249284627,-0.46876720521328064,1.312735287923651,False
larger+VIX,cpcv_00_10,cpcv,larger+VIX Equal premium capped,Equal premium capped,full_cost_net,ok,reference,hard,False,2.011466425,0.948893,0.3726718474161235,0.7526878396931748,-0.07618135025789285,1.147828851952777,-0.5590507656997556,0.9361000558611523,False
larger+VIX,cpcv_00_10,cpcv,larger+VIX Equal risk capped,Equal risk capped,gross,ok,reference,hard,False,2.011466425,0.946245,0.8135965601324562,1.927824335845677,0.5300030816241181,0.999974253013981,-0.35958346661140717,1.425313027397872,False
larger+VIX,cpcv_00_10,cpcv,larger+VIX Equal risk capped,Equal risk capped,full_cost_net,ok,reference,hard,False,2.011466425,0.946245,0.47917953209371456,0.9992143310455237,0.0927931639267614,0.9975663732117711,-0.44608475343524834,1.0767502335783445,False
larger+VIX,cpcv_00_11,cpcv,larger+VIX E1 capped,E1 capped,gross,ok,optimal,hard,False,2.048507925,0.886555,1.4545784414548621,5.99923420874992,2.4202818526792806,1.2732682905012382,-0.2712490689906195,2.7864520891217106,False
larger+VIX,cpcv_00_11,cpcv,larger+VIX E1 capped,E1 capped,full_cost_net,ok,optimal,hard,False,2.048507925,0.886555,1.1790757484031118,4.001305896830566,1.4501449554106052,1.2728843392194256,-0.32693372838242896,2.1102139143690097,False
larger+VIX,cpcv_00_11,cpcv,larger+VIX GM paper,GM paper,gross,ok,optimal,uncapped,False,,0.9949600000000001,1.645478672693746,13.588003828819701,2.2115972780964612,0.9179177633857555,-0.10126577495031042,2.644037239720172,False
larger+VIX,cpcv_00_11,cpcv,larger+VIX GM paper,GM paper,full_cost_net,ok,optimal,uncapped,False,,0.9949600000000001,-2.212378590262286,-1.9490306541295876,-1.0,2.9571941664219263,-1.0,0.0,True
larger+VIX,cpcv_00_11,cpcv,larger+VIX Equal premium capped,Equal premium capped,gross,ok,reference,hard,False,2.048507925,0.938651,0.7809445411574469,2.199263253414923,0.38112565557378075,1.8691175646320541,-0.5288944229770489,1.308762955897842,False
larger+VIX,cpcv_00_11,cpcv,larger+VIX Equal premium capped,Equal premium capped,full_cost_net,ok,reference,hard,False,2.048507925,0.938651,0.588711841220935,1.5048178541832304,-0.05233496063878784,1.8646309315118883,-0.6010628040499735,0.9561933434183175,False
larger+VIX,cpcv_00_11,cpcv,larger+VIX Equal risk capped,Equal risk capped,gross,ok,reference,hard,False,2.048507925,0.9344779999999999,0.6982966250399794,1.941642155525684,0.2500196576386391,1.7482522161801224,-0.5158103251044377,1.2043813883006294,False
larger+VIX,cpcv_00_11,cpcv,larger+VIX Equal risk capped,Equal risk capped,full_cost_net,ok,reference,hard,False,2.048507925,0.9344779999999999,0.5023420783285031,1.2676007131290432,-0.12788275377875535,1.745598771053669,-0.5904013686587539,0.8922346032425443,False
larger+VIX,cpcv_01_02,cpcv,larger+VIX E1 capped,E1 capped,gross,ok,optimal,hard,False,2.0243500250000004,0.87875,1.5283485151214506,5.103607429339355,1.7059961343192542,0.8611468329487096,-0.2380564043906247,2.292306274761779,False
larger+VIX,cpcv_01_02,cpcv,larger+VIX E1 capped,E1 capped,full_cost_net,ok,optimal,hard,False,2.0243500250000004,0.87875,0.802468214586663,1.7330742400891948,0.4684303458215049,0.8596383810509659,-0.35464219930917107,1.3773504619908747,False
larger+VIX,cpcv_01_02,cpcv,larger+VIX GM paper,GM paper,gross,ok,optimal,uncapped,False,,0.99245,-0.5904788114010273,-0.6563398768520191,-0.8467929410451744,1.037489539913467,-0.8513141423483161,0.20944290184204437,False
larger+VIX,cpcv_01_02,cpcv,larger+VIX GM paper,GM paper,full_cost_net,ok,optimal,uncapped,False,,0.99245,-3.0454202815868556,-2.3545860902240077,-1.0,12.351968434913703,-1.0,0.0,True
larger+VIX,cpcv_01_02,cpcv,larger+VIX Equal premium capped,Equal premium capped,gross,ok,reference,hard,False,2.0243500250000004,0.946353,0.006492379322717181,0.012893175600465202,-0.5028977269713729,1.3551546539068426,-0.5328404911497024,0.5585192216917589,False
larger+VIX,cpcv_01_02,cpcv,larger+VIX Equal premium capped,Equal premium capped,full_cost_net,ok,reference,hard,False,2.0243500250000004,0.946353,-0.9874193410166334,-1.3057230900262,-0.9167399780339368,1.389361526828808,-0.876187839034187,0.12599803368521212,False
larger+VIX,cpcv_01_02,cpcv,larger+VIX Equal risk capped,Equal risk capped,gross,ok,reference,hard,False,2.0243500250000004,0.9391970000000001,0.07915452765643013,0.15507172103033628,-0.43837515506900715,1.3173954837961275,-0.550884382609228,0.6183085610418665,False
larger+VIX,cpcv_01_02,cpcv,larger+VIX Equal risk capped,Equal risk capped,full_cost_net,ok,reference,hard,False,2.0243500250000004,0.9391970000000001,-1.0289865731516363,-1.2882517895097145,-0.8718083689690225,1.1625769611074297,-0.8378826422713878,0.18053014364841743,False
larger+VIX,cpcv_01_03,cpcv,larger+VIX E1 capped,E1 capped,gross,ok,optimal,hard,False,2.0107845500000003,0.888145,1.4303255193030155,4.481867413272888,1.6993376677271321,0.9733923927893994,-0.2745593896471037,2.2876048706816174,False
larger+VIX,cpcv_01_03,cpcv,larger+VIX E1 capped,E1 capped,full_cost_net,ok,optimal,hard,False,2.0107845500000003,0.888145,0.6657427055867182,1.3788203698875883,0.29642139379827315,0.9556108924790264,-0.43101011152636404,1.2415241096021454,False
larger+VIX,cpcv_01_03,cpcv,larger+VIX GM paper,GM paper,gross,ok,optimal,uncapped,False,,0.9945379999999999,1.7245241128860362,7.701151678117581,0.6262021116289764,0.3104097081796725,-0.06406444212733098,1.4996115172725255,False
larger+VIX,cpcv_01_03,cpcv,larger+VIX GM paper,GM paper,full_cost_net,ok,optimal,uncapped,False,,0.9945379999999999,-3.1220272428545908,-2.3859016041169347,-1.0,11.70387459991986,-1.0,0.0,True
larger+VIX,cpcv_01_03,cpcv,larger+VIX Equal premium capped,Equal premium capped,gross,ok,reference,hard,False,2.0107845500000003,0.941926,-0.23828554159642354,-0.41977856242347306,-0.6598775348222448,1.350844167131312,-0.7272802530523896,0.4070953094349816,False
larger+VIX,cpcv_01_03,cpcv,larger+VIX Equal premium capped,Equal premium capped,full_cost_net,ok,reference,hard,False,2.0107845500000003,0.941926,-1.0997229455937232,-1.4161846777237432,-0.9407473828797787,1.437869866644299,-0.9066586779759435,0.09489782989135458,False
larger+VIX,cpcv_01_03,cpcv,larger+VIX Equal risk capped,Equal risk capped,gross,ok,reference,hard,False,2.0107845500000003,0.951454,-0.0676594820507909,-0.12062834515374263,-0.5585052994905733,1.3236570835844574,-0.6875467057555574,0.5059464803631918,False
larger+VIX,cpcv_01_03,cpcv,larger+VIX Equal risk capped,Equal risk capped,full_cost_net,ok,reference,hard,False,2.0107845500000003,0.951454,-1.2683795921806755,-1.4609324424713412,-0.9236518651965745,1.2066656746070765,-0.8955240200382777,0.11721918379500611,False
larger+VIX,cpcv_01_04,cpcv,larger+VIX E1 capped,E1 capped,gross,ok,optimal,hard,False,1.994009375,0.863885,2.5990912091332987,13.403899412793,7.276300550268845,1.0360935532470288,-0.2417763311086094,5.819203495442899,False
larger+VIX,cpcv_01_04,cpcv,larger+VIX E1 capped,E1 capped,full_cost_net,ok,optimal,hard,False,1.994009375,0.863885,1.789676172689052,4.909323606281997,2.943900717698261,1.062388861694892,-0.4190261177431738,3.1376534747665246,False
larger+VIX,cpcv_01_04,cpcv,larger+VIX GM paper,GM paper,gross,ok,optimal,uncapped,False,,1.003669,2.423343001448011,12.7179722793511,2.2492730394723828,0.5608593892270376,-0.08465655237007386,2.6698601051537056,False
larger+VIX,cpcv_01_04,cpcv,larger+VIX GM paper,GM paper,full_cost_net,ok,optimal,uncapped,False,,1.003669,-1.9418235918819189,-1.762509978369201,-1.0,13.665901951587088,-1.0,0.0,True
larger+VIX,cpcv_01_04,cpcv,larger+VIX Equal premium capped,Equal premium capped,gross,ok,reference,hard,False,1.994009375,0.949247,0.9227482839472618,2.032143710885831,0.6607465916441968,1.3015037534912803,-0.4862989176391429,1.5261110661019521,False
larger+VIX,cpcv_01_04,cpcv,larger+VIX Equal premium capped,Equal premium capped,full_cost_net,ok,reference,hard,False,1.994009375,0.949247,-0.10966417247070481,-0.1621874901652206,-0.6953644425989991,1.4043703281264428,-0.8067507031152131,0.37137884487844847,False
larger+VIX,cpcv_01_04,cpcv,larger+VIX Equal risk capped,Equal risk capped,gross,ok,reference,hard,False,1.994009375,0.9409700000000001,1.0890106079962956,2.3813671440918696,1.0068119787488201,1.2928425294577084,-0.48723708778470287,1.786853322026606,False
larger+VIX,cpcv_01_04,cpcv,larger+VIX Equal risk capped,Equal risk capped,full_cost_net,ok,reference,hard,False,1.994009375,0.9409700000000001,0.00016821151926588531,0.00024148749032376323,-0.5719572099960186,1.2278297618402387,-0.7220147029929913,0.49306705838361187,False
larger+VIX,cpcv_01_05,cpcv,larger+VIX E1 capped,E1 capped,gross,ok,optimal,hard,False,1.9911173500000001,0.8637139999999999,1.1466041847444717,2.8724732829750512,1.1757586983656347,1.167503499262555,-0.31512936842691064,1.911359034564856,False
larger+VIX,cpcv_01_05,cpcv,larger+VIX E1 capped,E1 capped,full_cost_net,ok,optimal,hard,False,1.9911173500000001,0.8637139999999999,0.5226911535905423,0.9806564669793024,0.04249796207605527,1.1504314257817636,-0.43125555708709207,1.0352915727767444,False
larger+VIX,cpcv_01_05,cpcv,larger+VIX GM paper,GM paper,gross,ok,optimal,uncapped,False,,0.990673,1.9891461375913748,5.7555611755592775,1.4554519636921044,0.5277589751568414,-0.1405894986395132,2.1140221594661965,False
larger+VIX,cpcv_01_05,cpcv,larger+VIX GM paper,GM paper,full_cost_net,ok,optimal,uncapped,False,,0.990673,-2.6085671176693475,-2.1536706085971713,-1.0,8.524077562371877,-1.0,0.0,True
larger+VIX,cpcv_01_05,cpcv,larger+VIX Equal premium capped,Equal premium capped,gross,ok,reference,hard,False,1.9911173500000001,0.949215,0.45519715210677364,0.8718734818491184,-0.06055174959385767,1.2322495502691133,-0.4843343784923979,0.9492793893458432,False
larger+VIX,cpcv_01_05,cpcv,larger+VIX Equal premium capped,Equal premium capped,full_cost_net,ok,reference,hard,False,1.9911173500000001,0.949215,-0.7384195762313168,-0.9295743972967083,-0.8713182342615806,1.3217537023360324,-0.8604734110864334,0.18110516778328362,False
larger+VIX,cpcv_01_05,cpcv,larger+VIX Equal risk capped,Equal risk capped,gross,ok,reference,hard,False,1.9911173500000001,0.944572,0.5897393500208595,1.1268023760583163,0.09160357435223343,1.2316740154663992,-0.4896152710289151,1.0757733735928194,False
larger+VIX,cpcv_01_05,cpcv,larger+VIX Equal risk capped,Equal risk capped,full_cost_net,ok,reference,hard,False,1.9911173500000001,0.944572,-0.6346036445597453,-0.7589872464817153,-0.7815431317950219,1.0979449625933617,-0.8067685770737589,0.2814954759163712,False
larger+VIX,cpcv_01_06,cpcv,larger+VIX E1 capped,E1 capped,gross,ok,optimal,hard,False,1.9863456000000002,0.8748469999999999,2.598713485481053,13.749341551609954,8.756265174323905,1.1444798543461479,-0.21825472856446493,6.674258089845311,False
larger+VIX,cpcv_01_06,cpcv,larger+VIX E1 capped,E1 capped,full_cost_net,ok,optimal,hard,False,1.9863456000000002,0.8748469999999999,1.710416085967892,4.510121149142703,2.9874051758876057,1.190227971207334,-0.43597698099750004,3.1664694833128855,False
larger+VIX,cpcv_01_06,cpcv,larger+VIX GM paper,GM paper,gross,ok,optimal,uncapped,False,,1.002843,2.634162828046613,16.51490744167105,2.95895393675923,0.6066046068982642,-0.12096752454686177,3.147630226999669,False
larger+VIX,cpcv_01_06,cpcv,larger+VIX GM paper,GM paper,full_cost_net,ok,optimal,uncapped,False,,1.002843,-2.5516084255131224,-2.1251176688430267,-1.0,9.086004912288814,-1.0,0.0,True
larger+VIX,cpcv_01_06,cpcv,larger+VIX Equal premium capped,Equal premium capped,gross,ok,reference,hard,False,1.9863456000000002,0.942602,1.121552487189101,3.1578572078671754,1.3486786184051476,1.8715235748245083,-0.5649387154041353,2.037134302611216,False
larger+VIX,cpcv_01_06,cpcv,larger+VIX Equal premium capped,Equal premium capped,full_cost_net,ok,reference,hard,False,1.9863456000000002,0.942602,-0.04574089330574049,-0.07216309881263866,-0.9451300123979269,2.093682826152565,-0.9754345113990118,0.08901141774412778,False
larger+VIX,cpcv_01_06,cpcv,larger+VIX Equal risk capped,Equal risk capped,gross,ok,reference,hard,False,1.9863456000000002,0.948775,1.2337793855054722,3.406576925160649,1.785575479821436,1.8158305916040123,-0.5148151477293001,2.348347931200888,False
larger+VIX,cpcv_01_06,cpcv,larger+VIX Equal risk capped,Equal risk capped,full_cost_net,ok,reference,hard,False,1.9863456000000002,0.948775,0.021622332361569227,0.03566675125123366,-0.6795489057145538,1.5594714258349143,-0.8669147393798139,0.3873778631157461,False
larger+VIX,cpcv_01_07,cpcv,larger+VIX E1 capped,E1 capped,gross,ok,optimal,hard,False,1.9719324750000002,0.8831249999999999,2.6424552506107246,11.863547857713824,5.686021523822126,0.8922731120752596,-0.2309896871909538,4.871243156001329,False
larger+VIX,cpcv_01_07,cpcv,larger+VIX E1 capped,E1 capped,full_cost_net,ok,optimal,hard,False,1.9719324750000002,0.8831249999999999,1.5223769841198966,3.447917896208877,1.7336723905797857,0.9309083323871564,-0.3918332108184084,2.3118273044255995,False
larger+VIX,cpcv_01_07,cpcv,larger+VIX GM paper,GM paper,gross,ok,optimal,uncapped,False,,0.998685,1.8511121538312738,5.011968634000178,1.219723867234082,0.5027013985442846,-0.16158443033947534,1.943490668706994,False
larger+VIX,cpcv_01_07,cpcv,larger+VIX GM paper,GM paper,full_cost_net,ok,optimal,uncapped,False,,0.998685,-2.442034798821652,-2.066139697604095,-1.0,12.004579706485204,-1.0,0.0,True
larger+VIX,cpcv_01_07,cpcv,larger+VIX Equal premium capped,Equal premium capped,gross,ok,reference,hard,False,1.9719324750000002,0.9524810000000001,0.652133493085368,1.4455207452480372,0.28713892544343,1.0550577663386076,-0.4809883087527169,1.2341118439134477,False
larger+VIX,cpcv_01_07,cpcv,larger+VIX Equal premium capped,Equal premium capped,full_cost_net,ok,reference,hard,False,1.9719324750000002,0.9524810000000001,-0.8895972104079715,-1.0575476335676164,-0.9252635912005395,1.3259299936785647,-0.9152080048933214,0.11515342364605093,False
larger+VIX,cpcv_01_07,cpcv,larger+VIX Equal risk capped,Equal risk capped,gross,ok,reference,hard,False,1.9719324750000002,0.9430710000000001,0.867101496768825,1.8414533980307026,0.5694931942172099,1.0816018332020965,-0.47498982750138896,1.4559044182985277,False
larger+VIX,cpcv_01_07,cpcv,larger+VIX Equal risk capped,Equal risk capped,full_cost_net,ok,reference,hard,False,1.9719324750000002,0.9430710000000001,-0.7350020931942952,-0.8745273637823238,-0.7579138301149086,1.0074797065265948,-0.8168011573804751,0.3066490682946563,False
larger+VIX,cpcv_01_08,cpcv,larger+VIX E1 capped,E1 capped,gross,ok,optimal,hard,False,1.9941826000000002,0.867634,1.9739514722910403,9.049345025770403,3.5208152577860155,0.9935075352807948,-0.2473983569270154,3.5157174672310343,False
larger+VIX,cpcv_01_08,cpcv,larger+VIX E1 capped,E1 capped,full_cost_net,ok,optimal,hard,False,1.9941826000000002,0.867634,1.3621945917459153,3.9285315946203827,1.5017344671690158,0.9626097013387339,-0.3596670466258264,2.1471761605377204,False
larger+VIX,cpcv_01_08,cpcv,larger+VIX GM paper,GM paper,gross,ok,optimal,uncapped,False,,1.009521,2.903385626455562,29.309808957310292,1.605759597531966,0.3613659532208233,-0.04505338070578557,2.221324235895503,False
larger+VIX,cpcv_01_08,cpcv,larger+VIX GM paper,GM paper,full_cost_net,ok,optimal,uncapped,False,,1.009521,-3.675375677604676,-2.582345186432331,-1.0,4.674162422765769,-1.0,0.0,True
larger+VIX,cpcv_01_08,cpcv,larger+VIX Equal premium capped,Equal premium capped,gross,ok,reference,hard,False,1.9941826000000002,0.9508159999999999,0.1759348262899867,0.35485506337453276,-0.28440353602924184,1.1842550289214901,-0.5457210921418832,0.7566414952452275,False
larger+VIX,cpcv_01_08,cpcv,larger+VIX Equal premium capped,Equal premium capped,full_cost_net,ok,reference,hard,False,1.9941826000000002,0.9508159999999999,-0.9075405546351653,-1.1756565382159971,-0.8650187395384773,1.2322458091686364,-0.874812283797394,0.18846378083908302,False
larger+VIX,cpcv_01_08,cpcv,larger+VIX Equal risk capped,Equal risk capped,gross,ok,reference,hard,False,1.9941826000000002,0.944388,0.17938096960880417,0.35359510872850214,-0.3031831535218361,1.2125284741171884,-0.5576108406670437,0.7400576202002981,False
larger+VIX,cpcv_01_08,cpcv,larger+VIX Equal risk capped,Equal risk capped,full_cost_net,ok,reference,hard,False,1.9941826000000002,0.944388,-1.0757245435852145,-1.2733381033666533,-0.8490946453585339,1.0597784639486307,-0.8672471048244038,0.20681746404627832,False
larger+VIX,cpcv_01_09,cpcv,larger+VIX E1 capped,E1 capped,gross,ok,optimal,hard,False,2.003115525,0.8669849999999999,3.0313352178920705,16.14817079619436,11.995393268210877,1.0841393911023018,-0.24028406822580928,8.475354168865701,False
larger+VIX,cpcv_01_09,cpcv,larger+VIX E1 capped,E1 capped,full_cost_net,ok,optimal,hard,False,2.003115525,0.8669849999999999,2.432231531978215,7.770687593953348,6.579450440632608,1.1046963269349035,-0.379528860181666,5.407934605513421,False
larger+VIX,cpcv_01_09,cpcv,larger+VIX GM paper,GM paper,gross,ok,optimal,uncapped,False,,0.995766,3.618444503228928,35.4237115016925,2.6361803966684594,0.39391062326806325,-0.03220325937369595,2.932273784129315,False
larger+VIX,cpcv_01_09,cpcv,larger+VIX GM paper,GM paper,full_cost_net,ok,optimal,uncapped,False,,0.995766,-2.554650857383438,-2.126032999858772,-1.0,9.48071707929266,-1.0,0.0,True
larger+VIX,cpcv_01_09,cpcv,larger+VIX Equal premium capped,Equal premium capped,gross,ok,reference,hard,False,2.003115525,0.940822,1.1865793773085003,3.441144251474402,1.4890438844731455,1.3966821979324733,-0.49385278655071907,2.138095641068421,False
larger+VIX,cpcv_01_09,cpcv,larger+VIX Equal premium capped,Equal premium capped,full_cost_net,ok,reference,hard,False,2.003115525,0.940822,0.3469421914071745,0.6325145720892222,-0.370775212598465,1.4756815787794473,-0.7817307028362973,0.67973273519056,False
larger+VIX,cpcv_01_09,cpcv,larger+VIX Equal risk capped,Equal risk capped,gross,ok,reference,hard,False,2.003115525,0.9398380000000001,1.5833742998569285,4.69664945225549,3.2420836682563783,1.5028367067698307,-0.4964621935936345,3.334131246963918,False
larger+VIX,cpcv_01_09,cpcv,larger+VIX Equal risk capped,Equal risk capped,full_cost_net,ok,reference,hard,False,2.003115525,0.9398380000000001,0.7506407919560695,1.4022428585292714,0.07964743713346567,1.4297823175677844,-0.7330232434865518,1.0659454131807702,False
larger+VIX,cpcv_01_10,cpcv,larger+VIX E1 capped,E1 capped,gross,ok,optimal,hard,False,2.00656005,0.86232,2.4020609979360326,12.915302884985518,5.709810149318775,1.0109950165063772,-0.2107913728637566,4.885681970380575,False
larger+VIX,cpcv_01_10,cpcv,larger+VIX E1 capped,E1 capped,full_cost_net,ok,optimal,hard,False,2.00656005,0.86232,1.8154974625137483,5.625773594191075,3.107782451826779,1.0653834123426875,-0.36065161050263506,3.2459328370439993,False
larger+VIX,cpcv_01_10,cpcv,larger+VIX GM paper,GM paper,gross,ok,optimal,uncapped,False,,0.9918199999999999,2.874183345797449,52.66641397539301,2.83423668147923,0.5303687579250372,-0.030908130329543204,3.064778540579142,False
larger+VIX,cpcv_01_10,cpcv,larger+VIX GM paper,GM paper,full_cost_net,ok,optimal,uncapped,False,,0.9918199999999999,-3.4564979626671652,-2.5105059467106616,-1.0,3.9356542656611504,-1.0,0.0,True
larger+VIX,cpcv_01_10,cpcv,larger+VIX Equal premium capped,Equal premium capped,gross,ok,reference,hard,False,2.00656005,0.945003,0.8368603581552212,2.2030379803819486,0.5821187225757649,1.377977253113301,-0.4938487728310925,1.4656577146083505,False
larger+VIX,cpcv_01_10,cpcv,larger+VIX Equal premium capped,Equal premium capped,full_cost_net,ok,reference,hard,False,2.00656005,0.945003,-0.01298900919843383,-0.021744503615799552,-0.6385690250782352,1.465687733855038,-0.8024292922142418,0.4282405692453878,False
larger+VIX,cpcv_01_10,cpcv,larger+VIX Equal risk capped,Equal risk capped,gross,ok,reference,hard,False,2.00656005,0.955051,0.8854429536382911,2.120975513149907,0.6359728967448632,1.2906869350624028,-0.5095526821440645,1.5071162540723109,False
larger+VIX,cpcv_01_10,cpcv,larger+VIX Equal risk capped,Equal risk capped,full_cost_net,ok,reference,hard,False,2.00656005,0.955051,0.38785169315635754,0.7084375636172718,-0.2912643749286844,1.3802934338894486,-0.706495056201441,0.7505913459479373,False
larger+VIX,cpcv_01_11,cpcv,larger+VIX E1 capped,E1 capped,gross,ok,optimal,hard,False,2.055382625,0.8957630000000001,1.8215446744646684,8.02219885176348,4.953696872733155,1.4427844967007935,-0.25046671501192985,4.4223753362823,False
larger+VIX,cpcv_01_11,cpcv,larger+VIX E1 capped,E1 capped,full_cost_net,ok,optimal,hard,False,2.055382625,0.8957630000000001,1.527427900059155,5.360740846288296,3.002666947316113,1.4333721147124074,-0.32945909046482114,3.176565970526432,False
larger+VIX,cpcv_01_11,cpcv,larger+VIX GM paper,GM paper,gross,ok,optimal,uncapped,False,,0.99322,1.9181008287151775,11.919418405891628,2.656505557655653,0.8449186277690213,-0.09963698787451136,2.9459262134878337,False
larger+VIX,cpcv_01_11,cpcv,larger+VIX GM paper,GM paper,full_cost_net,ok,optimal,uncapped,False,,0.99322,-2.0335366320488717,-1.827876735810548,-1.0,4.8895670963944395,-1.0,0.0,True
larger+VIX,cpcv_01_11,cpcv,larger+VIX Equal premium capped,Equal premium capped,gross,ok,reference,hard,False,2.055382625,0.943292,0.8466350454404211,2.434778968922728,0.41904943215116286,2.0534553452898945,-0.5256226560748067,1.338642482769565,False
larger+VIX,cpcv_01_11,cpcv,larger+VIX Equal premium capped,Equal premium capped,full_cost_net,ok,reference,hard,False,2.055382625,0.943292,0.6217544777762715,1.583759133603976,-0.1408882793316073,2.0533328814872025,-0.6065969831525984,0.881132804009056,False
larger+VIX,cpcv_01_11,cpcv,larger+VIX Equal risk capped,Equal risk capped,gross,ok,reference,hard,False,2.055382625,0.941705,0.8185022773622723,2.238053419544757,0.33397054517046265,2.010902406462921,-0.5197037667195028,1.2714185207705717,False
larger+VIX,cpcv_01_11,cpcv,larger+VIX Equal risk capped,Equal risk capped,full_cost_net,ok,reference,hard,False,2.055382625,0.941705,0.6031288494093521,1.4771958777122192,-0.16813770756862978,2.0080420054695,-0.6349295348147588,0.8577805585512837,False
larger+VIX,cpcv_02_03,cpcv,larger+VIX E1 capped,E1 capped,gross,ok,optimal,hard,False,2.03528485,0.87534,0.7374208839164564,1.4437317462138328,0.31346256406609396,0.5485986676767761,-0.21010730699136537,1.2551089196245555,False
larger+VIX,cpcv_02_03,cpcv,larger+VIX E1 capped,E1 capped,full_cost_net,ok,optimal,hard,False,2.03528485,0.87534,-0.33560322109170676,-0.4801497038971111,-0.2943487555093295,0.5771402510063728,-0.37984085882302376,0.7478682449814598,False
larger+VIX,cpcv_02_03,cpcv,larger+VIX GM paper,GM paper,gross,ok,optimal,uncapped,False,,0.999768,-0.7595907206849236,-0.8256934610368887,-0.8460759453495252,0.9872275298151911,-0.8189520602161516,0.2102593959892938,False
larger+VIX,cpcv_02_03,cpcv,larger+VIX GM paper,GM paper,full_cost_net,ok,optimal,uncapped,False,,0.999768,-3.640119394206328,-2.5712510071140264,-1.0,12.288078438210734,-1.0,0.0,True
larger+VIX,cpcv_02_03,cpcv,larger+VIX Equal premium capped,Equal premium capped,gross,ok,reference,hard,False,2.03528485,0.945624,-0.7616099786194658,-1.1661867110914275,-0.8120171441835045,1.2475951065232214,-0.7961872577955668,0.24836965605333355,False
larger+VIX,cpcv_02_03,cpcv,larger+VIX Equal premium capped,Equal premium capped,full_cost_net,ok,reference,hard,False,2.03528485,0.945624,-1.2564902433524967,-1.6233697942384138,-0.9151267886792495,1.2575790354176024,-0.8753895756620794,0.12802915003583248,False
larger+VIX,cpcv_02_03,cpcv,larger+VIX Equal risk capped,Equal risk capped,gross,ok,reference,hard,False,2.03528485,0.943859,-0.7553841595148725,-1.1750786320378186,-0.769085496809207,1.1483824252645067,-0.7674668489509201,0.29481031556977044,False
larger+VIX,cpcv_02_03,cpcv,larger+VIX Equal risk capped,Equal risk capped,full_cost_net,ok,reference,hard,False,2.03528485,0.943859,-1.3088992111267674,-1.6741995705637494,-0.8988744529471955,1.1671050224114587,-0.8726506154007299,0.14815537201716286,False
larger+VIX,cpcv_02_04,cpcv,larger+VIX E1 capped,E1 capped,gross,ok,optimal,hard,False,2.015607225,0.8646860000000001,2.185016822278233,9.771324831756802,3.2804550623819386,0.817508330318126,-0.15827666288967002,3.3592445277867475,False
larger+VIX,cpcv_02_04,cpcv,larger+VIX E1 capped,E1 capped,full_cost_net,ok,optimal,hard,False,2.015607225,0.8646860000000001,1.4201789774280011,4.1530168763093664,1.4090102419804205,0.8241896611567727,-0.23557317294405555,2.0806492393455445,False
larger+VIX,cpcv_02_04,cpcv,larger+VIX GM paper,GM paper,gross,ok,optimal,uncapped,False,,0.9955620000000001,0.25902461767676277,0.3562402251667537,-0.347014382391308,1.0282276364231107,-0.6653676322622567,0.7010564884395074,False
larger+VIX,cpcv_02_04,cpcv,larger+VIX GM paper,GM paper,full_cost_net,ok,optimal,uncapped,False,,0.9955620000000001,-2.556971658107931,-2.127842197741493,-1.0,10.658049316756241,-1.0,0.0,True
larger+VIX,cpcv_02_04,cpcv,larger+VIX Equal premium capped,Equal premium capped,gross,ok,reference,hard,False,2.015607225,0.9397490000000001,0.44779253298462346,0.8582623328676893,-0.09611816048757349,1.2716437218662866,-0.5314091279948954,0.919234644764739,False
larger+VIX,cpcv_02_04,cpcv,larger+VIX Equal premium capped,Equal premium capped,full_cost_net,ok,reference,hard,False,2.015607225,0.9397490000000001,-0.07480061145668568,-0.11965516965370547,-0.5726448851201977,1.2818130797900222,-0.6763305796504511,0.49240685302270903,False
larger+VIX,cpcv_02_04,cpcv,larger+VIX Equal risk capped,Equal risk capped,gross,ok,reference,hard,False,2.015607225,0.943538,0.6000531204467736,1.2454149816849487,0.13308884592183223,1.238530021484719,-0.520363976149768,1.1097367550437098,False
larger+VIX,cpcv_02_04,cpcv,larger+VIX Equal risk capped,Equal risk capped,full_cost_net,ok,reference,hard,False,2.015607225,0.943538,0.024581589295119242,0.04176482035817504,-0.47215721776353603,1.2379006131366848,-0.662861899466699,0.5871564321039764,False
larger+VIX,cpcv_02_05,cpcv,larger+VIX E1 capped,E1 capped,gross,ok,optimal,hard,False,2.0107056500000002,0.877464,0.4819750573263647,0.9080801856289638,0.10706798253007821,0.8525433092857424,-0.4041929051448382,1.088458584550784,False
larger+VIX,cpcv_02_05,cpcv,larger+VIX E1 capped,E1 capped,full_cost_net,ok,optimal,hard,False,2.0107056500000002,0.877464,-0.23178573871732616,-0.3425459646681165,-0.4296343815817868,0.8736674567397638,-0.572367961667505,0.6263173588636244,False
larger+VIX,cpcv_02_05,cpcv,larger+VIX GM paper,GM paper,gross,ok,optimal,uncapped,False,,1.0050379999999999,-0.1085955358186581,-0.13481232623581269,-0.5749394980216489,0.986139457537677,-0.707756319058219,0.4902026172143086,False
larger+VIX,cpcv_02_05,cpcv,larger+VIX GM paper,GM paper,full_cost_net,ok,optimal,uncapped,False,,1.0050379999999999,-2.7750871489766262,-2.2349528844222832,-1.0,7.68699719383697,-1.0,0.0,True
larger+VIX,cpcv_02_05,cpcv,larger+VIX Equal premium capped,Equal premium capped,gross,ok,reference,hard,False,2.0107056500000002,0.9468269999999999,-0.06261164219988422,-0.10315239099925913,-0.4841219259537216,1.1593588858541517,-0.6516738144845569,0.576044310462944,False
larger+VIX,cpcv_02_05,cpcv,larger+VIX Equal premium capped,Equal premium capped,full_cost_net,ok,reference,hard,False,2.0107056500000002,0.9468269999999999,-0.7241599865162872,-0.9631888197650785,-0.7873025568955401,1.1569798133634162,-0.7851360971920776,0.27529726128712473,False
larger+VIX,cpcv_02_05,cpcv,larger+VIX Equal risk capped,Equal risk capped,gross,ok,reference,hard,False,2.0107056500000002,0.94636,-0.02593306685933637,-0.045222645693798746,-0.41830152427524225,1.1086484867076842,-0.6543735366066654,0.6366708089832479,False
larger+VIX,cpcv_02_05,cpcv,larger+VIX Equal risk capped,Equal risk capped,full_cost_net,ok,reference,hard,False,2.0107056500000002,0.94636,-0.6636234758528113,-0.9254047661440652,-0.7334802387678199,1.096456290488224,-0.7910469402219865,0.3322317850332454,False
larger+VIX,cpcv_02_06,cpcv,larger+VIX E1 capped,E1 capped,gross,ok,optimal,hard,False,2.014141775,0.865318,2.0540089265487818,11.164816462130768,4.349123608608193,1.0683508673928617,-0.20738060115332901,4.044847895359774,False
larger+VIX,cpcv_02_06,cpcv,larger+VIX E1 capped,E1 capped,full_cost_net,ok,optimal,hard,False,2.014141775,0.865318,1.4996309163812602,5.355505604803118,1.9955110949545807,1.0171050308690979,-0.3442499069318945,2.4949342812448703,False
larger+VIX,cpcv_02_06,cpcv,larger+VIX GM paper,GM paper,gross,ok,optimal,uncapped,False,,0.9976959999999999,0.19187441634829913,0.26050321883746086,-0.5520914247311169,1.1553655023438945,-0.7654708337636172,0.5120642789264372,False
larger+VIX,cpcv_02_06,cpcv,larger+VIX GM paper,GM paper,full_cost_net,ok,optimal,uncapped,False,,0.9976959999999999,-2.8599241646808884,-2.275745121766581,-1.0,7.220351805746323,-1.0,0.0,True
larger+VIX,cpcv_02_06,cpcv,larger+VIX Equal premium capped,Equal premium capped,gross,ok,reference,hard,False,2.014141775,0.9449669999999999,0.7888989374954294,2.0729653851895224,0.32157038025738927,1.8657284697984056,-0.767719856563152,1.261561945987503,False
larger+VIX,cpcv_02_06,cpcv,larger+VIX Equal premium capped,Equal premium capped,full_cost_net,ok,reference,hard,False,2.014141775,0.9449669999999999,0.2390115368560321,0.47660743709357034,-0.5554838622167988,1.8069905188069226,-0.845943260364957,0.5088302749816218,False
larger+VIX,cpcv_02_06,cpcv,larger+VIX Equal risk capped,Equal risk capped,gross,ok,reference,hard,False,2.014141775,0.9423969999999999,0.83431867378911,2.2699113378334923,0.47690009005958234,1.8143039567011954,-0.7521906572301174,1.3839676249214852,False
larger+VIX,cpcv_02_06,cpcv,larger+VIX Equal risk capped,Equal risk capped,full_cost_net,ok,reference,hard,False,2.014141775,0.9423969999999999,0.0491090566454978,0.09373720106111294,-0.5822561411701797,1.5631949154939366,-0.8504620805719116,0.48316084089741956,False
larger+VIX,cpcv_02_07,cpcv,larger+VIX E1 capped,E1 capped,gross,ok,optimal,hard,False,2.001745325,0.873947,2.25707174829501,8.280169934423446,2.396512691348077,0.6432766599489493,-0.14793667242970232,2.7703057371527313,False
larger+VIX,cpcv_02_07,cpcv,larger+VIX E1 capped,E1 capped,full_cost_net,ok,optimal,hard,False,2.001745325,0.873947,1.0851061417603487,2.2351388039206395,0.6898833081548579,0.67371896730674,-0.21628089476853707,1.5483908521524996,False
larger+VIX,cpcv_02_07,cpcv,larger+VIX GM paper,GM paper,gross,ok,optimal,uncapped,False,,0.9949920000000001,-0.16505268430095704,-0.19574031377074327,-0.8766312552029144,1.1962846664351416,-0.906981942356191,0.17485214124378967,False
larger+VIX,cpcv_02_07,cpcv,larger+VIX GM paper,GM paper,full_cost_net,ok,optimal,uncapped,False,,0.9949920000000001,-3.1446337562066766,-2.394935760448615,-1.0,10.077306323716018,-1.0,0.0,True
larger+VIX,cpcv_02_07,cpcv,larger+VIX Equal premium capped,Equal premium capped,gross,ok,reference,hard,False,2.001745325,0.95678,0.07756095158091462,0.14011886193361353,-0.2941393313414977,1.0179271684027034,-0.5802717943177464,0.7480532015646978,False
larger+VIX,cpcv_02_07,cpcv,larger+VIX Equal premium capped,Equal premium capped,full_cost_net,ok,reference,hard,False,2.001745325,0.95678,-0.7185538219588808,-0.9982419991538386,-0.729151393566142,1.0486809751722512,-0.7262054150359668,0.33672252635621064,False
larger+VIX,cpcv_02_07,cpcv,larger+VIX Equal risk capped,Equal risk capped,gross,ok,reference,hard,False,2.001745325,0.939951,0.2655702404908929,0.5074756422355048,-0.1393947180658791,1.022192827473144,-0.6235082382242592,0.8824091565334926,False
larger+VIX,cpcv_02_07,cpcv,larger+VIX Equal risk capped,Equal risk capped,full_cost_net,ok,reference,hard,False,2.001745325,0.939951,-0.6223825696932108,-0.8989863160143701,-0.7032333432952058,1.0717442936679857,-0.8125413122263405,0.36336736541552433,False
larger+VIX,cpcv_02_08,cpcv,larger+VIX E1 capped,E1 capped,gross,ok,optimal,hard,False,2.0235266000000003,0.8749089999999999,1.3828108807948485,4.705409777146061,1.0911504754298171,0.6737285084127838,-0.16073982422543032,1.8492164047574553,False
larger+VIX,cpcv_02_08,cpcv,larger+VIX E1 capped,E1 capped,full_cost_net,ok,optimal,hard,False,2.0235266000000003,0.8749089999999999,0.6483736333191837,1.5095938788962915,0.2914049345236416,0.6783201972208678,-0.2922066727675853,1.2375194533593163,False
larger+VIX,cpcv_02_08,cpcv,larger+VIX GM paper,GM paper,gross,ok,optimal,uncapped,False,,1.000049,-0.2448652098228609,-0.2899023499090101,-0.7455836848635955,1.0626234896082651,-0.8062612831100684,0.3196103233428644,False
larger+VIX,cpcv_02_08,cpcv,larger+VIX GM paper,GM paper,full_cost_net,ok,optimal,uncapped,False,,1.000049,-3.402162463018386,-2.491534869784223,-1.0,4.172658843888652,-1.0,0.0,True
larger+VIX,cpcv_02_08,cpcv,larger+VIX Equal premium capped,Equal premium capped,gross,ok,reference,hard,False,2.0235266000000003,0.9565079999999999,-0.33043122142329595,-0.5755658251731959,-0.6000256426640596,1.1417514945543303,-0.7659265836034299,0.4659723255627626,False
larger+VIX,cpcv_02_08,cpcv,larger+VIX Equal premium capped,Equal premium capped,full_cost_net,ok,reference,hard,False,2.0235266000000003,0.9565079999999999,-0.9029381271461916,-1.266732638766107,-0.8143779184115947,1.1448909240492566,-0.8446442218233535,0.24576763981327854,False
larger+VIX,cpcv_02_08,cpcv,larger+VIX Equal risk capped,Equal risk capped,gross,ok,reference,hard,False,2.0235266000000003,0.9505950000000001,-0.49748462556892237,-0.8545877435822464,-0.6434882738898591,1.0862643713485018,-0.7796334788383402,0.42337789803256554,False
larger+VIX,cpcv_02_08,cpcv,larger+VIX Equal risk capped,Equal risk capped,full_cost_net,ok,reference,hard,False,2.0235266000000003,0.9505950000000001,-1.0597121602541582,-1.461539242900645,-0.831867257213921,1.1033735084152023,-0.8686279001753485,0.2263133889963327,False
larger+VIX,cpcv_02_09,cpcv,larger+VIX E1 capped,E1 capped,gross,ok,optimal,hard,False,2.02678285,0.8632340000000001,2.6491408718992497,14.807908711470324,5.806053173458749,0.89574443886969,-0.13772778079575798,4.94401122534178,False
larger+VIX,cpcv_02_09,cpcv,larger+VIX E1 capped,E1 capped,full_cost_net,ok,optimal,hard,False,2.02678285,0.8632340000000001,2.1571936521824377,8.261997971648512,3.571383302210168,0.8908293396250581,-0.19364864281594696,3.5484582352121325,False
larger+VIX,cpcv_02_09,cpcv,larger+VIX GM paper,GM paper,gross,ok,optimal,uncapped,False,,0.9922219999999999,-0.015403638411112305,-0.01944751708296623,-0.6042452390077755,1.0645792992370773,-0.749333666834509,0.46187216515264323,False
larger+VIX,cpcv_02_09,cpcv,larger+VIX GM paper,GM paper,full_cost_net,ok,optimal,uncapped,False,,0.9922219999999999,-3.083751014665283,-2.370391577527881,-1.0,8.119789106523807,-1.0,0.0,True
larger+VIX,cpcv_02_09,cpcv,larger+VIX Equal premium capped,Equal premium capped,gross,ok,reference,hard,False,2.02678285,0.946806,0.7808821396616495,2.006705860975488,0.45205455518855975,1.4032132588247879,-0.5205752068168565,1.364538450720367,False
larger+VIX,cpcv_02_09,cpcv,larger+VIX Equal premium capped,Equal premium capped,full_cost_net,ok,reference,hard,False,2.02678285,0.946806,0.385144136612532,0.8081329829938948,-0.192725227272737,1.4018387820795506,-0.6013382099875584,0.8365999177030462,False
larger+VIX,cpcv_02_09,cpcv,larger+VIX Equal risk capped,Equal risk capped,gross,ok,reference,hard,False,2.02678285,0.9370609999999999,1.106770361092934,3.152236711081861,1.245635775181261,1.4319530641145688,-0.5282542592802567,1.9623784471102936,False
larger+VIX,cpcv_02_09,cpcv,larger+VIX Equal risk capped,Equal risk capped,full_cost_net,ok,reference,hard,False,2.02678285,0.9370609999999999,0.735802698219487,1.7297436371394486,0.3297779545068542,1.3998452462017257,-0.6018076155612739,1.2680876530846692,False
larger+VIX,cpcv_02_10,cpcv,larger+VIX E1 capped,E1 capped,gross,ok,optimal,hard,False,2.031355925,0.868638,1.9810987184519526,18.09191298990822,3.0286214114438703,0.8825664721013909,-0.10583188664493026,3.193721538342178,False
larger+VIX,cpcv_02_10,cpcv,larger+VIX E1 capped,E1 capped,full_cost_net,ok,optimal,hard,False,2.031355925,0.868638,1.5411133732131697,7.809454158230117,1.823813261316546,0.8840584117588397,-0.22331019804802898,2.3751806392053294,False
larger+VIX,cpcv_02_10,cpcv,larger+VIX GM paper,GM paper,gross,ok,optimal,uncapped,False,,0.991898,0.4861846027069942,0.6945154320831338,-0.12881702328285505,1.001618150350288,-0.6387394531568117,0.8914380149864836,False
larger+VIX,cpcv_02_10,cpcv,larger+VIX GM paper,GM paper,full_cost_net,ok,optimal,uncapped,False,,0.991898,-3.337510142033062,-2.468544416426362,-1.0,3.272097256527778,-1.0,0.0,True
larger+VIX,cpcv_02_10,cpcv,larger+VIX Equal premium capped,Equal premium capped,gross,ok,reference,hard,False,2.031355925,0.944531,0.38157618305824464,0.8613770851438514,-0.1351210135450035,1.3386539965576476,-0.645868225871089,0.8860592991315335,False
larger+VIX,cpcv_02_10,cpcv,larger+VIX Equal premium capped,Equal premium capped,full_cost_net,ok,reference,hard,False,2.031355925,0.944531,0.009659869141975495,0.018234165734646562,-0.5080297756480823,1.350443209040792,-0.7132195118308345,0.5537099769576612,False
larger+VIX,cpcv_02_10,cpcv,larger+VIX Equal risk capped,Equal risk capped,gross,ok,reference,hard,False,2.031355925,0.943792,0.36995012154578283,0.7990004075372398,-0.11742232342006875,1.2443643399847693,-0.6717144665726933,0.9011438338957127,False
larger+VIX,cpcv_02_10,cpcv,larger+VIX Equal risk capped,Equal risk capped,full_cost_net,ok,reference,hard,False,2.031355925,0.943792,0.0823796169885617,0.15702437862077237,-0.39283479620874207,1.2317067158770216,-0.7189535773037978,0.6598153205542333,False
larger+VIX,cpcv_02_11,cpcv,larger+VIX E1 capped,E1 capped,gross,ok,optimal,hard,False,2.061319725,0.8954850000000001,1.4774885973023781,6.260221982371756,2.145815033234884,1.094834446581575,-0.2418195809431457,2.5988286922340182,False
larger+VIX,cpcv_02_11,cpcv,larger+VIX E1 capped,E1 capped,full_cost_net,ok,optimal,hard,False,2.061319725,0.8954850000000001,1.1366437075737597,3.7940949815630196,1.2062032198857788,1.0920266097158526,-0.3023457090262698,1.9336205889775253,False
larger+VIX,cpcv_02_11,cpcv,larger+VIX GM paper,GM paper,gross,ok,optimal,uncapped,False,,1.001795,0.5536897186219809,1.0746007781957627,0.12693822478637928,0.9855277622592866,-0.4758290022093936,1.104714594864257,False
larger+VIX,cpcv_02_11,cpcv,larger+VIX GM paper,GM paper,full_cost_net,ok,optimal,uncapped,False,,1.001795,-2.5891549154124625,-2.156681172245073,-1.0,1.896160214493749,-1.0,0.0,True
larger+VIX,cpcv_02_11,cpcv,larger+VIX Equal premium capped,Equal premium capped,gross,ok,reference,hard,False,2.061319725,0.936947,0.6645553512465978,1.8488392728571776,-0.03489715211793887,2.1091726508102746,-0.7304663758815482,0.9708332997792947,False
larger+VIX,cpcv_02_11,cpcv,larger+VIX Equal premium capped,Equal premium capped,full_cost_net,ok,reference,hard,False,2.061319725,0.936947,0.5012025868577185,1.2646530576906412,-0.3398526820453376,2.103022477571746,-0.7896460872369886,0.7074580933694072,False
larger+VIX,cpcv_02_11,cpcv,larger+VIX Equal risk capped,Equal risk capped,gross,ok,reference,hard,False,2.061319725,0.937424,0.6892745586462227,1.9295482944140874,0.07364756005875872,2.0108226495837367,-0.706063935624003,1.061006679284371,False
larger+VIX,cpcv_02_11,cpcv,larger+VIX Equal risk capped,Equal risk capped,full_cost_net,ok,reference,hard,False,2.061319725,0.937424,0.5239674175182587,1.3315868993628388,-0.2519501033270297,2.0064259979258514,-0.7679254216603525,0.785131025464082,False
larger+VIX,cpcv_03_04,cpcv,larger+VIX E1 capped,E1 capped,gross,ok,optimal,hard,False,2.0267669250000004,0.8694470000000001,1.8788355165255928,7.419373987056991,2.717783340875673,0.8939197285241034,-0.26184285744241254,2.9870103735973763,False
larger+VIX,cpcv_03_04,cpcv,larger+VIX E1 capped,E1 capped,full_cost_net,ok,optimal,hard,False,2.0267669250000004,0.8694470000000001,1.2367485650224743,3.5406455666005843,1.1973265247804035,0.9143936527200862,-0.3958259282852773,1.9271351164429245,False
larger+VIX,cpcv_03_04,cpcv,larger+VIX GM paper,GM paper,gross,ok,optimal,uncapped,False,,1.000349,1.4314774540502648,3.986648690916266,0.7986820431820876,0.48661518308923185,-0.15483976528455412,1.6310301875276696,False
larger+VIX,cpcv_03_04,cpcv,larger+VIX GM paper,GM paper,full_cost_net,ok,optimal,uncapped,False,,1.000349,-2.504673218350025,-2.1005524748621807,-1.0,8.356516216831793,-1.0,0.0,True
larger+VIX,cpcv_03_04,cpcv,larger+VIX Equal premium capped,Equal premium capped,gross,ok,reference,hard,False,2.0267669250000004,0.942359,0.21573573294322332,0.377183122076805,-0.36981303157127754,1.3143668355024747,-0.7310221936831552,0.680598804389018,False
larger+VIX,cpcv_03_04,cpcv,larger+VIX Equal premium capped,Equal premium capped,full_cost_net,ok,reference,hard,False,2.0267669250000004,0.942359,-0.25798691919577926,-0.39045220072077574,-0.7006168141142959,1.3396226165914868,-0.8402532603374386,0.36603518855233314,False
larger+VIX,cpcv_03_04,cpcv,larger+VIX Equal risk capped,Equal risk capped,gross,ok,reference,hard,False,2.0267669250000004,0.939138,0.34023582045600365,0.6132176384777187,-0.21849251229281164,1.2551224583377862,-0.6745119257446697,0.814287221455651,False
larger+VIX,cpcv_03_04,cpcv,larger+VIX Equal risk capped,Equal risk capped,full_cost_net,ok,reference,hard,False,2.0267669250000004,0.939138,-0.24938679015345935,-0.3757227364483304,-0.6819096521266096,1.3030615271632675,-0.8240411815163605,0.38499823859318116,False
larger+VIX,cpcv_03_05,cpcv,larger+VIX E1 capped,E1 capped,gross,ok,optimal,hard,False,2.016909325,0.883188,0.3958040183282752,0.7567020253638977,-0.00461512312150314,0.9636905572201361,-0.4300193611486083,0.9961525822817524,False
larger+VIX,cpcv_03_05,cpcv,larger+VIX E1 capped,E1 capped,full_cost_net,ok,optimal,hard,False,2.016909325,0.883188,-0.287671894874937,-0.4415681929317454,-0.521877878942013,0.993941597219479,-0.6634717122727767,0.5406908637687724,False
larger+VIX,cpcv_03_05,cpcv,larger+VIX GM paper,GM paper,gross,ok,optimal,uncapped,False,,1.006761,1.5287987704860189,4.465916455426313,0.8172968491000776,0.4552124737085667,-0.13986000236552165,1.6450845664239273,False
larger+VIX,cpcv_03_05,cpcv,larger+VIX GM paper,GM paper,full_cost_net,ok,optimal,uncapped,False,,1.006761,-2.961438369979943,-2.318977893467007,-1.0,8.778800320198306,-1.0,0.0,True
larger+VIX,cpcv_03_05,cpcv,larger+VIX Equal premium capped,Equal premium capped,gross,ok,reference,hard,False,2.016909325,0.945902,-0.30781015239568055,-0.46449376424636923,-0.6392883919673864,1.1834977671295814,-0.7987092884177415,0.4275301679919689,False
larger+VIX,cpcv_03_05,cpcv,larger+VIX Equal premium capped,Equal premium capped,full_cost_net,ok,reference,hard,False,2.016909325,0.945902,-0.9020280870452685,-1.1465892500751966,-0.8451291240676225,1.1890703737159354,-0.8917607352980973,0.21133663863116076,False
larger+VIX,cpcv_03_05,cpcv,larger+VIX Equal risk capped,Equal risk capped,gross,ok,reference,hard,False,2.016909325,0.95833,-0.24891459906047336,-0.3837763404164888,-0.5669550889338376,1.1078917712280625,-0.7629951503450206,0.4978640673348547,False
larger+VIX,cpcv_03_05,cpcv,larger+VIX Equal risk capped,Equal risk capped,full_cost_net,ok,reference,hard,False,2.016909325,0.95833,-0.9646545100784315,-1.198046339053941,-0.8480386127646817,1.1563105010594286,-0.8917289850837291,0.20802284960137107,False
larger+VIX,cpcv_03_06,cpcv,larger+VIX E1 capped,E1 capped,gross,ok,optimal,hard,False,2.0098605000000003,0.8598859999999999,1.9791318073119595,8.598418189680228,4.001363508350711,1.0819962638304774,-0.24469538739160057,3.824491360439273,False
larger+VIX,cpcv_03_06,cpcv,larger+VIX E1 capped,E1 capped,full_cost_net,ok,optimal,hard,False,2.0098605000000003,0.8598859999999999,1.4256183273820482,4.450251207568272,1.8317012515710225,1.0571817012422866,-0.4415609583175881,2.380708343374026,False
larger+VIX,cpcv_03_06,cpcv,larger+VIX GM paper,GM paper,gross,ok,optimal,uncapped,False,,0.9986419999999999,1.8521691544826575,13.213008334524606,1.549514951801258,0.5976180306271787,-0.062438194331346786,2.181296166163017,False
larger+VIX,cpcv_03_06,cpcv,larger+VIX GM paper,GM paper,full_cost_net,ok,optimal,uncapped,False,,0.9986419999999999,-3.025656471548399,-2.3463281918974257,-1.0,7.967742764320164,-1.0,0.0,True
larger+VIX,cpcv_03_06,cpcv,larger+VIX Equal premium capped,Equal premium capped,gross,ok,reference,hard,False,2.0098605000000003,0.940572,0.6389997488849479,1.554856744126631,-0.04997279163127,1.923223486070399,-0.8631844584321571,0.9581791202751059,False
larger+VIX,cpcv_03_06,cpcv,larger+VIX Equal premium capped,Equal premium capped,full_cost_net,ok,reference,hard,False,2.0098605000000003,0.940572,0.18721907897465995,0.3694224578926491,-0.6133837415779478,1.8456113931593,-0.9184693502008243,0.45296720625237435,False
larger+VIX,cpcv_03_06,cpcv,larger+VIX Equal risk capped,Equal risk capped,gross,ok,reference,hard,False,2.0098605000000003,0.947677,0.7161369999591088,1.806089908809406,0.16229079924029421,1.838100749330393,-0.8222871137966147,1.1335195109936227,False
larger+VIX,cpcv_03_06,cpcv,larger+VIX Equal risk capped,Equal risk capped,full_cost_net,ok,reference,hard,False,2.0098605000000003,0.947677,-0.11911330921772742,-0.210698017769814,-0.7175491081218662,1.6170125636855213,-0.9107897881652888,0.34870041053474826,False
larger+VIX,cpcv_03_07,cpcv,larger+VIX E1 capped,E1 capped,gross,ok,optimal,hard,False,1.9997207000000001,0.880364,2.0679027499759246,6.428337382359443,2.3596720627059216,0.7177724394784255,-0.25126472092928587,2.7452426661474454,False
larger+VIX,cpcv_03_07,cpcv,larger+VIX E1 capped,E1 capped,full_cost_net,ok,optimal,hard,False,1.9997207000000001,0.880364,0.9205746657038392,1.8694319239828259,0.566880340543171,0.7792837976540855,-0.41276513067047016,1.4538843430139041,False
larger+VIX,cpcv_03_07,cpcv,larger+VIX GM paper,GM paper,gross,ok,optimal,uncapped,False,,1.0004339999999998,1.3656769880201443,3.872179867612841,0.7421383795832246,0.4869403364800421,-0.13777597417812637,1.5881890852515497,False
larger+VIX,cpcv_03_07,cpcv,larger+VIX GM paper,GM paper,full_cost_net,ok,optimal,uncapped,False,,1.0004339999999998,-2.9268462571314338,-2.303911322414083,-1.0,10.22975350236022,-1.0,0.0,True
larger+VIX,cpcv_03_07,cpcv,larger+VIX Equal premium capped,Equal premium capped,gross,ok,reference,hard,False,1.9997207000000001,0.950908,-0.170279855300128,-0.2721085294113657,-0.4977057493211007,1.0647454512190744,-0.7519132023705004,0.563376212798997,False
larger+VIX,cpcv_03_07,cpcv,larger+VIX Equal premium capped,Equal premium capped,full_cost_net,ok,reference,hard,False,1.9997207000000001,0.950908,-0.813291508782509,-1.0938707304408648,-0.7782505541908105,1.089290837224373,-0.8561686830223849,0.28502663959912167,False
larger+VIX,cpcv_03_07,cpcv,larger+VIX Equal risk capped,Equal risk capped,gross,ok,reference,hard,False,1.9997207000000001,0.9482950000000001,0.07715530992145762,0.12844216188852964,-0.3195995809117629,1.0289048188976422,-0.729842330103482,0.7254995438255523,False
larger+VIX,cpcv_03_07,cpcv,larger+VIX Equal risk capped,Equal risk capped,full_cost_net,ok,reference,hard,False,1.9997207000000001,0.9482950000000001,-0.8731312880527522,-1.1366855310704198,-0.8082569236244982,1.1170347178271047,-0.8928766649171751,0.2525029225727116,False
larger+VIX,cpcv_03_08,cpcv,larger+VIX E1 capped,E1 capped,gross,ok,optimal,hard,False,2.03299725,0.874611,1.457890541122307,5.195444303055529,1.3890971316887022,0.7701003794332801,-0.23891334053721425,2.0663069625092074,False
larger+VIX,cpcv_03_08,cpcv,larger+VIX E1 capped,E1 capped,full_cost_net,ok,optimal,hard,False,2.03299725,0.874611,0.7230345480937544,1.8118970018046594,0.3861725046909732,0.7936709639904985,-0.39572266016711977,1.312747097774336,False
larger+VIX,cpcv_03_08,cpcv,larger+VIX GM paper,GM paper,gross,ok,optimal,uncapped,False,,0.9992999999999999,2.014990109500568,8.569144683553539,0.7589188934400912,0.30621726345755895,-0.08232895205771595,1.6009269352341005,False
larger+VIX,cpcv_03_08,cpcv,larger+VIX GM paper,GM paper,full_cost_net,ok,optimal,uncapped,False,,0.9992999999999999,-4.286392895968315,-2.7491018643516276,-1.0,3.485217154286391,-1.0,0.0,True
larger+VIX,cpcv_03_08,cpcv,larger+VIX Equal premium capped,Equal premium capped,gross,ok,reference,hard,False,2.03299725,0.950885,-0.641195725768267,-0.9702111523342124,-0.7316135931293986,1.1284318272307592,-0.8628088420358077,0.3341697215080545,False
larger+VIX,cpcv_03_08,cpcv,larger+VIX Equal premium capped,Equal premium capped,full_cost_net,ok,reference,hard,False,2.03299725,0.950885,-1.1692930642416055,-1.4971468744170142,-0.8748073355114231,1.14948435293567,-0.9210304772355083,0.17700372342746468,False
larger+VIX,cpcv_03_08,cpcv,larger+VIX Equal risk capped,Equal risk capped,gross,ok,reference,hard,False,2.03299725,0.9429000000000001,-0.6777733033580001,-1.0314036413912218,-0.7012957268879947,1.0428896671141428,-0.8333112507819171,0.3653433411701291,False
larger+VIX,cpcv_03_08,cpcv,larger+VIX Equal risk capped,Equal risk capped,full_cost_net,ok,reference,hard,False,2.03299725,0.9429000000000001,-1.2414936520785544,-1.5668526033702639,-0.8668925838455342,1.086994499939314,-0.9103181477381344,0.1862809929642145,False
larger+VIX,cpcv_03_09,cpcv,larger+VIX E1 capped,E1 capped,gross,ok,optimal,hard,False,2.0369383500000002,0.874773,2.4491767104562077,9.68576337666502,4.374066401222951,0.8517988203685163,-0.23645271544360935,4.060559296060837,False
larger+VIX,cpcv_03_09,cpcv,larger+VIX E1 capped,E1 capped,full_cost_net,ok,optimal,hard,False,2.0369383500000002,0.874773,1.8833567277712622,5.656477727012189,2.51933327658905,0.8632480633511477,-0.35819814979067055,2.8535380193745747,False
larger+VIX,cpcv_03_09,cpcv,larger+VIX GM paper,GM paper,gross,ok,optimal,uncapped,False,,0.99842,2.1506315801582754,12.033530413701431,1.1955134954540574,0.40891796355877,-0.05522360272782123,1.925809948198688,False
larger+VIX,cpcv_03_09,cpcv,larger+VIX GM paper,GM paper,full_cost_net,ok,optimal,uncapped,False,,0.99842,-2.9806110271285844,-2.327227200666824,-1.0,8.030956283422018,-1.0,0.0,True
larger+VIX,cpcv_03_09,cpcv,larger+VIX Equal premium capped,Equal premium capped,gross,ok,reference,hard,False,2.0369383500000002,0.9483640000000001,0.5561853041526351,1.2267954001668167,0.0002398558174514509,1.460736722232408,-0.7303378303745642,1.0001998758530535,False
larger+VIX,cpcv_03_09,cpcv,larger+VIX Equal premium capped,Equal premium capped,full_cost_net,ok,reference,hard,False,2.0369383500000002,0.9483640000000001,0.20366293588314557,0.3860920146002217,-0.4363353050731913,1.4696489601089195,-0.803055554500907,0.620179435522503,False
larger+VIX,cpcv_03_09,cpcv,larger+VIX Equal risk capped,Equal risk capped,gross,ok,reference,hard,False,2.0369383500000002,0.940191,0.8136190971170854,1.9032147829769575,0.4713287281122842,1.3744567336617646,-0.6671053678302663,1.37961559727141,False
larger+VIX,cpcv_03_09,cpcv,larger+VIX Equal risk capped,Equal risk capped,full_cost_net,ok,reference,hard,False,2.0369383500000002,0.940191,0.39831279151780774,0.7751434865594916,-0.20516123451060164,1.388278538210315,-0.7604797887259893,0.8258462481831271,False
larger+VIX,cpcv_03_10,cpcv,larger+VIX E1 capped,E1 capped,gross,ok,optimal,hard,False,2.037780725,0.8660490000000001,1.7758805496619974,7.430049564981036,2.3216195293874318,0.8653455417866623,-0.22263799236223336,2.719306981696757,False
larger+VIX,cpcv_03_10,cpcv,larger+VIX E1 capped,E1 capped,full_cost_net,ok,optimal,hard,False,2.037780725,0.8660490000000001,1.3388916152868413,4.351157145694377,1.3423596189681941,0.8716133502741226,-0.33361239736527737,2.032565939669132,False
larger+VIX,cpcv_03_10,cpcv,larger+VIX GM paper,GM paper,gross,ok,optimal,uncapped,False,,0.9954400000000001,2.0577093327158495,28.11693830718099,1.6761772440830476,0.5502206223973399,-0.036642151879007434,2.271236686555093,False
larger+VIX,cpcv_03_10,cpcv,larger+VIX GM paper,GM paper,full_cost_net,ok,optimal,uncapped,False,,0.9954400000000001,-3.8794755390954307,-2.643203442584434,-1.0,3.41299860678,-1.0,0.0,True
larger+VIX,cpcv_03_10,cpcv,larger+VIX Equal premium capped,Equal premium capped,gross,ok,reference,hard,False,2.037780725,0.950843,0.16616995704670418,0.33222172963783225,-0.38599654305482445,1.361646218984535,-0.7907831102564686,0.6660022252668505,False
larger+VIX,cpcv_03_10,cpcv,larger+VIX Equal premium capped,Equal premium capped,full_cost_net,ok,reference,hard,False,2.037780725,0.950843,-0.18237384761675185,-0.31557443303395677,-0.653722081368971,1.3859873176405124,-0.8543240727926843,0.41322570761697575,False
larger+VIX,cpcv_03_10,cpcv,larger+VIX Equal risk capped,Equal risk capped,gross,ok,reference,hard,False,2.037780725,0.9455700000000001,0.07835415817574652,0.14586706785873005,-0.33323817167960557,1.1046164070052298,-0.7341510944467511,0.7133603072039754,False
larger+VIX,cpcv_03_10,cpcv,larger+VIX Equal risk capped,Equal risk capped,full_cost_net,ok,reference,hard,False,2.037780725,0.9455700000000001,-0.2899875008424599,-0.46931937995456724,-0.5833045137427926,1.1216165238248321,-0.7994103457210213,0.4821501765080606,False
larger+VIX,cpcv_03_11,cpcv,larger+VIX E1 capped,E1 capped,gross,ok,optimal,hard,False,2.054469375,0.9046890000000001,1.2985652606711033,4.442188932884965,1.7682788159371867,1.2267928018403755,-0.3315148123982292,2.336190164027501,False
larger+VIX,cpcv_03_11,cpcv,larger+VIX E1 capped,E1 capped,full_cost_net,ok,optimal,hard,False,2.054469375,0.9046890000000001,1.0028976754689145,2.905136540024822,0.9501018449271115,1.2261139811174344,-0.4404616585835929,1.7446744898447761,False
larger+VIX,cpcv_03_11,cpcv,larger+VIX GM paper,GM paper,gross,ok,optimal,uncapped,False,,1.0059170000000002,1.5331384732868951,7.123257249052946,1.9626604531374836,0.9466900258304896,-0.13856570851937333,2.472112517446557,False
larger+VIX,cpcv_03_11,cpcv,larger+VIX GM paper,GM paper,full_cost_net,ok,optimal,uncapped,False,,1.0059170000000002,-2.80891193107147,-2.2866209257245305,-1.0,1.2265314161739946,-1.0,0.0,True
larger+VIX,cpcv_03_11,cpcv,larger+VIX Equal premium capped,Equal premium capped,gross,ok,reference,hard,False,2.054469375,0.9418230000000001,0.34886412179472787,0.8335818503324429,-0.46116714674688875,1.9884696384784573,-0.8201821614723303,0.5973264179910667,False
larger+VIX,cpcv_03_11,cpcv,larger+VIX Equal premium capped,Equal premium capped,full_cost_net,ok,reference,hard,False,2.054469375,0.9418230000000001,0.1639558340363487,0.35627406938281103,-0.6505226870712651,1.9910609742367151,-0.8705871524383456,0.41640489215202364,False
larger+VIX,cpcv_03_11,cpcv,larger+VIX Equal risk capped,Equal risk capped,gross,ok,reference,hard,False,2.054469375,0.9462079999999999,0.3466352806412035,0.8200887123158012,-0.43078335919238353,1.9133213107436202,-0.812635932067375,0.6252657738533114,False
larger+VIX,cpcv_03_11,cpcv,larger+VIX Equal risk capped,Equal risk capped,full_cost_net,ok,reference,hard,False,2.054469375,0.9462079999999999,0.16344488168391122,0.35243121650508685,-0.6210866253598821,1.9147361980406092,-0.8621000619794459,0.4454339133090096,False
larger+VIX,cpcv_04_05,cpcv,larger+VIX E1 capped,E1 capped,gross,ok,optimal,hard,False,2.0056811000000003,0.871343,1.4534041783276574,3.6989970650315147,1.9310478531114366,1.10845192897577,-0.3222687399051105,2.4501109848090477,False
larger+VIX,cpcv_04_05,cpcv,larger+VIX E1 capped,E1 capped,full_cost_net,ok,optimal,hard,False,2.0056811000000003,0.871343,0.8843577630204844,1.8201656531714545,0.5811318944458903,1.1257254911638725,-0.4499569421092061,1.4648958525569933,False
larger+VIX,cpcv_04_05,cpcv,larger+VIX GM paper,GM paper,gross,ok,optimal,uncapped,False,,0.99451,2.0035298584637093,6.609648917428454,1.7972335697277,0.6106273117868027,-0.12296555782563168,2.356535263533182,False
larger+VIX,cpcv_04_05,cpcv,larger+VIX GM paper,GM paper,full_cost_net,ok,optimal,uncapped,False,,0.99451,-1.9880169978880833,-1.7938346870926911,-1.0,5.4325381990055455,-1.0,0.0,True
larger+VIX,cpcv_04_05,cpcv,larger+VIX Equal premium capped,Equal premium capped,gross,ok,reference,hard,False,2.0056811000000003,0.9437880000000001,1.0124957928230738,1.8294780808836797,0.7259181770660132,1.1204932865906645,-0.37204500346658165,1.575857110179241,False
larger+VIX,cpcv_04_05,cpcv,larger+VIX Equal premium capped,Equal premium capped,full_cost_net,ok,reference,hard,False,2.0056811000000003,0.9437880000000001,0.3391764658143812,0.5140989808354545,-0.22941576338689007,1.1396633425660236,-0.5569582886139888,0.8047915983164122,False
larger+VIX,cpcv_04_05,cpcv,larger+VIX Equal risk capped,Equal risk capped,gross,ok,reference,hard,False,2.0056811000000003,0.941693,1.075483569292748,2.044061399238026,0.8751968820441831,1.1026332711457516,-0.34564678901553414,1.6886477286198047,False
larger+VIX,cpcv_04_05,cpcv,larger+VIX Equal risk capped,Equal risk capped,full_cost_net,ok,reference,hard,False,2.0056811000000003,0.941693,0.3403243827255261,0.5316568587831587,-0.2039985756500129,1.1258559859878978,-0.5497801552678033,0.8268528050301075,False
larger+VIX,cpcv_04_06,cpcv,larger+VIX E1 capped,E1 capped,gross,ok,optimal,hard,False,1.9960474250000002,0.8553029999999999,3.1766252509911412,30.067688144778796,13.525821004775656,1.0644788462411805,-0.10204470235865393,9.29930674582446,False
larger+VIX,cpcv_04_06,cpcv,larger+VIX E1 capped,E1 capped,full_cost_net,ok,optimal,hard,False,1.9960474250000002,0.8553029999999999,2.5753271744418478,14.364591404934016,7.180473191537391,1.0415971592453337,-0.1942619787175961,5.76300090946071,False
larger+VIX,cpcv_04_06,cpcv,larger+VIX GM paper,GM paper,gross,ok,optimal,uncapped,False,,0.993012,2.845760599628597,13.040792307539744,3.997480129324831,0.6643897871589913,-0.13235084208371528,3.822016550186743,False
larger+VIX,cpcv_04_06,cpcv,larger+VIX GM paper,GM paper,full_cost_net,ok,optimal,uncapped,False,,0.993012,-3.159299449852607,-2.4076806491220535,-1.0,2.5880334458660266,-1.0,0.0,True
larger+VIX,cpcv_04_06,cpcv,larger+VIX Equal premium capped,Equal premium capped,gross,ok,reference,hard,False,1.9960474250000002,0.937337,1.5526363621004555,4.3677525507975865,3.5879876289042807,1.76294524682859,-0.521354936912791,3.559195676313535,False
larger+VIX,cpcv_04_06,cpcv,larger+VIX Equal premium capped,Equal premium capped,full_cost_net,ok,reference,hard,False,1.9960474250000002,0.937337,1.0527465800733078,2.3781870305481974,0.9052261816195097,1.7013725721591086,-0.670913729680227,1.7111527679617404,False
larger+VIX,cpcv_04_06,cpcv,larger+VIX Equal risk capped,Equal risk capped,gross,ok,reference,hard,False,1.9960474250000002,0.937013,1.6414050393379576,4.604980795380114,4.03359718002388,1.6768636707228832,-0.4694997086619349,3.8450209876759662,False
larger+VIX,cpcv_04_06,cpcv,larger+VIX Equal risk capped,Equal risk capped,full_cost_net,ok,reference,hard,False,1.9960474250000002,0.937013,0.7945457091507014,1.5879640419980017,0.2822570400035658,1.5102957217966986,-0.6784373275497033,1.2302099731420277,False
larger+VIX,cpcv_04_07,cpcv,larger+VIX E1 capped,E1 capped,gross,ok,optimal,hard,False,1.9829839750000002,0.871195,3.457000464198852,187.24899878485792,8.490157529012544,0.7762595880785991,-0.00989045692799051,6.522206093662328,False
larger+VIX,cpcv_04_07,cpcv,larger+VIX E1 capped,E1 capped,full_cost_net,ok,optimal,hard,False,1.9829839750000002,0.871195,2.3686673886065384,10.421861280564235,3.9070755582291357,0.8239935769927522,-0.17105504248341852,3.764312076675623,False
larger+VIX,cpcv_04_07,cpcv,larger+VIX GM paper,GM paper,gross,ok,optimal,uncapped,False,,0.997636,2.19590052703074,6.631719669684388,2.1293996259500547,0.6143086886346538,-0.15919292550588338,2.5875228197986098,False
larger+VIX,cpcv_04_07,cpcv,larger+VIX GM paper,GM paper,full_cost_net,ok,optimal,uncapped,False,,0.997636,-2.601283300222637,-2.1520401183714664,-1.0,5.64350188918217,-1.0,0.0,True
larger+VIX,cpcv_04_07,cpcv,larger+VIX Equal premium capped,Equal premium capped,gross,ok,reference,hard,False,1.9829839750000002,0.945532,1.421022289683994,2.960260912279759,1.470770853168407,0.926158569139761,-0.3664712672813014,2.1250071283287557,False
larger+VIX,cpcv_04_07,cpcv,larger+VIX Equal premium capped,Equal premium capped,full_cost_net,ok,reference,hard,False,1.9829839750000002,0.945532,0.59919863481483,1.0213536543273796,0.15186752809286985,0.9690726703890393,-0.4328764266018261,1.1250421131934316,False
larger+VIX,cpcv_04_07,cpcv,larger+VIX Equal risk capped,Equal risk capped,gross,ok,reference,hard,False,1.9829839750000002,0.939406,1.6929843968117881,3.709367256331254,2.1873238123754364,0.948183045681072,-0.3438535677612399,2.627373545595863,False
larger+VIX,cpcv_04_07,cpcv,larger+VIX Equal risk capped,Equal risk capped,full_cost_net,ok,reference,hard,False,1.9829839750000002,0.939406,0.5252780890180118,0.8889301962990122,0.03687669280870787,1.060346959619026,-0.5454853429723201,1.030637468378718,False
larger+VIX,cpcv_04_08,cpcv,larger+VIX E1 capped,E1 capped,gross,ok,optimal,hard,False,2.0066201500000003,0.8450709999999999,2.7813573467875994,136.87767917507674,5.517258739636688,0.8108037807981595,-0.01504005067314218,4.768562391379517,False
larger+VIX,cpcv_04_08,cpcv,larger+VIX E1 capped,E1 capped,full_cost_net,ok,optimal,hard,False,2.0066201500000003,0.8450709999999999,2.1662122605224043,20.765992504870052,3.2048369644532544,0.8125037682599475,-0.06170100823524216,3.3097178168097803,False
larger+VIX,cpcv_04_08,cpcv,larger+VIX GM paper,GM paper,gross,ok,optimal,uncapped,False,,0.9993810000000001,2.148811403517738,6.8951493462050895,1.4529003721291192,0.4758578846741384,-0.13511489880765692,2.112191339558533,False
larger+VIX,cpcv_04_08,cpcv,larger+VIX GM paper,GM paper,full_cost_net,ok,optimal,uncapped,False,,0.9993810000000001,-2.5009116421814825,-2.0982714957107507,-1.0,4.6608126011616156,-1.0,0.0,True
larger+VIX,cpcv_04_08,cpcv,larger+VIX Equal premium capped,Equal premium capped,gross,ok,reference,hard,False,2.0066201500000003,0.9348449999999999,0.6964748856145265,1.3403954620903717,0.2878428431071889,1.0739706326280112,-0.5133779455723795,1.2346742498865437,False
larger+VIX,cpcv_04_08,cpcv,larger+VIX Equal premium capped,Equal premium capped,full_cost_net,ok,reference,hard,False,2.0066201500000003,0.9348449999999999,0.03489736507292943,0.05459768292023442,-0.4155922531461601,1.1131124302462325,-0.6885534452512878,0.639140939755816,False
larger+VIX,cpcv_04_08,cpcv,larger+VIX Equal risk capped,Equal risk capped,gross,ok,reference,hard,False,2.0066201500000003,0.930442,0.7134542530819012,1.4263810969707054,0.3249494005155753,1.0638197215911545,-0.4947181167897219,1.2642493649729851,False
larger+VIX,cpcv_04_08,cpcv,larger+VIX Equal risk capped,Equal risk capped,full_cost_net,ok,reference,hard,False,2.0066201500000003,0.930442,0.0637426634438418,0.10349909715366552,-0.3782846132707114,1.0974966353061628,-0.6695925662340293,0.672965829649025,False
larger+VIX,cpcv_04_09,cpcv,larger+VIX E1 capped,E1 capped,gross,ok,optimal,hard,False,2.0157944,0.856741,4.214853607517183,286.5311668602048,19.352149093875525,0.8760404787308292,-0.01067623469235246,12.317102709223118,False
larger+VIX,cpcv_04_09,cpcv,larger+VIX E1 capped,E1 capped,full_cost_net,ok,optimal,hard,False,2.0157944,0.856741,3.6485788026877817,42.423113312973825,12.625995937746358,0.8753720293029504,-0.0613163164558409,8.816716559316596,False
larger+VIX,cpcv_04_09,cpcv,larger+VIX GM paper,GM paper,gross,ok,optimal,uncapped,False,,0.9997469999999999,2.8592641170375312,8.183044119001487,2.3652671472362004,0.4809427304532998,-0.15284928916821006,2.7490519998700593,False
larger+VIX,cpcv_04_09,cpcv,larger+VIX GM paper,GM paper,full_cost_net,ok,optimal,uncapped,False,,0.9997469999999999,-2.2012416270082613,-1.928159820864131,-1.0,4.972407885096446,-1.0,0.0,True
larger+VIX,cpcv_04_09,cpcv,larger+VIX Equal premium capped,Equal premium capped,gross,ok,reference,hard,False,2.0157944,0.931204,1.9003871468948037,5.65329027685291,4.394878296920291,1.2771002863431609,-0.3569237016032478,4.073659355173118,False
larger+VIX,cpcv_04_09,cpcv,larger+VIX Equal premium capped,Equal premium capped,full_cost_net,ok,reference,hard,False,2.0157944,0.931204,1.4397632352228096,3.589559625121982,2.1139683323920213,1.288323394044076,-0.4296317214830543,2.5768857253074446,False
larger+VIX,cpcv_04_09,cpcv,larger+VIX Equal risk capped,Equal risk capped,gross,ok,reference,hard,False,2.0157944,0.9330799999999999,2.2670014992938823,7.167233275868459,7.310696784131649,1.3073537428884603,-0.344258470437133,5.83935032648731,False
larger+VIX,cpcv_04_09,cpcv,larger+VIX Equal risk capped,Equal risk capped,full_cost_net,ok,reference,hard,False,2.0157944,0.9330799999999999,1.6871658338610516,4.262462928598193,3.1631826738540303,1.3208898824537443,-0.4417039195539827,3.2823726823801134,False
larger+VIX,cpcv_04_10,cpcv,larger+VIX E1 capped,E1 capped,gross,ok,optimal,hard,False,2.0213886500000005,0.8514409999999999,3.167650281772458,36.46927709778787,10.656781146178037,0.9575961820054484,-0.0757891337084603,7.741329189407662,False
larger+VIX,cpcv_04_10,cpcv,larger+VIX E1 capped,E1 capped,full_cost_net,ok,optimal,hard,False,2.0213886500000005,0.8514409999999999,2.7732009809620997,21.8352101781813,7.480492883401196,0.9574261090608923,-0.10457229214471131,5.93860233944196,False
larger+VIX,cpcv_04_10,cpcv,larger+VIX GM paper,GM paper,gross,ok,optimal,uncapped,False,,0.9977509999999999,2.11614162592337,9.180311302786393,2.07460606183489,0.6262331183967464,-0.12973291093167516,2.5497126143546023,False
larger+VIX,cpcv_04_10,cpcv,larger+VIX GM paper,GM paper,full_cost_net,ok,optimal,uncapped,False,,0.9977509999999999,-3.650910380429524,-2.5798551239185987,-1.0,1.3851937362182722,-1.0,0.0,True
larger+VIX,cpcv_04_10,cpcv,larger+VIX Equal premium capped,Equal premium capped,gross,ok,reference,hard,False,2.0213886500000005,0.938151,1.3756973007716609,3.493645442159131,1.8583477663785444,1.2160650472836843,-0.35894370190066394,2.39936262266707,False
larger+VIX,cpcv_04_10,cpcv,larger+VIX Equal premium capped,Equal premium capped,full_cost_net,ok,reference,hard,False,2.0213886500000005,0.938151,0.9583298637946613,2.0960646584918043,0.7289030201553501,1.2246963351902413,-0.42261069374308224,1.5781278864122332,False
larger+VIX,cpcv_04_10,cpcv,larger+VIX Equal risk capped,Equal risk capped,gross,ok,reference,hard,False,2.0213886500000005,0.936173,1.646702208016036,4.353819884428068,2.5285928791446692,1.0946266591611173,-0.31001311371342943,2.859793191038872,False
larger+VIX,cpcv_04_10,cpcv,larger+VIX Equal risk capped,Equal risk capped,full_cost_net,ok,reference,hard,False,2.0213886500000005,0.936173,1.286681314917468,2.9683273852106105,1.4182313799258908,1.0907851451635757,-0.35293515900477923,2.087283998321473,False
larger+VIX,cpcv_04_11,cpcv,larger+VIX E1 capped,E1 capped,gross,ok,optimal,hard,False,2.04689595,0.8836710000000001,2.6474177979655913,15.667540147136357,9.290045753533033,1.143137199714426,-0.12707367145856052,6.977198651361722,False
larger+VIX,cpcv_04_11,cpcv,larger+VIX E1 capped,E1 capped,full_cost_net,ok,optimal,hard,False,2.04689595,0.8836710000000001,2.2929232926859107,11.11617001241301,6.262204864349553,1.1420734113295934,-0.15653294642444604,5.218636891396393,False
larger+VIX,cpcv_04_11,cpcv,larger+VIX GM paper,GM paper,gross,ok,optimal,uncapped,False,,1.000906,2.102099447255604,19.88886301182199,4.046610405902515,0.9776942234713734,-0.08624998307824072,3.8533028975272154,False
larger+VIX,cpcv_04_11,cpcv,larger+VIX GM paper,GM paper,full_cost_net,ok,optimal,uncapped,False,,1.000906,-3.2983121529708592,-2.4648348265385147,-1.0,2.237220278874836,-1.0,0.0,True
larger+VIX,cpcv_04_11,cpcv,larger+VIX Equal premium capped,Equal premium capped,gross,ok,reference,hard,False,2.04689595,0.941456,1.1084895984730982,3.02467581343845,1.2928747902742015,1.8832704215250229,-0.5207432705041558,1.9967189950485922,False
larger+VIX,cpcv_04_11,cpcv,larger+VIX Equal premium capped,Equal premium capped,full_cost_net,ok,reference,hard,False,2.04689595,0.941456,0.8672964688184299,2.1177360780327636,0.41695369587758124,1.8948100915332666,-0.5957077451451323,1.3369947911214421,False
larger+VIX,cpcv_04_11,cpcv,larger+VIX Equal risk capped,Equal risk capped,gross,ok,reference,hard,False,2.04689595,0.929231,1.2218430364145467,3.2960314704168923,1.7508582544217601,1.7897731436645148,-0.5055854067554062,2.3239325056623223,False
larger+VIX,cpcv_04_11,cpcv,larger+VIX Equal risk capped,Equal risk capped,full_cost_net,ok,reference,hard,False,2.04689595,0.929231,0.9871732044810491,2.399527665211899,0.7953378613034254,1.794178335728085,-0.5720215090322373,1.6285027316954117,False
larger+VIX,cpcv_05_06,cpcv,larger+VIX E1 capped,E1 capped,gross,ok,optimal,hard,False,1.9916802,0.85765,1.4985604932736372,4.0731473828838345,2.315594998099487,1.237266930941238,-0.30158846660703786,2.7151962791395836,False
larger+VIX,cpcv_05_06,cpcv,larger+VIX E1 capped,E1 capped,full_cost_net,ok,optimal,hard,False,1.9916802,0.85765,1.021301767674874,2.2698241760427202,0.8645715374711858,1.2312868072938772,-0.4026372061135526,1.6806703640860408,False
larger+VIX,cpcv_05_06,cpcv,larger+VIX GM paper,GM paper,gross,ok,optimal,uncapped,False,,0.998809,2.3130665410724647,7.424263480073648,2.98439266063,0.7239998737617838,-0.189012385295651,3.164475781068994,False
larger+VIX,cpcv_05_06,cpcv,larger+VIX GM paper,GM paper,full_cost_net,ok,optimal,uncapped,False,,0.998809,-2.818805627173308,-2.260164228568234,-1.0,3.5696734532956342,-1.0,0.0,True
larger+VIX,cpcv_05_06,cpcv,larger+VIX Equal premium capped,Equal premium capped,gross,ok,reference,hard,False,1.9916802,0.940702,1.1886277264153597,3.0779836919863683,1.5762233868392332,1.758334259461356,-0.573002781965012,2.2003221229010808,False
larger+VIX,cpcv_05_06,cpcv,larger+VIX Equal premium capped,Equal premium capped,full_cost_net,ok,reference,hard,False,1.9916802,0.940702,0.6428263021577422,1.3116126030180093,-0.02539795445029891,1.6846830934192252,-0.7222271327774702,0.9787897937648063,False
larger+VIX,cpcv_05_06,cpcv,larger+VIX Equal risk capped,Equal risk capped,gross,ok,reference,hard,False,1.9916802,0.935677,1.2218025706384816,3.3035859165292645,1.7787821758064881,1.7004320527949748,-0.4883459514578048,2.343574445213691,False
larger+VIX,cpcv_05_06,cpcv,larger+VIX Equal risk capped,Equal risk capped,full_cost_net,ok,reference,hard,False,1.9916802,0.935677,0.6733365679950145,1.4332517904697963,0.10983970920965125,1.5991932608034514,-0.6446210439051009,1.0907290570314871,False
larger+VIX,cpcv_05_07,cpcv,larger+VIX E1 capped,E1 capped,gross,ok,optimal,hard,False,1.9786480000000002,0.851006,1.308136638706286,2.869431734308702,1.29578893693761,0.9522779284179562,-0.3254779863027504,1.9988335588435404,False
larger+VIX,cpcv_05_07,cpcv,larger+VIX E1 capped,E1 capped,full_cost_net,ok,optimal,hard,False,1.9786480000000002,0.851006,0.559964174253601,0.9804695076939163,0.13019396652264814,0.9732015520793454,-0.409352906932805,1.1073735697187412,False
larger+VIX,cpcv_05_07,cpcv,larger+VIX GM paper,GM paper,gross,ok,optimal,uncapped,False,,1.0070199999999998,1.9888217544199032,5.348016465136466,1.6676812579277245,0.5857337763481639,-0.14734148857738016,2.2652264011817875,False
larger+VIX,cpcv_05_07,cpcv,larger+VIX GM paper,GM paper,full_cost_net,ok,optimal,uncapped,False,,1.0070199999999998,-2.6349651140384505,-2.166962834421904,-1.0,5.075620231407821,-1.0,0.0,True
larger+VIX,cpcv_05_07,cpcv,larger+VIX Equal premium capped,Equal premium capped,gross,ok,reference,hard,False,1.9786480000000002,0.946581,0.8056681491039398,1.3532313850385724,0.4024360983816666,0.8586278271890758,-0.37725577588717685,1.325569699526582,False
larger+VIX,cpcv_05_07,cpcv,larger+VIX Equal premium capped,Equal premium capped,full_cost_net,ok,reference,hard,False,1.9786480000000002,0.946581,-0.18629746192729602,-0.24606936790907932,-0.4385607242033267,0.8801481148064159,-0.4917202664402892,0.6181383077949048,False
larger+VIX,cpcv_05_07,cpcv,larger+VIX Equal risk capped,Equal risk capped,gross,ok,reference,hard,False,1.9786480000000002,0.9428160000000001,0.969023346343505,1.7304486525978593,0.6254004190719216,0.8591671988282842,-0.3317435242382648,1.4989954208359735,False
larger+VIX,cpcv_05_07,cpcv,larger+VIX Equal risk capped,Equal risk capped,full_cost_net,ok,reference,hard,False,1.9786480000000002,0.9428160000000001,-0.2442034673693586,-0.32929176090361006,-0.4977905950944822,0.94381257299447,-0.6078601059390354,0.5632969087467886,False
larger+VIX,cpcv_05_08,cpcv,larger+VIX E1 capped,E1 capped,gross,ok,optimal,hard,False,2.0046284500000002,0.851353,0.9093061089705811,2.0922917795910974,0.6452099816950405,0.9848587525845481,-0.316852781612629,1.5142042000096403,False
larger+VIX,cpcv_05_08,cpcv,larger+VIX E1 capped,E1 capped,full_cost_net,ok,optimal,hard,False,2.0046284500000002,0.851353,0.37430399189971386,0.7026729991875563,-0.043230544032854756,0.9964924480249474,-0.4024200827454044,0.9638425288739207,False
larger+VIX,cpcv_05_08,cpcv,larger+VIX GM paper,GM paper,gross,ok,optimal,uncapped,False,,1.005672,2.2891904027935617,5.479839614808945,1.4284992245181116,0.4378794643328893,-0.16698521649526044,2.0946669204841273,False
larger+VIX,cpcv_05_08,cpcv,larger+VIX GM paper,GM paper,full_cost_net,ok,optimal,uncapped,False,,1.005672,-3.524571784733692,-2.533620147021605,-1.0,2.7666062031435223,-1.0,0.0,True
larger+VIX,cpcv_05_08,cpcv,larger+VIX Equal premium capped,Equal premium capped,gross,ok,reference,hard,False,2.0046284500000002,0.94865,0.13856230661766272,0.22418086935638645,-0.26370849578132893,0.9923093023301859,-0.557499602565241,0.7748330871116944,False
larger+VIX,cpcv_05_08,cpcv,larger+VIX Equal premium capped,Equal premium capped,full_cost_net,ok,reference,hard,False,2.0046284500000002,0.94865,-0.651283710364023,-0.835209005187215,-0.6960669516921363,0.9993192280710828,-0.7293374547629541,0.37066502144990976,False
larger+VIX,cpcv_05_08,cpcv,larger+VIX Equal risk capped,Equal risk capped,gross,ok,reference,hard,False,2.0046284500000002,0.9462969999999999,5.9453344490961075e-05,9.716148642134676e-05,-0.3237367298253916,0.9437370354397118,-0.5267359364601809,0.7218215329943505,False
larger+VIX,cpcv_05_08,cpcv,larger+VIX Equal risk capped,Equal risk capped,full_cost_net,ok,reference,hard,False,2.0046284500000002,0.9462969999999999,-0.7457856453131565,-0.9650248508879722,-0.6963358360028723,0.9539135936420252,-0.7064608825602547,0.3703917338524619,False
larger+VIX,cpcv_05_09,cpcv,larger+VIX E1 capped,E1 capped,gross,ok,optimal,hard,False,2.0068749,0.8511660000000001,1.8244440300286437,4.720928586585397,3.194256519366995,1.1156976833867795,-0.33047717341119953,3.302776279794011,False
larger+VIX,cpcv_05_09,cpcv,larger+VIX E1 capped,E1 capped,full_cost_net,ok,optimal,hard,False,2.0068749,0.8511660000000001,1.37359554676301,2.9429502873127076,1.6107056372519906,1.127804300158574,-0.40860328739380836,2.224837293836646,False
larger+VIX,cpcv_05_09,cpcv,larger+VIX GM paper,GM paper,gross,ok,optimal,uncapped,False,,0.99659,2.9243995298605134,9.296346357080804,2.739364600366181,0.5141844417929599,-0.14765655037325753,3.0014527457341345,False
larger+VIX,cpcv_05_09,cpcv,larger+VIX GM paper,GM paper,full_cost_net,ok,optimal,uncapped,False,,0.99659,-2.363231218579744,-2.0226592449271408,-1.0,4.673422723105603,-1.0,0.0,True
larger+VIX,cpcv_05_09,cpcv,larger+VIX Equal premium capped,Equal premium capped,gross,ok,reference,hard,False,2.0068749,0.944782,1.3520298232142298,3.4101678266133058,1.873655318868309,1.292779487645238,-0.3797243179520431,2.410065779150763,False
larger+VIX,cpcv_05_09,cpcv,larger+VIX Equal premium capped,Equal premium capped,full_cost_net,ok,reference,hard,False,2.0068749,0.944782,0.8528950744212108,1.7734050494860811,0.5091495298999955,1.2920040603721787,-0.4577368045588177,1.4091056641958108,False
larger+VIX,cpcv_05_09,cpcv,larger+VIX Equal risk capped,Equal risk capped,gross,ok,reference,hard,False,2.0068749,0.943729,1.5704186662440047,4.269634410487293,2.6562788313990904,1.2561924270692482,-0.3300510303066566,2.945773991130698,False
larger+VIX,cpcv_05_09,cpcv,larger+VIX Equal risk capped,Equal risk capped,full_cost_net,ok,reference,hard,False,2.0068749,0.943729,1.0582955360406228,2.3361095111595276,0.9582831560508029,1.2409922743260542,-0.39950468893266633,1.7507719246737872,False
larger+VIX,cpcv_05_10,cpcv,larger+VIX E1 capped,E1 capped,gross,ok,optimal,hard,False,2.0123855749999997,0.8610899999999999,1.4217314697138401,3.8341015043511857,1.7863236877431001,1.0662857728153956,-0.29336729665427486,2.348873559631161,False
larger+VIX,cpcv_05_10,cpcv,larger+VIX E1 capped,E1 capped,full_cost_net,ok,optimal,hard,False,2.0123855749999997,0.8610899999999999,0.9927651188523893,2.1846550214656446,0.7862805769522416,1.085122533820486,-0.3706386500232849,1.6216534983941753,False
larger+VIX,cpcv_05_10,cpcv,larger+VIX GM paper,GM paper,gross,ok,optimal,uncapped,False,,0.9951279999999999,2.512613094092295,10.167106962032113,2.593211344267278,0.590803236289031,-0.13162350117529953,2.90336944347886,False
larger+VIX,cpcv_05_10,cpcv,larger+VIX GM paper,GM paper,full_cost_net,ok,optimal,uncapped,False,,0.9951279999999999,-4.76718911844019,-2.8520789107175846,-1.0,1.1905466567249334,-1.0,0.0,True
larger+VIX,cpcv_05_10,cpcv,larger+VIX Equal premium capped,Equal premium capped,gross,ok,reference,hard,False,2.0123855749999997,0.943965,0.8444297213155075,1.8356524028649508,0.5487656906511242,1.1767510238482726,-0.3707919072047504,1.4398638649659017,False
larger+VIX,cpcv_05_10,cpcv,larger+VIX Equal premium capped,Equal premium capped,full_cost_net,ok,reference,hard,False,2.0123855749999997,0.943965,0.3321755974693243,0.5971481926243727,-0.18448320302243337,1.1863223734748514,-0.5035547673819729,0.8437117397394314,False
larger+VIX,cpcv_05_10,cpcv,larger+VIX Equal risk capped,Equal risk capped,gross,ok,reference,hard,False,2.0123855749999997,0.9408240000000001,0.9913560912123558,2.1292453080937674,0.770864229843099,1.0131501928936022,-0.3293688592686673,1.6099821265170187,False
larger+VIX,cpcv_05_10,cpcv,larger+VIX Equal risk capped,Equal risk capped,full_cost_net,ok,reference,hard,False,2.0123855749999997,0.9408240000000001,0.5509585043557209,1.0074088104628593,0.11942272481572691,1.0284686199542814,-0.3939085180284385,1.0985717643717106,False
larger+VIX,cpcv_05_11,cpcv,larger+VIX E1 capped,E1 capped,gross,ok,optimal,hard,False,2.044022125,0.8807820000000001,1.1798980892373399,3.43777031744817,1.3635799892034837,1.2296558342850699,-0.17222369289919803,2.0478992504430016,False
larger+VIX,cpcv_05_11,cpcv,larger+VIX E1 capped,E1 capped,full_cost_net,ok,optimal,hard,False,2.044022125,0.8807820000000001,0.8555094643629004,2.106065528907208,0.592008666134382,1.2310175784008104,-0.2722917643123052,1.4732886945306047,False
larger+VIX,cpcv_05_11,cpcv,larger+VIX GM paper,GM paper,gross,ok,optimal,uncapped,False,,0.9980270000000001,2.158163401105091,29.091031194397655,4.194147969278694,0.9591597123139647,-0.057272651582241374,3.9469527853467112,False
larger+VIX,cpcv_05_11,cpcv,larger+VIX GM paper,GM paper,full_cost_net,ok,optimal,uncapped,False,,0.9980270000000001,-2.741867119437281,-2.334376458486927,-1.0,1.546678993775044,-1.0,0.0,True
larger+VIX,cpcv_05_11,cpcv,larger+VIX Equal premium capped,Equal premium capped,gross,ok,reference,hard,False,2.044022125,0.9351949999999999,0.8872310731424234,2.31460466601702,0.5923086157468265,1.8415045664198826,-0.5164761646505784,1.473520008930497,False
larger+VIX,cpcv_05_11,cpcv,larger+VIX Equal premium capped,Equal premium capped,full_cost_net,ok,reference,hard,False,2.044022125,0.9351949999999999,0.6586924920225142,1.5517661037098256,0.02657520615750486,1.8394988771779823,-0.576034751203301,1.022097460267001,False
larger+VIX,cpcv_05_11,cpcv,larger+VIX Equal risk capped,Equal risk capped,gross,ok,reference,hard,False,2.044022125,0.9360479999999999,0.8502728472198786,2.225608827260867,0.5376235425645819,1.777683377222802,-0.5169293152096377,1.431226437493543,False
larger+VIX,cpcv_05_11,cpcv,larger+VIX Equal risk capped,Equal risk capped,full_cost_net,ok,reference,hard,False,2.044022125,0.9360479999999999,0.6308342789081133,1.4900994112200736,0.021640555092041103,1.779195834636364,-0.5532789310349685,1.0180015446614712,False
larger+VIX,cpcv_06_07,cpcv,larger+VIX E1 capped,E1 capped,gross,ok,optimal,hard,False,1.99214755,0.85034,3.235045495863598,29.53604502704134,9.407094278643678,0.8853163224411849,-0.08777463860835799,7.04327384218434,False
larger+VIX,cpcv_06_07,cpcv,larger+VIX E1 capped,E1 capped,full_cost_net,ok,optimal,hard,False,1.99214755,0.85034,2.345336236779255,9.751135446674883,4.282010116078864,0.8878440380432125,-0.1488487042549419,4.002512441140849,False
larger+VIX,cpcv_06_07,cpcv,larger+VIX GM paper,GM paper,gross,ok,optimal,uncapped,False,,0.9904189999999999,2.4285382949271885,9.289631991838476,2.7829982001975977,0.6458608648381625,-0.1457179389969807,3.030610420802324,False
larger+VIX,cpcv_06_07,cpcv,larger+VIX GM paper,GM paper,full_cost_net,ok,optimal,uncapped,False,,0.9904189999999999,-3.118604046502017,-2.3889085814551496,-1.0,2.973744636649865,-1.0,0.0,True
larger+VIX,cpcv_06_07,cpcv,larger+VIX Equal premium capped,Equal premium capped,gross,ok,reference,hard,False,1.99214755,0.9497270000000001,1.348481111838739,4.191897148724752,2.4553465644804957,1.61354190399958,-0.4081860605905744,2.8102374088340882,False
larger+VIX,cpcv_06_07,cpcv,larger+VIX Equal premium capped,Equal premium capped,full_cost_net,ok,reference,hard,False,1.99214755,0.9497270000000001,0.7018145443550737,1.6020209934173721,0.22256553179784944,1.5615654661787783,-0.4686113876997998,1.1822975496941712,False
larger+VIX,cpcv_06_07,cpcv,larger+VIX Equal risk capped,Equal risk capped,gross,ok,reference,hard,False,1.99214755,0.942914,1.4609357987386298,4.540329227652128,2.951122315701625,1.559501034177473,-0.4040192105146948,3.1424404903450243,False
larger+VIX,cpcv_06_07,cpcv,larger+VIX Equal risk capped,Equal risk capped,full_cost_net,ok,reference,hard,False,1.99214755,0.942914,0.30454695162883344,0.5769556265694524,-0.3074546561703275,1.4175293644239357,-0.5048436552304231,0.7362752097602784,False
larger+VIX,cpcv_06_08,cpcv,larger+VIX E1 capped,E1 capped,gross,ok,optimal,hard,False,2.0013848999999997,0.8393550000000001,2.3902114133751517,20.683929945477928,6.055923572027774,1.0449942959626082,-0.10804115959162486,5.094812707028491,False
larger+VIX,cpcv_06_08,cpcv,larger+VIX E1 capped,E1 capped,full_cost_net,ok,optimal,hard,False,2.0013848999999997,0.8393550000000001,1.8554140668733567,9.200134928230593,3.1431553327497586,1.011360609637651,-0.15596255449327334,3.2692089554946766,False
larger+VIX,cpcv_06_08,cpcv,larger+VIX GM paper,GM paper,gross,ok,optimal,uncapped,False,,1.004846,2.3208898916618033,14.471382883475474,2.277356188190601,0.5946200179842196,-0.02161842988510365,2.6890757511854613,False
larger+VIX,cpcv_06_08,cpcv,larger+VIX GM paper,GM paper,full_cost_net,ok,optimal,uncapped,False,,1.004846,-4.107593217578761,-2.7049251349299053,-1.0,2.682499641888503,-1.0,0.0,True
larger+VIX,cpcv_06_08,cpcv,larger+VIX Equal premium capped,Equal premium capped,gross,ok,reference,hard,False,2.0013848999999997,0.942982,0.9664525502454462,2.727260257003654,0.9095948469634842,1.7240557747347431,-0.4777982286113349,1.714421857790931,False
larger+VIX,cpcv_06_08,cpcv,larger+VIX Equal premium capped,Equal premium capped,full_cost_net,ok,reference,hard,False,2.0013848999999997,0.942982,0.4152374410835475,0.8823481738554791,-0.2728850987500031,1.6560082948941857,-0.6104280285675375,0.7667772237728991,False
larger+VIX,cpcv_06_08,cpcv,larger+VIX Equal risk capped,Equal risk capped,gross,ok,reference,hard,False,2.0013848999999997,0.93837,0.8901050448313784,2.4782564804929224,0.6948987491430669,1.685007725684982,-0.5167967135993747,1.552219491490855,False
larger+VIX,cpcv_06_08,cpcv,larger+VIX Equal risk capped,Equal risk capped,full_cost_net,ok,reference,hard,False,2.0013848999999997,0.93837,0.20219725247770004,0.4034205201416467,-0.43689017550913734,1.5267619028265758,-0.6335411092029113,0.6196706409074664,False
larger+VIX,cpcv_06_09,cpcv,larger+VIX E1 capped,E1 capped,gross,ok,optimal,hard,False,2.0061371250000004,0.843195,3.7700567353770813,31.16282181076233,17.11791535145543,0.9550942356896555,-0.10547917163797949,11.179529386826372,False
larger+VIX,cpcv_06_09,cpcv,larger+VIX E1 capped,E1 capped,full_cost_net,ok,optimal,hard,False,2.0061371250000004,0.843195,3.212092245477867,16.70185752767256,10.174624103856507,0.9334990329133063,-0.15376191721314292,7.473558457961934,False
larger+VIX,cpcv_06_09,cpcv,larger+VIX GM paper,GM paper,gross,ok,optimal,uncapped,False,,0.9953679999999999,3.240261953837399,43.636557263974716,4.183596306976518,0.5832919374763706,-0.016485483825113723,3.94026994903351,False
larger+VIX,cpcv_06_09,cpcv,larger+VIX GM paper,GM paper,full_cost_net,ok,optimal,uncapped,False,,0.9953679999999999,-3.1122185373768705,-2.381952733226704,-1.0,2.802257769629614,-1.0,0.0,True
larger+VIX,cpcv_06_09,cpcv,larger+VIX Equal premium capped,Equal premium capped,gross,ok,reference,hard,False,2.0061371250000004,0.9437150000000001,1.8106104967935748,6.271999339897381,6.34881448073232,1.8222948577591236,-0.41456481445045024,5.270450472558454,False
larger+VIX,cpcv_06_09,cpcv,larger+VIX Equal premium capped,Equal premium capped,full_cost_net,ok,reference,hard,False,2.0061371250000004,0.9437150000000001,1.3988097731060474,3.8693700769026997,2.5489632508347837,1.757222621544872,-0.4647317307348027,2.873544443948266,False
larger+VIX,cpcv_06_09,cpcv,larger+VIX Equal risk capped,Equal risk capped,gross,ok,reference,hard,False,2.0061371250000004,0.9315530000000001,2.0391179240767263,7.300303346815348,8.557075051676286,1.7162848993161024,-0.40552969835750774,6.560508418411393,False
larger+VIX,cpcv_06_09,cpcv,larger+VIX Equal risk capped,Equal risk capped,full_cost_net,ok,reference,hard,False,2.0061371250000004,0.9315530000000001,1.4589925114862292,3.9522417342098795,2.676512783235678,1.6020539452501221,-0.4580448773173914,2.9593527376664617,False
larger+VIX,cpcv_06_10,cpcv,larger+VIX E1 capped,E1 capped,gross,ok,optimal,hard,False,2.0093776500000002,0.8537889999999999,3.2278710263937005,33.59716517989847,14.363800656349554,1.0744179090220427,-0.08165241616517771,9.744260513504484,False
larger+VIX,cpcv_06_10,cpcv,larger+VIX E1 capped,E1 capped,full_cost_net,ok,optimal,hard,False,2.0093776500000002,0.8537889999999999,2.880211632665841,19.549742062572324,10.047562684229241,1.063487665231096,-0.11664151816235413,7.402675779871719,False
larger+VIX,cpcv_06_10,cpcv,larger+VIX GM paper,GM paper,gross,ok,optimal,uncapped,False,,0.994315,3.4667313381299527,213.58636510048504,4.569369523023414,0.5665727524441015,-0.008394826468911987,4.183165318991839,False
larger+VIX,cpcv_06_10,cpcv,larger+VIX GM paper,GM paper,full_cost_net,ok,optimal,uncapped,False,,0.994315,-5.582964797687519,-2.9864023228842798,-0.9992405371476214,0.8578104312580078,-0.989314678813638,0.0025143290513910286,False
larger+VIX,cpcv_06_10,cpcv,larger+VIX Equal premium capped,Equal premium capped,gross,ok,reference,hard,False,2.0093776500000002,0.9428450000000002,1.4192720194902193,4.559589190611101,2.9687504865416443,1.7987549767847146,-0.40956907879029114,3.1541196440104824,False
larger+VIX,cpcv_06_10,cpcv,larger+VIX Equal premium capped,Equal premium capped,full_cost_net,ok,reference,hard,False,2.0093776500000002,0.9428450000000002,1.0291214355664646,2.6456482726117967,0.9709777671856015,1.7220181691945327,-0.45965408964497945,1.7602246743502037,False
larger+VIX,cpcv_06_10,cpcv,larger+VIX Equal risk capped,Equal risk capped,gross,ok,reference,hard,False,2.0093776500000002,0.9431960000000001,1.6075510940257938,5.49286668389315,4.163927871718171,1.689671110486606,-0.39186166503972875,3.9278069984503325,False
larger+VIX,cpcv_06_10,cpcv,larger+VIX Equal risk capped,Equal risk capped,full_cost_net,ok,reference,hard,False,2.0093776500000002,0.9431960000000001,1.345752058467262,3.979446409606481,2.353307321690118,1.6747992774609692,-0.43710174065226703,2.740908036966599,False
larger+VIX,cpcv_06_11,cpcv,larger+VIX E1 capped,E1 capped,gross,ok,optimal,hard,False,2.034433725,0.884131,2.3777462010171297,13.648768629341612,11.756302483480331,1.5301108907364964,-0.13892804519839896,8.345211363206364,False
larger+VIX,cpcv_06_11,cpcv,larger+VIX E1 capped,E1 capped,full_cost_net,ok,optimal,hard,False,2.034433725,0.884131,2.0911113891215187,9.053387241008313,7.478652326975009,1.5014380014084687,-0.18366413083240973,5.937528253836193,False
larger+VIX,cpcv_06_11,cpcv,larger+VIX GM paper,GM paper,gross,ok,optimal,uncapped,False,,0.9969590000000002,2.6656200024478705,21.217977395744384,4.9458510364140915,0.8090149720839602,-0.08475927026779684,4.4175182637094625,False
larger+VIX,cpcv_06_11,cpcv,larger+VIX GM paper,GM paper,full_cost_net,ok,optimal,uncapped,False,,0.9969590000000002,-1.8311411982470926,-1.6882710793246092,-1.0,7.520025360769395,-1.0,0.0,True
larger+VIX,cpcv_06_11,cpcv,larger+VIX Equal premium capped,Equal premium capped,gross,ok,reference,hard,False,2.034433725,0.9341229999999999,1.4610419653509137,4.729637104698866,3.5419316020674607,2.446154894774993,-0.5276636345547243,3.5293968317401982,False
larger+VIX,cpcv_06_11,cpcv,larger+VIX Equal premium capped,Equal premium capped,full_cost_net,ok,reference,hard,False,2.034433725,0.9341229999999999,1.277662035539494,3.7211944361649985,1.8975755720070344,2.4303593968846573,-0.5608395583339587,2.426772005376313,False
larger+VIX,cpcv_06_11,cpcv,larger+VIX Equal risk capped,Equal risk capped,gross,ok,reference,hard,False,2.034433725,0.9365950000000001,1.4664720004603982,4.678960990437769,3.5207180597714887,2.3529353596463745,-0.5317165434843003,3.5156544768649494,False
larger+VIX,cpcv_06_11,cpcv,larger+VIX Equal risk capped,Equal risk capped,full_cost_net,ok,reference,hard,False,2.034433725,0.9365950000000001,1.2717556386924584,3.615385785831418,1.8621780665783056,2.327162497182289,-0.5642497831258999,2.4020416917598837,False
larger+VIX,cpcv_07_08,cpcv,larger+VIX E1 capped,E1 capped,gross,ok,optimal,hard,False,1.9962662500000001,0.846397,2.5340431571202617,41.11471441719691,3.7600542024800285,0.7340673532176879,-0.05097777979122298,3.6700888786111077,False
larger+VIX,cpcv_07_08,cpcv,larger+VIX E1 capped,E1 capped,full_cost_net,ok,optimal,hard,False,1.9962662500000001,0.846397,1.56916045481282,5.819501836439006,1.5675237487240898,0.767190536475101,-0.1780405982982235,2.1941284959223175,False
larger+VIX,cpcv_07_08,cpcv,larger+VIX GM paper,GM paper,gross,ok,optimal,uncapped,False,,0.9931479999999999,2.928105481976944,9.057222898728293,1.8289016870507675,0.3932105817619904,-0.116044347007074,2.3787467734733605,False
larger+VIX,cpcv_07_08,cpcv,larger+VIX GM paper,GM paper,full_cost_net,ok,optimal,uncapped,False,,0.9931479999999999,-3.5615560516183797,-2.545880820250448,-1.0,3.5327367910686758,-1.0,0.0,True
larger+VIX,cpcv_07_08,cpcv,larger+VIX Equal premium capped,Equal premium capped,gross,ok,reference,hard,False,1.9962662500000001,0.940806,0.3325207910650233,0.5996643132357174,-0.004909857931372996,0.7991859618943349,-0.5279294337455234,0.9959067744421347,False
larger+VIX,cpcv_07_08,cpcv,larger+VIX Equal premium capped,Equal premium capped,full_cost_net,ok,reference,hard,False,1.9962662500000001,0.940806,-0.6022381859903263,-0.8188333558271282,-0.5763809489228532,0.8433102000420027,-0.6640597579571097,0.4888169263363357,False
larger+VIX,cpcv_07_08,cpcv,larger+VIX Equal risk capped,Equal risk capped,gross,ok,reference,hard,False,1.9962662500000001,0.935739,0.33110164958927607,0.6040262557185027,-0.023880782816771973,0.8507229607769994,-0.5172028923111158,0.980059371428063,False
larger+VIX,cpcv_07_08,cpcv,larger+VIX Equal risk capped,Equal risk capped,full_cost_net,ok,reference,hard,False,1.9962662500000001,0.935739,-0.7257304984349698,-0.9749351904475232,-0.681455361099987,0.9480672524155496,-0.6401951741513887,0.38545639050367264,False
larger+VIX,cpcv_07_09,cpcv,larger+VIX E1 capped,E1 capped,gross,ok,optimal,hard,False,2.000174325,0.84379,4.2029591453070685,80.03938173490569,11.555698595107106,0.7149265109026424,-0.03249662657118557,8.235704105349463,False
larger+VIX,cpcv_07_09,cpcv,larger+VIX E1 capped,E1 capped,full_cost_net,ok,optimal,hard,False,2.000174325,0.84379,3.2955112299324023,16.250025010339243,6.799138692580159,0.7449273115734872,-0.1330916055762671,5.538245495158832,False
larger+VIX,cpcv_07_09,cpcv,larger+VIX GM paper,GM paper,gross,ok,optimal,uncapped,False,,0.9949600000000001,3.0747707246918843,7.98893776105379,2.755632967304846,0.4881594910147137,-0.17151211961594948,3.0123304988149298,False
larger+VIX,cpcv_07_09,cpcv,larger+VIX GM paper,GM paper,full_cost_net,ok,optimal,uncapped,False,,0.9949600000000001,-3.0235914158615604,-2.345463333899525,-1.0,4.559793351902113,-1.0,0.0,True
larger+VIX,cpcv_07_09,cpcv,larger+VIX Equal premium capped,Equal premium capped,gross,ok,reference,hard,False,2.000174325,0.934666,1.6371253078216284,6.443035582609196,2.721432936247914,1.1033835658960072,-0.22194579603013764,2.9894536950586574,False
larger+VIX,cpcv_07_09,cpcv,larger+VIX Equal premium capped,Equal premium capped,full_cost_net,ok,reference,hard,False,2.000174325,0.934666,1.0344170784268265,2.8879519328138694,0.9909427480290778,1.1274307665225207,-0.281798225708385,1.7750706490256634,False
larger+VIX,cpcv_07_09,cpcv,larger+VIX Equal risk capped,Equal risk capped,gross,ok,reference,hard,False,2.000174325,0.934692,2.0287818817180536,7.809240622505722,4.506781406480688,1.1279806535897408,-0.2175067268382448,4.143953414059618,False
larger+VIX,cpcv_07_09,cpcv,larger+VIX Equal risk capped,Equal risk capped,full_cost_net,ok,reference,hard,False,2.000174325,0.934692,1.0866258862522125,2.4939640891506896,1.0302898737844464,1.2176020299387265,-0.37342289316974253,1.8042568956505085,False
larger+VIX,cpcv_07_10,cpcv,larger+VIX E1 capped,E1 capped,gross,ok,optimal,hard,False,1.998305175,0.85701,3.12006340006419,47.87838024847596,7.242551067970387,0.8125390819984678,-0.046532555055779246,5.799421916571225,False
larger+VIX,cpcv_07_10,cpcv,larger+VIX E1 capped,E1 capped,full_cost_net,ok,optimal,hard,False,1.998305175,0.85701,2.4497768316166066,13.828002160929252,4.385408912284197,0.8420893794349605,-0.10952719801696065,4.067699892101344,False
larger+VIX,cpcv_07_10,cpcv,larger+VIX GM paper,GM paper,gross,ok,optimal,uncapped,False,,0.997886,2.8635288991662065,12.097297957113692,3.073527364902369,0.5628914770429593,-0.12163183053179749,3.2233603921906666,False
larger+VIX,cpcv_07_10,cpcv,larger+VIX GM paper,GM paper,full_cost_net,ok,optimal,uncapped,False,,0.997886,-4.950485053402612,-2.8860650053846326,-1.0,1.1068738348035503,-1.0,0.0,True
larger+VIX,cpcv_07_10,cpcv,larger+VIX Equal premium capped,Equal premium capped,gross,ok,reference,hard,False,1.998305175,0.949976,1.1761537906905204,3.66119190306028,1.2763064092947771,1.053184243246942,-0.3038021641986851,1.9846881089891024,False
larger+VIX,cpcv_07_10,cpcv,larger+VIX Equal premium capped,Equal premium capped,full_cost_net,ok,reference,hard,False,1.998305175,0.949976,0.5850068910435964,1.3761613631678589,0.2222247892597058,1.0860660109208493,-0.37678647728070125,1.182022943810592,False
larger+VIX,cpcv_07_10,cpcv,larger+VIX Equal risk capped,Equal risk capped,gross,ok,reference,hard,False,1.998305175,0.9478960000000001,1.3683198046444305,4.067980334207292,1.5370999922634958,0.955624988292413,-0.2516888775186059,2.1724409805592013,False
larger+VIX,cpcv_07_10,cpcv,larger+VIX Equal risk capped,Equal risk capped,full_cost_net,ok,reference,hard,False,1.998305175,0.9478960000000001,0.8768365894636179,2.034239876896906,0.6087698762395173,0.9805920563802476,-0.31121450971954556,1.4862034713278798,False
larger+VIX,cpcv_07_11,cpcv,larger+VIX E1 capped,E1 capped,gross,ok,optimal,hard,False,2.0250009,0.8922000000000001,2.4293885733003093,11.938010168661402,6.648583135095207,1.0779653973131202,-0.15196907139964533,5.449008595190956,False
larger+VIX,cpcv_07_11,cpcv,larger+VIX E1 capped,E1 capped,full_cost_net,ok,optimal,hard,False,2.0250009,0.8922000000000001,2.0411587015316965,8.252515663034904,4.272101076807119,1.0726574182255189,-0.18375558543645898,3.996254208485958,False
larger+VIX,cpcv_07_11,cpcv,larger+VIX GM paper,GM paper,gross,ok,optimal,uncapped,False,,0.9901530000000002,2.873471280415649,26.056542697608634,5.182744672517139,0.7536111186075963,-0.07327116892754681,4.563707062380672,False
larger+VIX,cpcv_07_11,cpcv,larger+VIX GM paper,GM paper,full_cost_net,ok,optimal,uncapped,False,,0.9901530000000002,-1.8462114459877554,-1.6974040605686034,-1.0,10.626168984861872,-1.0,0.0,True
larger+VIX,cpcv_07_11,cpcv,larger+VIX Equal premium capped,Equal premium capped,gross,ok,reference,hard,False,2.0250009,0.9444159999999999,1.1143161928442402,3.4539358994225196,1.4887695255254223,1.7618188267230694,-0.5266582754174927,2.137899243346387,False
larger+VIX,cpcv_07_11,cpcv,larger+VIX Equal premium capped,Equal premium capped,full_cost_net,ok,reference,hard,False,2.0250009,0.9444159999999999,0.8916613485226551,2.4891200322616713,0.6865623028985817,1.7603647275377683,-0.5604943655832497,1.5458546529006907,False
larger+VIX,cpcv_07_11,cpcv,larger+VIX Equal risk capped,Equal risk capped,gross,ok,reference,hard,False,2.0250009,0.942132,1.074614711232583,3.2108271311877274,1.325002220467388,1.683130715943584,-0.521880270692116,2.0200067003222673,False
larger+VIX,cpcv_07_11,cpcv,larger+VIX Equal risk capped,Equal risk capped,full_cost_net,ok,reference,hard,False,2.0250009,0.942132,0.8420785874878516,2.2867646411992513,0.5775028041438661,1.6835816252024336,-0.554817343051176,1.4620933997170353,False
larger+VIX,cpcv_08_09,cpcv,larger+VIX E1 capped,E1 capped,gross,ok,optimal,hard,False,2.0267507,0.8636109999999999,3.156711146721741,92.37971412239142,8.78994845079593,0.8845010721040041,-0.04615789680812177,6.693454838774063,False
larger+VIX,cpcv_08_09,cpcv,larger+VIX E1 capped,E1 capped,full_cost_net,ok,optimal,hard,False,2.0267507,0.8636109999999999,2.6668423421178353,21.244292967249812,5.529263198866595,0.8655655305566381,-0.15648543844268703,4.7758808098886725,False
larger+VIX,cpcv_08_09,cpcv,larger+VIX GM paper,GM paper,gross,ok,optimal,uncapped,False,,0.988937,4.192070899988394,541.7370373067536,2.427736733293008,0.31916730945665156,-0.0022545915265038685,2.7915123197116074,False
larger+VIX,cpcv_08_09,cpcv,larger+VIX GM paper,GM paper,full_cost_net,ok,optimal,uncapped,False,,0.988937,-2.7004429567169197,-2.199265363228014,-1.0,3.7682143832972725,-1.0,0.0,True
larger+VIX,cpcv_08_09,cpcv,larger+VIX Equal premium capped,Equal premium capped,gross,ok,reference,hard,False,2.0267507,0.937341,1.071765261824361,3.096023429402023,1.1369727570544508,1.2661705622904211,-0.3661259043862566,1.8829226862757276,False
larger+VIX,cpcv_08_09,cpcv,larger+VIX Equal premium capped,Equal premium capped,full_cost_net,ok,reference,hard,False,2.0267507,0.937341,0.5905007224402259,1.315825015101234,0.1469087034161658,1.2850463928908105,-0.5053567083018687,1.121004545753742,False
larger+VIX,cpcv_08_09,cpcv,larger+VIX Equal risk capped,Equal risk capped,gross,ok,reference,hard,False,2.0267507,0.927224,1.162399816873298,3.330280400386517,1.342720943661491,1.2652331357281332,-0.3706003873984307,2.032827217093065,False
larger+VIX,cpcv_08_09,cpcv,larger+VIX Equal risk capped,Equal risk capped,full_cost_net,ok,reference,hard,False,2.0267507,0.927224,0.6552863217477183,1.4208501593707408,0.22192553525908898,1.2652484649114457,-0.5199394651474288,1.1817817631948335,False
larger+VIX,cpcv_08_10,cpcv,larger+VIX E1 capped,E1 capped,gross,ok,optimal,hard,False,2.02589085,0.845155,2.5454604934285157,29.33972468469282,5.272940025882803,0.8862986002257066,-0.06615102248989413,4.619120367532243,False
larger+VIX,cpcv_08_10,cpcv,larger+VIX E1 capped,E1 capped,full_cost_net,ok,optimal,hard,False,2.02589085,0.845155,2.151247991816943,14.63984349540778,3.5903912102754063,0.8845336761489212,-0.0940107266399044,3.5607494517580385,False
larger+VIX,cpcv_08_10,cpcv,larger+VIX GM paper,GM paper,gross,ok,optimal,uncapped,False,,1.005731,3.246945178207193,33.33779797161714,3.275570871641518,0.5047459627515429,-0.03936655802032529,3.356050017004096,False
larger+VIX,cpcv_08_10,cpcv,larger+VIX GM paper,GM paper,full_cost_net,ok,optimal,uncapped,False,,1.005731,-2.933828034663044,-2.3089373962390702,-1.0,1.62963091380748,-1.0,0.0,True
larger+VIX,cpcv_08_10,cpcv,larger+VIX Equal premium capped,Equal premium capped,gross,ok,reference,hard,False,2.02589085,0.946129,0.6031900219226178,1.4706435606933659,0.23264032106673205,1.1561466373631435,-0.35665069182538867,1.1904111194813711,False
larger+VIX,cpcv_08_10,cpcv,larger+VIX Equal premium capped,Equal premium capped,full_cost_net,ok,reference,hard,False,2.02589085,0.946129,0.1334276364911292,0.2590626604445049,-0.3190618854884558,1.1835829902944994,-0.49747388544074467,0.725977292039791,False
larger+VIX,cpcv_08_10,cpcv,larger+VIX Equal risk capped,Equal risk capped,gross,ok,reference,hard,False,2.02589085,0.943521,0.5617770317748879,1.2816483889591632,0.191348468106455,1.017342780902532,-0.35240029854598154,1.1570860976916555,False
larger+VIX,cpcv_08_10,cpcv,larger+VIX Equal risk capped,Equal risk capped,full_cost_net,ok,reference,hard,False,2.02589085,0.943521,0.19035296079370442,0.367922685729662,-0.1986638368933087,1.0234855717852474,-0.42528180864234244,0.8314681512142008,False
larger+VIX,cpcv_08_11,cpcv,larger+VIX E1 capped,E1 capped,gross,ok,optimal,hard,False,2.0391911,0.877341,1.9805526343944095,9.174931610186231,4.492955732481483,1.1572993130273943,-0.17183223003782422,4.1352815385116335,False
larger+VIX,cpcv_08_11,cpcv,larger+VIX E1 capped,E1 capped,full_cost_net,ok,optimal,hard,False,2.0391911,0.877341,1.6659494910423647,6.365032090636771,2.9480853340284545,1.1574013397447525,-0.20311686058236822,3.1404275294502497,False
larger+VIX,cpcv_08_11,cpcv,larger+VIX GM paper,GM paper,gross,ok,optimal,uncapped,False,,0.99239,2.13153408105784,14.113670354167674,3.7561771926312213,0.9193734710187518,-0.14653290081060788,3.667597671542348,False
larger+VIX,cpcv_08_11,cpcv,larger+VIX GM paper,GM paper,full_cost_net,ok,optimal,uncapped,False,,0.99239,-1.5656721325050587,-1.492674063218164,-1.0,7.378490236335251,-1.0,0.0,True
larger+VIX,cpcv_08_11,cpcv,larger+VIX Equal premium capped,Equal premium capped,gross,ok,reference,hard,False,2.0391911,0.94264,0.6778721084227155,1.8207127098571299,0.15056142286130925,1.8246728395086063,-0.5215177813939242,1.1239789395039395,False
larger+VIX,cpcv_08_11,cpcv,larger+VIX Equal premium capped,Equal premium capped,full_cost_net,ok,reference,hard,False,2.0391911,0.94264,0.432846121152928,1.021953760496647,-0.29565083202202225,1.8367585864639409,-0.5560594420037928,0.7467180881491279,False
larger+VIX,cpcv_08_11,cpcv,larger+VIX Equal risk capped,Equal risk capped,gross,ok,reference,hard,False,2.0391911,0.9342010000000001,0.6502082926775736,1.7798716324774173,0.1420645451987037,1.771604951862441,-0.5201181581220784,1.1170575316083673,False
larger+VIX,cpcv_08_11,cpcv,larger+VIX Equal risk capped,Equal risk capped,full_cost_net,ok,reference,hard,False,2.0391911,0.9342010000000001,0.4354518686275936,1.0608709656614776,-0.24363733677389554,1.7779649260127,-0.5533546878581042,0.7923950160990646,False
larger+VIX,cpcv_09_10,cpcv,larger+VIX E1 capped,E1 capped,gross,ok,optimal,hard,False,2.0345941,0.854413,3.6673647894427046,38.58891909913348,9.949727359678798,0.7812119976808743,-0.06599112502172566,7.348004632117024,False
larger+VIX,cpcv_09_10,cpcv,larger+VIX E1 capped,E1 capped,full_cost_net,ok,optimal,hard,False,2.0345941,0.854413,3.257818627704022,22.625621115941005,7.31972615721037,0.7786312125304629,-0.09464840691969068,5.8446367766145135,False
larger+VIX,cpcv_09_10,cpcv,larger+VIX GM paper,GM paper,gross,ok,optimal,uncapped,False,,1.000953,3.4904306232415703,,3.4823039985588924,0.48190416857975815,0.0,3.4907420417154635,False
larger+VIX,cpcv_09_10,cpcv,larger+VIX GM paper,GM paper,full_cost_net,ok,optimal,uncapped,False,,1.000953,-2.571279487927995,-2.138973657883334,-1.0,1.5761494695055098,-1.0,0.0,True
larger+VIX,cpcv_09_10,cpcv,larger+VIX Equal premium capped,Equal premium capped,gross,ok,reference,hard,False,2.0345941,0.9392720000000001,1.7007796646727464,7.125182957630329,3.868812079588218,1.3637442053345106,-0.2426846603663615,3.7398355915474695,False
larger+VIX,cpcv_09_10,cpcv,larger+VIX Equal premium capped,Equal premium capped,full_cost_net,ok,reference,hard,False,2.0345941,0.9392720000000001,1.4221285462136528,5.038764858706356,2.4031860490268793,1.3480651028873312,-0.2843835444340185,2.774840833913787,False
larger+VIX,cpcv_09_10,cpcv,larger+VIX Equal risk capped,Equal risk capped,gross,ok,reference,hard,False,2.0345941,0.934099,1.792672876751669,7.372495869704116,3.30337414952697,1.106434995285908,-0.20546449001611156,3.3742266841318975,False
larger+VIX,cpcv_09_10,cpcv,larger+VIX Equal risk capped,Equal risk capped,full_cost_net,ok,reference,hard,False,2.0345941,0.934099,1.497976573587003,5.203353523156643,2.179368740971555,1.1029641653103834,-0.23291042431854303,2.621907806743873,False
larger+VIX,cpcv_09_11,cpcv,larger+VIX E1 capped,E1 capped,gross,ok,optimal,hard,False,2.0401384,0.8846990000000001,2.4942372626691998,14.399966195608151,9.90530877538408,1.2865606361485635,-0.15654007852408736,7.323156336650991,False
larger+VIX,cpcv_09_11,cpcv,larger+VIX E1 capped,E1 capped,full_cost_net,ok,optimal,hard,False,2.0401384,0.8846990000000001,2.2320002725074266,10.492756322062526,7.110836172409114,1.2818992788910357,-0.18823969819826014,5.722090089459649,False
larger+VIX,cpcv_09_11,cpcv,larger+VIX GM paper,GM paper,gross,ok,optimal,uncapped,False,,0.9995970000000001,1.677706206022076,4.013988805901526,1.9480626962974639,0.8595871279421871,-0.3113943054935283,2.461957752826132,False
larger+VIX,cpcv_09_11,cpcv,larger+VIX GM paper,GM paper,full_cost_net,ok,optimal,uncapped,False,,0.9995970000000001,-2.084226756328851,-1.859197960497077,-1.0,3.736357359998881,-1.0,0.0,True
larger+VIX,cpcv_09_11,cpcv,larger+VIX Equal premium capped,Equal premium capped,gross,ok,reference,hard,False,2.0401384,0.940499,1.3474167896424114,4.704619214147852,2.8130379492119766,2.0839704531469043,-0.5206310739550577,3.0506515614529115,False
larger+VIX,cpcv_09_11,cpcv,larger+VIX Equal premium capped,Equal premium capped,full_cost_net,ok,reference,hard,False,2.0401384,0.940499,1.176507692926716,3.732205806315672,1.694393164502619,2.079848688531816,-0.5548213292944257,2.284112409793104,False
larger+VIX,cpcv_09_11,cpcv,larger+VIX Equal risk capped,Equal risk capped,gross,ok,reference,hard,False,2.0401384,0.9314020000000001,1.4134205718487824,4.786384659335905,3.1538595898781736,1.9816855223101972,-0.5211215180669673,3.27624604914857,False
larger+VIX,cpcv_09_11,cpcv,larger+VIX Equal risk capped,Equal risk capped,full_cost_net,ok,reference,hard,False,2.0401384,0.9314020000000001,1.2436131182274561,3.841611874996732,1.9987466122492856,1.9792299350585552,-0.5540993099706379,2.497179773601871,False
larger+VIX,cpcv_10_11,cpcv,larger+VIX E1 capped,E1 capped,gross,ok,optimal,hard,False,1.4825004,0.832335,2.2559787260438258,12.847548076056482,4.941026926800757,1.015432333756207,-0.14558391493039347,4.414531302228136,False
larger+VIX,cpcv_10_11,cpcv,larger+VIX E1 capped,E1 capped,full_cost_net,ok,optimal,hard,False,1.4825004,0.832335,1.9835578331157393,9.246407437222375,3.620325760346022,1.0118308000327667,-0.1798880093194818,3.580089062588097,False
larger+VIX,cpcv_10_11,cpcv,larger+VIX GM paper,GM paper,gross,ok,optimal,uncapped,False,,0.9966920000000001,1.531122966659849,5.8379852282593605,1.9421127676399355,0.945259735172686,-0.20725444994493047,2.457816349888341,False
larger+VIX,cpcv_10_11,cpcv,larger+VIX GM paper,GM paper,full_cost_net,ok,optimal,uncapped,False,,0.9966920000000001,-2.161038120219839,-2.0871346029691615,-0.9622327624023557,1.061093358320806,-0.8762474402505558,0.06520226517721349,False
larger+VIX,cpcv_10_11,cpcv,larger+VIX Equal premium capped,Equal premium capped,gross,ok,reference,hard,False,1.4825004,0.934021,0.7462957322393512,2.166286818748341,0.37924980851698575,1.7237187302376418,-0.5337012471346848,1.307281484880784,False
larger+VIX,cpcv_10_11,cpcv,larger+VIX Equal premium capped,Equal premium capped,full_cost_net,ok,reference,hard,False,1.4825004,0.934021,0.5665523581604268,1.4862690959340172,-0.002270578573461135,1.7206918692290367,-0.5676974558888869,0.9981074928495456,False
larger+VIX,cpcv_10_11,cpcv,larger+VIX Equal risk capped,Equal risk capped,gross,ok,reference,hard,False,1.4825004,0.9279810000000001,0.8675736335360308,2.320265917719388,0.6381477090969949,1.514368921824828,-0.5100880455026202,1.5087856644345516,False
larger+VIX,cpcv_10_11,cpcv,larger+VIX Equal risk capped,Equal risk capped,full_cost_net,ok,reference,hard,False,1.4825004,0.9279810000000001,0.6832796097573263,1.668118990244381,0.23166973510373845,1.5091517400815295,-0.5406130620600691,1.1896299561120565,False
