Strategy,Return basis,path_id,method,n_source_obs,status,n_obs,annualized_return,annualized_volatility,sharpe,sortino,max_drawdown,var_95,cvar_95,terminal_wealth,defaulted,reason
larger GM paper,Gross before costs,0,garch11_residual_fallback_insufficient_egarch_obs,60,ok,60,0.22460473963631067,0.6610521115366897,0.657904849922505,0.9894016133961381,-0.744620888966939,0.3131801391684098,0.3733207224802823,2.75409983909597,False,insufficient_egarch_obs
larger GM paper,Gross before costs,1,garch11_residual_fallback_insufficient_egarch_obs,60,ok,60,0.03338732795336963,0.5810321414280698,0.3722653476796475,0.5346360321172556,-0.6389975943490533,0.2730528561948738,0.3706262025701262,1.1784622039729895,False,insufficient_egarch_obs
larger GM paper,Gross before costs,2,garch11_residual_fallback_insufficient_egarch_obs,60,ok,60,-0.5850053411292404,0.9148330706727578,-0.39763117696403344,-0.5005525486379555,-0.9966351363223482,0.45653806614317205,0.5511225135626726,0.012308709901558232,False,insufficient_egarch_obs
larger GM paper,Gross before costs,3,garch11_residual_fallback_insufficient_egarch_obs,60,ok,60,0.15910703925845615,0.5595034815756702,0.5781103369722976,0.8195563771615043,-0.5613829952941758,0.27961262628369554,0.37264289836419245,2.092269944949902,False,insufficient_egarch_obs
larger GM paper,Gross before costs,4,garch11_residual_fallback_insufficient_egarch_obs,60,ok,60,0.1689131386822602,0.7601865619310997,0.6239858203954091,0.9228427536716924,-0.7554528331409001,0.4166234105878419,0.45395989441617474,2.182283659855659,False,insufficient_egarch_obs
larger GM paper,Gross before costs,5,garch11_residual_fallback_insufficient_egarch_obs,60,ok,60,0.9577455156612475,0.5162058809992963,1.6037807446512315,2.7432302184456754,-0.5723719491738629,0.20819773856560925,0.30913978119871294,28.75949059564526,False,insufficient_egarch_obs
larger GM paper,Gross before costs,6,garch11_residual_fallback_insufficient_egarch_obs,60,ok,60,-0.20730907976389112,0.7646372284306423,0.10731963644973722,0.14949458177270278,-0.9439024255631474,0.36486281097354517,0.4301049066005331,0.3129820409807383,False,insufficient_egarch_obs
larger GM paper,Gross before costs,7,garch11_residual_fallback_insufficient_egarch_obs,60,ok,60,0.009900157360503314,0.5699343448436702,0.3212248940839466,0.4439510618541265,-0.5858472260282392,0.2934504053359005,0.33995370264863567,1.0504906695407996,False,insufficient_egarch_obs
larger GM paper,Gross before costs,8,garch11_residual_fallback_insufficient_egarch_obs,60,ok,60,-0.1811941336073043,0.6427052451011929,0.03452262894764325,0.04841164194192878,-0.8577815527881346,0.30591864222680576,0.3999811801469441,0.36804822507774976,False,insufficient_egarch_obs
larger GM paper,Gross before costs,9,garch11_residual_fallback_insufficient_egarch_obs,60,ok,60,0.25600397882606263,0.6566152235889902,0.6941394120390965,1.0618987167443237,-0.5562155861124485,0.30421563813885777,0.38882276687536105,3.1257560173486736,False,insufficient_egarch_obs
larger GM paper,Gross before costs,10,garch11_residual_fallback_insufficient_egarch_obs,60,ok,60,-0.0028065802956638297,0.7973781447286589,0.43458050213713845,0.6353993551945641,-0.9282747581370651,0.38900481435123646,0.5095431745561844,0.9860456466899686,False,insufficient_egarch_obs
larger GM paper,Gross before costs,11,garch11_residual_fallback_insufficient_egarch_obs,60,ok,60,0.23585035283703926,0.4216828810048195,0.713356840934997,1.1852490401603095,-0.5594129555536006,0.17583618805509837,0.2123736295480222,2.8828990134181267,False,insufficient_egarch_obs
larger GM paper,Gross before costs,12,garch11_residual_fallback_insufficient_egarch_obs,60,ok,60,-0.0215150433175072,0.49464872867775955,0.20173021950541872,0.30639042887765333,-0.5941760228567318,0.2212407222020818,0.27340926992101805,0.8969552285512686,False,insufficient_egarch_obs
larger GM paper,Gross before costs,13,garch11_residual_fallback_insufficient_egarch_obs,60,ok,60,0.01327262923071948,0.6086649767659756,0.3386029322972125,0.49830784248389093,-0.8432861766322108,0.23584075685368985,0.3547950234823964,1.068148310019161,False,insufficient_egarch_obs
larger GM paper,Gross before costs,14,garch11_residual_fallback_insufficient_egarch_obs,60,ok,60,0.5564020136064862,0.5096794075102338,1.1394851491880538,1.9812807707562312,-0.56541712291925,0.1797782101749405,0.2965264514222316,9.132904576380213,False,insufficient_egarch_obs
larger GM paper,Gross before costs,15,garch11_residual_fallback_insufficient_egarch_obs,60,ok,60,0.3414684422029466,0.7952063163020814,0.8218957007454347,1.2255400232041769,-0.7023841347126192,0.34157285114472286,0.48892678025887265,4.344124887860139,False,insufficient_egarch_obs
larger GM paper,Gross before costs,16,garch11_residual_fallback_insufficient_egarch_obs,60,ok,60,-0.4403120209826279,0.467106919885911,-0.9722080961275532,-1.1165988622382645,-0.9377141713268348,0.2529430378879122,0.27082730116195014,0.05491992002411785,False,insufficient_egarch_obs
larger GM paper,Gross before costs,17,garch11_residual_fallback_insufficient_egarch_obs,60,ok,60,-0.2017939046129208,0.5486666160505196,-0.1213580052772217,-0.16070792261587225,-0.6642234738728654,0.29574003734918475,0.3111094615937507,0.32402252308729595,False,insufficient_egarch_obs
larger GM paper,Gross before costs,18,garch11_residual_fallback_insufficient_egarch_obs,60,ok,60,-0.16408590368201703,0.5706425009323933,0.002070374360874995,0.0027354564945639695,-0.8630446589207423,0.24946325116970466,0.3835268074790361,0.4081391397613447,False,insufficient_egarch_obs
larger GM paper,Gross before costs,19,garch11_residual_fallback_insufficient_egarch_obs,60,ok,60,0.08905786120332992,0.6986893933973732,0.49032824564096056,0.7285441039274514,-0.7371670551481342,0.3503664955492377,0.38100583456803144,1.5319859109791714,False,insufficient_egarch_obs
larger GM paper,Gross before costs,20,garch11_residual_fallback_insufficient_egarch_obs,60,ok,60,0.44522842748150016,0.6464703832397293,0.891896557158362,1.5931456815203413,-0.5686617281935626,0.24410782034386672,0.32142927840020247,6.304962059447618,False,insufficient_egarch_obs
larger GM paper,Gross before costs,21,garch11_residual_fallback_insufficient_egarch_obs,60,ok,60,1.126455835892504,0.43930720887929975,1.9820542882668652,4.321629777150242,-0.4798504443801822,0.13703760895116188,0.23616685312168753,43.479229235992136,False,insufficient_egarch_obs
larger GM paper,Gross before costs,22,garch11_residual_fallback_insufficient_egarch_obs,60,ok,60,0.3803695811366834,0.5034696832619713,0.8984771928522985,1.4973165422863202,-0.4370336862219275,0.2277265537483794,0.25526596424742043,5.011605779726343,False,insufficient_egarch_obs
larger GM paper,Gross before costs,23,garch11_residual_fallback_insufficient_egarch_obs,60,ok,60,0.4563887703367657,0.5544785908381867,0.9599111266285518,1.696448904423314,-0.6858538632324953,0.22697174889873659,0.27020705734061673,6.552191891782847,False,insufficient_egarch_obs
larger GM paper,Gross before costs,24,garch11_residual_fallback_insufficient_egarch_obs,60,ok,60,-0.375240250109213,0.7849572651297515,-0.15248000100797454,-0.2050642139670709,-0.8872021190024996,0.3476973618444921,0.4986642837557982,0.09518427621777965,False,insufficient_egarch_obs
larger GM paper,Gross before costs,25,garch11_residual_fallback_insufficient_egarch_obs,60,ok,60,0.4345871404625308,0.5287199326298905,0.9540915368180254,1.6836374251804556,-0.5440279594185993,0.16805637076744068,0.28627932038796944,6.07623647870998,False,insufficient_egarch_obs
larger GM paper,Gross before costs,26,garch11_residual_fallback_insufficient_egarch_obs,60,ok,60,0.7905712065666368,0.6655308546877531,1.2468826612354895,2.1225212664460416,-0.7084861261215486,0.27666840846746554,0.37887943075736136,18.405939175484434,False,insufficient_egarch_obs
larger GM paper,Gross before costs,27,garch11_residual_fallback_insufficient_egarch_obs,60,ok,60,-0.16090221623257528,0.6274782099593882,0.048240766417766846,0.06759153805622829,-0.7173386518105593,0.3187063134372405,0.3507167418223722,0.4159708236830035,False,insufficient_egarch_obs
larger GM paper,Gross before costs,28,garch11_residual_fallback_insufficient_egarch_obs,60,ok,60,0.6673072747243955,0.6381707962618568,1.1402374127348576,2.007964325334069,-0.555368128896117,0.2471339443679198,0.35866245968761995,12.88481612788584,False,insufficient_egarch_obs
larger GM paper,Gross before costs,29,garch11_residual_fallback_insufficient_egarch_obs,60,ok,60,-0.2904142987200201,0.6517060208071787,-0.1718920310488203,-0.23038065107055555,-0.9106288469972796,0.30953369249747265,0.387669658686721,0.17989714772675242,False,insufficient_egarch_obs
larger GM paper,Gross before costs,30,garch11_residual_fallback_insufficient_egarch_obs,60,ok,60,-0.28924378681130847,0.5899922046847593,-0.24419291732855328,-0.3108612756944489,-0.9257126370589236,0.2979914049503281,0.42748527211614373,0.18138581644114754,False,insufficient_egarch_obs
larger GM paper,Gross before costs,31,garch11_residual_fallback_insufficient_egarch_obs,60,ok,60,0.18915764733405194,0.4433962401497113,0.6128379978557227,0.9829494853595926,-0.524975852131719,0.20791561677533782,0.21244082250049492,2.377919594471355,False,insufficient_egarch_obs
larger GM paper,Gross before costs,32,garch11_residual_fallback_insufficient_egarch_obs,60,ok,60,0.45546190653408636,0.6396246010006424,0.9128445413632829,1.5820765372075472,-0.546498531092338,0.28008758758826,0.34403554396087865,6.531368933370254,False,insufficient_egarch_obs
larger GM paper,Gross before costs,33,garch11_residual_fallback_insufficient_egarch_obs,60,ok,60,1.671330669383749,0.5103809452934515,2.2518703604454147,4.860466416551807,-0.2806946893717789,0.1651532594096977,0.26999879231061336,136.03111298864616,False,insufficient_egarch_obs
larger GM paper,Gross before costs,34,garch11_residual_fallback_insufficient_egarch_obs,60,ok,60,1.2367599205105813,0.4775786507354157,1.9683167510573756,4.480333133940409,-0.27573962910188743,0.13098086579677073,0.22793144469039908,55.98824586021571,False,insufficient_egarch_obs
larger GM paper,Gross before costs,35,garch11_residual_fallback_insufficient_egarch_obs,60,ok,60,0.2421555897057055,0.5702451052435576,0.6992533216781414,1.0452081314958388,-0.4817709825446129,0.22316728876438646,0.40331904855503864,2.9571951833182593,False,insufficient_egarch_obs
larger GM paper,Gross before costs,36,garch11_residual_fallback_insufficient_egarch_obs,60,ok,60,-0.08755943953891776,0.9093352190113809,0.4346146377939597,0.6198110810101917,-0.9471219472746506,0.42006234763478817,0.5705832318487806,0.6324452177785339,False,insufficient_egarch_obs
larger GM paper,Gross before costs,37,garch11_residual_fallback_insufficient_egarch_obs,60,ok,60,-0.32163991461327657,0.7809457832167285,-0.05507346631042873,-0.07485046760566498,-0.9318409630945588,0.3603064681258057,0.5042214908028768,0.1436486109663111,False,insufficient_egarch_obs
larger GM paper,Gross before costs,38,garch11_residual_fallback_insufficient_egarch_obs,60,ok,60,0.18918852002246567,0.43517299888031685,0.6234948293248894,0.9465735345515105,-0.5082008707789729,0.19886791079266963,0.27135456511869477,2.378228286017988,False,insufficient_egarch_obs
larger GM paper,Gross before costs,39,garch11_residual_fallback_insufficient_egarch_obs,60,ok,60,0.7069579594681661,0.4932489938056527,1.346913002560888,2.5948484787837636,-0.5529624513149722,0.19016268920926852,0.22868861892125433,14.491526161993045,False,insufficient_egarch_obs
larger GM paper,Gross before costs,40,garch11_residual_fallback_insufficient_egarch_obs,60,ok,60,0.1359518322386144,0.8017954717263549,0.5815971184779191,0.8746737487923161,-0.8144390547765081,0.3828949402877703,0.41928050886607376,1.8914705418515043,False,insufficient_egarch_obs
larger GM paper,Gross before costs,41,garch11_residual_fallback_insufficient_egarch_obs,60,ok,60,0.3672485840689661,0.47607254051520254,0.8943271536138178,1.6049693415892834,-0.3965558352219275,0.17913274181055497,0.22820537579786393,4.77790391200371,False,insufficient_egarch_obs
larger GM paper,Gross before costs,42,garch11_residual_fallback_insufficient_egarch_obs,60,ok,60,-0.2699380180059531,0.6685510739020254,-0.10790840511281932,-0.14567450333739454,-0.8978482176271007,0.34302508225935313,0.40869226502140266,0.20739518322662828,False,insufficient_egarch_obs
larger GM paper,Gross before costs,43,garch11_residual_fallback_insufficient_egarch_obs,60,ok,60,0.46824147791987847,0.35130740591320553,1.2814553552959334,2.391743895774735,-0.3828231710490634,0.176016654475356,0.19128171573792496,6.823189668177317,False,insufficient_egarch_obs
larger GM paper,Gross before costs,44,garch11_residual_fallback_insufficient_egarch_obs,60,ok,60,0.5975105626462824,0.3741215183033523,1.4573417237702562,2.9021690866274406,-0.3569917766146514,0.11652945365145671,0.17453233314598085,10.404439563489147,False,insufficient_egarch_obs
larger GM paper,Gross before costs,45,garch11_residual_fallback_insufficient_egarch_obs,60,ok,60,-0.08230149662909092,0.681129858596078,0.2356921372209696,0.33758295369191393,-0.8940832444431734,0.37486163829896585,0.42106234018730343,0.6508787864549929,False,insufficient_egarch_obs
larger GM paper,Gross before costs,46,garch11_residual_fallback_insufficient_egarch_obs,60,ok,60,-0.20804127380270754,0.6897052737928454,0.0769596297056789,0.09783925825379525,-0.9579865728287301,0.3941596092352899,0.4943667210930965,0.3115392300357881,False,insufficient_egarch_obs
larger GM paper,Gross before costs,47,garch11_residual_fallback_insufficient_egarch_obs,60,ok,60,0.23896019876145247,0.5337648038027702,0.6991349447093524,1.0041431533914347,-0.6671911208365022,0.291119097709967,0.3894548780073576,2.9193540973055554,False,insufficient_egarch_obs
larger GM paper,Gross before costs,48,garch11_residual_fallback_insufficient_egarch_obs,60,ok,60,-0.30150553579948114,0.5930931033715316,-0.261129210254,-0.3147238690848927,-0.8989561844761088,0.35559470434488305,0.3823904466165747,0.16627036213791319,False,insufficient_egarch_obs
larger GM paper,Gross before costs,49,garch11_residual_fallback_insufficient_egarch_obs,60,ok,60,0.4856444542052132,0.6758090726358836,0.9626835657549337,1.496060554991979,-0.6886394516151622,0.3044509865897653,0.43552514355156796,7.237264257848507,False,insufficient_egarch_obs
larger GM paper,Gross before costs,50,garch11_residual_fallback_insufficient_egarch_obs,60,ok,60,0.6734089642219592,0.6917320913173421,1.116307742066965,1.8806583775188808,-0.46312585155892894,0.3218524796619695,0.3748830901670664,13.122314903684973,False,insufficient_egarch_obs
larger GM paper,Gross before costs,51,garch11_residual_fallback_insufficient_egarch_obs,60,ok,60,0.1897209615414508,0.46897983223044337,0.6248192960382203,0.8864096855244253,-0.5433028774617169,0.21908010215218812,0.3364988380981438,2.383557137888508,False,insufficient_egarch_obs
larger GM paper,Gross before costs,52,garch11_residual_fallback_insufficient_egarch_obs,60,ok,60,0.4913292736627286,0.63046360671233,0.9525111565655777,1.7104444670659118,-0.733177669182514,0.25049143770785043,0.3209095372600164,7.3767949901354335,False,insufficient_egarch_obs
larger GM paper,Gross before costs,53,garch11_residual_fallback_insufficient_egarch_obs,60,ok,60,1.0030913254741307,0.5707874168353658,1.539750876319657,2.831773320574424,-0.49357329352722634,0.2828918822548538,0.335856758136158,32.24807172396343,False,insufficient_egarch_obs
larger GM paper,Gross before costs,54,garch11_residual_fallback_insufficient_egarch_obs,60,ok,60,0.5565793685944274,0.5284232084183402,1.131614088023072,1.9341146004811538,-0.5316239889447663,0.19777940070241418,0.3144636333010606,9.138109322197256,False,insufficient_egarch_obs
larger GM paper,Gross before costs,55,garch11_residual_fallback_insufficient_egarch_obs,60,ok,60,0.16708661477317577,0.5560683475334265,0.5675347835716613,0.8988553866431206,-0.6035340498801391,0.2710853846607453,0.3483729366064159,2.165286862968313,False,insufficient_egarch_obs
larger GM paper,Gross before costs,56,garch11_residual_fallback_insufficient_egarch_obs,60,ok,60,0.7457071167170393,0.5891273818749487,1.2779873362733856,2.1074620419874495,-0.5353716591867428,0.21821390103872668,0.37271241841878106,16.212758439385148,False,insufficient_egarch_obs
larger GM paper,Gross before costs,57,garch11_residual_fallback_insufficient_egarch_obs,60,ok,60,-0.06863717346863651,0.5393888874206807,0.15530731175214832,0.21120407123506035,-0.7807891933777753,0.2694955279334625,0.3466406970009204,0.700800656130125,False,insufficient_egarch_obs
larger GM paper,Gross before costs,58,garch11_residual_fallback_insufficient_egarch_obs,60,ok,60,-0.2419499919423973,0.8703075819271779,0.18881746141849304,0.2599455916759372,-0.9311639433009409,0.41230681927790175,0.5599583413774774,0.2503163880325396,False,insufficient_egarch_obs
larger GM paper,Gross before costs,59,garch11_residual_fallback_insufficient_egarch_obs,60,ok,60,0.17532007386740744,0.48700584682215514,0.5819937035483743,0.8755252908871347,-0.6285301744949652,0.23851344307117975,0.2720584526794745,2.24274950099986,False,insufficient_egarch_obs
larger GM paper,Gross before costs,60,garch11_residual_fallback_insufficient_egarch_obs,60,ok,60,0.36695624051803044,0.5469489074638515,0.8932476987136477,1.3064255966659397,-0.8127218332567525,0.21498185353237734,0.4189806532699021,4.772798065781706,False,insufficient_egarch_obs
larger GM paper,Gross before costs,61,garch11_residual_fallback_insufficient_egarch_obs,60,ok,60,0.3747796390107345,0.5095137287610866,0.8895103813756959,1.4512173614274504,-0.5148152546485761,0.23762804245531285,0.2785629306910447,4.910949375857154,False,insufficient_egarch_obs
larger GM paper,Gross before costs,62,garch11_residual_fallback_insufficient_egarch_obs,60,ok,60,0.3425184628706699,0.5703952727495236,0.8213725345688746,1.3197541728144857,-0.5532485416479314,0.2591790022506453,0.3675483364987812,4.361153120408063,False,insufficient_egarch_obs
larger GM paper,Gross before costs,63,garch11_residual_fallback_insufficient_egarch_obs,60,ok,60,0.7762176446845936,0.5595003296901541,1.343056100731166,2.2641771227767595,-0.4489982469887541,0.17976682219281384,0.3332766229371752,17.679944600027063,False,insufficient_egarch_obs
larger GM paper,Gross before costs,64,garch11_residual_fallback_insufficient_egarch_obs,60,ok,60,-0.2457305131320805,0.7797564597185549,0.09325389587529742,0.12245035773479848,-0.956783090032885,0.424569630371069,0.509948603471593,0.2441364897283821,False,insufficient_egarch_obs
larger GM paper,Gross before costs,65,garch11_residual_fallback_insufficient_egarch_obs,60,ok,60,0.38029119407409406,0.5964007716789795,0.8480931688428084,1.380355881457882,-0.5409427158453111,0.26613398548427886,0.2972256610279843,5.01018297076693,False,insufficient_egarch_obs
larger GM paper,Gross before costs,66,garch11_residual_fallback_insufficient_egarch_obs,60,ok,60,-0.11156766159221831,0.6909826574004276,0.21963664527013094,0.30272304385486964,-0.8521947746529249,0.35898873261585773,0.4777603611587131,0.5535053093953117,False,insufficient_egarch_obs
larger GM paper,Gross before costs,67,garch11_residual_fallback_insufficient_egarch_obs,60,ok,60,0.5990232878514881,0.4682669582706845,1.2456352151592747,2.441468301287268,-0.5071562690291669,0.15033502857464992,0.20366290489783956,10.453794146944817,False,insufficient_egarch_obs
larger GM paper,Gross before costs,68,garch11_residual_fallback_insufficient_egarch_obs,60,ok,60,0.792983711219277,0.8499197330647835,1.1549512607639785,1.9375842196755868,-0.7421035450893234,0.38141038758432877,0.47418901287634324,18.530268860247773,False,insufficient_egarch_obs
larger GM paper,Gross before costs,69,garch11_residual_fallback_insufficient_egarch_obs,60,ok,60,0.27509862991041834,0.4536368619545074,0.7728027718143541,1.2245486930700393,-0.6962321609999096,0.14853723904756538,0.2989181494929917,3.370690643377732,False,insufficient_egarch_obs
larger GM paper,Gross before costs,70,garch11_residual_fallback_insufficient_egarch_obs,60,ok,60,0.4812976988079498,0.6373105705528888,0.9443999300945292,1.5893007910826005,-0.6778290922034471,0.27796358911907804,0.3124460729285851,7.132006672329567,False,insufficient_egarch_obs
larger GM paper,Gross before costs,71,garch11_residual_fallback_insufficient_egarch_obs,60,ok,60,0.5414669375380061,0.49758738611496384,1.1196378861600336,2.2178519496153455,-0.2985515034098104,0.18738012686508998,0.20111746006127948,8.703041822913276,False,insufficient_egarch_obs
larger GM paper,Gross before costs,72,garch11_residual_fallback_insufficient_egarch_obs,60,ok,60,0.18704756273016265,0.6473829566657947,0.6186685470150526,0.8988982461803047,-0.5598832818387629,0.3015921555095958,0.4100609193070799,2.356896998178327,False,insufficient_egarch_obs
larger GM paper,Gross before costs,73,garch11_residual_fallback_insufficient_egarch_obs,60,ok,60,0.2755908540693237,0.5263606458370732,0.7266312951242355,1.2149559747097571,-0.5063910073775375,0.23813103478198122,0.2648721093052593,3.377201578174897,False,insufficient_egarch_obs
larger GM paper,Gross before costs,74,garch11_residual_fallback_insufficient_egarch_obs,60,ok,60,-0.8356455439814935,1.1252512370639118,-0.7447625853478035,-0.8890893730552992,-0.9998954013187514,0.6247014574881001,0.7492335022034858,0.00011992436191508046,False,insufficient_egarch_obs
larger GM paper,Gross before costs,75,garch11_residual_fallback_insufficient_egarch_obs,60,ok,60,-0.06567608676459813,0.7693819813175965,0.32981648572792854,0.46393536803704805,-0.8078110865685505,0.3930725521185278,0.42192058689591194,0.7120120144534215,False,insufficient_egarch_obs
larger GM paper,Gross before costs,76,garch11_residual_fallback_insufficient_egarch_obs,60,ok,60,0.013533825441602199,0.832684297155319,0.4456366933259657,0.7023480426076153,-0.8127606007985758,0.3341605793979522,0.46314966429130416,1.0695257288733158,False,insufficient_egarch_obs
larger GM paper,Gross before costs,77,garch11_residual_fallback_insufficient_egarch_obs,60,ok,60,-0.36857060340864345,0.7379487246111237,-0.17745053320013537,-0.22667653850984643,-0.9462985226611931,0.3844787770981993,0.5267813121903225,0.10037463623933658,False,insufficient_egarch_obs
larger GM paper,Gross before costs,78,garch11_residual_fallback_insufficient_egarch_obs,60,ok,60,0.14094011675243356,0.6651008991030458,0.5715061021235001,0.8222878374794839,-0.5237704241354183,0.2985893130459887,0.45025335875178313,1.933366786080685,False,insufficient_egarch_obs
larger GM paper,Gross before costs,79,garch11_residual_fallback_insufficient_egarch_obs,60,ok,60,0.22310625477475132,1.0483707488661178,0.8572375097363518,1.274412301598115,-0.9465870077524888,0.5584238178525319,0.666019422187836,2.7372907855220308,False,insufficient_egarch_obs
larger GM paper,Gross before costs,80,garch11_residual_fallback_insufficient_egarch_obs,60,ok,60,-0.13033590315894583,0.8133906560885795,0.277029437235975,0.39953921397687264,-0.9512890727793716,0.3542050197005438,0.4829992115171095,0.49745947282350406,False,insufficient_egarch_obs
larger GM paper,Gross before costs,81,garch11_residual_fallback_insufficient_egarch_obs,60,ok,60,-0.35143229987079094,0.6977831938797628,-0.24934258866467,-0.3428768287648653,-0.945184694909722,0.299494125697661,0.39988234869336364,0.11475631159010757,False,insufficient_egarch_obs
larger GM paper,Gross before costs,82,garch11_residual_fallback_insufficient_egarch_obs,60,ok,60,1.0192389727217477,0.48351950792543047,1.7344212284333214,3.3951075178939276,-0.44339798835928046,0.18283810946100873,0.2641194692949165,33.56901507915891,False,insufficient_egarch_obs
larger GM paper,Gross before costs,83,garch11_residual_fallback_insufficient_egarch_obs,60,ok,60,0.4025027284003002,0.447986972099407,0.9912461196569595,1.6474738721316402,-0.45319529761110444,0.17598014954531493,0.27264487285345607,5.42648458918227,False,insufficient_egarch_obs
larger GM paper,Gross before costs,84,garch11_residual_fallback_insufficient_egarch_obs,60,ok,60,0.47668779790263005,0.4286687794339002,1.1406017182860453,1.8877269205116034,-0.47163526547749757,0.2006968440817903,0.2533062092735084,7.0217187685410885,False,insufficient_egarch_obs
larger GM paper,Gross before costs,85,garch11_residual_fallback_insufficient_egarch_obs,60,ok,60,0.5397993205407181,0.4643875844197542,1.1798964668288314,1.9596192498190297,-0.5882872427933838,0.20353447533441854,0.27486122495144666,8.65606717844907,False,insufficient_egarch_obs
larger GM paper,Gross before costs,86,garch11_residual_fallback_insufficient_egarch_obs,60,ok,60,-0.1724065882371124,0.7185172195946253,0.15018511367082918,0.19937674490890162,-0.9447902177436561,0.4134090625564341,0.47376520533014993,0.3882264525642353,False,insufficient_egarch_obs
larger GM paper,Gross before costs,87,garch11_residual_fallback_insufficient_egarch_obs,60,ok,60,-0.3122161599413844,0.8967499526515523,0.07787505549697306,0.10930808278866672,-0.9610255072737557,0.38332791078351497,0.52672169984129,0.15390751916101666,False,insufficient_egarch_obs
larger GM paper,Gross before costs,88,garch11_residual_fallback_insufficient_egarch_obs,60,ok,60,0.09925611197103579,0.6146293191464463,0.4787964555401445,0.7152909193515637,-0.6372762503677899,0.24971172916281464,0.4018337428133341,1.6050717280514584,False,insufficient_egarch_obs
larger GM paper,Gross before costs,89,garch11_residual_fallback_insufficient_egarch_obs,60,ok,60,0.41898621030556105,0.44143254745714616,1.0281781340958147,1.6681406204491556,-0.37715496579645735,0.17541377970009464,0.2719838371944027,5.752953649946878,False,insufficient_egarch_obs
larger GM paper,Gross before costs,90,garch11_residual_fallback_insufficient_egarch_obs,60,ok,60,0.022790701234127297,0.6541693000811615,0.3798034884696841,0.5453970903806429,-0.7366233017316279,0.31924867910513016,0.3701973490683919,1.119267400475095,False,insufficient_egarch_obs
larger GM paper,Gross before costs,91,garch11_residual_fallback_insufficient_egarch_obs,60,ok,60,0.6737407044474992,0.6474578186104332,1.1496648499516346,1.9806778725399683,-0.6846211094262213,0.22914637031705729,0.37173504169388005,13.135327042727434,False,insufficient_egarch_obs
larger GM paper,Gross before costs,92,garch11_residual_fallback_insufficient_egarch_obs,60,ok,60,-0.04740023639020896,0.7435869245637295,0.35061170857318447,0.5023185168518595,-0.9375658052440206,0.39027806963953243,0.497003752898451,0.7844266628521048,False,insufficient_egarch_obs
larger GM paper,Gross before costs,93,garch11_residual_fallback_insufficient_egarch_obs,60,ok,60,-0.10280854399405637,0.6115456765833486,0.1439894211676391,0.20157826873912124,-0.8624755309504533,0.3238016975851094,0.3509380768086987,0.5813338951955868,False,insufficient_egarch_obs
larger GM paper,Gross before costs,94,garch11_residual_fallback_insufficient_egarch_obs,60,ok,60,-0.05735720608175143,0.6786133251432829,0.29082121481520745,0.40715432640130456,-0.7531573235536584,0.333021470788693,0.45644353697748025,0.7442789897162203,False,insufficient_egarch_obs
larger GM paper,Gross before costs,95,garch11_residual_fallback_insufficient_egarch_obs,60,ok,60,0.18626425689548154,0.5923347816574025,0.6053211287485665,0.8968026754290341,-0.7214627384068613,0.2907100622101686,0.36474879119728837,2.3491309391661495,False,insufficient_egarch_obs
larger GM paper,Gross before costs,96,garch11_residual_fallback_insufficient_egarch_obs,60,ok,60,0.49133472679950985,0.6912658010177631,0.9654212611265479,1.4722080912847073,-0.8297050175783494,0.3808689687697842,0.4326911028127784,7.3769298596340125,False,insufficient_egarch_obs
larger GM paper,Gross before costs,97,garch11_residual_fallback_insufficient_egarch_obs,60,ok,60,0.08478355161128959,0.5384788124819707,0.42930566407981013,0.6453223498198526,-0.8364512367011738,0.24049556611026426,0.33559203736251786,1.502157454053848,False,insufficient_egarch_obs
larger GM paper,Gross before costs,98,garch11_residual_fallback_insufficient_egarch_obs,60,ok,60,-0.06632881641965571,0.7002909750096249,0.2696954946412889,0.3918005043750734,-0.8186465194567156,0.32557636907623705,0.3888056016135309,0.7095283872979903,False,insufficient_egarch_obs
larger GM paper,Gross before costs,99,garch11_residual_fallback_insufficient_egarch_obs,60,ok,60,-0.32500140088663454,0.7844958561580813,-0.07375375295032066,-0.10183940695211163,-0.9234024442335032,0.36452508455317373,0.46764603656649656,0.14012459084862544,False,insufficient_egarch_obs
larger GM paper,Gross before costs,100,garch11_residual_fallback_insufficient_egarch_obs,60,ok,60,-0.03706550793932961,0.5866064792018766,0.24768139429538202,0.3545898045491009,-0.5924506429586243,0.2533669131232246,0.3855678242767942,0.8279111212990734,False,insufficient_egarch_obs
larger GM paper,Gross before costs,101,garch11_residual_fallback_insufficient_egarch_obs,60,ok,60,-0.4864455154497058,0.9129070775853634,-0.17256357862670585,-0.2259283312796211,-0.9809493786829824,0.40261371197015094,0.6094051288788289,0.03572174204213136,False,insufficient_egarch_obs
larger GM paper,Gross before costs,102,garch11_residual_fallback_insufficient_egarch_obs,60,ok,60,0.7095939944166292,0.5401915040535183,1.2786223803568746,2.43166975338881,-0.42741158618194963,0.19172626017381983,0.2642944384785552,14.603767754374266,False,insufficient_egarch_obs
larger GM paper,Gross before costs,103,garch11_residual_fallback_insufficient_egarch_obs,60,ok,60,0.9886673243332873,0.43116614227971795,1.8498491122446572,3.769581764499514,-0.30757612467379947,0.1699590955777479,0.20980489644539838,31.103602256426967,False,insufficient_egarch_obs
larger GM paper,Gross before costs,104,garch11_residual_fallback_insufficient_egarch_obs,60,ok,60,-0.1766263157983744,0.5611010853563411,-0.03856613876804613,-0.050016633107099355,-0.8592295258365507,0.31776819997988004,0.37154022589503755,0.37842943741739743,False,insufficient_egarch_obs
larger GM paper,Gross before costs,105,garch11_residual_fallback_insufficient_egarch_obs,60,ok,60,0.15437774533842852,1.0272218937046296,0.7438452995122852,1.1430128335579577,-0.8559857062424182,0.5101915981673717,0.618607461785961,2.0499332893886164,False,insufficient_egarch_obs
larger GM paper,Gross before costs,106,garch11_residual_fallback_insufficient_egarch_obs,60,ok,60,-0.1523019532691846,0.6688349701203437,0.09884697806433072,0.14307883490311019,-0.9155343371374797,0.28869494522729544,0.3765545966194524,0.4377295969352289,False,insufficient_egarch_obs
larger GM paper,Gross before costs,107,garch11_residual_fallback_insufficient_egarch_obs,60,ok,60,0.40954790225851134,0.6138951924132455,0.8933261890677884,1.37493420732046,-0.466928018407609,0.3088550382504527,0.37263677120549316,5.5641547221578564,False,insufficient_egarch_obs
larger GM paper,Gross before costs,108,garch11_residual_fallback_insufficient_egarch_obs,60,ok,60,-0.22891376907153604,0.6615425116066154,-0.04121960611837015,-0.05677016524360496,-0.8625985840834999,0.33944503368073664,0.3996575329706194,0.2725930259444475,False,insufficient_egarch_obs
larger GM paper,Gross before costs,109,garch11_residual_fallback_insufficient_egarch_obs,60,ok,60,0.18647513000702332,0.42849159358726596,0.6101208619406482,1.023495838455192,-0.5817269617750582,0.18677341880670303,0.23869092215475252,2.3512196166877755,False,insufficient_egarch_obs
larger GM paper,Gross before costs,110,garch11_residual_fallback_insufficient_egarch_obs,60,ok,60,0.28468890881840836,0.6136138793735615,0.7288502735327911,1.1266348640515071,-0.528382408660991,0.31097619408436206,0.33587736287096653,3.4993700747850554,False,insufficient_egarch_obs
larger GM paper,Gross before costs,111,garch11_residual_fallback_insufficient_egarch_obs,60,ok,60,0.17483456704326383,0.6190199630345715,0.5745314221457237,0.9064657788162551,-0.7055110996453857,0.28870749029801096,0.32477371253929,2.238121098099594,False,insufficient_egarch_obs
larger GM paper,Gross before costs,112,garch11_residual_fallback_insufficient_egarch_obs,60,ok,60,0.043101548849478144,0.5681347086944011,0.37113832844068,0.5367252598819572,-0.6453777239444352,0.3224967662280682,0.3443168397133201,1.2349033004148233,False,insufficient_egarch_obs
larger GM paper,Gross before costs,113,garch11_residual_fallback_insufficient_egarch_obs,60,ok,60,-0.1915237651307362,0.8868096612201822,0.2774735857973551,0.39291762648154077,-0.9584160584837583,0.41834370561232,0.5558212388657892,0.3454111016035159,False,insufficient_egarch_obs
larger GM paper,Gross before costs,114,garch11_residual_fallback_insufficient_egarch_obs,60,ok,60,-0.026519462373852387,0.6173705625633533,0.25958291393138616,0.41002862733542134,-0.7410772103877867,0.27479375028926545,0.30403335570327134,0.8742514603123284,False,insufficient_egarch_obs
larger GM paper,Gross before costs,115,garch11_residual_fallback_insufficient_egarch_obs,60,ok,60,0.4046079491784542,0.5948655912972098,0.8816076074714504,1.4262549841907817,-0.7661327574184327,0.2449584280560744,0.3334373515010782,5.467334047559021,False,insufficient_egarch_obs
larger GM paper,Gross before costs,116,garch11_residual_fallback_insufficient_egarch_obs,60,ok,60,0.46358491184671147,0.39054158841327763,1.1843223772807507,2.0857681828310057,-0.41013218935647433,0.15054254650779,0.2205060917617355,6.715674192393429,False,insufficient_egarch_obs
larger GM paper,Gross before costs,117,garch11_residual_fallback_insufficient_egarch_obs,60,ok,60,0.7211615481441072,0.6129303797735088,1.2080951008452905,2.167845293591235,-0.7240522118957295,0.25313886361383725,0.3048081673946088,15.104563367662834,False,insufficient_egarch_obs
larger GM paper,Gross before costs,118,garch11_residual_fallback_insufficient_egarch_obs,60,ok,60,0.34170153894667465,0.479332763195428,0.8532062442960161,1.502268148899737,-0.5581696730881764,0.2060288394610867,0.2351653710030428,4.347900427034344,False,insufficient_egarch_obs
larger GM paper,Gross before costs,119,garch11_residual_fallback_insufficient_egarch_obs,60,ok,60,0.04027783195434531,0.613504770053219,0.38716314737431545,0.5863685963231324,-0.6311785651483389,0.2783752217591064,0.36839277930927244,1.218278891371366,False,insufficient_egarch_obs
larger GM paper,Gross before costs,120,garch11_residual_fallback_insufficient_egarch_obs,60,ok,60,-0.5280674139165562,0.6756280763800724,-0.7081786051466836,-0.8399054803757982,-0.9850861074215465,0.3591449722348843,0.41014810494987747,0.023409914530745243,False,insufficient_egarch_obs
larger GM paper,Gross before costs,121,garch11_residual_fallback_insufficient_egarch_obs,60,ok,60,0.23618714102836003,0.5957306509566827,0.6944586013557275,0.9772654591566519,-0.7667630458042256,0.2489843306159398,0.43243339406233633,2.8868293261422955,False,insufficient_egarch_obs
larger GM paper,Gross before costs,122,garch11_residual_fallback_insufficient_egarch_obs,60,ok,60,-0.14907784533180446,0.6000947847371585,0.06478082347233027,0.08462619439335585,-0.8097582986412675,0.30411937240694786,0.39953471025697745,0.4461173930000867,False,insufficient_egarch_obs
larger GM paper,Gross before costs,123,garch11_residual_fallback_insufficient_egarch_obs,60,ok,60,-0.12581956391767501,0.5124789490770785,0.003811125234575091,0.005174387390338368,-0.872878831533699,0.2657037886640052,0.2885111605509743,0.5105113644897172,False,insufficient_egarch_obs
larger GM paper,Gross before costs,124,garch11_residual_fallback_insufficient_egarch_obs,60,ok,60,0.1751122988672218,0.44833576105683476,0.574038087998717,1.0268214683105987,-0.3906396678378157,0.16063056776853893,0.21075851464788475,2.240767817195232,False,insufficient_egarch_obs
larger GM paper,Gross before costs,125,garch11_residual_fallback_insufficient_egarch_obs,60,ok,60,0.25521916267755596,0.5551609468958169,0.6924451453218564,1.0960722972229933,-0.5497183296466142,0.26254010258714994,0.296054932118096,3.1160025450143505,False,insufficient_egarch_obs
larger GM paper,Gross before costs,126,garch11_residual_fallback_insufficient_egarch_obs,60,ok,60,0.19903118645272544,0.7581649219772385,0.6192705050814491,1.0358924509499627,-0.7842727592121508,0.3588166907921484,0.40022646530277695,2.4782915470554503,False,insufficient_egarch_obs
larger GM paper,Gross before costs,127,garch11_residual_fallback_insufficient_egarch_obs,60,ok,60,0.3035813370710687,0.698116233962438,0.7540658059033511,1.1610886750474936,-0.5902720091478417,0.33957501316999184,0.3996511751990197,3.7643558480757564,False,insufficient_egarch_obs
larger GM paper,Gross before costs,128,garch11_residual_fallback_insufficient_egarch_obs,60,ok,60,0.14577719310608406,0.6915551189251561,0.5624903192130098,0.8588883277830159,-0.7206978975677074,0.36890948596201156,0.408717036270762,1.9746988191360484,False,insufficient_egarch_obs
larger GM paper,Gross before costs,129,garch11_residual_fallback_insufficient_egarch_obs,60,ok,60,0.06458229421059225,0.5053477843117691,0.38620529729711855,0.5572712222175362,-0.6001467855183391,0.23743000850045123,0.30149339266456476,1.3674019479843615,False,insufficient_egarch_obs
larger GM paper,Gross before costs,130,garch11_residual_fallback_insufficient_egarch_obs,60,ok,60,0.38233172464904785,0.7085552293151907,0.8371208134029147,1.3093480435459792,-0.7782279114053411,0.32774238024511987,0.42401554110851475,5.047326232933813,False,insufficient_egarch_obs
larger GM paper,Gross before costs,131,garch11_residual_fallback_insufficient_egarch_obs,60,ok,60,0.04716048910945858,0.552136744020583,0.3855963838851913,0.5418261481144946,-0.7441535394724463,0.28807640567133247,0.37903313062555144,1.2591174315018936,False,insufficient_egarch_obs
larger GM paper,Gross before costs,132,garch11_residual_fallback_insufficient_egarch_obs,60,ok,60,0.07933660404348797,0.4263509259670913,0.3980883176995649,0.5984775986077442,-0.5014459006644658,0.17365526944299045,0.25417276632916325,1.464820902940333,False,insufficient_egarch_obs
larger GM paper,Gross before costs,133,garch11_residual_fallback_insufficient_egarch_obs,60,ok,60,-0.28397288411388044,0.8135622982267824,0.048102681867709406,0.0665491449406197,-0.8996169635329859,0.45595327538935815,0.5146529441707371,0.18821201599084578,False,insufficient_egarch_obs
larger GM paper,Gross before costs,134,garch11_residual_fallback_insufficient_egarch_obs,60,ok,60,0.03562852896942359,0.7058122712524046,0.42540676119214804,0.6203972853293883,-0.7672236903277927,0.3249755917067395,0.40278802314614914,1.1912969455275613,False,insufficient_egarch_obs
larger GM paper,Gross before costs,135,garch11_residual_fallback_insufficient_egarch_obs,60,ok,60,-0.39760164222863814,0.822288330308922,-0.1399043659360568,-0.1852059939158381,-0.9859123494186837,0.44341073544354004,0.5256876375768963,0.07932661017869147,False,insufficient_egarch_obs
larger GM paper,Gross before costs,136,garch11_residual_fallback_insufficient_egarch_obs,60,ok,60,0.07702846269147079,0.6371904612941377,0.4736786200772771,0.6660170188391935,-0.8310678906116032,0.325196522722232,0.44337548049500697,1.449225285656916,False,insufficient_egarch_obs
larger GM paper,Gross before costs,137,garch11_residual_fallback_insufficient_egarch_obs,60,ok,60,0.3624908412004544,0.530510019279515,0.8441498897286064,1.5500569481178088,-0.6374702069657774,0.19212140891230048,0.23691416264490864,4.695349859689955,False,insufficient_egarch_obs
larger GM paper,Gross before costs,138,garch11_residual_fallback_insufficient_egarch_obs,60,ok,60,0.30493602908122264,0.426772143088727,0.8540376471161548,1.2913917755044606,-0.491114528443103,0.18551026745580526,0.2971277642337001,3.7839562851022124,False,insufficient_egarch_obs
larger GM paper,Gross before costs,139,garch11_residual_fallback_insufficient_egarch_obs,60,ok,60,-0.31906039540703035,0.8663528927623332,0.0380479069178494,0.05219267562444695,-0.9752697519316679,0.40689526816471777,0.48164313896090377,0.14640063857737276,False,insufficient_egarch_obs
larger GM paper,Gross before costs,140,garch11_residual_fallback_insufficient_egarch_obs,60,ok,60,-0.1907784386298068,0.6391029631284612,0.0026972094582254492,0.0038100768098954397,-0.9127173652728429,0.3497399703694751,0.37843640568799125,0.34700619583645786,False,insufficient_egarch_obs
larger GM paper,Gross before costs,141,garch11_residual_fallback_insufficient_egarch_obs,60,ok,60,0.2142982011182737,0.7507910456618013,0.6795413078148436,1.0426368514587154,-0.6674843967220112,0.2913122496061711,0.4622749889569799,2.640138791488306,False,insufficient_egarch_obs
larger GM paper,Gross before costs,142,garch11_residual_fallback_insufficient_egarch_obs,60,ok,60,0.260356929400529,0.6006107542437007,0.6994655264501486,1.054382679304034,-0.6469787738970584,0.28624037226725935,0.29969083776519884,3.1802976427140073,False,insufficient_egarch_obs
larger GM paper,Gross before costs,143,garch11_residual_fallback_insufficient_egarch_obs,60,ok,60,0.843262245529872,0.7106007502652465,1.2404627868761717,2.322441328932601,-0.598136985821264,0.2447744766770766,0.38771145537335777,21.278236856487244,False,insufficient_egarch_obs
larger GM paper,Gross before costs,144,garch11_residual_fallback_insufficient_egarch_obs,60,ok,60,0.6973044389706728,0.40838415376373993,1.518294318374791,3.2238496000838954,-0.21002380894893757,0.1647137052429731,0.1830664591069727,14.08635843904599,False,insufficient_egarch_obs
larger GM paper,Gross before costs,145,garch11_residual_fallback_insufficient_egarch_obs,60,ok,60,0.8474032425595255,0.6812737137212548,1.2750259907253243,2.2657456274022687,-0.6212278716176879,0.2302149491137054,0.39775702569035487,21.518327242006848,False,insufficient_egarch_obs
larger GM paper,Gross before costs,146,garch11_residual_fallback_insufficient_egarch_obs,60,ok,60,0.46548453091713293,0.583277863960619,0.9594261635496031,1.5736594185045298,-0.7707917180128846,0.30633205180406314,0.3136055553825556,6.759369578404452,False,insufficient_egarch_obs
larger GM paper,Gross before costs,147,garch11_residual_fallback_insufficient_egarch_obs,60,ok,60,0.7150690111152509,0.46754734820762817,1.420753305819609,2.5195864014462757,-0.5822789816198992,0.15932240538487624,0.27625653841865866,14.839114967145347,False,insufficient_egarch_obs
larger GM paper,Gross before costs,148,garch11_residual_fallback_insufficient_egarch_obs,60,ok,60,0.014117950586029604,0.5291908634467155,0.3208395342755044,0.44434137926760703,-0.7549448869679796,0.2212394298806494,0.36566615341336745,1.0726112568229402,False,insufficient_egarch_obs
larger GM paper,Gross before costs,149,garch11_residual_fallback_insufficient_egarch_obs,60,ok,60,-0.11879394061189463,0.5892879565713387,0.11588518916672233,0.15486912583167733,-0.7476337756085034,0.3001972216976226,0.4127012038367443,0.5313581840396272,False,insufficient_egarch_obs
larger GM paper,Gross before costs,150,garch11_residual_fallback_insufficient_egarch_obs,60,ok,60,0.5620006679299363,0.5264162693402205,1.1329316434556052,1.8499529616222723,-0.5544991763364892,0.26793449276289794,0.3054301592696826,9.298353999065851,False,insufficient_egarch_obs
larger GM paper,Gross before costs,151,garch11_residual_fallback_insufficient_egarch_obs,60,ok,60,-0.4629245740390522,0.9432174713075658,-0.01710362191262225,-0.022821989313377502,-0.9967812031860549,0.42769072784687817,0.6718811469636119,0.04468650692001614,False,insufficient_egarch_obs
larger GM paper,Gross before costs,152,garch11_residual_fallback_insufficient_egarch_obs,60,ok,60,0.30627190603071597,0.6263633910020414,0.7527723279281128,1.186422920901858,-0.6510293234172908,0.3228767356740182,0.3436151694256935,3.803364363263874,False,insufficient_egarch_obs
larger GM paper,Gross before costs,153,garch11_residual_fallback_insufficient_egarch_obs,60,ok,60,-0.25912965485261696,0.44798245564935507,-0.416218818979319,-0.5046204132710057,-0.8101731608740864,0.2690848178631137,0.34133224432057024,0.2232086691323286,False,insufficient_egarch_obs
larger GM paper,Gross before costs,154,garch11_residual_fallback_insufficient_egarch_obs,60,ok,60,0.28676053818072567,0.5239897135077227,0.7625148160300559,1.1521461633742773,-0.5584752616076871,0.20517670611974625,0.31480957556856043,3.5276758208672,False,insufficient_egarch_obs
larger GM paper,Gross before costs,155,garch11_residual_fallback_insufficient_egarch_obs,60,ok,60,0.1053602664220401,0.5907861890824471,0.48454271651381253,0.7219018828713994,-0.7209107925576472,0.27914299160435607,0.3667666383399702,1.65013412744321,False,insufficient_egarch_obs
larger GM paper,Gross before costs,156,garch11_residual_fallback_insufficient_egarch_obs,60,ok,60,0.4140130028142257,0.536688853573518,0.937730815093029,1.523010949271614,-0.5305811611558747,0.17775167404310668,0.3320675351033326,5.6528441958640485,False,insufficient_egarch_obs
larger GM paper,Gross before costs,157,garch11_residual_fallback_insufficient_egarch_obs,60,ok,60,-0.32544704720835416,0.918014942005666,0.08982101823006819,0.1248994093344263,-0.9775391226834188,0.41428367978774405,0.5366081617925821,0.13966263724589592,False,insufficient_egarch_obs
larger GM paper,Gross before costs,158,garch11_residual_fallback_insufficient_egarch_obs,60,ok,60,-0.23886050315940877,0.8018213604695396,0.10403266056907735,0.14571933986025432,-0.9022196697413674,0.3888208746651955,0.5180565762106736,0.25545905075710285,False,insufficient_egarch_obs
larger GM paper,Gross before costs,159,garch11_residual_fallback_insufficient_egarch_obs,60,ok,60,-0.2131052425100879,0.6484975381554344,-0.011801042164693382,-0.015886978347135632,-0.8016003720462193,0.3136408746773662,0.4291066028405089,0.30170552247049215,False,insufficient_egarch_obs
larger GM paper,Gross before costs,160,garch11_residual_fallback_insufficient_egarch_obs,60,ok,60,0.7253523528203152,0.41055766433330837,1.5504122762880739,3.481120858752312,-0.3559087118555554,0.1301163711121699,0.1811948222390759,15.289349282220048,False,insufficient_egarch_obs
larger GM paper,Gross before costs,161,garch11_residual_fallback_insufficient_egarch_obs,60,ok,60,0.3634251640347028,0.631523406350223,0.8559590681341209,1.2944601527192416,-0.8217578391124192,0.2157102913240628,0.4454339341968216,4.71147104480999,False,insufficient_egarch_obs
larger GM paper,Gross before costs,162,garch11_residual_fallback_insufficient_egarch_obs,60,ok,60,0.09697116235240943,0.6721100737783431,0.4968646791144709,0.7357186377363948,-0.8476714494354853,0.35473734685623964,0.3986795105673979,1.5884591622945898,False,insufficient_egarch_obs
larger GM paper,Gross before costs,163,garch11_residual_fallback_insufficient_egarch_obs,60,ok,60,0.37084134454102236,0.45098351961841954,0.9398879934298205,1.5108887634627899,-0.36392952536667766,0.21816346101092096,0.28324619806805157,4.841009906072819,False,insufficient_egarch_obs
larger GM paper,Gross before costs,164,garch11_residual_fallback_insufficient_egarch_obs,60,ok,60,-0.002733515190378566,0.5654537307679954,0.28609915547447085,0.4169590954454895,-0.6046594325295274,0.2639357300273863,0.3393352895715391,0.9864069411289431,False,insufficient_egarch_obs
larger GM paper,Gross before costs,165,garch11_residual_fallback_insufficient_egarch_obs,60,ok,60,0.8324120685506564,0.4016386700378041,1.7493364991258555,3.1166870439943475,-0.35606316427217244,0.16506144752573615,0.2483975385820102,20.659305470947714,False,insufficient_egarch_obs
larger GM paper,Gross before costs,166,garch11_residual_fallback_insufficient_egarch_obs,60,ok,60,1.417330331083011,0.5269835596304887,1.9907191929555998,4.347246979103865,-0.39039727200628616,0.13688293650180272,0.26128637175110897,82.5429539081087,False,insufficient_egarch_obs
larger GM paper,Gross before costs,167,garch11_residual_fallback_insufficient_egarch_obs,60,ok,60,0.31717006743895415,0.46589559367866656,0.8289735448487657,1.4055571693374573,-0.3655512575415729,0.19972588361573465,0.2634642598777481,3.964690263496389,False,insufficient_egarch_obs
larger GM paper,Gross before costs,168,garch11_residual_fallback_insufficient_egarch_obs,60,ok,60,-0.07192240162812569,0.7197545757070121,0.2924551715210647,0.41038487149447445,-0.8694461729518932,0.3546516023227212,0.4654412990318025,0.6885277519497607,False,insufficient_egarch_obs
larger GM paper,Gross before costs,169,garch11_residual_fallback_insufficient_egarch_obs,60,ok,60,0.7899356311490475,0.41508107637260394,1.6285999770576578,3.8850598068980764,-0.22953851847250006,0.11927319831907554,0.15806841976547858,18.373295791754344,False,insufficient_egarch_obs
larger GM paper,Gross before costs,170,garch11_residual_fallback_insufficient_egarch_obs,60,ok,60,0.01913641408871536,0.9040088014595832,0.528870088249378,0.787591976348317,-0.9385897907602986,0.4109360523152729,0.5305261240187559,1.099414844969365,False,insufficient_egarch_obs
larger GM paper,Gross before costs,171,garch11_residual_fallback_insufficient_egarch_obs,60,ok,60,0.567564125482785,0.5095260349645412,1.1496668389317795,2.1217325280094683,-0.6271482645052667,0.17597837212695558,0.267284660561902,9.465129915343486,False,insufficient_egarch_obs
larger GM paper,Gross before costs,172,garch11_residual_fallback_insufficient_egarch_obs,60,ok,60,0.16074803913303848,0.5912979001555484,0.5659520400572396,0.8388101716967098,-0.7438290069385962,0.2795195065409003,0.3637969313430159,2.107122542909032,False,insufficient_egarch_obs
larger GM paper,Gross before costs,173,garch11_residual_fallback_insufficient_egarch_obs,60,ok,60,0.5269411210287176,0.46422404827931124,1.1669123873012754,1.9157622487500177,-0.5079121791604873,0.18826834181421012,0.2778784806623195,8.300637627989797,False,insufficient_egarch_obs
larger GM paper,Gross before costs,174,garch11_residual_fallback_insufficient_egarch_obs,60,ok,60,0.8365215984988144,0.6214880688101839,1.3218836586707376,2.2881157297811034,-0.5842644956903149,0.26281311358246623,0.34645854799709436,20.8920088560225,False,insufficient_egarch_obs
larger GM paper,Gross before costs,175,garch11_residual_fallback_insufficient_egarch_obs,60,ok,60,0.021503186130538365,0.5675612148020011,0.33302574195212487,0.4786128458225212,-0.6579473458420603,0.30509723713437714,0.32468900284833024,1.1122403023367227,False,insufficient_egarch_obs
larger GM paper,Gross before costs,176,garch11_residual_fallback_insufficient_egarch_obs,60,ok,60,0.41464513940606507,0.47553957664752533,0.9938393691431359,1.5274248898394964,-0.6429650478822033,0.2571752069670759,0.32075910713164907,5.66549105995232,False,insufficient_egarch_obs
larger GM paper,Gross before costs,177,garch11_residual_fallback_insufficient_egarch_obs,60,ok,60,0.36553452055284197,0.4158869772212525,0.9601826078812651,1.7448922075277278,-0.4569035486481101,0.13318180291413845,0.2047805653054615,4.7480295987593415,False,insufficient_egarch_obs
larger GM paper,Gross before costs,178,garch11_residual_fallback_insufficient_egarch_obs,60,ok,60,0.4475309764998563,0.5356843171122907,0.9619442434529886,1.719639929522583,-0.49750720537990967,0.2626007670209805,0.27408504203585626,6.3553479237744215,False,insufficient_egarch_obs
larger GM paper,Gross before costs,179,garch11_residual_fallback_insufficient_egarch_obs,60,ok,60,0.11001617663260044,0.6022443390232628,0.488265973790633,0.7151416398635313,-0.6867265256721596,0.2901182089274996,0.3283518711322661,1.685180945015337,False,insufficient_egarch_obs
larger GM paper,Gross before costs,180,garch11_residual_fallback_insufficient_egarch_obs,60,ok,60,0.5390901112954214,0.5731603505986326,1.0519703523519162,1.8267156041430872,-0.45629540273077207,0.25745219816886433,0.3215862479662735,8.636151237590846,False,insufficient_egarch_obs
larger GM paper,Gross before costs,181,garch11_residual_fallback_insufficient_egarch_obs,60,ok,60,-0.15635977782435084,0.6837395034364925,0.11513452667131965,0.15812399453090745,-0.7114004437125677,0.32388840182869877,0.3731891834607651,0.4273526358236241,False,insufficient_egarch_obs
larger GM paper,Gross before costs,182,garch11_residual_fallback_insufficient_egarch_obs,60,ok,60,0.6676381411983543,0.7309216140643632,1.083655457272159,1.9274902752286478,-0.7800581397671392,0.2751796067309011,0.40436309254337227,12.897605750025388,False,insufficient_egarch_obs
larger GM paper,Gross before costs,183,garch11_residual_fallback_insufficient_egarch_obs,60,ok,60,0.27212573380287153,0.5604114122804599,0.7394098681995964,1.0942899522082559,-0.7890340432958449,0.26847235091763944,0.39216448127964815,3.3315795697976878,False,insufficient_egarch_obs
larger GM paper,Gross before costs,184,garch11_residual_fallback_insufficient_egarch_obs,60,ok,60,-0.4316557667588866,0.9517443033757605,0.032281155233527606,0.04223071490563989,-0.977700106480186,0.5674906596627589,0.6543538123190067,0.05930035437860586,False,insufficient_egarch_obs
larger GM paper,Gross before costs,185,garch11_residual_fallback_insufficient_egarch_obs,60,ok,60,-0.284912033735649,0.6463579048834833,-0.15779328525833775,-0.2081312511022721,-0.9417772328144459,0.32467537955068654,0.42885641483906883,0.18698094409102686,False,insufficient_egarch_obs
larger GM paper,Gross before costs,186,garch11_residual_fallback_insufficient_egarch_obs,60,ok,60,0.5954606549866786,0.6056378036758255,1.1054352665403282,1.9186445486355317,-0.563750206116735,0.1935089817085905,0.33971041078045366,10.337856359025398,False,insufficient_egarch_obs
larger GM paper,Gross before costs,187,garch11_residual_fallback_insufficient_egarch_obs,60,ok,60,-0.08063689217054804,0.7029491845758904,0.2567652296786602,0.3612000703204884,-0.6961255088508596,0.3145158197051326,0.3949104936355927,0.6568033542827184,False,insufficient_egarch_obs
larger GM paper,Gross before costs,188,garch11_residual_fallback_insufficient_egarch_obs,60,ok,60,0.1451543408384275,0.577621804359597,0.538750904075108,0.7903034307333962,-0.5415175714583713,0.28860017090236684,0.34069789336778866,1.969337352884412,False,insufficient_egarch_obs
larger GM paper,Gross before costs,189,garch11_residual_fallback_insufficient_egarch_obs,60,ok,60,-0.12327353238085692,0.5944547683049036,0.10630915927760164,0.14592554839670432,-0.7671474657298079,0.31373560527567995,0.41531994320213556,0.5179890613899837,False,insufficient_egarch_obs
larger GM paper,Gross before costs,190,garch11_residual_fallback_insufficient_egarch_obs,60,ok,60,-0.1130214122824098,0.6887869290264633,0.1839769259887943,0.2647493217966254,-0.8578980761756106,0.32199926734108053,0.36452989146440623,0.5489915740541926,False,insufficient_egarch_obs
larger GM paper,Gross before costs,191,garch11_residual_fallback_insufficient_egarch_obs,60,ok,60,-0.11567210020507224,0.8070669270002295,0.3103718903894128,0.42374495910691445,-0.9549952771250241,0.40477200944335867,0.5100050361488223,0.5408372978270588,False,insufficient_egarch_obs
larger GM paper,Gross before costs,192,garch11_residual_fallback_insufficient_egarch_obs,60,ok,60,0.3914339689131172,0.5062345098319727,0.9093849168279451,1.5836319978468079,-0.4412728167344636,0.23515295308453116,0.2638842478842691,5.215704854794192,False,insufficient_egarch_obs
larger GM paper,Gross before costs,193,garch11_residual_fallback_insufficient_egarch_obs,60,ok,60,-0.10034802417013744,0.7307583485608734,0.2453197902086382,0.3541170202758135,-0.7977690592987294,0.35609705977022993,0.4409888300429368,0.5893491893392908,False,insufficient_egarch_obs
larger GM paper,Gross before costs,194,garch11_residual_fallback_insufficient_egarch_obs,60,ok,60,1.068115893400409,0.6570646013141366,1.4830923899840012,2.5500417367311283,-0.7060816419725859,0.27613907135731336,0.3827149693472472,37.83331190480315,False,insufficient_egarch_obs
larger GM paper,Gross before costs,195,garch11_residual_fallback_insufficient_egarch_obs,60,ok,60,0.7150083697836966,0.571302546702032,1.2502864229558928,2.22703738014422,-0.38774344061257326,0.24295619763417184,0.3369801787215873,14.836491748917881,False,insufficient_egarch_obs
larger GM paper,Gross before costs,196,garch11_residual_fallback_insufficient_egarch_obs,60,ok,60,0.6233770807591605,0.5952014589960307,1.1292057075105895,2.0625503150229965,-0.5881878616860965,0.1794927492164884,0.3126100009318275,11.274493770543648,False,insufficient_egarch_obs
larger GM paper,Gross before costs,197,garch11_residual_fallback_insufficient_egarch_obs,60,ok,60,0.6137678950920964,0.6070998275498094,1.1116897114245727,1.9029358798511673,-0.6052102556067249,0.2227893367280135,0.3041865527858368,10.944737654644683,False,insufficient_egarch_obs
larger GM paper,Gross before costs,198,garch11_residual_fallback_insufficient_egarch_obs,60,ok,60,0.04617481329106221,0.5283840551102942,0.3493018270505326,0.5301379228294363,-0.6062046026128325,0.23460365424975255,0.2858132573404206,1.2532026390972695,False,insufficient_egarch_obs
larger GM paper,Gross before costs,199,garch11_residual_fallback_insufficient_egarch_obs,60,ok,60,0.4025615580653501,0.3936712934035216,1.0663091037896288,1.819275099841452,-0.304852428176403,0.17492738312313835,0.20795597445444938,5.427622786802512,False,insufficient_egarch_obs
larger GM paper,Gross before costs,200,garch11_residual_fallback_insufficient_egarch_obs,60,ok,60,0.3482800020482464,0.5178550811843509,0.852679799431312,1.3856684677692797,-0.5576727786411819,0.16258164912301185,0.33889929698920435,4.455541212649388,False,insufficient_egarch_obs
larger GM paper,Gross before costs,201,garch11_residual_fallback_insufficient_egarch_obs,60,ok,60,0.5795982487620317,0.48829116367112424,1.1991120163401914,2.0765611491428375,-0.41543058065585203,0.23255219485572556,0.2777795535194351,9.834068246852453,False,insufficient_egarch_obs
larger GM paper,Gross before costs,202,garch11_residual_fallback_insufficient_egarch_obs,60,ok,60,0.04022774370642623,0.5470679790747417,0.34589622141632714,0.5272857996197994,-0.8312469758378048,0.2542113557773846,0.2801007507073225,1.2179856255854349,False,insufficient_egarch_obs
larger GM paper,Gross before costs,203,garch11_residual_fallback_insufficient_egarch_obs,60,ok,60,1.1571748139839069,0.5252280814789615,1.7772045365786386,3.279070081723706,-0.41530647914730234,0.20223333425139323,0.29866028981224085,46.71181102446639,False,insufficient_egarch_obs
larger GM paper,Gross before costs,204,garch11_residual_fallback_insufficient_egarch_obs,60,ok,60,-0.035740611433310976,0.5779447426518546,0.23376544076110153,0.33876728655310384,-0.7748002904593022,0.2816544568436094,0.32165859467918584,0.8336224087504497,False,insufficient_egarch_obs
larger GM paper,Gross before costs,205,garch11_residual_fallback_insufficient_egarch_obs,60,ok,60,-0.040646637624398574,0.6933414086475181,0.31757188147933624,0.46707205029009347,-0.8157432630177599,0.2974337295487003,0.4440120459584907,0.8126302973367543,False,insufficient_egarch_obs
larger GM paper,Gross before costs,206,garch11_residual_fallback_insufficient_egarch_obs,60,ok,60,0.14402694380199477,0.5913163765329121,0.5397648977468084,0.7898420877172091,-0.6193511447491108,0.3218238042827065,0.3578421854927952,1.959662422075642,False,insufficient_egarch_obs
larger GM paper,Gross before costs,207,garch11_residual_fallback_insufficient_egarch_obs,60,ok,60,0.46663482060390016,0.7178603469716102,0.9687356089692907,1.4488084088058655,-0.793644471687156,0.3282656327788802,0.49659270548010853,6.7859391136803815,False,insufficient_egarch_obs
larger GM paper,Gross before costs,208,garch11_residual_fallback_insufficient_egarch_obs,60,ok,60,0.11377372954698961,0.4966761803099794,0.47660338047263,0.7019897562106412,-0.5013438799087364,0.26038645618416895,0.3232319243780455,1.7138975189875596,False,insufficient_egarch_obs
larger GM paper,Gross before costs,209,garch11_residual_fallback_insufficient_egarch_obs,60,ok,60,0.26653808228680287,0.5243942848663296,0.7167156737266961,1.1792960200186298,-0.6558902349712066,0.23103697347269309,0.3032378543167436,3.2590518015021392,False,insufficient_egarch_obs
larger GM paper,Gross before costs,210,garch11_residual_fallback_insufficient_egarch_obs,60,ok,60,0.959192611686488,0.5762720930578473,1.497928786643628,2.6527636766282594,-0.47472036550086627,0.20689843083958578,0.3423402706010086,28.865937818763726,False,insufficient_egarch_obs
larger GM paper,Gross before costs,211,garch11_residual_fallback_insufficient_egarch_obs,60,ok,60,0.41259019533984276,0.5657380565879101,0.9284974735052862,1.414135116408434,-0.6155643627532723,0.27482784310117825,0.37635734813286853,5.624461361435126,False,insufficient_egarch_obs
larger GM paper,Gross before costs,212,garch11_residual_fallback_insufficient_egarch_obs,60,ok,60,0.5510428765259705,0.7363784052005419,1.0024230525252111,1.6103717079744482,-0.7293878648638907,0.3421155662278785,0.442592264305018,8.976747664434342,False,insufficient_egarch_obs
larger GM paper,Gross before costs,213,garch11_residual_fallback_insufficient_egarch_obs,60,ok,60,0.2420817448949526,0.7677811335479583,0.6798782277378494,1.0613611078422514,-0.7784684120687246,0.3354586876032549,0.37144404587535945,2.9563162774956537,False,insufficient_egarch_obs
larger GM paper,Gross before costs,214,garch11_residual_fallback_insufficient_egarch_obs,60,ok,60,0.31746657554996394,0.5025315181389571,0.8037216906721022,1.3580185932792541,-0.602050956850736,0.20984979939562404,0.2738351442652018,3.969154729516435,False,insufficient_egarch_obs
larger GM paper,Gross before costs,215,garch11_residual_fallback_insufficient_egarch_obs,60,ok,60,0.4197637740553215,0.47692449292205646,0.974537560583775,1.7901645133978892,-0.6986970370336556,0.20869708862065725,0.2344228305609488,5.768733202046067,False,insufficient_egarch_obs
larger GM paper,Gross before costs,216,garch11_residual_fallback_insufficient_egarch_obs,60,ok,60,-0.5292269211890044,0.8578150282793314,-0.30015577078802147,-0.37295094595010264,-0.9937949555854636,0.4789608729724334,0.6264791169927095,0.02312374111978242,False,insufficient_egarch_obs
larger GM paper,Gross before costs,217,garch11_residual_fallback_insufficient_egarch_obs,60,ok,60,0.3288017866514661,0.48689014388779883,0.816405684702402,1.5985320257630755,-0.4431876185132789,0.1784202579347152,0.21475658692253832,4.142867245017719,False,insufficient_egarch_obs
larger GM paper,Gross before costs,218,garch11_residual_fallback_insufficient_egarch_obs,60,ok,60,0.8847029284546573,0.6447044655568853,1.3474374932752986,2.2508512158223444,-0.5028700710680227,0.32043845604108484,0.3878808673817933,23.78014655550341,False,insufficient_egarch_obs
larger GM paper,Gross before costs,219,garch11_residual_fallback_insufficient_egarch_obs,60,ok,60,-0.26149593247500413,0.6210306791428436,-0.16101771924184025,-0.2170377233371778,-0.9145351135853765,0.2843191114218919,0.33843107139500733,0.21966681760361395,False,insufficient_egarch_obs
larger GM paper,Gross before costs,220,garch11_residual_fallback_insufficient_egarch_obs,60,ok,60,-0.3520589641569638,0.7478248031597609,-0.1857428247167634,-0.2540735464463195,-0.970047816282958,0.3645558265133359,0.3957927680803451,0.11420297809651546,False,insufficient_egarch_obs
larger GM paper,Gross before costs,221,garch11_residual_fallback_insufficient_egarch_obs,60,ok,60,0.17670779876015152,0.6198809943463459,0.5995365080097033,0.892852362535194,-0.8187508323189782,0.319752709785698,0.41122123727924476,2.25602110940455,False,insufficient_egarch_obs
larger GM paper,Gross before costs,222,garch11_residual_fallback_insufficient_egarch_obs,60,ok,60,0.27538080612757043,0.5189150545044297,0.7267643714342854,1.2678949877779049,-0.6060878566858898,0.18452538047439906,0.288304528637123,3.374421922553809,False,insufficient_egarch_obs
larger GM paper,Gross before costs,223,garch11_residual_fallback_insufficient_egarch_obs,60,ok,60,-0.3219276487182584,0.8233601739702983,-0.019296507385456307,-0.025834065486829066,-0.9121912678655758,0.39224147582814595,0.4138002464464429,0.14334421838128414,False,insufficient_egarch_obs
larger GM paper,Gross before costs,224,garch11_residual_fallback_insufficient_egarch_obs,60,ok,60,-0.036710864658381026,0.5367291001390645,0.20398557223358055,0.2978992806461527,-0.8774474936725289,0.2685823931601807,0.3056816642017293,0.8294368194153651,False,insufficient_egarch_obs
larger GM paper,Gross before costs,225,garch11_residual_fallback_insufficient_egarch_obs,60,ok,60,0.3415724863081291,0.44810664574108106,0.8889557435757248,1.4555237713743612,-0.3549280395191807,0.1846336537006724,0.2533314403489788,4.345809797803143,False,insufficient_egarch_obs
larger GM paper,Gross before costs,226,garch11_residual_fallback_insufficient_egarch_obs,60,ok,60,0.26479822151081644,0.4902025670453029,0.7363443410849713,1.1328456072037074,-0.6933379544589773,0.19862870910321923,0.29940988072825553,3.2367281969725363,False,insufficient_egarch_obs
larger GM paper,Gross before costs,227,garch11_residual_fallback_insufficient_egarch_obs,60,ok,60,-0.38480629836848024,0.7969172229032031,-0.13822329257189872,-0.17963271826768867,-0.9570764500118778,0.3965072359602827,0.5092500672460555,0.08811693904913782,False,insufficient_egarch_obs
larger GM paper,Gross before costs,228,garch11_residual_fallback_insufficient_egarch_obs,60,ok,60,0.36185192803605104,0.5132195469108105,0.8633363911775813,1.4474043257780342,-0.5266869949422714,0.18193069567065326,0.2670404215311592,4.684351221908302,False,insufficient_egarch_obs
larger GM paper,Gross before costs,229,garch11_residual_fallback_insufficient_egarch_obs,60,ok,60,-0.37250546089795833,0.6637374924106209,-0.31538484253568183,-0.3895297039435932,-0.9597797646524139,0.32101346893265953,0.4210018677371346,0.09728586689661718,False,insufficient_egarch_obs
larger GM paper,Gross before costs,230,garch11_residual_fallback_insufficient_egarch_obs,60,ok,60,-0.1273610968676152,0.4889236140630457,-0.009626324648898434,-0.012658339699805819,-0.7226906283920775,0.2123201391889799,0.34434276720859636,0.5060260233891152,False,insufficient_egarch_obs
larger GM paper,Gross before costs,231,garch11_residual_fallback_insufficient_egarch_obs,60,ok,60,-0.40911840496326024,0.8572177088423844,-0.1055132912940392,-0.1363681557085646,-0.9641174346016567,0.42659497716674033,0.517790145959213,0.07202815877844146,False,insufficient_egarch_obs
larger GM paper,Gross before costs,232,garch11_residual_fallback_insufficient_egarch_obs,60,ok,60,0.40458591011556577,0.8840381868724742,0.8722295423133392,1.4355376314524106,-0.8356695655311759,0.3152208303055017,0.4922726672997375,5.4669051337906795,False,insufficient_egarch_obs
larger GM paper,Gross before costs,233,garch11_residual_fallback_insufficient_egarch_obs,60,ok,60,-0.5791833895224625,0.938267941596516,-0.37335698815020746,-0.49343341306183935,-0.9860601203552419,0.415949675450337,0.5694833154051101,0.013196670397169347,False,insufficient_egarch_obs
larger GM paper,Gross before costs,234,garch11_residual_fallback_insufficient_egarch_obs,60,ok,60,0.47489965694515823,0.5596769960563897,0.9814448443062586,1.7025426580224816,-0.6361111267358281,0.18518367539074107,0.29322190480483373,6.979308139456676,False,insufficient_egarch_obs
larger GM paper,Gross before costs,235,garch11_residual_fallback_insufficient_egarch_obs,60,ok,60,0.7177654180913804,0.6137924105822048,1.204269175011088,2.1113932983797454,-0.4589593905540018,0.26683396057719444,0.2984598340986144,14.956131554597052,False,insufficient_egarch_obs
larger GM paper,Gross before costs,236,garch11_residual_fallback_insufficient_egarch_obs,60,ok,60,-0.08927872031875572,0.4867751356144286,0.07184807336070961,0.09390028100792944,-0.8022774185613335,0.2896307345066782,0.33324354051268784,0.6265091549199452,False,insufficient_egarch_obs
larger GM paper,Gross before costs,237,garch11_residual_fallback_insufficient_egarch_obs,60,ok,60,0.13898351420378297,0.49813791929758605,0.5104702566284697,0.8246273355414234,-0.6351761440334311,0.25714026933357725,0.2877594448227034,1.9168458566468098,False,insufficient_egarch_obs
larger GM paper,Gross before costs,238,garch11_residual_fallback_insufficient_egarch_obs,60,ok,60,0.05568698764787894,0.6401693207333089,0.4324471672435568,0.6261875844395258,-0.699373210083697,0.33218462000033644,0.4170688324494456,1.311220838039581,False,insufficient_egarch_obs
larger GM paper,Gross before costs,239,garch11_residual_fallback_insufficient_egarch_obs,60,ok,60,-0.1412165463567201,0.6237371499546894,0.10869453806655101,0.1418153745997341,-0.8844519428097437,0.3449299858439068,0.43734070306792955,0.4671091139060495,False,insufficient_egarch_obs
larger GM paper,Gross before costs,240,garch11_residual_fallback_insufficient_egarch_obs,60,ok,60,0.35605226853430505,0.5716889941397916,0.8225988150211468,1.388359248969413,-0.4972023998342976,0.21979514799607203,0.3109177793794633,4.585451960001658,False,insufficient_egarch_obs
larger GM paper,Gross before costs,241,garch11_residual_fallback_insufficient_egarch_obs,60,ok,60,0.27927208822978766,0.4778636342353689,0.7561465511230411,1.270307614463613,-0.3776547430126226,0.2521844160575897,0.27073068784546345,3.4262150759606116,False,insufficient_egarch_obs
larger GM paper,Gross before costs,242,garch11_residual_fallback_insufficient_egarch_obs,60,ok,60,1.455991224373966,0.6311551860779913,1.7879317751227473,3.505036762592715,-0.5536090617022958,0.25068334834848294,0.31515858131527846,89.35812622475122,False,insufficient_egarch_obs
larger GM paper,Gross before costs,243,garch11_residual_fallback_insufficient_egarch_obs,60,ok,60,0.012188686317150532,0.46973140170934385,0.2608673327833446,0.410476460017902,-0.5711945254753589,0.173175528709624,0.27212431881821303,1.0624472909615492,False,insufficient_egarch_obs
larger GM paper,Gross before costs,244,garch11_residual_fallback_insufficient_egarch_obs,60,ok,60,0.758317825460195,0.4674347907154382,1.4514671430319246,3.355724421742305,-0.3585733702562257,0.13979984193695394,0.15932428228664472,16.806872078439195,False,insufficient_egarch_obs
larger GM paper,Gross before costs,245,garch11_residual_fallback_insufficient_egarch_obs,60,ok,60,-0.001491400928568254,0.8512042286878917,0.4465415148320783,0.6874255563122005,-0.8031980857788903,0.3670951616653957,0.4740305994993939,0.9925652049763022,False,insufficient_egarch_obs
larger GM paper,Gross before costs,246,garch11_residual_fallback_insufficient_egarch_obs,60,ok,60,0.19543170252798436,0.4348264825440315,0.6411295641953643,0.9461488118034501,-0.5318368408301886,0.20714993715193847,0.3021484789267858,2.441315143789506,False,insufficient_egarch_obs
larger GM paper,Gross before costs,247,garch11_residual_fallback_insufficient_egarch_obs,60,ok,60,0.20939963021548658,0.5328769485776392,0.625625276109205,1.029771651993311,-0.6104402490180524,0.1941842408825555,0.2957701606680944,2.587314112655926,False,insufficient_egarch_obs
larger GM paper,Gross before costs,248,garch11_residual_fallback_insufficient_egarch_obs,60,ok,60,0.22506429503401004,0.5181804401090229,0.6573556618219494,1.0301420497250473,-0.5177090723581879,0.21121075027545433,0.28925587515632695,2.7592713515349145,False,insufficient_egarch_obs
larger GM paper,Gross before costs,249,garch11_residual_fallback_insufficient_egarch_obs,60,ok,60,-0.0018427598145347446,0.5609547747476611,0.2778171569069041,0.41998724986163877,-0.6487262218313268,0.2633975167314839,0.3023926570593985,0.990820096046532,False,insufficient_egarch_obs
larger GM paper,Gross before costs,250,garch11_residual_fallback_insufficient_egarch_obs,60,ok,60,0.4280107351087137,0.6935803358019387,0.8972161929170536,1.412691823550438,-0.6003731818431169,0.3547747442843229,0.45245263603780517,5.938234739835145,False,insufficient_egarch_obs
larger GM paper,Gross before costs,251,garch11_residual_fallback_insufficient_egarch_obs,60,ok,60,-0.20009357530068228,0.5838154216362067,-0.07839166347441777,-0.10854847353360449,-0.889735660602042,0.30520157230766476,0.34302815005616205,0.32748840261140405,False,insufficient_egarch_obs
larger GM paper,Gross before costs,252,garch11_residual_fallback_insufficient_egarch_obs,60,ok,60,0.5265366600988279,0.4571951891293437,1.1668767845036807,2.074408910988212,-0.5875758978354684,0.18025295145765804,0.23505544408075554,8.289649956418806,False,insufficient_egarch_obs
larger GM paper,Gross before costs,253,garch11_residual_fallback_insufficient_egarch_obs,60,ok,60,0.289123960402097,0.5702858584876549,0.7438176783042127,1.214892327213671,-0.5953066701575291,0.16181386492299393,0.341498676656542,3.560191857915268,False,insufficient_egarch_obs
larger GM paper,Gross before costs,254,garch11_residual_fallback_insufficient_egarch_obs,60,ok,60,-0.05274038572456552,0.6218303876441723,0.2584416478850776,0.3561640374105694,-0.6465539496249004,0.27874623204931,0.4223863577256674,0.7626848319469917,False,insufficient_egarch_obs
larger GM paper,Gross before costs,255,garch11_residual_fallback_insufficient_egarch_obs,60,ok,60,0.23725619556699273,0.5367737626750361,0.6801736790701722,1.035315220400168,-0.584818198418448,0.23011967823009258,0.33441932273704994,2.899333583636525,False,insufficient_egarch_obs
larger GM paper,Gross before costs,256,garch11_residual_fallback_insufficient_egarch_obs,60,ok,60,0.34968444979128277,0.46672129076467067,0.8739356307634274,1.5962780315482266,-0.5917401840400389,0.16838606459630556,0.23028044545055196,4.478795376818198,False,insufficient_egarch_obs
larger GM paper,Gross before costs,257,garch11_residual_fallback_insufficient_egarch_obs,60,ok,60,0.5329230850927935,0.4863367845393402,1.128352908694678,2.0762651881224703,-0.42261135369288383,0.19165078945299852,0.24600216799077182,8.46451000541782,False,insufficient_egarch_obs
larger GM paper,Gross before costs,258,garch11_residual_fallback_insufficient_egarch_obs,60,ok,60,0.08610330587973469,0.6095190508694812,0.45226286196318816,0.672321072100182,-0.5468453037548582,0.2699402548875984,0.34535557647141496,1.5113173844955492,False,insufficient_egarch_obs
larger GM paper,Gross before costs,259,garch11_residual_fallback_insufficient_egarch_obs,60,ok,60,0.3445428450896837,0.5790522445363198,0.8200853060961601,1.279581245951272,-0.6667105028501557,0.2669724777955178,0.36540556959571685,4.394133323853791,False,insufficient_egarch_obs
larger GM paper,Gross before costs,260,garch11_residual_fallback_insufficient_egarch_obs,60,ok,60,0.3643388556996825,0.5217294663481006,0.8733271304658773,1.3866427807019945,-0.5609419185060636,0.24379331530603435,0.316553716404315,4.727279046313844,False,insufficient_egarch_obs
larger GM paper,Gross before costs,261,garch11_residual_fallback_insufficient_egarch_obs,60,ok,60,0.5045695978372751,0.5467871209839554,1.0498454924024032,1.6968287222826806,-0.5600092337920952,0.18849821308849493,0.36356578297074854,7.710124836774473,False,insufficient_egarch_obs
larger GM paper,Gross before costs,262,garch11_residual_fallback_insufficient_egarch_obs,60,ok,60,0.02965823061999462,0.6080457604939933,0.3724817663785256,0.5262894946555017,-0.7957092741739433,0.31069732125385724,0.36732336778974267,1.157352028009706,False,insufficient_egarch_obs
larger GM paper,Gross before costs,263,garch11_residual_fallback_insufficient_egarch_obs,60,ok,60,-0.09589072429741574,0.5965467384965442,0.1748489955467876,0.23384020778747663,-0.9292177806517704,0.34805597855116566,0.4531035331845706,0.6040941422944544,False,insufficient_egarch_obs
larger GM paper,Gross before costs,264,garch11_residual_fallback_insufficient_egarch_obs,60,ok,60,0.4199770048500573,0.5894230748127081,0.9077595501136922,1.5006145620310027,-0.6302883637402674,0.27647410441632664,0.3710793363611075,5.773066462008247,False,insufficient_egarch_obs
larger GM paper,Gross before costs,265,garch11_residual_fallback_insufficient_egarch_obs,60,ok,60,0.45720830072580454,0.5888411979327813,0.9510231820535939,1.5805600557708195,-0.5502164449476223,0.23806569983589482,0.35207854473995903,6.570647702192578,False,insufficient_egarch_obs
larger GM paper,Gross before costs,266,garch11_residual_fallback_insufficient_egarch_obs,60,ok,60,0.26818126709068535,0.6515663063287865,0.7003629888150947,1.1169250146697254,-0.6639460918258813,0.25701522216691813,0.3394608930178498,3.2802479189448546,False,insufficient_egarch_obs
larger GM paper,Gross before costs,267,garch11_residual_fallback_insufficient_egarch_obs,60,ok,60,-0.42141316772730075,0.8014489555934811,-0.1650930040976026,-0.2085144910029012,-0.9735446796562163,0.3812660572437073,0.5895464069072235,0.06483995844174625,False,insufficient_egarch_obs
larger GM paper,Gross before costs,268,garch11_residual_fallback_insufficient_egarch_obs,60,ok,60,-0.3312202813871552,0.6906351204850367,-0.20009733470655322,-0.2586839286559101,-0.9659969425001996,0.3572661877716777,0.3900769957250916,0.13378747927783452,False,insufficient_egarch_obs
larger GM paper,Gross before costs,269,garch11_residual_fallback_insufficient_egarch_obs,60,ok,60,0.2568275086154508,0.5324152277127291,0.714168819371797,1.1125413541641336,-0.6881737181908774,0.20241257202148946,0.31138967233551335,3.136016856746401,False,insufficient_egarch_obs
larger GM paper,Gross before costs,270,garch11_residual_fallback_insufficient_egarch_obs,60,ok,60,0.9358669113797089,1.0356750480946904,1.2368173988696405,2.0845662256918045,-0.8281008505381001,0.499789983498712,0.5879017154471861,27.18801393011118,False,insufficient_egarch_obs
larger GM paper,Gross before costs,271,garch11_residual_fallback_insufficient_egarch_obs,60,ok,60,-0.611125588074394,0.9951636627953739,-0.1434169239071881,-0.17808683620907714,-0.9989972596814908,0.5958913543577985,0.775640355857573,0.00889297019525557,False,insufficient_egarch_obs
larger GM paper,Gross before costs,272,garch11_residual_fallback_insufficient_egarch_obs,60,ok,60,0.2638413010468379,0.6864503980870671,0.7212843130491488,1.103478106881614,-0.5518278876227156,0.29226946568966644,0.44495574477144967,3.2245024986547177,False,insufficient_egarch_obs
larger GM paper,Gross before costs,273,garch11_residual_fallback_insufficient_egarch_obs,60,ok,60,-0.15827201120029988,0.5550447351728383,0.013099378397990922,0.016556110117332597,-0.781686562597794,0.3595778937131822,0.43861869355292216,0.42253125733020436,False,insufficient_egarch_obs
larger GM paper,Gross before costs,274,garch11_residual_fallback_insufficient_egarch_obs,60,ok,60,0.23338632093519607,0.6885347801486689,0.7088850040858246,1.0203992101383224,-0.714136252085608,0.36515884012271826,0.5094447882306896,2.854273842574018,False,insufficient_egarch_obs
larger GM paper,Gross before costs,275,garch11_residual_fallback_insufficient_egarch_obs,60,ok,60,0.36962604046987546,0.4860106485412666,0.9009925715362751,1.4620414200891696,-0.38827114037235566,0.21514171115749425,0.28502395020895294,4.819589204222256,False,insufficient_egarch_obs
larger GM paper,Gross before costs,276,garch11_residual_fallback_insufficient_egarch_obs,60,ok,60,-0.024616661501897674,0.7649664613182532,0.3516301963221325,0.5473990833935709,-0.8868216792072002,0.3374026525418944,0.3749476176669733,0.8828291476937639,False,insufficient_egarch_obs
larger GM paper,Gross before costs,277,garch11_residual_fallback_insufficient_egarch_obs,60,ok,60,0.5042185471582767,0.4668305154825028,1.1166089464038027,2.0409758468317896,-0.3782762135599641,0.15898873596584906,0.2400670058205094,7.701134286211528,False,insufficient_egarch_obs
larger GM paper,Gross before costs,278,garch11_residual_fallback_insufficient_egarch_obs,60,ok,60,-0.2758378472671622,0.5806834513997803,-0.24141899509710055,-0.3115583181626415,-0.9254824888915038,0.2835949060228516,0.3414257292381784,0.1991494523984501,False,insufficient_egarch_obs
larger GM paper,Gross before costs,279,garch11_residual_fallback_insufficient_egarch_obs,60,ok,60,-0.3955193819697307,0.6839137565114233,-0.3202402379777544,-0.3827278501768758,-0.940272940732015,0.39747557884243157,0.4714086652595564,0.08070712954988002,False,insufficient_egarch_obs
larger GM paper,Gross before costs,280,garch11_residual_fallback_insufficient_egarch_obs,60,ok,60,-0.0416377267793524,0.6267029980418666,0.27490553106361365,0.37938265134132587,-0.7649281430995021,0.3119370093487235,0.40913110920981444,0.8084413990585626,False,insufficient_egarch_obs
larger GM paper,Gross before costs,281,garch11_residual_fallback_insufficient_egarch_obs,60,ok,60,-0.15544055393342493,0.9308306811821356,0.31165991695488793,0.4679631628108534,-0.7956013162974793,0.3818979259566191,0.5204463176452357,0.4296859156430068,False,insufficient_egarch_obs
larger GM paper,Gross before costs,282,garch11_residual_fallback_insufficient_egarch_obs,60,ok,60,-0.2749544892729414,0.7711223799098996,0.057682076244325114,0.07616138316387168,-0.9773628454825839,0.47456300391759954,0.5668958674323193,0.20036706623829967,False,insufficient_egarch_obs
larger GM paper,Gross before costs,283,garch11_residual_fallback_insufficient_egarch_obs,60,ok,60,0.17009946802351794,0.38793656076378163,0.601815917840902,0.9392790912672215,-0.5382747819269131,0.2010827220831793,0.22363043372462896,2.193380153460635,False,insufficient_egarch_obs
larger GM paper,Gross before costs,284,garch11_residual_fallback_insufficient_egarch_obs,60,ok,60,0.5535612927953111,0.43943454560056433,1.229237859908091,2.4182347007800837,-0.6116923658367457,0.15124399341791372,0.22109733878296345,9.049862087107787,False,insufficient_egarch_obs
larger GM paper,Gross before costs,285,garch11_residual_fallback_insufficient_egarch_obs,60,ok,60,0.394487297062734,0.6077313791051918,0.855840633174319,1.4171897327407408,-0.5569306230977551,0.2538547973504941,0.27405518521764655,5.273182623526213,False,insufficient_egarch_obs
larger GM paper,Gross before costs,286,garch11_residual_fallback_insufficient_egarch_obs,60,ok,60,-0.337289327996772,0.6424428771917768,-0.28318944911378835,-0.36715619086399615,-0.8797393098211586,0.3463520380294469,0.41092557224992116,0.12782618328673,False,insufficient_egarch_obs
larger GM paper,Gross before costs,287,garch11_residual_fallback_insufficient_egarch_obs,60,ok,60,-0.05966736359821556,0.5904227250982448,0.18957081602934256,0.2875853040567223,-0.8709085688571168,0.25560287198017073,0.31951351748697493,0.7352034693651025,False,insufficient_egarch_obs
larger GM paper,Gross before costs,288,garch11_residual_fallback_insufficient_egarch_obs,60,ok,60,0.5243488478441916,0.4665182436075303,1.1558709463233712,1.9388311209076492,-0.42794251917030623,0.15823572877910694,0.2609612739965064,8.230416897806366,False,insufficient_egarch_obs
larger GM paper,Gross before costs,289,garch11_residual_fallback_insufficient_egarch_obs,60,ok,60,1.2392184444765841,0.4905796264919762,1.93002277837339,4.570526147922456,-0.44050628213842324,0.12772618747825948,0.19472189114992944,56.29661907235482,False,insufficient_egarch_obs
larger GM paper,Gross before costs,290,garch11_residual_fallback_insufficient_egarch_obs,60,ok,60,-0.3281899665652379,0.8043317094277167,-0.03423624963398266,-0.04586556363154779,-0.9236388402449843,0.425079779202486,0.505398965309613,0.13684610115462786,False,insufficient_egarch_obs
larger GM paper,Gross before costs,291,garch11_residual_fallback_insufficient_egarch_obs,60,ok,60,0.11612618736530345,0.6444700468863912,0.5024608245247406,0.763401191434638,-0.8110138783194827,0.2855997630980549,0.367599077199719,1.732074188820099,False,insufficient_egarch_obs
larger GM paper,Gross before costs,292,garch11_residual_fallback_insufficient_egarch_obs,60,ok,60,0.5469607524617068,0.7623230322169352,0.9748706994614827,1.5882174136834661,-0.6225140623047963,0.34824901323410873,0.37711325054972433,8.859240210047975,False,insufficient_egarch_obs
larger GM paper,Gross before costs,293,garch11_residual_fallback_insufficient_egarch_obs,60,ok,60,0.14755955824454947,0.8022382073794434,0.6377741213525113,0.9251677227432527,-0.8717755630020867,0.35906467519520285,0.5040594857141453,1.990105835671051,False,insufficient_egarch_obs
larger GM paper,Gross before costs,294,garch11_residual_fallback_insufficient_egarch_obs,60,ok,60,-0.05295932758437727,0.6878071674118145,0.2667654068039379,0.39949538456792505,-0.831439237881046,0.29251191040728214,0.33343564326791125,0.7618038355421529,False,insufficient_egarch_obs
larger GM paper,Gross before costs,295,garch11_residual_fallback_insufficient_egarch_obs,60,ok,60,-0.12971297091130074,0.9008839373268458,0.35203910475881706,0.5005692144751875,-0.914375131605299,0.45486733771654064,0.5173297634860823,0.49924365478588706,False,insufficient_egarch_obs
larger GM paper,Gross before costs,296,garch11_residual_fallback_insufficient_egarch_obs,60,ok,60,0.407128784447522,0.4424123489477756,0.9960279192696564,1.7772764467505022,-0.5491139987850366,0.20009624385289565,0.235266663232765,5.5165712994246565,False,insufficient_egarch_obs
larger GM paper,Gross before costs,297,garch11_residual_fallback_insufficient_egarch_obs,60,ok,60,0.5496683412877712,0.3531580021148549,1.435554976009999,2.692114914415142,-0.23302044251974396,0.12206202778955169,0.1632401399378931,8.937042101993818,False,insufficient_egarch_obs
larger GM paper,Gross before costs,298,garch11_residual_fallback_insufficient_egarch_obs,60,ok,60,0.923930501461165,0.5654616872386317,1.4834049360153927,2.574843610460711,-0.5074040652690199,0.18633422764418636,0.34784354693367586,26.36009064726132,False,insufficient_egarch_obs
larger GM paper,Gross before costs,299,garch11_residual_fallback_insufficient_egarch_obs,60,ok,60,0.09035045563042776,0.7595466800155418,0.536775722683747,0.8152724809475387,-0.9158344128932524,0.30619870823217815,0.5044515163964111,1.541099029570232,False,insufficient_egarch_obs
larger GM paper,Gross before costs,300,garch11_residual_fallback_insufficient_egarch_obs,60,ok,60,0.3697541512680844,0.5207669630785078,0.8820742930237082,1.4312044528339893,-0.6863681228643905,0.2011936464780004,0.31516488047110813,4.821843677048648,False,insufficient_egarch_obs
larger GM paper,Gross before costs,301,garch11_residual_fallback_insufficient_egarch_obs,60,ok,60,0.24831280720419113,0.5091973747521903,0.6974764380856249,1.0933956743918387,-0.7100960558767457,0.23956452762029523,0.28178037275219453,3.0312177203614317,False,insufficient_egarch_obs
larger GM paper,Gross before costs,302,garch11_residual_fallback_insufficient_egarch_obs,60,ok,60,0.4854400194757711,0.5947812852464732,0.9711673730896874,1.6480440320175358,-0.42548694609611337,0.26432619381748657,0.30192222038069055,7.232286145418514,False,insufficient_egarch_obs
larger GM paper,Gross before costs,303,garch11_residual_fallback_insufficient_egarch_obs,60,ok,60,-0.18510546324737465,0.6667298845326703,0.052756412761861944,0.07255149299409253,-0.8663777233303177,0.30238796536282997,0.404604927267316,0.3593412142541229,False,insufficient_egarch_obs
larger GM paper,Gross before costs,304,garch11_residual_fallback_insufficient_egarch_obs,60,ok,60,0.39432241361745834,0.5442497920604074,0.915758527611232,1.3942818677795228,-0.5105037811725162,0.23697741693347213,0.3535172443701013,5.2700658689470705,False,insufficient_egarch_obs
larger GM paper,Gross before costs,305,garch11_residual_fallback_insufficient_egarch_obs,60,ok,60,-0.09773078401333612,0.7527721296770185,0.2960771430741045,0.4076999827841107,-0.8180592551024486,0.34403885515556737,0.5217966736000422,0.5979717965091725,False,insufficient_egarch_obs
larger GM paper,Gross before costs,306,garch11_residual_fallback_insufficient_egarch_obs,60,ok,60,1.2382487501430917,0.4374185405633035,2.1194212520400044,4.35894015925121,-0.35613794874258586,0.1327961710852809,0.23631752702031225,56.174828247897395,False,insufficient_egarch_obs
larger GM paper,Gross before costs,307,garch11_residual_fallback_insufficient_egarch_obs,60,ok,60,0.09338338809441238,0.7007514874610843,0.4898976441461227,0.7528973345183867,-0.8375621054057281,0.2973028245766022,0.3829521654798856,1.5626523038909388,False,insufficient_egarch_obs
larger GM paper,Gross before costs,308,garch11_residual_fallback_insufficient_egarch_obs,60,ok,60,0.6907340106166693,0.5610491770975059,1.2227295483039202,2.409893896688953,-0.5980606036981955,0.18891691119619514,0.24875262019784108,13.815812952150534,False,insufficient_egarch_obs
larger GM paper,Gross before costs,309,garch11_residual_fallback_insufficient_egarch_obs,60,ok,60,-0.5270714183226471,0.8506243486388333,-0.36401526204202694,-0.46516885379181916,-0.9924445921123459,0.5161854624496602,0.5501884773556992,0.023657988049170815,False,insufficient_egarch_obs
larger GM paper,Gross before costs,310,garch11_residual_fallback_insufficient_egarch_obs,60,ok,60,0.17588681679805385,0.5991866406055633,0.5822364319929256,0.9097823390773586,-0.6437367029991388,0.24280327436629145,0.35682595079077695,2.2481620216603906,False,insufficient_egarch_obs
larger GM paper,Gross before costs,311,garch11_residual_fallback_insufficient_egarch_obs,60,ok,60,0.6181788951088498,0.8723405635787328,1.067182288617402,1.7496353680068981,-0.9275342671316505,0.3178493148252804,0.563436869433609,11.09513684811163,False,insufficient_egarch_obs
larger GM paper,Gross before costs,312,garch11_residual_fallback_insufficient_egarch_obs,60,ok,60,0.48673727887881246,0.5681115369916695,0.9790814287727247,1.871445468974002,-0.46831335324144807,0.21691705746408116,0.2699692430255263,7.263921730088135,False,insufficient_egarch_obs
larger GM paper,Gross before costs,313,garch11_residual_fallback_insufficient_egarch_obs,60,ok,60,0.021395241802343756,0.5481483893269603,0.32354369584962056,0.4688151684538008,-0.5458060996921292,0.26646065167700506,0.34527012619305925,1.1116527629997925,False,insufficient_egarch_obs
larger GM paper,Gross before costs,314,garch11_residual_fallback_insufficient_egarch_obs,60,ok,60,0.021164174401137492,0.5838827400132398,0.3443654389283506,0.4916684146633257,-0.7708904576325537,0.26077363644118057,0.3496737544266615,1.110395901256717,False,insufficient_egarch_obs
larger GM paper,Gross before costs,315,garch11_residual_fallback_insufficient_egarch_obs,60,ok,60,0.09456479646278093,0.6054183680881288,0.44821564439435313,0.7252779409583355,-0.7586416022172622,0.26464995267725167,0.30720968409191585,1.5711128510128007,False,insufficient_egarch_obs
larger GM paper,Gross before costs,316,garch11_residual_fallback_insufficient_egarch_obs,60,ok,60,0.39953146558074226,0.6877974044382645,0.8257573917024352,1.4700203321277294,-0.7785178980715922,0.2825953388900591,0.2998460533412043,5.369246412611617,False,insufficient_egarch_obs
larger GM paper,Gross before costs,317,garch11_residual_fallback_insufficient_egarch_obs,60,ok,60,-0.0690643833081257,0.49120654292936466,0.10859057749376823,0.15403521218437724,-0.6726501150315252,0.24524326007474345,0.3207954717636228,0.6991948672909866,False,insufficient_egarch_obs
larger GM paper,Gross before costs,318,garch11_residual_fallback_insufficient_egarch_obs,60,ok,60,0.48413258857302144,0.514677888457058,1.0418427185753536,1.7163135367169307,-0.4746257001483841,0.21415133697298874,0.3224796075219481,7.200514132531573,False,insufficient_egarch_obs
larger GM paper,Gross before costs,319,garch11_residual_fallback_insufficient_egarch_obs,60,ok,60,0.32961037133658744,0.477776985935811,0.8513730100282169,1.3162816499273458,-0.5308417240051915,0.2202581771703167,0.2942737373811375,4.155487405318535,False,insufficient_egarch_obs
larger GM paper,Gross before costs,320,garch11_residual_fallback_insufficient_egarch_obs,60,ok,60,0.16993936060278214,0.7660676594908199,0.6321919258557767,0.9422579284287599,-0.7266537956642904,0.3241240761437847,0.477065030254092,2.191879937636101,False,insufficient_egarch_obs
larger GM paper,Gross before costs,321,garch11_residual_fallback_insufficient_egarch_obs,60,ok,60,-0.13797376895557945,0.6964280719451671,0.16679121537606964,0.23333228704483278,-0.879335205727077,0.3399062189685056,0.4501014715261957,0.4759950177689802,False,insufficient_egarch_obs
larger GM paper,Gross before costs,322,garch11_residual_fallback_insufficient_egarch_obs,60,ok,60,0.07957892171690384,0.46272167299110195,0.39968251630143997,0.6102208604604009,-0.6921209420702326,0.21086948466252017,0.2967826325348983,1.4664659477086486,False,insufficient_egarch_obs
larger GM paper,Gross before costs,323,garch11_residual_fallback_insufficient_egarch_obs,60,ok,60,-0.4383364486918343,0.9769559559239391,-0.02735911877812125,-0.03811323065164911,-0.9909563670353501,0.4309442694373112,0.5669264305990201,0.05589606149538329,False,insufficient_egarch_obs
larger GM paper,Gross before costs,324,garch11_residual_fallback_insufficient_egarch_obs,60,ok,60,0.014961500872804567,0.6610582963257304,0.3677340080850298,0.541640998387435,-0.7702817173502977,0.31136248241572534,0.3827147572641943,1.0770797115309712,False,insufficient_egarch_obs
larger GM paper,Gross before costs,325,garch11_residual_fallback_insufficient_egarch_obs,60,ok,60,0.24709833554683724,0.6229759055233713,0.6964843958325092,1.0297282051645822,-0.6277619479476622,0.2907656468199539,0.3741906109964042,3.0165011689693726,False,insufficient_egarch_obs
larger GM paper,Gross before costs,326,garch11_residual_fallback_insufficient_egarch_obs,60,ok,60,0.3589055419562579,0.4125088859977097,0.9613285589613018,1.6226594168672397,-0.4652651582639602,0.10279043870005912,0.25795487314109267,4.633896709300359,False,insufficient_egarch_obs
larger GM paper,Gross before costs,327,garch11_residual_fallback_insufficient_egarch_obs,60,ok,60,0.8488047417558648,0.5275105739322546,1.467865193328501,2.514061156400384,-0.421516016221525,0.1578858125537687,0.30839958319433985,21.600073635782316,False,insufficient_egarch_obs
larger GM paper,Gross before costs,328,garch11_residual_fallback_insufficient_egarch_obs,60,ok,60,0.44885353538285044,0.6522514579713249,0.9036907727609291,1.6032028651252104,-0.48746100533550696,0.25547441774610147,0.37288162713024775,6.3844343313539325,False,insufficient_egarch_obs
larger GM paper,Gross before costs,329,garch11_residual_fallback_insufficient_egarch_obs,60,ok,60,-0.2706908277996384,0.6227903507149742,-0.17930900172467032,-0.24282879078522446,-0.8596832248566041,0.31227461473514606,0.3583652394609073,0.2063280993833079,False,insufficient_egarch_obs
larger GM paper,Gross before costs,330,garch11_residual_fallback_insufficient_egarch_obs,60,ok,60,0.2094422613835576,0.5355883229304784,0.6333792071482036,0.9692675483548625,-0.496564345815661,0.2573772986440958,0.33970603700121976,2.587770157111548,False,insufficient_egarch_obs
larger GM paper,Gross before costs,331,garch11_residual_fallback_insufficient_egarch_obs,60,ok,60,-0.06721234572934265,0.6017698079291051,0.19823964848811682,0.2876706754352628,-0.6997921362058853,0.2709277558406135,0.3567642136054723,0.7061776155590523,False,insufficient_egarch_obs
larger GM paper,Gross before costs,332,garch11_residual_fallback_insufficient_egarch_obs,60,ok,60,0.5503061237386344,0.3690719866879664,1.3905235451365137,2.5794984236582357,-0.4569725267233046,0.12681857247242842,0.18554272069383718,8.95544791856082,False,insufficient_egarch_obs
larger GM paper,Gross before costs,333,garch11_residual_fallback_insufficient_egarch_obs,60,ok,60,0.5394987148279282,0.5283131202191635,1.087001654695673,2.0125575203058172,-0.6151611708002772,0.21966433226842716,0.25794942391511033,8.647621118506041,False,insufficient_egarch_obs
larger GM paper,Gross before costs,334,garch11_residual_fallback_insufficient_egarch_obs,60,ok,60,-0.19056007940209696,0.8345811486414778,0.2198634774877076,0.31335461868453773,-0.976174178849056,0.40672840061247595,0.5129506536327538,0.34747462693131775,False,insufficient_egarch_obs
larger GM paper,Gross before costs,335,garch11_residual_fallback_insufficient_egarch_obs,60,ok,60,-0.014605656282324353,0.6642795083460543,0.35794393419020665,0.4949197707487589,-0.9312752896262468,0.4079901071569233,0.48073545004537405,0.929074039871469,False,insufficient_egarch_obs
larger GM paper,Gross before costs,336,garch11_residual_fallback_insufficient_egarch_obs,60,ok,60,0.45011996660083287,0.6083246581052071,0.9210370004105167,1.5663624321605731,-0.762476778609458,0.2283909920875504,0.30430942580730197,6.4123860668378265,False,insufficient_egarch_obs
larger GM paper,Gross before costs,337,garch11_residual_fallback_insufficient_egarch_obs,60,ok,60,0.30294936603766653,0.45821982138256556,0.8204606757415898,1.2333878915622554,-0.7042087810821508,0.19944308540640832,0.2760436223488388,3.7552399675341763,False,insufficient_egarch_obs
larger GM paper,Gross before costs,338,garch11_residual_fallback_insufficient_egarch_obs,60,ok,60,0.4435555132661646,0.7127988168007177,0.8994806853965397,1.4070921965642498,-0.6993367233318795,0.33386752184266966,0.40929156081087753,6.268555115182774,False,insufficient_egarch_obs
larger GM paper,Gross before costs,339,garch11_residual_fallback_insufficient_egarch_obs,60,ok,60,0.6416816746174148,0.558785957810325,1.181676093513272,2.097296520750793,-0.5023245365296937,0.24483524288983877,0.28949920798799816,11.924625588198488,False,insufficient_egarch_obs
larger GM paper,Gross before costs,340,garch11_residual_fallback_insufficient_egarch_obs,60,ok,60,0.5783056307898737,0.4037696305383931,1.3502992767141846,2.5733807742923047,-0.3565322230409542,0.11073810975949955,0.21876052712102712,9.793896937790233,False,insufficient_egarch_obs
larger GM paper,Gross before costs,341,garch11_residual_fallback_insufficient_egarch_obs,60,ok,60,0.4081480881685009,0.5030564810752198,0.9479581343914508,1.5134141503135419,-0.4632409984799378,0.23793281415715684,0.3055504571867334,5.536580889687718,False,insufficient_egarch_obs
larger GM paper,Gross before costs,342,garch11_residual_fallback_insufficient_egarch_obs,60,ok,60,0.7038048410875484,0.6827517673746772,1.161417210195277,1.8977189898993574,-0.5023457366749476,0.3024645187833305,0.41450280262063943,14.358174905843502,False,insufficient_egarch_obs
larger GM paper,Gross before costs,343,garch11_residual_fallback_insufficient_egarch_obs,60,ok,60,0.4489611693694078,0.4813665922243463,1.0246436980032991,1.7261968441500057,-0.5286042169256914,0.2314792464984333,0.30379230904763466,6.386806152280076,False,insufficient_egarch_obs
larger GM paper,Gross before costs,344,garch11_residual_fallback_insufficient_egarch_obs,60,ok,60,0.22208323159299814,0.5412885503707457,0.6431499220864432,1.0401859773633277,-0.6463308937047803,0.223047083769074,0.30502738810351576,2.725862377751957,False,insufficient_egarch_obs
larger GM paper,Gross before costs,345,garch11_residual_fallback_insufficient_egarch_obs,60,ok,60,0.9197973980270067,0.7018585586294692,1.3059356020500341,2.353594851693738,-0.6428427805607524,0.31894730993243925,0.34541473486393653,26.078162885088833,False,insufficient_egarch_obs
larger GM paper,Gross before costs,346,garch11_residual_fallback_insufficient_egarch_obs,60,ok,60,-0.2229685480262562,0.8465298588902577,0.15666337275125916,0.22281928088927053,-0.9683612522599081,0.3869019443543909,0.4660797283762572,0.28326504821424886,False,insufficient_egarch_obs
larger GM paper,Gross before costs,347,garch11_residual_fallback_insufficient_egarch_obs,60,ok,60,1.1014099658814236,0.5439868164182908,1.6841200106676268,3.162387223940314,-0.46203365084923465,0.16212026941524207,0.2946642602761151,40.97830001997783,False,insufficient_egarch_obs
larger GM paper,Gross before costs,348,garch11_residual_fallback_insufficient_egarch_obs,60,ok,60,-0.30582759758860123,0.7025379547566704,-0.12284253432294308,-0.1620707948339127,-0.9268322904726238,0.42574246976918817,0.4651436638750777,0.16118948922902895,False,insufficient_egarch_obs
larger GM paper,Gross before costs,349,garch11_residual_fallback_insufficient_egarch_obs,60,ok,60,-0.6566578209225263,0.9562407039269947,-0.4784398723287691,-0.568784515584951,-0.9988894493721783,0.5631372454944003,0.6166639676399119,0.004771289800164088,False,insufficient_egarch_obs
larger GM paper,Gross before costs,350,garch11_residual_fallback_insufficient_egarch_obs,60,ok,60,0.3567707795563855,0.6054759374431427,0.8090936991494948,1.3657483789142986,-0.710194452541266,0.2601422704330015,0.29889504005749634,4.597612962661266,False,insufficient_egarch_obs
larger GM paper,Gross before costs,351,garch11_residual_fallback_insufficient_egarch_obs,60,ok,60,0.26797264395617115,0.7212441629920122,0.7130217060712657,1.1272753182406694,-0.8434075195088964,0.3591202689034143,0.43634009807848506,3.277550707973072,False,insufficient_egarch_obs
larger GM paper,Gross before costs,352,garch11_residual_fallback_insufficient_egarch_obs,60,ok,60,-0.29066990387313163,0.603368643232828,-0.20160468384496613,-0.25611718773522174,-0.8175071516183172,0.2549896046977361,0.4749862142045438,0.17957337061047365,False,insufficient_egarch_obs
larger GM paper,Gross before costs,353,garch11_residual_fallback_insufficient_egarch_obs,60,ok,60,0.47107363974327776,0.44928587236800155,1.094962780883155,1.916175418655848,-0.5675966710229539,0.17200627058758167,0.23995017591102008,6.889251937142446,False,insufficient_egarch_obs
larger GM paper,Gross before costs,354,garch11_residual_fallback_insufficient_egarch_obs,60,ok,60,0.7715166860482556,0.4319078745631628,1.5647082110986146,3.113554134999561,-0.3563196881250885,0.10660582444925293,0.2301082920028065,17.447219975172782,False,insufficient_egarch_obs
larger GM paper,Gross before costs,355,garch11_residual_fallback_insufficient_egarch_obs,60,ok,60,-0.30849647556298887,1.033199584347153,0.33116849475039706,0.46685061479671697,-0.9943246802705832,0.5252598545500256,0.6753129011613361,0.1581146058441374,False,insufficient_egarch_obs
larger GM paper,Gross before costs,356,garch11_residual_fallback_insufficient_egarch_obs,60,ok,60,0.09343746870345693,0.5931410948412011,0.4506383513856235,0.7055036790273974,-0.6468547198442858,0.28276338980762905,0.343440246094128,1.5630387993763768,False,insufficient_egarch_obs
larger GM paper,Gross before costs,357,garch11_residual_fallback_insufficient_egarch_obs,60,ok,60,0.18554885914687747,0.509192082945929,0.5913818800453998,0.9351920420482825,-0.40374098276178505,0.2483407490657919,0.28133644007583253,2.342056051717704,False,insufficient_egarch_obs
larger GM paper,Gross before costs,358,garch11_residual_fallback_insufficient_egarch_obs,60,ok,60,-0.19628529948171347,0.5927461755982864,-0.05090757010902907,-0.06820062994547006,-0.8344570497511555,0.29497698072556694,0.37192923713027054,0.3353586863620776,False,insufficient_egarch_obs
larger GM paper,Gross before costs,359,garch11_residual_fallback_insufficient_egarch_obs,60,ok,60,0.2601377076804381,0.5041460870635794,0.7228787508210162,1.1159078716390456,-0.6112861006530292,0.26793088108091995,0.31255434677309013,3.1775327599563403,False,insufficient_egarch_obs
larger GM paper,Gross before costs,360,garch11_residual_fallback_insufficient_egarch_obs,60,ok,60,0.2298616079372342,0.45359418822715,0.6850882403945422,1.0920414284885236,-0.6705085129346984,0.22029351955283266,0.23892592026280704,2.8137222359405283,False,insufficient_egarch_obs
larger GM paper,Gross before costs,361,garch11_residual_fallback_insufficient_egarch_obs,60,ok,60,-0.10205410095374778,0.7015274439624021,0.28221596602453447,0.37618689162227537,-0.9372914563403636,0.34379930682121124,0.553348260727084,0.5837822106201715,False,insufficient_egarch_obs
larger GM paper,Gross before costs,362,garch11_residual_fallback_insufficient_egarch_obs,60,ok,60,0.4642756153848342,0.6233316331751674,0.9411310531618022,1.5086129313130234,-0.6006859977780575,0.3012493034925861,0.3125392652212178,6.731535657103483,False,insufficient_egarch_obs
larger GM paper,Gross before costs,363,garch11_residual_fallback_insufficient_egarch_obs,60,ok,60,0.33592415500485817,0.7158498067926883,0.7914601582879474,1.2436873925424423,-0.5203892745638691,0.3247915638296635,0.43820864431932627,4.255092566233157,False,insufficient_egarch_obs
larger GM paper,Gross before costs,364,garch11_residual_fallback_insufficient_egarch_obs,60,ok,60,0.42769381381074245,0.6820680753855586,0.8908868695585874,1.4640731760225683,-0.7874106454045607,0.28773099145752307,0.41742597029725276,5.931648242026485,False,insufficient_egarch_obs
larger GM paper,Gross before costs,365,garch11_residual_fallback_insufficient_egarch_obs,60,ok,60,-0.09675901820942667,0.7680530589320034,0.2875959655570353,0.42074245369194074,-0.8469554749255659,0.35992933152582135,0.48728762748988047,0.6011988909003979,False,insufficient_egarch_obs
larger GM paper,Gross before costs,366,garch11_residual_fallback_insufficient_egarch_obs,60,ok,60,-0.08334972744112701,0.6967794391947802,0.24915959058978443,0.35650540534066516,-0.7215075191283253,0.2966576858498113,0.4328105066302561,0.6471699739068428,False,insufficient_egarch_obs
larger GM paper,Gross before costs,367,garch11_residual_fallback_insufficient_egarch_obs,60,ok,60,0.05953655976339922,0.6712219498949638,0.44838646762399087,0.6510375004438618,-0.6512506644679896,0.3551225733918882,0.4184407384436661,1.3353027214033106,False,insufficient_egarch_obs
larger GM paper,Gross before costs,368,garch11_residual_fallback_insufficient_egarch_obs,60,ok,60,-0.11783284173630337,0.5502525186107021,0.06392932850150378,0.08921024977930553,-0.8172576888314802,0.23426953869549724,0.36112533197206903,0.5342621753360444,False,insufficient_egarch_obs
larger GM paper,Gross before costs,369,garch11_residual_fallback_insufficient_egarch_obs,60,ok,60,0.9923311701188391,0.45980429843583864,1.7645336784761956,3.738196144891779,-0.40547874170422604,0.15103193141566804,0.22590979267256714,31.391180479760212,False,insufficient_egarch_obs
larger GM paper,Gross before costs,370,garch11_residual_fallback_insufficient_egarch_obs,60,ok,60,-0.15544148010589642,0.7524901265336237,0.21883438290632581,0.29495303998506783,-0.7905278266643398,0.46717246679574037,0.5244663165746913,0.42968355960758836,False,insufficient_egarch_obs
larger GM paper,Gross before costs,371,garch11_residual_fallback_insufficient_egarch_obs,60,ok,60,0.2649090360831843,0.43856351709821295,0.7809246337082488,1.1662191488011235,-0.4760663982218738,0.1582941756230032,0.31304456431839545,3.2381463658983116,False,insufficient_egarch_obs
larger GM paper,Gross before costs,372,garch11_residual_fallback_insufficient_egarch_obs,60,ok,60,0.9565290498099741,0.4116803337016043,1.8758910518102176,4.020594012794537,-0.354795036741383,0.11158927641967624,0.19631995781884237,28.67025149788035,False,insufficient_egarch_obs
larger GM paper,Gross before costs,373,garch11_residual_fallback_insufficient_egarch_obs,60,ok,60,0.17341260936590364,0.5405485941300094,0.5600991776718325,0.9644936641567762,-0.5443143549212967,0.24573819307418332,0.2820367797401073,2.22460932804349,False,insufficient_egarch_obs
larger GM paper,Gross before costs,374,garch11_residual_fallback_insufficient_egarch_obs,60,ok,60,-0.2686196408533288,0.6764415534930424,-0.09978531611656669,-0.14036201229313322,-0.884899156039333,0.28878148461763087,0.4249119929270624,0.2092745742112362,False,insufficient_egarch_obs
larger GM paper,Gross before costs,375,garch11_residual_fallback_insufficient_egarch_obs,60,ok,60,0.40310538265085705,0.6567481686805298,0.9295478058629725,1.2711377439645486,-0.6133832477868704,0.36013487392193055,0.5255768873394119,5.438153392494009,False,insufficient_egarch_obs
larger GM paper,Gross before costs,376,garch11_residual_fallback_insufficient_egarch_obs,60,ok,60,0.7612353164716741,0.4639013735779862,1.492430534489871,2.433653493684797,-0.3608599882236898,0.22269229315728445,0.32237124550346535,16.946769674980626,False,insufficient_egarch_obs
larger GM paper,Gross before costs,377,garch11_residual_fallback_insufficient_egarch_obs,60,ok,60,-0.046079879095250575,0.7570170169410906,0.3849962329208274,0.5207237283620995,-0.8952976773621306,0.3903856464520913,0.5359286602113562,0.7898780529929618,False,insufficient_egarch_obs
larger GM paper,Gross before costs,378,garch11_residual_fallback_insufficient_egarch_obs,60,ok,60,0.8993320198787131,0.5398735732659464,1.4785308991368207,2.991230097466375,-0.44945819184044367,0.18117908767923077,0.2505284820811516,24.717494675231713,False,insufficient_egarch_obs
larger GM paper,Gross before costs,379,garch11_residual_fallback_insufficient_egarch_obs,60,ok,60,0.059240290370714765,0.5854627501705009,0.3957255095656488,0.5944524589551107,-0.5075351761198081,0.2775418441146276,0.31715374461941387,1.3334368672114787,False,insufficient_egarch_obs
larger GM paper,Gross before costs,380,garch11_residual_fallback_insufficient_egarch_obs,60,ok,60,0.283541647635144,0.5265740091744634,0.7451707929621587,1.2103328951734051,-0.4492202102916867,0.1923251642403592,0.31389249028442484,3.4837728069393012,False,insufficient_egarch_obs
larger GM paper,Gross before costs,381,garch11_residual_fallback_insufficient_egarch_obs,60,ok,60,0.17287347191481017,0.4874215010799176,0.5781953147899151,0.8854292344041224,-0.468241303780471,0.22943769820294893,0.3048295930022223,2.2195034148651525,False,insufficient_egarch_obs
larger GM paper,Gross before costs,382,garch11_residual_fallback_insufficient_egarch_obs,60,ok,60,-0.23064634270390938,0.6731412799078677,-0.03835939284197372,-0.054774824549256314,-0.8600297837752459,0.3168780241982113,0.3792823735349103,0.2695442757284189,False,insufficient_egarch_obs
larger GM paper,Gross before costs,383,garch11_residual_fallback_insufficient_egarch_obs,60,ok,60,0.6001593170405612,0.505910660052474,1.1944008242107114,2.160713273746827,-0.37416819165529513,0.208635373145841,0.23685008922274478,10.490981540532056,False,insufficient_egarch_obs
larger GM paper,Gross before costs,384,garch11_residual_fallback_insufficient_egarch_obs,60,ok,60,0.351814154799754,0.8024319156327702,0.7804485806342379,1.3230217746797117,-0.8545147807766567,0.3549508344075271,0.42220930847678545,4.514243153737559,False,insufficient_egarch_obs
larger GM paper,Gross before costs,385,garch11_residual_fallback_insufficient_egarch_obs,60,ok,60,1.0068073699756854,0.4590353172271947,1.775343230570948,4.173608224625271,-0.30511380316810943,0.15402897102639107,0.20087515472264442,32.548309460641406,False,insufficient_egarch_obs
larger GM paper,Gross before costs,386,garch11_residual_fallback_insufficient_egarch_obs,60,ok,60,-0.20612871469039484,0.7366603441194713,0.07233695390198577,0.10339497825507894,-0.8831581825762485,0.35444415722810674,0.406562108280617,0.31531923771500037,False,insufficient_egarch_obs
larger GM paper,Gross before costs,387,garch11_residual_fallback_insufficient_egarch_obs,60,ok,60,0.607289636297665,0.41773030686626955,1.3546372653507455,2.912390728495068,-0.3442893969794343,0.0966654696940021,0.18903769881921142,10.726813306432026,False,insufficient_egarch_obs
larger GM paper,Gross before costs,388,garch11_residual_fallback_insufficient_egarch_obs,60,ok,60,0.7770591596087106,0.4683275755316054,1.4876230791034841,2.765357927479863,-0.3626717919309339,0.15684212288461707,0.2677582033259369,17.721865254689025,False,insufficient_egarch_obs
larger GM paper,Gross before costs,389,garch11_residual_fallback_insufficient_egarch_obs,60,ok,60,-0.12992791937131243,0.4440200097847254,-0.08850654622663116,-0.12163843321194706,-0.5454280660979184,0.21519955149368675,0.23507571987217898,0.4986274290156409,False,insufficient_egarch_obs
larger GM paper,Gross before costs,390,garch11_residual_fallback_insufficient_egarch_obs,60,ok,60,0.662310793679924,0.5950763630478993,1.178514866116319,2.01273715856776,-0.5563653265380519,0.21470836755534817,0.3420131136807781,12.692907765202278,False,insufficient_egarch_obs
larger GM paper,Gross before costs,391,garch11_residual_fallback_insufficient_egarch_obs,60,ok,60,-0.47951950653009423,0.666992034818998,-0.5662487638686373,-0.6752390813514259,-0.9737313122122897,0.38015830869464107,0.4817555996545618,0.0381963873145038,False,insufficient_egarch_obs
larger GM paper,Gross before costs,392,garch11_residual_fallback_insufficient_egarch_obs,60,ok,60,0.18251359374116594,0.5520808375958709,0.5712639160157863,0.9625116099997613,-0.6890068009785772,0.22068517191562423,0.2604194471351455,2.3122282856654217,False,insufficient_egarch_obs
larger GM paper,Gross before costs,393,garch11_residual_fallback_insufficient_egarch_obs,60,ok,60,0.08631384337048775,0.6392614842910113,0.48830383491710727,0.692005929373826,-0.9418041851141421,0.32514134019290936,0.4573561605075957,1.5127827715898932,False,insufficient_egarch_obs
larger GM paper,Gross before costs,394,garch11_residual_fallback_insufficient_egarch_obs,60,ok,60,0.01703990514667031,0.7894193174051592,0.45164637748322645,0.6563695214476705,-0.7833211083257142,0.38080054739216285,0.46920040946026553,1.0881530091743254,False,insufficient_egarch_obs
larger GM paper,Gross before costs,395,garch11_residual_fallback_insufficient_egarch_obs,60,ok,60,0.6943936122377821,0.6020771043009271,1.2039511789388968,2.0487775999681013,-0.5399980975348604,0.21526028388822116,0.3410979786487473,13.965983593267067,False,insufficient_egarch_obs
larger GM paper,Gross before costs,396,garch11_residual_fallback_insufficient_egarch_obs,60,ok,60,0.6527287987707782,0.45979830421810236,1.345441342620346,2.4128990417613907,-0.3614371828833115,0.15913354358273638,0.23816122855159502,12.331274732901338,False,insufficient_egarch_obs
larger GM paper,Gross before costs,397,garch11_residual_fallback_insufficient_egarch_obs,60,ok,60,-0.09732215320096627,0.5398550468888154,0.09493673601648804,0.12896109060318997,-0.5516011415365958,0.2730336304568193,0.3222521417090199,0.5993271077905643,False,insufficient_egarch_obs
larger GM paper,Gross before costs,398,garch11_residual_fallback_insufficient_egarch_obs,60,ok,60,-0.060960483322646586,0.4713518022165136,0.12098900211241509,0.1582120363420949,-0.7230103912399868,0.30173668431406914,0.3240450511835265,0.7301621951701235,False,insufficient_egarch_obs
larger GM paper,Gross before costs,399,garch11_residual_fallback_insufficient_egarch_obs,60,ok,60,-0.024765803945408393,0.5549195681502104,0.25629338572510946,0.35296310320204616,-0.7328575754398952,0.2782089997178551,0.35976162616208446,0.8821544025362339,False,insufficient_egarch_obs
larger GM paper,Gross before costs,400,garch11_residual_fallback_insufficient_egarch_obs,60,ok,60,0.14176957229168186,0.4128687766440481,0.536450621962713,0.7764951750118521,-0.49006403658759756,0.2081233428966428,0.2612427533533239,1.9404047328367953,False,insufficient_egarch_obs
larger GM paper,Gross before costs,401,garch11_residual_fallback_insufficient_egarch_obs,60,ok,60,-0.09592642747502023,0.5308352885941752,0.09296231326995763,0.1265570293335668,-0.8622216425137339,0.2724922501349023,0.3455136327297577,0.6039748736526173,False,insufficient_egarch_obs
larger GM paper,Gross before costs,402,garch11_residual_fallback_insufficient_egarch_obs,60,ok,60,0.24213465498384057,0.45947378754429297,0.7159536546608463,1.0991510624650234,-0.42798249064022786,0.17301412053848972,0.3040684183283741,2.9569459956461537,False,insufficient_egarch_obs
larger GM paper,Gross before costs,403,garch11_residual_fallback_insufficient_egarch_obs,60,ok,60,0.038571300453842605,0.6252142075362036,0.40195938058069425,0.5592074395465375,-0.7881405242428591,0.34086312049019457,0.38745854323499823,1.2083189494368607,False,insufficient_egarch_obs
larger GM paper,Gross before costs,404,garch11_residual_fallback_insufficient_egarch_obs,60,ok,60,0.22346256566253087,0.44012420040835,0.6802430892920807,1.1024106216133618,-0.45814741118456426,0.2251229221698474,0.24687511366243997,2.7412801974346754,False,insufficient_egarch_obs
larger GM paper,Gross before costs,405,garch11_residual_fallback_insufficient_egarch_obs,60,ok,60,-0.4051031850690481,0.8307574207525178,-0.16146138935028,-0.21854325733536314,-0.9644019050783905,0.3826172390123251,0.4750980764285078,0.07450891146291438,False,insufficient_egarch_obs
larger GM paper,Gross before costs,406,garch11_residual_fallback_insufficient_egarch_obs,60,ok,60,0.36747802156590725,0.6233517139553503,0.8230031479671049,1.3261813988988962,-0.5960881862616523,0.26728769463082036,0.3136565523212495,4.781914149442434,False,insufficient_egarch_obs
larger GM paper,Gross before costs,407,garch11_residual_fallback_insufficient_egarch_obs,60,ok,60,0.12672780891922142,0.44345703629691885,0.49688076876023274,0.7591918944815655,-0.6065033354480908,0.167147554592837,0.2859418738555866,1.8159131209156925,False,insufficient_egarch_obs
larger GM paper,Gross before costs,408,garch11_residual_fallback_insufficient_egarch_obs,60,ok,60,0.41099454181532025,0.45899952242802255,0.9886850082474198,1.67010104311704,-0.4639843432172659,0.17871866307693218,0.23833574771534982,5.59276625623899,False,insufficient_egarch_obs
larger GM paper,Gross before costs,409,garch11_residual_fallback_insufficient_egarch_obs,60,ok,60,0.47952755685345205,0.557584357265036,0.991555311783215,1.719491505577771,-0.5765266645227028,0.22914689052009637,0.31174065071459506,7.089494868396524,False,insufficient_egarch_obs
larger GM paper,Gross before costs,410,garch11_residual_fallback_insufficient_egarch_obs,60,ok,60,-0.0028860997019500845,0.6634167967490171,0.3706903171683047,0.5157693264562717,-0.8380985984166677,0.3053330876842928,0.469746608172064,0.9856525571521161,False,insufficient_egarch_obs
larger GM paper,Gross before costs,411,garch11_residual_fallback_insufficient_egarch_obs,60,ok,60,0.29719931871324756,0.593535946881593,0.7439088381861201,1.1979800622979062,-0.6903677748040351,0.26788250725555407,0.34316381767411414,3.673106828654876,False,insufficient_egarch_obs
larger GM paper,Gross before costs,412,garch11_residual_fallback_insufficient_egarch_obs,60,ok,60,0.025105624412065097,0.8467070417193697,0.48515627071586603,0.7278481819919794,-0.9378508749196015,0.33997158089777835,0.4913017072257002,1.1319912809844959,False,insufficient_egarch_obs
larger GM paper,Gross before costs,413,garch11_residual_fallback_insufficient_egarch_obs,60,ok,60,-0.1826173462237609,0.5292203208146663,-0.10885083492626481,-0.14933708316444483,-0.8369474924970157,0.27433056520857807,0.28572354512634496,0.3648606983957484,False,insufficient_egarch_obs
larger GM paper,Gross before costs,414,garch11_residual_fallback_insufficient_egarch_obs,60,ok,60,-0.02652918048619779,0.4338104740130997,0.15966450031776125,0.2286502259981913,-0.5917135380690548,0.22309743234088342,0.2819825914334227,0.8742078235679214,False,insufficient_egarch_obs
larger GM paper,Gross before costs,415,garch11_residual_fallback_insufficient_egarch_obs,60,ok,60,-0.05503898583799982,0.5600602107653152,0.1958195957882294,0.2748495941225558,-0.6885157268102551,0.22854665311195946,0.35959188533302316,0.7534760578752798,False,insufficient_egarch_obs
larger GM paper,Gross before costs,416,garch11_residual_fallback_insufficient_egarch_obs,60,ok,60,0.06896319571486886,0.6875657758464593,0.4620746501408823,0.6997476000565535,-0.7449627941669754,0.32456280185404623,0.44082493575400655,1.395769692105988,False,insufficient_egarch_obs
larger GM paper,Gross before costs,417,garch11_residual_fallback_insufficient_egarch_obs,60,ok,60,-0.22792399501787253,0.747530426705107,0.056767618516026415,0.08195055333054681,-0.9565287942669314,0.32966168123877176,0.45120641732936,0.27434703887600803,False,insufficient_egarch_obs
larger GM paper,Gross before costs,418,garch11_residual_fallback_insufficient_egarch_obs,60,ok,60,0.21736435316123748,0.5946659242121785,0.658827753730679,0.9515694848730792,-0.5376276785698553,0.32342416432126714,0.38953286726590175,2.6736398336548706,False,insufficient_egarch_obs
larger GM paper,Gross before costs,419,garch11_residual_fallback_insufficient_egarch_obs,60,ok,60,0.18679537864475826,0.43724184925510373,0.6123800038287375,0.9775902845925022,-0.47362721541044583,0.19896659925328763,0.2539701489543434,2.354394489257341,False,insufficient_egarch_obs
larger GM paper,Gross before costs,420,garch11_residual_fallback_insufficient_egarch_obs,60,ok,60,0.1406879336262199,0.6301102728472815,0.5481819887940922,0.787244484623618,-0.827867843595933,0.3340344838032211,0.3833131709654798,1.931231060515985,False,insufficient_egarch_obs
larger GM paper,Gross before costs,421,garch11_residual_fallback_insufficient_egarch_obs,60,ok,60,0.1182739424010475,0.6482719315388255,0.5273935800505758,0.7577021521422508,-0.7797420872437908,0.31018204019656126,0.43955274844016,1.7488035501676433,False,insufficient_egarch_obs
larger GM paper,Gross before costs,422,garch11_residual_fallback_insufficient_egarch_obs,60,ok,60,-0.47268683160758707,0.7683073129892918,-0.3963300537381813,-0.5073251765196776,-0.9804340163164248,0.38110206347943865,0.44925598385060156,0.04077022279199824,False,insufficient_egarch_obs
larger GM paper,Gross before costs,423,garch11_residual_fallback_insufficient_egarch_obs,60,ok,60,0.016293479878932926,0.4954064129607129,0.2939891197918652,0.42356963083843174,-0.6957444786067039,0.22919174169721138,0.322617049175368,1.084165783320989,False,insufficient_egarch_obs
larger GM paper,Gross before costs,424,garch11_residual_fallback_insufficient_egarch_obs,60,ok,60,0.08043012910747183,0.4474896943142195,0.40297893971996734,0.591821380511341,-0.5433238739376645,0.19474486282165399,0.2838818341119756,1.4722563378452274,False,insufficient_egarch_obs
larger GM paper,Gross before costs,425,garch11_residual_fallback_insufficient_egarch_obs,60,ok,60,0.08382051594239281,0.6960372669235565,0.499431442405709,0.7253041988937498,-0.8111273174267071,0.3484448358381233,0.43859536500253177,1.4955014490789789,False,insufficient_egarch_obs
larger GM paper,Gross before costs,426,garch11_residual_fallback_insufficient_egarch_obs,60,ok,60,1.1478159066917222,0.44806887837911447,1.9628903428654958,5.734521064437657,-0.38712015503591,0.11024233008830651,0.15030437083267376,45.70726890574705,False,insufficient_egarch_obs
larger GM paper,Gross before costs,427,garch11_residual_fallback_insufficient_egarch_obs,60,ok,60,-0.18260003221352827,0.6267252827250612,0.06372584485297882,0.08045393803684421,-0.9598009686636175,0.37687139952284454,0.5124891656464027,0.3648993429000526,False,insufficient_egarch_obs
larger GM paper,Gross before costs,428,garch11_residual_fallback_insufficient_egarch_obs,60,ok,60,0.07108457573305893,0.776478467910175,0.5059367956887156,0.7706701150376273,-0.7882631659351294,0.335967299672665,0.4794469152054428,1.4096744432673114,False,insufficient_egarch_obs
larger GM paper,Gross before costs,429,garch11_residual_fallback_insufficient_egarch_obs,60,ok,60,-0.36612722962219546,0.905299793575349,0.01788811183723545,0.024165815109178285,-0.9661272570607998,0.43221065023605476,0.5425825397681215,0.10233176851089187,False,insufficient_egarch_obs
larger GM paper,Gross before costs,430,garch11_residual_fallback_insufficient_egarch_obs,60,ok,60,0.7829607442077275,0.5684394125352883,1.331126808596658,2.2707647714964896,-0.5938625279635912,0.20233900480391934,0.33233110666348825,18.018096422117612,False,insufficient_egarch_obs
larger GM paper,Gross before costs,431,garch11_residual_fallback_insufficient_egarch_obs,60,ok,60,-0.04804581753449899,0.43007611796849954,0.10333699200005701,0.14757394064215212,-0.8226452335944627,0.19649461393473755,0.27508441796902583,0.7817722157650907,False,insufficient_egarch_obs
larger GM paper,Gross before costs,432,garch11_residual_fallback_insufficient_egarch_obs,60,ok,60,-0.16106857173894884,0.542893999667643,-0.018404531364483143,-0.02382758048089121,-0.8897369622561899,0.2985976552102091,0.3698330362546776,0.4155586452358146,False,insufficient_egarch_obs
larger GM paper,Gross before costs,433,garch11_residual_fallback_insufficient_egarch_obs,60,ok,60,0.16164325974810434,0.5828174558492826,0.5630650307267604,0.8365376095769861,-0.6334580839033314,0.26245062251892615,0.3267139259689062,2.115260620158968,False,insufficient_egarch_obs
larger GM paper,Gross before costs,434,garch11_residual_fallback_insufficient_egarch_obs,60,ok,60,-0.08914563500993511,0.8283725107933333,0.3649692716200939,0.5112306717375696,-0.8890807655408579,0.41547927824769304,0.5365704638293247,0.6269670531730802,False,insufficient_egarch_obs
larger GM paper,Gross before costs,435,garch11_residual_fallback_insufficient_egarch_obs,60,ok,60,0.08701347054877084,0.4665248977494772,0.42442326527732166,0.5998874353869996,-0.6282338709456157,0.2616931991289447,0.2958808348650304,1.5176604968675724,False,insufficient_egarch_obs
larger GM paper,Gross before costs,436,garch11_residual_fallback_insufficient_egarch_obs,60,ok,60,0.3010576549825341,0.5558916945610357,0.7427515450037905,1.368627789209202,-0.6817052596027923,0.1607178629205302,0.27805063024213245,3.7280584383714355,False,insufficient_egarch_obs
larger GM paper,Gross before costs,437,garch11_residual_fallback_insufficient_egarch_obs,60,ok,60,0.4645644353529388,0.5008594254180868,1.0175270676163404,1.821460332583228,-0.43624896219839326,0.17480398585720336,0.2415533944846665,6.738177060572871,False,insufficient_egarch_obs
larger GM paper,Gross before costs,438,garch11_residual_fallback_insufficient_egarch_obs,60,ok,60,1.2345651785133085,0.46383310117864573,2.014783480697755,4.267203605474238,-0.3273784534408012,0.17580451017890095,0.24846022190978667,55.714101891877156,False,insufficient_egarch_obs
larger GM paper,Gross before costs,439,garch11_residual_fallback_insufficient_egarch_obs,60,ok,60,-0.0640317792032361,0.7393949058561072,0.32296666677827807,0.44432645399062914,-0.9200594405413336,0.3939411359489509,0.45441370320720315,0.7182994209036657,False,insufficient_egarch_obs
larger GM paper,Gross before costs,440,garch11_residual_fallback_insufficient_egarch_obs,60,ok,60,-0.03577160866855744,0.6253932397116724,0.285913209191181,0.3926087010556522,-0.8411055748234934,0.34621275331209017,0.42107982011464334,0.8334884285737583,False,insufficient_egarch_obs
larger GM paper,Gross before costs,441,garch11_residual_fallback_insufficient_egarch_obs,60,ok,60,-0.35670086098624865,1.0810869894048571,0.41322738689695876,0.5722593341850203,-0.993118301344085,0.5375606433020084,0.7834975344918081,0.11017038084183059,False,insufficient_egarch_obs
larger GM paper,Gross before costs,442,garch11_residual_fallback_insufficient_egarch_obs,60,ok,60,-0.5615370984086603,0.9222051371395168,-0.33569932709995265,-0.43331446937178847,-0.9944419892221777,0.5004642167888773,0.5805477917787732,0.01620556837963173,False,insufficient_egarch_obs
larger GM paper,Gross before costs,443,garch11_residual_fallback_insufficient_egarch_obs,60,ok,60,1.6906018157456772,0.43637105815070076,2.5669593336872296,6.978719241428978,-0.16983162999049983,0.13623628883720748,0.16818337605498157,141.00910455205963,False,insufficient_egarch_obs
larger GM paper,Gross before costs,444,garch11_residual_fallback_insufficient_egarch_obs,60,ok,60,0.03878592642434597,0.5510244235696785,0.36105640562588714,0.5231953343764368,-0.8487899233496423,0.2549364133184426,0.3686879446663647,1.209567991441346,False,insufficient_egarch_obs
larger GM paper,Gross before costs,445,garch11_residual_fallback_insufficient_egarch_obs,60,ok,60,0.8908766771342529,0.3423413214783883,2.0743944841199795,4.834823244037361,-0.2527140049464335,0.10259566771139864,0.14345673227607889,24.172191462572815,False,insufficient_egarch_obs
larger GM paper,Gross before costs,446,garch11_residual_fallback_insufficient_egarch_obs,60,ok,60,-0.2635114645410237,0.5738426987972919,-0.1944321176771001,-0.244214414152316,-0.8524146640332522,0.3292270594250431,0.45050140608264616,0.21668555161935932,False,insufficient_egarch_obs
larger GM paper,Gross before costs,447,garch11_residual_fallback_insufficient_egarch_obs,60,ok,60,0.5215948689259511,0.6017177223674891,1.017973655438473,1.6668842107453288,-0.6057487784039759,0.2903156398105972,0.31675355759719287,8.156337261809524,False,insufficient_egarch_obs
larger GM paper,Gross before costs,448,garch11_residual_fallback_insufficient_egarch_obs,60,ok,60,0.2480367705492481,0.4338513039236316,0.7374861993128806,1.1267291219420632,-0.6969981447571029,0.19887577431456466,0.2750646658991069,3.0278677698135876,False,insufficient_egarch_obs
larger GM paper,Gross before costs,449,garch11_residual_fallback_insufficient_egarch_obs,60,ok,60,0.1654159221953171,0.6141957425364912,0.5992945514923167,0.8591722819227026,-0.5816070468187493,0.24494300430630106,0.4485044403307956,2.149833055058912,False,insufficient_egarch_obs
larger GM paper,Gross before costs,450,garch11_residual_fallback_insufficient_egarch_obs,60,ok,60,0.15988179719727125,0.6435859921810522,0.5514374431925906,0.8907024516499555,-0.6455405617192495,0.30876525338980393,0.32274707422569415,2.099271762429232,False,insufficient_egarch_obs
larger GM paper,Gross before costs,451,garch11_residual_fallback_insufficient_egarch_obs,60,ok,60,0.4651818889663333,0.541581909829671,0.9983238088026821,1.5881654151356492,-0.4453986691236602,0.21949139534336706,0.31554596788989947,6.752392964147005,False,insufficient_egarch_obs
larger GM paper,Gross before costs,452,garch11_residual_fallback_insufficient_egarch_obs,60,ok,60,-0.06820170795013725,0.6914185886337831,0.2526358925982854,0.3888023979943553,-0.7065932407871945,0.26682981290787944,0.38388466009090755,0.7024405112919063,False,insufficient_egarch_obs
larger GM paper,Gross before costs,453,garch11_residual_fallback_insufficient_egarch_obs,60,ok,60,-0.10095191721724384,0.6409699200648588,0.16780191641449088,0.23658124586671864,-0.8547003382804798,0.32813642505097407,0.33464352418569715,0.5873738343928293,False,insufficient_egarch_obs
larger GM paper,Gross before costs,454,garch11_residual_fallback_insufficient_egarch_obs,60,ok,60,0.0371019931644887,0.6793251203278464,0.43585538337506935,0.6002422744080016,-0.8925391988739255,0.34112909051457496,0.44183339063457056,1.199795820070203,False,insufficient_egarch_obs
larger GM paper,Gross before costs,455,garch11_residual_fallback_insufficient_egarch_obs,60,ok,60,0.06306494960809994,0.4594541023445371,0.392187520085197,0.5481064162302914,-0.6542901256427214,0.19579399891497978,0.3219172018946144,1.3576849259362462,False,insufficient_egarch_obs
larger GM paper,Gross before costs,456,garch11_residual_fallback_insufficient_egarch_obs,60,ok,60,0.07310592837174634,0.3712350834729147,0.3737831854668689,0.5784021520116736,-0.4123909275607113,0.17868286821647142,0.22487439931227202,1.4230264441595137,False,insufficient_egarch_obs
larger GM paper,Gross before costs,457,garch11_residual_fallback_insufficient_egarch_obs,60,ok,60,-0.21926317799983297,0.7936998290028334,0.11802975762172233,0.16793884024787706,-0.8535401791039585,0.3991153244509755,0.46129341974082605,0.2900836909892289,False,insufficient_egarch_obs
larger GM paper,Gross before costs,458,garch11_residual_fallback_insufficient_egarch_obs,60,ok,60,0.6918352674328452,0.37753172466510426,1.610912969806066,2.9216903538210586,-0.32601935554123185,0.15591965115523115,0.2135136642146979,13.860866139755439,False,insufficient_egarch_obs
larger GM paper,Gross before costs,459,garch11_residual_fallback_insufficient_egarch_obs,60,ok,60,0.34513401548897926,0.5244981140302103,0.8368668249467369,1.3433026104587036,-0.6650989591605095,0.23210480824502414,0.28002485753232714,4.403801914445424,False,insufficient_egarch_obs
larger GM paper,Gross before costs,460,garch11_residual_fallback_insufficient_egarch_obs,60,ok,60,0.1378193656144595,0.5191105929166392,0.5339669921361234,0.7699693702384112,-0.7802330524993212,0.19032332277055444,0.3863356157380235,1.9070698746475185,False,insufficient_egarch_obs
larger GM paper,Gross before costs,461,garch11_residual_fallback_insufficient_egarch_obs,60,ok,60,-0.5334377578302754,0.9799845186183537,-0.1935341777321973,-0.2571203436704657,-0.995806179863957,0.5151237631699166,0.5745870333798132,0.02210792318993817,False,insufficient_egarch_obs
larger GM paper,Gross before costs,462,garch11_residual_fallback_insufficient_egarch_obs,60,ok,60,-0.09457652673647299,0.6494169804744692,0.20467124156865418,0.2792004089874017,-0.6597865474606808,0.3083565271856653,0.4223960134717984,0.6084974286164446,False,insufficient_egarch_obs
larger GM paper,Gross before costs,463,garch11_residual_fallback_insufficient_egarch_obs,60,ok,60,0.0698487942136059,0.6241646408454311,0.5084056922859133,0.6580555545637495,-0.8912899305200809,0.35754637658931604,0.524342010666254,1.4015610110368584,False,insufficient_egarch_obs
larger GM paper,Gross before costs,464,garch11_residual_fallback_insufficient_egarch_obs,60,ok,60,-0.14181399325462818,0.7354767136574376,0.19849535510690214,0.28218817244195776,-0.8912893144231548,0.3420935231304261,0.45160817762739786,0.46548655781456894,False,insufficient_egarch_obs
larger GM paper,Gross before costs,465,garch11_residual_fallback_insufficient_egarch_obs,60,ok,60,-0.09990802064792859,0.5119602364972571,0.06438074176701186,0.08746244622218058,-0.6086734316293941,0.25867882969533884,0.3334416839841319,0.5907917999456406,False,insufficient_egarch_obs
larger GM paper,Gross before costs,466,garch11_residual_fallback_insufficient_egarch_obs,60,ok,60,0.4743591107108378,0.5645931123735322,0.9878445320520381,1.6631914651456414,-0.45305855839962395,0.20787771343090874,0.32517836880806245,6.966528034697454,False,insufficient_egarch_obs
larger GM paper,Gross before costs,467,garch11_residual_fallback_insufficient_egarch_obs,60,ok,60,0.36762755254379886,0.6272639299678864,0.81505741070555,1.3823030976743276,-0.6436665184863459,0.2681211880890857,0.30398447258736283,4.784529184865675,False,insufficient_egarch_obs
larger GM paper,Gross before costs,468,garch11_residual_fallback_insufficient_egarch_obs,60,ok,60,-0.06604546773936171,0.9266485456623955,0.4106380409839955,0.6284099656855814,-0.9460361708975504,0.46557255715522244,0.48440751717756153,0.7106056723078276,False,insufficient_egarch_obs
larger GM paper,Gross before costs,469,garch11_residual_fallback_insufficient_egarch_obs,60,ok,60,0.17794541589901236,0.720903307811701,0.6137530128721294,0.9077850686792329,-0.7515705239095429,0.34172423506510036,0.3971957750891199,2.267910083906227,False,insufficient_egarch_obs
larger GM paper,Gross before costs,470,garch11_residual_fallback_insufficient_egarch_obs,60,ok,60,0.1788181519819234,0.5433795770721574,0.5844521725519725,0.8685862777046299,-0.5428169146177679,0.2567695821560746,0.2948046400519528,2.276323979852147,False,insufficient_egarch_obs
larger GM paper,Gross before costs,471,garch11_residual_fallback_insufficient_egarch_obs,60,ok,60,0.8869516883147992,0.5782455686763184,1.4113224084684168,2.634536610198002,-0.4015621306993947,0.25299569370680297,0.2959903698048712,23.922353588470237,False,insufficient_egarch_obs
larger GM paper,Gross before costs,472,garch11_residual_fallback_insufficient_egarch_obs,60,ok,60,0.24890974452574288,0.4520360852059532,0.7420829181961589,1.1274281274042393,-0.47276005332075366,0.13579830601421095,0.3289383456943302,3.0384722255720447,False,insufficient_egarch_obs
larger GM paper,Gross before costs,473,garch11_residual_fallback_insufficient_egarch_obs,60,ok,60,0.41514308823786883,0.4904361212616579,0.9534373255488379,1.7337490528468549,-0.46163197128620037,0.17693114467627125,0.22753390827099773,5.675469220984586,False,insufficient_egarch_obs
larger GM paper,Gross before costs,474,garch11_residual_fallback_insufficient_egarch_obs,60,ok,60,-0.33671679250574016,0.6051371288186183,-0.36789696616222134,-0.5112573775818067,-0.9112831015940153,0.28497027275335307,0.31726333759770814,0.1283793024113738,False,insufficient_egarch_obs
larger GM paper,Gross before costs,475,garch11_residual_fallback_insufficient_egarch_obs,60,ok,60,0.12560148790775916,0.5280272229795866,0.490527347289205,0.7554759830450226,-0.4087593760936362,0.23628437836944993,0.26611437478612304,1.806854961317592,False,insufficient_egarch_obs
larger GM paper,Gross before costs,476,garch11_residual_fallback_insufficient_egarch_obs,60,ok,60,0.06233735457902334,0.4535099194616687,0.36538814824376825,0.5383044715797656,-0.6411322149452718,0.19792550605293016,0.2954027744544474,1.3530450706540424,False,insufficient_egarch_obs
larger GM paper,Gross before costs,477,garch11_residual_fallback_insufficient_egarch_obs,60,ok,60,0.1375703590511037,0.6972287148438616,0.5533491423944135,0.8447730720458472,-0.6962955558725811,0.31377082891828556,0.4256923690417012,1.9049840202146417,False,insufficient_egarch_obs
larger GM paper,Gross before costs,478,garch11_residual_fallback_insufficient_egarch_obs,60,ok,60,0.33638168850405403,0.7220232949912444,0.7797171191485464,1.225670969711604,-0.8103162067083169,0.33927005419841133,0.3745540243963846,4.262384078147843,False,insufficient_egarch_obs
larger GM paper,Gross before costs,479,garch11_residual_fallback_insufficient_egarch_obs,60,ok,60,0.27673132731499517,0.5931072183570038,0.7384558739738041,1.076431660111108,-0.7413917193311208,0.3520587666963952,0.39314932040177486,3.3923259475693768,False,insufficient_egarch_obs
larger GM paper,Gross before costs,480,garch11_residual_fallback_insufficient_egarch_obs,60,ok,60,0.7113404455182457,0.5507500207718957,1.2757905881476228,2.177662378134206,-0.5749514469295993,0.26212348840356725,0.3029031420725216,14.67851336319104,False,insufficient_egarch_obs
larger GM paper,Gross before costs,481,garch11_residual_fallback_insufficient_egarch_obs,60,ok,60,0.14939083902576522,0.5938219372698805,0.5615120346578534,0.8190139752517738,-0.756082594376486,0.26564484614498374,0.3970179234030477,2.0060356963741053,False,insufficient_egarch_obs
larger GM paper,Gross before costs,482,garch11_residual_fallback_insufficient_egarch_obs,60,ok,60,-0.21300901832879748,0.6779191242356113,0.019978759599099182,0.02768923635546538,-0.890811507170439,0.37055834190478404,0.4503994262832948,0.3018900355047449,False,insufficient_egarch_obs
larger GM paper,Gross before costs,483,garch11_residual_fallback_insufficient_egarch_obs,60,ok,60,0.8291703179546603,0.6231995663114666,1.3112090454348193,2.324696004587833,-0.5821105704925122,0.22598745765622183,0.36840142727964914,20.477207316979122,False,insufficient_egarch_obs
larger GM paper,Gross before costs,484,garch11_residual_fallback_insufficient_egarch_obs,60,ok,60,0.21695878004768754,0.4258207694727053,0.6759147238982088,1.097760138117624,-0.3594905507873022,0.14936745555984673,0.23629576759848867,2.669189094858207,False,insufficient_egarch_obs
larger GM paper,Gross before costs,485,garch11_residual_fallback_insufficient_egarch_obs,60,ok,60,-0.010552786657022861,0.6518094883568347,0.3309237893735157,0.4785721368392098,-0.9111122790099687,0.30230678227381297,0.38666059142373627,0.9483379899319414,False,insufficient_egarch_obs
larger GM paper,Gross before costs,486,garch11_residual_fallback_insufficient_egarch_obs,60,ok,60,-0.14276272771491372,0.7421624550115408,0.21777293818787735,0.30318545561594257,-0.8079114667411231,0.3646240159977457,0.5178176251723521,0.46291923689155673,False,insufficient_egarch_obs
larger GM paper,Gross before costs,487,garch11_residual_fallback_insufficient_egarch_obs,60,ok,60,1.584820882764006,0.5981945669123564,1.9365180174786205,4.314075824238479,-0.26490541208009155,0.2023182639203721,0.26895579943108,115.38577421746685,False,insufficient_egarch_obs
larger GM paper,Gross before costs,488,garch11_residual_fallback_insufficient_egarch_obs,60,ok,60,-0.12576588615374684,0.6297852507846176,0.12296233318915074,0.17177716238151136,-0.8278411359623914,0.2809231470425355,0.4037898241125455,0.5106681197365535,False,insufficient_egarch_obs
larger GM paper,Gross before costs,489,garch11_residual_fallback_insufficient_egarch_obs,60,ok,60,0.09204199194568607,0.643697977812157,0.46657147963816403,0.6981525635032233,-0.6746343795897062,0.28157288367736877,0.31894045623431283,1.5530902467747891,False,insufficient_egarch_obs
larger GM paper,Gross before costs,490,garch11_residual_fallback_insufficient_egarch_obs,60,ok,60,0.3306910095127069,0.5784304697168211,0.8067300774569641,1.2626294064351256,-0.6315560064417645,0.2537778820287513,0.35267365564398473,4.172401697579213,False,insufficient_egarch_obs
larger GM paper,Gross before costs,491,garch11_residual_fallback_insufficient_egarch_obs,60,ok,60,1.0767264384751933,0.702336623045816,1.430493320037819,2.648773471700689,-0.5283829340542234,0.2409400518782574,0.3715049768764551,38.62748738443028,False,insufficient_egarch_obs
larger GM paper,Gross before costs,492,garch11_residual_fallback_insufficient_egarch_obs,60,ok,60,0.08009453934592159,0.5322354952702796,0.41027509276899793,0.6444542909172452,-0.46075924022282166,0.2561403334000018,0.3176881711940473,1.4699712880810438,False,insufficient_egarch_obs
larger GM paper,Gross before costs,493,garch11_residual_fallback_insufficient_egarch_obs,60,ok,60,0.26763643354122135,0.566116302944984,0.7085243080246575,1.138482681848037,-0.5634770088400153,0.29227983213459274,0.2997246482788548,3.273207702355328,False,insufficient_egarch_obs
larger GM paper,Gross before costs,494,garch11_residual_fallback_insufficient_egarch_obs,60,ok,60,-0.11654851406599898,0.628158492982007,0.12003661753188571,0.17471823035759662,-0.7296677963988021,0.2955185285081092,0.31870599697172725,0.5381626184221101,False,insufficient_egarch_obs
larger GM paper,Gross before costs,495,garch11_residual_fallback_insufficient_egarch_obs,60,ok,60,1.0213502354994999,0.5359111249600561,1.6096821425381205,3.2182695886515655,-0.36540235638482543,0.1745164235707549,0.23500857870322897,33.74487681199678,False,insufficient_egarch_obs
larger GM paper,Gross before costs,496,garch11_residual_fallback_insufficient_egarch_obs,60,ok,60,0.3864478136652225,0.4206121454198129,0.9986810893794261,1.6518604048610643,-0.32490386735342114,0.18905701935310537,0.25581670870684164,5.122920734329064,False,insufficient_egarch_obs
larger GM paper,Gross before costs,497,garch11_residual_fallback_insufficient_egarch_obs,60,ok,60,0.28306028141248873,0.5778589229437326,0.7327494926557133,1.1589344530750099,-0.6082247672702363,0.25083968993971434,0.3407685386122919,3.4772451138025007,False,insufficient_egarch_obs
larger GM paper,Gross before costs,498,garch11_residual_fallback_insufficient_egarch_obs,60,ok,60,0.15716774840587067,0.44542896380417213,0.5511440633643312,0.8602545398888543,-0.6789727143964738,0.20430579936356738,0.25691695690036714,2.074825630792797,False,insufficient_egarch_obs
larger GM paper,Gross before costs,499,garch11_residual_fallback_insufficient_egarch_obs,60,ok,60,0.31082728879359967,0.6142312648958382,0.7650764732964035,1.1674618728434296,-0.6182454340553518,0.30122379416702244,0.3362667959690744,3.8701461851241317,False,insufficient_egarch_obs
larger GM paper,Gross before costs,500,garch11_residual_fallback_insufficient_egarch_obs,60,ok,60,-0.0519548950394535,0.9680900609530533,0.4757690128525298,0.7194894813611453,-0.7883127349479024,0.4508262185287732,0.5361470267364558,0.7658522645745367,False,insufficient_egarch_obs
larger GM paper,Gross before costs,501,garch11_residual_fallback_insufficient_egarch_obs,60,ok,60,-0.011698065918623657,0.5712837333776453,0.2948641733472304,0.40555202657957773,-0.8165661451027943,0.3120241245666427,0.38485270000302657,0.9428622030939848,False,insufficient_egarch_obs
larger GM paper,Gross before costs,502,garch11_residual_fallback_insufficient_egarch_obs,60,ok,60,0.1920853965887639,0.6551476981750957,0.5966599083535629,0.962112910979536,-0.5954708398832351,0.28856635519813106,0.33026170144120437,2.407336711704595,False,insufficient_egarch_obs
larger GM paper,Gross before costs,503,garch11_residual_fallback_insufficient_egarch_obs,60,ok,60,0.34629861452971245,0.4243951009700441,0.9176028713390971,1.5773920568008737,-0.5393307718813233,0.18217278231342512,0.22392088434996804,4.422898717346008,False,insufficient_egarch_obs
larger GM paper,Gross before costs,504,garch11_residual_fallback_insufficient_egarch_obs,60,ok,60,0.0744994684209781,0.5569746848774427,0.4234862275428868,0.6019037240009191,-0.776434113542761,0.2622376683957634,0.32265996459164015,1.4322902146840961,False,insufficient_egarch_obs
larger GM paper,Gross before costs,505,garch11_residual_fallback_insufficient_egarch_obs,60,ok,60,0.2694950325709635,0.4371683490161904,0.7702835763608425,1.2391512885974496,-0.4077353497479308,0.1950484521574326,0.2548131186585039,3.2972739333113483,False,insufficient_egarch_obs
larger GM paper,Gross before costs,506,garch11_residual_fallback_insufficient_egarch_obs,60,ok,60,0.3107068877293202,0.49479719022667346,0.8136765989647838,1.265616023885283,-0.5731277502571097,0.16709038746942456,0.32286523055413435,3.8683691236771653,False,insufficient_egarch_obs
larger GM paper,Gross before costs,507,garch11_residual_fallback_insufficient_egarch_obs,60,ok,60,0.5864428506358732,0.4595360792855645,1.2526269558884673,2.2141534327095016,-0.3068124241523892,0.15612604662564974,0.27037930631897705,10.04898410692989,False,insufficient_egarch_obs
larger GM paper,Gross before costs,508,garch11_residual_fallback_insufficient_egarch_obs,60,ok,60,-0.20210561688752537,0.7589609617207407,0.10763096299227452,0.1526285138084264,-0.915207736896059,0.37780187180674984,0.43390652529320767,0.3233903370927508,False,insufficient_egarch_obs
larger GM paper,Gross before costs,509,garch11_residual_fallback_insufficient_egarch_obs,60,ok,60,0.17981485824440968,0.4699983131993295,0.5859266229061864,0.9470796224688476,-0.6315651503202644,0.22167863358290493,0.2599046798767126,2.2859635763105093,False,insufficient_egarch_obs
larger GM paper,Gross before costs,510,garch11_residual_fallback_insufficient_egarch_obs,60,ok,60,0.41418936124228645,0.6728882975588909,0.8742246018197899,1.3879187714056935,-0.6656456960376871,0.2997326609860464,0.3947303695746564,5.656370243441873,False,insufficient_egarch_obs
larger GM paper,Gross before costs,511,garch11_residual_fallback_insufficient_egarch_obs,60,ok,60,-0.2591540081643334,0.7479458958097075,0.00027356142630691194,0.00037653235025273047,-0.8923955056335962,0.34684758726646986,0.4261003411591963,0.2231719858383003,False,insufficient_egarch_obs
larger GM paper,Gross before costs,512,garch11_residual_fallback_insufficient_egarch_obs,60,ok,60,0.5892518910520224,0.4316963968151295,1.3000664032808527,2.629774171476097,-0.3099535477931158,0.15542549350836535,0.16774619883152805,10.138266061402543,False,insufficient_egarch_obs
larger GM paper,Gross before costs,513,garch11_residual_fallback_insufficient_egarch_obs,60,ok,60,-0.10425458570139934,0.7882619895336684,0.28782927422158633,0.40503203340285204,-0.9044577237114001,0.3741804342424606,0.4508205996329456,0.5766641691944556,False,insufficient_egarch_obs
larger GM paper,Gross before costs,514,garch11_residual_fallback_insufficient_egarch_obs,60,ok,60,0.7345589391649654,0.6389423829218002,1.2162890737863996,2.0700865721875648,-0.5267485674478098,0.2714071519665894,0.3948334203569534,15.701650539238488,False,insufficient_egarch_obs
larger GM paper,Gross before costs,515,garch11_residual_fallback_insufficient_egarch_obs,60,ok,60,0.7813057016693503,0.5001044277386736,1.4166898188968673,2.9799198883798494,-0.40211699865135464,0.18081100834842012,0.20870766534489604,17.934624576103786,False,insufficient_egarch_obs
larger GM paper,Gross before costs,516,garch11_residual_fallback_insufficient_egarch_obs,60,ok,60,0.06291357640079731,0.7080144542135596,0.47356627126085254,0.6881024103156748,-0.7390478237451138,0.32456622785716094,0.4303103996111477,1.3567185757537934,False,insufficient_egarch_obs
larger GM paper,Gross before costs,517,garch11_residual_fallback_insufficient_egarch_obs,60,ok,60,-0.3575450780591297,0.9817809295654156,0.18025276145155444,0.24022451057692049,-0.989471977829084,0.5293761737082486,0.6367439673026919,0.1094493793793362,False,insufficient_egarch_obs
larger GM paper,Gross before costs,518,garch11_residual_fallback_insufficient_egarch_obs,60,ok,60,0.43934083224817244,0.5124937517453507,0.9829801616841441,1.6170218587967466,-0.42743450161117125,0.21501334540456576,0.31543420526982285,6.1775778872323315,False,insufficient_egarch_obs
larger GM paper,Gross before costs,519,garch11_residual_fallback_insufficient_egarch_obs,60,ok,60,-0.10584824672008109,0.45446666199363106,-0.013484685266606969,-0.01859144499067071,-0.7975425246221737,0.21925269699246214,0.27737571993831117,0.5715525442212707,False,insufficient_egarch_obs
larger GM paper,Gross before costs,520,garch11_residual_fallback_insufficient_egarch_obs,60,ok,60,0.5973203450638507,0.46959779011041825,1.2428286960575334,2.3709548546974846,-0.47162588566301655,0.14031314243016738,0.2394645305199309,10.398246690236446,False,insufficient_egarch_obs
larger GM paper,Gross before costs,521,garch11_residual_fallback_insufficient_egarch_obs,60,ok,60,0.577548301471513,0.6921388156511528,1.0152479347436567,1.8265869876208307,-0.5521481870809224,0.2755818918644186,0.3870269645456559,9.770422109898213,False,insufficient_egarch_obs
larger GM paper,Gross before costs,522,garch11_residual_fallback_insufficient_egarch_obs,60,ok,60,0.39989409601226167,0.6282015257108601,0.859307515711901,1.4393658020004008,-0.5979442943503712,0.2535358726730989,0.3457563727727652,5.376206103937807,False,insufficient_egarch_obs
larger GM paper,Gross before costs,523,garch11_residual_fallback_insufficient_egarch_obs,60,ok,60,0.5714847597521115,0.7609504208820506,1.011118066277614,1.6505536922783604,-0.8363877691233423,0.32388992029940294,0.435307775975219,9.584089660420897,False,insufficient_egarch_obs
larger GM paper,Gross before costs,524,garch11_residual_fallback_insufficient_egarch_obs,60,ok,60,-0.2059755975472869,0.6812634279025849,0.05586301879626878,0.07359735306720197,-0.8054058610462493,0.32726026804842595,0.47251768358759855,0.315623439476346,False,insufficient_egarch_obs
larger GM paper,Gross before costs,525,garch11_residual_fallback_insufficient_egarch_obs,60,ok,60,0.0824998841180078,0.6512442967527193,0.49824274574962885,0.6804777427708417,-0.7168013391743899,0.35480936278785125,0.46622057663927646,1.4864123076560716,False,insufficient_egarch_obs
larger GM paper,Gross before costs,526,garch11_residual_fallback_insufficient_egarch_obs,60,ok,60,0.3701826532083423,0.657760014316462,0.8303973322943262,1.2815775571720633,-0.7349217777307622,0.32986449652525934,0.371957917824918,4.829390514919499,False,insufficient_egarch_obs
larger GM paper,Gross before costs,527,garch11_residual_fallback_insufficient_egarch_obs,60,ok,60,0.03856586434176701,0.5383466940978621,0.3440092715819989,0.5106850691349488,-0.7387553329302792,0.26593940770148017,0.2989771978180885,1.2082873267236813,False,insufficient_egarch_obs
larger GM paper,Gross before costs,528,garch11_residual_fallback_insufficient_egarch_obs,60,ok,60,0.036866735022026864,0.599697406407906,0.38304670174596994,0.5440784349868231,-0.5746203608988706,0.296154768861471,0.38636141807216146,1.198435617750107,False,insufficient_egarch_obs
larger GM paper,Gross before costs,529,garch11_residual_fallback_insufficient_egarch_obs,60,ok,60,0.23719257142138406,0.5326791158312547,0.6735178315903286,1.0635577754579115,-0.8054004581732674,0.2656607668489402,0.3130925897034078,2.898588189708582,False,insufficient_egarch_obs
larger GM paper,Gross before costs,530,garch11_residual_fallback_insufficient_egarch_obs,60,ok,60,-0.05881091448331399,0.5841337108117965,0.2206923958609993,0.30319628679192206,-0.6335532925756757,0.25332367273670287,0.4253582322758431,0.7385576674972365,False,insufficient_egarch_obs
larger GM paper,Gross before costs,531,garch11_residual_fallback_insufficient_egarch_obs,60,ok,60,-0.07164189093748141,0.5438533906431346,0.14818940417292834,0.20898655665274316,-0.821782684748336,0.253878827179602,0.3764732510834894,0.6895689158745582,False,insufficient_egarch_obs
larger GM paper,Gross before costs,532,garch11_residual_fallback_insufficient_egarch_obs,60,ok,60,0.09233623213574238,0.8463568768621463,0.5679218158817619,0.8474786181873782,-0.7821117952811228,0.39644357316986717,0.5013431869785073,1.5551837005873634,False,insufficient_egarch_obs
larger GM paper,Gross before costs,533,garch11_residual_fallback_insufficient_egarch_obs,60,ok,60,0.4903264303096764,0.6114183622666022,0.9762510938628322,1.623808423358973,-0.5875095204028582,0.28911222368749134,0.3486358954740741,7.352025720897815,False,insufficient_egarch_obs
larger GM paper,Gross before costs,534,garch11_residual_fallback_insufficient_egarch_obs,60,ok,60,0.01770252639736869,0.7137250993264753,0.4030351977929941,0.5928506350068821,-0.7284072487348692,0.3231301220046155,0.4024638441311262,1.0917023952454554,False,insufficient_egarch_obs
larger GM paper,Gross before costs,535,garch11_residual_fallback_insufficient_egarch_obs,60,ok,60,-0.06490994816693263,0.6248322559092301,0.21573272752579342,0.3140050526359767,-0.860085946724851,0.28439696683492577,0.3726877154988462,0.7149360284063798,False,insufficient_egarch_obs
larger GM paper,Gross before costs,536,garch11_residual_fallback_insufficient_egarch_obs,60,ok,60,0.4006988472759796,0.5327406114406164,0.9132310811618284,1.5194279659002192,-0.5390379154043409,0.24441959083287862,0.3205876460383683,5.391676866521742,False,insufficient_egarch_obs
larger GM paper,Gross before costs,537,garch11_residual_fallback_insufficient_egarch_obs,60,ok,60,-0.16736381256664357,0.5860527789667133,-0.011585664492815402,-0.016106617076449514,-0.7839979700797033,0.2938810783801493,0.3115945681740397,0.40019937842656683,False,insufficient_egarch_obs
larger GM paper,Gross before costs,538,garch11_residual_fallback_insufficient_egarch_obs,60,ok,60,-0.5987487530653295,1.0197120943369349,-0.278915616789018,-0.3681036197626614,-0.9977116234958444,0.5219056693366523,0.6010211490571701,0.01040116474299512,False,insufficient_egarch_obs
larger GM paper,Gross before costs,539,garch11_residual_fallback_insufficient_egarch_obs,60,ok,60,0.052784195813770474,0.5468998281087172,0.37643531244692435,0.5434488777182193,-0.6192558886056894,0.278216239678688,0.30487377718872977,1.2932925739791281,False,insufficient_egarch_obs
larger GM paper,Gross before costs,540,garch11_residual_fallback_insufficient_egarch_obs,60,ok,60,0.2931567479166186,0.6624715554644346,0.7504487196681924,1.1484983277996619,-0.6955100070348827,0.36408251065119374,0.4184107777868185,3.616228394193934,False,insufficient_egarch_obs
larger GM paper,Gross before costs,541,garch11_residual_fallback_insufficient_egarch_obs,60,ok,60,0.29653924897872774,0.600425061982137,0.7661346950115645,1.1575366952533284,-0.5851329727968062,0.2474931529337715,0.44442883031758695,3.66377117573329,False,insufficient_egarch_obs
larger GM paper,Gross before costs,542,garch11_residual_fallback_insufficient_egarch_obs,60,ok,60,0.1712697816226909,0.7382532500458613,0.5870677149020515,0.9379513487234722,-0.5936931470714018,0.34482020099276783,0.35936580527177503,2.204371024985372,False,insufficient_egarch_obs
larger GM paper,Gross before costs,543,garch11_residual_fallback_insufficient_egarch_obs,60,ok,60,0.15731707568006104,0.702740295392354,0.5557579156624328,0.9251672919741762,-0.6942016855651063,0.2905080955918961,0.3701975733464902,2.0761647107595396,False,insufficient_egarch_obs
larger GM paper,Gross before costs,544,garch11_residual_fallback_insufficient_egarch_obs,60,ok,60,0.49548242848779744,0.41305540059757445,1.199151596372334,2.0146991238995176,-0.38355347864574296,0.21161919803465615,0.25031847020613157,7.4800856850622255,False,insufficient_egarch_obs
larger GM paper,Gross before costs,545,garch11_residual_fallback_insufficient_egarch_obs,60,ok,60,0.019381357330401805,0.7289334557109783,0.4275180276658194,0.5991042600207783,-0.8538858542926371,0.4084539943427808,0.4323883050583139,1.1007366685738453,False,insufficient_egarch_obs
larger GM paper,Gross before costs,546,garch11_residual_fallback_insufficient_egarch_obs,60,ok,60,0.5035917217750647,0.5770105536614418,1.017372390614118,1.639234864481523,-0.4080847423289018,0.30790238577223594,0.3324447460833862,7.685101891919134,False,insufficient_egarch_obs
larger GM paper,Gross before costs,547,garch11_residual_fallback_insufficient_egarch_obs,60,ok,60,0.9719771789595153,0.6780012075335395,1.3607854475761436,2.558790089152835,-0.5311612359519576,0.26612940866524687,0.3423425160597362,29.820122517275315,False,insufficient_egarch_obs
larger GM paper,Gross before costs,548,garch11_residual_fallback_insufficient_egarch_obs,60,ok,60,0.1636067800083647,0.5156885087384198,0.5608109884272443,0.8346308527455305,-0.4364812442615562,0.24661393517430177,0.2910808644923201,2.1331982339761426,False,insufficient_egarch_obs
larger GM paper,Gross before costs,549,garch11_residual_fallback_insufficient_egarch_obs,60,ok,60,0.338595851504214,0.7839527520336476,0.7725230585720592,1.2675955007779007,-0.6584009298892188,0.36442118866298423,0.3863795414200431,4.297811599263467,False,insufficient_egarch_obs
larger GM paper,Gross before costs,550,garch11_residual_fallback_insufficient_egarch_obs,60,ok,60,1.1275405883291612,0.4772430530898463,1.8695788056026594,3.6312719758395082,-0.5238227375504484,0.14622747981292264,0.26459555190875345,43.59024104876812,False,insufficient_egarch_obs
larger GM paper,Gross before costs,551,garch11_residual_fallback_insufficient_egarch_obs,60,ok,60,-0.04640758258821487,0.5424220746797831,0.19436059419888524,0.27199036758988454,-0.5885239192866905,0.2767371772247824,0.3258752982765392,0.7885222370917853,False,insufficient_egarch_obs
larger GM paper,Gross before costs,552,garch11_residual_fallback_insufficient_egarch_obs,60,ok,60,0.6305876378400117,0.7593675791818514,1.0690163868581717,1.6780126723930902,-0.6852064770511134,0.35481635417190044,0.45645581692632803,11.527117687674984,False,insufficient_egarch_obs
larger GM paper,Gross before costs,553,garch11_residual_fallback_insufficient_egarch_obs,60,ok,60,0.9080773423577981,0.4107896482241331,1.8100448019182653,4.073930864201293,-0.40039533640043823,0.11016506298822223,0.19693443977266253,25.2918077805447,False,insufficient_egarch_obs
larger GM paper,Gross before costs,554,garch11_residual_fallback_insufficient_egarch_obs,60,ok,60,0.033559069916693884,0.5751573744101814,0.37099044096710593,0.5154048433879751,-0.6638143267798363,0.33323315521136104,0.3841938327661533,1.1794417916381261,False,insufficient_egarch_obs
larger GM paper,Gross before costs,555,garch11_residual_fallback_insufficient_egarch_obs,60,ok,60,0.4893460376851899,0.5028499800249862,1.0457811585537011,1.9670726013864914,-0.5052693443692531,0.17055002157807628,0.22173104315716788,7.327875324498277,False,insufficient_egarch_obs
larger GM paper,Gross before costs,556,garch11_residual_fallback_insufficient_egarch_obs,60,ok,60,-0.06007173353045869,0.5227142505593226,0.16208180694924063,0.21442764978307696,-0.7018774249252847,0.2746416068568348,0.3218304328622948,0.7336240357395806,False,insufficient_egarch_obs
larger GM paper,Gross before costs,557,garch11_residual_fallback_insufficient_egarch_obs,60,ok,60,-0.1138198832748133,0.7155013086921911,0.21015989466392032,0.3160666326503789,-0.8849622155837141,0.28622155956388173,0.41213020134403067,0.5465249681057365,False,insufficient_egarch_obs
larger GM paper,Gross before costs,558,garch11_residual_fallback_insufficient_egarch_obs,60,ok,60,-0.22305356882726746,0.880695781342761,0.19203943949175942,0.2784255926851144,-0.899228139684944,0.4071462371075909,0.5125841051914372,0.2831101114255256,False,insufficient_egarch_obs
larger GM paper,Gross before costs,559,garch11_residual_fallback_insufficient_egarch_obs,60,ok,60,0.477422857076061,0.6046816448222847,0.9480920232429361,1.7339307866393194,-0.7254610466418006,0.20092675335412388,0.3049894917273827,7.039212377470498,False,insufficient_egarch_obs
larger GM paper,Gross before costs,560,garch11_residual_fallback_insufficient_egarch_obs,60,ok,60,-0.12462686636791753,0.5947688610379297,0.08690961156219124,0.12162764889136336,-0.7754571299320734,0.2770595406864087,0.3355167568644839,0.5140034890914086,False,insufficient_egarch_obs
larger GM paper,Gross before costs,561,garch11_residual_fallback_insufficient_egarch_obs,60,ok,60,-0.2083063857667773,0.631377062469112,-0.015106498003917562,-0.019435443075718487,-0.8960485430094813,0.34818908843974067,0.41085852751620816,0.311018132810111,False,insufficient_egarch_obs
larger GM paper,Gross before costs,562,garch11_residual_fallback_insufficient_egarch_obs,60,ok,60,0.02257952083339143,0.7547370847227634,0.4222093605758926,0.6315470791064121,-0.7920595906287591,0.39125289672335345,0.40697160669342186,1.1181123755502493,False,insufficient_egarch_obs
larger GM paper,Gross before costs,563,garch11_residual_fallback_insufficient_egarch_obs,60,ok,60,-0.41222570566142447,0.741065743839983,-0.30721217025908415,-0.4028188293130679,-0.9556922779029475,0.3563812169909463,0.4246153675069586,0.07015408163761742,False,insufficient_egarch_obs
larger GM paper,Gross before costs,564,garch11_residual_fallback_insufficient_egarch_obs,60,ok,60,-0.4503036960260529,0.7871489268709998,-0.292670603389777,-0.3740212660098269,-0.9607201837074367,0.34923834120892977,0.5378288578097413,0.05018964044265818,False,insufficient_egarch_obs
larger GM paper,Gross before costs,565,garch11_residual_fallback_insufficient_egarch_obs,60,ok,60,-0.16701619186377215,0.6028383205810655,0.02517533807370665,0.03378194979953004,-0.7840689660356769,0.3262637019069985,0.37598262021629764,0.40103548068451256,False,insufficient_egarch_obs
larger GM paper,Gross before costs,566,garch11_residual_fallback_insufficient_egarch_obs,60,ok,60,0.14656657395041717,0.6480167557287961,0.5471036184949386,0.8460256836391419,-0.6904304115565276,0.25630433026860505,0.382294425159386,1.981510521971263,False,insufficient_egarch_obs
larger GM paper,Gross before costs,567,garch11_residual_fallback_insufficient_egarch_obs,60,ok,60,0.43725722487247154,0.6170585293503895,0.9130976566156741,1.4870905368952405,-0.6617932918229503,0.3135834438984289,0.36054214763998965,6.13299346996345,False,insufficient_egarch_obs
larger GM paper,Gross before costs,568,garch11_residual_fallback_insufficient_egarch_obs,60,ok,60,-0.5966293459453084,0.9292897866952029,-0.3984253827065034,-0.5052595007153213,-0.9961690427921609,0.43029561798799887,0.6126038922438877,0.0106787764872647,False,insufficient_egarch_obs
larger GM paper,Gross before costs,569,garch11_residual_fallback_insufficient_egarch_obs,60,ok,60,0.3953225357191612,0.4256620897222941,1.0034878972146426,1.7302881557245782,-0.38694636192312315,0.20800625457625233,0.24760745946511362,5.288993614405064,False,insufficient_egarch_obs
larger GM paper,Gross before costs,570,garch11_residual_fallback_insufficient_egarch_obs,60,ok,60,0.9812125581698581,0.5188849518958506,1.6133688957798684,3.092680534356584,-0.39707592884850473,0.15871839970183116,0.2853274417036278,30.524978080144983,False,insufficient_egarch_obs
larger GM paper,Gross before costs,571,garch11_residual_fallback_insufficient_egarch_obs,60,ok,60,0.1383094289375595,0.7256069490759327,0.5462599779528489,0.89884971734492,-0.7146700064429901,0.3107060694830059,0.42126976419497525,1.9111803267728154,False,insufficient_egarch_obs
larger GM paper,Gross before costs,572,garch11_residual_fallback_insufficient_egarch_obs,60,ok,60,0.8451856428888089,0.6157509352311203,1.3373164152842414,2.3970639306963757,-0.4972152833959549,0.23716810366962077,0.34496941275931176,21.389485284052043,False,insufficient_egarch_obs
larger GM paper,Gross before costs,573,garch11_residual_fallback_insufficient_egarch_obs,60,ok,60,-0.18727294832891594,0.7515549836627473,0.13231658863506385,0.18308134449695565,-0.9153109984026501,0.3417164309704891,0.4416658852037056,0.35458762726860277,False,insufficient_egarch_obs
larger GM paper,Gross before costs,574,garch11_residual_fallback_insufficient_egarch_obs,60,ok,60,-0.2274880521013497,0.7138017447143137,0.037949281090545586,0.05009353827685792,-0.8861789206318315,0.35791029409888797,0.4309772207682869,0.27512244689687015,False,insufficient_egarch_obs
larger GM paper,Gross before costs,575,garch11_residual_fallback_insufficient_egarch_obs,60,ok,60,0.2298699724112636,0.5304681789291741,0.6831430450197401,0.9779055928721286,-0.6110826115089165,0.25383602858829146,0.3683045067195343,2.813817919985601,False,insufficient_egarch_obs
larger GM paper,Gross before costs,576,garch11_residual_fallback_insufficient_egarch_obs,60,ok,60,0.1576423353270633,0.5363336942594281,0.548928770569701,0.8357155505260369,-0.7157210771546497,0.27119277119360957,0.3072479620659145,2.07908384285724,False,insufficient_egarch_obs
larger GM paper,Gross before costs,577,garch11_residual_fallback_insufficient_egarch_obs,60,ok,60,-0.08443940897176672,0.6850908515166108,0.24614366176106967,0.33860337366148163,-0.7040721690320628,0.3299979874844563,0.42917859183313656,0.6433324443430659,False,insufficient_egarch_obs
larger GM paper,Gross before costs,578,garch11_residual_fallback_insufficient_egarch_obs,60,ok,60,-0.4585494748215355,0.8076392571952088,-0.30218331010167077,-0.39550652016367155,-0.9738128900718594,0.40806168485079963,0.47054344439311246,0.04653651923174589,False,insufficient_egarch_obs
larger GM paper,Gross before costs,579,garch11_residual_fallback_insufficient_egarch_obs,60,ok,60,-0.04606757901749392,0.767635094810569,0.3415161265513436,0.5029062004138664,-0.7145538221114601,0.32830235516866113,0.41754211949668835,0.7899289787036687,False,insufficient_egarch_obs
larger GM paper,Gross before costs,580,garch11_residual_fallback_insufficient_egarch_obs,60,ok,60,0.5437752697234588,0.6959495983725246,0.9908213266700492,1.6354391078409212,-0.6435079700727065,0.30860909242632606,0.36176498593423556,8.768400893991254,False,insufficient_egarch_obs
larger GM paper,Gross before costs,581,garch11_residual_fallback_insufficient_egarch_obs,60,ok,60,0.3632275861510139,0.6859581064432776,0.8181673122882575,1.26429169188655,-0.783530771408591,0.316584287240654,0.3753956420156124,4.708058269587729,False,insufficient_egarch_obs
larger GM paper,Gross before costs,582,garch11_residual_fallback_insufficient_egarch_obs,60,ok,60,-0.7961269663892381,0.9690283566921752,-0.9033762487694103,-1.0174596209434235,-0.9997158243912889,0.6110633627187401,0.6697307257974314,0.0003522077647220656,False,insufficient_egarch_obs
larger GM paper,Gross before costs,583,garch11_residual_fallback_insufficient_egarch_obs,60,ok,60,-0.36462376928143747,0.9025963036416543,-0.018409576344231786,-0.025986874748383414,-0.9469914938668332,0.43435402668379014,0.4571666070018778,0.1035511245625939,False,insufficient_egarch_obs
larger GM paper,Gross before costs,584,garch11_residual_fallback_insufficient_egarch_obs,60,ok,60,1.2781447057197854,0.7080092947222472,1.5948537636765023,2.7424658652479175,-0.5871851468952297,0.30785323835964373,0.4629817512734697,61.362992826816495,False,insufficient_egarch_obs
larger GM paper,Gross before costs,585,garch11_residual_fallback_insufficient_egarch_obs,60,ok,60,0.517140473186273,0.5042836170847151,1.106326450514501,1.7152399829899774,-0.41182914956145744,0.25350791492616603,0.3169007134400496,8.037647790823673,False,insufficient_egarch_obs
larger GM paper,Gross before costs,586,garch11_residual_fallback_insufficient_egarch_obs,60,ok,60,-0.30120095289674975,0.9215397700034007,0.1421513232820061,0.19708586017520777,-0.9508526460065961,0.4651942900529991,0.5560719662565242,0.1666331946147037,False,insufficient_egarch_obs
larger GM paper,Gross before costs,587,garch11_residual_fallback_insufficient_egarch_obs,60,ok,60,-0.10178223487032956,0.6433759425127443,0.15534669222751085,0.23151827760411817,-0.7851839608047088,0.27815356031285626,0.31495622126485523,0.5846664883716526,False,insufficient_egarch_obs
larger GM paper,Gross before costs,588,garch11_residual_fallback_insufficient_egarch_obs,60,ok,60,0.12843298840867567,0.566751845291299,0.5175372133061131,0.74424501360551,-0.7765303925549174,0.3314268625246736,0.36086241209105346,1.8296957056712224,False,insufficient_egarch_obs
larger GM paper,Gross before costs,589,garch11_residual_fallback_insufficient_egarch_obs,60,ok,60,0.3474504814984567,0.529027479645704,0.8443599283772979,1.364587717759875,-0.6332367386148714,0.24876433508131662,0.3510036865012606,4.4418518530459155,False,insufficient_egarch_obs
larger GM paper,Gross before costs,590,garch11_residual_fallback_insufficient_egarch_obs,60,ok,60,0.5077625833900479,0.5556621304879369,1.0267848444346088,1.8212652227327812,-0.5168299256946578,0.17822153901996254,0.2992165772001874,7.792284641223283,False,insufficient_egarch_obs
larger GM paper,Gross before costs,591,garch11_residual_fallback_insufficient_egarch_obs,60,ok,60,-0.3067667024278101,0.9742596669666227,0.16042214093525808,0.2326715333942832,-0.9347009185732262,0.495580758433504,0.5429595540824484,0.16010211660283943,False,insufficient_egarch_obs
larger GM paper,Gross before costs,592,garch11_residual_fallback_insufficient_egarch_obs,60,ok,60,-0.24710213941589276,0.6787947404578745,-0.04853830156357904,-0.0658436116611471,-0.8998097255942452,0.3436074728724735,0.42775024275278434,0.24192475800955643,False,insufficient_egarch_obs
larger GM paper,Gross before costs,593,garch11_residual_fallback_insufficient_egarch_obs,60,ok,60,0.20957947100411634,0.5317954686107488,0.6371265818328776,0.9763961651670069,-0.5293836088003634,0.24573400952710706,0.3136124972349743,2.5892383856726875,False,insufficient_egarch_obs
larger GM paper,Gross before costs,594,garch11_residual_fallback_insufficient_egarch_obs,60,ok,60,0.09980345237040278,0.5309513077317114,0.45236739378236035,0.6664251056342901,-0.5125356025168595,0.2648111538364912,0.3053909109920774,1.6090716871638882,False,insufficient_egarch_obs
larger GM paper,Gross before costs,595,garch11_residual_fallback_insufficient_egarch_obs,60,ok,60,0.0642260920495914,0.6771015532130005,0.45837984894530026,0.6550891737856429,-0.8059259389438921,0.33825268399257663,0.3910770054385601,1.365115860291929,False,insufficient_egarch_obs
larger GM paper,Gross before costs,596,garch11_residual_fallback_insufficient_egarch_obs,60,ok,60,1.106194070190246,0.5408912552659081,1.7047382602946788,2.8690562177769094,-0.6026137625805414,0.28121801591161455,0.3377544273135431,41.44688810001288,False,insufficient_egarch_obs
larger GM paper,Gross before costs,597,garch11_residual_fallback_insufficient_egarch_obs,60,ok,60,0.1756177627924853,0.5333383418591181,0.5777115755953254,0.9198608956862248,-0.4551863041390115,0.21077506145279015,0.33493677316029163,2.2455911949079774,False,insufficient_egarch_obs
larger GM paper,Gross before costs,598,garch11_residual_fallback_insufficient_egarch_obs,60,ok,60,0.0522039269017307,0.5272575060791725,0.3699601656866886,0.5213242309448122,-0.6656511475217456,0.25273434616228724,0.28536611829649267,1.2897323445130686,False,insufficient_egarch_obs
larger GM paper,Gross before costs,599,garch11_residual_fallback_insufficient_egarch_obs,60,ok,60,-0.36700422127707033,0.7299487710790661,-0.22303154500530903,-0.2960415329440744,-0.9597633485050922,0.2922903650997999,0.4522758525255683,0.10162582147807309,False,insufficient_egarch_obs
larger GM paper,Gross before costs,600,garch11_residual_fallback_insufficient_egarch_obs,60,ok,60,0.33595122619297846,0.48956906920013155,0.8343123639354991,1.4985267499382147,-0.6505144270113852,0.20700418440721755,0.24701061366520774,4.255523710020151,False,insufficient_egarch_obs
larger GM paper,Gross before costs,601,garch11_residual_fallback_insufficient_egarch_obs,60,ok,60,0.8561416967672109,0.44929148762346327,1.6301107084475426,3.1997465433257872,-0.339293068625641,0.15951060406470816,0.21983865875917144,22.03208683858899,False,insufficient_egarch_obs
larger GM paper,Gross before costs,602,garch11_residual_fallback_insufficient_egarch_obs,60,ok,60,0.2907456340739447,0.531489902485889,0.7577365624277617,1.184054424028734,-0.5469881683696661,0.24509194671638335,0.31381235385937584,3.582641263547482,False,insufficient_egarch_obs
larger GM paper,Gross before costs,603,garch11_residual_fallback_insufficient_egarch_obs,60,ok,60,0.3706270154566593,0.7279791729456125,0.8281365388316929,1.2859283416489513,-0.6485069595974573,0.3034558637057175,0.44298600140440864,4.837226664377905,False,insufficient_egarch_obs
larger GM paper,Gross before costs,604,garch11_residual_fallback_insufficient_egarch_obs,60,ok,60,0.37130977909546004,0.7069648432172075,0.8194226924214053,1.3125286656880961,-0.7583715385098975,0.28888605279920737,0.4009583892720869,4.8492867451852835,False,insufficient_egarch_obs
larger GM paper,Gross before costs,605,garch11_residual_fallback_insufficient_egarch_obs,60,ok,60,0.22321877013296976,0.571905672778766,0.6438718714582324,1.0176987231860748,-0.5055295082251527,0.29070469389774517,0.30006907136523625,2.7385500543782726,False,insufficient_egarch_obs
larger GM paper,Gross before costs,606,garch11_residual_fallback_insufficient_egarch_obs,60,ok,60,0.42106681836293847,0.5354309930616069,0.9216172977019081,1.6845755268151827,-0.3415884732224943,0.19905382233820076,0.23782893831496624,5.7952542531517865,False,insufficient_egarch_obs
larger GM paper,Gross before costs,607,garch11_residual_fallback_insufficient_egarch_obs,60,ok,60,-0.009127131834321234,0.4128095744936232,0.1879755724739946,0.26278818217952077,-0.47546526312117376,0.18295351188630732,0.24925359253154533,0.9551898175037128,False,insufficient_egarch_obs
larger GM paper,Gross before costs,608,garch11_residual_fallback_insufficient_egarch_obs,60,ok,60,0.763830941847357,0.43857830908725853,1.5448496433097216,2.720456528369845,-0.2889413946881545,0.20010798937541235,0.23842044631654924,17.07201503403293,False,insufficient_egarch_obs
larger GM paper,Gross before costs,609,garch11_residual_fallback_insufficient_egarch_obs,60,ok,60,0.18622649435986904,0.7311986394524249,0.6012885947137421,0.9604653802928944,-0.9100231430762065,0.3221535705934811,0.3395023496250287,2.3487570617074423,False,insufficient_egarch_obs
larger GM paper,Gross before costs,610,garch11_residual_fallback_insufficient_egarch_obs,60,ok,60,0.01111739130242051,0.5739698408912521,0.32413819082382017,0.46126549196977784,-0.7525202903826527,0.24898365136207423,0.36961764874649833,1.0568367376502235,False,insufficient_egarch_obs
larger GM paper,Gross before costs,611,garch11_residual_fallback_insufficient_egarch_obs,60,ok,60,0.3197625853943571,0.5556817199710707,0.7952146565136964,1.2607275024584017,-0.5819680997328311,0.2417274057978479,0.3580878808806731,4.003861635788105,False,insufficient_egarch_obs
larger GM paper,Gross before costs,612,garch11_residual_fallback_insufficient_egarch_obs,60,ok,60,-0.05133525343662815,0.7227965121575108,0.33709651930908735,0.4822269437650122,-0.7180644414381178,0.3373231538787196,0.49787600812316035,0.7683583408364038,False,insufficient_egarch_obs
larger GM paper,Gross before costs,613,garch11_residual_fallback_insufficient_egarch_obs,60,ok,60,0.32827366998783614,0.621591659422758,0.7820998784251458,1.2681730838380867,-0.5295051940415516,0.23378954674328456,0.3959043693034429,4.134641116725641,False,insufficient_egarch_obs
larger GM paper,Gross before costs,614,garch11_residual_fallback_insufficient_egarch_obs,60,ok,60,0.7591861024353623,0.5537781872038054,1.307324047303495,2.611062399025391,-0.5483699348353241,0.1980421397872226,0.23415340815105343,16.848410187619514,False,insufficient_egarch_obs
larger GM paper,Gross before costs,615,garch11_residual_fallback_insufficient_egarch_obs,60,ok,60,0.039728002079242764,0.5079786205636811,0.33328247471059286,0.50114342835068,-0.5375492372940432,0.25029682773809847,0.30247518081446695,1.2150627389095339,False,insufficient_egarch_obs
larger GM paper,Gross before costs,616,garch11_residual_fallback_insufficient_egarch_obs,60,ok,60,0.1635556133771805,0.6579997873424398,0.5800852652120029,0.8841685402409283,-0.6530818726180623,0.291880557037445,0.397324842636159,2.1327292655474612,False,insufficient_egarch_obs
larger GM paper,Gross before costs,617,garch11_residual_fallback_insufficient_egarch_obs,60,ok,60,0.11149186767913544,0.519367889471029,0.4646114240831932,0.7193786705807073,-0.6866752221139383,0.24445449223413965,0.27545532841608794,1.6964124358764054,False,insufficient_egarch_obs
larger GM paper,Gross before costs,618,garch11_residual_fallback_insufficient_egarch_obs,60,ok,60,0.12128631461430972,0.49294552404410324,0.4899709855971751,0.7411388048162153,-0.6736634833465939,0.19476902208923602,0.2944435984644107,1.7724851606695722,False,insufficient_egarch_obs
larger GM paper,Gross before costs,619,garch11_residual_fallback_insufficient_egarch_obs,60,ok,60,0.3887223332242593,0.6927191909930347,0.8245367166418707,1.40059627718285,-0.5088582739352965,0.31846828972827396,0.35170893063470293,5.165080553663285,False,insufficient_egarch_obs
larger GM paper,Gross before costs,620,garch11_residual_fallback_insufficient_egarch_obs,60,ok,60,0.22163441178326382,0.6384710621024553,0.6581830392292816,0.9829924040674038,-0.7954472235870675,0.31383741928200465,0.39474184099789733,2.720860579552582,False,insufficient_egarch_obs
larger GM paper,Gross before costs,621,garch11_residual_fallback_insufficient_egarch_obs,60,ok,60,0.7998796471861738,0.5596245258673488,1.3629900492131808,2.4130740677258715,-0.5609296967850954,0.22508964393925956,0.3376706003739774,18.889363766204927,False,insufficient_egarch_obs
larger GM paper,Gross before costs,622,garch11_residual_fallback_insufficient_egarch_obs,60,ok,60,0.39633077420348717,0.4489518875829846,0.9737442373956616,1.6897848567042049,-0.372050033287049,0.18432267103551336,0.2210168972932733,5.308129974637259,False,insufficient_egarch_obs
larger GM paper,Gross before costs,623,garch11_residual_fallback_insufficient_egarch_obs,60,ok,60,0.5768702518094959,0.4970439908972609,1.177076721401393,2.1168275313002463,-0.5310914805249609,0.24571523641196363,0.24974041480836573,9.749442913944684,False,insufficient_egarch_obs
larger GM paper,Gross before costs,624,garch11_residual_fallback_insufficient_egarch_obs,60,ok,60,0.014911781653035083,0.6486041166628634,0.36118222904456093,0.5552973500305823,-0.736783809379878,0.25707297420356773,0.412267781378179,1.076815926567154,False,insufficient_egarch_obs
larger GM paper,Gross before costs,625,garch11_residual_fallback_insufficient_egarch_obs,60,ok,60,0.3681720413396381,0.42049805582087096,0.973303664778014,1.5064906305957764,-0.4529605309528272,0.20950716497096414,0.2710877698316769,4.7940610113209745,False,insufficient_egarch_obs
larger GM paper,Gross before costs,626,garch11_residual_fallback_insufficient_egarch_obs,60,ok,60,0.49148622075504655,0.5223365053468565,1.0369628583775146,1.822146701237322,-0.4678211492369796,0.19720840897491237,0.2787659832989455,7.38067746685101,False,insufficient_egarch_obs
larger GM paper,Gross before costs,627,garch11_residual_fallback_insufficient_egarch_obs,60,ok,60,0.5373576855345803,0.42080616175897856,1.2514784325746513,2.14625226133922,-0.2732103459298738,0.184363407445351,0.23869812109193733,8.587655548975796,False,insufficient_egarch_obs
larger GM paper,Gross before costs,628,garch11_residual_fallback_insufficient_egarch_obs,60,ok,60,0.7108994109646238,0.681368443595601,1.1390556168097838,2.0743087598762964,-0.4739460332783456,0.2739126366227057,0.3108817669700961,14.659608896411504,False,insufficient_egarch_obs
larger GM paper,Gross before costs,629,garch11_residual_fallback_insufficient_egarch_obs,60,ok,60,0.38268863655066876,0.6220225826003265,0.8707447239541122,1.300232909563612,-0.6686122225244093,0.28823410725177084,0.40562043845915907,5.053845584494454,False,insufficient_egarch_obs
larger GM paper,Gross before costs,630,garch11_residual_fallback_insufficient_egarch_obs,60,ok,60,0.19413170262540214,0.552437108844646,0.601238046627914,0.965874633736467,-0.7743895172844237,0.25301496242730703,0.3306688636539096,2.4280696597647062,False,insufficient_egarch_obs
larger GM paper,Gross before costs,631,garch11_residual_fallback_insufficient_egarch_obs,60,ok,60,-0.25668042770197286,0.7462521887612448,0.012114540434919104,0.016756743740950767,-0.913366389460004,0.3778048916010739,0.4860529691279669,0.2269226474159279,False,insufficient_egarch_obs
larger GM paper,Gross before costs,632,garch11_residual_fallback_insufficient_egarch_obs,60,ok,60,0.11485070732374703,0.4530893544010163,0.48025526583935446,0.6815160595212629,-0.5632466684829445,0.21250331248159585,0.31216839142823877,1.7221999355422069,False,insufficient_egarch_obs
larger GM paper,Gross before costs,633,garch11_residual_fallback_insufficient_egarch_obs,60,ok,60,-0.014150722936667526,0.699759509275868,0.3414344391531485,0.514690218699299,-0.7722183687137423,0.30527918250476305,0.38720676067084264,0.9312206790053574,False,insufficient_egarch_obs
larger GM paper,Gross before costs,634,garch11_residual_fallback_insufficient_egarch_obs,60,ok,60,0.14245644363268384,0.5621072060508225,0.5257019136448225,0.7923224001565571,-0.5767744402879581,0.2587499132058757,0.3041542101585912,1.9462483504683026,False,insufficient_egarch_obs
larger GM paper,Gross before costs,635,garch11_residual_fallback_insufficient_egarch_obs,60,ok,60,0.06354429637942993,0.48943793056483514,0.38174336416031596,0.5483253792174004,-0.7589245775995763,0.22684366079304974,0.2928962028946671,1.360748657164611,False,insufficient_egarch_obs
larger GM paper,Gross before costs,636,garch11_residual_fallback_insufficient_egarch_obs,60,ok,60,0.5377596262396838,0.3302558598850531,1.4903597037559255,2.727776305763882,-0.27847742208822657,0.17147117864298234,0.19884412931073236,8.598887592543687,False,insufficient_egarch_obs
larger GM paper,Gross before costs,637,garch11_residual_fallback_insufficient_egarch_obs,60,ok,60,0.6127292276334475,0.6696171596043052,1.0570617637031638,1.9158710360061155,-0.5788272890202444,0.2538085275127768,0.34673523286998204,10.909561224301076,False,insufficient_egarch_obs
larger GM paper,Gross before costs,638,garch11_residual_fallback_insufficient_egarch_obs,60,ok,60,0.18468732764231488,0.48194379724695197,0.5989270582650599,0.9850999267030941,-0.4409107681896429,0.1788087792162687,0.2749315261427237,2.3335586177786705,False,insufficient_egarch_obs
larger GM paper,Gross before costs,639,garch11_residual_fallback_insufficient_egarch_obs,60,ok,60,-0.115355038199767,0.6881770962675822,0.17398313086687756,0.2682712520048908,-0.8249672001173303,0.2874396745376981,0.4028468467129338,0.541807537285466,False,insufficient_egarch_obs
larger GM paper,Gross before costs,640,garch11_residual_fallback_insufficient_egarch_obs,60,ok,60,0.5700351835621706,0.6306527060927607,1.0673634235610572,1.7222246283372717,-0.7933904881855897,0.31383931134170756,0.4250344863452251,9.539968133080349,False,insufficient_egarch_obs
larger GM paper,Gross before costs,641,garch11_residual_fallback_insufficient_egarch_obs,60,ok,60,0.443647885013182,0.4223342013150531,1.0903007447474404,2.0080305297895507,-0.43433763582234597,0.14512372629623252,0.2380074499332283,6.2705609663287465,False,insufficient_egarch_obs
larger GM paper,Gross before costs,642,garch11_residual_fallback_insufficient_egarch_obs,60,ok,60,0.033362015246755305,0.49549225637083655,0.3213119356551612,0.46264838058471464,-0.6750874538871046,0.22588239010054925,0.29468397087723563,1.1783178795464857,False,insufficient_egarch_obs
larger GM paper,Gross before costs,643,garch11_residual_fallback_insufficient_egarch_obs,60,ok,60,0.18595507410941914,0.6312344670884319,0.6001549013777167,0.935067125338186,-0.8331373381939623,0.29311215667332563,0.39828795382653764,2.346071197890103,False,insufficient_egarch_obs
larger GM paper,Gross before costs,644,garch11_residual_fallback_insufficient_egarch_obs,60,ok,60,-0.4397672369177589,0.6137270010409502,-0.5675689938440357,-0.656713492122545,-0.9682795812260081,0.34835538106142083,0.44774575029093433,0.0551877281660004,False,insufficient_egarch_obs
larger GM paper,Gross before costs,645,garch11_residual_fallback_insufficient_egarch_obs,60,ok,60,0.30648880251069,0.5413474882335386,0.7712696841059641,1.2600461152008728,-0.4512330236136005,0.23079076759368616,0.32158277003291685,3.806523010146264,False,insufficient_egarch_obs
larger GM paper,Gross before costs,646,garch11_residual_fallback_insufficient_egarch_obs,60,ok,60,0.1278051376800935,0.5016151865474751,0.49440153539719955,0.7638440901177401,-0.6718033421941356,0.21900086758709708,0.2924021111047964,1.8246112293835008,False,insufficient_egarch_obs
larger GM paper,Gross before costs,647,garch11_residual_fallback_insufficient_egarch_obs,60,ok,60,0.2843564945821411,0.6928840358484327,0.7372639429232931,1.1669591081397372,-0.5878353924390022,0.3080424248005477,0.41590732654690266,3.4948450936791695,False,insufficient_egarch_obs
larger GM paper,Gross before costs,648,garch11_residual_fallback_insufficient_egarch_obs,60,ok,60,0.5670747222081134,0.41170288498024094,1.3105992682358105,2.496593848910135,-0.45911710049856846,0.14304633869047173,0.1860489854449812,9.450363776086,False,insufficient_egarch_obs
larger GM paper,Gross before costs,649,garch11_residual_fallback_insufficient_egarch_obs,60,ok,60,0.36080014366137525,0.6484708595556192,0.8139637825571974,1.2937129110699925,-0.6859573445338212,0.2891845113319745,0.3520845592841713,4.6662900697610485,False,insufficient_egarch_obs
larger GM paper,Gross before costs,650,garch11_residual_fallback_insufficient_egarch_obs,60,ok,60,0.28711063290582417,0.426919943233353,0.8132564532597645,1.268178903491248,-0.5345950545324514,0.22249433576970615,0.24148612968933447,3.5324773860310903,False,insufficient_egarch_obs
larger GM paper,Gross before costs,651,garch11_residual_fallback_insufficient_egarch_obs,60,ok,60,0.21870979567636906,0.6056950507987654,0.6506295848263867,1.0062853905478515,-0.7441596416219565,0.24198882234803193,0.3842048973178043,2.6884471872120503,False,insufficient_egarch_obs
larger GM paper,Gross before costs,652,garch11_residual_fallback_insufficient_egarch_obs,60,ok,60,0.2790870382358206,0.5144131754472787,0.7377669516860829,1.2058634562813801,-0.7330586963568384,0.2131933127052735,0.25253472799724624,3.4237377387078722,False,insufficient_egarch_obs
larger GM paper,Gross before costs,653,garch11_residual_fallback_insufficient_egarch_obs,60,ok,60,0.571433630756254,0.585105000884742,1.0806214438568789,1.8854786428503358,-0.3676925855848797,0.2504878481047854,0.33993862557825655,9.582530647544178,False,insufficient_egarch_obs
larger GM paper,Gross before costs,654,garch11_residual_fallback_insufficient_egarch_obs,60,ok,60,0.5195788873030158,0.44069415464905376,1.1916397153148781,1.9570290518905824,-0.5645539449326487,0.23742993209590627,0.28180047580768103,8.102448040441221,False,insufficient_egarch_obs
larger GM paper,Gross before costs,655,garch11_residual_fallback_insufficient_egarch_obs,60,ok,60,0.5454624167929827,0.7024448063525719,0.9845653219856773,1.6624462666370992,-0.49126957863910525,0.3218410817896715,0.3396519580130826,8.81641938629064,False,insufficient_egarch_obs
larger GM paper,Gross before costs,656,garch11_residual_fallback_insufficient_egarch_obs,60,ok,60,-0.03455427370288844,0.5454950994618856,0.21545609740766963,0.3171233515881807,-0.6607641346820078,0.21818358425897752,0.3433900036576283,0.8387631114107889,False,insufficient_egarch_obs
larger GM paper,Gross before costs,657,garch11_residual_fallback_insufficient_egarch_obs,60,ok,60,-0.1218015846342706,0.48745194915835666,-0.0012933761963002067,-0.0016900661745129033,-0.667162928608211,0.25555423905305585,0.3391405352292953,0.5223519804205773,False,insufficient_egarch_obs
larger GM paper,Gross before costs,658,garch11_residual_fallback_insufficient_egarch_obs,60,ok,60,-0.43715068281085434,0.8192995991646248,-0.20400028725214173,-0.25913047449632926,-0.9793238338742126,0.4423800981088547,0.5400808137573564,0.0564885878286062,False,insufficient_egarch_obs
larger GM paper,Gross before costs,659,garch11_residual_fallback_insufficient_egarch_obs,60,ok,60,0.5837735605781087,0.4506248626441779,1.2637890385854276,2.295819286967032,-0.3776667252298459,0.14559231164742115,0.2589895797191706,9.964727872513905,False,insufficient_egarch_obs
larger GM paper,Gross before costs,660,garch11_residual_fallback_insufficient_egarch_obs,60,ok,60,-0.5702341865861065,0.7542795750027884,-0.6264728869414533,-0.7451929632447136,-0.9889808935786872,0.3629090666732328,0.5554135502186669,0.014660856013828282,False,insufficient_egarch_obs
larger GM paper,Gross before costs,661,garch11_residual_fallback_insufficient_egarch_obs,60,ok,60,0.6018675598821117,0.617337629335967,1.0942216270547995,1.8014425586445273,-0.7047307978945965,0.2483610123149436,0.32238385030352235,10.547099228528754,False,insufficient_egarch_obs
larger GM paper,Gross before costs,662,garch11_residual_fallback_insufficient_egarch_obs,60,ok,60,0.3790929316022096,0.7271711032387981,0.8343339637856861,1.312451108495004,-0.5667538296944288,0.32909392935699927,0.40647339790289755,4.988473422358415,False,insufficient_egarch_obs
larger GM paper,Gross before costs,663,garch11_residual_fallback_insufficient_egarch_obs,60,ok,60,0.3587606752362287,0.4228296886824117,0.9416453044639711,1.6291013116324116,-0.4438604315752325,0.16308362019361886,0.23694777284536264,4.631427242939911,False,insufficient_egarch_obs
larger GM paper,Gross before costs,664,garch11_residual_fallback_insufficient_egarch_obs,60,ok,60,-0.059691748479344664,0.6021671130593527,0.21495048456921156,0.30903156329373216,-0.7896140624634227,0.3016183503975455,0.3793401466547119,0.7351081471423081,False,insufficient_egarch_obs
larger GM paper,Gross before costs,665,garch11_residual_fallback_insufficient_egarch_obs,60,ok,60,-0.21288562013259082,0.7248356288489166,0.06498828634308162,0.08959191078806013,-0.9214022121890607,0.3833107924900447,0.4471314796247627,0.3021267877089489,False,insufficient_egarch_obs
larger GM paper,Gross before costs,666,garch11_residual_fallback_insufficient_egarch_obs,60,ok,60,0.12884039371370504,0.4514412056314461,0.5015185381656566,0.7404162624051043,-0.7848251895689453,0.2366548647222158,0.2825390943672162,1.8330010246050699,False,insufficient_egarch_obs
larger GM paper,Gross before costs,667,garch11_residual_fallback_insufficient_egarch_obs,60,ok,60,1.3094674797529708,0.5103059745893153,1.9530652301753864,3.946814721912128,-0.4880951403410202,0.1374004441032192,0.2640234695384362,65.69907515234048,False,insufficient_egarch_obs
larger GM paper,Gross before costs,668,garch11_residual_fallback_insufficient_egarch_obs,60,ok,60,-0.30992190671040587,0.7781198031965514,-0.028265278198517815,-0.03740003773119155,-0.959131694402875,0.4074163748086899,0.5032359623463859,0.15649166243881815,False,insufficient_egarch_obs
larger GM paper,Gross before costs,669,garch11_residual_fallback_insufficient_egarch_obs,60,ok,60,0.6983320580269472,0.46001883179587294,1.4050782147853473,2.5117523748561545,-0.458557852424464,0.17476681274206823,0.2542372672900178,14.129052456351234,False,insufficient_egarch_obs
larger GM paper,Gross before costs,670,garch11_residual_fallback_insufficient_egarch_obs,60,ok,60,1.3050074100892437,0.4925097838688937,1.9937734528340143,4.219715550346379,-0.3017049781418786,0.15572924886625733,0.24514724201749474,65.0671267451049,False,insufficient_egarch_obs
larger GM paper,Gross before costs,671,garch11_residual_fallback_insufficient_egarch_obs,60,ok,60,0.015332457611097583,0.8423306907928753,0.5140214242721763,0.7365617499721198,-0.8862295085618991,0.4261314383922884,0.5715900742743173,1.0790494519837914,False,insufficient_egarch_obs
larger GM paper,Gross before costs,672,garch11_residual_fallback_insufficient_egarch_obs,60,ok,60,0.36550156378481224,0.7133568591825152,0.8230165246535387,1.287395110264782,-0.8291286080379161,0.330316582163901,0.4267159695058529,4.747456665029987,False,insufficient_egarch_obs
larger GM paper,Gross before costs,673,garch11_residual_fallback_insufficient_egarch_obs,60,ok,60,-0.16210539199285579,0.9356795475904404,0.28191809210549634,0.444103301843833,-0.8717051257140587,0.3899799554865327,0.4644773054484322,0.412997077402806,False,insufficient_egarch_obs
larger GM paper,Gross before costs,674,garch11_residual_fallback_insufficient_egarch_obs,60,ok,60,0.5870361031984068,0.5889388647779565,1.1070033567129498,1.8348413715710383,-0.6667137593008758,0.1965041810116865,0.331797269117725,10.067787324216827,False,insufficient_egarch_obs
larger GM paper,Gross before costs,675,garch11_residual_fallback_insufficient_egarch_obs,60,ok,60,0.09173334923907595,0.7832348781913124,0.5576863269609886,0.7972674167678019,-0.9358707138266679,0.4130849143305254,0.4873026803211131,1.550896745512505,False,insufficient_egarch_obs
larger GM paper,Gross before costs,676,garch11_residual_fallback_insufficient_egarch_obs,60,ok,60,0.05657230788381873,0.5121130829110726,0.3663559968638413,0.5544891106884889,-0.7798524461716372,0.26691452392218035,0.290322617284811,1.3167281475615564,False,insufficient_egarch_obs
larger GM paper,Gross before costs,677,garch11_residual_fallback_insufficient_egarch_obs,60,ok,60,0.255947705351947,0.6214990254551459,0.6929017863227522,1.1032762233606512,-0.620596611397932,0.22792344019956395,0.3809285658018446,3.1250558547999834,False,insufficient_egarch_obs
larger GM paper,Gross before costs,678,garch11_residual_fallback_insufficient_egarch_obs,60,ok,60,0.16909552135579942,0.5786096990336986,0.5964871218025158,0.8498547690183954,-0.6608400413311897,0.27210162081351924,0.39702673656135373,2.183986673261025,False,insufficient_egarch_obs
larger GM paper,Gross before costs,679,garch11_residual_fallback_insufficient_egarch_obs,60,ok,60,0.05986405609686818,0.49923348878128054,0.36246134329506297,0.568940256712096,-0.5017950957158983,0.22893572693818065,0.26229899340426527,1.337367667452618,False,insufficient_egarch_obs
larger GM paper,Gross before costs,680,garch11_residual_fallback_insufficient_egarch_obs,60,ok,60,0.02970390222576058,0.8432230355674843,0.49282823573088164,0.7299405877449993,-0.93716747878128,0.3753313010735291,0.4850935952547116,1.1576087287932795,False,insufficient_egarch_obs
larger GM paper,Gross before costs,681,garch11_residual_fallback_insufficient_egarch_obs,60,ok,60,0.07464252329040755,0.5455718288027991,0.41900123341927875,0.6215781027165607,-0.7323030344685769,0.21923211528468686,0.3170211796433304,1.4332439175994691,False,insufficient_egarch_obs
larger GM paper,Gross before costs,682,garch11_residual_fallback_insufficient_egarch_obs,60,ok,60,0.04584651915436977,0.49819206307913255,0.3466975325478659,0.4957689758517259,-0.7377585297712457,0.2538188079442647,0.27390765055106914,1.2512375710027368,False,insufficient_egarch_obs
larger GM paper,Gross before costs,683,garch11_residual_fallback_insufficient_egarch_obs,60,ok,60,-0.0971657756865425,0.7345462557241085,0.26761678334134315,0.3770939793976284,-0.8410572855586588,0.4103947954564083,0.4738024981468285,0.5998464168743873,False,insufficient_egarch_obs
larger GM paper,Gross before costs,684,garch11_residual_fallback_insufficient_egarch_obs,60,ok,60,-0.19402721525676203,0.5907084799461972,-0.0673145182283227,-0.0962843417584667,-0.8755062593559741,0.2741415184089328,0.3050157395279996,0.34009628361320143,False,insufficient_egarch_obs
larger GM paper,Gross before costs,685,garch11_residual_fallback_insufficient_egarch_obs,60,ok,60,0.7418527406033739,0.6766862889354837,1.1757582777090883,2.1235439106378884,-0.5318809468100092,0.282736300934759,0.359343631942003,16.034564940848803,False,insufficient_egarch_obs
larger GM paper,Gross before costs,686,garch11_residual_fallback_insufficient_egarch_obs,60,ok,60,-0.08187616323360125,0.5225024281619425,0.09108981789334034,0.13994760528854072,-0.792342186174195,0.24262348360292468,0.2494313739023841,0.6523885264261731,False,insufficient_egarch_obs
larger GM paper,Gross before costs,687,garch11_residual_fallback_insufficient_egarch_obs,60,ok,60,-0.3662884036611397,0.6427196842062569,-0.3430770043215502,-0.4419253879771341,-0.9684027253502745,0.3321808071352342,0.455841255919145,0.10220173579831347,False,insufficient_egarch_obs
larger GM paper,Gross before costs,688,garch11_residual_fallback_insufficient_egarch_obs,60,ok,60,0.27897341231310957,0.575520643608833,0.7327008033767893,1.1185830286942542,-0.6818808371513313,0.26548507635623947,0.3462769727754413,3.4222172939017823,False,insufficient_egarch_obs
larger GM paper,Gross before costs,689,garch11_residual_fallback_insufficient_egarch_obs,60,ok,60,-0.12065557014006134,0.8138713748879255,0.2910334652197638,0.42463094093233666,-0.9627060589772305,0.33804004093877904,0.4701023423779162,0.5257691315404911,False,insufficient_egarch_obs
larger GM paper,Gross before costs,690,garch11_residual_fallback_insufficient_egarch_obs,60,ok,60,0.07381491996649414,0.886586492521797,0.5851830449337151,0.8649734698139453,-0.8690124303352327,0.3888904365632438,0.5358797902715176,1.4277335648790652,False,insufficient_egarch_obs
larger GM paper,Gross before costs,691,garch11_residual_fallback_insufficient_egarch_obs,60,ok,60,0.09210063270774604,0.6478818589242274,0.4804751792862582,0.7174862317652213,-0.740727980770137,0.27134815926452854,0.39922345168881307,1.5535072828315077,False,insufficient_egarch_obs
larger GM paper,Gross before costs,692,garch11_residual_fallback_insufficient_egarch_obs,60,ok,60,0.2071971393228602,0.4772073553091323,0.6409193674684989,0.9986688921056599,-0.7478758086950577,0.16628784112422826,0.2999343043721914,2.5638404084981166,False,insufficient_egarch_obs
larger GM paper,Gross before costs,693,garch11_residual_fallback_insufficient_egarch_obs,60,ok,60,0.5808748378666249,0.39488027850548446,1.3695595126594755,2.7796102593447856,-0.2398761381148663,0.13035919248998998,0.19256845627050015,9.873870685581242,False,insufficient_egarch_obs
larger GM paper,Gross before costs,694,garch11_residual_fallback_insufficient_egarch_obs,60,ok,60,-0.47952284163388637,0.880383071681384,-0.12360982529128876,-0.15420192688951903,-0.9898900115365151,0.5247627795840841,0.690811198996081,0.038195163567550365,False,insufficient_egarch_obs
larger GM paper,Gross before costs,695,garch11_residual_fallback_insufficient_egarch_obs,60,ok,60,0.26505935700151717,0.47359545344417797,0.7418539541427565,1.1900242103256762,-0.5353316081143463,0.17257880988849422,0.2957898106476124,3.240070918684302,False,insufficient_egarch_obs
larger GM paper,Gross before costs,696,garch11_residual_fallback_insufficient_egarch_obs,60,ok,60,-0.021489131535764372,0.4765576198974125,0.19570786931341103,0.27972879844355975,-0.7632698875192074,0.22727586659720328,0.27103221324141663,0.8970739985892814,False,insufficient_egarch_obs
larger GM paper,Gross before costs,697,garch11_residual_fallback_insufficient_egarch_obs,60,ok,60,0.21164132908235134,0.48481470693478784,0.6584350902904822,0.9790184949878844,-0.7483857274750185,0.2006559126133213,0.3179233359878728,2.6113819233191746,False,insufficient_egarch_obs
larger GM paper,Gross before costs,698,garch11_residual_fallback_insufficient_egarch_obs,60,ok,60,-0.15244810267517017,0.7894727470361032,0.21603415680039217,0.3070560486939969,-0.9277275990023209,0.40211638862544347,0.4556150038021258,0.43735238794276515,False,insufficient_egarch_obs
larger GM paper,Gross before costs,699,garch11_residual_fallback_insufficient_egarch_obs,60,ok,60,0.24136476866001266,0.6030981896281374,0.6630926516390322,1.1110400680285923,-0.7235548345142584,0.21711515428079897,0.34484356041697567,2.9477936383881453,False,insufficient_egarch_obs
larger GM paper,Gross before costs,700,garch11_residual_fallback_insufficient_egarch_obs,60,ok,60,-0.03889850304885467,0.6390901274127823,0.2802308948428756,0.4002308025990326,-0.7870340005668895,0.32100659192387654,0.3852035015356638,0.8200612076176103,False,insufficient_egarch_obs
larger GM paper,Gross before costs,701,garch11_residual_fallback_insufficient_egarch_obs,60,ok,60,1.0065421394838125,0.5979613359984824,1.5214081771994694,2.5720929656794933,-0.5980677236507503,0.19683531181368233,0.4077274609124699,32.526806344192345,False,insufficient_egarch_obs
larger GM paper,Gross before costs,702,garch11_residual_fallback_insufficient_egarch_obs,60,ok,60,-0.23796517892400737,0.80083102991414,0.1226202517311509,0.16846583678112334,-0.9554328105246193,0.3501382981212998,0.5078799175120606,0.2569650650595351,False,insufficient_egarch_obs
larger GM paper,Gross before costs,703,garch11_residual_fallback_insufficient_egarch_obs,60,ok,60,0.006064349694380855,0.6251543120869136,0.36127247738302243,0.488250271538606,-0.7855775805687276,0.34860014675001266,0.4289325764334981,1.0306917488604517,False,insufficient_egarch_obs
larger GM paper,Gross before costs,704,garch11_residual_fallback_insufficient_egarch_obs,60,ok,60,-0.30739075971910323,0.8526054814263354,0.06945580710097529,0.09322508988548987,-0.9566978450161322,0.42236795105129943,0.5455155219308296,0.15938278322866992,False,insufficient_egarch_obs
larger GM paper,Gross before costs,705,garch11_residual_fallback_insufficient_egarch_obs,60,ok,60,0.9103113544979722,0.5658163765132462,1.4518059907351277,2.752488222910139,-0.6010638406207285,0.16826719554437425,0.277026578142426,25.44021546565015,False,insufficient_egarch_obs
larger GM paper,Gross before costs,706,garch11_residual_fallback_insufficient_egarch_obs,60,ok,60,0.050471425031483275,0.5383278374038216,0.3765152564913454,0.531204562565438,-0.5417460824846069,0.267777093696513,0.3394475256151623,1.2791492367400856,False,insufficient_egarch_obs
larger GM paper,Gross before costs,707,garch11_residual_fallback_insufficient_egarch_obs,60,ok,60,0.7197264310308706,0.44664960506434764,1.4618913385467747,2.735523899391754,-0.49664639686401413,0.1762606432164996,0.2559681625921488,15.04169681411293,False,insufficient_egarch_obs
larger GM paper,Gross before costs,708,garch11_residual_fallback_insufficient_egarch_obs,60,ok,60,-0.12110777940107453,0.8388275411409242,0.3442602285834991,0.4819209513966841,-0.7964316900837906,0.39355641100676986,0.5695843430756938,0.5244186183008748,False,insufficient_egarch_obs
larger GM paper,Gross before costs,709,garch11_residual_fallback_insufficient_egarch_obs,60,ok,60,0.23940646002259802,0.5070818206476588,0.6858494270397505,1.0544273011269707,-0.6683661706544961,0.24298591032059358,0.302173376615363,2.9246154991173188,False,insufficient_egarch_obs
larger GM paper,Gross before costs,710,garch11_residual_fallback_insufficient_egarch_obs,60,ok,60,0.1895650834137983,0.5540212496891996,0.6171512805543915,0.9200121844757595,-0.7576384774118958,0.3350629535168131,0.40403799473489554,2.3819960698376166,False,insufficient_egarch_obs
larger GM paper,Gross before costs,711,garch11_residual_fallback_insufficient_egarch_obs,60,ok,60,0.367293085685368,0.5464819785691729,0.8570431098854232,1.4165791880243688,-0.5550350932811087,0.18297254138632635,0.31034339409429024,4.7786815258595725,False,insufficient_egarch_obs
larger GM paper,Gross before costs,712,garch11_residual_fallback_insufficient_egarch_obs,60,ok,60,-0.22958142998476005,0.8873781722026136,0.19278428614311366,0.27584572739872376,-0.9263263540184326,0.42377360552783605,0.5084299980472533,0.271414916430001,False,insufficient_egarch_obs
larger GM paper,Gross before costs,713,garch11_residual_fallback_insufficient_egarch_obs,60,ok,60,0.741943907246261,0.5993249489975491,1.253000966251316,2.208505787324697,-0.4713176625433618,0.24215062013279567,0.34720118666262345,16.0387615369489,False,insufficient_egarch_obs
larger GM paper,Gross before costs,714,garch11_residual_fallback_insufficient_egarch_obs,60,ok,60,-0.4081621509909814,0.5484638244430241,-0.6497423911407201,-0.8117919497176809,-0.9629623138776707,0.2599995112982937,0.3551420111601438,0.07261288260175784,False,insufficient_egarch_obs
larger GM paper,Gross before costs,715,garch11_residual_fallback_insufficient_egarch_obs,60,ok,60,0.7618384952972828,0.6780886934446628,1.2038132845760496,2.0673377790531715,-0.733600142691742,0.33531550777266356,0.3864381125994298,16.97580877169581,False,insufficient_egarch_obs
larger GM paper,Gross before costs,716,garch11_residual_fallback_insufficient_egarch_obs,60,ok,60,0.7365595295794642,0.4287947743897983,1.5151766548015366,3.5423802776349453,-0.4430266629148264,0.1354386396662625,0.1607256241497709,15.792408815552893,False,insufficient_egarch_obs
larger GM paper,Gross before costs,717,garch11_residual_fallback_insufficient_egarch_obs,60,ok,60,0.31166380800456905,0.6753314061766641,0.7579075938419696,1.2056179597846366,-0.7033645056268265,0.3080253492828944,0.39319694459495597,3.882510843424591,False,insufficient_egarch_obs
larger GM paper,Gross before costs,718,garch11_residual_fallback_insufficient_egarch_obs,60,ok,60,0.4117911457224859,0.5045810748015945,0.940475110420477,1.6537952680980754,-0.5971470290151675,0.1656474409180502,0.2859223184360102,5.608571607424636,False,insufficient_egarch_obs
larger GM paper,Gross before costs,719,garch11_residual_fallback_insufficient_egarch_obs,60,ok,60,0.6416900864841617,0.6002545227858314,1.1657274337210755,1.8382679271428706,-0.46850537346710674,0.29989840426546965,0.39185078966305337,11.924931096236245,False,insufficient_egarch_obs
larger GM paper,Gross before costs,720,garch11_residual_fallback_insufficient_egarch_obs,60,ok,60,0.3621552281676137,0.4055169350203723,0.9722115557767108,1.6542149929817371,-0.4354251951441742,0.17469780057649692,0.22976599229494696,4.689569841109102,False,insufficient_egarch_obs
larger GM paper,Gross before costs,721,garch11_residual_fallback_insufficient_egarch_obs,60,ok,60,0.0983467883621667,0.6949823467546036,0.5120838718504811,0.7614680673895625,-0.8160068230110931,0.3536167267291844,0.42206129191826297,1.5984439872506433,False,insufficient_egarch_obs
larger GM paper,Gross before costs,722,garch11_residual_fallback_insufficient_egarch_obs,60,ok,60,0.7846319216131181,0.6851988405751034,1.2109316265096637,2.2002235845034392,-0.6402261203141548,0.1911547424230265,0.3609967673253132,18.10269709500784,False,insufficient_egarch_obs
larger GM paper,Gross before costs,723,garch11_residual_fallback_insufficient_egarch_obs,60,ok,60,0.816902962538016,0.6254342168660841,1.2892452960149874,2.300630140096142,-0.6804483534257195,0.2809163877357685,0.32197565724080973,19.799702520131834,False,insufficient_egarch_obs
larger GM paper,Gross before costs,724,garch11_residual_fallback_insufficient_egarch_obs,60,ok,60,-0.1827985807118102,0.6873771625139273,0.07038826550247927,0.09809243390887008,-0.7058066667488856,0.33691952196101965,0.3896597186683133,0.36445638332529645,False,insufficient_egarch_obs
larger GM paper,Gross before costs,725,garch11_residual_fallback_insufficient_egarch_obs,60,ok,60,0.239779525271115,0.5404629014380452,0.6787626520532003,1.0576124451391473,-0.6002541818298426,0.2286523350274019,0.3417520908414337,2.9290197420893005,False,insufficient_egarch_obs
larger GM paper,Gross before costs,726,garch11_residual_fallback_insufficient_egarch_obs,60,ok,60,0.49655388211735585,0.5324177369746246,1.04596757434059,1.6649414689937865,-0.541244455798157,0.26564744825351555,0.32325752697771465,7.506920027172288,False,insufficient_egarch_obs
larger GM paper,Gross before costs,727,garch11_residual_fallback_insufficient_egarch_obs,60,ok,60,0.7120399151827517,0.6125556185529717,1.2357309573205575,1.9277199860930787,-0.5657454878176136,0.295466124067327,0.4158283020168037,14.708535359112892,False,insufficient_egarch_obs
larger GM paper,Gross before costs,728,garch11_residual_fallback_insufficient_egarch_obs,60,ok,60,0.7984223252926075,0.36036516272264363,1.840886536880542,4.18122555713401,-0.25641342394497557,0.09918724727563197,0.16708061780231245,18.81301604461419,False,insufficient_egarch_obs
larger GM paper,Gross before costs,729,garch11_residual_fallback_insufficient_egarch_obs,60,ok,60,-0.2875091002744429,0.8035943669041726,0.019356114661015163,0.026684757018786805,-0.9805127622970207,0.4132498967223711,0.47874142950642873,0.18361011748629522,False,insufficient_egarch_obs
larger GM paper,Gross before costs,730,garch11_residual_fallback_insufficient_egarch_obs,60,ok,60,0.33308200948797606,0.45625956455363265,0.8766666292575483,1.3127864840331438,-0.5223553139715571,0.24054353385002797,0.30100426946932096,4.2100217291688296,False,insufficient_egarch_obs
larger GM paper,Gross before costs,731,garch11_residual_fallback_insufficient_egarch_obs,60,ok,60,0.8196850036486891,0.4520395973910173,1.5829716331477706,2.942720440337731,-0.5736517826810298,0.14105776972295309,0.2727898313231088,19.951753933867796,False,insufficient_egarch_obs
larger GM paper,Gross before costs,732,garch11_residual_fallback_insufficient_egarch_obs,60,ok,60,0.07404097576235702,0.5444509530267088,0.4129798726268592,0.6178193991005352,-0.8853320522882357,0.2535120493575269,0.33350876489563225,1.4292370053567645,False,insufficient_egarch_obs
larger GM paper,Gross before costs,733,garch11_residual_fallback_insufficient_egarch_obs,60,ok,60,1.3262931186665416,0.6261943427778393,1.7048085085012148,3.311936985156925,-0.468686870984264,0.19626218073445695,0.328875287861274,68.12745728018146,False,insufficient_egarch_obs
larger GM paper,Gross before costs,734,garch11_residual_fallback_insufficient_egarch_obs,60,ok,60,0.7766885453609476,0.43235322869205817,1.5687207329452242,3.1898731228031956,-0.23152627246963686,0.1640754030421338,0.2036010701749994,17.70339305940461,False,insufficient_egarch_obs
larger GM paper,Gross before costs,735,garch11_residual_fallback_insufficient_egarch_obs,60,ok,60,0.5455626767542876,0.5658277157259588,1.0746007186414315,1.7442261096102267,-0.7195454256821083,0.25107481902776585,0.32772295681318747,8.819279528836272,False,insufficient_egarch_obs
larger GM paper,Gross before costs,736,garch11_residual_fallback_insufficient_egarch_obs,60,ok,60,0.5766696029703628,0.5345766772270856,1.1370829357565466,1.970002044700363,-0.7113962846218799,0.21007417256153119,0.30952790792903534,9.743241653482668,False,insufficient_egarch_obs
larger GM paper,Gross before costs,737,garch11_residual_fallback_insufficient_egarch_obs,60,ok,60,0.1905122470887899,0.3820617204893549,0.6510516806837011,1.0295819515261728,-0.287027746207431,0.14106474755665882,0.25212948340362634,2.3914942294736217,False,insufficient_egarch_obs
larger GM paper,Gross before costs,738,garch11_residual_fallback_insufficient_egarch_obs,60,ok,60,-0.10514616512466557,0.6315991803353609,0.1954606262365552,0.262402418073103,-0.8125486117095333,0.3586166173711144,0.4696059270785485,0.5737999657275624,False,insufficient_egarch_obs
larger GM paper,Gross before costs,739,garch11_residual_fallback_insufficient_egarch_obs,60,ok,60,1.0914105236495968,0.6566736787790255,1.4760387167264313,2.927181890560129,-0.4568915852579367,0.1948560163233918,0.3121575469459408,40.01256981765352,False,insufficient_egarch_obs
larger GM paper,Gross before costs,740,garch11_residual_fallback_insufficient_egarch_obs,60,ok,60,0.04996129619325229,0.6685380517224303,0.4370855904110784,0.6232766797240171,-0.7775187485993559,0.3332607880472948,0.41740574530199215,1.2760463562454027,False,insufficient_egarch_obs
larger GM paper,Gross before costs,741,garch11_residual_fallback_insufficient_egarch_obs,60,ok,60,0.860643195443,0.5031342624527836,1.514176812000079,2.78268124666013,-0.4773517856339011,0.233445818467717,0.2559288178395185,22.300545939347558,False,insufficient_egarch_obs
larger GM paper,Gross before costs,742,garch11_residual_fallback_insufficient_egarch_obs,60,ok,60,0.4382601914082793,0.5679192380784871,0.9332073467114681,1.586233094893223,-0.45827114265982627,0.256130890442307,0.30592036411988205,6.154422404578095,False,insufficient_egarch_obs
larger GM paper,Gross before costs,743,garch11_residual_fallback_insufficient_egarch_obs,60,ok,60,0.19999553296547679,0.5046010293713249,0.6268963433652887,0.9407308735943355,-0.5576275276257927,0.22063357243548926,0.3206767988937922,2.4882736861308734,False,insufficient_egarch_obs
larger GM paper,Gross before costs,744,garch11_residual_fallback_insufficient_egarch_obs,60,ok,60,0.15876683542533843,0.7544737576883579,0.619316235630909,0.9246413772475703,-0.8024901652921657,0.3397077384575537,0.5115326602176218,2.0892012872639865,False,insufficient_egarch_obs
larger GM paper,Gross before costs,745,garch11_residual_fallback_insufficient_egarch_obs,60,ok,60,0.3193354043143344,0.6907225325412467,0.7574823269687506,1.2182932332240133,-0.7111722637114272,0.32278529898236585,0.34750046495741377,3.9973859746102334,False,insufficient_egarch_obs
larger GM paper,Gross before costs,746,garch11_residual_fallback_insufficient_egarch_obs,60,ok,60,0.24275402191655915,0.7127964248154394,0.6772726734085802,1.0688093174940507,-0.5729746312572872,0.32268629395898624,0.39934115537857656,2.964325476990955,False,insufficient_egarch_obs
larger GM paper,Gross before costs,747,garch11_residual_fallback_insufficient_egarch_obs,60,ok,60,-0.033072200610272384,0.661631452209071,0.30289844106531333,0.4286053930559194,-0.820868014316241,0.34011377503776574,0.4006542129914208,0.845220909625829,False,insufficient_egarch_obs
larger GM paper,Gross before costs,748,garch11_residual_fallback_insufficient_egarch_obs,60,ok,60,-0.0710492133236239,0.6672103429828279,0.26271192557353995,0.3604885507316528,-0.9142428739285442,0.35520073840713395,0.4412894425644354,0.6917728833903056,False,insufficient_egarch_obs
larger GM paper,Gross before costs,749,garch11_residual_fallback_insufficient_egarch_obs,60,ok,60,-0.10719747670895519,0.7867618514565724,0.2987106951378158,0.4129275458476772,-0.8217389569305383,0.3864946598271071,0.47747918757987157,0.5672533183433695,False,insufficient_egarch_obs
larger GM paper,Gross before costs,750,garch11_residual_fallback_insufficient_egarch_obs,60,ok,60,-0.15502176474319374,0.6109124151426779,0.05903735360561333,0.08061870362882581,-0.720011181889162,0.306551958199499,0.38564438392038974,0.43075230810596943,False,insufficient_egarch_obs
larger GM paper,Gross before costs,751,garch11_residual_fallback_insufficient_egarch_obs,60,ok,60,0.4751810783585739,0.39052412855516255,1.1983309645581373,2.308895874672234,-0.47319760892529017,0.14763151183901402,0.17497988624408942,6.985969190715126,False,insufficient_egarch_obs
larger GM paper,Gross before costs,752,garch11_residual_fallback_insufficient_egarch_obs,60,ok,60,0.9158954174561107,0.5702002815355979,1.4749527580088537,2.4802254030840865,-0.5519639682323402,0.18505286656686645,0.35630385198976205,25.81421918568737,False,insufficient_egarch_obs
larger GM paper,Gross before costs,753,garch11_residual_fallback_insufficient_egarch_obs,60,ok,60,0.6412190500526793,0.53763093889527,1.2123898815674459,2.041507025482534,-0.6835149676657715,0.26027391372678926,0.29187472282969396,11.90783330586109,False,insufficient_egarch_obs
larger GM paper,Gross before costs,754,garch11_residual_fallback_insufficient_egarch_obs,60,ok,60,0.06525966767663527,0.4860922108463147,0.36382386734136085,0.59912136415065,-0.7623993873575609,0.19736622546455107,0.22145185607342296,1.3717577467437632,False,insufficient_egarch_obs
larger GM paper,Gross before costs,755,garch11_residual_fallback_insufficient_egarch_obs,60,ok,60,-0.20045640733639825,0.8495840811482693,0.2265963407500922,0.3088805380045797,-0.8671748815607694,0.44029112750779065,0.5296155254399698,0.3267463437019642,False,insufficient_egarch_obs
larger GM paper,Gross before costs,756,garch11_residual_fallback_insufficient_egarch_obs,60,ok,60,-0.31107973182801996,0.6305236622047851,-0.2319356387299994,-0.29841382907684844,-0.9594685632092788,0.33646270913034854,0.44166754254149243,0.15518323813832033,False,insufficient_egarch_obs
larger GM paper,Gross before costs,757,garch11_residual_fallback_insufficient_egarch_obs,60,ok,60,1.1034027021776862,0.6009462175016614,1.5717889999795849,2.9940819813876973,-0.5174714925500785,0.2580200540183882,0.31625757947128186,41.17296447392695,False,insufficient_egarch_obs
larger GM paper,Gross before costs,758,garch11_residual_fallback_insufficient_egarch_obs,60,ok,60,0.44444968929287687,0.717110398818632,0.8927791817533911,1.4385927262554834,-0.729850157193249,0.3590884650138945,0.40149932410227773,6.287993716475757,False,insufficient_egarch_obs
larger GM paper,Gross before costs,759,garch11_residual_fallback_insufficient_egarch_obs,60,ok,60,-0.4530533265051456,0.7097764665265061,-0.447254849984849,-0.5667276205131299,-0.9602768415585383,0.3230264823280842,0.41854198982590646,0.04894687015094169,False,insufficient_egarch_obs
larger GM paper,Gross before costs,760,garch11_residual_fallback_insufficient_egarch_obs,60,ok,60,-0.20154680121662327,0.8496698935950765,0.18552324258564254,0.26542245848957086,-0.7804299581006271,0.3916661773158046,0.4061615669109849,0.32452437752699315,False,insufficient_egarch_obs
larger GM paper,Gross before costs,761,garch11_residual_fallback_insufficient_egarch_obs,60,ok,60,0.03867872949764162,0.6291234921185138,0.37956338971739634,0.5663735277252667,-0.7605867064093931,0.2975770981728434,0.3078775566180944,1.2089440168090448,False,insufficient_egarch_obs
larger GM paper,Gross before costs,762,garch11_residual_fallback_insufficient_egarch_obs,60,ok,60,0.6981903734886765,0.5925066856641025,1.2127038742413068,2.0588000579485457,-0.5447214737633188,0.2947486159093912,0.3135846738615446,14.123159809276222,False,insufficient_egarch_obs
larger GM paper,Gross before costs,763,garch11_residual_fallback_insufficient_egarch_obs,60,ok,60,-0.3667177141824641,0.7505681933060768,-0.16202509958150368,-0.20732380616512375,-0.9751148506545546,0.38491572333157814,0.4943988232689376,0.10185601960299408,False,insufficient_egarch_obs
larger GM paper,Gross before costs,764,garch11_residual_fallback_insufficient_egarch_obs,60,ok,60,0.2760836524447705,0.5679403214354914,0.7090546213298743,1.2191496133012019,-0.5539586004895046,0.256579377770766,0.28602673126698713,3.3837301835789955,False,insufficient_egarch_obs
larger GM paper,Gross before costs,765,garch11_residual_fallback_insufficient_egarch_obs,60,ok,60,-0.17756774928051922,0.5527422262661438,-0.06016048806995597,-0.08093734981824055,-0.8653509573524323,0.30027356716754283,0.34644034850739924,0.376270925542562,False,insufficient_egarch_obs
larger GM paper,Gross before costs,766,garch11_residual_fallback_insufficient_egarch_obs,60,ok,60,0.053938249313126185,0.6708003299260697,0.43328593139142785,0.6444718535827014,-0.5477009414631647,0.26502208525269966,0.3641234023333439,1.300396615868927,False,insufficient_egarch_obs
larger GM paper,Gross before costs,767,garch11_residual_fallback_insufficient_egarch_obs,60,ok,60,0.7186149118946346,0.7204243121986943,1.119083727232746,2.0470933023882365,-0.6253561172302037,0.2821079054727485,0.3276301695752304,14.99314974524379,False,insufficient_egarch_obs
larger GM paper,Gross before costs,768,garch11_residual_fallback_insufficient_egarch_obs,60,ok,60,0.6307164227915179,0.5980741228521961,1.124720033443142,2.0607399065021306,-0.4166855141480017,0.21451707757502525,0.3158752646125519,11.531670505852984,False,insufficient_egarch_obs
larger GM paper,Gross before costs,769,garch11_residual_fallback_insufficient_egarch_obs,60,ok,60,0.22415949813823022,0.6061262131538798,0.6400621633576405,1.0200214036128605,-0.5229046445610775,0.2545325477776478,0.3161356805354028,2.749096803622804,False,insufficient_egarch_obs
larger GM paper,Gross before costs,770,garch11_residual_fallback_insufficient_egarch_obs,60,ok,60,-0.26981299862108266,0.8024412289611409,0.04080521199568616,0.057448201670079115,-0.9621084388019754,0.39017698399298434,0.46268435438856925,0.2075728208835051,False,insufficient_egarch_obs
larger GM paper,Gross before costs,771,garch11_residual_fallback_insufficient_egarch_obs,60,ok,60,0.0491302737861552,0.40205776052211156,0.32020473153042184,0.48299251842400126,-0.6106995465392575,0.16893537603060305,0.2417148581583979,1.271004523555981,False,insufficient_egarch_obs
larger GM paper,Gross before costs,772,garch11_residual_fallback_insufficient_egarch_obs,60,ok,60,0.10473613998031417,0.7230580145768443,0.5311327056628691,0.8020367028603227,-0.7588336409536621,0.3191523031091433,0.47093162566235325,1.6454807578584274,False,insufficient_egarch_obs
larger GM paper,Gross before costs,773,garch11_residual_fallback_insufficient_egarch_obs,60,ok,60,1.2177700042379986,0.439192643128038,2.078754792825129,5.155934355039811,-0.2722118805481135,0.13109163181177802,0.17444504312242795,53.651581255789715,False,insufficient_egarch_obs
larger GM paper,Gross before costs,774,garch11_residual_fallback_insufficient_egarch_obs,60,ok,60,-0.48660281350422385,0.9837442473867009,-0.05692178653586681,-0.07451266249678383,-0.9825121998204296,0.48665655396545293,0.63076802293858,0.035667068977678844,False,insufficient_egarch_obs
larger GM paper,Gross before costs,775,garch11_residual_fallback_insufficient_egarch_obs,60,ok,60,-0.5619239041738123,0.9436657803069628,-0.1908612173480461,-0.23360898109250985,-0.9927371525725909,0.5743615859738118,0.6868954534548334,0.016134212773418963,False,insufficient_egarch_obs
larger GM paper,Gross before costs,776,garch11_residual_fallback_insufficient_egarch_obs,60,ok,60,0.4341411659934251,0.8627914621580872,0.9083503661142454,1.4042143880276539,-0.8804599735079379,0.47641267530233644,0.5310152195841221,6.066797658478339,False,insufficient_egarch_obs
larger GM paper,Gross before costs,777,garch11_residual_fallback_insufficient_egarch_obs,60,ok,60,0.2612253694249087,0.6505758858370652,0.7033393475588107,1.1326208800965176,-0.7561779273864606,0.2675837937497816,0.40902763978458206,3.191269560484169,False,insufficient_egarch_obs
larger GM paper,Gross before costs,778,garch11_residual_fallback_insufficient_egarch_obs,60,ok,60,0.5088695511477395,0.6719799004972664,0.9809879605877783,1.555244927094755,-0.6252672312229518,0.2921748137103915,0.403495713869693,7.820931336099513,False,insufficient_egarch_obs
larger GM paper,Gross before costs,779,garch11_residual_fallback_insufficient_egarch_obs,60,ok,60,-0.11222948005621436,0.9648101225752361,0.3944963540589418,0.6011353552535224,-0.9627352781986133,0.385800105840261,0.5066228556454,0.5514467695387061,False,insufficient_egarch_obs
larger GM paper,Gross before costs,780,garch11_residual_fallback_insufficient_egarch_obs,60,ok,60,-0.006264512645144493,0.4549388474674144,0.2220166318563259,0.31374552532601946,-0.7765316866651211,0.21630179902685656,0.2943007294741473,0.9690674271991685,False,insufficient_egarch_obs
larger GM paper,Gross before costs,781,garch11_residual_fallback_insufficient_egarch_obs,60,ok,60,0.18024754018512268,0.8528697821448997,0.6322098679222534,1.0301748948729312,-0.6618808793855672,0.3935762110545595,0.4489583064967518,2.2901583908259786,False,insufficient_egarch_obs
larger GM paper,Gross before costs,782,garch11_residual_fallback_insufficient_egarch_obs,60,ok,60,0.2858939209732816,0.5626283019330902,0.7523483595678039,1.1192911818416194,-0.5677210048042305,0.24577893141055615,0.3571789812934676,3.515812582320316,False,insufficient_egarch_obs
larger GM paper,Gross before costs,783,garch11_residual_fallback_insufficient_egarch_obs,60,ok,60,-0.11571046701779908,0.5329588183754824,0.046087083738628735,0.06602142746048166,-0.8661494097508069,0.2603636006916157,0.35012890601419294,0.5407199861211991,False,insufficient_egarch_obs
larger GM paper,Gross before costs,784,garch11_residual_fallback_insufficient_egarch_obs,60,ok,60,0.2166371247868386,0.3040305131426765,0.7991592013303297,1.352611817303125,-0.46283162005894807,0.11739454963124292,0.15568143356586786,2.665663482503806,False,insufficient_egarch_obs
larger GM paper,Gross before costs,785,garch11_residual_fallback_insufficient_egarch_obs,60,ok,60,0.3780663949161496,0.5776662629361047,0.8470488826983089,1.460863614812079,-0.6423290652489644,0.26053041437233315,0.30520970915488516,4.969935030006005,False,insufficient_egarch_obs
larger GM paper,Gross before costs,786,garch11_residual_fallback_insufficient_egarch_obs,60,ok,60,0.058243738509912824,0.5555972485954701,0.37990399179958334,0.5814326708011309,-0.8278844786244677,0.2779811568429175,0.2944553486912045,1.3271760547945968,False,insufficient_egarch_obs
larger GM paper,Gross before costs,787,garch11_residual_fallback_insufficient_egarch_obs,60,ok,60,0.46676175530336494,0.46986685424656516,1.0564398216225335,1.8953248511737286,-0.5352796567597893,0.1695707872677134,0.23692937008201342,6.7888761783236715,False,insufficient_egarch_obs
larger GM paper,Gross before costs,788,garch11_residual_fallback_insufficient_egarch_obs,60,ok,60,0.3208215989765091,0.7460996860135943,0.762972715035224,1.2423018776486665,-0.797872523910991,0.32516972446820175,0.4105332179701648,4.019951477164248,False,insufficient_egarch_obs
larger GM paper,Gross before costs,789,garch11_residual_fallback_insufficient_egarch_obs,60,ok,60,0.5965785242630106,0.6953177522874733,1.043929404584589,1.7892364155153688,-0.5173094097648349,0.284325421051223,0.4023594149453447,10.374123556861903,False,insufficient_egarch_obs
larger GM paper,Gross before costs,790,garch11_residual_fallback_insufficient_egarch_obs,60,ok,60,0.12809516336722448,0.6294451491932906,0.5173948835359026,0.7886327168009819,-0.47164430916913547,0.2728598726585547,0.35685261213028846,1.8269585159279529,False,insufficient_egarch_obs
larger GM paper,Gross before costs,791,garch11_residual_fallback_insufficient_egarch_obs,60,ok,60,0.04296659321847418,0.7846391672664405,0.4871884100749255,0.7131748587609913,-0.7883925666742151,0.3939531546632206,0.4764831483320671,1.2341046531691897,False,insufficient_egarch_obs
larger GM paper,Gross before costs,792,garch11_residual_fallback_insufficient_egarch_obs,60,ok,60,0.5873886127435313,0.4509198670453008,1.275395027677828,2.1871186798430893,-0.48610033793229634,0.15558144733543475,0.28095837588712014,10.078973484581825,False,insufficient_egarch_obs
larger GM paper,Gross before costs,793,garch11_residual_fallback_insufficient_egarch_obs,60,ok,60,0.05858735140032323,0.43129233400042766,0.3574728112140562,0.5039090824252656,-0.46544401067241403,0.23801497660973123,0.28590349258762254,1.329332132028179,False,insufficient_egarch_obs
larger GM paper,Gross before costs,794,garch11_residual_fallback_insufficient_egarch_obs,60,ok,60,0.43697298412486996,0.7858637799253788,0.9053895385272279,1.3762665904511824,-0.866459952871248,0.3526119337893248,0.48262452017164775,6.126931377371505,False,insufficient_egarch_obs
larger GM paper,Gross before costs,795,garch11_residual_fallback_insufficient_egarch_obs,60,ok,60,1.216634371183321,0.5003929216973799,1.89422615051977,3.5773279680739454,-0.3743246605863171,0.20536478361132654,0.2797063007566592,53.51435750685212,False,insufficient_egarch_obs
larger GM paper,Gross before costs,796,garch11_residual_fallback_insufficient_egarch_obs,60,ok,60,0.598127375144363,0.5752472185234722,1.1331912069725278,1.8886666924239255,-0.5562276181621137,0.1804092084412123,0.3892098216784387,10.424541296128208,False,insufficient_egarch_obs
larger GM paper,Gross before costs,797,garch11_residual_fallback_insufficient_egarch_obs,60,ok,60,0.4684864132081197,0.5723027046828265,0.9697334722035653,1.6445561554909227,-0.33002614629181926,0.28246117348500116,0.32213242948954773,6.828882865264262,False,insufficient_egarch_obs
larger GM paper,Gross before costs,798,garch11_residual_fallback_insufficient_egarch_obs,60,ok,60,-0.30249133841746956,0.6768705195033393,-0.16941216275393936,-0.22538071594001738,-0.9573346514086214,0.33196039996804594,0.36132805601549484,0.1651003618062832,False,insufficient_egarch_obs
larger GM paper,Gross before costs,799,garch11_residual_fallback_insufficient_egarch_obs,60,ok,60,0.13202693957439493,0.6555594284806465,0.5528248206313033,0.8032268700956225,-0.7080807531649966,0.2706263840834045,0.43553362722063854,1.8590189243496638,False,insufficient_egarch_obs
larger GM paper,Gross before costs,800,garch11_residual_fallback_insufficient_egarch_obs,60,ok,60,0.03996964519033108,0.5783137326097173,0.37710802731833976,0.5430482585089423,-0.7421004874220258,0.2948369634674673,0.39140905338382104,1.216475358594716,False,insufficient_egarch_obs
larger GM paper,Gross before costs,801,garch11_residual_fallback_insufficient_egarch_obs,60,ok,60,-0.22543575868789245,0.8523663631571917,0.16315710598160726,0.23864709510337842,-0.8533564525755872,0.3255488581871349,0.5273926970693688,0.27879643554111144,False,insufficient_egarch_obs
larger GM paper,Gross before costs,802,garch11_residual_fallback_insufficient_egarch_obs,60,ok,60,0.14960755222033928,0.4989183174005284,0.5387836226768966,0.8237535261173383,-0.7012094279785319,0.2226423149172538,0.3069760424596745,2.0079275609832345,False,insufficient_egarch_obs
larger GM paper,Gross before costs,803,garch11_residual_fallback_insufficient_egarch_obs,60,ok,60,0.027594480437019175,0.6966358093830197,0.4324211851290665,0.5989766225582869,-0.9078934647054435,0.3412588242766966,0.4394470760541407,1.1457999904096694,False,insufficient_egarch_obs
larger GM paper,Gross before costs,804,garch11_residual_fallback_insufficient_egarch_obs,60,ok,60,0.17327606573369114,0.473157044363625,0.5856146509757445,0.886080230199324,-0.6525355176114727,0.23536587043374102,0.30545305022573077,2.223315300900821,False,insufficient_egarch_obs
larger GM paper,Gross before costs,805,garch11_residual_fallback_insufficient_egarch_obs,60,ok,60,0.3044092931962985,0.6610174642278835,0.7435053591429726,1.199710557736217,-0.7334217449975442,0.3148468660382463,0.3570534593969639,3.776325500505757,False,insufficient_egarch_obs
larger GM paper,Gross before costs,806,garch11_residual_fallback_insufficient_egarch_obs,60,ok,60,-0.07164804536304781,0.569679635135475,0.17055807501528816,0.23532853306368753,-0.8337981122188238,0.2847831954309203,0.35535606889534305,0.6895460591544208,False,insufficient_egarch_obs
larger GM paper,Gross before costs,807,garch11_residual_fallback_insufficient_egarch_obs,60,ok,60,-0.09081176240450184,0.7737041196391038,0.317986870749284,0.4411715416530267,-0.946289657358652,0.4192778468100032,0.5078441161007424,0.6212537776287321,False,insufficient_egarch_obs
larger GM paper,Gross before costs,808,garch11_residual_fallback_insufficient_egarch_obs,60,ok,60,0.033068283139570775,0.5056603365941604,0.3223945258195275,0.4700788014261483,-0.6528114127827092,0.2516637053560398,0.28706619038712206,1.1766441530024816,False,insufficient_egarch_obs
larger GM paper,Gross before costs,809,garch11_residual_fallback_insufficient_egarch_obs,60,ok,60,-0.13432492701603194,0.7120311049861526,0.17166544312179968,0.24638208290968,-0.9258595985396637,0.3592647273382608,0.41476357052153956,0.4861547810955923,False,insufficient_egarch_obs
larger GM paper,Gross before costs,810,garch11_residual_fallback_insufficient_egarch_obs,60,ok,60,0.9633456607841846,0.5657961591116476,1.4977801725630469,3.009617706413071,-0.4818101853427058,0.20620359708305858,0.26411580596448586,29.17318423055912,False,insufficient_egarch_obs
larger GM paper,Gross before costs,811,garch11_residual_fallback_insufficient_egarch_obs,60,ok,60,0.4164105800277502,0.5615861466594453,0.9102104379851567,1.5326641166588397,-0.5598132441115142,0.2270212840239014,0.32608294456735015,5.700931339814549,False,insufficient_egarch_obs
larger GM paper,Gross before costs,812,garch11_residual_fallback_insufficient_egarch_obs,60,ok,60,0.38303409522523224,0.5480719257670588,0.8810453709476583,1.3997134298272889,-0.524158417103088,0.2672990654036673,0.31564163583689403,5.060162145494379,False,insufficient_egarch_obs
larger GM paper,Gross before costs,813,garch11_residual_fallback_insufficient_egarch_obs,60,ok,60,0.3597297827750825,0.7068769595942136,0.808628875079298,1.3058590350891222,-0.5784898068738905,0.29680774292642864,0.41085697235783103,4.647967161084265,False,insufficient_egarch_obs
larger GM paper,Gross before costs,814,garch11_residual_fallback_insufficient_egarch_obs,60,ok,60,0.5780351961416483,0.4156597639763445,1.3234884906626927,2.508956332448735,-0.4056054939845344,0.11212347057192458,0.23003830739852693,9.785509140377693,False,insufficient_egarch_obs
larger GM paper,Gross before costs,815,garch11_residual_fallback_insufficient_egarch_obs,60,ok,60,0.2637288352483902,0.5529632354160464,0.71921003166554,1.1094027805241364,-0.5773746971138891,0.29956832055106325,0.36535072840853117,3.223068055454668,False,insufficient_egarch_obs
larger GM paper,Gross before costs,816,garch11_residual_fallback_insufficient_egarch_obs,60,ok,60,-0.4569384394831808,0.9783113478941582,0.05014133383223026,0.0628869162467491,-0.9895416465414657,0.6029752364799514,0.6569804474823645,0.047232976683817075,False,insufficient_egarch_obs
larger GM paper,Gross before costs,817,garch11_residual_fallback_insufficient_egarch_obs,60,ok,60,0.5823830487652464,0.47596707983263814,1.2105305928723686,2.356735945681061,-0.5619281747194795,0.17659266896169204,0.23459994302361312,9.921060763221904,False,insufficient_egarch_obs
larger GM paper,Gross before costs,818,garch11_residual_fallback_insufficient_egarch_obs,60,ok,60,0.11712997024650496,0.7042136370851347,0.5443240548687455,0.8038626472132754,-0.7767184355993847,0.33589464294607985,0.4174175984183462,1.739876875040944,False,insufficient_egarch_obs
larger GM paper,Gross before costs,819,garch11_residual_fallback_insufficient_egarch_obs,60,ok,60,0.0702511673050843,0.5581175988311187,0.40212370322360647,0.6165956655824024,-0.7675797754984282,0.2617995809065565,0.30142665248870304,1.4041986492067262,False,insufficient_egarch_obs
larger GM paper,Gross before costs,820,garch11_residual_fallback_insufficient_egarch_obs,60,ok,60,0.024488010266330518,0.5314730785850789,0.33238456102152053,0.4503469262578623,-0.732830631123799,0.26701596654112086,0.3371471880676032,1.1285853300324278,False,insufficient_egarch_obs
larger GM paper,Gross before costs,821,garch11_residual_fallback_insufficient_egarch_obs,60,ok,60,-0.5591304480485588,0.7992651438276271,-0.5066910122680081,-0.6198329311387017,-0.992952561947703,0.39613428104768306,0.5799368727865551,0.01665522597746956,False,insufficient_egarch_obs
larger GM paper,Gross before costs,822,garch11_residual_fallback_insufficient_egarch_obs,60,ok,60,0.05245282362846582,0.7436472289730611,0.47390926026909513,0.6932899715826114,-0.8345608357617164,0.37804573023867494,0.45890532204844936,1.2912584843384798,False,insufficient_egarch_obs
larger GM paper,Gross before costs,823,garch11_residual_fallback_insufficient_egarch_obs,60,ok,60,-0.14906885381278123,0.6882542373966005,0.1741969238991765,0.2322886988244537,-0.8771412852268063,0.4481826123702111,0.515532969137633,0.4461409636509223,False,insufficient_egarch_obs
larger GM paper,Gross before costs,824,garch11_residual_fallback_insufficient_egarch_obs,60,ok,60,0.5501176265276422,0.4757440167149378,1.1850542830030304,1.9675906029200143,-0.4397630896517659,0.18863084121659043,0.2880861276562469,8.950004908038029,False,insufficient_egarch_obs
larger GM paper,Gross before costs,825,garch11_residual_fallback_insufficient_egarch_obs,60,ok,60,-0.0926306725001469,0.7703802068645673,0.276672364516515,0.4053761601782206,-0.8517706859470062,0.35108546302577587,0.4264222846019184,0.6150642317661117,False,insufficient_egarch_obs
larger GM paper,Gross before costs,826,garch11_residual_fallback_insufficient_egarch_obs,60,ok,60,0.4652127691080812,0.4921019208656614,1.0432570750459218,1.6704738345610157,-0.5998536685264177,0.24001379502088813,0.3006507286050049,6.753104560580647,False,insufficient_egarch_obs
larger GM paper,Gross before costs,827,garch11_residual_fallback_insufficient_egarch_obs,60,ok,60,0.2044661147728004,0.645264353917757,0.6364762929339844,0.9593129329718296,-0.6385469057280092,0.27956037522324867,0.4220156872351692,2.5349706331436384,False,insufficient_egarch_obs
larger GM paper,Gross before costs,828,garch11_residual_fallback_insufficient_egarch_obs,60,ok,60,-0.03407685585143394,0.5626746684878385,0.23177677100521227,0.32861654480765384,-0.7431389930550872,0.2999440628063353,0.33473275491197646,0.8408390267483264,False,insufficient_egarch_obs
larger GM paper,Gross before costs,829,garch11_residual_fallback_insufficient_egarch_obs,60,ok,60,-0.20381513074457525,0.8112161380198069,0.13716205870524562,0.2097000859873453,-0.8493420278373013,0.3226882047369114,0.4587924038857171,0.31994078042892826,False,insufficient_egarch_obs
larger GM paper,Gross before costs,830,garch11_residual_fallback_insufficient_egarch_obs,60,ok,60,0.14221046880102417,0.7746736175543661,0.614316786220568,0.9115259166916198,-0.7774257682168153,0.35664086997853733,0.5061632257880998,1.9441540823945505,False,insufficient_egarch_obs
larger GM paper,Gross before costs,831,garch11_residual_fallback_insufficient_egarch_obs,60,ok,60,-0.4030192067220676,1.0374415159280523,0.1058017584634686,0.14591088606626768,-0.957813111464808,0.47257669475894293,0.5665677577999869,0.07582314493019919,False,insufficient_egarch_obs
larger GM paper,Gross before costs,832,garch11_residual_fallback_insufficient_egarch_obs,60,ok,60,0.8200221267862329,0.5184607271093425,1.435870469858966,2.7485188527224986,-0.45048041304341446,0.1732468777829271,0.264824767984113,19.97024254751828,False,insufficient_egarch_obs
larger GM paper,Gross before costs,833,garch11_residual_fallback_insufficient_egarch_obs,60,ok,60,0.5411346210861858,0.5437822920952172,1.0855472939939037,1.9038622250709036,-0.5611487227866612,0.19371720057689948,0.33380502571220666,8.693664660272551,False,insufficient_egarch_obs
larger GM paper,Gross before costs,834,garch11_residual_fallback_insufficient_egarch_obs,60,ok,60,-0.16141317340115302,0.646510901508628,0.06821354899532836,0.09335905248190501,-0.7909663225868095,0.3134161438803716,0.3398230754477551,0.414705866336569,False,insufficient_egarch_obs
larger GM paper,Gross before costs,835,garch11_residual_fallback_insufficient_egarch_obs,60,ok,60,-0.43053020853930746,0.7163638416756744,-0.38417564346099076,-0.48352741478448075,-0.9766941725256453,0.36565013268765356,0.3784851115223389,0.05988988173898551,False,insufficient_egarch_obs
larger GM paper,Gross before costs,836,garch11_residual_fallback_insufficient_egarch_obs,60,ok,60,0.05654767178302578,0.5466725267708521,0.39455823868285583,0.556050333420869,-0.7296333335677803,0.2702281652795372,0.3602960192041471,1.3165746439423969,False,insufficient_egarch_obs
larger GM paper,Gross before costs,837,garch11_residual_fallback_insufficient_egarch_obs,60,ok,60,-0.32411464018905434,0.7387616885562182,-0.11395211322199716,-0.15213642546622175,-0.9738205908359753,0.3288646898633431,0.4908790480071457,0.14104743637454165,False,insufficient_egarch_obs
larger GM paper,Gross before costs,838,garch11_residual_fallback_insufficient_egarch_obs,60,ok,60,-0.23887160266058471,0.6047741653434554,-0.1263612392435471,-0.1703924003511349,-0.9259049622557236,0.30367422072486666,0.3745593611183276,0.25544042483275226,False,insufficient_egarch_obs
larger GM paper,Gross before costs,839,garch11_residual_fallback_insufficient_egarch_obs,60,ok,60,0.20953320349277926,0.3710049090814283,0.7091884867970121,1.0666525870138708,-0.4117834059833685,0.14428759556198167,0.2604355535594731,2.5887432199772915,False,insufficient_egarch_obs
larger GM paper,Gross before costs,840,garch11_residual_fallback_insufficient_egarch_obs,60,ok,60,0.2749079779692729,0.7540805933996786,0.7222038385639026,1.137158893949683,-0.8069429219679427,0.38488708805796834,0.4176634679114651,3.368171479146261,False,insufficient_egarch_obs
larger GM paper,Gross before costs,841,garch11_residual_fallback_insufficient_egarch_obs,60,ok,60,0.6496541003789906,0.4836518707521975,1.306107584349562,2.205595030047143,-0.5006947200825492,0.20437849284562826,0.29510120925910027,12.216996635281903,False,insufficient_egarch_obs
larger GM paper,Gross before costs,842,garch11_residual_fallback_insufficient_egarch_obs,60,ok,60,-0.18211006028723276,0.6012725045574658,-0.016493694120542704,-0.022005861199376513,-0.8232143881484792,0.30098648912908516,0.3274774364641259,0.3659943081146741,False,insufficient_egarch_obs
larger GM paper,Gross before costs,843,garch11_residual_fallback_insufficient_egarch_obs,60,ok,60,-0.0589146363125439,0.7394565898189795,0.3183854025935038,0.46082809460313184,-0.8048196004096837,0.32933019878892345,0.45194780020596764,0.7381508009535952,False,insufficient_egarch_obs
larger GM paper,Gross before costs,844,garch11_residual_fallback_insufficient_egarch_obs,60,ok,60,0.3811590078610956,0.41587564705132324,0.9906032272714977,1.7133224941626044,-0.46731245641549624,0.18925053399732353,0.2033625650836306,5.025952746474602,False,insufficient_egarch_obs
larger GM paper,Gross before costs,845,garch11_residual_fallback_insufficient_egarch_obs,60,ok,60,0.1418427847599415,0.5990167014767632,0.5467625476933581,0.8222589052892122,-0.6105442175327693,0.24687089048157337,0.3683154539939875,1.9410269251034558,False,insufficient_egarch_obs
larger GM paper,Gross before costs,846,garch11_residual_fallback_insufficient_egarch_obs,60,ok,60,0.25022350355309464,0.5014508684583225,0.6992917890352415,1.1256321204535162,-0.44073051598728263,0.2185192481731013,0.2947773577968214,3.0544871031924816,False,insufficient_egarch_obs
larger GM paper,Gross before costs,847,garch11_residual_fallback_insufficient_egarch_obs,60,ok,60,0.08205514736116282,0.5494671365472094,0.4219345927823504,0.6467357115517718,-0.8501818472989908,0.27921913802394205,0.3077478226424182,1.4833614102046648,False,insufficient_egarch_obs
larger GM paper,Gross before costs,848,garch11_residual_fallback_insufficient_egarch_obs,60,ok,60,0.40247977754701836,0.4580999499998378,0.980652525325639,1.5989027040655202,-0.5128599209772559,0.2109156649617811,0.25803826277993425,5.426040602967092,False,insufficient_egarch_obs
larger GM paper,Gross before costs,849,garch11_residual_fallback_insufficient_egarch_obs,60,ok,60,0.3913991946529274,0.5261523874892793,0.9061097135038351,1.4788855655533668,-0.5252117168546423,0.29036862118852647,0.3351012828896016,5.215053141466866,False,insufficient_egarch_obs
larger GM paper,Gross before costs,850,garch11_residual_fallback_insufficient_egarch_obs,60,ok,60,0.5800463855548388,0.6186539329160853,1.0767998201914302,1.8019297820067859,-0.6673863315947715,0.2566978351946636,0.3613872430241773,9.848025938563648,False,insufficient_egarch_obs
larger GM paper,Gross before costs,851,garch11_residual_fallback_insufficient_egarch_obs,60,ok,60,0.04740066345927474,0.5326223703116416,0.363115217154471,0.5221209929588186,-0.6443995442677655,0.25341828622216467,0.3124510779331357,1.2605620355740967,False,insufficient_egarch_obs
larger GM paper,Gross before costs,852,garch11_residual_fallback_insufficient_egarch_obs,60,ok,60,0.46640927549846545,0.5649415217222358,0.9823673861313976,1.596665683563024,-0.5017878598682264,0.19617079926174683,0.36243861077261924,6.780722870823676,False,insufficient_egarch_obs
larger GM paper,Gross before costs,853,garch11_residual_fallback_insufficient_egarch_obs,60,ok,60,0.06827734456207701,0.6733042341434473,0.4578764150714654,0.6712983204867735,-0.7211372491821381,0.31009695475271215,0.3982813485948595,1.3912977765086212,False,insufficient_egarch_obs
larger GM paper,Gross before costs,854,garch11_residual_fallback_insufficient_egarch_obs,60,ok,60,0.24665383890680803,0.8126017029078365,0.7006088875313781,1.1124369799381817,-0.7328248734791771,0.3632781101729093,0.4660001732807992,3.0111292222244463,False,insufficient_egarch_obs
larger GM paper,Gross before costs,855,garch11_residual_fallback_insufficient_egarch_obs,60,ok,60,-0.24582177339284916,0.696372775160078,-0.02165978548608751,-0.029868937155222524,-0.9017281270216715,0.3433642423657142,0.45826763377009927,0.24398883315881015,False,insufficient_egarch_obs
larger GM paper,Gross before costs,856,garch11_residual_fallback_insufficient_egarch_obs,60,ok,60,0.47941797347116477,0.5101887672986436,1.0325454250021942,1.7941582480118399,-0.4797059595040669,0.19652544098796762,0.28605200642105727,7.086869788018021,False,insufficient_egarch_obs
larger GM paper,Gross before costs,857,garch11_residual_fallback_insufficient_egarch_obs,60,ok,60,0.2771020814039018,0.687201014085887,0.739386709341057,1.0923586731631003,-0.7820335336477491,0.3139057796489385,0.43010902489532293,3.3972543509346984,False,insufficient_egarch_obs
larger GM paper,Gross before costs,858,garch11_residual_fallback_insufficient_egarch_obs,60,ok,60,0.04606406371400351,0.6778785211563861,0.45198860935971563,0.6447411548178862,-0.9318582636452197,0.3572174887929409,0.47941324839825583,1.2525394503155056,False,insufficient_egarch_obs
larger GM paper,Gross before costs,859,garch11_residual_fallback_insufficient_egarch_obs,60,ok,60,0.3282181428926747,0.6068824356224043,0.7776505998587264,1.26527749447582,-0.4789903992136868,0.2660599322546966,0.31336647092276965,4.133776967184603,False,insufficient_egarch_obs
larger GM paper,Gross before costs,860,garch11_residual_fallback_insufficient_egarch_obs,60,ok,60,-0.06658735282075501,0.5403649414489222,0.15546131912336153,0.21439908844484312,-0.8751357926481949,0.2834367801899327,0.31140298882215084,0.7085465782977284,False,insufficient_egarch_obs
larger GM paper,Gross before costs,861,garch11_residual_fallback_insufficient_egarch_obs,60,ok,60,0.6844675449012914,0.4720983397464127,1.362699253028305,2.4121538808193703,-0.488169306896294,0.22140486942452525,0.2386228212567515,13.56167206959505,False,insufficient_egarch_obs
larger GM paper,Gross before costs,862,garch11_residual_fallback_insufficient_egarch_obs,60,ok,60,0.4845762913720004,0.506504212760937,1.046713836447971,1.7685246374873962,-0.5333211297071025,0.23927731203509428,0.2964452398301387,7.211284056951321,False,insufficient_egarch_obs
larger GM paper,Gross before costs,863,garch11_residual_fallback_insufficient_egarch_obs,60,ok,60,-0.11022760703872347,0.6157141610669098,0.149730568806424,0.2008226701817165,-0.8805780772735631,0.32414137260673404,0.3921915080813105,0.557692281231707,False,insufficient_egarch_obs
larger GM paper,Gross before costs,864,garch11_residual_fallback_insufficient_egarch_obs,60,ok,60,0.4133753824207351,0.6106492242158924,0.878443920466006,1.5296747879138624,-0.5711416037821833,0.2780394966122374,0.34124622404167715,5.640110509662711,False,insufficient_egarch_obs
larger GM paper,Gross before costs,865,garch11_residual_fallback_insufficient_egarch_obs,60,ok,60,-0.11514874049071788,0.521308699272765,0.04443299528307595,0.060250347135364604,-0.6424253404591763,0.2589883968598971,0.35281587231774636,0.5424395750041474,False,insufficient_egarch_obs
larger GM paper,Gross before costs,866,garch11_residual_fallback_insufficient_egarch_obs,60,ok,60,0.14413380380542584,0.5297956910833777,0.5291733392827539,0.7915015570566863,-0.6111125763981932,0.26459950244124025,0.31560439495800935,1.9605778229694923,False,insufficient_egarch_obs
larger GM paper,Gross before costs,867,garch11_residual_fallback_insufficient_egarch_obs,60,ok,60,0.9228826702408295,0.6996166550847401,1.299939413579735,2.453587590766029,-0.5725981432076692,0.27941432994552107,0.29813191484838725,26.288386248597984,False,insufficient_egarch_obs
larger GM paper,Gross before costs,868,garch11_residual_fallback_insufficient_egarch_obs,60,ok,60,0.4229968740391281,0.6784836004053293,0.8699539215243626,1.4825494903237084,-0.6470151865380955,0.3020916357763528,0.36999321693192333,5.8347161113326775,False,insufficient_egarch_obs
larger GM paper,Gross before costs,869,garch11_residual_fallback_insufficient_egarch_obs,60,ok,60,0.4201618139721741,0.405948403918447,1.0767749161310436,1.8771362464017494,-0.43049972125565994,0.166254141843653,0.20621289161967052,5.776824245035725,False,insufficient_egarch_obs
larger GM paper,Gross before costs,870,garch11_residual_fallback_insufficient_egarch_obs,60,ok,60,-0.08518166401833505,0.7416772350838408,0.3182209852571253,0.4497414268211918,-0.8894863410963139,0.28783172073388563,0.5658131794583402,0.6407288857726324,False,insufficient_egarch_obs
larger GM paper,Gross before costs,871,garch11_residual_fallback_insufficient_egarch_obs,60,ok,60,0.20101634975922877,0.4624550872789405,0.6282820951603438,1.02081594434683,-0.5312839490656621,0.19318471416805127,0.268710993334973,2.498875379094882,False,insufficient_egarch_obs
larger GM paper,Gross before costs,872,garch11_residual_fallback_insufficient_egarch_obs,60,ok,60,-0.35759262022211824,0.8925376577019231,0.1300526248781615,0.17376665573248656,-0.9774831073541205,0.4000695648975491,0.656372907547834,0.10940888867724521,False,insufficient_egarch_obs
larger GM paper,Gross before costs,873,garch11_residual_fallback_insufficient_egarch_obs,60,ok,60,0.23490537141053824,0.6317830587900599,0.675299313961208,1.0095065865849033,-0.6032658814927653,0.2870422818344637,0.39250748116982453,2.871893947146831,False,insufficient_egarch_obs
larger GM paper,Gross before costs,874,garch11_residual_fallback_insufficient_egarch_obs,60,ok,60,-0.034390548720092284,0.644346423680621,0.27418558308341906,0.4021495102205006,-0.8765111496514735,0.283756737690949,0.3455925518656267,0.8394745603153055,False,insufficient_egarch_obs
larger GM paper,Gross before costs,875,garch11_residual_fallback_insufficient_egarch_obs,60,ok,60,0.2608577328347066,0.5426907879872176,0.7194217325942059,1.088523475219347,-0.8089150304207573,0.2506791745137857,0.3444135865538458,3.1866211300151925,False,insufficient_egarch_obs
larger GM paper,Gross before costs,876,garch11_residual_fallback_insufficient_egarch_obs,60,ok,60,-0.21596438007836372,0.8493019332347523,0.15023946122947174,0.22547071231301244,-0.938892157943768,0.40725956365803123,0.44514031409256755,0.29626405919769766,False,insufficient_egarch_obs
larger GM paper,Gross before costs,877,garch11_residual_fallback_insufficient_egarch_obs,60,ok,60,0.7430541534816986,0.6869530329279555,1.166663168486629,2.1637173210604574,-0.5677087913552888,0.20939001152062794,0.3916780844377799,16.089939097660597,False,insufficient_egarch_obs
larger GM paper,Gross before costs,878,garch11_residual_fallback_insufficient_egarch_obs,60,ok,60,0.03172221078599091,0.45174917014960136,0.30104514444122615,0.4281334354147026,-0.689558783647469,0.20469518515498955,0.2771241301512299,1.1689983559906418,False,insufficient_egarch_obs
larger GM paper,Gross before costs,879,garch11_residual_fallback_insufficient_egarch_obs,60,ok,60,0.5940445692639027,0.4724967063879855,1.2313268713161594,2.3763006556964283,-0.4772917272602818,0.18403844455782936,0.2191579481408192,10.292059783086586,False,insufficient_egarch_obs
larger GM paper,Gross before costs,880,garch11_residual_fallback_insufficient_egarch_obs,60,ok,60,-0.07635519321291351,0.5817905901343197,0.18973867020890253,0.2594806606825584,-0.7621888843712673,0.247820034732106,0.4151255454106788,0.6722409491669497,False,insufficient_egarch_obs
larger GM paper,Gross before costs,881,garch11_residual_fallback_insufficient_egarch_obs,60,ok,60,0.3977545592156104,0.7231282060629499,0.8478801193222936,1.3562235580429196,-0.7988992433585758,0.29007890145891857,0.39426807216022963,5.335247704287943,False,insufficient_egarch_obs
larger GM paper,Gross before costs,882,garch11_residual_fallback_insufficient_egarch_obs,60,ok,60,0.4643091771455232,0.6286730560112448,0.9455738113531542,1.5168558790383138,-0.5480754782099384,0.2729525883002786,0.40198929083450136,6.732307139408811,False,insufficient_egarch_obs
larger GM paper,Gross before costs,883,garch11_residual_fallback_insufficient_egarch_obs,60,ok,60,-0.07279188588780716,0.7644768916672401,0.3244345837706912,0.464635226213439,-0.7930864152285564,0.32315065501099627,0.4971004145911173,0.6853084987413798,False,insufficient_egarch_obs
larger GM paper,Gross before costs,884,garch11_residual_fallback_insufficient_egarch_obs,60,ok,60,0.11716636174954664,0.5606392821931692,0.48287562750577995,0.7224817741303325,-0.5857906405535285,0.2652120458114771,0.28163313651837524,1.740160283693514,False,insufficient_egarch_obs
larger GM paper,Gross before costs,885,garch11_residual_fallback_insufficient_egarch_obs,60,ok,60,-0.021727033046137323,0.8152389078670141,0.43764119583754557,0.630696453659732,-0.8567635417093235,0.410097603236795,0.5286978745230105,0.8959840183057086,False,insufficient_egarch_obs
larger GM paper,Gross before costs,886,garch11_residual_fallback_insufficient_egarch_obs,60,ok,60,0.36618629189698537,0.39933600569221767,0.9961732919034625,1.544820874493125,-0.4745363844788424,0.20788768550898523,0.24097453880647177,4.759371623214154,False,insufficient_egarch_obs
larger GM paper,Gross before costs,887,garch11_residual_fallback_insufficient_egarch_obs,60,ok,60,0.373912124000505,0.5807054548150431,0.8391622643993056,1.4604851849856209,-0.540074558052725,0.20336594021524004,0.316511841491574,4.895474354034731,False,insufficient_egarch_obs
larger GM paper,Gross before costs,888,garch11_residual_fallback_insufficient_egarch_obs,60,ok,60,-0.07085468742927048,0.5778507591591215,0.1682713536642988,0.24023527081511054,-0.7285607945917743,0.27498675494621344,0.30752295689516373,0.6924974864079065,False,insufficient_egarch_obs
larger GM paper,Gross before costs,889,garch11_residual_fallback_insufficient_egarch_obs,60,ok,60,-0.15180720357228195,1.0153470846472639,0.3886032155820348,0.5731939343068138,-0.8755339960788227,0.48344252133539917,0.5229556790527535,0.43900846933129006,False,insufficient_egarch_obs
larger GM paper,Gross before costs,890,garch11_residual_fallback_insufficient_egarch_obs,60,ok,60,0.22490901917076256,0.5832488626133557,0.6430851686667326,1.0320638935290398,-0.6287871797124642,0.2831734744963895,0.3167195894393795,2.7575231182150755,False,insufficient_egarch_obs
larger GM paper,Gross before costs,891,garch11_residual_fallback_insufficient_egarch_obs,60,ok,60,0.04900542212801917,0.7146098741467606,0.4645599338580729,0.6623733634072732,-0.9335413826376884,0.35767495524994064,0.4723977578263457,1.270248424615497,False,insufficient_egarch_obs
larger GM paper,Gross before costs,892,garch11_residual_fallback_insufficient_egarch_obs,60,ok,60,-0.016095287595019103,0.7152888154724237,0.3743261596573057,0.5321960936741741,-0.8748829279867771,0.3358902815381905,0.48103981023281056,0.9220727831527138,False,insufficient_egarch_obs
larger GM paper,Gross before costs,893,garch11_residual_fallback_insufficient_egarch_obs,60,ok,60,0.7737154699005839,0.41531736576660966,1.6007696131739608,4.160516765980565,-0.2782234249084986,0.10773276580401504,0.1486911621754746,17.555765422766278,False,insufficient_egarch_obs
larger GM paper,Gross before costs,894,garch11_residual_fallback_insufficient_egarch_obs,60,ok,60,-0.29428963715590306,0.6768733280268978,-0.12152400044906635,-0.1547115415804787,-0.9469116693694204,0.3800441195864636,0.46343470959424843,0.17503805300225328,False,insufficient_egarch_obs
larger GM paper,Gross before costs,895,garch11_residual_fallback_insufficient_egarch_obs,60,ok,60,-0.45682319705352714,0.757220004269579,-0.3623262649520246,-0.4542505824246719,-0.9794687560092388,0.37435470551201105,0.47238027456577286,0.047283114219659375,False,insufficient_egarch_obs
larger GM paper,Gross before costs,896,garch11_residual_fallback_insufficient_egarch_obs,60,ok,60,-0.09775009914493338,0.5383966833349306,0.08904098031677965,0.12353822012580538,-0.7507482495385926,0.29074305443059817,0.3199035899684461,0.597907794494902,False,insufficient_egarch_obs
larger GM paper,Gross before costs,897,garch11_residual_fallback_insufficient_egarch_obs,60,ok,60,0.16669215515599944,0.5135853625587476,0.5642209534157333,0.8522582613921108,-0.6754354311611025,0.2101010410728535,0.2824575958267066,2.161630146104525,False,insufficient_egarch_obs
larger GM paper,Gross before costs,898,garch11_residual_fallback_insufficient_egarch_obs,60,ok,60,0.04203426080638528,0.6613522951861307,0.4049737897657449,0.5980640856044255,-0.8196274747075425,0.32519531200357105,0.34386250968820714,1.2285985299421782,False,insufficient_egarch_obs
larger GM paper,Gross before costs,899,garch11_residual_fallback_insufficient_egarch_obs,60,ok,60,-0.020144173167230828,0.5327665229889585,0.23533010630713272,0.33618388783864933,-0.657132243185647,0.26150169599840356,0.30681003622384434,0.9032560887115689,False,insufficient_egarch_obs
larger GM paper,Gross before costs,900,garch11_residual_fallback_insufficient_egarch_obs,60,ok,60,-0.09008400775343395,0.5432429117539554,0.10302721838534176,0.14574753939371907,-0.7054376732140724,0.2509564973245561,0.2887639021343799,0.6237441568561051,False,insufficient_egarch_obs
larger GM paper,Gross before costs,901,garch11_residual_fallback_insufficient_egarch_obs,60,ok,60,0.1478265213281098,0.6066019296382216,0.5404713776144345,0.8367916004715209,-0.9052666930763225,0.27391642487890017,0.346633552022221,1.992421759213293,False,insufficient_egarch_obs
larger GM paper,Gross before costs,902,garch11_residual_fallback_insufficient_egarch_obs,60,ok,60,0.9232833813163126,0.5913734566021556,1.4345838537301903,2.647634658827419,-0.44702837096171055,0.18597985521616883,0.32590452883033966,26.31578895756686,False,insufficient_egarch_obs
larger GM paper,Gross before costs,903,garch11_residual_fallback_insufficient_egarch_obs,60,ok,60,0.08485376471010331,0.8191947775411048,0.5150686825327406,0.8286956564404643,-0.7813282109274367,0.3445221922335256,0.43817124044274597,1.502643656042318,False,insufficient_egarch_obs
larger GM paper,Gross before costs,904,garch11_residual_fallback_insufficient_egarch_obs,60,ok,60,-0.07074216413094381,0.7946201329328483,0.33895312599955935,0.48916452071680167,-0.9130135138635238,0.367226083505538,0.4713603434825566,0.692916909375742,False,insufficient_egarch_obs
larger GM paper,Gross before costs,905,garch11_residual_fallback_insufficient_egarch_obs,60,ok,60,0.11615009799101528,0.6115193436545406,0.4915130341477337,0.7516503423735178,-0.8491192096765567,0.2959751669812906,0.3193139755181697,1.7322597267664184,False,insufficient_egarch_obs
larger GM paper,Gross before costs,906,garch11_residual_fallback_insufficient_egarch_obs,60,ok,60,-0.2538449780019797,0.9548722378177974,0.24168340766157148,0.3341099532122968,-0.9823804644096263,0.4879050302379407,0.5366197828897676,0.23128386261062844,False,insufficient_egarch_obs
larger GM paper,Gross before costs,907,garch11_residual_fallback_insufficient_egarch_obs,60,ok,60,0.2505955091040497,0.6282226683356644,0.68009333015088,1.0652852544479914,-0.7477000011466628,0.29694865572750223,0.3490030486964504,3.0590341404318977,False,insufficient_egarch_obs
larger GM paper,Gross before costs,908,garch11_residual_fallback_insufficient_egarch_obs,60,ok,60,0.011336434916910276,0.5589266923307857,0.2992118910905773,0.4522930935578723,-0.6342436300319433,0.2526327964389524,0.3007117401963238,1.057981973909995,False,insufficient_egarch_obs
larger GM paper,Gross before costs,909,garch11_residual_fallback_insufficient_egarch_obs,60,ok,60,0.7400602103252785,0.5736461271087987,1.2718309260424419,2.3264022706729697,-0.5118025137422013,0.21655349931094767,0.31012725436055516,15.952229201503346,False,insufficient_egarch_obs
larger GM paper,Gross before costs,910,garch11_residual_fallback_insufficient_egarch_obs,60,ok,60,0.5345477204437636,0.8388553292716718,0.958677900200844,1.634899313786094,-0.79477449076449,0.3242933268391391,0.5057960167399255,8.50945982122828,False,insufficient_egarch_obs
larger GM paper,Gross before costs,911,garch11_residual_fallback_insufficient_egarch_obs,60,ok,60,0.44344754865538105,0.5351784988845789,0.9604114412203011,1.6384365931643174,-0.45592715571376896,0.23768547177392058,0.25871637484427157,6.266211315860738,False,insufficient_egarch_obs
larger GM paper,Gross before costs,912,garch11_residual_fallback_insufficient_egarch_obs,60,ok,60,0.2714050644004342,0.4892902890074229,0.7412267367953436,1.1951831063617604,-0.5367175505158619,0.17617688827199168,0.31050470695248955,3.3221534234658745,False,insufficient_egarch_obs
larger GM paper,Gross before costs,913,garch11_residual_fallback_insufficient_egarch_obs,60,ok,60,0.11565913799723226,0.6368925908326366,0.5003697352158855,0.7704640222147342,-0.7051325844994177,0.3070033192568113,0.36988566671248496,1.7284532388934197,False,insufficient_egarch_obs
larger GM paper,Gross before costs,914,garch11_residual_fallback_insufficient_egarch_obs,60,ok,60,0.4660050585647324,0.4206757487454938,1.1331872041710298,1.9733681505205238,-0.4218863931180826,0.15265058659659503,0.24929371082076168,6.77138246219348,False,insufficient_egarch_obs
larger GM paper,Gross before costs,915,garch11_residual_fallback_insufficient_egarch_obs,60,ok,60,-0.15702818778608774,0.6787058479100923,0.11076884740329909,0.15327137901663215,-0.7741127560437716,0.3242764198058436,0.38034975535985943,0.42566237451156147,False,insufficient_egarch_obs
larger GM paper,Gross before costs,916,garch11_residual_fallback_insufficient_egarch_obs,60,ok,60,1.0158174562912854,0.6085374571198885,1.5101710387460467,2.619945493357708,-0.3007859157008451,0.2318450533956428,0.3652198073187926,33.285570780127635,False,insufficient_egarch_obs
larger GM paper,Gross before costs,917,garch11_residual_fallback_insufficient_egarch_obs,60,ok,60,-0.5095487741708872,0.7682002885859331,-0.46132263588448325,-0.5688761848566136,-0.9880572599239881,0.39908862555367147,0.5242403600338764,0.028377826015181323,False,insufficient_egarch_obs
larger GM paper,Gross before costs,918,garch11_residual_fallback_insufficient_egarch_obs,60,ok,60,-0.05309674302463241,0.70551212654352,0.31495755210588916,0.44622100357776395,-0.7134277797727031,0.3624279470874977,0.48180598082195486,0.7612513078748776,False,insufficient_egarch_obs
larger GM paper,Gross before costs,919,garch11_residual_fallback_insufficient_egarch_obs,60,ok,60,-0.2604681302968084,0.6563093292149564,-0.11646245652092042,-0.16058812206364417,-0.8447152793977099,0.34670892156090005,0.3693146248876556,0.22119966863432858,False,insufficient_egarch_obs
larger GM paper,Gross before costs,920,garch11_residual_fallback_insufficient_egarch_obs,60,ok,60,0.29826558336268283,0.5425969113773638,0.7796558604179716,1.160491155484344,-0.6017557789898667,0.23387097740378932,0.37705223693385226,3.6882276652718335,False,insufficient_egarch_obs
larger GM paper,Gross before costs,921,garch11_residual_fallback_insufficient_egarch_obs,60,ok,60,0.17480193392378274,0.7748838911524133,0.597436086770938,0.9691265524319658,-0.8332812380330068,0.3339545685477898,0.38158626697785536,2.2378102763979224,False,insufficient_egarch_obs
larger GM paper,Gross before costs,922,garch11_residual_fallback_insufficient_egarch_obs,60,ok,60,-0.1714463825123288,0.8028508499983975,0.18143843817576774,0.2682974698868596,-0.6869732911504687,0.38267241575803695,0.41931294792222507,0.390483861106991,False,insufficient_egarch_obs
larger GM paper,Gross before costs,923,garch11_residual_fallback_insufficient_egarch_obs,60,ok,60,-0.18543160482782528,0.6941515343187266,0.0758287434327848,0.10666836784477265,-0.9217689011856103,0.3158086451458773,0.41739384549672204,0.35862270201697266,False,insufficient_egarch_obs
larger GM paper,Gross before costs,924,garch11_residual_fallback_insufficient_egarch_obs,60,ok,60,0.6321422362430109,0.7877336748192553,1.081585359582736,1.6772288754313123,-0.788848413757824,0.36889976665914087,0.5226602898523957,11.582172199220437,False,insufficient_egarch_obs
larger GM paper,Gross before costs,925,garch11_residual_fallback_insufficient_egarch_obs,60,ok,60,-0.257049676641413,0.7253412350557952,0.012316019998872545,0.016131609225510962,-0.9047795149103917,0.3437464499909586,0.49026645689355375,0.22635958043951263,False,insufficient_egarch_obs
larger GM paper,Gross before costs,926,garch11_residual_fallback_insufficient_egarch_obs,60,ok,60,-0.15402007397119555,0.6858338675750834,0.12897577517939138,0.1780336220400491,-0.8531285656653129,0.3520863697124492,0.42087370975312693,0.4333115742290843,False,insufficient_egarch_obs
larger GM paper,Gross before costs,927,garch11_residual_fallback_insufficient_egarch_obs,60,ok,60,0.6051267040236803,0.6649326072665565,1.0565807312735003,1.8594528051916945,-0.8477648196567654,0.27048546889612557,0.34914603421590024,10.65483184800264,False,insufficient_egarch_obs
larger GM paper,Gross before costs,928,garch11_residual_fallback_insufficient_egarch_obs,60,ok,60,0.12715175621337083,0.632155666911732,0.5057540903121245,0.80025009515416,-0.7023099531854187,0.29201353245247375,0.30901207060985986,1.8193320078951882,False,insufficient_egarch_obs
larger GM paper,Gross before costs,929,garch11_residual_fallback_insufficient_egarch_obs,60,ok,60,-0.04969814934357841,0.6907045504285548,0.32274467589799266,0.4428881240168064,-0.759266244633021,0.33219604127460683,0.4955956921100966,0.7750110151664656,False,insufficient_egarch_obs
larger GM paper,Gross before costs,930,garch11_residual_fallback_insufficient_egarch_obs,60,ok,60,0.20775919752596939,1.0935118877905767,0.8229258818818739,1.2998128417709494,-0.9110015120647963,0.4488979473353203,0.6060638969550541,2.5698144535206358,False,insufficient_egarch_obs
larger GM paper,Gross before costs,931,garch11_residual_fallback_insufficient_egarch_obs,60,ok,60,0.023506172392520064,0.5772826952984673,0.34186158472514644,0.5022090306874568,-0.6098243452164764,0.27780230544122325,0.36578127321026094,1.1231876780855272,False,insufficient_egarch_obs
larger GM paper,Gross before costs,932,garch11_residual_fallback_insufficient_egarch_obs,60,ok,60,0.0008359087075422433,0.5614025424427496,0.30340735498609944,0.4138637731376014,-0.7075669916796727,0.315904060406081,0.35304727068854497,1.004186536814683,False,insufficient_egarch_obs
larger GM paper,Gross before costs,933,garch11_residual_fallback_insufficient_egarch_obs,60,ok,60,0.29997551135290856,0.6062152844089788,0.7483551566817876,1.1666537179265344,-0.692054737412199,0.27816858888756696,0.31415728323080666,3.712580303050235,False,insufficient_egarch_obs
larger GM paper,Gross before costs,934,garch11_residual_fallback_insufficient_egarch_obs,60,ok,60,0.010838137956244998,0.8109618782169359,0.45257895170309687,0.6828690089919232,-0.8810668926606995,0.37257838304015467,0.48587037994029664,1.0553781423089128,False,insufficient_egarch_obs
larger GM paper,Gross before costs,935,garch11_residual_fallback_insufficient_egarch_obs,60,ok,60,0.3658284738631339,0.5587065772921819,0.8470493595430422,1.3784342560645622,-0.6201991430775959,0.2749621126113192,0.30225149444416116,4.7531422488596435,False,insufficient_egarch_obs
larger GM paper,Gross before costs,936,garch11_residual_fallback_insufficient_egarch_obs,60,ok,60,0.41632595832094377,0.5068892633803191,0.9605742940510329,1.490223776240435,-0.5413168256207439,0.22689261739237707,0.31260770669882093,5.699228567655381,False,insufficient_egarch_obs
larger GM paper,Gross before costs,937,garch11_residual_fallback_insufficient_egarch_obs,60,ok,60,-0.04751716656907101,0.4869888809354775,0.14908885648109022,0.20829162669498097,-0.6776802901744285,0.2371004968707399,0.2840602830993607,0.7839453451019708,False,insufficient_egarch_obs
larger GM paper,Gross before costs,938,garch11_residual_fallback_insufficient_egarch_obs,60,ok,60,-0.15839705287410666,0.6134394897275359,0.040481297868759585,0.05596212096733931,-0.7165995431758007,0.32068212670038726,0.35656238649286637,0.4222175079876228,False,insufficient_egarch_obs
larger GM paper,Gross before costs,939,garch11_residual_fallback_insufficient_egarch_obs,60,ok,60,0.2411899325294169,0.7625371076113281,0.6920220127662924,1.0513768403314894,-0.8470107806383631,0.39272929069916956,0.4131478656315067,2.9457183592575196,False,insufficient_egarch_obs
larger GM paper,Gross before costs,940,garch11_residual_fallback_insufficient_egarch_obs,60,ok,60,0.20243429343348418,0.722475507527682,0.6435351446412847,0.9915532357655814,-0.6460015764964969,0.290920633952078,0.43365675737299497,2.513661359807066,False,insufficient_egarch_obs
larger GM paper,Gross before costs,941,garch11_residual_fallback_insufficient_egarch_obs,60,ok,60,0.5946835752965882,0.6431258513739757,1.0867327667001572,1.7241160750622797,-0.5504021367053871,0.31882590147670264,0.41847661745812076,10.312705263572864,False,insufficient_egarch_obs
larger GM paper,Gross before costs,942,garch11_residual_fallback_insufficient_egarch_obs,60,ok,60,0.5844048094418668,0.606915767444721,1.0782377422252702,1.867057135020843,-0.5217954779578942,0.31727044870563387,0.3384447631991992,9.984602050000301,False,insufficient_egarch_obs
larger GM paper,Gross before costs,943,garch11_residual_fallback_insufficient_egarch_obs,60,ok,60,-0.008352403699830702,0.6961567918538388,0.34311453947714626,0.5153114615152067,-0.8347681807037524,0.32117058023492795,0.3556928893880465,0.9589298054120249,False,insufficient_egarch_obs
larger GM paper,Gross before costs,944,garch11_residual_fallback_insufficient_egarch_obs,60,ok,60,-0.05569039816550081,0.5991588411290241,0.2118883959565569,0.30338956217495794,-0.8834640557722202,0.29768032458453675,0.31187762072700304,0.7508825786233115,False,insufficient_egarch_obs
larger GM paper,Gross before costs,945,garch11_residual_fallback_insufficient_egarch_obs,60,ok,60,0.10632203599200007,0.6606551727523683,0.5080132955952312,0.7373071070418147,-0.8045751297019911,0.29664104223599563,0.3975736552247114,1.6573255066348995,False,insufficient_egarch_obs
larger GM paper,Gross before costs,946,garch11_residual_fallback_insufficient_egarch_obs,60,ok,60,-0.22637271776620005,0.5582817412129527,-0.1722371799358374,-0.23823162242802076,-0.7649399242178208,0.3048101117528999,0.32450656215911683,0.2771142662337174,False,insufficient_egarch_obs
larger GM paper,Gross before costs,947,garch11_residual_fallback_insufficient_egarch_obs,60,ok,60,0.3254210904922654,0.4836691548004815,0.8333601287939784,1.3441258582532192,-0.4674672355042354,0.20634132373382855,0.26642878437724676,4.090433953273486,False,insufficient_egarch_obs
larger GM paper,Gross before costs,948,garch11_residual_fallback_insufficient_egarch_obs,60,ok,60,0.29489117791243724,0.5802298518808267,0.7511997987606029,1.1651861395915313,-0.7854721855869694,0.25059498880295794,0.3611440659671134,3.640544635533979,False,insufficient_egarch_obs
larger GM paper,Gross before costs,949,garch11_residual_fallback_insufficient_egarch_obs,60,ok,60,0.3192302108297713,1.1588478837736647,1.0201263067852482,1.6742324338239816,-0.97298371778698,0.46169762001089126,0.6506790439089415,3.995792627273428,False,insufficient_egarch_obs
larger GM paper,Gross before costs,950,garch11_residual_fallback_insufficient_egarch_obs,60,ok,60,1.0481898454316352,0.480613521884764,1.7652090428824836,3.718048873878768,-0.39826870677614756,0.14117360163848758,0.214840257652294,36.04549909593905,False,insufficient_egarch_obs
larger GM paper,Gross before costs,951,garch11_residual_fallback_insufficient_egarch_obs,60,ok,60,-0.140286258670537,0.5686912583341335,0.03074321504965398,0.04229417778635464,-0.8451333373775642,0.2857685355351279,0.318686320113829,0.46964460949316406,False,insufficient_egarch_obs
larger GM paper,Gross before costs,952,garch11_residual_fallback_insufficient_egarch_obs,60,ok,60,0.497257812124684,0.7409488788204823,0.9207183735882024,1.6070545125173337,-0.6298325859922778,0.2971705078953252,0.38312580108344635,7.524591692185924,False,insufficient_egarch_obs
larger GM paper,Gross before costs,953,garch11_residual_fallback_insufficient_egarch_obs,60,ok,60,-0.08901937964518347,0.6715030222453888,0.2333211236754638,0.32113943153952546,-0.8855873301262737,0.33071970722321703,0.4398413254893871,0.6274016995038167,False,insufficient_egarch_obs
larger GM paper,Gross before costs,954,garch11_residual_fallback_insufficient_egarch_obs,60,ok,60,-0.10797994579199999,0.7919957251519957,0.26698936609875684,0.40706506073891296,-0.9419040879810145,0.3556741714920492,0.45723731291767095,0.5647719137640539,False,insufficient_egarch_obs
larger GM paper,Gross before costs,955,garch11_residual_fallback_insufficient_egarch_obs,60,ok,60,0.17886373141652334,0.46664715105761173,0.5889971677278457,0.9299564747404873,-0.5477162029530431,0.1880112976096489,0.28009921635603624,2.2767640883771234,False,insufficient_egarch_obs
larger GM paper,Gross before costs,956,garch11_residual_fallback_insufficient_egarch_obs,60,ok,60,0.283564906669439,0.6150115137744865,0.7258058418555421,1.1303072941252519,-0.4728030753919207,0.28766459693454427,0.3325874353016951,3.4840884652899735,False,insufficient_egarch_obs
larger GM paper,Gross before costs,957,garch11_residual_fallback_insufficient_egarch_obs,60,ok,60,0.15227075844161408,0.5742355161382202,0.5446453663941134,0.8414733642317206,-0.6648964684391215,0.27912123240280085,0.3511598148280739,2.0312936175803795,False,insufficient_egarch_obs
larger GM paper,Gross before costs,958,garch11_residual_fallback_insufficient_egarch_obs,60,ok,60,-0.04950533331789697,0.7319039989575936,0.3010649828415239,0.46022858780829107,-0.8480594721419827,0.3502146118928438,0.3717522137012745,0.7757975820687315,False,insufficient_egarch_obs
larger GM paper,Gross before costs,959,garch11_residual_fallback_insufficient_egarch_obs,60,ok,60,-0.0809513927032296,0.657132651834204,0.22409976937924594,0.31332799937473244,-0.7612894381657789,0.34821289898794056,0.40118637665672036,0.6556807090204864,False,insufficient_egarch_obs
larger GM paper,Gross before costs,960,garch11_residual_fallback_insufficient_egarch_obs,60,ok,60,0.1730585271544851,0.7258037155952822,0.5881882145710233,0.9410089043673497,-0.7672809915472139,0.31524566583407476,0.38497585932075107,2.2212549267560857,False,insufficient_egarch_obs
larger GM paper,Gross before costs,961,garch11_residual_fallback_insufficient_egarch_obs,60,ok,60,-0.013679538983159767,0.6233370325285952,0.3226252595379023,0.4543472679235794,-0.8034702726232699,0.28449072722882124,0.4402021871787621,0.9334481790687474,False,insufficient_egarch_obs
larger GM paper,Gross before costs,962,garch11_residual_fallback_insufficient_egarch_obs,60,ok,60,0.9025480155150558,0.47388530775890125,1.6374327506053925,2.9742611312073417,-0.43838562771079803,0.14521453448069221,0.260837940823969,24.92746587511496,False,insufficient_egarch_obs
larger GM paper,Gross before costs,963,garch11_residual_fallback_insufficient_egarch_obs,60,ok,60,0.2200967347166991,0.6851979123295413,0.6576608532953045,1.0075982017338996,-0.8247574747696157,0.3137474425449293,0.422088862799278,2.7037798319386406,False,insufficient_egarch_obs
larger GM paper,Gross before costs,964,garch11_residual_fallback_insufficient_egarch_obs,60,ok,60,-0.06445977967167515,0.5650621610396237,0.1757301014971609,0.25242428630282343,-0.8237296376501912,0.28162816221631537,0.3513317375693039,0.7166585988955969,False,insufficient_egarch_obs
larger GM paper,Gross before costs,965,garch11_residual_fallback_insufficient_egarch_obs,60,ok,60,0.1245620955759632,0.459331487600918,0.49006942869413334,0.7485574927698592,-0.6322639450793384,0.20244180476192997,0.26690546546394295,1.7985280089055105,False,insufficient_egarch_obs
larger GM paper,Gross before costs,966,garch11_residual_fallback_insufficient_egarch_obs,60,ok,60,0.0845750629584392,0.5518484922549762,0.4468426062422442,0.642513290092995,-0.7451138847385067,0.29998225594217925,0.3773238001160463,1.5007144822136704,False,insufficient_egarch_obs
larger GM paper,Gross before costs,967,garch11_residual_fallback_insufficient_egarch_obs,60,ok,60,-0.42479521054089364,0.726257416705948,-0.35427227741067013,-0.46050038921727005,-0.96876537709441,0.33684411755246063,0.4497157655124495,0.06296692250594167,False,insufficient_egarch_obs
larger GM paper,Gross before costs,968,garch11_residual_fallback_insufficient_egarch_obs,60,ok,60,0.15077695151031878,0.4800340053062215,0.5415784157865555,0.8021439132107018,-0.5622252741481042,0.23212451140093335,0.2926899369908637,2.018160839759661,False,insufficient_egarch_obs
larger GM paper,Gross before costs,969,garch11_residual_fallback_insufficient_egarch_obs,60,ok,60,0.07592792633414569,0.7501644939812603,0.47354414970472924,0.74993941729346,-0.7986713686586592,0.3475338288464095,0.35375106099952586,1.441836117092767,False,insufficient_egarch_obs
larger GM paper,Gross before costs,970,garch11_residual_fallback_insufficient_egarch_obs,60,ok,60,0.4916173738552714,0.5905145848997329,0.9917718210797029,1.5784110213032758,-0.5208943142011498,0.28204616671659427,0.32033513398249186,7.383923118651241,False,insufficient_egarch_obs
larger GM paper,Gross before costs,971,garch11_residual_fallback_insufficient_egarch_obs,60,ok,60,0.5255358536528472,0.5415571303273287,1.0612688408921398,1.8248433656925174,-0.5994748613229837,0.22651394072437872,0.28218627263432067,8.262511846326737,False,insufficient_egarch_obs
larger GM paper,Gross before costs,972,garch11_residual_fallback_insufficient_egarch_obs,60,ok,60,0.004578732285454468,0.6192247877430215,0.3397277923860479,0.4912358080222224,-0.7068234397004807,0.24039579144092582,0.39729917783390195,1.0231042714418939,False,insufficient_egarch_obs
larger GM paper,Gross before costs,973,garch11_residual_fallback_insufficient_egarch_obs,60,ok,60,0.6369562090823662,0.7804336716913712,1.0493648974633358,1.7914331331830617,-0.7493173099220862,0.3257651149887006,0.44933946294040367,11.75398975520765,False,insufficient_egarch_obs
larger GM paper,Gross before costs,974,garch11_residual_fallback_insufficient_egarch_obs,60,ok,60,-0.45881145213880936,0.6081682158535727,-0.6738644160905468,-0.8459207958119144,-0.9771689836460468,0.312725589333561,0.32839293194447333,0.04642404616139239,False,insufficient_egarch_obs
larger GM paper,Gross before costs,975,garch11_residual_fallback_insufficient_egarch_obs,60,ok,60,0.07217884529225449,0.5216711534594752,0.41623505170334296,0.584670741091313,-0.5132160704064863,0.2948534374788032,0.3621019651233728,1.4168901151087698,False,insufficient_egarch_obs
larger GM paper,Gross before costs,976,garch11_residual_fallback_insufficient_egarch_obs,60,ok,60,1.1599307900603812,0.49847826551681057,1.8388834650543078,3.721948330682688,-0.3580219050324629,0.1577409892569681,0.2715331224413133,47.01096619160586,False,insufficient_egarch_obs
larger GM paper,Gross before costs,977,garch11_residual_fallback_insufficient_egarch_obs,60,ok,60,0.08370538142115636,0.6475525412546669,0.47844805344049396,0.6827246393855464,-0.7126654664468958,0.313966159785062,0.4162503746424912,1.4947072803838983,False,insufficient_egarch_obs
larger GM paper,Gross before costs,978,garch11_residual_fallback_insufficient_egarch_obs,60,ok,60,-0.07467757487406701,0.6743062932352399,0.2718358252999775,0.3717569975600767,-0.785716569533288,0.2909563807363075,0.4526504277602645,0.6783681308709356,False,insufficient_egarch_obs
larger GM paper,Gross before costs,979,garch11_residual_fallback_insufficient_egarch_obs,60,ok,60,0.6185431777401791,0.49843804193914565,1.2353509933012254,2.1413658144141996,-0.6488954301116909,0.22471628782314215,0.28652489811065657,11.107631096502471,False,insufficient_egarch_obs
larger GM paper,Gross before costs,980,garch11_residual_fallback_insufficient_egarch_obs,60,ok,60,0.22539166967473778,0.5720961574129992,0.6362770840814485,1.0774134425183635,-0.6327192825732355,0.23068090578203934,0.2681059045443719,2.7629601309202343,False,insufficient_egarch_obs
larger GM paper,Gross before costs,981,garch11_residual_fallback_insufficient_egarch_obs,60,ok,60,-0.04039694223164003,0.9335406905449177,0.45611438298139495,0.6967284777184092,-0.9139853273941726,0.4226754122064037,0.5094177503880254,0.8136883834466879,False,insufficient_egarch_obs
larger GM paper,Gross before costs,982,garch11_residual_fallback_insufficient_egarch_obs,60,ok,60,1.0777965394499796,0.5776514788677575,1.5988190945371579,2.8625993490493324,-0.6025763511239777,0.2300958001073677,0.3608986213073762,38.72711035793821,False,insufficient_egarch_obs
larger GM paper,Gross before costs,983,garch11_residual_fallback_insufficient_egarch_obs,60,ok,60,1.1898510940497764,0.7939205328578884,1.425238336843316,2.5044930985458604,-0.64253268858746,0.3177875334790433,0.39333770072809177,50.35851593707553,False,insufficient_egarch_obs
larger GM paper,Gross before costs,984,garch11_residual_fallback_insufficient_egarch_obs,60,ok,60,0.06525477801938706,0.6397627566020204,0.4386661197975597,0.6467099090733195,-0.8180239214629059,0.3013126607109448,0.3842340467921465,1.3717262644496457,False,insufficient_egarch_obs
larger GM paper,Gross before costs,985,garch11_residual_fallback_insufficient_egarch_obs,60,ok,60,-0.1892073187361385,0.5460441805054619,-0.09347299306775105,-0.12284420478485081,-0.8368132593976967,0.3049187003405487,0.3228682713697393,0.3503878991052831,False,insufficient_egarch_obs
larger GM paper,Gross before costs,986,garch11_residual_fallback_insufficient_egarch_obs,60,ok,60,0.16247320264033993,0.567442799541229,0.5896663751318978,0.8639828636919746,-0.7760816099630898,0.2514552741585208,0.39518523939751904,2.122827727421805,False,insufficient_egarch_obs
larger GM paper,Gross before costs,987,garch11_residual_fallback_insufficient_egarch_obs,60,ok,60,0.18434556764607368,0.5976440349831664,0.5944000535344471,0.90721677716295,-0.7464060823327509,0.32340598300122725,0.34989933239497506,2.330194620539544,False,insufficient_egarch_obs
larger GM paper,Gross before costs,988,garch11_residual_fallback_insufficient_egarch_obs,60,ok,60,0.25613893933426746,0.7222622452353866,0.6981433054538808,1.0718259623372863,-0.6356516043968072,0.293880377645843,0.41016430852377067,3.127435726552462,False,insufficient_egarch_obs
larger GM paper,Gross before costs,989,garch11_residual_fallback_insufficient_egarch_obs,60,ok,60,-0.23646330826866502,0.7846514883654561,0.09766750115710131,0.13055974963478786,-0.8307956033425876,0.39749475081021046,0.4624091181914574,0.2595072882565455,False,insufficient_egarch_obs
larger GM paper,Gross before costs,990,garch11_residual_fallback_insufficient_egarch_obs,60,ok,60,0.020806673581419854,0.7355533583420198,0.3979697109159059,0.6261882366538785,-0.8692835629686007,0.32972854508794175,0.39236359020914846,1.1084535613159436,False,insufficient_egarch_obs
larger GM paper,Gross before costs,991,garch11_residual_fallback_insufficient_egarch_obs,60,ok,60,0.26902725997097376,0.36360917692876593,0.8499256024421947,1.3110164379267193,-0.4211622245343568,0.14740344374639394,0.2523470753205735,3.29120365285265,False,insufficient_egarch_obs
larger GM paper,Gross before costs,992,garch11_residual_fallback_insufficient_egarch_obs,60,ok,60,0.26590050348941485,0.5094929507180189,0.7263060156969448,1.119587269716751,-0.5254958819712952,0.24612996293454634,0.2588915842367989,3.250856977491325,False,insufficient_egarch_obs
larger GM paper,Gross before costs,993,garch11_residual_fallback_insufficient_egarch_obs,60,ok,60,-0.27007009394399517,0.6051055786856187,-0.18993645222663197,-0.24349944583885544,-0.809111732000458,0.3402049722598867,0.3497119019772373,0.20720765117548554,False,insufficient_egarch_obs
larger GM paper,Gross before costs,994,garch11_residual_fallback_insufficient_egarch_obs,60,ok,60,0.3403046768564424,0.6018945083828989,0.8071544802638766,1.2448473644531457,-0.5916114110450916,0.2684017942319143,0.3627175100500178,4.325314240605861,False,insufficient_egarch_obs
larger GM paper,Gross before costs,995,garch11_residual_fallback_insufficient_egarch_obs,60,ok,60,0.12329147943381202,0.6171291901504538,0.518165783152962,0.7864301047409762,-0.7178698163155679,0.2823349476821372,0.40209891044549045,1.7883903718368623,False,insufficient_egarch_obs
larger GM paper,Gross before costs,996,garch11_residual_fallback_insufficient_egarch_obs,60,ok,60,0.5969828515847269,0.5831621565789484,1.1215176263089601,1.825431612920448,-0.5614446258120832,0.24211335646868573,0.3237851980226714,10.387266244709725,False,insufficient_egarch_obs
larger GM paper,Gross before costs,997,garch11_residual_fallback_insufficient_egarch_obs,60,ok,60,0.8694688647440261,0.557440807654611,1.4230519414614393,2.7173796281319813,-0.34418083261541554,0.21616145127245193,0.2710630774442117,22.83448298108335,False,insufficient_egarch_obs
larger GM paper,Gross before costs,998,garch11_residual_fallback_insufficient_egarch_obs,60,ok,60,0.27480126263069504,0.6769575150886372,0.7144572809398726,1.110766699605006,-0.7751639837664676,0.3217613967772056,0.3933509726695908,3.3667620621593293,False,insufficient_egarch_obs
larger GM paper,Gross before costs,999,garch11_residual_fallback_insufficient_egarch_obs,60,ok,60,0.3643301217401653,0.5288323016380901,0.8504999906946922,1.5297239361249735,-0.4693010454005744,0.18829513471234016,0.2935063578437855,4.727127737366544,False,insufficient_egarch_obs
