Strategy,Return basis,path_id,method,n_source_obs,status,n_obs,annualized_return,annualized_volatility,sharpe,sortino,max_drawdown,var_95,cvar_95,terminal_wealth,defaulted,reason
larger+VIX GM paper,Gross before costs,0,garch11_residual_fallback_insufficient_egarch_obs,60,ok,60,0.1873537270762018,0.5516732279823557,0.5891349719705042,0.9373559241698931,-0.593121992734897,0.24422384097308975,0.2873189287992855,2.3599380311457567,False,insufficient_egarch_obs
larger+VIX GM paper,Gross before costs,1,garch11_residual_fallback_insufficient_egarch_obs,60,ok,60,0.009237084133836504,0.5326374272180894,0.2838537991562617,0.44053280077184714,-0.5982094233775548,0.24501665097836017,0.29371943439840886,1.0470465757941811,False,insufficient_egarch_obs
larger+VIX GM paper,Gross before costs,2,garch11_residual_fallback_insufficient_egarch_obs,60,ok,60,-0.5283045896595879,0.8042218681111598,-0.47604102681765087,-0.6126466398004934,-0.9937065084627692,0.40662192703180894,0.45094136407815005,0.023351148871003327,False,insufficient_egarch_obs
larger+VIX GM paper,Gross before costs,3,garch11_residual_fallback_insufficient_egarch_obs,60,ok,60,0.38558980376574303,0.5227886634493462,0.9067030616155712,1.4005376119698232,-0.4976114310106817,0.2625178919910514,0.31433943753087285,5.107088621308019,False,insufficient_egarch_obs
larger+VIX GM paper,Gross before costs,4,garch11_residual_fallback_insufficient_egarch_obs,60,ok,60,0.31304429290305835,0.6310893440299223,0.7623390731723227,1.2054466935641097,-0.6225467032615437,0.30978225575102536,0.35731952616525864,3.902984997572933,False,insufficient_egarch_obs
larger+VIX GM paper,Gross before costs,5,garch11_residual_fallback_insufficient_egarch_obs,60,ok,60,0.8173701398563902,0.4551407321338034,1.5716012254804879,2.951463070760195,-0.47623280150497516,0.17253626946868272,0.26283546921915796,19.82517094140332,False,insufficient_egarch_obs
larger+VIX GM paper,Gross before costs,6,garch11_residual_fallback_insufficient_egarch_obs,60,ok,60,-0.13431781771757267,0.6513116171466214,0.11515305553058183,0.1644204164096824,-0.8900355794818983,0.32222604671097743,0.34592817274358184,0.48617474399109695,False,insufficient_egarch_obs
larger+VIX GM paper,Gross before costs,7,garch11_residual_fallback_insufficient_egarch_obs,60,ok,60,0.04332686589478829,0.4900624281064557,0.33881493802318374,0.4898340658646725,-0.5493330292536542,0.22425446609747712,0.28396065232494583,1.236237614387894,False,insufficient_egarch_obs
larger+VIX GM paper,Gross before costs,8,garch11_residual_fallback_insufficient_egarch_obs,60,ok,60,-0.12252032954742464,0.5832083719711879,0.07260937791710877,0.10535654929724395,-0.759214654135653,0.28221701251023257,0.3311421121704751,0.520217930842532,False,insufficient_egarch_obs
larger+VIX GM paper,Gross before costs,9,garch11_residual_fallback_insufficient_egarch_obs,60,ok,60,0.18663220607020614,0.5298383019369916,0.5919619663360911,0.9227689422739813,-0.4406049371464188,0.2608429596986349,0.2883158034920367,2.3527764049947844,False,insufficient_egarch_obs
larger+VIX GM paper,Gross before costs,10,garch11_residual_fallback_insufficient_egarch_obs,60,ok,60,0.3810180777997181,0.67602596069693,0.8248762180302348,1.3701614046884174,-0.7244934067374555,0.303409523196045,0.3716153025715306,5.023389090545822,False,insufficient_egarch_obs
larger+VIX GM paper,Gross before costs,11,garch11_residual_fallback_insufficient_egarch_obs,60,ok,60,0.4106539666523352,0.34231158575949255,1.1818941554035594,2.4565504472667885,-0.2792546948632031,0.09117264845287298,0.16240184787756806,5.586019816288248,False,insufficient_egarch_obs
larger+VIX GM paper,Gross before costs,12,garch11_residual_fallback_insufficient_egarch_obs,60,ok,60,0.058776344826251714,0.43961672956690884,0.34456003216171777,0.5598038729689162,-0.5103430455422486,0.20599819858092655,0.24113529386234409,1.3305192081693735,False,insufficient_egarch_obs
larger+VIX GM paper,Gross before costs,13,garch11_residual_fallback_insufficient_egarch_obs,60,ok,60,-0.05068635819660583,0.5756246805256804,0.2003273344838278,0.2975019501958939,-0.8728086581340752,0.26157572652529026,0.3119476773333165,0.7709897583656742,False,insufficient_egarch_obs
larger+VIX GM paper,Gross before costs,14,garch11_residual_fallback_insufficient_egarch_obs,60,ok,60,0.5167980390440181,0.47010962478465157,1.131922291155114,2.051704745302915,-0.4770461318551601,0.19594302891180437,0.26398265971654045,8.028580987577433,False,insufficient_egarch_obs
larger+VIX GM paper,Gross before costs,15,garch11_residual_fallback_insufficient_egarch_obs,60,ok,60,0.5223371896128857,0.6169651809626201,1.0102251621408787,1.6336562132230281,-0.524764693294243,0.2678532813845865,0.33489516566284383,8.176252314300966,False,insufficient_egarch_obs
larger+VIX GM paper,Gross before costs,16,garch11_residual_fallback_insufficient_egarch_obs,60,ok,60,-0.41993900859667577,0.42119733155865424,-1.0472015061156799,-1.188811584972296,-0.9314676612832902,0.2375532452307124,0.2554947204960058,0.06567019450742227,False,insufficient_egarch_obs
larger+VIX GM paper,Gross before costs,17,garch11_residual_fallback_insufficient_egarch_obs,60,ok,60,0.09310841330215824,0.45637552685826543,0.4268003483330627,0.6378778984326419,-0.5256055230536447,0.23757203738901586,0.2635840521626108,1.5606883362363517,False,insufficient_egarch_obs
larger+VIX GM paper,Gross before costs,18,garch11_residual_fallback_insufficient_egarch_obs,60,ok,60,-0.06498029085569479,0.524399861120341,0.14172594746055875,0.20322247874952715,-0.829924229740208,0.23436887365737075,0.3176636752006398,0.7146671614842341,False,insufficient_egarch_obs
larger+VIX GM paper,Gross before costs,19,garch11_residual_fallback_insufficient_egarch_obs,60,ok,60,0.1764589340266809,0.6138855523331002,0.5758647550564703,0.9049091460491316,-0.5982312842159453,0.3088704576142849,0.3197975733148948,2.2536364619134184,False,insufficient_egarch_obs
larger+VIX GM paper,Gross before costs,20,garch11_residual_fallback_insufficient_egarch_obs,60,ok,60,0.4874773863309829,0.5447065794982944,0.9961527935138506,2.0084613629594665,-0.48850900044054124,0.1902453304921371,0.25527466511170455,7.282019876423614,False,insufficient_egarch_obs
larger+VIX GM paper,Gross before costs,21,garch11_residual_fallback_insufficient_egarch_obs,60,ok,60,0.8652521517664913,0.4072043108565428,1.7587002749264158,4.332309731005316,-0.3596417103499493,0.10138572396034767,0.17046173206585366,22.578118513193154,False,insufficient_egarch_obs
larger+VIX GM paper,Gross before costs,22,garch11_residual_fallback_insufficient_egarch_obs,60,ok,60,0.3281851455866105,0.46058571501579615,0.8441028250870345,1.5290075405448664,-0.4525973432497936,0.2036690962896024,0.21732480859693126,4.133263509635244,False,insufficient_egarch_obs
larger+VIX GM paper,Gross before costs,23,garch11_residual_fallback_insufficient_egarch_obs,60,ok,60,0.5634146501957618,0.4632540929641166,1.2034686601052191,2.4177973993186996,-0.5933984241161524,0.12908648663987568,0.23483979812693967,9.34051637803191,False,insufficient_egarch_obs
larger+VIX GM paper,Gross before costs,24,garch11_residual_fallback_insufficient_egarch_obs,60,ok,60,-0.12446290896082235,0.6263489225092703,0.11288066702357441,0.16331736123851462,-0.5831730552100887,0.3284222936010487,0.3752833236424587,0.5144850337680855,False,insufficient_egarch_obs
larger+VIX GM paper,Gross before costs,25,garch11_residual_fallback_insufficient_egarch_obs,60,ok,60,0.3241148551191786,0.47880186644260764,0.8192050700950334,1.5881182057044436,-0.41490917225880486,0.16722800556773154,0.2414897073716897,4.070317522057764,False,insufficient_egarch_obs
larger+VIX GM paper,Gross before costs,26,garch11_residual_fallback_insufficient_egarch_obs,60,ok,60,0.8848614582461918,0.5321281893256975,1.4794016470518103,3.0092156010734694,-0.5282043437047188,0.15490144274641243,0.27057016273763707,23.79014944738725,False,insufficient_egarch_obs
larger+VIX GM paper,Gross before costs,27,garch11_residual_fallback_insufficient_egarch_obs,60,ok,60,-0.14850936145500693,0.5171996713453882,-0.04841681363115956,-0.06916997444890702,-0.6040202058091444,0.262270857143082,0.2906205686849922,0.4476095955141423,False,insufficient_egarch_obs
larger+VIX GM paper,Gross before costs,28,garch11_residual_fallback_insufficient_egarch_obs,60,ok,60,0.8799107709551042,0.534774881190298,1.4701794524089635,2.925374855223587,-0.41016399715316854,0.15956341500228358,0.2749461340822064,23.479356007091535,False,insufficient_egarch_obs
larger+VIX GM paper,Gross before costs,29,garch11_residual_fallback_insufficient_egarch_obs,60,ok,60,-0.20990750084955434,0.5519297900523648,-0.14590991375119663,-0.2058550147382744,-0.8348809675277684,0.26170722294819915,0.304437183215204,0.30788582455992874,False,insufficient_egarch_obs
larger+VIX GM paper,Gross before costs,30,garch11_residual_fallback_insufficient_egarch_obs,60,ok,60,-0.18399004305313615,0.5277690035630145,-0.1086567097180297,-0.14730243924426878,-0.7877958756336159,0.28095274075353943,0.31920416429387277,0.3618072709007905,False,insufficient_egarch_obs
larger+VIX GM paper,Gross before costs,31,garch11_residual_fallback_insufficient_egarch_obs,60,ok,60,0.2857403810734831,0.3692261043766593,0.8659957757053363,1.554184242133772,-0.4685927685302046,0.11845956899507934,0.18789503573274394,3.5137140864558063,False,insufficient_egarch_obs
larger+VIX GM paper,Gross before costs,32,garch11_residual_fallback_insufficient_egarch_obs,60,ok,60,0.5452312084687831,0.49890715770407124,1.1250337658954952,2.19399706316396,-0.348393489444362,0.20945965422757612,0.24523329156729154,8.809826473697402,False,insufficient_egarch_obs
larger+VIX GM paper,Gross before costs,33,garch11_residual_fallback_insufficient_egarch_obs,60,ok,60,1.4136539978130682,0.4680300656777959,2.172114803513118,5.227954760680745,-0.25365948888100087,0.1718533932274297,0.21097643330779495,81.9171937418898,False,insufficient_egarch_obs
larger+VIX GM paper,Gross before costs,34,garch11_residual_fallback_insufficient_egarch_obs,60,ok,60,1.164143138524052,0.4389340688043402,2.021860388650805,4.780586625483923,-0.35693233973773886,0.10268499048252909,0.20690560801321892,47.471167213335285,False,insufficient_egarch_obs
larger+VIX GM paper,Gross before costs,35,garch11_residual_fallback_insufficient_egarch_obs,60,ok,60,0.431871737477429,0.5292290152844515,0.9534192054382181,1.6310015421469493,-0.3312117699788226,0.18893820114572132,0.3137960111996126,6.018947912194362,False,insufficient_egarch_obs
larger+VIX GM paper,Gross before costs,36,garch11_residual_fallback_insufficient_egarch_obs,60,ok,60,-0.07680187714461961,0.7098301390298549,0.2663526870247847,0.3833956624188983,-0.9184109118202817,0.3265998392123996,0.42517934262766954,0.67061700816535,False,insufficient_egarch_obs
larger+VIX GM paper,Gross before costs,37,garch11_residual_fallback_insufficient_egarch_obs,60,ok,60,-0.08757136331419146,0.6786225493912731,0.21851312189225844,0.3145377572216765,-0.8179475957010794,0.3464992316002746,0.3700343839556845,0.6324038948809998,False,insufficient_egarch_obs
larger+VIX GM paper,Gross before costs,38,garch11_residual_fallback_insufficient_egarch_obs,60,ok,60,0.23938369380120683,0.364933292717218,0.7713831138961412,1.3134997794963148,-0.4975548617371137,0.15140554460322908,0.19698666495982156,2.9243469028171134,False,insufficient_egarch_obs
larger+VIX GM paper,Gross before costs,39,garch11_residual_fallback_insufficient_egarch_obs,60,ok,60,0.6464883180256602,0.4296400395680136,1.3853928388409098,3.1918932610796737,-0.3545805200743468,0.10267283618779226,0.16711997682435795,12.100220055871095,False,insufficient_egarch_obs
larger+VIX GM paper,Gross before costs,40,garch11_residual_fallback_insufficient_egarch_obs,60,ok,60,0.27898543310038115,0.772521010600575,0.7180758535751816,1.136360731138231,-0.766976049762983,0.3433503446904967,0.4011831051516663,3.422378120229318,False,insufficient_egarch_obs
larger+VIX GM paper,Gross before costs,41,garch11_residual_fallback_insufficient_egarch_obs,60,ok,60,0.30179231222897895,0.4428934678187453,0.8093066729220717,1.54254706807503,-0.31002684668795155,0.1812020328736022,0.21470664939547265,3.7385957882136425,False,insufficient_egarch_obs
larger+VIX GM paper,Gross before costs,42,garch11_residual_fallback_insufficient_egarch_obs,60,ok,60,-0.2365707459290053,0.5713827431868892,-0.17952919714774232,-0.2508488574172699,-0.8638880852157481,0.28522966927015075,0.31474323552238065,0.25932476257679243,False,insufficient_egarch_obs
larger+VIX GM paper,Gross before costs,43,garch11_residual_fallback_insufficient_egarch_obs,60,ok,60,0.38577163990940666,0.36948899752534975,1.0710649680078868,2.0653177427224976,-0.31300438021378774,0.15913688632340278,0.18793375977202234,5.110440612896794,False,insufficient_egarch_obs
larger+VIX GM paper,Gross before costs,44,garch11_residual_fallback_insufficient_egarch_obs,60,ok,60,0.7198071424725558,0.34265951447377757,1.7806062212410594,4.159945599835219,-0.2850700223998701,0.08156588750720299,0.15149142491783343,15.04522688428812,False,insufficient_egarch_obs
larger+VIX GM paper,Gross before costs,45,garch11_residual_fallback_insufficient_egarch_obs,60,ok,60,0.0020475927046252895,0.5960740606848443,0.31226187163812313,0.45916951323463673,-0.8632131035522728,0.3257554329572762,0.37040340571250524,1.0102799758180003,False,insufficient_egarch_obs
larger+VIX GM paper,Gross before costs,46,garch11_residual_fallback_insufficient_egarch_obs,60,ok,60,0.026297460538831308,0.531647236918003,0.3332964751029154,0.46606883912023206,-0.7970433363182793,0.2914357903262419,0.34831014907193997,1.1385871326098143,False,insufficient_egarch_obs
larger+VIX GM paper,Gross before costs,47,garch11_residual_fallback_insufficient_egarch_obs,60,ok,60,0.11686325093259908,0.47093393032812275,0.4796108220017381,0.713635498863594,-0.5784919282172303,0.2316502678019915,0.3241111643623982,1.7378008532716902,False,insufficient_egarch_obs
larger+VIX GM paper,Gross before costs,48,garch11_residual_fallback_insufficient_egarch_obs,60,ok,60,-0.22901788774902754,0.5093901015751431,-0.23109806251777507,-0.2901005861594983,-0.8405040429933937,0.3004837200284937,0.32858286810222953,0.2724090363951438,False,insufficient_egarch_obs
larger+VIX GM paper,Gross before costs,49,garch11_residual_fallback_insufficient_egarch_obs,60,ok,60,0.4781767171060871,0.4995785664901906,1.052571454412715,1.7241473482222354,-0.48819951113913973,0.2228630810725323,0.3335783231654585,7.057189624114998,False,insufficient_egarch_obs
larger+VIX GM paper,Gross before costs,50,garch11_residual_fallback_insufficient_egarch_obs,60,ok,60,0.6231811801743186,0.6343284793284756,1.0958317072475827,1.917883930095594,-0.44363442202072667,0.27973342759820913,0.31723115563277854,11.267692679933676,False,insufficient_egarch_obs
larger+VIX GM paper,Gross before costs,51,garch11_residual_fallback_insufficient_egarch_obs,60,ok,60,0.33199859152150313,0.36814344640786006,0.9715125080187629,1.6309207628057225,-0.4010821860128223,0.11717733386606007,0.23361288618612985,4.192941740003635,False,insufficient_egarch_obs
larger+VIX GM paper,Gross before costs,52,garch11_residual_fallback_insufficient_egarch_obs,60,ok,60,0.4350847397250288,0.5302938937206145,0.944365528319702,1.8053650227843683,-0.6064952940234462,0.15932389615163758,0.27320904929616674,6.086781773972229,False,insufficient_egarch_obs
larger+VIX GM paper,Gross before costs,53,garch11_residual_fallback_insufficient_egarch_obs,60,ok,60,1.1282072101716971,0.498488328825193,1.8048685266013063,3.6734925798138747,-0.2796267590795699,0.22785055238914748,0.2573808253334761,43.65857446218009,False,insufficient_egarch_obs
larger+VIX GM paper,Gross before costs,54,garch11_residual_fallback_insufficient_egarch_obs,60,ok,60,0.6102411618478549,0.46808906326902916,1.2680866589899322,2.370552241217295,-0.4926099456896258,0.16241593149967926,0.26104065594811204,10.825665918672128,False,insufficient_egarch_obs
larger+VIX GM paper,Gross before costs,55,garch11_residual_fallback_insufficient_egarch_obs,60,ok,60,0.6588332568356012,0.49755752069085923,1.285547951362607,2.3482003761352064,-0.4264162574074599,0.23203663653079562,0.283772224802976,12.560694945968644,False,insufficient_egarch_obs
larger+VIX GM paper,Gross before costs,56,garch11_residual_fallback_insufficient_egarch_obs,60,ok,60,0.786050573138052,0.4892101757645816,1.4535467141395788,2.8011404177870163,-0.3832394718240646,0.13706610361162722,0.2693877836877952,18.174763162769988,False,insufficient_egarch_obs
larger+VIX GM paper,Gross before costs,57,garch11_residual_fallback_insufficient_egarch_obs,60,ok,60,0.10028600097425944,0.4860247108886451,0.4478515556866437,0.6594614272533005,-0.7045114339849321,0.2262277410745894,0.30666954550059927,1.6126047591273467,False,insufficient_egarch_obs
larger+VIX GM paper,Gross before costs,58,garch11_residual_fallback_insufficient_egarch_obs,60,ok,60,-0.0002079539501461669,0.6637620746388384,0.34335144650060034,0.516805621359945,-0.8059822812863451,0.32337795305001554,0.38768882827236156,0.9989606626078028,False,insufficient_egarch_obs
larger+VIX GM paper,Gross before costs,59,garch11_residual_fallback_insufficient_egarch_obs,60,ok,60,0.3619370835716371,0.42034049261212625,0.9511825580994278,1.6258781037947032,-0.3652488382648579,0.18993642523410265,0.22320437887803035,4.685815949158366,False,insufficient_egarch_obs
larger+VIX GM paper,Gross before costs,60,garch11_residual_fallback_insufficient_egarch_obs,60,ok,60,0.30241549121237155,0.4637240307235506,0.8235710013405816,1.2546843569597674,-0.7737720209291032,0.15166471697828854,0.352268727769044,3.7475528467720243,False,insufficient_egarch_obs
larger+VIX GM paper,Gross before costs,61,garch11_residual_fallback_insufficient_egarch_obs,60,ok,60,0.553146107412688,0.47271302674500426,1.1803082778287342,2.120295195371844,-0.46668458662370904,0.2056418226931951,0.24074241106012037,9.037775783491687,False,insufficient_egarch_obs
larger+VIX GM paper,Gross before costs,62,garch11_residual_fallback_insufficient_egarch_obs,60,ok,60,0.4114268432007473,0.49442601141758646,0.95046583164548,1.696921521651002,-0.3630981624015742,0.21782061819763984,0.2881196783523175,5.601339083749005,False,insufficient_egarch_obs
larger+VIX GM paper,Gross before costs,63,garch11_residual_fallback_insufficient_egarch_obs,60,ok,60,0.6293836035603402,0.46534371705137634,1.3040510801577065,2.2586425204741465,-0.32125219373113933,0.18738623635689447,0.26254629502401566,11.484622077707192,False,insufficient_egarch_obs
larger+VIX GM paper,Gross before costs,64,garch11_residual_fallback_insufficient_egarch_obs,60,ok,60,-0.020663643576939283,0.6088151545853039,0.28835204813553433,0.4064040221148788,-0.7913155113393698,0.32152053882167,0.361924114866855,0.9008643206932043,False,insufficient_egarch_obs
larger+VIX GM paper,Gross before costs,65,garch11_residual_fallback_insufficient_egarch_obs,60,ok,60,0.2237126308374653,0.558007740083054,0.6403505002951475,1.0494716348827924,-0.5139555811432293,0.2555201516127593,0.2818113115915139,2.7440828127686796,False,insufficient_egarch_obs
larger+VIX GM paper,Gross before costs,66,garch11_residual_fallback_insufficient_egarch_obs,60,ok,60,-0.04721368346655275,0.5620934399331936,0.21037866313316309,0.2974469213122003,-0.7523245861082453,0.29511147649610414,0.36143453190556496,0.7851950569887749,False,insufficient_egarch_obs
larger+VIX GM paper,Gross before costs,67,garch11_residual_fallback_insufficient_egarch_obs,60,ok,60,0.45944443851174954,0.4072236762693862,1.1348663535524066,2.3710845440769606,-0.5145018355868952,0.11280306539346553,0.18080763728744356,6.621217124281819,False,insufficient_egarch_obs
larger+VIX GM paper,Gross before costs,68,garch11_residual_fallback_insufficient_egarch_obs,60,ok,60,0.7698779319314997,0.8056490209538688,1.144470544870041,1.9579823255145459,-0.7144488899719774,0.40949058839736574,0.4423827448078448,17.366670763363746,False,insufficient_egarch_obs
larger+VIX GM paper,Gross before costs,69,garch11_residual_fallback_insufficient_egarch_obs,60,ok,60,0.44533352871194887,0.4048132118246424,1.122595449275303,2.0627475983896257,-0.5541361158328062,0.12719235930570041,0.22828547640601204,6.307254969155944,False,insufficient_egarch_obs
larger+VIX GM paper,Gross before costs,70,garch11_residual_fallback_insufficient_egarch_obs,60,ok,60,0.4186239940250134,0.5966374861317519,0.8859132898384067,1.5583193376443694,-0.6957895857167444,0.26357129191430706,0.29126023180956856,5.745614784058044,False,insufficient_egarch_obs
larger+VIX GM paper,Gross before costs,71,garch11_residual_fallback_insufficient_egarch_obs,60,ok,60,0.6450090944804519,0.4144889051780921,1.418832397735349,3.1781214300954175,-0.22070534882142712,0.0973401701346706,0.1751969546789615,12.045962768117642,False,insufficient_egarch_obs
larger+VIX GM paper,Gross before costs,72,garch11_residual_fallback_insufficient_egarch_obs,60,ok,60,0.4788572596574878,0.5377892528690684,1.0121309783967374,1.6434410720114583,-0.4231470582073863,0.23545122039149716,0.2886592229979255,7.0734500011419055,False,insufficient_egarch_obs
larger+VIX GM paper,Gross before costs,73,garch11_residual_fallback_insufficient_egarch_obs,60,ok,60,0.4276843071531402,0.44780530191149,1.0240543443747248,1.8553381099235635,-0.4480914384769703,0.19389751296466642,0.2326408675626536,5.931450757813353,False,insufficient_egarch_obs
larger+VIX GM paper,Gross before costs,74,garch11_residual_fallback_insufficient_egarch_obs,60,ok,60,-0.6755736075745995,0.8629861122239794,-0.7570357874001415,-0.9158028238390374,-0.9969611410557441,0.4790781018922757,0.5529133986956684,0.0035940232844414396,False,insufficient_egarch_obs
larger+VIX GM paper,Gross before costs,75,garch11_residual_fallback_insufficient_egarch_obs,60,ok,60,0.010774386843158013,0.6147429692521493,0.331753260713669,0.4911200956915894,-0.6984805133083004,0.29201033430065715,0.3238193978702197,1.0550453835677132,False,insufficient_egarch_obs
larger+VIX GM paper,Gross before costs,76,garch11_residual_fallback_insufficient_egarch_obs,60,ok,60,0.32520165824311165,0.6302832528120609,0.7612342189128453,1.319681618263143,-0.6344441899594018,0.25379468893919244,0.34652769987061155,4.087049081930882,False,insufficient_egarch_obs
larger+VIX GM paper,Gross before costs,77,garch11_residual_fallback_insufficient_egarch_obs,60,ok,60,-0.19245994146382905,0.6638194401625834,0.03108532562289756,0.043039177266847424,-0.7953906198575538,0.35739473745127537,0.38619043317926277,0.3434158810415456,False,insufficient_egarch_obs
larger+VIX GM paper,Gross before costs,78,garch11_residual_fallback_insufficient_egarch_obs,60,ok,60,0.13703648540525393,0.5581545560352035,0.5179898727668021,0.7971992482801042,-0.43622462613153523,0.2633655059136085,0.34187824424980023,1.9005180695723554,False,insufficient_egarch_obs
larger+VIX GM paper,Gross before costs,79,garch11_residual_fallback_insufficient_egarch_obs,60,ok,60,0.6392304267899136,0.7672106677038619,1.0812728971306644,1.702300135183889,-0.7668709975719562,0.3821927930685436,0.48079262739420575,11.835865830112716,False,insufficient_egarch_obs
larger+VIX GM paper,Gross before costs,80,garch11_residual_fallback_insufficient_egarch_obs,60,ok,60,-0.018893699499673344,0.7169269529006086,0.3503514202395659,0.5239361960424567,-0.8889127386384021,0.32985755951177764,0.43092232680775355,0.9090344108520335,False,insufficient_egarch_obs
larger+VIX GM paper,Gross before costs,81,garch11_residual_fallback_insufficient_egarch_obs,60,ok,60,-0.15496975971589477,0.627571471511511,0.04910296813566471,0.0717059997467966,-0.8805118673834008,0.26672337140758606,0.3476296867569464,0.43088487982318024,False,insufficient_egarch_obs
larger+VIX GM paper,Gross before costs,82,garch11_residual_fallback_insufficient_egarch_obs,60,ok,60,0.8028444388167797,0.44882742977167867,1.564013077294182,3.0284522896355943,-0.4569280174802185,0.19899550201072688,0.24912973802047375,19.04545150818696,False,insufficient_egarch_obs
larger+VIX GM paper,Gross before costs,83,garch11_residual_fallback_insufficient_egarch_obs,60,ok,60,0.5392302913505063,0.43965351439284067,1.2137248750178822,2.217993975970794,-0.43027529239295903,0.14880193773285444,0.24895503535951646,8.640084849706273,False,insufficient_egarch_obs
larger+VIX GM paper,Gross before costs,84,garch11_residual_fallback_insufficient_egarch_obs,60,ok,60,0.6040043859642037,0.41617804076890247,1.360755199878723,2.4859486700317297,-0.3761526865595569,0.19757575622201604,0.22101967957342028,10.617634163109118,False,insufficient_egarch_obs
larger+VIX GM paper,Gross before costs,85,garch11_residual_fallback_insufficient_egarch_obs,60,ok,60,0.4915915955693162,0.4377663207911412,1.1409959866385078,2.0774185360909203,-0.5321600940173383,0.18748465397816083,0.23974513467930056,7.383285092083726,False,insufficient_egarch_obs
larger+VIX GM paper,Gross before costs,86,garch11_residual_fallback_insufficient_egarch_obs,60,ok,60,0.005603700069344297,0.621527574217184,0.3337452689098263,0.4854902810580025,-0.8193960845435231,0.3450965393587599,0.364760409070714,1.0283342794705015,False,insufficient_egarch_obs
larger+VIX GM paper,Gross before costs,87,garch11_residual_fallback_insufficient_egarch_obs,60,ok,60,0.00033051182606924634,0.7323561208974786,0.37918233027467957,0.5750437573002429,-0.7410134249336922,0.37287566860248933,0.4106382252569709,1.0016536518721229,False,insufficient_egarch_obs
larger+VIX GM paper,Gross before costs,88,garch11_residual_fallback_insufficient_egarch_obs,60,ok,60,0.11080189209020541,0.5330126620366954,0.461579699782359,0.7460985338509413,-0.6203764350348204,0.2208707779254756,0.3082807141147499,1.691153599016543,False,insufficient_egarch_obs
larger+VIX GM paper,Gross before costs,89,garch11_residual_fallback_insufficient_egarch_obs,60,ok,60,0.37529893534845304,0.4376603059209881,0.9513989312732445,1.6843208198961825,-0.38012130902119856,0.15581236400092355,0.24232963358529958,4.920231464735026,False,insufficient_egarch_obs
larger+VIX GM paper,Gross before costs,90,garch11_residual_fallback_insufficient_egarch_obs,60,ok,60,0.18754720168270156,0.5964540089382173,0.5933295022606746,0.9222443624770011,-0.5513535589424803,0.2918779771755675,0.3200999775541577,2.361861370813737,False,insufficient_egarch_obs
larger+VIX GM paper,Gross before costs,91,garch11_residual_fallback_insufficient_egarch_obs,60,ok,60,0.8511250883705703,0.5302449470152643,1.4523232898446674,2.8319846982688084,-0.5201897157597606,0.15679070953066074,0.2731911913527112,21.735960406778016,False,insufficient_egarch_obs
larger+VIX GM paper,Gross before costs,92,garch11_residual_fallback_insufficient_egarch_obs,60,ok,60,0.12687492099236786,0.57143961029809,0.49834885960975733,0.7809574693120639,-0.7728494518446827,0.274816592056318,0.34194295052888135,1.8170989109097633,False,insufficient_egarch_obs
larger+VIX GM paper,Gross before costs,93,garch11_residual_fallback_insufficient_egarch_obs,60,ok,60,-0.08592480192695318,0.5223517747789477,0.09524204680541533,0.1350059428089118,-0.7612577243674715,0.27172692403111454,0.29829694862012657,0.6381306815816417,False,insufficient_egarch_obs
larger+VIX GM paper,Gross before costs,94,garch11_residual_fallback_insufficient_egarch_obs,60,ok,60,0.16006517766280992,0.5113231403898236,0.5593075260043285,0.8381275883972165,-0.5807617112270237,0.23435347793689318,0.3315887594979671,2.1009317901209643,False,insufficient_egarch_obs
larger+VIX GM paper,Gross before costs,95,garch11_residual_fallback_insufficient_egarch_obs,60,ok,60,0.2658891896748814,0.47024983463935094,0.7438565477336828,1.1808515768467365,-0.5957598851650623,0.21214845998311457,0.29160654307237815,3.2507117096152283,False,insufficient_egarch_obs
larger+VIX GM paper,Gross before costs,96,garch11_residual_fallback_insufficient_egarch_obs,60,ok,60,0.71010497837215,0.5946186931516624,1.2293421368664799,2.047856710488658,-0.6810273775382703,0.32951354563870033,0.3518673388939902,14.625605550975656,False,insufficient_egarch_obs
larger+VIX GM paper,Gross before costs,97,garch11_residual_fallback_insufficient_egarch_obs,60,ok,60,0.21692630888076936,0.4937287611711468,0.642198327297582,1.0834083229267164,-0.7098814090591721,0.2138868149240246,0.272188429067835,2.668833014352471,False,insufficient_egarch_obs
larger+VIX GM paper,Gross before costs,98,garch11_residual_fallback_insufficient_egarch_obs,60,ok,60,-0.06172451938032242,0.6953915748520836,0.2608750450257396,0.3941041697995916,-0.7468770768315744,0.32534978519003616,0.36509427019831686,0.7271965948560875,False,insufficient_egarch_obs
larger+VIX GM paper,Gross before costs,99,garch11_residual_fallback_insufficient_egarch_obs,60,ok,60,-0.038178558030278475,0.6674618730712406,0.2761665160362706,0.42731517350744114,-0.7718091395911049,0.3150716354435988,0.36198334312908104,0.8231372831518262,False,insufficient_egarch_obs
larger+VIX GM paper,Gross before costs,100,garch11_residual_fallback_insufficient_egarch_obs,60,ok,60,0.18084054302878605,0.48213521227056183,0.5904983944490121,0.9318710027963822,-0.47244335851768426,0.2098223852875196,0.29504460135110894,2.2959175039522646,False,insufficient_egarch_obs
larger+VIX GM paper,Gross before costs,101,garch11_residual_fallback_insufficient_egarch_obs,60,ok,60,-0.3052498878688783,0.7649674285459352,-0.06681217102980794,-0.09352749157674874,-0.9092921133486873,0.35092084901925213,0.4579001672233694,0.1618613386048757,False,insufficient_egarch_obs
larger+VIX GM paper,Gross before costs,102,garch11_residual_fallback_insufficient_egarch_obs,60,ok,60,0.6792155923915422,0.4930499075991943,1.3081229574476756,2.6641987083059995,-0.3222296464851603,0.18263895141834774,0.23278035010883605,13.35156859159436,False,insufficient_egarch_obs
larger+VIX GM paper,Gross before costs,103,garch11_residual_fallback_insufficient_egarch_obs,60,ok,60,0.974214757580826,0.39524457991697465,1.9577211914037282,4.458810288057322,-0.23393296459037982,0.10612157387264831,0.1647341152524567,29.989689551468008,False,insufficient_egarch_obs
larger+VIX GM paper,Gross before costs,104,garch11_residual_fallback_insufficient_egarch_obs,60,ok,60,-0.1395991048232058,0.4911687937637294,-0.05061368567505806,-0.06863802210934065,-0.7123805423019758,0.2652209502475064,0.3051550210584419,0.47152450499145293,False,insufficient_egarch_obs
larger+VIX GM paper,Gross before costs,105,garch11_residual_fallback_insufficient_egarch_obs,60,ok,60,0.5164620829893973,0.8084569555184274,0.9452327954732704,1.5672461461645644,-0.6737833661032958,0.38348329949213306,0.4356017468857072,8.01969366125448,False,insufficient_egarch_obs
larger+VIX GM paper,Gross before costs,106,garch11_residual_fallback_insufficient_egarch_obs,60,ok,60,-0.14158046768455324,0.5943156824396597,0.04234995573616924,0.06191596580975563,-0.8773074855260202,0.283056278957513,0.3013106170348401,0.46612023273198044,False,insufficient_egarch_obs
larger+VIX GM paper,Gross before costs,107,garch11_residual_fallback_insufficient_egarch_obs,60,ok,60,0.5267737761355882,0.5049647010934568,1.108952303378896,1.8361626200883199,-0.30871963146401993,0.2331483388110803,0.29523222033926383,8.296090088921996,False,insufficient_egarch_obs
larger+VIX GM paper,Gross before costs,108,garch11_residual_fallback_insufficient_egarch_obs,60,ok,60,0.13562529508991705,0.5550502610496361,0.509815460271461,0.7883910787794193,-0.5007048352720598,0.2732280645385528,0.28681039325195795,1.888753523422315,False,insufficient_egarch_obs
larger+VIX GM paper,Gross before costs,109,garch11_residual_fallback_insufficient_egarch_obs,60,ok,60,0.20921596813683108,0.39084893224484024,0.6799114961402257,1.1410582585058637,-0.4693317879106289,0.17564491085961792,0.22280519820447323,2.585350133294304,False,insufficient_egarch_obs
larger+VIX GM paper,Gross before costs,110,garch11_residual_fallback_insufficient_egarch_obs,60,ok,60,0.32010242890164586,0.562103202733812,0.7816326960556085,1.274530131265284,-0.44852941968016524,0.27204465098064606,0.2989350728902414,4.0090193336180056,False,insufficient_egarch_obs
larger+VIX GM paper,Gross before costs,111,garch11_residual_fallback_insufficient_egarch_obs,60,ok,60,0.20522158821769443,0.5800168763379975,0.6165831555736676,0.9760826469986325,-0.7113298145694348,0.26860180162547603,0.3052997609257215,2.5429306200981947,False,insufficient_egarch_obs
larger+VIX GM paper,Gross before costs,112,garch11_residual_fallback_insufficient_egarch_obs,60,ok,60,0.2644131848625544,0.5034249111268542,0.7268591170931188,1.1374258423171275,-0.3859310243587525,0.27408996827763177,0.2999153191667851,3.231804485030152,False,insufficient_egarch_obs
larger+VIX GM paper,Gross before costs,113,garch11_residual_fallback_insufficient_egarch_obs,60,ok,60,0.030611789954072988,0.6083361217433848,0.3664090530099903,0.5382190636078626,-0.7077018789025902,0.3004779590721974,0.3624210423085655,1.1627210415804534,False,insufficient_egarch_obs
larger+VIX GM paper,Gross before costs,114,garch11_residual_fallback_insufficient_egarch_obs,60,ok,60,0.043552889465166,0.5810119488983266,0.3534205009466596,0.5931771363695082,-0.5919145689302769,0.25008098668065126,0.29181826159241736,1.2375772709227844,False,insufficient_egarch_obs
larger+VIX GM paper,Gross before costs,115,garch11_residual_fallback_insufficient_egarch_obs,60,ok,60,0.4129401445385319,0.6174526885732574,0.8739944832522085,1.4797808257280975,-0.7705899235913478,0.2653296264749174,0.29720492150881156,5.631431717096138,False,insufficient_egarch_obs
larger+VIX GM paper,Gross before costs,116,garch11_residual_fallback_insufficient_egarch_obs,60,ok,60,0.5013366833967778,0.3649005881695121,1.3084191190952073,2.582167958730057,-0.3321399174635823,0.09717130432601286,0.19204566934784897,7.627645154125719,False,insufficient_egarch_obs
larger+VIX GM paper,Gross before costs,117,garch11_residual_fallback_insufficient_egarch_obs,60,ok,60,0.5086329081802656,0.530693248260391,1.049893926252118,1.8495043796965496,-0.6675954994339757,0.23662986498609434,0.2931363457011553,7.8148002959432015,False,insufficient_egarch_obs
larger+VIX GM paper,Gross before costs,118,garch11_residual_fallback_insufficient_egarch_obs,60,ok,60,0.2786626910951382,0.4453795883546707,0.7741158867684942,1.3482484179564187,-0.5958174363081442,0.19815963951329335,0.23700490473499983,3.418062246715171,False,insufficient_egarch_obs
larger+VIX GM paper,Gross before costs,119,garch11_residual_fallback_insufficient_egarch_obs,60,ok,60,0.18191201025488124,0.46534484918922725,0.5935460243351361,0.959283446598299,-0.4209566816667699,0.21736994000800525,0.2692498907607901,2.3063527346895225,False,insufficient_egarch_obs
larger+VIX GM paper,Gross before costs,120,garch11_residual_fallback_insufficient_egarch_obs,60,ok,60,-0.38297539161847005,0.583314372968063,-0.5039111882351158,-0.6261369894157848,-0.9425370322810129,0.3068464429819611,0.3343659922556615,0.0894360119448529,False,insufficient_egarch_obs
larger+VIX GM paper,Gross before costs,121,garch11_residual_fallback_insufficient_egarch_obs,60,ok,60,0.18351513500318362,0.5169735988913364,0.6012833682721626,0.8744868642855463,-0.6832448073013349,0.23906954051047308,0.34026507369120623,2.3220367062031797,False,insufficient_egarch_obs
larger+VIX GM paper,Gross before costs,122,garch11_residual_fallback_insufficient_egarch_obs,60,ok,60,-0.2270686396603332,0.5181962310513033,-0.21677638361381463,-0.2812401852495413,-0.8545963633583591,0.2892143236982157,0.34335663471758293,0.27587010614214613,False,insufficient_egarch_obs
larger+VIX GM paper,Gross before costs,123,garch11_residual_fallback_insufficient_egarch_obs,60,ok,60,0.0477909027334551,0.4876033211396935,0.3424663288465949,0.5077317336310893,-0.8172805455144585,0.24298243714563533,0.2698168117377742,1.262912079478588,False,insufficient_egarch_obs
larger+VIX GM paper,Gross before costs,124,garch11_residual_fallback_insufficient_egarch_obs,60,ok,60,0.2993706341882767,0.39969860600342333,0.8489542027665751,1.7201835876880796,-0.3152949733968008,0.10580815635326359,0.1918835815617018,3.7039510396597697,False,insufficient_egarch_obs
larger+VIX GM paper,Gross before costs,125,garch11_residual_fallback_insufficient_egarch_obs,60,ok,60,0.1861827396919815,0.4811245288861318,0.595835669360449,0.9588309524387235,-0.4173479726256629,0.22756482755744817,0.24958723753892031,2.3483239171749517,False,insufficient_egarch_obs
larger+VIX GM paper,Gross before costs,126,garch11_residual_fallback_insufficient_egarch_obs,60,ok,60,0.37138511826913856,0.6548586153612982,0.8054101156253138,1.4489889835425998,-0.6725167466410753,0.28782441489170074,0.3299212227708645,4.850618980277138,False,insufficient_egarch_obs
larger+VIX GM paper,Gross before costs,127,garch11_residual_fallback_insufficient_egarch_obs,60,ok,60,0.3410277628079732,0.6627831018893797,0.7780191300533436,1.3069620603857197,-0.5427699355147847,0.29474435566285145,0.3297793981965407,4.3369942356528,False,insufficient_egarch_obs
larger+VIX GM paper,Gross before costs,128,garch11_residual_fallback_insufficient_egarch_obs,60,ok,60,0.17896837389442188,0.5870529559376355,0.5699395596182248,0.9710353237677171,-0.5762545713470315,0.3094522355142538,0.31678047762694506,2.277774758776572,False,insufficient_egarch_obs
larger+VIX GM paper,Gross before costs,129,garch11_residual_fallback_insufficient_egarch_obs,60,ok,60,0.14819642823021928,0.43737546959962376,0.5362753063527952,0.8358953238844609,-0.5089085672857402,0.207860801091139,0.2461312303745733,1.9956342905879998,False,insufficient_egarch_obs
larger+VIX GM paper,Gross before costs,130,garch11_residual_fallback_insufficient_egarch_obs,60,ok,60,0.2622026328227691,0.5537234022132217,0.6987008573042357,1.1612206390732427,-0.643498867820932,0.2721765215528107,0.3063248570776391,3.2036525486361755,False,insufficient_egarch_obs
larger+VIX GM paper,Gross before costs,131,garch11_residual_fallback_insufficient_egarch_obs,60,ok,60,0.3174348618692797,0.4976207511512403,0.8109065274443914,1.3408884461547514,-0.5274008088190404,0.2536381753906721,0.3041140340192916,3.9686770306964685,False,insufficient_egarch_obs
larger+VIX GM paper,Gross before costs,132,garch11_residual_fallback_insufficient_egarch_obs,60,ok,60,0.23268888191593873,0.39041278394373047,0.7340071825402051,1.215330501847101,-0.4100027726948432,0.12039708308586376,0.22965368329896543,2.8462129785151107,False,insufficient_egarch_obs
larger+VIX GM paper,Gross before costs,133,garch11_residual_fallback_insufficient_egarch_obs,60,ok,60,0.03542570422815139,0.6606339249027209,0.3914143165749309,0.5904374136728169,-0.6585543685598849,0.32146542485350277,0.3570975151695494,1.1901308427036852,False,insufficient_egarch_obs
larger+VIX GM paper,Gross before costs,134,garch11_residual_fallback_insufficient_egarch_obs,60,ok,60,0.054063040212505964,0.6179416285354044,0.3940898760355856,0.6140010896752148,-0.6713321774931843,0.28749502062793675,0.31450354584102486,1.3011666614416706,False,insufficient_egarch_obs
larger+VIX GM paper,Gross before costs,135,garch11_residual_fallback_insufficient_egarch_obs,60,ok,60,-0.17611471528425426,0.6938831740499477,0.0851085651362414,0.11981475433539314,-0.9482720459438709,0.3488506556028872,0.40037840012134546,0.3796065787280211,False,insufficient_egarch_obs
larger+VIX GM paper,Gross before costs,136,garch11_residual_fallback_insufficient_egarch_obs,60,ok,60,0.18742425998140377,0.5428865175301814,0.6025841472757002,0.9127447536166096,-0.8226664555248274,0.28978954098801163,0.34411023534313406,2.3606390567062525,False,insufficient_egarch_obs
larger+VIX GM paper,Gross before costs,137,garch11_residual_fallback_insufficient_egarch_obs,60,ok,60,0.4220801316346501,0.5315964792671645,0.9222468082714852,1.7822379276258584,-0.5599327278856023,0.2046035660741965,0.2395645200550075,5.815945711023571,False,insufficient_egarch_obs
larger+VIX GM paper,Gross before costs,138,garch11_residual_fallback_insufficient_egarch_obs,60,ok,60,0.2546400837083935,0.3720676419006616,0.8013628435016654,1.3240057997876389,-0.442778454724693,0.12245730194143274,0.23155608242015158,3.108821538383121,False,insufficient_egarch_obs
larger+VIX GM paper,Gross before costs,139,garch11_residual_fallback_insufficient_egarch_obs,60,ok,60,-0.26060894357566167,0.9153122040335334,0.1488154599266533,0.21865226096070653,-0.9705466741327864,0.41714107992820226,0.4343619045070339,0.22098915714378964,False,insufficient_egarch_obs
larger+VIX GM paper,Gross before costs,140,garch11_residual_fallback_insufficient_egarch_obs,60,ok,60,-0.02211007844811863,0.5382165124672997,0.2265777008245128,0.34079792359028893,-0.8247355736308511,0.270412165488827,0.29585864998994554,0.8942312667144018,False,insufficient_egarch_obs
larger+VIX GM paper,Gross before costs,141,garch11_residual_fallback_insufficient_egarch_obs,60,ok,60,0.33362593551783615,0.6812307909774614,0.7774114665262554,1.2783676202841499,-0.6734491527087609,0.2684246550617744,0.3992316094093988,4.218617636399613,False,insufficient_egarch_obs
larger+VIX GM paper,Gross before costs,142,garch11_residual_fallback_insufficient_egarch_obs,60,ok,60,0.29039207070118644,0.5512147183887068,0.7438707371694409,1.187091186810581,-0.607378601812349,0.2595157215351334,0.2786476751844011,3.577737133187695,False,insufficient_egarch_obs
larger+VIX GM paper,Gross before costs,143,garch11_residual_fallback_insufficient_egarch_obs,60,ok,60,0.7425990686227271,0.5980189427633966,1.2340629915164774,2.5210464880652763,-0.53487408237813,0.15201204822478892,0.31439957800304,16.068945873860514,False,insufficient_egarch_obs
larger+VIX GM paper,Gross before costs,144,garch11_residual_fallback_insufficient_egarch_obs,60,ok,60,0.8839891503961219,0.3711225429929866,1.9256890538896536,4.772668510313976,-0.1842904692204368,0.08348199355446545,0.156327064927855,23.735150352662238,False,insufficient_egarch_obs
larger+VIX GM paper,Gross before costs,145,garch11_residual_fallback_insufficient_egarch_obs,60,ok,60,1.0396363255928067,0.5488661069480879,1.6069915019371632,3.1333572032554757,-0.4267886020300574,0.20014925017673874,0.2982776319268356,35.299104698820294,False,insufficient_egarch_obs
larger+VIX GM paper,Gross before costs,146,garch11_residual_fallback_insufficient_egarch_obs,60,ok,60,0.5746486017589647,0.5219278842184502,1.1427255472104092,2.0555940170860154,-0.7375974827895277,0.27015760891767193,0.2751411242341317,9.680956292463334,False,insufficient_egarch_obs
larger+VIX GM paper,Gross before costs,147,garch11_residual_fallback_insufficient_egarch_obs,60,ok,60,0.6892196091112857,0.37571903170258525,1.6088045049270043,3.1815397764493563,-0.48676459298436636,0.1104524444026773,0.2104977231131827,13.754049125959986,False,insufficient_egarch_obs
larger+VIX GM paper,Gross before costs,148,garch11_residual_fallback_insufficient_egarch_obs,60,ok,60,0.17609149597240092,0.47494382215869746,0.5889479004363488,0.8992281466127415,-0.6563899787507879,0.21324546983190432,0.2934593517184391,2.2501193195872613,False,insufficient_egarch_obs
larger+VIX GM paper,Gross before costs,149,garch11_residual_fallback_insufficient_egarch_obs,60,ok,60,-0.0022433567955271183,0.4690037168570634,0.23814493071136908,0.34196707057216735,-0.6770856722016954,0.21255528849445235,0.3172931055197634,0.9888334297457767,False,insufficient_egarch_obs
larger+VIX GM paper,Gross before costs,150,garch11_residual_fallback_insufficient_egarch_obs,60,ok,60,0.539378206455086,0.4425935518478847,1.2101157985359878,2.1583815675649647,-0.4012369448593792,0.20944185950625918,0.22606868245699452,8.644237070163946,False,insufficient_egarch_obs
larger+VIX GM paper,Gross before costs,151,garch11_residual_fallback_insufficient_egarch_obs,60,ok,60,-0.2247261063118009,0.822023238298061,0.13754503513977484,0.20172371642382209,-0.977765892917869,0.3684763285663792,0.5031000938074416,0.2800759383287603,False,insufficient_egarch_obs
larger+VIX GM paper,Gross before costs,152,garch11_residual_fallback_insufficient_egarch_obs,60,ok,60,0.3166779224103087,0.5448717760569162,0.7811451983772527,1.2886676875874141,-0.6182402888626116,0.2641197206128539,0.28718483047874654,3.957288998053877,False,insufficient_egarch_obs
larger+VIX GM paper,Gross before costs,153,garch11_residual_fallback_insufficient_egarch_obs,60,ok,60,-0.19126197430418856,0.4055696076646335,-0.30722483216229396,-0.3908677116824596,-0.7056840588997471,0.22658149873100356,0.2764850509520503,0.3459706977534629,False,insufficient_egarch_obs
larger+VIX GM paper,Gross before costs,154,garch11_residual_fallback_insufficient_egarch_obs,60,ok,60,0.2853382266771938,0.4819808770404846,0.7683407662770444,1.2434860299702202,-0.3878163737328889,0.20073447623990004,0.2709689424480821,3.5082224183390704,False,insufficient_egarch_obs
larger+VIX GM paper,Gross before costs,155,garch11_residual_fallback_insufficient_egarch_obs,60,ok,60,0.30935543703759594,0.4871805640970431,0.8006141293936625,1.362368933746366,-0.4554146224293869,0.22221934156983011,0.2672293711090046,3.8484671133808157,False,insufficient_egarch_obs
larger+VIX GM paper,Gross before costs,156,garch11_residual_fallback_insufficient_egarch_obs,60,ok,60,0.4985313735476744,0.42281969366378797,1.1846758521105607,2.105490344905074,-0.40169982023509054,0.10147088804908094,0.2594376197066756,7.556648115837191,False,insufficient_egarch_obs
larger+VIX GM paper,Gross before costs,157,garch11_residual_fallback_insufficient_egarch_obs,60,ok,60,-0.18467392820864992,0.8010495718335199,0.16435232151524826,0.23775551267704506,-0.9194868401130837,0.3679139618006763,0.41497863503107646,0.360293685037594,False,insufficient_egarch_obs
larger+VIX GM paper,Gross before costs,158,garch11_residual_fallback_insufficient_egarch_obs,60,ok,60,-0.110143275189995,0.6387016803135436,0.14153912782353475,0.21139090399884325,-0.702162675100269,0.30863924696357875,0.35986027483962224,0.5579566192661918,False,insufficient_egarch_obs
larger+VIX GM paper,Gross before costs,159,garch11_residual_fallback_insufficient_egarch_obs,60,ok,60,-0.18703829264567473,0.5618167641425359,-0.07887670902420457,-0.11003754139767956,-0.7316448284870916,0.28893451060148806,0.3325834222013966,0.3550998168356473,False,insufficient_egarch_obs
larger+VIX GM paper,Gross before costs,160,garch11_residual_fallback_insufficient_egarch_obs,60,ok,60,0.6226734039982629,0.33672349557396986,1.6224309267171613,3.9825345592261825,-0.39792230016303043,0.0752538983015369,0.14598897978230096,11.250079466373657,False,insufficient_egarch_obs
larger+VIX GM paper,Gross before costs,161,garch11_residual_fallback_insufficient_egarch_obs,60,ok,60,0.5510403995273052,0.5138875136555255,1.138739196960637,1.8550556421286417,-0.729126669334595,0.20149554795751676,0.33453602242876807,8.976675985819579,False,insufficient_egarch_obs
larger+VIX GM paper,Gross before costs,162,garch11_residual_fallback_insufficient_egarch_obs,60,ok,60,0.16243570638253924,0.6038812453284433,0.5542637092615782,0.8829369706325375,-0.7365752508127865,0.2995252249236329,0.31835101980063835,2.1224853842144444,False,insufficient_egarch_obs
larger+VIX GM paper,Gross before costs,163,garch11_residual_fallback_insufficient_egarch_obs,60,ok,60,0.527213795949707,0.4423405009120588,1.1956154134398673,2.092240744182446,-0.3117027925856515,0.18801256241141676,0.2599007795855666,8.308051745637743,False,insufficient_egarch_obs
larger+VIX GM paper,Gross before costs,164,garch11_residual_fallback_insufficient_egarch_obs,60,ok,60,0.14828831558583921,0.46760651902950334,0.5337517968105118,0.8295236509713185,-0.5384040424495445,0.19518841029219347,0.28859285581814026,1.9964329470959898,False,insufficient_egarch_obs
larger+VIX GM paper,Gross before costs,165,garch11_residual_fallback_insufficient_egarch_obs,60,ok,60,0.6879041522864382,0.3684282128464397,1.6328477583062262,3.1217987628582184,-0.3129369790896338,0.17471811204451348,0.1991178527169939,13.700578575133754,False,insufficient_egarch_obs
larger+VIX GM paper,Gross before costs,166,garch11_residual_fallback_insufficient_egarch_obs,60,ok,60,1.4153265010394307,0.46448833975767595,2.189698325088221,5.030387151241617,-0.2857074701091047,0.1581634627510976,0.22966649019438745,82.2014034419997,False,insufficient_egarch_obs
larger+VIX GM paper,Gross before costs,167,garch11_residual_fallback_insufficient_egarch_obs,60,ok,60,0.15745012370938327,0.4489453085239948,0.5451045931108729,0.9313892533848633,-0.42825352884559476,0.20460112982527562,0.245596250386125,2.077358390298632,False,insufficient_egarch_obs
larger+VIX GM paper,Gross before costs,168,garch11_residual_fallback_insufficient_egarch_obs,60,ok,60,0.12891928566638167,0.5895548379843729,0.5132602985607232,0.755860369387231,-0.7416082137578148,0.28278949136830545,0.32833655234320647,1.8336416344072402,False,insufficient_egarch_obs
larger+VIX GM paper,Gross before costs,169,garch11_residual_fallback_insufficient_egarch_obs,60,ok,60,0.7359704085232341,0.39895769944769227,1.5968810052014792,4.095509227207705,-0.22679252573421904,0.09057728970415525,0.14646877614817508,15.765639418659381,False,insufficient_egarch_obs
larger+VIX GM paper,Gross before costs,170,garch11_residual_fallback_insufficient_egarch_obs,60,ok,60,0.056024729437390564,0.7716105856240879,0.46868482412968254,0.7389220315638995,-0.8475137981743146,0.3460512595327979,0.42802180778293125,1.3133196491894046,False,insufficient_egarch_obs
larger+VIX GM paper,Gross before costs,171,garch11_residual_fallback_insufficient_egarch_obs,60,ok,60,0.5476581109586711,0.4774182262772758,1.1578130014104833,2.3020733250583674,-0.4903454562317393,0.18892348313119317,0.23909188316096816,8.879226622089625,False,insufficient_egarch_obs
larger+VIX GM paper,Gross before costs,172,garch11_residual_fallback_insufficient_egarch_obs,60,ok,60,0.07031808510047854,0.48459018737442233,0.3865800906438651,0.5722342174735773,-0.656798330636926,0.24414143544626637,0.27365694271827706,1.404637693946872,False,insufficient_egarch_obs
larger+VIX GM paper,Gross before costs,173,garch11_residual_fallback_insufficient_egarch_obs,60,ok,60,0.5018871065158783,0.41247281180677775,1.2063591982675528,2.141340217309958,-0.4600966136160328,0.17004448841184389,0.2215731796715721,7.641637724506587,False,insufficient_egarch_obs
larger+VIX GM paper,Gross before costs,174,garch11_residual_fallback_insufficient_egarch_obs,60,ok,60,0.8710649666304728,0.5200665376328063,1.4885257718136498,2.9448503164937034,-0.43233316529394383,0.2276208308100898,0.26837606138667386,22.93212688598497,False,insufficient_egarch_obs
larger+VIX GM paper,Gross before costs,175,garch11_residual_fallback_insufficient_egarch_obs,60,ok,60,0.13193565320220935,0.5405419835784103,0.5076383414018683,0.7586145433990069,-0.5691427324806287,0.27629778378063685,0.2972555285393374,1.8582694910982434,False,insufficient_egarch_obs
larger+VIX GM paper,Gross before costs,176,garch11_residual_fallback_insufficient_egarch_obs,60,ok,60,0.6142686892142475,0.4097151172842201,1.4001887342609707,2.3795786193944646,-0.4530527050187345,0.20240961657865933,0.25147703507226743,10.9617303807653,False,insufficient_egarch_obs
larger+VIX GM paper,Gross before costs,177,garch11_residual_fallback_insufficient_egarch_obs,60,ok,60,0.3160230592489417,0.33286708709389556,0.9911193508909054,2.011182165843986,-0.4543656094088737,0.08578687000406847,0.1535517315117643,3.947457792484309,False,insufficient_egarch_obs
larger+VIX GM paper,Gross before costs,178,garch11_residual_fallback_insufficient_egarch_obs,60,ok,60,0.639205585160521,0.47084845899557,1.2955874954859885,2.5897421815721007,-0.2945563755112024,0.20463940880751932,0.23592899273388893,11.83496902733156,False,insufficient_egarch_obs
larger+VIX GM paper,Gross before costs,179,garch11_residual_fallback_insufficient_egarch_obs,60,ok,60,0.34655278700133274,0.5040838713529655,0.8515238263538005,1.3747104042751772,-0.46165811927454603,0.2318378674637259,0.2661425772853117,4.4270753674673475,False,insufficient_egarch_obs
larger+VIX GM paper,Gross before costs,180,garch11_residual_fallback_insufficient_egarch_obs,60,ok,60,0.7784472858748577,0.5431066874194388,1.3485779727831042,2.623704156371655,-0.4436284042668889,0.23147901102295923,0.2849148113223978,17.791189477142574,False,insufficient_egarch_obs
larger+VIX GM paper,Gross before costs,181,garch11_residual_fallback_insufficient_egarch_obs,60,ok,60,-0.07092860002895307,0.6808854309208298,0.24102771104301085,0.3510512656518971,-0.6803566278952992,0.314077648847907,0.3424892531704941,0.6922220927416559,False,insufficient_egarch_obs
larger+VIX GM paper,Gross before costs,182,garch11_residual_fallback_insufficient_egarch_obs,60,ok,60,0.5309534832406149,0.7244507750354826,0.9601815614924778,1.7168355708184018,-0.7979025697058403,0.2956096640988238,0.3927191243786459,8.41027072917977,False,insufficient_egarch_obs
larger+VIX GM paper,Gross before costs,183,garch11_residual_fallback_insufficient_egarch_obs,60,ok,60,0.6553014420454628,0.48711763696834076,1.3085761658690955,2.15680466001123,-0.6411657588314031,0.22751812428129983,0.3145066483792168,12.427548508039326,False,insufficient_egarch_obs
larger+VIX GM paper,Gross before costs,184,garch11_residual_fallback_insufficient_egarch_obs,60,ok,60,-0.018347773051394678,0.7517355033833473,0.3844739065507827,0.5586766819109265,-0.705653885807812,0.417755914015338,0.45621000554358054,0.9115663409726742,False,insufficient_egarch_obs
larger+VIX GM paper,Gross before costs,185,garch11_residual_fallback_insufficient_egarch_obs,60,ok,60,-0.04462380138141975,0.5484759192943465,0.20169893224457322,0.28736789862109474,-0.7720455682802005,0.28561108520472295,0.33152632352211703,0.7959248922394893,False,insufficient_egarch_obs
larger+VIX GM paper,Gross before costs,186,garch11_residual_fallback_insufficient_egarch_obs,60,ok,60,0.5884344640344543,0.5120590117902301,1.1764298156127395,2.1683647498275853,-0.4109144930205999,0.1934119787569691,0.29204807989571074,10.112219932619324,False,insufficient_egarch_obs
larger+VIX GM paper,Gross before costs,187,garch11_residual_fallback_insufficient_egarch_obs,60,ok,60,0.1315087253290712,0.6457321673963191,0.5237008939432648,0.7951070880028868,-0.6054761863961957,0.28499390562045285,0.32839943963786683,1.854767751323561,False,insufficient_egarch_obs
larger+VIX GM paper,Gross before costs,188,garch11_residual_fallback_insufficient_egarch_obs,60,ok,60,0.11493176967600349,0.5043677485294003,0.4702367512498145,0.7273887393233786,-0.5386618082239636,0.2577902559979023,0.29165341671259354,1.7228261444158406,False,insufficient_egarch_obs
larger+VIX GM paper,Gross before costs,189,garch11_residual_fallback_insufficient_egarch_obs,60,ok,60,0.017512356340642077,0.45468554529128485,0.2712210384273309,0.39914328767110074,-0.5816828340123292,0.24191943931865573,0.2917946966985199,1.0906827872215543,False,insufficient_egarch_obs
larger+VIX GM paper,Gross before costs,190,garch11_residual_fallback_insufficient_egarch_obs,60,ok,60,-0.0045546312534109346,0.6619174644871467,0.3238431854394243,0.49765482918013215,-0.7550659219165914,0.29456319995208247,0.33001560734669383,0.9774333476982021,False,insufficient_egarch_obs
larger+VIX GM paper,Gross before costs,191,garch11_residual_fallback_insufficient_egarch_obs,60,ok,60,-0.1629076461420984,0.7093263911755227,0.12400486299795252,0.17518770913733864,-0.9341893100678708,0.3543523884785342,0.38270793564808825,0.4110237101536625,False,insufficient_egarch_obs
larger+VIX GM paper,Gross before costs,192,garch11_residual_fallback_insufficient_egarch_obs,60,ok,60,0.6558881768152329,0.4703455464780259,1.3199338397418268,2.653205732512442,-0.3114446280677037,0.2075398423971319,0.2240819670969866,12.4495893449656,False,insufficient_egarch_obs
larger+VIX GM paper,Gross before costs,193,garch11_residual_fallback_insufficient_egarch_obs,60,ok,60,0.17579542258665293,0.5436836625617129,0.5733808412835454,0.9007907561501007,-0.5813843446647429,0.2679211364642072,0.3043035847204074,2.2472884807080655,False,insufficient_egarch_obs
larger+VIX GM paper,Gross before costs,194,garch11_residual_fallback_insufficient_egarch_obs,60,ok,60,0.870808926992811,0.613420675727694,1.3550597077883226,2.462829392015962,-0.6817454659226552,0.24382299546196012,0.3264206414364157,22.916440827931158,False,insufficient_egarch_obs
larger+VIX GM paper,Gross before costs,195,garch11_residual_fallback_insufficient_egarch_obs,60,ok,60,0.5810911198826016,0.5071692021743675,1.1664594277064952,2.158375648233711,-0.30850397119853346,0.20073809781774976,0.2886452467000687,9.880626834201049,False,insufficient_egarch_obs
larger+VIX GM paper,Gross before costs,196,garch11_residual_fallback_insufficient_egarch_obs,60,ok,60,0.741450136086222,0.5066101533985143,1.356467008928243,3.083910217367603,-0.36931893704491536,0.10396406233806267,0.2194504462651908,16.016042695598177,False,insufficient_egarch_obs
larger+VIX GM paper,Gross before costs,197,garch11_residual_fallback_insufficient_egarch_obs,60,ok,60,0.7979242824546524,0.47044767998299075,1.5008500245447798,3.208445998151877,-0.388325263940707,0.11725661562796996,0.20321419374167368,18.786980725625348,False,insufficient_egarch_obs
larger+VIX GM paper,Gross before costs,198,garch11_residual_fallback_insufficient_egarch_obs,60,ok,60,0.23501541986718544,0.4527369305516726,0.6898571029304726,1.16970461823691,-0.3708259961103567,0.20246347666868558,0.23266836711826308,2.873173817807174,False,insufficient_egarch_obs
larger+VIX GM paper,Gross before costs,199,garch11_residual_fallback_insufficient_egarch_obs,60,ok,60,0.5709364806509722,0.3468086695883226,1.4939110235752036,3.0755115994525077,-0.22586857887120426,0.09540231240351778,0.18296242153473727,9.567382242096487,False,insufficient_egarch_obs
larger+VIX GM paper,Gross before costs,200,garch11_residual_fallback_insufficient_egarch_obs,60,ok,60,0.3806536445461697,0.4452326307287514,0.9517209320195692,1.7256726467006978,-0.45058464103838813,0.12169114693878262,0.2621039016951466,5.016764542603867,False,insufficient_egarch_obs
larger+VIX GM paper,Gross before costs,201,garch11_residual_fallback_insufficient_egarch_obs,60,ok,60,0.5644170900879202,0.4515819454504991,1.2315171758074148,2.282152407298028,-0.4209310242275681,0.18895954749527574,0.2548815302102924,9.37049985418866,False,insufficient_egarch_obs
larger+VIX GM paper,Gross before costs,202,garch11_residual_fallback_insufficient_egarch_obs,60,ok,60,0.22865891926807258,0.49448341274587415,0.6633870931694814,1.0844193424222612,-0.7942739884476627,0.2160202393754818,0.24344045885690968,2.799991342274783,False,insufficient_egarch_obs
larger+VIX GM paper,Gross before costs,203,garch11_residual_fallback_insufficient_egarch_obs,60,ok,60,1.1314063368270704,0.43400677122399667,2.0078233211927707,4.3352833863502935,-0.27262479981597476,0.1096315743845361,0.2218444972874829,43.98770088099086,False,insufficient_egarch_obs
larger+VIX GM paper,Gross before costs,204,garch11_residual_fallback_insufficient_egarch_obs,60,ok,60,0.031799739247724945,0.5153493889854232,0.3178516657597244,0.4881200389370023,-0.6351604512160396,0.24728270462493307,0.2893314694010845,1.1694376421919648,False,insufficient_egarch_obs
larger+VIX GM paper,Gross before costs,205,garch11_residual_fallback_insufficient_egarch_obs,60,ok,60,0.14435181748222847,0.5955330762230424,0.5290780038929761,0.8539017695242128,-0.5680292238069569,0.2589819146347687,0.3730693506977336,1.9624464667563197,False,insufficient_egarch_obs
larger+VIX GM paper,Gross before costs,206,garch11_residual_fallback_insufficient_egarch_obs,60,ok,60,0.32574654553724547,0.5252505827224992,0.8128314271865963,1.2671131759944825,-0.5161509987829267,0.26811336526173046,0.2976617345747555,4.095458417989525,False,insufficient_egarch_obs
larger+VIX GM paper,Gross before costs,207,garch11_residual_fallback_insufficient_egarch_obs,60,ok,60,0.8168669456615338,0.5744154004240508,1.3644987837637235,2.3340164228607705,-0.547113196631831,0.2832685031806573,0.3666815832034172,19.79774012813154,False,insufficient_egarch_obs
larger+VIX GM paper,Gross before costs,208,garch11_residual_fallback_insufficient_egarch_obs,60,ok,60,0.11791823159755377,0.3988845093799633,0.4818929154958285,0.7394148393425564,-0.39209452224742924,0.19907543564548033,0.2548007789882209,1.7460239419164147,False,insufficient_egarch_obs
larger+VIX GM paper,Gross before costs,209,garch11_residual_fallback_insufficient_egarch_obs,60,ok,60,0.3495003832543302,0.4744664573220117,0.8699518354936984,1.546259875741864,-0.5951797519291543,0.22132998126663125,0.2515352002695358,4.475742176022415,False,insufficient_egarch_obs
larger+VIX GM paper,Gross before costs,210,garch11_residual_fallback_insufficient_egarch_obs,60,ok,60,0.8448613364958752,0.49788279570398825,1.500093366816334,3.083449557997734,-0.3531309254554946,0.131663947420799,0.27035463784587127,21.370695009764404,False,insufficient_egarch_obs
larger+VIX GM paper,Gross before costs,211,garch11_residual_fallback_insufficient_egarch_obs,60,ok,60,0.37689312905064676,0.5235354020203424,0.8887717111688263,1.413317983692872,-0.548012934287115,0.25758852060897786,0.3128176554514719,4.948814369045308,False,insufficient_egarch_obs
larger+VIX GM paper,Gross before costs,212,garch11_residual_fallback_insufficient_egarch_obs,60,ok,60,0.434440245566859,0.5866278885177066,0.9172911591841894,1.5728095425606319,-0.6889916221099494,0.2856304532660913,0.32655526001035745,6.0731262272386415,False,insufficient_egarch_obs
larger+VIX GM paper,Gross before costs,213,garch11_residual_fallback_insufficient_egarch_obs,60,ok,60,0.2698893165264531,0.638335717554332,0.6906848396578043,1.1582870822147429,-0.6360687536010534,0.255468017437665,0.29778867799015035,3.3023975059975523,False,insufficient_egarch_obs
larger+VIX GM paper,Gross before costs,214,garch11_residual_fallback_insufficient_egarch_obs,60,ok,60,0.5010617402595021,0.4552947701393214,1.1282787937560161,2.087995530816089,-0.5037261131646802,0.22141354626546403,0.2346856666281374,7.620663373376019,False,insufficient_egarch_obs
larger+VIX GM paper,Gross before costs,215,garch11_residual_fallback_insufficient_egarch_obs,60,ok,60,0.14209560739917992,0.47381177068493285,0.5049923285227484,0.8987139557405434,-0.7213953153147002,0.19558558789397665,0.23212771690042186,1.943176752200678,False,insufficient_egarch_obs
larger+VIX GM paper,Gross before costs,216,garch11_residual_fallback_insufficient_egarch_obs,60,ok,60,-0.29623648146456794,0.6400953658313188,-0.19836715682028377,-0.26563342411067065,-0.9312396850830161,0.35199851189532616,0.4089181184733836,0.17263694867393223,False,insufficient_egarch_obs
larger+VIX GM paper,Gross before costs,217,garch11_residual_fallback_insufficient_egarch_obs,60,ok,60,0.20319319556725546,0.45373637759179736,0.6229723840196897,1.1666829761616302,-0.500269095573681,0.1491070642614254,0.20203348477616387,2.5216037166052243,False,insufficient_egarch_obs
larger+VIX GM paper,Gross before costs,218,garch11_residual_fallback_insufficient_egarch_obs,60,ok,60,0.6535062245997336,0.5430939839763296,1.216811018682145,2.1265856108264276,-0.478707053766561,0.23861080717164893,0.3084793448318091,12.360304524864414,False,insufficient_egarch_obs
larger+VIX GM paper,Gross before costs,219,garch11_residual_fallback_insufficient_egarch_obs,60,ok,60,-0.09472651784847719,0.55051637725878,0.0973885460752895,0.13981624075107876,-0.7811228520403091,0.2528318124087829,0.2836959913994274,0.6079935816617875,False,insufficient_egarch_obs
larger+VIX GM paper,Gross before costs,220,garch11_residual_fallback_insufficient_egarch_obs,60,ok,60,-0.27176369344792894,0.5475772289170658,-0.30216431463214527,-0.4264500249608322,-0.9038415783628491,0.27707753603635277,0.2889307416814964,0.20481494133979078,False,insufficient_egarch_obs
larger+VIX GM paper,Gross before costs,221,garch11_residual_fallback_insufficient_egarch_obs,60,ok,60,0.031212373091869416,0.5375003100624195,0.32771228101107147,0.5100689893121756,-0.7156609717663504,0.25376828619567443,0.33158285113723435,1.1661128376275183,False,insufficient_egarch_obs
larger+VIX GM paper,Gross before costs,222,garch11_residual_fallback_insufficient_egarch_obs,60,ok,60,0.3628669854207274,0.4812263810236299,0.8815992848934201,1.6313652054157781,-0.35679350164874124,0.1997021149839089,0.2449208302170839,4.701834689097846,False,insufficient_egarch_obs
larger+VIX GM paper,Gross before costs,223,garch11_residual_fallback_insufficient_egarch_obs,60,ok,60,-0.13966614207973227,0.7129090881069925,0.167095749089162,0.2316063265449098,-0.8441313258096743,0.3362232161876229,0.3588926375440209,0.47134084186369385,False,insufficient_egarch_obs
larger+VIX GM paper,Gross before costs,224,garch11_residual_fallback_insufficient_egarch_obs,60,ok,60,-0.11978928368852015,0.43788557995079014,-0.07013173779307502,-0.09994139702979841,-0.8056946504512794,0.2323686716200447,0.26807206988278404,0.528364047426679,False,insufficient_egarch_obs
larger+VIX GM paper,Gross before costs,225,garch11_residual_fallback_insufficient_egarch_obs,60,ok,60,0.31933977526471025,0.4028352683427639,0.892373788718619,1.5999429621980337,-0.2544351249890633,0.12383031612025787,0.221672012888632,3.997452191629207,False,insufficient_egarch_obs
larger+VIX GM paper,Gross before costs,226,garch11_residual_fallback_insufficient_egarch_obs,60,ok,60,0.4887946237967449,0.4117462765689413,1.1868870407113694,2.0632866075893914,-0.48510805968912396,0.1846207995889776,0.24073182880703414,7.31432004188107,False,insufficient_egarch_obs
larger+VIX GM paper,Gross before costs,227,garch11_residual_fallback_insufficient_egarch_obs,60,ok,60,-0.13003254520823282,0.680648091239958,0.1562920164635724,0.22521632785977458,-0.8290975087655947,0.331877181963409,0.4064234023405356,0.4983277023144731,False,insufficient_egarch_obs
larger+VIX GM paper,Gross before costs,228,garch11_residual_fallback_insufficient_egarch_obs,60,ok,60,0.3410292411310001,0.44473234241473775,0.8797044052382084,1.6461886299144708,-0.3853190249293279,0.1814780541062596,0.20817065174310126,4.337018140797643,False,insufficient_egarch_obs
larger+VIX GM paper,Gross before costs,229,garch11_residual_fallback_insufficient_egarch_obs,60,ok,60,-0.14187221728798627,0.5693378865228127,0.03546181947628863,0.046922004546947976,-0.8865242041188454,0.28014005725213137,0.3235920200857312,0.4653286734669912,False,insufficient_egarch_obs
larger+VIX GM paper,Gross before costs,230,garch11_residual_fallback_insufficient_egarch_obs,60,ok,60,0.10022262748418709,0.42924597719580665,0.4536524152163227,0.629948195296836,-0.5671729333517179,0.2050439014125895,0.3110216644495436,1.612140404315004,False,insufficient_egarch_obs
larger+VIX GM paper,Gross before costs,231,garch11_residual_fallback_insufficient_egarch_obs,60,ok,60,-0.3455400748213926,0.7080229534568764,-0.21234430290192832,-0.28197057445945806,-0.9199802215146222,0.36911830672543017,0.3932710715436621,0.1200646866643433,False,insufficient_egarch_obs
larger+VIX GM paper,Gross before costs,232,garch11_residual_fallback_insufficient_egarch_obs,60,ok,60,0.6662385822530581,0.7340546924475344,1.0752290415946937,1.9615517132583262,-0.5955447665437069,0.25112001575630677,0.3783080668320636,12.843575184057363,False,insufficient_egarch_obs
larger+VIX GM paper,Gross before costs,233,garch11_residual_fallback_insufficient_egarch_obs,60,ok,60,-0.4864963540640034,0.8101466870908015,-0.3804114530156746,-0.5152214900117243,-0.9672198338046953,0.3674959643728222,0.4619974585611661,0.03570406442074512,False,insufficient_egarch_obs
larger+VIX GM paper,Gross before costs,234,garch11_residual_fallback_insufficient_egarch_obs,60,ok,60,0.48004133877720134,0.4856841206291254,1.0504734286226742,2.1054406376317023,-0.4336202836618219,0.13323467044548015,0.2358423462993385,7.1018129389077895,False,insufficient_egarch_obs
larger+VIX GM paper,Gross before costs,235,garch11_residual_fallback_insufficient_egarch_obs,60,ok,60,0.6842909314521801,0.5354348133876052,1.2542317768428883,2.3162101740690595,-0.4555509203985165,0.21015407181962445,0.26296300713847304,13.554563973388719,False,insufficient_egarch_obs
larger+VIX GM paper,Gross before costs,236,garch11_residual_fallback_insufficient_egarch_obs,60,ok,60,0.057950421734204394,0.4450120512373955,0.3575650753373922,0.5154956712658179,-0.677808100604973,0.2578723084418317,0.2911374686789611,1.3253377861177953,False,insufficient_egarch_obs
larger+VIX GM paper,Gross before costs,237,garch11_residual_fallback_insufficient_egarch_obs,60,ok,60,0.3175116289967912,0.43679385144010185,0.8508185777786383,1.5215660759301617,-0.5499735264104271,0.2031172221591683,0.24157547613433197,3.969833442494052,False,insufficient_egarch_obs
larger+VIX GM paper,Gross before costs,238,garch11_residual_fallback_insufficient_egarch_obs,60,ok,60,0.2060537884729552,0.5746264026260175,0.6210986034731965,0.9937696042278428,-0.5691286150331737,0.27182584851063063,0.3492162601063325,2.551722165330577,False,insufficient_egarch_obs
larger+VIX GM paper,Gross before costs,239,garch11_residual_fallback_insufficient_egarch_obs,60,ok,60,-0.0678206220304357,0.5091159003856534,0.12729771599284884,0.17694860745928748,-0.7743836446671495,0.251490263565688,0.31441818485906964,0.7038781037379224,False,insufficient_egarch_obs
larger+VIX GM paper,Gross before costs,240,garch11_residual_fallback_insufficient_egarch_obs,60,ok,60,0.19901133740544164,0.5319800054815172,0.5979000131441504,1.0723433443893808,-0.5428961855474792,0.2140474981527018,0.27074628120757843,2.478086422709978,False,insufficient_egarch_obs
larger+VIX GM paper,Gross before costs,241,garch11_residual_fallback_insufficient_egarch_obs,60,ok,60,0.3530466648473536,0.43856279399595893,0.9116946799204241,1.5902735064841043,-0.4493660300546878,0.23134441245326864,0.23827582528400562,4.534859911247924,False,insufficient_egarch_obs
larger+VIX GM paper,Gross before costs,242,garch11_residual_fallback_insufficient_egarch_obs,60,ok,60,1.37366607654003,0.5916525371713185,1.7964880634798215,3.8962862785643835,-0.46624698625289607,0.2235403493180377,0.2770939845272295,75.35257803260752,False,insufficient_egarch_obs
larger+VIX GM paper,Gross before costs,243,garch11_residual_fallback_insufficient_egarch_obs,60,ok,60,0.0666468032933698,0.43537765860599137,0.3555871603341469,0.6241112642841319,-0.47703306871163054,0.16413208959635833,0.2298076663626485,1.3807122583489175,False,insufficient_egarch_obs
larger+VIX GM paper,Gross before costs,244,garch11_residual_fallback_insufficient_egarch_obs,60,ok,60,0.6559184985627919,0.42067231664313054,1.414517784593035,3.881593802693255,-0.43715737379639596,0.09140825791368339,0.13763807356103255,12.450729238153391,False,insufficient_egarch_obs
larger+VIX GM paper,Gross before costs,245,garch11_residual_fallback_insufficient_egarch_obs,60,ok,60,0.15195830420126422,0.6813441878613604,0.5450150635044607,0.8977226067449815,-0.6317335959347881,0.31333189010290335,0.35305275762948796,2.0285410432186244,False,insufficient_egarch_obs
larger+VIX GM paper,Gross before costs,246,garch11_residual_fallback_insufficient_egarch_obs,60,ok,60,0.3908784242592731,0.3941494151136118,1.0483258218880167,1.7263930204379618,-0.2554962122415124,0.1703945068698717,0.25720014449196177,5.205301040541418,False,insufficient_egarch_obs
larger+VIX GM paper,Gross before costs,247,garch11_residual_fallback_insufficient_egarch_obs,60,ok,60,0.4064832647984902,0.43071884066457505,1.0108782608586129,1.9001896364709931,-0.36430396113415575,0.1429192868876304,0.21915465607479492,5.503929281713746,False,insufficient_egarch_obs
larger+VIX GM paper,Gross before costs,248,garch11_residual_fallback_insufficient_egarch_obs,60,ok,60,0.2826540977479237,0.4360022178619481,0.7903132489151745,1.3669928433931087,-0.38576209134187867,0.19429186951376184,0.22914683524476556,3.4717445687081927,False,insufficient_egarch_obs
larger+VIX GM paper,Gross before costs,249,garch11_residual_fallback_insufficient_egarch_obs,60,ok,60,0.08107977240126418,0.4651853993997611,0.3965514927011046,0.6343907323733856,-0.5185225356099236,0.22356250805817315,0.24499334728679675,1.4766878707360076,False,insufficient_egarch_obs
larger+VIX GM paper,Gross before costs,250,garch11_residual_fallback_insufficient_egarch_obs,60,ok,60,0.8301226698437616,0.569963139529119,1.376335093964741,2.4504787729457855,-0.38924259185960053,0.2620324863587523,0.3356500978179291,20.530569828536315,False,insufficient_egarch_obs
larger+VIX GM paper,Gross before costs,251,garch11_residual_fallback_insufficient_egarch_obs,60,ok,60,-0.007523879048015325,0.5140530025439279,0.24068124361944337,0.3670718779758203,-0.7109768561000002,0.26172140184559894,0.2771584551834196,0.9629424491435339,False,insufficient_egarch_obs
larger+VIX GM paper,Gross before costs,252,garch11_residual_fallback_insufficient_egarch_obs,60,ok,60,0.7925793386086419,0.4120448657708723,1.650750217673961,3.351854068906332,-0.4129544640566285,0.1056032953568022,0.2089892730406857,18.50938257430683,False,insufficient_egarch_obs
larger+VIX GM paper,Gross before costs,253,garch11_residual_fallback_insufficient_egarch_obs,60,ok,60,0.5300735096179705,0.46343657600625376,1.159922118768528,2.211884814370373,-0.3782407917262913,0.11910924159432142,0.2579220021049336,8.386127887576748,False,insufficient_egarch_obs
larger+VIX GM paper,Gross before costs,254,garch11_residual_fallback_insufficient_egarch_obs,60,ok,60,0.14713142933827372,0.5367482666191149,0.5315185351383573,0.8224335316849662,-0.4941125186853156,0.23119846134887395,0.31660034249719743,1.9863962838439264,False,insufficient_egarch_obs
larger+VIX GM paper,Gross before costs,255,garch11_residual_fallback_insufficient_egarch_obs,60,ok,60,0.14900173031508968,0.4932543954997682,0.5292704277864738,0.8388431574026343,-0.7147050355556985,0.20299988632315535,0.2765459644718657,2.0026424309224478,False,insufficient_egarch_obs
larger+VIX GM paper,Gross before costs,256,garch11_residual_fallback_insufficient_egarch_obs,60,ok,60,0.4890990566918796,0.43154351401012664,1.1423580668687283,2.3102822850211684,-0.42702858908576047,0.1668471424892498,0.21844064073935376,7.3218013641153465,False,insufficient_egarch_obs
larger+VIX GM paper,Gross before costs,257,garch11_residual_fallback_insufficient_egarch_obs,60,ok,60,0.3646529920123225,0.45213509925657247,0.9089472881774019,1.8001843605273804,-0.43408518692024667,0.18881711216528024,0.2156744036304514,4.732723786089837,False,insufficient_egarch_obs
larger+VIX GM paper,Gross before costs,258,garch11_residual_fallback_insufficient_egarch_obs,60,ok,60,0.17427272628476498,0.5053721883706062,0.5674932040530093,0.9385062849522681,-0.4826350564469757,0.22175102762683763,0.2556162486162241,2.232774534638919,False,insufficient_egarch_obs
larger+VIX GM paper,Gross before costs,259,garch11_residual_fallback_insufficient_egarch_obs,60,ok,60,0.3165000948156482,0.5001377874785387,0.8004343688092651,1.4163641482318843,-0.5122453435065316,0.2530221313874554,0.2814815622686129,3.954617406493105,False,insufficient_egarch_obs
larger+VIX GM paper,Gross before costs,260,garch11_residual_fallback_insufficient_egarch_obs,60,ok,60,0.2737405140242972,0.4772562302059614,0.748183998103625,1.250307628029551,-0.4331190908819694,0.22011914031553473,0.25865097885393157,3.352778118342749,False,insufficient_egarch_obs
larger+VIX GM paper,Gross before costs,261,garch11_residual_fallback_insufficient_egarch_obs,60,ok,60,0.5316339166649222,0.5235034184350386,1.0900162995825193,1.9173833838212118,-0.4580645532038522,0.1705470280599214,0.3174787388163413,8.42897710559633,False,insufficient_egarch_obs
larger+VIX GM paper,Gross before costs,262,garch11_residual_fallback_insufficient_egarch_obs,60,ok,60,0.11732052543421023,0.6032134445406321,0.4938017435430712,0.7417397505053094,-0.8413461725619944,0.2780202166608465,0.32186261244292824,1.7413612846388535,False,insufficient_egarch_obs
larger+VIX GM paper,Gross before costs,263,garch11_residual_fallback_insufficient_egarch_obs,60,ok,60,-0.02471057583974301,0.5206757926415813,0.22074891862617937,0.3232910260184999,-0.8768420254773973,0.28058673860544286,0.33931794751309585,0.8824042155304889,False,insufficient_egarch_obs
larger+VIX GM paper,Gross before costs,264,garch11_residual_fallback_insufficient_egarch_obs,60,ok,60,0.4956502451633884,0.575425184539235,0.991061242248124,1.8367447235306642,-0.5201601462497389,0.2680313896256239,0.3114610965863513,7.484283544045929,False,insufficient_egarch_obs
larger+VIX GM paper,Gross before costs,265,garch11_residual_fallback_insufficient_egarch_obs,60,ok,60,0.5577456471868654,0.4746350894231879,1.1884336547702226,2.069032633832012,-0.42043266998226037,0.1804695136517626,0.2757948647418051,9.172394640398005,False,insufficient_egarch_obs
larger+VIX GM paper,Gross before costs,266,garch11_residual_fallback_insufficient_egarch_obs,60,ok,60,0.33578489455773397,0.5920535334226964,0.7888005167405369,1.3100687524481587,-0.5890525847777918,0.2300580549471181,0.30918328658521066,4.252875215186267,False,insufficient_egarch_obs
larger+VIX GM paper,Gross before costs,267,garch11_residual_fallback_insufficient_egarch_obs,60,ok,60,-0.2229563608352778,0.703241010868851,0.030938964717772265,0.04232237167253847,-0.9211888726921551,0.3115996703393837,0.4632478461465808,0.2832872629748215,False,insufficient_egarch_obs
larger+VIX GM paper,Gross before costs,268,garch11_residual_fallback_insufficient_egarch_obs,60,ok,60,-0.17182556768639878,0.6452591549787295,0.04615299401003096,0.06373020611097693,-0.9380804194870456,0.3327395924414981,0.34548822739747403,0.3895911594998895,False,insufficient_egarch_obs
larger+VIX GM paper,Gross before costs,269,garch11_residual_fallback_insufficient_egarch_obs,60,ok,60,0.14013704339837108,0.5059456418643755,0.5163562186061423,0.8091788416028604,-0.7143352157429633,0.21967375422010288,0.27984698960549464,1.9265721648808432,False,insufficient_egarch_obs
larger+VIX GM paper,Gross before costs,270,garch11_residual_fallback_insufficient_egarch_obs,60,ok,60,0.8172912827539711,0.8092944259699768,1.1745810106662453,2.039391388058082,-0.7705943012575082,0.39491954330189805,0.44417374716046704,19.820870166793398,False,insufficient_egarch_obs
larger+VIX GM paper,Gross before costs,271,garch11_residual_fallback_insufficient_egarch_obs,60,ok,60,-0.3131757181217958,0.7591033615501858,-0.04817327785000138,-0.06275637854649783,-0.9739866381628659,0.45505566318815355,0.5197338218686619,0.15283689416256357,False,insufficient_egarch_obs
larger+VIX GM paper,Gross before costs,272,garch11_residual_fallback_insufficient_egarch_obs,60,ok,60,0.38486426620908354,0.5548431570756175,0.8764178012782298,1.4744697160841769,-0.36553091797612847,0.2309744207726724,0.33433637776728337,5.093731471471945,False,insufficient_egarch_obs
larger+VIX GM paper,Gross before costs,273,garch11_residual_fallback_insufficient_egarch_obs,60,ok,60,0.0484032069884599,0.44795712951249095,0.34622137480959114,0.4725827941458624,-0.5716177046090775,0.2700289454333639,0.32080230303972157,1.266606474738681,False,insufficient_egarch_obs
larger+VIX GM paper,Gross before costs,274,garch11_residual_fallback_insufficient_egarch_obs,60,ok,60,0.208173983053914,0.5771366624508035,0.6290695613457278,0.9764998143487529,-0.6305127761009424,0.29471573744661667,0.36423044013996203,2.5742302933917918,False,insufficient_egarch_obs
larger+VIX GM paper,Gross before costs,275,garch11_residual_fallback_insufficient_egarch_obs,60,ok,60,0.380311837000582,0.4600486148372668,0.9355481576397533,1.6280747385181258,-0.43900487152969236,0.19394193633280182,0.2528623700619478,5.010557630595178,False,insufficient_egarch_obs
larger+VIX GM paper,Gross before costs,276,garch11_residual_fallback_insufficient_egarch_obs,60,ok,60,-0.19784257043444875,0.7600706663020627,0.08559940262209136,0.13308864444627191,-0.9200344235222142,0.3264992287969987,0.37160551786637247,0.33212231115615437,False,insufficient_egarch_obs
larger+VIX GM paper,Gross before costs,277,garch11_residual_fallback_insufficient_egarch_obs,60,ok,60,0.7418036403845425,0.4379799508798106,1.5028431671179914,3.2946858940075896,-0.30457718403194034,0.13940851602594997,0.18748295935106518,16.032305116454033,False,insufficient_egarch_obs
larger+VIX GM paper,Gross before costs,278,garch11_residual_fallback_insufficient_egarch_obs,60,ok,60,-0.17819705266942354,0.5022488533515159,-0.13137208180675453,-0.17781470242516412,-0.8457153817817523,0.24372709179051974,0.270942723491632,0.3748335641254841,False,insufficient_egarch_obs
larger+VIX GM paper,Gross before costs,279,garch11_residual_fallback_insufficient_egarch_obs,60,ok,60,-0.3758001820244309,0.5169529306457687,-0.6125639990691126,-0.7184400457113416,-0.9195466707120645,0.2940218886967162,0.3374011113629316,0.09475850241553437,False,insufficient_egarch_obs
larger+VIX GM paper,Gross before costs,280,garch11_residual_fallback_insufficient_egarch_obs,60,ok,60,0.06748233418697525,0.5322153779625683,0.39508710142526576,0.5923449425797644,-0.6358138441203743,0.25858776555514024,0.3088759388988405,1.3861284677735934,False,insufficient_egarch_obs
larger+VIX GM paper,Gross before costs,281,garch11_residual_fallback_insufficient_egarch_obs,60,ok,60,-0.08775421305249931,0.8086284433977747,0.299012666030865,0.4556381885773686,-0.6696421195481069,0.3438836714176431,0.4059255361524204,0.6317704834277416,False,insufficient_egarch_obs
larger+VIX GM paper,Gross before costs,282,garch11_residual_fallback_insufficient_egarch_obs,60,ok,60,-0.06395775814317273,0.6280556431054665,0.22557429583128139,0.3255853736945592,-0.8679967731599489,0.3595871291521148,0.406017576838821,0.7185834994324504,False,insufficient_egarch_obs
larger+VIX GM paper,Gross before costs,283,garch11_residual_fallback_insufficient_egarch_obs,60,ok,60,0.1963837629755456,0.3616646856518008,0.6768536830394757,1.1159228069717264,-0.5171707203055131,0.169728701001806,0.2029484794258126,2.4510521480791456,False,insufficient_egarch_obs
larger+VIX GM paper,Gross before costs,284,garch11_residual_fallback_insufficient_egarch_obs,60,ok,60,0.7070806641130534,0.39457569378666724,1.5731204843997095,3.2663641095798313,-0.32331939520893527,0.1470687056254299,0.18685000562283402,14.496735526490355,False,insufficient_egarch_obs
larger+VIX GM paper,Gross before costs,285,garch11_residual_fallback_insufficient_egarch_obs,60,ok,60,0.4036481515717476,0.5267522810138761,0.910937169829886,1.5657083417251763,-0.540068672289963,0.2085694810601598,0.24167084915404333,5.448679847506471,False,insufficient_egarch_obs
larger+VIX GM paper,Gross before costs,286,garch11_residual_fallback_insufficient_egarch_obs,60,ok,60,-0.3005994767881559,0.5432047606711288,-0.36832001278910076,-0.4838080886530102,-0.8374181840667955,0.2867027434277687,0.32878710821605267,0.16735155970803622,False,insufficient_egarch_obs
larger+VIX GM paper,Gross before costs,287,garch11_residual_fallback_insufficient_egarch_obs,60,ok,60,-0.05132439026344737,0.5060869487549075,0.1449035588659375,0.21974952370461456,-0.8974815762465821,0.2324952967314924,0.2848481161529184,0.768402334254061,False,insufficient_egarch_obs
larger+VIX GM paper,Gross before costs,288,garch11_residual_fallback_insufficient_egarch_obs,60,ok,60,0.5887870137082496,0.43305152586137496,1.3003457894566894,2.460356907437291,-0.37277515716627674,0.16622439229054414,0.21797990184761543,10.123446844354188,False,insufficient_egarch_obs
larger+VIX GM paper,Gross before costs,289,garch11_residual_fallback_insufficient_egarch_obs,60,ok,60,1.4523553563578635,0.43727944708937516,2.3350737687742886,5.875629263380516,-0.39512368496134187,0.07865395169017678,0.18732637154015683,88.69864947090888,False,insufficient_egarch_obs
larger+VIX GM paper,Gross before costs,290,garch11_residual_fallback_insufficient_egarch_obs,60,ok,60,-0.24058871985662134,0.6514673706732316,-0.07603076041940104,-0.10447495093824277,-0.8699141905118966,0.32386692719739557,0.3755841762308238,0.252572009099941,False,insufficient_egarch_obs
larger+VIX GM paper,Gross before costs,291,garch11_residual_fallback_insufficient_egarch_obs,60,ok,60,0.16922866118854918,0.5295947815837345,0.5608049502790025,0.9009183752302617,-0.5582552277140124,0.2431473479045454,0.30199181598363517,2.1852305487669197,False,insufficient_egarch_obs
larger+VIX GM paper,Gross before costs,292,garch11_residual_fallback_insufficient_egarch_obs,60,ok,60,0.30259022398864555,0.6835074081915292,0.7264078530750339,1.2521757539778566,-0.7089053428936372,0.30113786214851485,0.3406516532506781,3.750067390108032,False,insufficient_egarch_obs
larger+VIX GM paper,Gross before costs,293,garch11_residual_fallback_insufficient_egarch_obs,60,ok,60,0.3030502927589507,0.6906724139259772,0.7551761678156644,1.1606372781022982,-0.7026623189170578,0.31391806093037306,0.40720568508285737,3.756694601104174,False,insufficient_egarch_obs
larger+VIX GM paper,Gross before costs,294,garch11_residual_fallback_insufficient_egarch_obs,60,ok,60,0.12075341519614136,0.511697969623471,0.4778779058537413,0.7455126687644266,-0.7165433034656881,0.2427235708465316,0.2593285599381541,1.768277230408096,False,insufficient_egarch_obs
larger+VIX GM paper,Gross before costs,295,garch11_residual_fallback_insufficient_egarch_obs,60,ok,60,-0.17589129734494313,0.7604538174956139,0.15118293513641845,0.216777992223143,-0.9119259537458998,0.3767716167228103,0.4413663074952438,0.38012155897463007,False,insufficient_egarch_obs
larger+VIX GM paper,Gross before costs,296,garch11_residual_fallback_insufficient_egarch_obs,60,ok,60,0.5926471160853937,0.3539660371613689,1.5085822825033597,3.0323541220996115,-0.3733071905011268,0.14102607174654513,0.18983553228214187,10.247025044785598,False,insufficient_egarch_obs
larger+VIX GM paper,Gross before costs,297,garch11_residual_fallback_insufficient_egarch_obs,60,ok,60,0.8067131360295399,0.2955137608230673,2.193566456946485,5.021964413879325,-0.20875731298489242,0.07686098703927605,0.1365867764944186,19.250677164873842,False,insufficient_egarch_obs
larger+VIX GM paper,Gross before costs,298,garch11_residual_fallback_insufficient_egarch_obs,60,ok,60,0.9733108822711167,0.47744441596608866,1.7042534423248632,3.1669655499595653,-0.3315357080959471,0.21028753726613397,0.2753951314583882,29.92109992644468,False,insufficient_egarch_obs
larger+VIX GM paper,Gross before costs,299,garch11_residual_fallback_insufficient_egarch_obs,60,ok,60,0.2621270864464327,0.5855524820380994,0.6975309746096142,1.146897052861186,-0.7442041135894109,0.2584862308249521,0.3504656453044814,3.2026939253341133,False,insufficient_egarch_obs
larger+VIX GM paper,Gross before costs,300,garch11_residual_fallback_insufficient_egarch_obs,60,ok,60,0.4079767151342404,0.45838368187642514,0.9822120461022564,1.7342326308000808,-0.5918841462072064,0.18108493196435108,0.25138334921323974,5.5332126723897055,False,insufficient_egarch_obs
larger+VIX GM paper,Gross before costs,301,garch11_residual_fallback_insufficient_egarch_obs,60,ok,60,0.2338532801366635,0.4850502621189121,0.6762436341168032,1.1090057989527395,-0.6552950589487103,0.20994921711879197,0.2542005546963509,2.859681065803303,False,insufficient_egarch_obs
larger+VIX GM paper,Gross before costs,302,garch11_residual_fallback_insufficient_egarch_obs,60,ok,60,0.5791221508756281,0.5435620780020849,1.1240020678485316,1.9762153483081395,-0.34608959755528856,0.22343303880799711,0.26655650353614563,9.819257019937858,False,insufficient_egarch_obs
larger+VIX GM paper,Gross before costs,303,garch11_residual_fallback_insufficient_egarch_obs,60,ok,60,-0.10177329476817654,0.6468679612393279,0.1625671033842002,0.2425798623088895,-0.7676116311601795,0.28499103490281286,0.3546992146612471,0.5846955853366944,False,insufficient_egarch_obs
larger+VIX GM paper,Gross before costs,304,garch11_residual_fallback_insufficient_egarch_obs,60,ok,60,0.3563390651079792,0.4744710298758742,0.8919758355659638,1.4495467664391362,-0.4649508339812347,0.21417809394960102,0.27658477895478034,4.590302983544378,False,insufficient_egarch_obs
larger+VIX GM paper,Gross before costs,305,garch11_residual_fallback_insufficient_egarch_obs,60,ok,60,-0.0034619260986855638,0.6818417941528749,0.3443226386490795,0.5249326754595286,-0.7868271155773092,0.29659182654515426,0.39978428975042685,0.9828098046378961,False,insufficient_egarch_obs
larger+VIX GM paper,Gross before costs,306,garch11_residual_fallback_insufficient_egarch_obs,60,ok,60,1.1074905536878412,0.40621864365148186,2.082128825481178,5.097857126339833,-0.24850864179943533,0.10445194760985893,0.17579464413255863,41.57460995185875,False,insufficient_egarch_obs
larger+VIX GM paper,Gross before costs,307,garch11_residual_fallback_insufficient_egarch_obs,60,ok,60,0.07068281714593883,0.5754219301121298,0.4090601006545131,0.6295402200973427,-0.7514942716117019,0.2712048839207875,0.30694413722776376,1.4070326159296573,False,insufficient_egarch_obs
larger+VIX GM paper,Gross before costs,308,garch11_residual_fallback_insufficient_egarch_obs,60,ok,60,0.7080362875418333,0.5271329849346442,1.2878274820083948,2.6218520128733873,-0.520476679398109,0.2094168501666639,0.24338802597100362,14.537357330047833,False,insufficient_egarch_obs
larger+VIX GM paper,Gross before costs,309,garch11_residual_fallback_insufficient_egarch_obs,60,ok,60,-0.15074658840809552,0.6804428266867842,0.1140970640588191,0.16401668065845768,-0.9020974095550979,0.36612845316507353,0.3799494808794656,0.4417601135161066,False,insufficient_egarch_obs
larger+VIX GM paper,Gross before costs,310,garch11_residual_fallback_insufficient_egarch_obs,60,ok,60,0.3407718763841776,0.5122543108379873,0.8360011292793931,1.384603197482067,-0.5352920401884734,0.23351674808666173,0.2902451844885951,4.332858025594517,False,insufficient_egarch_obs
larger+VIX GM paper,Gross before costs,311,garch11_residual_fallback_insufficient_egarch_obs,60,ok,60,0.64957147479992,0.7047648825876742,1.0831262362241634,1.9216521046284845,-0.8074376707138285,0.3028320840520518,0.40416082883785837,12.21393740211347,False,insufficient_egarch_obs
larger+VIX GM paper,Gross before costs,312,garch11_residual_fallback_insufficient_egarch_obs,60,ok,60,0.5796262206525999,0.4597009266005208,1.2271846800818842,2.6481952073875887,-0.2710029568541723,0.11942380236981616,0.21115545063016747,9.83493899744838,False,insufficient_egarch_obs
larger+VIX GM paper,Gross before costs,313,garch11_residual_fallback_insufficient_egarch_obs,60,ok,60,0.19229187183506857,0.44598483889764945,0.6207818086437032,0.9870001685323142,-0.5450205602259466,0.2177998002400175,0.26642621682117534,2.409422248767589,False,insufficient_egarch_obs
larger+VIX GM paper,Gross before costs,314,garch11_residual_fallback_insufficient_egarch_obs,60,ok,60,0.01069038857089133,0.44625136198312154,0.24720842169233234,0.37200009461046385,-0.559444715158432,0.20317513501860862,0.2623219776149279,1.0546070698239487,False,insufficient_egarch_obs
larger+VIX GM paper,Gross before costs,315,garch11_residual_fallback_insufficient_egarch_obs,60,ok,60,0.24704262928225074,0.4902019356495276,0.6917884232448341,1.1980587898349186,-0.5311681102755332,0.22625203637384741,0.24629177179771142,3.015827513187606,False,insufficient_egarch_obs
larger+VIX GM paper,Gross before costs,316,garch11_residual_fallback_insufficient_egarch_obs,60,ok,60,0.6006416094514462,0.5835789858946858,1.0960845872114864,2.1838924452378246,-0.5669624425450048,0.22519982311352424,0.25430879368661513,10.506801126971695,False,insufficient_egarch_obs
larger+VIX GM paper,Gross before costs,317,garch11_residual_fallback_insufficient_egarch_obs,60,ok,60,-0.016606665375980767,0.46908716827192165,0.19824471495131238,0.3012533198160206,-0.6138226171620533,0.23448261683326477,0.26857195502733683,0.919679067399434,False,insufficient_egarch_obs
larger+VIX GM paper,Gross before costs,318,garch11_residual_fallback_insufficient_egarch_obs,60,ok,60,0.537859485684619,0.4549271464801387,1.1807773513858844,2.315682081406133,-0.43608295753559523,0.15440075254118285,0.2518412667874142,8.60167993946527,False,insufficient_egarch_obs
larger+VIX GM paper,Gross before costs,319,garch11_residual_fallback_insufficient_egarch_obs,60,ok,60,0.4922407697276652,0.39897150926412805,1.2185549642841755,2.0983725116251066,-0.3591261051201451,0.1745980040478477,0.2289583891301421,7.39936594086088,False,insufficient_egarch_obs
larger+VIX GM paper,Gross before costs,320,garch11_residual_fallback_insufficient_egarch_obs,60,ok,60,0.372338166917773,0.6455684826901381,0.8277973808727402,1.3576007015027491,-0.6958983294047368,0.3195836679617151,0.38707789666084896,4.867497192076713,False,insufficient_egarch_obs
larger+VIX GM paper,Gross before costs,321,garch11_residual_fallback_insufficient_egarch_obs,60,ok,60,-0.0666671654699581,0.562745064773579,0.16165296936467172,0.24075295225549562,-0.7333638264159377,0.3051789303567733,0.3225574725406901,0.7082437041639411,False,insufficient_egarch_obs
larger+VIX GM paper,Gross before costs,322,garch11_residual_fallback_insufficient_egarch_obs,60,ok,60,0.3357135307551402,0.42324752623392453,0.9005167610219955,1.5276547624868835,-0.4075065074654052,0.18383346418460528,0.24742083445703233,4.251739295318512,False,insufficient_egarch_obs
larger+VIX GM paper,Gross before costs,323,garch11_residual_fallback_insufficient_egarch_obs,60,ok,60,-0.18532797010561763,0.8641488175342148,0.21608732302158687,0.3194194268890596,-0.9443235607386035,0.371741653923308,0.44407093805729225,0.35885089170901036,False,insufficient_egarch_obs
larger+VIX GM paper,Gross before costs,324,garch11_residual_fallback_insufficient_egarch_obs,60,ok,60,0.06912878101249853,0.5700277830189086,0.40634196464086403,0.6142819006735745,-0.649125519881858,0.28523948385874676,0.30980335810714027,1.3968510696211816,False,insufficient_egarch_obs
larger+VIX GM paper,Gross before costs,325,garch11_residual_fallback_insufficient_egarch_obs,60,ok,60,0.2680059918957356,0.5399961740343985,0.7247199711269929,1.1074082550600954,-0.5686249126902272,0.2683321919370076,0.3250288105325016,3.27798173191039,False,insufficient_egarch_obs
larger+VIX GM paper,Gross before costs,326,garch11_residual_fallback_insufficient_egarch_obs,60,ok,60,0.5783878093111618,0.36448847994651923,1.4568809882435165,2.7271153335446066,-0.3217245102640457,0.05819768285475284,0.21404729935220543,9.796446924844693,False,insufficient_egarch_obs
larger+VIX GM paper,Gross before costs,327,garch11_residual_fallback_insufficient_egarch_obs,60,ok,60,0.893999437145258,0.4502139798839456,1.6727604876036508,3.6197827148792734,-0.29676079995573057,0.1075547155439645,0.21230797595565054,24.37245223991396,False,insufficient_egarch_obs
larger+VIX GM paper,Gross before costs,328,garch11_residual_fallback_insufficient_egarch_obs,60,ok,60,0.6566766678037885,0.5191591674077336,1.2425701562130411,2.462846188197062,-0.34382293901003413,0.1282347966241893,0.2979295660129046,12.479258444061351,False,insufficient_egarch_obs
larger+VIX GM paper,Gross before costs,329,garch11_residual_fallback_insufficient_egarch_obs,60,ok,60,-0.16927155757118317,0.5419115458853317,-0.06631756464251283,-0.09286289208040227,-0.8360857034672686,0.25423357231932747,0.2839469524306918,0.39563563375887967,False,insufficient_egarch_obs
larger+VIX GM paper,Gross before costs,330,garch11_residual_fallback_insufficient_egarch_obs,60,ok,60,0.2202125631788865,0.4682615734856636,0.6590465626955176,1.0983936602803903,-0.6400753324053765,0.2213636438444351,0.27492279563699423,2.7050634765813255,False,insufficient_egarch_obs
larger+VIX GM paper,Gross before costs,331,garch11_residual_fallback_insufficient_egarch_obs,60,ok,60,0.015814439270892544,0.5150351263980076,0.28627894552511146,0.44080560704165683,-0.6006457571097672,0.24015369985932297,0.29868643083386,1.0816130263368693,False,insufficient_egarch_obs
larger+VIX GM paper,Gross before costs,332,garch11_residual_fallback_insufficient_egarch_obs,60,ok,60,0.4818847726915869,0.3345731454724259,1.3541770686707981,2.8282126679950355,-0.37225067745028206,0.08632415989913667,0.15231784436977913,7.146150807581629,False,insufficient_egarch_obs
larger+VIX GM paper,Gross before costs,333,garch11_residual_fallback_insufficient_egarch_obs,60,ok,60,0.6256348291877094,0.4601740951616015,1.2965780505069358,2.610842593576323,-0.4808405827000386,0.1795878401217918,0.21760297306306528,11.353113438117987,False,insufficient_egarch_obs
larger+VIX GM paper,Gross before costs,334,garch11_residual_fallback_insufficient_egarch_obs,60,ok,60,-0.0737793748146548,0.7164694462070544,0.2571547101803052,0.39418186428387597,-0.9249403166965621,0.3223815685724898,0.39002797504453457,0.6816669504442397,False,insufficient_egarch_obs
larger+VIX GM paper,Gross before costs,335,garch11_residual_fallback_insufficient_egarch_obs,60,ok,60,0.09664826003922511,0.5581120375900707,0.452496204564315,0.689209515977779,-0.815206390202811,0.293120994378146,0.34245170604335207,1.586122659377411,False,insufficient_egarch_obs
larger+VIX GM paper,Gross before costs,336,garch11_residual_fallback_insufficient_egarch_obs,60,ok,60,0.4746589240185257,0.501891621417712,1.0254984266048026,1.9720966823066615,-0.6065829098808703,0.17812763607658627,0.2567715969468148,6.973614189741515,False,insufficient_egarch_obs
larger+VIX GM paper,Gross before costs,337,garch11_residual_fallback_insufficient_egarch_obs,60,ok,60,0.38726145122649647,0.39223972618540426,1.0419347593765713,1.7767315508396646,-0.5458857930248164,0.15162607586451352,0.24234724124481624,5.137970330082948,False,insufficient_egarch_obs
larger+VIX GM paper,Gross before costs,338,garch11_residual_fallback_insufficient_egarch_obs,60,ok,60,0.6008185819491885,0.578660665279021,1.1183570647999674,1.928878481500042,-0.5920824614258453,0.28453378817172126,0.3108740357941779,10.512610753686172,False,insufficient_egarch_obs
larger+VIX GM paper,Gross before costs,339,garch11_residual_fallback_insufficient_egarch_obs,60,ok,60,0.6877145068125408,0.5170803129807837,1.2846273700450008,2.480635691432035,-0.42316346512552916,0.20301853012751753,0.2569859506845342,13.692883621240274,False,insufficient_egarch_obs
larger+VIX GM paper,Gross before costs,340,garch11_residual_fallback_insufficient_egarch_obs,60,ok,60,0.5299405182348484,0.32583032293582176,1.481241429933951,3.318588306532339,-0.23438807465595046,0.06458618918121185,0.15583641947436377,8.38248398132095,False,insufficient_egarch_obs
larger+VIX GM paper,Gross before costs,341,garch11_residual_fallback_insufficient_egarch_obs,60,ok,60,0.3172027394440311,0.48506347075399536,0.8153676535420674,1.357634976783075,-0.50567329434858,0.2223525181178449,0.26679072941774873,3.96518200260397,False,insufficient_egarch_obs
larger+VIX GM paper,Gross before costs,342,garch11_residual_fallback_insufficient_egarch_obs,60,ok,60,0.605095065488735,0.6416546369117165,1.0787375632953633,1.8335801577416528,-0.40416564661777277,0.2969106423774927,0.3692942667126658,10.653781806345682,False,insufficient_egarch_obs
larger+VIX GM paper,Gross before costs,343,garch11_residual_fallback_insufficient_egarch_obs,60,ok,60,0.4527442214177053,0.437520201346149,1.0851283133516736,1.881201533660272,-0.4816090956877034,0.19056816488603937,0.26530965790581656,6.4706183214201936,False,insufficient_egarch_obs
larger+VIX GM paper,Gross before costs,344,garch11_residual_fallback_insufficient_egarch_obs,60,ok,60,0.3276446061072025,0.40490816671895724,0.900614204909113,1.7130022704776477,-0.4477663119756503,0.13118027021574322,0.20349111393334765,4.124859657476606,False,insufficient_egarch_obs
larger+VIX GM paper,Gross before costs,345,garch11_residual_fallback_insufficient_egarch_obs,60,ok,60,0.6288152521005148,0.642005221140419,1.086406347138558,2.015733411918463,-0.6466944992820495,0.27446976867360473,0.30533246390483343,11.464606073889481,False,insufficient_egarch_obs
larger+VIX GM paper,Gross before costs,346,garch11_residual_fallback_insufficient_egarch_obs,60,ok,60,0.03195860895540292,0.6832934177668295,0.39211208529751546,0.5999748770326323,-0.8629014023265442,0.29715679756603264,0.34434193521780787,1.1703382308962824,False,insufficient_egarch_obs
larger+VIX GM paper,Gross before costs,347,garch11_residual_fallback_insufficient_egarch_obs,60,ok,60,1.040388356721464,0.4484121985339842,1.8568596006301408,3.891533806361449,-0.41137286983109256,0.09571789654322102,0.2194562665347729,35.36422809341826,False,insufficient_egarch_obs
larger+VIX GM paper,Gross before costs,348,garch11_residual_fallback_insufficient_egarch_obs,60,ok,60,-0.15127078569582708,0.554322481168576,-0.006619808690315563,-0.009119818256617123,-0.7607398905732793,0.31550178379226324,0.32482662508823873,0.4403984247876752,False,insufficient_egarch_obs
larger+VIX GM paper,Gross before costs,349,garch11_residual_fallback_insufficient_egarch_obs,60,ok,60,-0.5083999302509502,0.785093696019154,-0.4339686456961749,-0.5320906487010624,-0.9883789002719826,0.4208749708689555,0.4852212971552951,0.02871175101331616,False,insufficient_egarch_obs
larger+VIX GM paper,Gross before costs,350,garch11_residual_fallback_insufficient_egarch_obs,60,ok,60,0.5082364606225314,0.5620674884985645,1.0168773857623574,1.8525902693197769,-0.6227238981983338,0.2433209431871255,0.27439049758709105,7.804537591883766,False,insufficient_egarch_obs
larger+VIX GM paper,Gross before costs,351,garch11_residual_fallback_insufficient_egarch_obs,60,ok,60,0.3536903290231037,0.6160183975764029,0.7971326732298559,1.4257349064062863,-0.6058487842868794,0.2953628577637158,0.31922904251771195,4.545656676123272,False,insufficient_egarch_obs
larger+VIX GM paper,Gross before costs,352,garch11_residual_fallback_insufficient_egarch_obs,60,ok,60,-0.07933852393944973,0.4635584203747789,0.07326820907710635,0.10082702502899758,-0.5754124235576853,0.17930763953374404,0.3577261870418776,0.6614543167693938,False,insufficient_egarch_obs
larger+VIX GM paper,Gross before costs,353,garch11_residual_fallback_insufficient_egarch_obs,60,ok,60,0.525758511683813,0.38089073421708036,1.3137275426798927,2.438964479970063,-0.43047793523887923,0.1381090470779277,0.21442806231528155,8.268543339194835,False,insufficient_egarch_obs
larger+VIX GM paper,Gross before costs,354,garch11_residual_fallback_insufficient_egarch_obs,60,ok,60,0.7050532954524646,0.3501302978146904,1.721217648536345,3.971185052227617,-0.2099601775329749,0.0733856937669007,0.1580370467981773,14.410856453147085,False,insufficient_egarch_obs
larger+VIX GM paper,Gross before costs,355,garch11_residual_fallback_insufficient_egarch_obs,60,ok,60,-0.10014578801551965,0.7649391440848656,0.2666180169551268,0.3931181242521769,-0.9364292162553935,0.37183487001778215,0.44869736800639276,0.5900118973327116,False,insufficient_egarch_obs
larger+VIX GM paper,Gross before costs,356,garch11_residual_fallback_insufficient_egarch_obs,60,ok,60,0.3854130513928138,0.5571454609215295,0.8673201711438804,1.5177915430917617,-0.5399359179905158,0.21725281776252933,0.3136405906714428,5.103832030660844,False,insufficient_egarch_obs
larger+VIX GM paper,Gross before costs,357,garch11_residual_fallback_insufficient_egarch_obs,60,ok,60,0.3202154058506741,0.48203052651455436,0.8175873324996566,1.4055663610248748,-0.4075695928688041,0.21769422047505768,0.2690086406001729,4.010735125871483,False,insufficient_egarch_obs
larger+VIX GM paper,Gross before costs,358,garch11_residual_fallback_insufficient_egarch_obs,60,ok,60,-0.18687279923786604,0.5767469608134455,-0.05745973994761742,-0.0788574951661073,-0.8642211065766868,0.30155594470510494,0.3403419349435488,0.355461399732054,False,insufficient_egarch_obs
larger+VIX GM paper,Gross before costs,359,garch11_residual_fallback_insufficient_egarch_obs,60,ok,60,0.38676928470026484,0.3566815272745238,1.108287361226013,1.8030779055046087,-0.45520495686090356,0.20705999100880262,0.21419695977437744,5.128862661968085,False,insufficient_egarch_obs
larger+VIX GM paper,Gross before costs,360,garch11_residual_fallback_insufficient_egarch_obs,60,ok,60,0.3442278606456173,0.421817158616543,0.9132990262486531,1.6329059315782468,-0.6248019719557013,0.17523586851136333,0.21311991878013384,4.388988693082499,False,insufficient_egarch_obs
larger+VIX GM paper,Gross before costs,361,garch11_residual_fallback_insufficient_egarch_obs,60,ok,60,0.20065071335722617,0.5516673061242472,0.6213773869924681,0.9596835395905615,-0.7440810141861507,0.26883385139134996,0.36438778276598766,2.4950739168900817,False,insufficient_egarch_obs
larger+VIX GM paper,Gross before costs,362,garch11_residual_fallback_insufficient_egarch_obs,60,ok,60,0.4640194292795259,0.6342637242729818,0.9296739441983631,1.545705723488927,-0.559454769940195,0.28289474509989754,0.30651166646609135,6.72564905162954,False,insufficient_egarch_obs
larger+VIX GM paper,Gross before costs,363,garch11_residual_fallback_insufficient_egarch_obs,60,ok,60,0.41304004089667457,0.6309713898922203,0.8755865970383672,1.448430230206042,-0.4797953565777806,0.28686696787074406,0.3560968429230935,5.633422739414273,False,insufficient_egarch_obs
larger+VIX GM paper,Gross before costs,364,garch11_residual_fallback_insufficient_egarch_obs,60,ok,60,0.37845996022798967,0.6178305530443475,0.8362847555518683,1.4299291608266222,-0.6700433747943145,0.23898525240564275,0.35748314806228215,4.977035963569046,False,insufficient_egarch_obs
larger+VIX GM paper,Gross before costs,365,garch11_residual_fallback_insufficient_egarch_obs,60,ok,60,0.23353856364481174,0.5731501990571939,0.661138764815995,1.0628372927450631,-0.5464343858076417,0.2675160542103062,0.3531617016907802,2.856035860138541,False,insufficient_egarch_obs
larger+VIX GM paper,Gross before costs,366,garch11_residual_fallback_insufficient_egarch_obs,60,ok,60,0.11496711594634568,0.625282328942189,0.4951637715108154,0.7468119984022211,-0.5690892304150791,0.280940098831999,0.34493920369223047,1.723099252338341,False,insufficient_egarch_obs
larger+VIX GM paper,Gross before costs,367,garch11_residual_fallback_insufficient_egarch_obs,60,ok,60,0.30694674380055065,0.5119191175399382,0.788487575017863,1.2393263498022693,-0.4725027377504013,0.2464040209986161,0.30031300042541814,3.8131988671665287,False,insufficient_egarch_obs
larger+VIX GM paper,Gross before costs,368,garch11_residual_fallback_insufficient_egarch_obs,60,ok,60,-0.03365748226462739,0.47187632836030824,0.16203775331315037,0.24660722929979717,-0.7824034786918457,0.21235867915426598,0.28951305867340466,0.842665942335458,False,insufficient_egarch_obs
larger+VIX GM paper,Gross before costs,369,garch11_residual_fallback_insufficient_egarch_obs,60,ok,60,1.0368106809822275,0.4601137881427439,1.8106121459402993,4.032507614978039,-0.374216296958113,0.1264672219056329,0.2182562253198734,35.055270183414564,False,insufficient_egarch_obs
larger+VIX GM paper,Gross before costs,370,garch11_residual_fallback_insufficient_egarch_obs,60,ok,60,-0.026762976769533986,0.6499424393656937,0.30384498101600443,0.4416372004610122,-0.6782272759131391,0.36248539227884796,0.40838970225637633,0.873158545123265,False,insufficient_egarch_obs
larger+VIX GM paper,Gross before costs,371,garch11_residual_fallback_insufficient_egarch_obs,60,ok,60,0.47680542656185354,0.3695963817287873,1.2615130870539395,2.1052582276452743,-0.3558486690478264,0.10761722868575123,0.2528423042259927,7.024515862694139,False,insufficient_egarch_obs
larger+VIX GM paper,Gross before costs,372,garch11_residual_fallback_insufficient_egarch_obs,60,ok,60,1.0451839154003708,0.36267406994764345,2.205380599247368,5.118566463796868,-0.2698917506202081,0.07147836327143121,0.16869082737681915,35.78177187232023,False,insufficient_egarch_obs
larger+VIX GM paper,Gross before costs,373,garch11_residual_fallback_insufficient_egarch_obs,60,ok,60,0.403699128380798,0.4887428162760753,0.9378033959453289,1.771687925843422,-0.5084074868713305,0.22277718896044482,0.25172263354680907,5.44966932798041,False,insufficient_egarch_obs
larger+VIX GM paper,Gross before costs,374,garch11_residual_fallback_insufficient_egarch_obs,60,ok,60,0.07809558704761388,0.5941750134124723,0.42995509072778937,0.6626329391566381,-0.7256675375867517,0.27986225703250595,0.33781037293434985,1.4564190194162543,False,insufficient_egarch_obs
larger+VIX GM paper,Gross before costs,375,garch11_residual_fallback_insufficient_egarch_obs,60,ok,60,0.6087657085446663,0.5488932936962754,1.1781687780026198,1.8289925140285181,-0.4937504003372276,0.2615446114950104,0.3725506936654835,10.77615929739977,False,insufficient_egarch_obs
larger+VIX GM paper,Gross before costs,376,garch11_residual_fallback_insufficient_egarch_obs,60,ok,60,0.5821810333086694,0.41294941887783454,1.339154788824323,2.316304724727572,-0.3878418362988113,0.20899837935396898,0.2527598342479393,9.914729502434447,False,insufficient_egarch_obs
larger+VIX GM paper,Gross before costs,377,garch11_residual_fallback_insufficient_egarch_obs,60,ok,60,0.2589675864868626,0.636420535510376,0.7026866552513099,1.0513928555256322,-0.7797890571975615,0.32416029988830386,0.3761462013570502,3.162807385851065,False,insufficient_egarch_obs
larger+VIX GM paper,Gross before costs,378,garch11_residual_fallback_insufficient_egarch_obs,60,ok,60,0.6482333967836267,0.5119460603488296,1.2366462509232479,2.597122593783912,-0.43671429974938414,0.17608358686997555,0.2374382243253287,12.164479986215463,False,insufficient_egarch_obs
larger+VIX GM paper,Gross before costs,379,garch11_residual_fallback_insufficient_egarch_obs,60,ok,60,0.15056600416764243,0.5854324544666455,0.5302577345940392,0.8506161424402714,-0.44856778001114206,0.26790397181539244,0.2819106861713214,2.0163117863183495,False,insufficient_egarch_obs
larger+VIX GM paper,Gross before costs,380,garch11_residual_fallback_insufficient_egarch_obs,60,ok,60,0.3850482761986249,0.4677196405490178,0.9321745608844344,1.6829538123909609,-0.3889156236064537,0.16492385748117408,0.2491909347811996,5.097116447936278,False,insufficient_egarch_obs
larger+VIX GM paper,Gross before costs,381,garch11_residual_fallback_insufficient_egarch_obs,60,ok,60,0.27706830410334127,0.4230058161423968,0.794590124850595,1.295782956160062,-0.3221460762272179,0.19488401457149462,0.2445345322540068,3.3968051150701086,False,insufficient_egarch_obs
larger+VIX GM paper,Gross before costs,382,garch11_residual_fallback_insufficient_egarch_obs,60,ok,60,-0.1902678824308276,0.6332782573360455,-0.01556605799039356,-0.02312774875010118,-0.7974479545603996,0.27885335877062406,0.34177087404037604,0.3481022483282223,False,insufficient_egarch_obs
larger+VIX GM paper,Gross before costs,383,garch11_residual_fallback_insufficient_egarch_obs,60,ok,60,0.4964679088101791,0.4638043266123274,1.1080103633976108,2.0453079834504373,-0.39829374468245404,0.1978975251090696,0.23125470972663284,7.504764005258322,False,insufficient_egarch_obs
larger+VIX GM paper,Gross before costs,384,garch11_residual_fallback_insufficient_egarch_obs,60,ok,60,0.4397758689785587,0.6506042978306796,0.8803764891400492,1.629240977797069,-0.7032287745757797,0.2435228156550919,0.3276326715800626,6.186919310330814,False,insufficient_egarch_obs
larger+VIX GM paper,Gross before costs,385,garch11_residual_fallback_insufficient_egarch_obs,60,ok,60,1.0293264224748624,0.4504332894193097,1.8254400679178806,4.550404642876521,-0.21996522768623028,0.10274199085908155,0.16858492706530237,34.41593321551355,False,insufficient_egarch_obs
larger+VIX GM paper,Gross before costs,386,garch11_residual_fallback_insufficient_egarch_obs,60,ok,60,0.11412302248094353,0.6832465731304818,0.5047486617373933,0.784629531650268,-0.7613860184183652,0.3257728902114666,0.33826568976124766,1.716586700299755,False,insufficient_egarch_obs
larger+VIX GM paper,Gross before costs,387,garch11_residual_fallback_insufficient_egarch_obs,60,ok,60,0.7018259192759722,0.38325838871077944,1.5931640679299188,4.060659698581399,-0.21999809299376538,0.07623479883361091,0.15590525079015302,14.274985276446282,False,insufficient_egarch_obs
larger+VIX GM paper,Gross before costs,388,garch11_residual_fallback_insufficient_egarch_obs,60,ok,60,0.8803519573631997,0.45202297644081824,1.6523107057304498,3.3754927446430782,-0.3740533184481327,0.08957934904442241,0.2553965073756255,23.50692017698372,False,insufficient_egarch_obs
larger+VIX GM paper,Gross before costs,389,garch11_residual_fallback_insufficient_egarch_obs,60,ok,60,0.11522884884945084,0.40106999993240283,0.4711604910468593,0.7346698763494847,-0.3899560007112488,0.19182598226889486,0.2049875605440327,1.7251226463424914,False,insufficient_egarch_obs
larger+VIX GM paper,Gross before costs,390,garch11_residual_fallback_insufficient_egarch_obs,60,ok,60,0.5975935413989122,0.5796970279253432,1.1096316306699137,2.0217083853374245,-0.47771362444563226,0.2578554478133317,0.32183167339166346,10.407142009189819,False,insufficient_egarch_obs
larger+VIX GM paper,Gross before costs,391,garch11_residual_fallback_insufficient_egarch_obs,60,ok,60,-0.42353384050371723,0.543163948225313,-0.7012767176423036,-0.8520377827652634,-0.9385040155302409,0.3157542991679451,0.3596900081090772,0.0636603598423466,False,insufficient_egarch_obs
larger+VIX GM paper,Gross before costs,392,garch11_residual_fallback_insufficient_egarch_obs,60,ok,60,0.2335263103201275,0.5021237306247222,0.6615568017647817,1.1589615015984538,-0.535548800959321,0.21904077214029466,0.2396734310598724,2.8558940111502724,False,insufficient_egarch_obs
larger+VIX GM paper,Gross before costs,393,garch11_residual_fallback_insufficient_egarch_obs,60,ok,60,0.27382487204460326,0.45289009493609905,0.7719667720559912,1.20688927396035,-0.7466570050904491,0.2337298421510175,0.2990529228994718,3.353888514013238,False,insufficient_egarch_obs
larger+VIX GM paper,Gross before costs,394,garch11_residual_fallback_insufficient_egarch_obs,60,ok,60,0.15566848391297383,0.6929938496086757,0.5654403876183511,0.8761850423607249,-0.6840567665192625,0.3031423761500117,0.36488373603354,2.0614193543201256,False,insufficient_egarch_obs
larger+VIX GM paper,Gross before costs,395,garch11_residual_fallback_insufficient_egarch_obs,60,ok,60,0.522093809796581,0.545187550055859,1.051927020766434,1.8885552543712545,-0.6174156506964209,0.2082048526124981,0.29174543885410087,8.169718615229566,False,insufficient_egarch_obs
larger+VIX GM paper,Gross before costs,396,garch11_residual_fallback_insufficient_egarch_obs,60,ok,60,0.7662863817704546,0.36430873140960796,1.7740355367622271,3.8733874125593095,-0.2834041652012984,0.07889898470243693,0.1631404755240814,17.191176630322836,False,insufficient_egarch_obs
larger+VIX GM paper,Gross before costs,397,garch11_residual_fallback_insufficient_egarch_obs,60,ok,60,-0.12390243142879509,0.5161061688290975,0.006757453670385966,0.009509836398888688,-0.653039987263772,0.2527575256789159,0.28456963121915196,0.5161338886643165,False,insufficient_egarch_obs
larger+VIX GM paper,Gross before costs,398,garch11_residual_fallback_insufficient_egarch_obs,60,ok,60,0.18277055791463148,0.4010233711790773,0.6268355136839097,0.9435894904595282,-0.6192201485563196,0.2377606797131679,0.25550235874251115,2.3147416525958597,False,insufficient_egarch_obs
larger+VIX GM paper,Gross before costs,399,garch11_residual_fallback_insufficient_egarch_obs,60,ok,60,-0.027116144319975555,0.43834626983385944,0.1647437703427346,0.228168979289477,-0.7046577316671263,0.2360026817346073,0.2822403256306498,0.8715754387715393,False,insufficient_egarch_obs
larger+VIX GM paper,Gross before costs,400,garch11_residual_fallback_insufficient_egarch_obs,60,ok,60,0.08049088100581492,0.36629177488267645,0.4001998010221485,0.5689834043217542,-0.5078538831542951,0.17984048855608464,0.2251585364310212,1.4726703045798732,False,insufficient_egarch_obs
larger+VIX GM paper,Gross before costs,401,garch11_residual_fallback_insufficient_egarch_obs,60,ok,60,-0.038398814436475304,0.46696097436487516,0.15175149607272195,0.223843486850586,-0.8145943516175663,0.2160278196537822,0.29123687576445884,0.8221952255349578,False,insufficient_egarch_obs
larger+VIX GM paper,Gross before costs,402,garch11_residual_fallback_insufficient_egarch_obs,60,ok,60,0.44755822910957854,0.38841266651336837,1.1583119290819408,2.0777320687269683,-0.2926900208792145,0.1222717300069251,0.22549225937422054,6.355946205749739,False,insufficient_egarch_obs
larger+VIX GM paper,Gross before costs,403,garch11_residual_fallback_insufficient_egarch_obs,60,ok,60,0.24759645574968636,0.4736017332569626,0.7208383283993558,1.0546855850584107,-0.6998656254196174,0.2633176925365209,0.3078385369424528,3.0225302884946212,False,insufficient_egarch_obs
larger+VIX GM paper,Gross before costs,404,garch11_residual_fallback_insufficient_egarch_obs,60,ok,60,0.33475743486561393,0.3824150037057026,0.9507775167268037,1.682053720146658,-0.30605899080844534,0.17146067428342443,0.2137582083749643,4.236544214086103,False,insufficient_egarch_obs
larger+VIX GM paper,Gross before costs,405,garch11_residual_fallback_insufficient_egarch_obs,60,ok,60,-0.09192399217863045,0.6757293873060135,0.2031259217897684,0.297302138358278,-0.7313185045703493,0.3101610794495084,0.3489402585244062,0.6174630970368894,False,insufficient_egarch_obs
larger+VIX GM paper,Gross before costs,406,garch11_residual_fallback_insufficient_egarch_obs,60,ok,60,0.6129355451201508,0.4760222582846585,1.2568619071201073,2.29216229189808,-0.3465515862126103,0.19723154767125872,0.23304547336772666,10.91654134591426,False,insufficient_egarch_obs
larger+VIX GM paper,Gross before costs,407,garch11_residual_fallback_insufficient_egarch_obs,60,ok,60,0.36037532385907944,0.3728238070535187,1.0177271004566129,1.8391988172185298,-0.25994390224125563,0.09977661625098927,0.21547686539892996,4.659010914492777,False,insufficient_egarch_obs
larger+VIX GM paper,Gross before costs,408,garch11_residual_fallback_insufficient_egarch_obs,60,ok,60,0.403024568669649,0.40717427628744307,1.0413402651255854,1.886310683097609,-0.47214617839064377,0.15814680078337753,0.1924131936151853,5.436587479450273,False,insufficient_egarch_obs
larger+VIX GM paper,Gross before costs,409,garch11_residual_fallback_insufficient_egarch_obs,60,ok,60,0.49043214780931677,0.4721488251097233,1.0859127731830613,2.0341410770880977,-0.448168661673804,0.20054418398572973,0.24238815600701905,7.3546337000508615,False,insufficient_egarch_obs
larger+VIX GM paper,Gross before costs,410,garch11_residual_fallback_insufficient_egarch_obs,60,ok,60,0.16232754783279923,0.5540783712753096,0.5535171052977623,0.8794928616121024,-0.6589192834587971,0.25248531715639616,0.3280139364345695,2.1214981372463497,False,insufficient_egarch_obs
larger+VIX GM paper,Gross before costs,411,garch11_residual_fallback_insufficient_egarch_obs,60,ok,60,0.5338711954396185,0.5258871253743882,1.0849119857403149,1.981573307629027,-0.5669307966083059,0.22756094475641112,0.2862731249212424,8.490718831526172,False,insufficient_egarch_obs
larger+VIX GM paper,Gross before costs,412,garch11_residual_fallback_insufficient_egarch_obs,60,ok,60,0.3355806883663761,0.6737895431269068,0.7782396673867708,1.2514295499602675,-0.712920089125752,0.27105462444810324,0.37142762480577646,4.249625448087006,False,insufficient_egarch_obs
larger+VIX GM paper,Gross before costs,413,garch11_residual_fallback_insufficient_egarch_obs,60,ok,60,0.0008978062192956937,0.4691590782455274,0.23383115403752974,0.351916631452769,-0.6957447119231346,0.22107543891703063,0.2391539534686796,1.0044970988966222,False,insufficient_egarch_obs
larger+VIX GM paper,Gross before costs,414,garch11_residual_fallback_insufficient_egarch_obs,60,ok,60,0.215787675683089,0.405100818477554,0.6858340097830264,1.1345755253401917,-0.38273406795898324,0.19794715888037245,0.21928739224472202,2.656370712660099,False,insufficient_egarch_obs
larger+VIX GM paper,Gross before costs,415,garch11_residual_fallback_insufficient_egarch_obs,60,ok,60,0.06822048571255657,0.48564581438334087,0.38285572834770937,0.5730656728038603,-0.6119866223984054,0.2314620197307397,0.28670875832869097,1.390927558180994,False,insufficient_egarch_obs
larger+VIX GM paper,Gross before costs,416,garch11_residual_fallback_insufficient_egarch_obs,60,ok,60,0.2075079458257021,0.5700354714949839,0.6193520547676553,0.998551788426028,-0.6773307905471644,0.28690163883332087,0.32666381227046476,2.567142556387525,False,insufficient_egarch_obs
larger+VIX GM paper,Gross before costs,417,garch11_residual_fallback_insufficient_egarch_obs,60,ok,60,-0.07564409435570307,0.6215284274397292,0.18275924847411967,0.28164469118119767,-0.8952374683837051,0.2691954296438111,0.3415018071175923,0.6748326726764853,False,insufficient_egarch_obs
larger+VIX GM paper,Gross before costs,418,garch11_residual_fallback_insufficient_egarch_obs,60,ok,60,0.1912768424366742,0.5092779222945307,0.6030262676985834,0.9490256596568329,-0.46569442939965733,0.258932346826962,0.2861885415282754,2.3991836740061894,False,insufficient_egarch_obs
larger+VIX GM paper,Gross before costs,419,garch11_residual_fallback_insufficient_egarch_obs,60,ok,60,0.3526424833531492,0.37586218129535626,0.9981494404104283,1.7450365615687213,-0.3999122484690403,0.15877637783653903,0.2072517170271487,4.528090700031494,False,insufficient_egarch_obs
larger+VIX GM paper,Gross before costs,420,garch11_residual_fallback_insufficient_egarch_obs,60,ok,60,0.059993736730913794,0.6069452208736924,0.408618813271431,0.6059607741052947,-0.8355930592057212,0.3253656376743499,0.3420317526627758,1.338186041902637,False,insufficient_egarch_obs
larger+VIX GM paper,Gross before costs,421,garch11_residual_fallback_insufficient_egarch_obs,60,ok,60,0.26423508449197586,0.5280353674176055,0.7128515243190171,1.1539349061821784,-0.6576273187386601,0.24949038890099284,0.31124079123230636,3.229529028491838,False,insufficient_egarch_obs
larger+VIX GM paper,Gross before costs,422,garch11_residual_fallback_insufficient_egarch_obs,60,ok,60,-0.2788371736626568,0.6639216904329777,-0.12837405693782902,-0.1673910023476684,-0.93789474747366,0.345672326662749,0.3807566868802918,0.19505929966385596,False,insufficient_egarch_obs
larger+VIX GM paper,Gross before costs,423,garch11_residual_fallback_insufficient_egarch_obs,60,ok,60,0.21207158949139693,0.4401274731269907,0.6626485450810973,1.0449258549853653,-0.5294436590740454,0.19947534692375693,0.27046252128251647,2.616021796875627,False,insufficient_egarch_obs
larger+VIX GM paper,Gross before costs,424,garch11_residual_fallback_insufficient_egarch_obs,60,ok,60,0.08855676144073699,0.4123061269999017,0.4173640579369284,0.6262229778723883,-0.5018466971684512,0.16967452666847158,0.2893169224561091,1.5284646488069535,False,insufficient_egarch_obs
larger+VIX GM paper,Gross before costs,425,garch11_residual_fallback_insufficient_egarch_obs,60,ok,60,0.14524323795108174,0.6014964013400038,0.539394899145174,0.8232637946644988,-0.6758955430157092,0.2514849921777221,0.3793968346878224,1.9701018593842214,False,insufficient_egarch_obs
larger+VIX GM paper,Gross before costs,426,garch11_residual_fallback_insufficient_egarch_obs,60,ok,60,1.2502210392511235,0.4526388885612407,2.056791105253941,6.505404746657081,-0.32547475320752994,0.08977817249731544,0.12879071439041542,57.69336959954131,False,insufficient_egarch_obs
larger+VIX GM paper,Gross before costs,427,garch11_residual_fallback_insufficient_egarch_obs,60,ok,60,-0.0655412716496987,0.48551232352101076,0.11698218323574634,0.1619012567654306,-0.8828442968206972,0.27429324130011135,0.3458993733649427,0.7125258495660425,False,insufficient_egarch_obs
larger+VIX GM paper,Gross before costs,428,garch11_residual_fallback_insufficient_egarch_obs,60,ok,60,0.1237430852528667,0.6969041544511233,0.5093615931927609,0.8530969663958236,-0.663528406158219,0.30471150894310567,0.37025429380470626,1.7919882677726597,False,insufficient_egarch_obs
larger+VIX GM paper,Gross before costs,429,garch11_residual_fallback_insufficient_egarch_obs,60,ok,60,-0.36668314539594293,0.7605089544553275,-0.18505726206413864,-0.25044790912571063,-0.9625492271029988,0.39072709658520993,0.42705864272180055,0.10188382255517789,False,insufficient_egarch_obs
larger+VIX GM paper,Gross before costs,430,garch11_residual_fallback_insufficient_egarch_obs,60,ok,60,0.8988331466615678,0.542555405451213,1.4802908964663657,2.784088391044312,-0.6072212880793546,0.22904463958665539,0.29671838566943204,24.685050584194776,False,insufficient_egarch_obs
larger+VIX GM paper,Gross before costs,431,garch11_residual_fallback_insufficient_egarch_obs,60,ok,60,0.044160154410654684,0.384677078991373,0.3055701116747641,0.46197957629841185,-0.7396184375149826,0.16957434026929435,0.25570898857985347,1.2411823228602332,False,insufficient_egarch_obs
larger+VIX GM paper,Gross before costs,432,garch11_residual_fallback_insufficient_egarch_obs,60,ok,60,-0.158674792285865,0.47191472281061325,-0.1188059131378705,-0.1604519426661385,-0.8108954535810572,0.24510701931870763,0.3041447386781139,0.421521282591312,False,insufficient_egarch_obs
larger+VIX GM paper,Gross before costs,433,garch11_residual_fallback_insufficient_egarch_obs,60,ok,60,0.21524933865652263,0.568212832163693,0.6315721389051784,1.0000086506226773,-0.5140807218470944,0.26106455765798386,0.29976224183915817,2.6504948640051182,False,insufficient_egarch_obs
larger+VIX GM paper,Gross before costs,434,garch11_residual_fallback_insufficient_egarch_obs,60,ok,60,0.12837615993882734,0.6794497911923133,0.532195348714531,0.805315889717605,-0.673393315596843,0.3479680346640721,0.375202734453645,1.8292350299555018,False,insufficient_egarch_obs
larger+VIX GM paper,Gross before costs,435,garch11_residual_fallback_insufficient_egarch_obs,60,ok,60,0.1561034651770501,0.41517255246920765,0.5651543634105868,0.843232598461911,-0.448786911704954,0.22845340099574973,0.2676085142221188,2.0653017568592777,False,insufficient_egarch_obs
larger+VIX GM paper,Gross before costs,436,garch11_residual_fallback_insufficient_egarch_obs,60,ok,60,0.3781325931965638,0.5422284944798883,0.8530689015272813,1.686884026236622,-0.4636752947218681,0.18400929650633172,0.26257296750718356,4.971128850434382,False,insufficient_egarch_obs
larger+VIX GM paper,Gross before costs,437,garch11_residual_fallback_insufficient_egarch_obs,60,ok,60,0.590797624329265,0.4418706515476012,1.2818695734628018,2.5258874905506916,-0.3394845964879648,0.1856192653426673,0.20770102334319265,10.187665306555209,False,insufficient_egarch_obs
larger+VIX GM paper,Gross before costs,438,garch11_residual_fallback_insufficient_egarch_obs,60,ok,60,1.2999305326544501,0.4572281829526077,2.102745712183359,4.68500588504151,-0.2371515853533821,0.16776081042333185,0.22329805853685605,64.35371068140361,False,insufficient_egarch_obs
larger+VIX GM paper,Gross before costs,439,garch11_residual_fallback_insufficient_egarch_obs,60,ok,60,0.13246988000865878,0.6099294316760696,0.5178969064962444,0.7898762854198009,-0.7137039539609342,0.3086492264765834,0.32698242681524003,1.862658763921544,False,insufficient_egarch_obs
larger+VIX GM paper,Gross before costs,440,garch11_residual_fallback_insufficient_egarch_obs,60,ok,60,0.06497557840587365,0.5168040758505914,0.38471553834659367,0.5821016868388268,-0.7584287260637381,0.2639052705848163,0.3182607706354675,1.3699295828244828,False,insufficient_egarch_obs
larger+VIX GM paper,Gross before costs,441,garch11_residual_fallback_insufficient_egarch_obs,60,ok,60,0.11740634552205265,0.6992107699104468,0.5483147869139221,0.7965914996044315,-0.8116998087309174,0.40547973547314653,0.4608940449003985,1.7420301470376867,False,insufficient_egarch_obs
larger+VIX GM paper,Gross before costs,442,garch11_residual_fallback_insufficient_egarch_obs,60,ok,60,-0.34642197996246715,0.7663259647054442,-0.13321866952360759,-0.18076484156948242,-0.9673180394705846,0.4004920883388716,0.4655130293417771,0.11925790937983839,False,insufficient_egarch_obs
larger+VIX GM paper,Gross before costs,443,garch11_residual_fallback_insufficient_egarch_obs,60,ok,60,1.539201452771426,0.4339618917165493,2.4337492320349607,6.6588987970338644,-0.2081868086921893,0.10900678400036667,0.15615683902929098,105.55669634052235,False,insufficient_egarch_obs
larger+VIX GM paper,Gross before costs,444,garch11_residual_fallback_insufficient_egarch_obs,60,ok,60,0.15913337464087363,0.4119542355171877,0.5718442130247758,0.8701045775783581,-0.6367949787338392,0.23292605201519223,0.2807727952938001,2.0925076418628414,False,insufficient_egarch_obs
larger+VIX GM paper,Gross before costs,445,garch11_residual_fallback_insufficient_egarch_obs,60,ok,60,0.8982064546113238,0.31423115479642394,2.2431888195462415,5.7382306793454125,-0.23906447581811852,0.07490433065028562,0.12197127427520045,24.644342118180152,False,insufficient_egarch_obs
larger+VIX GM paper,Gross before costs,446,garch11_residual_fallback_insufficient_egarch_obs,60,ok,60,0.0173726915064627,0.4658118305497318,0.28354745817295773,0.40348602336008643,-0.6588404169306534,0.2688809394758073,0.3271779038206094,1.0899344512556837,False,insufficient_egarch_obs
larger+VIX GM paper,Gross before costs,447,garch11_residual_fallback_insufficient_egarch_obs,60,ok,60,0.612115941896821,0.5791614651376251,1.1254870871739746,2.0285519386634707,-0.5711837457203234,0.2549147456336966,0.27585897741875604,10.888833654309916,False,insufficient_egarch_obs
larger+VIX GM paper,Gross before costs,448,garch11_residual_fallback_insufficient_egarch_obs,60,ok,60,0.17853603178171795,0.39503307173545704,0.6189729124205647,0.9476893909261065,-0.6614818134216278,0.1506061777423318,0.2617871943477818,2.2736013815348532,False,insufficient_egarch_obs
larger+VIX GM paper,Gross before costs,449,garch11_residual_fallback_insufficient_egarch_obs,60,ok,60,0.38553821823325474,0.4889080907514272,0.9325311446100202,1.464871777036319,-0.3966905908420697,0.19895423364346906,0.3318254903374761,5.106138007102526,False,insufficient_egarch_obs
larger+VIX GM paper,Gross before costs,450,garch11_residual_fallback_insufficient_egarch_obs,60,ok,60,0.20462531764818426,0.5611683569431529,0.6149438770622128,0.9782017378857859,-0.5716605195855846,0.27907514541156947,0.2954566712516607,2.5366464018084045,False,insufficient_egarch_obs
larger+VIX GM paper,Gross before costs,451,garch11_residual_fallback_insufficient_egarch_obs,60,ok,60,0.449915207085535,0.4529262241986895,1.0563193875535475,1.8563097381165319,-0.34559879040079056,0.155026146126709,0.2512087283245926,6.407860143636652,False,insufficient_egarch_obs
larger+VIX GM paper,Gross before costs,452,garch11_residual_fallback_insufficient_egarch_obs,60,ok,60,0.11982655639768325,0.5666294605380869,0.47366379003110065,0.8169410638548498,-0.6488964029022996,0.22179933188317727,0.288263763583293,1.7609775214440258,False,insufficient_egarch_obs
larger+VIX GM paper,Gross before costs,453,garch11_residual_fallback_insufficient_egarch_obs,60,ok,60,-0.026789822148456044,0.6119216252225974,0.26764976810385827,0.39319013901296307,-0.7475296008684823,0.3058044940066552,0.3187431189844097,0.8730381274945426,False,insufficient_egarch_obs
larger+VIX GM paper,Gross before costs,454,garch11_residual_fallback_insufficient_egarch_obs,60,ok,60,0.054603186679523796,0.5488484866597259,0.3862804398861609,0.5510862981303993,-0.8597061216907238,0.306813656752502,0.3411254969469502,1.3045039440685433,False,insufficient_egarch_obs
larger+VIX GM paper,Gross before costs,455,garch11_residual_fallback_insufficient_egarch_obs,60,ok,60,0.32577333529357366,0.371450050210351,0.9627850454197338,1.542600874241543,-0.4581524866434885,0.11717456938678114,0.24773991541836227,4.095872225469056,False,insufficient_egarch_obs
larger+VIX GM paper,Gross before costs,456,garch11_residual_fallback_insufficient_egarch_obs,60,ok,60,0.19432587308629756,0.36772975916864276,0.665758474196817,1.125423719392051,-0.43623728606417966,0.18106541083722358,0.20594737112812814,2.430044369719588,False,insufficient_egarch_obs
larger+VIX GM paper,Gross before costs,457,garch11_residual_fallback_insufficient_egarch_obs,60,ok,60,-0.010336277688280937,0.642397923917533,0.31344738815703704,0.4622268073560166,-0.6598746405384371,0.300774568062998,0.3348655877434219,0.9493760117394336,False,insufficient_egarch_obs
larger+VIX GM paper,Gross before costs,458,garch11_residual_fallback_insufficient_egarch_obs,60,ok,60,0.5600967113073969,0.35177411269107356,1.4591975654381895,2.775525673825986,-0.20099600808666473,0.13585939322863635,0.18699920131791548,9.24182215227103,False,insufficient_egarch_obs
larger+VIX GM paper,Gross before costs,459,garch11_residual_fallback_insufficient_egarch_obs,60,ok,60,0.5090920076757337,0.5095269015710592,1.0666593660301953,2.007516167592503,-0.6141479427375138,0.18426443875813525,0.2580000955165396,7.8266983366878184,False,insufficient_egarch_obs
larger+VIX GM paper,Gross before costs,460,garch11_residual_fallback_insufficient_egarch_obs,60,ok,60,0.19377967919002614,0.44710245599468895,0.6318965190703859,0.9523510801850754,-0.7089393985463164,0.15425900666018108,0.3236640653562119,2.424492861552781,False,insufficient_egarch_obs
larger+VIX GM paper,Gross before costs,461,garch11_residual_fallback_insufficient_egarch_obs,60,ok,60,-0.23346041841828746,0.7614930200828927,0.05725992193544896,0.08006227136007146,-0.9535134684552724,0.3846680393034919,0.41654511393186017,0.2646506265703407,False,insufficient_egarch_obs
larger+VIX GM paper,Gross before costs,462,garch11_residual_fallback_insufficient_egarch_obs,60,ok,60,-0.1259045801248111,0.534594665686116,0.0255785861210885,0.03594817281975481,-0.6652128236880269,0.23795592757600129,0.33536740372344437,0.5102631703121437,False,insufficient_egarch_obs
larger+VIX GM paper,Gross before costs,463,garch11_residual_fallback_insufficient_egarch_obs,60,ok,60,0.10642647351268142,0.5266782293224019,0.48613735314558254,0.67305530874186,-0.7801676896513647,0.29373494512566545,0.39800250789080877,1.6581079173768565,False,insufficient_egarch_obs
larger+VIX GM paper,Gross before costs,464,garch11_residual_fallback_insufficient_egarch_obs,60,ok,60,-0.05194900482017417,0.6437546519238162,0.2512198928497041,0.3730302899462802,-0.8285505920973195,0.30818484693715725,0.3925861009660417,0.765876056131526,False,insufficient_egarch_obs
larger+VIX GM paper,Gross before costs,465,garch11_residual_fallback_insufficient_egarch_obs,60,ok,60,-0.0426049695891193,0.49989903301879124,0.16662342370006925,0.24152543700284212,-0.4756841003537662,0.25910531041557894,0.28980613216792056,0.8043699621171544,False,insufficient_egarch_obs
larger+VIX GM paper,Gross before costs,466,garch11_residual_fallback_insufficient_egarch_obs,60,ok,60,0.5102733227122873,0.5193848656762623,1.055109059276553,2.0754617699964033,-0.39591162072744146,0.14826163739476897,0.26364195794739814,7.857379974759879,False,insufficient_egarch_obs
larger+VIX GM paper,Gross before costs,467,garch11_residual_fallback_insufficient_egarch_obs,60,ok,60,0.3514952276671719,0.5576570315995106,0.8164587451575998,1.4440246138943154,-0.6214542050720165,0.2328132569681715,0.2664836832724346,4.508920545412326,False,insufficient_egarch_obs
larger+VIX GM paper,Gross before costs,468,garch11_residual_fallback_insufficient_egarch_obs,60,ok,60,0.39037414984223684,0.743630888558771,0.8210897303719311,1.381814989031152,-0.764542926610425,0.3297723813116904,0.37577098391427666,5.195871756739083,False,insufficient_egarch_obs
larger+VIX GM paper,Gross before costs,469,garch11_residual_fallback_insufficient_egarch_obs,60,ok,60,0.2553699827185989,0.6252017035412809,0.6857909793858592,1.0739871026752268,-0.6387146874658955,0.2881933175709081,0.32965649942746933,3.117875001210456,False,insufficient_egarch_obs
larger+VIX GM paper,Gross before costs,470,garch11_residual_fallback_insufficient_egarch_obs,60,ok,60,0.17273350414679922,0.4576240649125406,0.5785417546187975,0.9047761967659239,-0.45452412880100357,0.21789941512043795,0.23056312194223194,2.218179381161412,False,insufficient_egarch_obs
larger+VIX GM paper,Gross before costs,471,garch11_residual_fallback_insufficient_egarch_obs,60,ok,60,0.8176986534272734,0.4784542131072374,1.511273840540361,2.976987007885813,-0.36081871970856527,0.19516070848114042,0.2424113452995675,19.84309572332959,False,insufficient_egarch_obs
larger+VIX GM paper,Gross before costs,472,garch11_residual_fallback_insufficient_egarch_obs,60,ok,60,0.1799727582283741,0.3640320948606361,0.6435472525076875,1.0146395305579592,-0.4317765496590913,0.14077364670667564,0.2485434732657991,2.287493690288034,False,insufficient_egarch_obs
larger+VIX GM paper,Gross before costs,473,garch11_residual_fallback_insufficient_egarch_obs,60,ok,60,0.48554303412310507,0.4401148554175289,1.1231178670825441,2.224745999825227,-0.4158422383346616,0.16249726693795122,0.20475229961770666,7.234794273445635,False,insufficient_egarch_obs
larger+VIX GM paper,Gross before costs,474,garch11_residual_fallback_insufficient_egarch_obs,60,ok,60,-0.09834947341117739,0.5731128697429445,0.0981512681172627,0.15198531493431056,-0.7371279601611989,0.25835247449816023,0.28712198980680004,0.5959244486242712,False,insufficient_egarch_obs
larger+VIX GM paper,Gross before costs,475,garch11_residual_fallback_insufficient_egarch_obs,60,ok,60,0.18539463349845442,0.5294207031025931,0.5888475910135164,0.9202207432348372,-0.4529790698510592,0.23684132176875405,0.25351547496493665,2.3405330813830134,False,insufficient_egarch_obs
larger+VIX GM paper,Gross before costs,476,garch11_residual_fallback_insufficient_egarch_obs,60,ok,60,0.0873239934296286,0.4280197529900038,0.40996545775790116,0.6311601926575747,-0.5983793413566358,0.18402964772951874,0.27382705297697635,1.5198294563611685,False,insufficient_egarch_obs
larger+VIX GM paper,Gross before costs,477,garch11_residual_fallback_insufficient_egarch_obs,60,ok,60,0.45783904432792544,0.5359919100821234,0.9807068855367835,1.6636515189063448,-0.4734051633169317,0.21464369941317477,0.31072139307389146,6.58488033901528,False,insufficient_egarch_obs
larger+VIX GM paper,Gross before costs,478,garch11_residual_fallback_insufficient_egarch_obs,60,ok,60,0.35850162424048704,0.54727369174139,0.8355777501918715,1.443790373789519,-0.6284383862991014,0.25423276181328847,0.2729971472912874,4.627013962265284,False,insufficient_egarch_obs
larger+VIX GM paper,Gross before costs,479,garch11_residual_fallback_insufficient_egarch_obs,60,ok,60,0.4262445908826977,0.5240271793350298,0.9590796227755465,1.5016874244217258,-0.6162939558177438,0.2790824161014889,0.32021890501701433,5.901603822006299,False,insufficient_egarch_obs
larger+VIX GM paper,Gross before costs,480,garch11_residual_fallback_insufficient_egarch_obs,60,ok,60,0.49754039441558096,0.48775184604066407,1.0775407061354665,1.9774808248840658,-0.5045066856680562,0.21685588442238032,0.25363309016757657,7.53169507513636,False,insufficient_egarch_obs
larger+VIX GM paper,Gross before costs,481,garch11_residual_fallback_insufficient_egarch_obs,60,ok,60,0.22552027393643725,0.4794251636470792,0.6721595918804764,1.077837200466228,-0.6832936199324646,0.19415739162038875,0.3094220165856712,2.764410291907379,False,insufficient_egarch_obs
larger+VIX GM paper,Gross before costs,482,garch11_residual_fallback_insufficient_egarch_obs,60,ok,60,-0.07117042514175309,0.5572154025949813,0.15849403265710188,0.22583522356988442,-0.7089401762255295,0.297042130567185,0.3588294759058735,0.6913216798884778,False,insufficient_egarch_obs
larger+VIX GM paper,Gross before costs,483,garch11_residual_fallback_insufficient_egarch_obs,60,ok,60,1.132942915279889,0.5220964471790421,1.7552177490144818,3.413525948190185,-0.47339977378664744,0.22189920167779836,0.28557444137333365,44.14648824489341,False,insufficient_egarch_obs
larger+VIX GM paper,Gross before costs,484,garch11_residual_fallback_insufficient_egarch_obs,60,ok,60,0.29688785902975323,0.4237791085412824,0.828950665349442,1.4073927708324163,-0.24999424751583843,0.16849391512072084,0.23059815940172682,3.668699350785909,False,insufficient_egarch_obs
larger+VIX GM paper,Gross before costs,485,garch11_residual_fallback_insufficient_egarch_obs,60,ok,60,0.17998291348799733,0.5093180193807456,0.5844371563006507,0.9171849139837984,-0.698363670063366,0.24491733500023283,0.28431690586978015,2.2875921268494097,False,insufficient_egarch_obs
larger+VIX GM paper,Gross before costs,486,garch11_residual_fallback_insufficient_egarch_obs,60,ok,60,-0.04681542579913145,0.6196462376211154,0.23944760670100987,0.36027031913957497,-0.700368582311995,0.3084421553223655,0.36616693768812253,0.7868374582105779,False,insufficient_egarch_obs
larger+VIX GM paper,Gross before costs,487,garch11_residual_fallback_insufficient_egarch_obs,60,ok,60,1.2064313249461964,0.5358569167934021,1.7716865627583447,4.482914665370473,-0.27963022148918437,0.10562842482692898,0.20907328539666573,52.294025341543886,False,insufficient_egarch_obs
larger+VIX GM paper,Gross before costs,488,garch11_residual_fallback_insufficient_egarch_obs,60,ok,60,-0.014994208138729426,0.5433502765471871,0.244079344949201,0.3708026705257167,-0.605974003929658,0.25621278499286304,0.3157875131539798,0.9272437631397638,False,insufficient_egarch_obs
larger+VIX GM paper,Gross before costs,489,garch11_residual_fallback_insufficient_egarch_obs,60,ok,60,0.15537608936999625,0.6089688386348555,0.543117559169445,0.8567665275626533,-0.5719822665116938,0.269694318015815,0.294644803081344,2.058812885188627,False,insufficient_egarch_obs
larger+VIX GM paper,Gross before costs,490,garch11_residual_fallback_insufficient_egarch_obs,60,ok,60,0.31621879967068445,0.5233104201430951,0.794798518406308,1.3094816768299464,-0.5027265199522397,0.22209714257447918,0.3033635874108469,3.9503943175404124,False,insufficient_egarch_obs
larger+VIX GM paper,Gross before costs,491,garch11_residual_fallback_insufficient_egarch_obs,60,ok,60,1.2255498732452357,0.6225755400429249,1.6270992121672794,3.4542561178348516,-0.40882143186883546,0.19068891058468224,0.288712762795858,54.5992472290507,False,insufficient_egarch_obs
larger+VIX GM paper,Gross before costs,492,garch11_residual_fallback_insufficient_egarch_obs,60,ok,60,0.23814378829929495,0.46839853329958847,0.6891986598511004,1.1664984884968272,-0.371303902106526,0.23629830883812294,0.2608744842862329,2.9097482510602077,False,insufficient_egarch_obs
larger+VIX GM paper,Gross before costs,493,garch11_residual_fallback_insufficient_egarch_obs,60,ok,60,0.3454431281546708,0.445027266768104,0.8964431713910604,1.4780226381294996,-0.48938365848177334,0.2132472409460133,0.23588098891654438,4.408864223178031,False,insufficient_egarch_obs
larger+VIX GM paper,Gross before costs,494,garch11_residual_fallback_insufficient_egarch_obs,60,ok,60,-0.05203370074400182,0.5166889055765784,0.15088412057522838,0.23122808707328904,-0.7147580326335935,0.2542077383449458,0.2780321836287201,0.7655340123410543,False,insufficient_egarch_obs
larger+VIX GM paper,Gross before costs,495,garch11_residual_fallback_insufficient_egarch_obs,60,ok,60,0.8764909496676521,0.4845739718805581,1.5592980733677297,3.54670181843984,-0.32286273150000666,0.12894058605352343,0.20502988683599213,23.26657038657625,False,insufficient_egarch_obs
larger+VIX GM paper,Gross before costs,496,garch11_residual_fallback_insufficient_egarch_obs,60,ok,60,0.5403195049594394,0.378935286718348,1.3469458517617776,2.4310031563717422,-0.35255362887231667,0.17998568973206722,0.2182525666056788,8.670698288280672,False,insufficient_egarch_obs
larger+VIX GM paper,Gross before costs,497,garch11_residual_fallback_insufficient_egarch_obs,60,ok,60,0.2579839420461314,0.5404444445894018,0.6905203100131855,1.2047936162129684,-0.5064518789623254,0.251256483617268,0.27543712819480276,3.150471006831305,False,insufficient_egarch_obs
larger+VIX GM paper,Gross before costs,498,garch11_residual_fallback_insufficient_egarch_obs,60,ok,60,0.15629375502631304,0.3797452986613935,0.5698703283463534,0.9524210083732679,-0.5798616999635725,0.17740839788480436,0.20499961278810272,2.067002017119041,False,insufficient_egarch_obs
larger+VIX GM paper,Gross before costs,499,garch11_residual_fallback_insufficient_egarch_obs,60,ok,60,0.3600640177117551,0.594791356218789,0.8260181593311442,1.3282559213703264,-0.6245637065099428,0.2844382856033726,0.3149887285444779,4.653682550107523,False,insufficient_egarch_obs
larger+VIX GM paper,Gross before costs,500,garch11_residual_fallback_insufficient_egarch_obs,60,ok,60,0.11297590711717187,0.8044404350842524,0.5390189016337769,0.8725948111445998,-0.5620451726587392,0.3608674895151316,0.39371983089205603,1.7077677806574787,False,insufficient_egarch_obs
larger+VIX GM paper,Gross before costs,501,garch11_residual_fallback_insufficient_egarch_obs,60,ok,60,0.08318730685832465,0.5072059894659794,0.4261134336429802,0.6115880158827499,-0.7500334164338087,0.26830180562839784,0.32293547260901817,1.491137907195241,False,insufficient_egarch_obs
larger+VIX GM paper,Gross before costs,502,garch11_residual_fallback_insufficient_egarch_obs,60,ok,60,0.3951565866372475,0.5963455519887755,0.8577719536823105,1.4885996895379112,-0.4966132463632288,0.2660666553391895,0.29334697007890226,5.285849198465042,False,insufficient_egarch_obs
larger+VIX GM paper,Gross before costs,503,garch11_residual_fallback_insufficient_egarch_obs,60,ok,60,0.44867477154807767,0.41113569953060414,1.1124159391468231,2.120229834991173,-0.35190271929679395,0.17824262992140505,0.18890724814760285,6.38049665119718,False,insufficient_egarch_obs
larger+VIX GM paper,Gross before costs,504,garch11_residual_fallback_insufficient_egarch_obs,60,ok,60,0.16501863871237132,0.4917580106813273,0.5673092617160527,0.8265380834245328,-0.6605528741243263,0.2278384210637928,0.2763950350559505,2.146171224825867,False,insufficient_egarch_obs
larger+VIX GM paper,Gross before costs,505,garch11_residual_fallback_insufficient_egarch_obs,60,ok,60,0.24645788093565568,0.36985325283559156,0.7803568264106663,1.3555095860856865,-0.3242774699407418,0.14977801206297028,0.19551774776644812,3.008763411901051,False,insufficient_egarch_obs
larger+VIX GM paper,Gross before costs,506,garch11_residual_fallback_insufficient_egarch_obs,60,ok,60,0.593198538283001,0.35950381510054275,1.4953177740125132,2.9818632991948966,-0.2824477940803789,0.08143572444581114,0.19092320692236556,10.264776469657162,False,insufficient_egarch_obs
larger+VIX GM paper,Gross before costs,507,garch11_residual_fallback_insufficient_egarch_obs,60,ok,60,0.6725644154726438,0.39588628883265375,1.5218605771304183,2.8502571247859514,-0.2754294200482018,0.11250386751583337,0.22299487559218156,13.089234962719265,False,insufficient_egarch_obs
larger+VIX GM paper,Gross before costs,508,garch11_residual_fallback_insufficient_egarch_obs,60,ok,60,-0.24314506738783226,0.7646455053343306,0.028924285828087835,0.04215997612944454,-0.8996816702235753,0.3287193026843669,0.40232927484730624,0.2483494647846979,False,insufficient_egarch_obs
larger+VIX GM paper,Gross before costs,509,garch11_residual_fallback_insufficient_egarch_obs,60,ok,60,0.41379390269145566,0.4024994964610429,1.0683248599449326,1.9267355259979448,-0.458028807868197,0.15738832351515727,0.22507798830784312,5.648466035644823,False,insufficient_egarch_obs
larger+VIX GM paper,Gross before costs,510,garch11_residual_fallback_insufficient_egarch_obs,60,ok,60,0.43073803210930706,0.627146873059697,0.895742695592093,1.5031945373550086,-0.5803286767855957,0.3013082925753228,0.3448586147692649,5.995157664847358,False,insufficient_egarch_obs
larger+VIX GM paper,Gross before costs,511,garch11_residual_fallback_insufficient_egarch_obs,60,ok,60,-0.14928517375046857,0.6565789401852976,0.08726141046735285,0.12731930540107803,-0.7597630130506514,0.3102392605842845,0.33402346433961966,0.44557417202454896,False,insufficient_egarch_obs
larger+VIX GM paper,Gross before costs,512,garch11_residual_fallback_insufficient_egarch_obs,60,ok,60,0.5980143957371773,0.4057963717700141,1.3678030036886877,3.0725410435177336,-0.27021789231826243,0.12803797581694937,0.15919338951454928,10.420857009121624,False,insufficient_egarch_obs
larger+VIX GM paper,Gross before costs,513,garch11_residual_fallback_insufficient_egarch_obs,60,ok,60,0.12616733150264392,0.6529409702385609,0.5133831702920977,0.7980203978878128,-0.6939054515485352,0.28489716959800715,0.3430362206642745,1.811401089586058,False,insufficient_egarch_obs
larger+VIX GM paper,Gross before costs,514,garch11_residual_fallback_insufficient_egarch_obs,60,ok,60,0.8116885572665813,0.5521932279825731,1.3733146741878495,2.607308895986279,-0.38605684981954447,0.22367341653130254,0.31835153674399597,19.517208718849137,False,insufficient_egarch_obs
larger+VIX GM paper,Gross before costs,515,garch11_residual_fallback_insufficient_egarch_obs,60,ok,60,0.8961381625563363,0.44144104785475163,1.6903920313488467,4.206625703760834,-0.22363357877500445,0.11422972182788191,0.14929619231142385,24.510371600947455,False,insufficient_egarch_obs
larger+VIX GM paper,Gross before costs,516,garch11_residual_fallback_insufficient_egarch_obs,60,ok,60,0.22901456181599,0.6304046822627059,0.6508842411119571,1.0308669042731884,-0.5976029438658303,0.27531840172672567,0.3632966585174347,2.804046058699424,False,insufficient_egarch_obs
larger+VIX GM paper,Gross before costs,517,garch11_residual_fallback_insufficient_egarch_obs,60,ok,60,-0.05957294678628777,0.7391700756461568,0.3123856517564968,0.45089584123705456,-0.9081659458851332,0.3763898455314919,0.429110424045594,0.735572644623668,False,insufficient_egarch_obs
larger+VIX GM paper,Gross before costs,518,garch11_residual_fallback_insufficient_egarch_obs,60,ok,60,0.5194328719909658,0.46225635072459087,1.1473800667110894,2.059193529522501,-0.3845513458043164,0.17121595853806348,0.2536244686649911,8.098555994599707,False,insufficient_egarch_obs
larger+VIX GM paper,Gross before costs,519,garch11_residual_fallback_insufficient_egarch_obs,60,ok,60,0.030150671843311105,0.44603776222250957,0.2879793701158794,0.4389037374433706,-0.708164773259738,0.2072474695471152,0.24558528714773722,1.160122234842551,False,insufficient_egarch_obs
larger+VIX GM paper,Gross before costs,520,garch11_residual_fallback_insufficient_egarch_obs,60,ok,60,0.7265067802548333,0.4127435117946713,1.547564412321057,3.4011253648162847,-0.39305133086569355,0.10469843233579361,0.18248215655333308,15.340568036907843,False,insufficient_egarch_obs
larger+VIX GM paper,Gross before costs,521,garch11_residual_fallback_insufficient_egarch_obs,60,ok,60,0.6403634006477141,0.6027493032386662,1.1278217092816656,2.166736201853027,-0.4199113748927922,0.24207991790377884,0.2891016512829316,11.876824916019276,False,insufficient_egarch_obs
larger+VIX GM paper,Gross before costs,522,garch11_residual_fallback_insufficient_egarch_obs,60,ok,60,0.5205309674133982,0.5657791489976155,1.028323726414329,1.863547715530403,-0.5700140595525898,0.22215751609749876,0.2651291676191101,8.127862490009635,False,insufficient_egarch_obs
larger+VIX GM paper,Gross before costs,523,garch11_residual_fallback_insufficient_egarch_obs,60,ok,60,0.451495178869352,0.6371187933803429,0.9149140929209062,1.5539450470396614,-0.7392583010195863,0.2604908604867826,0.3521478307287856,6.442849524334312,False,insufficient_egarch_obs
larger+VIX GM paper,Gross before costs,524,garch11_residual_fallback_insufficient_egarch_obs,60,ok,60,-0.010517964019221115,0.55822486943754,0.2740668859381462,0.3873804449189504,-0.6359182189229966,0.28077950961718884,0.3331014562782653,0.9485048808708564,False,insufficient_egarch_obs
larger+VIX GM paper,Gross before costs,525,garch11_residual_fallback_insufficient_egarch_obs,60,ok,60,0.08234350488230313,0.5314077470022068,0.43279020511873023,0.614997942511808,-0.5688007969417195,0.2806301531273595,0.35753501782398484,1.4853389732592832,False,insufficient_egarch_obs
larger+VIX GM paper,Gross before costs,526,garch11_residual_fallback_insufficient_egarch_obs,60,ok,60,0.36367915030710307,0.6351552067754814,0.8255978795491165,1.2894094824199316,-0.71386381602858,0.31949134140226126,0.35794009427177853,4.7158610726583055,False,insufficient_egarch_obs
larger+VIX GM paper,Gross before costs,527,garch11_residual_fallback_insufficient_egarch_obs,60,ok,60,0.15992450461944463,0.4710731906174208,0.5527086201243474,0.8609993610087195,-0.5148928821298113,0.22957396892041937,0.2638999467315187,2.099658272020638,False,insufficient_egarch_obs
larger+VIX GM paper,Gross before costs,528,garch11_residual_fallback_insufficient_egarch_obs,60,ok,60,0.13139892045879464,0.5354392969972914,0.5012607332291747,0.779961886553449,-0.43029253846336124,0.26389072764733934,0.30244726216843687,1.853867965914903,False,insufficient_egarch_obs
larger+VIX GM paper,Gross before costs,529,garch11_residual_fallback_insufficient_egarch_obs,60,ok,60,0.29234139932941017,0.4619707968123808,0.7859797188276662,1.3853574017278436,-0.6130325592120325,0.1521968039306568,0.2623134877711886,3.604842415818398,False,insufficient_egarch_obs
larger+VIX GM paper,Gross before costs,530,garch11_residual_fallback_insufficient_egarch_obs,60,ok,60,0.10376496581808059,0.4715330004181732,0.4524716713401649,0.6900582353878743,-0.4353397917000996,0.20289518458911593,0.3100184649078297,1.638260747952084,False,insufficient_egarch_obs
larger+VIX GM paper,Gross before costs,531,garch11_residual_fallback_insufficient_egarch_obs,60,ok,60,0.04353778806479425,0.4166234845645868,0.3083754009678083,0.4807403577752955,-0.6450171470614039,0.19065435764746333,0.2621541351625643,1.2374877277422283,False,insufficient_egarch_obs
larger+VIX GM paper,Gross before costs,532,garch11_residual_fallback_insufficient_egarch_obs,60,ok,60,0.0689824324952324,0.7392090164741472,0.46638668155855856,0.7198907690658682,-0.7196092425152246,0.344523206770528,0.38506086743319773,1.3958952861465752,False,insufficient_egarch_obs
larger+VIX GM paper,Gross before costs,533,garch11_residual_fallback_insufficient_egarch_obs,60,ok,60,0.7094738201173407,0.5046363675222015,1.3368037805172186,2.3929505085512908,-0.35090083059557275,0.23535223265511865,0.27093683732723123,14.59863568544993,False,insufficient_egarch_obs
larger+VIX GM paper,Gross before costs,534,garch11_residual_fallback_insufficient_egarch_obs,60,ok,60,0.10304135717283791,0.6558473054054261,0.4832001190016871,0.7513793387655464,-0.6826673411896258,0.30706298651853964,0.3551525433122717,1.6328977116025636,False,insufficient_egarch_obs
larger+VIX GM paper,Gross before costs,535,garch11_residual_fallback_insufficient_egarch_obs,60,ok,60,0.020873525469719878,0.5537728462519244,0.31114005540007716,0.4880149144880991,-0.8009450593464106,0.253010218073905,0.3001136718311789,1.108816567955794,False,insufficient_egarch_obs
larger+VIX GM paper,Gross before costs,536,garch11_residual_fallback_insufficient_egarch_obs,60,ok,60,0.6308304957582436,0.4237550741488232,1.3835268083685501,2.6340665638481258,-0.36120237297880475,0.19330253401374198,0.23191805104697794,11.535704425850145,False,insufficient_egarch_obs
larger+VIX GM paper,Gross before costs,537,garch11_residual_fallback_insufficient_egarch_obs,60,ok,60,-0.044474170786908185,0.5169558192296109,0.1693316989977858,0.2507949527849265,-0.7776918180531908,0.24165470301547493,0.2576471822610771,0.7965483745177273,False,insufficient_egarch_obs
larger+VIX GM paper,Gross before costs,538,garch11_residual_fallback_insufficient_egarch_obs,60,ok,60,-0.27377107899998454,0.8197132087414837,0.0440649180392971,0.06273525984024053,-0.9713133711909473,0.39923586854401255,0.42798665265453645,0.20200759598755427,False,insufficient_egarch_obs
larger+VIX GM paper,Gross before costs,539,garch11_residual_fallback_insufficient_egarch_obs,60,ok,60,0.2522013629914779,0.5009319666903759,0.7017489262334239,1.1537188219874526,-0.5747263572185172,0.24392271340207256,0.2579802885423122,3.0787247345791724,False,insufficient_egarch_obs
larger+VIX GM paper,Gross before costs,540,garch11_residual_fallback_insufficient_egarch_obs,60,ok,60,0.3609702445372167,0.5477588662685713,0.8570300602078702,1.3222422463492298,-0.5355646344320546,0.2639971818154663,0.33632369872110135,4.669207244969723,False,insufficient_egarch_obs
larger+VIX GM paper,Gross before costs,541,garch11_residual_fallback_insufficient_egarch_obs,60,ok,60,0.2113312097838893,0.5336209581797753,0.6280993325232151,1.0335542227714252,-0.5002943196577562,0.22329986537819307,0.3300400727987884,2.6080417208183153,False,insufficient_egarch_obs
larger+VIX GM paper,Gross before costs,542,garch11_residual_fallback_insufficient_egarch_obs,60,ok,60,0.3432386242184873,0.581499883141627,0.7957379487965485,1.38181895139645,-0.4373220379037269,0.27051047206141504,0.2865100447800772,4.372862848596824,False,insufficient_egarch_obs
larger+VIX GM paper,Gross before costs,543,garch11_residual_fallback_insufficient_egarch_obs,60,ok,60,0.19792126706715685,0.6273758595442719,0.5932099172513347,1.0121666759350914,-0.5516008062312877,0.2373279113632726,0.30541904852867513,2.466842236853488,False,insufficient_egarch_obs
larger+VIX GM paper,Gross before costs,544,garch11_residual_fallback_insufficient_egarch_obs,60,ok,60,0.4876537538854797,0.40550892909165637,1.1940822253666283,2.167164433724252,-0.3077072306492009,0.1877115513815627,0.2218017581991787,7.286337981164291,False,insufficient_egarch_obs
larger+VIX GM paper,Gross before costs,545,garch11_residual_fallback_insufficient_egarch_obs,60,ok,60,-0.052544348832074816,0.6825787390095206,0.28006478088859904,0.4026838769293096,-0.8331013419702932,0.347706573079357,0.37646464570660615,0.7634743528947484,False,insufficient_egarch_obs
larger+VIX GM paper,Gross before costs,546,garch11_residual_fallback_insufficient_egarch_obs,60,ok,60,0.3927178756259415,0.4803888928774198,0.939959336966192,1.5818586515038684,-0.4790844537710207,0.26877322848005725,0.2797573361595833,5.2398125307929035,False,insufficient_egarch_obs
larger+VIX GM paper,Gross before costs,547,garch11_residual_fallback_insufficient_egarch_obs,60,ok,60,1.2814419557005174,0.6545340522556472,1.621755690800748,3.2524764199256566,-0.4454580875302151,0.25207360213628416,0.32824567633748747,61.80834568955704,False,insufficient_egarch_obs
larger+VIX GM paper,Gross before costs,548,garch11_residual_fallback_insufficient_egarch_obs,60,ok,60,0.22631405651052994,0.46788473216771437,0.6717914404106438,1.114506578021727,-0.4034893048392455,0.20329652671750412,0.2701250809754643,2.7733745873242475,False,insufficient_egarch_obs
larger+VIX GM paper,Gross before costs,549,garch11_residual_fallback_insufficient_egarch_obs,60,ok,60,0.30039269188610773,0.6090034883778913,0.7316465475063263,1.2639978396516751,-0.5440116262966412,0.2735321519634194,0.294681978943301,3.7185412254290853,False,insufficient_egarch_obs
larger+VIX GM paper,Gross before costs,550,garch11_residual_fallback_insufficient_egarch_obs,60,ok,60,1.1283501832670155,0.40693214158178836,2.105751318522014,5.077564640431828,-0.346353670499142,0.10984038337415111,0.1771097165184974,43.6732413616969,False,insufficient_egarch_obs
larger+VIX GM paper,Gross before costs,551,garch11_residual_fallback_insufficient_egarch_obs,60,ok,60,-0.004320040246433177,0.4266242805273245,0.20522686808335466,0.2950502388371527,-0.5619895151027658,0.23409251287394733,0.24535122508670648,0.9785856217469152,False,insufficient_egarch_obs
larger+VIX GM paper,Gross before costs,552,garch11_residual_fallback_insufficient_egarch_obs,60,ok,60,0.6470274628374302,0.6625079459257591,1.1036004256863088,1.8875181028439354,-0.5191170918136224,0.3250511157162875,0.3480569801836532,12.120044201075288,False,insufficient_egarch_obs
larger+VIX GM paper,Gross before costs,553,garch11_residual_fallback_insufficient_egarch_obs,60,ok,60,0.8861550551395543,0.3898625276638487,1.8538081231779262,4.331814532634859,-0.3268480077015452,0.09900533537408109,0.17921429843383654,23.871898518120087,False,insufficient_egarch_obs
larger+VIX GM paper,Gross before costs,554,garch11_residual_fallback_insufficient_egarch_obs,60,ok,60,0.06152452233012862,0.46547486744211924,0.36873862400207635,0.5307341939316355,-0.5443672509229336,0.2584881598488632,0.2834622897291634,1.3478766702412568,False,insufficient_egarch_obs
larger+VIX GM paper,Gross before costs,555,garch11_residual_fallback_insufficient_egarch_obs,60,ok,60,0.4427875919783819,0.4101500352025376,1.0989580554999645,2.3297883467838862,-0.3166952747069327,0.12416755412969248,0.16144141785153915,6.251899579272051,False,insufficient_egarch_obs
larger+VIX GM paper,Gross before costs,556,garch11_residual_fallback_insufficient_egarch_obs,60,ok,60,0.03878886950224136,0.4522506190820604,0.31629016344561334,0.44959715068793477,-0.5812708456079629,0.22588493024590192,0.2578804882966239,1.2095851262181065,False,insufficient_egarch_obs
larger+VIX GM paper,Gross before costs,557,garch11_residual_fallback_insufficient_egarch_obs,60,ok,60,-0.01456614586403815,0.6058913493391703,0.2790124729211365,0.4362353847543351,-0.8107706760142663,0.2509066594929439,0.3396867604889264,0.9292603157923022,False,insufficient_egarch_obs
larger+VIX GM paper,Gross before costs,558,garch11_residual_fallback_insufficient_egarch_obs,60,ok,60,-0.13760278334236087,0.7601685872025419,0.19443968049712337,0.29121352072879564,-0.799455370681251,0.3550350494463554,0.410661725338737,0.47702015689168015,False,insufficient_egarch_obs
larger+VIX GM paper,Gross before costs,559,garch11_residual_fallback_insufficient_egarch_obs,60,ok,60,0.812297727304518,0.513286939595977,1.43268868044117,2.932124704991537,-0.5232174130622103,0.18545410969852816,0.25817717900890996,19.550043548091345,False,insufficient_egarch_obs
larger+VIX GM paper,Gross before costs,560,garch11_residual_fallback_insufficient_egarch_obs,60,ok,60,0.059893567796465375,0.5125056528017271,0.37125653455921226,0.5664091829950714,-0.6587560954804432,0.24606288541109153,0.27744491349068984,1.3375538714787076,False,insufficient_egarch_obs
larger+VIX GM paper,Gross before costs,561,garch11_residual_fallback_insufficient_egarch_obs,60,ok,60,-0.01847283034012903,0.5526122743841417,0.25723833482984637,0.35937788776358354,-0.7197228125852464,0.3003234984651648,0.32053651608959843,0.9109858453032841,False,insufficient_egarch_obs
larger+VIX GM paper,Gross before costs,562,garch11_residual_fallback_insufficient_egarch_obs,60,ok,60,0.12527213594919373,0.687549553551429,0.5162708450015866,0.822138780619939,-0.63785206382751,0.29582958959552513,0.36692271527191433,1.8042130712693585,False,insufficient_egarch_obs
larger+VIX GM paper,Gross before costs,563,garch11_residual_fallback_insufficient_egarch_obs,60,ok,60,-0.3046489447310057,0.6026548823531498,-0.2895359769678253,-0.39512458323697314,-0.9069971405930556,0.29371362003141926,0.3194852249434948,0.16256258266660845,False,insufficient_egarch_obs
larger+VIX GM paper,Gross before costs,564,garch11_residual_fallback_insufficient_egarch_obs,60,ok,60,-0.3739199564273964,0.6858704794633365,-0.3086357700474955,-0.4054077977693702,-0.9212622390019157,0.32446025291388925,0.40105738118623996,0.09619429230488975,False,insufficient_egarch_obs
larger+VIX GM paper,Gross before costs,565,garch11_residual_fallback_insufficient_egarch_obs,60,ok,60,0.0746887253139008,0.44175683288248363,0.391116592770858,0.5675404577454326,-0.5510161215702813,0.22536167193130238,0.2688486127342096,1.433552040821094,False,insufficient_egarch_obs
larger+VIX GM paper,Gross before costs,566,garch11_residual_fallback_insufficient_egarch_obs,60,ok,60,0.28367218496504343,0.5235301646625691,0.7382594036375881,1.2596151628506607,-0.6050502294482543,0.17991780267712443,0.29016026886084567,3.4855446813070823,False,insufficient_egarch_obs
larger+VIX GM paper,Gross before costs,567,garch11_residual_fallback_insufficient_egarch_obs,60,ok,60,0.3942726622819708,0.5151140310655082,0.9043160285578791,1.6323306446930428,-0.5042052107121593,0.2439211830741799,0.27066279220781175,5.269125720160837,False,insufficient_egarch_obs
larger+VIX GM paper,Gross before costs,568,garch11_residual_fallback_insufficient_egarch_obs,60,ok,60,-0.4736106150548477,0.7685464215599473,-0.4169935707299441,-0.5594600668751831,-0.9847255102126925,0.37224797775373525,0.4357768699187752,0.04041435146714582,False,insufficient_egarch_obs
larger+VIX GM paper,Gross before costs,569,garch11_residual_fallback_insufficient_egarch_obs,60,ok,60,0.3072945566425038,0.37175991155592164,0.9096037978435487,1.615761579321621,-0.39821099233700197,0.18342638068480338,0.21234342864403255,3.818275530177913,False,insufficient_egarch_obs
larger+VIX GM paper,Gross before costs,570,garch11_residual_fallback_insufficient_egarch_obs,60,ok,60,0.914483947646318,0.46041926791768656,1.6676342237612964,3.5718464821672296,-0.2794729452352698,0.1275860986611557,0.22862915785337648,25.719270514867485,False,insufficient_egarch_obs
larger+VIX GM paper,Gross before costs,571,garch11_residual_fallback_insufficient_egarch_obs,60,ok,60,0.4463366581742487,0.555581970724457,0.946651443176905,1.702572047443103,-0.5481424167519314,0.22580095671315184,0.32037311873056823,6.329173030694889,False,insufficient_egarch_obs
larger+VIX GM paper,Gross before costs,572,garch11_residual_fallback_insufficient_egarch_obs,60,ok,60,0.8030575213996274,0.5434231634318603,1.37265920415068,2.7923315610621273,-0.37558545192159554,0.19475653665791234,0.2609773528157423,19.056709310953366,False,insufficient_egarch_obs
larger+VIX GM paper,Gross before costs,573,garch11_residual_fallback_insufficient_egarch_obs,60,ok,60,0.009460366882493743,0.6702811818163027,0.35259875277454994,0.5416799876280429,-0.8046399187600166,0.2862142380178696,0.3592413206122353,1.0482053268440898,False,insufficient_egarch_obs
larger+VIX GM paper,Gross before costs,574,garch11_residual_fallback_insufficient_egarch_obs,60,ok,60,-0.201738890405464,0.6548625972119856,0.0032438890514817804,0.004431405591105683,-0.8746475301537442,0.31749422395361543,0.35135811004354367,0.32413420038326396,False,insufficient_egarch_obs
larger+VIX GM paper,Gross before costs,575,garch11_residual_fallback_insufficient_egarch_obs,60,ok,60,0.2675979489854128,0.468744775295633,0.7523953412911204,1.1456734182566213,-0.5300879728215044,0.23552767829355026,0.2849247089442499,3.2727108710368356,False,insufficient_egarch_obs
larger+VIX GM paper,Gross before costs,576,garch11_residual_fallback_insufficient_egarch_obs,60,ok,60,0.45236476660378133,0.4274846155564555,1.098271546165338,1.8890202676183292,-0.5931306426924312,0.2114651671942284,0.23398390688189794,6.462172151323307,False,insufficient_egarch_obs
larger+VIX GM paper,Gross before costs,577,garch11_residual_fallback_insufficient_egarch_obs,60,ok,60,-0.15495344538906797,0.5713835961929631,0.0005170275549828575,0.0007231845808857057,-0.6094204621295789,0.29773890949140475,0.3226089487973764,0.4309264751877834,False,insufficient_egarch_obs
larger+VIX GM paper,Gross before costs,578,garch11_residual_fallback_insufficient_egarch_obs,60,ok,60,-0.12828540013903422,0.6422438455646664,0.1221002740275504,0.17198924073364755,-0.827662476704608,0.3280207525635699,0.34127780372733696,0.5033517687208324,False,insufficient_egarch_obs
larger+VIX GM paper,Gross before costs,579,garch11_residual_fallback_insufficient_egarch_obs,60,ok,60,0.06411979421682323,0.6791553198669442,0.43505996503691824,0.6782605689847397,-0.7542284170473077,0.3137030570964646,0.35404986196022414,1.3644342388128996,False,insufficient_egarch_obs
larger+VIX GM paper,Gross before costs,580,garch11_residual_fallback_insufficient_egarch_obs,60,ok,60,0.6761981504620316,0.5793858542549264,1.1888476088274202,2.252365666011422,-0.5394952924465224,0.24891259601426471,0.29677523219822743,13.232039405915607,False,insufficient_egarch_obs
larger+VIX GM paper,Gross before costs,581,garch11_residual_fallback_insufficient_egarch_obs,60,ok,60,0.6212492842995223,0.5747014071097263,1.1463176890381654,1.9480767112666013,-0.5925942979846455,0.2601883197191205,0.28835417489430704,11.200798562618782,False,insufficient_egarch_obs
larger+VIX GM paper,Gross before costs,582,garch11_residual_fallback_insufficient_egarch_obs,60,ok,60,-0.613718691565609,0.7735182377709422,-0.7415068300557596,-0.8722771854956187,-0.9927326324603681,0.4447001708604213,0.49849533680777197,0.008600396405697408,False,insufficient_egarch_obs
larger+VIX GM paper,Gross before costs,583,garch11_residual_fallback_insufficient_egarch_obs,60,ok,60,-0.17447511193175347,0.7487330311019944,0.12001723998178855,0.18099207319216465,-0.8053430991706567,0.3458128563318904,0.3624164397321234,0.38339889328101373,False,insufficient_egarch_obs
larger+VIX GM paper,Gross before costs,584,garch11_residual_fallback_insufficient_egarch_obs,60,ok,60,1.1425257906530635,0.6074682765874988,1.599934275800017,3.033631177556069,-0.44082156339660516,0.26555895774325,0.34793849764075513,45.147145050134945,False,insufficient_egarch_obs
larger+VIX GM paper,Gross before costs,585,garch11_residual_fallback_insufficient_egarch_obs,60,ok,60,0.5071843758880659,0.4098333949110758,1.2266971487254015,2.0024236192494147,-0.2791439173157637,0.23226256685017077,0.24767907285862004,7.777354893113889,False,insufficient_egarch_obs
larger+VIX GM paper,Gross before costs,586,garch11_residual_fallback_insufficient_egarch_obs,60,ok,60,-0.239961864468618,0.9097179764161261,0.18413137051256268,0.271929821395766,-0.9348408035789718,0.48234993959898187,0.4934983884958093,0.25361615819992167,False,insufficient_egarch_obs
larger+VIX GM paper,Gross before costs,587,garch11_residual_fallback_insufficient_egarch_obs,60,ok,60,-0.037636369138570824,0.5709948920166091,0.21793978506357958,0.3299609109075603,-0.6708100501416268,0.2575726965781209,0.29585578268081053,0.8254599561496403,False,insufficient_egarch_obs
larger+VIX GM paper,Gross before costs,588,garch11_residual_fallback_insufficient_egarch_obs,60,ok,60,0.09463101228048165,0.5226886780849779,0.4422927773357389,0.6698232107352458,-0.7809760047993125,0.31130428274043737,0.3218570052052147,1.5715881317369087,False,insufficient_egarch_obs
larger+VIX GM paper,Gross before costs,589,garch11_residual_fallback_insufficient_egarch_obs,60,ok,60,0.3362268134450561,0.4501630926861787,0.8730472390504492,1.5268042051862605,-0.517565680423322,0.1861172549947199,0.2641886412616022,4.259914783631652,False,insufficient_egarch_obs
larger+VIX GM paper,Gross before costs,590,garch11_residual_fallback_insufficient_egarch_obs,60,ok,60,0.7100011922931899,0.45749874141537455,1.4160177391765338,2.960446065845901,-0.43044748500273955,0.1287507785359012,0.2322055445379596,14.621167957855901,False,insufficient_egarch_obs
larger+VIX GM paper,Gross before costs,591,garch11_residual_fallback_insufficient_egarch_obs,60,ok,60,-0.05770226326253458,0.720057587254383,0.28230494574273957,0.42871368069215543,-0.8704989640906945,0.33551116951477755,0.36368767343736735,0.7429177590262568,False,insufficient_egarch_obs
larger+VIX GM paper,Gross before costs,592,garch11_residual_fallback_insufficient_egarch_obs,60,ok,60,-0.018680938653589996,0.5183690080365049,0.22733960372155165,0.32998238974013655,-0.6801011023944645,0.2612399904825583,0.2898548865952945,0.9100204958062533,False,insufficient_egarch_obs
larger+VIX GM paper,Gross before costs,593,garch11_residual_fallback_insufficient_egarch_obs,60,ok,60,0.5418925630751352,0.43778917965889935,1.2233951678894297,2.1916868364612423,-0.3073027303104132,0.1808760079801001,0.24031172119704516,8.715063757773537,False,insufficient_egarch_obs
larger+VIX GM paper,Gross before costs,594,garch11_residual_fallback_insufficient_egarch_obs,60,ok,60,0.2454704248170796,0.5069475608339827,0.6878680587733388,1.131243206396964,-0.4737949862521742,0.2611042582698389,0.27448187137088936,2.9968644208944815,False,insufficient_egarch_obs
larger+VIX GM paper,Gross before costs,595,garch11_residual_fallback_insufficient_egarch_obs,60,ok,60,0.12883265577680736,0.6048171393427693,0.5117425242215281,0.7690214179184386,-0.7793869418433824,0.29129311317977774,0.31332496630653156,1.8329382014996467,False,insufficient_egarch_obs
larger+VIX GM paper,Gross before costs,596,garch11_residual_fallback_insufficient_egarch_obs,60,ok,60,1.109911898065664,0.4864207957098026,1.826558298981774,3.408144407467521,-0.5199061923550636,0.24490301363688702,0.2799880970293524,41.813989506380004,False,insufficient_egarch_obs
larger+VIX GM paper,Gross before costs,597,garch11_residual_fallback_insufficient_egarch_obs,60,ok,60,0.22592815871187977,0.5216834530729026,0.6495723158981503,1.10180440500916,-0.450104648988233,0.2263373760621037,0.2914196126652109,2.76901369059325,False,insufficient_egarch_obs
larger+VIX GM paper,Gross before costs,598,garch11_residual_fallback_insufficient_egarch_obs,60,ok,60,0.15585697941150922,0.4479722154986047,0.5523889564452704,0.8256569573025689,-0.548286419068537,0.21672533456226195,0.25332001297107126,2.063101043532702,False,insufficient_egarch_obs
larger+VIX GM paper,Gross before costs,599,garch11_residual_fallback_insufficient_egarch_obs,60,ok,60,-0.17832362771350974,0.5144539821201287,-0.11913030728153022,-0.1660415825908375,-0.828434168436504,0.2517380363371603,0.29808118313984017,0.37454499152805026,False,insufficient_egarch_obs
larger+VIX GM paper,Gross before costs,600,garch11_residual_fallback_insufficient_egarch_obs,60,ok,60,0.33963182314572404,0.41132253795296764,0.9160803433526195,1.689851599305376,-0.515247831913406,0.15694861806355484,0.2133152773956003,4.314468262006976,False,insufficient_egarch_obs
larger+VIX GM paper,Gross before costs,601,garch11_residual_fallback_insufficient_egarch_obs,60,ok,60,0.7383953080638161,0.4397544126197971,1.4957873625144804,3.125337340276752,-0.3178440264783845,0.1661252112669548,0.2174028838387713,15.876059056876482,False,insufficient_egarch_obs
larger+VIX GM paper,Gross before costs,602,garch11_residual_fallback_insufficient_egarch_obs,60,ok,60,0.21333239353885802,0.5360318445036459,0.6298036676454124,1.0364533474706676,-0.5135343703236308,0.2332123941388325,0.29941292371250466,2.6296561392824898,False,insufficient_egarch_obs
larger+VIX GM paper,Gross before costs,603,garch11_residual_fallback_insufficient_egarch_obs,60,ok,60,0.583198091989394,0.585745125839624,1.101651662074578,1.8201655265142795,-0.5395790526539335,0.28335519967565304,0.3458526561356574,9.946637463852486,False,insufficient_egarch_obs
larger+VIX GM paper,Gross before costs,604,garch11_residual_fallback_insufficient_egarch_obs,60,ok,60,0.5252684208782317,0.5849191737896187,1.0222181501125676,1.815506484262966,-0.5552403998329809,0.24317521634032327,0.29924692501803013,8.255272121768838,False,insufficient_egarch_obs
larger+VIX GM paper,Gross before costs,605,garch11_residual_fallback_insufficient_egarch_obs,60,ok,60,0.1653495016936768,0.5242112428003758,0.5551683797081881,0.8847321580188149,-0.5938295032860507,0.26215502256151074,0.2850991591962311,2.1492204981520664,False,insufficient_egarch_obs
larger+VIX GM paper,Gross before costs,606,garch11_residual_fallback_insufficient_egarch_obs,60,ok,60,0.7115851831669158,0.45692590409156564,1.414584525688299,3.139396272991455,-0.21235020970668383,0.122076414101978,0.18383161809807932,14.689012187349412,False,insufficient_egarch_obs
larger+VIX GM paper,Gross before costs,607,garch11_residual_fallback_insufficient_egarch_obs,60,ok,60,0.1558788850467434,0.4099353812266198,0.5597473306805539,0.8844437745084,-0.34309899109162156,0.18436956055253836,0.2341164678605562,2.063296548914212,False,insufficient_egarch_obs
larger+VIX GM paper,Gross before costs,608,garch11_residual_fallback_insufficient_egarch_obs,60,ok,60,0.788932600231951,0.4514870504212736,1.5395048621935972,3.0101743109973627,-0.3001535371498577,0.17294843350934105,0.22109251373897887,18.32187399539811,False,insufficient_egarch_obs
larger+VIX GM paper,Gross before costs,609,garch11_residual_fallback_insufficient_egarch_obs,60,ok,60,0.08516356250297497,0.7181200085299896,0.4630795496393974,0.7640224548048059,-0.8996125699120747,0.29453501433847196,0.3113942235213833,1.504790404528091,False,insufficient_egarch_obs
larger+VIX GM paper,Gross before costs,610,garch11_residual_fallback_insufficient_egarch_obs,60,ok,60,0.1657805591228314,0.5030772936453947,0.561364463866028,0.8602621918032919,-0.5580711320597913,0.2271284962264019,0.28048809123463453,2.153198373822672,False,insufficient_egarch_obs
larger+VIX GM paper,Gross before costs,611,garch11_residual_fallback_insufficient_egarch_obs,60,ok,60,0.43799501190687584,0.46418558990853565,1.0224938319185632,1.8328191007544141,-0.35565223190685336,0.197254485573537,0.2713196791064609,6.148750882224554,False,insufficient_egarch_obs
larger+VIX GM paper,Gross before costs,612,garch11_residual_fallback_insufficient_egarch_obs,60,ok,60,0.041045556431441366,0.654445251782524,0.3969444936265892,0.6174635120746241,-0.6438815403659108,0.2980206564227099,0.3857954134538155,1.222780977356311,False,insufficient_egarch_obs
larger+VIX GM paper,Gross before costs,613,garch11_residual_fallback_insufficient_egarch_obs,60,ok,60,0.09134143881317525,0.5061312023175357,0.4189989875541273,0.6989416449555503,-0.5664039834835493,0.21988182654791674,0.29582176362784834,1.5481150388989506,False,insufficient_egarch_obs
larger+VIX GM paper,Gross before costs,614,garch11_residual_fallback_insufficient_egarch_obs,60,ok,60,0.6227968320285286,0.48138829217318796,1.2505621486127068,2.7344359090536607,-0.4627377234626192,0.13742899060638575,0.20547763946332753,11.254358782237178,False,insufficient_egarch_obs
larger+VIX GM paper,Gross before costs,615,garch11_residual_fallback_insufficient_egarch_obs,60,ok,60,0.1820769322888287,0.44046740483604446,0.598602476910612,0.9881288654986604,-0.490183666407341,0.22651444787218802,0.24394556387746302,2.3079623069227315,False,insufficient_egarch_obs
larger+VIX GM paper,Gross before costs,616,garch11_residual_fallback_insufficient_egarch_obs,60,ok,60,0.2845857280111701,0.6047969774194264,0.721878197954475,1.1737139871056763,-0.5674774971609908,0.2652591666642085,0.323295568544963,3.4979650271022096,False,insufficient_egarch_obs
larger+VIX GM paper,Gross before costs,617,garch11_residual_fallback_insufficient_egarch_obs,60,ok,60,0.18764939507949485,0.5000284218815036,0.5927742197887081,0.9569685272865949,-0.6259090452602232,0.2266563460924264,0.24397209442719195,2.3628777859115337,False,insufficient_egarch_obs
larger+VIX GM paper,Gross before costs,618,garch11_residual_fallback_insufficient_egarch_obs,60,ok,60,0.3514807174580703,0.4113807749814809,0.9433152490405531,1.6407770893111113,-0.48266134858606147,0.17557316952584875,0.23177954679931698,4.5086785024744565,False,insufficient_egarch_obs
larger+VIX GM paper,Gross before costs,619,garch11_residual_fallback_insufficient_egarch_obs,60,ok,60,0.41299536670471415,0.6137950841994844,0.8727480372292019,1.5202360465849036,-0.4490524365344367,0.2644436955648985,0.3145054887813061,5.632532273862216,False,insufficient_egarch_obs
larger+VIX GM paper,Gross before costs,620,garch11_residual_fallback_insufficient_egarch_obs,60,ok,60,0.21135335194516558,0.55845742038066,0.6290882399072263,0.992131585630498,-0.6865168791605962,0.2726137392997315,0.32879466929565276,2.6082800940688853,False,insufficient_egarch_obs
larger+VIX GM paper,Gross before costs,621,garch11_residual_fallback_insufficient_egarch_obs,60,ok,60,0.9430025079514919,0.5165318359894364,1.5716640230074188,3.1821791765099876,-0.48160482592355636,0.1393321264864558,0.27363503989857624,27.692795961735353,False,insufficient_egarch_obs
larger+VIX GM paper,Gross before costs,622,garch11_residual_fallback_insufficient_egarch_obs,60,ok,60,0.4925330054385484,0.3960062892078488,1.2160772870877266,2.4390163206533093,-0.2842647777996812,0.13327991073926723,0.18592514478939137,7.406614121297479,False,insufficient_egarch_obs
larger+VIX GM paper,Gross before costs,623,garch11_residual_fallback_insufficient_egarch_obs,60,ok,60,0.3849737748881561,0.47003573052705294,0.9274393473971868,1.7105693849600103,-0.5730207471839768,0.17903044820594952,0.24311984935588993,5.0957457339643675,False,insufficient_egarch_obs
larger+VIX GM paper,Gross before costs,624,garch11_residual_fallback_insufficient_egarch_obs,60,ok,60,0.14998640255797469,0.5349482491609682,0.5237613629249793,0.8948100264901933,-0.626117751147772,0.23364372472107137,0.30287743901201014,2.011238280256487,False,insufficient_egarch_obs
larger+VIX GM paper,Gross before costs,625,garch11_residual_fallback_insufficient_egarch_obs,60,ok,60,0.34799866221899145,0.3584764557153635,1.0236202404378105,1.6870766307270537,-0.352801994321045,0.15473688551062556,0.22770962949261966,4.450894558477333,False,insufficient_egarch_obs
larger+VIX GM paper,Gross before costs,626,garch11_residual_fallback_insufficient_egarch_obs,60,ok,60,0.6778245865448329,0.45423739376104083,1.380928213711907,2.7698823163185238,-0.30265956238547786,0.16098171392633,0.2219236907477776,13.29636017610028,False,insufficient_egarch_obs
larger+VIX GM paper,Gross before costs,627,garch11_residual_fallback_insufficient_egarch_obs,60,ok,60,0.43073074065834915,0.3667285456788206,1.1713563517280299,2.099186355230436,-0.3452427476581431,0.16119300330111339,0.20453367218505136,5.995004901198224,False,insufficient_egarch_obs
larger+VIX GM paper,Gross before costs,628,garch11_residual_fallback_insufficient_egarch_obs,60,ok,60,0.6622971040799841,0.6117566017041074,1.1364578724236203,2.315478245473556,-0.4095130678872567,0.24685926114159543,0.26787374947975956,12.692385125368247,False,insufficient_egarch_obs
larger+VIX GM paper,Gross before costs,629,garch11_residual_fallback_insufficient_egarch_obs,60,ok,60,0.5914133621397115,0.5532292445511597,1.1404419607177383,1.8975459261398835,-0.5546142668049843,0.2603926307796814,0.31984122249972896,10.207396881909407,False,insufficient_egarch_obs
larger+VIX GM paper,Gross before costs,630,garch11_residual_fallback_insufficient_egarch_obs,60,ok,60,0.20227150482176803,0.5616365283958998,0.606168671238589,1.0066910130269837,-0.7285223788036217,0.24921055926414887,0.3171934235230292,2.511960291131291,False,insufficient_egarch_obs
larger+VIX GM paper,Gross before costs,631,garch11_residual_fallback_insufficient_egarch_obs,60,ok,60,0.02011636783899884,0.6122039255274201,0.3409546710942238,0.5236913362866762,-0.7412794517191363,0.28682969931066316,0.3549605467593098,1.1047107483762102,False,insufficient_egarch_obs
larger+VIX GM paper,Gross before costs,632,garch11_residual_fallback_insufficient_egarch_obs,60,ok,60,0.0904167952746957,0.37247977747692884,0.41893802012993725,0.6486049702266468,-0.5501183953368372,0.2067962297683067,0.2374527512001845,1.5415679081872615,False,insufficient_egarch_obs
larger+VIX GM paper,Gross before costs,633,garch11_residual_fallback_insufficient_egarch_obs,60,ok,60,-0.10174488114823166,0.6543337082810483,0.16252840205363925,0.2488138258214882,-0.7240807496278652,0.28695463789174824,0.34171001791827765,0.5847880696123254,False,insufficient_egarch_obs
larger+VIX GM paper,Gross before costs,634,garch11_residual_fallback_insufficient_egarch_obs,60,ok,60,0.190875499650921,0.5520857509722772,0.5963252938389576,0.9310836051789381,-0.6277921109625793,0.24997371987234315,0.2717489105603828,2.3951449550358346,False,insufficient_egarch_obs
larger+VIX GM paper,Gross before costs,635,garch11_residual_fallback_insufficient_egarch_obs,60,ok,60,0.14860514840462868,0.401740362881376,0.5413628972629269,0.9279869488231152,-0.5754925628432317,0.17742450521096942,0.2216262063454336,1.9991887211514985,False,insufficient_egarch_obs
larger+VIX GM paper,Gross before costs,636,garch11_residual_fallback_insufficient_egarch_obs,60,ok,60,0.5672002077220488,0.32740093183912905,1.5579322986526631,3.052609087731141,-0.3206076098690528,0.09693695249078037,0.1801851081076253,9.454148131981857,False,insufficient_egarch_obs
larger+VIX GM paper,Gross before costs,637,garch11_residual_fallback_insufficient_egarch_obs,60,ok,60,0.7988239115961169,0.5468184605206485,1.3630263800785936,2.672826898821305,-0.38307651598058123,0.22736084073936744,0.2721678815978827,18.834030086454618,False,insufficient_egarch_obs
larger+VIX GM paper,Gross before costs,638,garch11_residual_fallback_insufficient_egarch_obs,60,ok,60,0.23517456888598454,0.4219718307384052,0.7097170225592911,1.280032901232786,-0.36079893935547613,0.14026872636032026,0.23242153764171256,2.87502553824399,False,insufficient_egarch_obs
larger+VIX GM paper,Gross before costs,639,garch11_residual_fallback_insufficient_egarch_obs,60,ok,60,0.2378863084913032,0.5794560957592214,0.6473269949078226,1.1757373111944298,-0.520608864481663,0.23017564432280677,0.309335028664736,2.906724006660899,False,insufficient_egarch_obs
larger+VIX GM paper,Gross before costs,640,garch11_residual_fallback_insufficient_egarch_obs,60,ok,60,0.6363187202636085,0.571235995605044,1.1698836111359,2.0351657101636884,-0.6457575346719806,0.2844699155778385,0.3445633746317922,11.731120471452043,False,insufficient_egarch_obs
larger+VIX GM paper,Gross before costs,641,garch11_residual_fallback_insufficient_egarch_obs,60,ok,60,0.6126779923874015,0.3864291230012322,1.4457789399643821,3.039669426748328,-0.3409949642192063,0.11115404300810441,0.20888372795740132,10.907828389892183,False,insufficient_egarch_obs
larger+VIX GM paper,Gross before costs,642,garch11_residual_fallback_insufficient_egarch_obs,60,ok,60,0.16396705065115702,0.4377123627723355,0.5688650087422169,0.8831636488370271,-0.5537287404440783,0.21442639627326607,0.25524004945249107,2.1365026352406575,False,insufficient_egarch_obs
larger+VIX GM paper,Gross before costs,643,garch11_residual_fallback_insufficient_egarch_obs,60,ok,60,0.18296393709726844,0.5152257074504119,0.5891831615697382,0.9284578868715638,-0.7365550168263537,0.23927116838241164,0.3297780997789033,2.3166345355372036,False,insufficient_egarch_obs
larger+VIX GM paper,Gross before costs,644,garch11_residual_fallback_insufficient_egarch_obs,60,ok,60,-0.21983784518891358,0.5015383809266282,-0.22319839532720245,-0.2851830357143517,-0.8860425172001494,0.25712619428391686,0.3458572533257835,0.289017670076165,False,insufficient_egarch_obs
larger+VIX GM paper,Gross before costs,645,garch11_residual_fallback_insufficient_egarch_obs,60,ok,60,0.26180337538095566,0.5130295056132981,0.7078720903548998,1.2125445497671048,-0.5261647572893302,0.21291381232461298,0.28313003647055596,3.198588887896399,False,insufficient_egarch_obs
larger+VIX GM paper,Gross before costs,646,garch11_residual_fallback_insufficient_egarch_obs,60,ok,60,0.40632349116239386,0.4571338182735191,0.9816806423755924,1.701857073534016,-0.5311723257754997,0.20653444033328153,0.23805130174344646,5.500803816069525,False,insufficient_egarch_obs
larger+VIX GM paper,Gross before costs,647,garch11_residual_fallback_insufficient_egarch_obs,60,ok,60,0.33736918798452664,0.6632480922358468,0.77709102903913,1.327303641144051,-0.5573265388814439,0.29229427742170444,0.36384244489048667,4.278155497363893,False,insufficient_egarch_obs
larger+VIX GM paper,Gross before costs,648,garch11_residual_fallback_insufficient_egarch_obs,60,ok,60,0.5909541990496281,0.4243737994973514,1.3180420418356322,2.572660833332206,-0.511228986183529,0.16090175812692362,0.20799439628980987,10.192679913238905,False,insufficient_egarch_obs
larger+VIX GM paper,Gross before costs,649,garch11_residual_fallback_insufficient_egarch_obs,60,ok,60,0.5044453641367566,0.5996210923145603,0.9884328169888666,1.704154294571407,-0.5652935547618385,0.23879636186600856,0.2996073424232553,7.706942201780248,False,insufficient_egarch_obs
larger+VIX GM paper,Gross before costs,650,garch11_residual_fallback_insufficient_egarch_obs,60,ok,60,0.33187389669198963,0.38694264783114324,0.940554180816095,1.5845338167893368,-0.4975673459864196,0.1862668263168174,0.2178558534410333,4.1909794996638,False,insufficient_egarch_obs
larger+VIX GM paper,Gross before costs,651,garch11_residual_fallback_insufficient_egarch_obs,60,ok,60,0.33704293876629854,0.5301886670070937,0.8224736577009939,1.3419083418139433,-0.5903724754465121,0.22167836783091524,0.3001749164486701,4.272939794454982,False,insufficient_egarch_obs
larger+VIX GM paper,Gross before costs,652,garch11_residual_fallback_insufficient_egarch_obs,60,ok,60,0.469105193208452,0.4356201738533182,1.1060487142079576,2.091373350361555,-0.6442272642862368,0.19476563858196724,0.2142639072081195,6.8432825174804055,False,insufficient_egarch_obs
larger+VIX GM paper,Gross before costs,653,garch11_residual_fallback_insufficient_egarch_obs,60,ok,60,0.5173895317669472,0.5283137219813936,1.0634612951374247,1.9178794749102015,-0.38840068006433326,0.2026666957803455,0.2947792651701242,8.044247385760688,False,insufficient_egarch_obs
larger+VIX GM paper,Gross before costs,654,garch11_residual_fallback_insufficient_egarch_obs,60,ok,60,0.7396515809903756,0.418288417999837,1.562581206747173,2.8263157297472783,-0.4953557820776969,0.2155489319582967,0.25743113955692953,15.933507182848373,False,insufficient_egarch_obs
larger+VIX GM paper,Gross before costs,655,garch11_residual_fallback_insufficient_egarch_obs,60,ok,60,0.5381812779600825,0.6271948789571351,1.0098021025215278,1.7472441278701158,-0.41965207343067523,0.2861225112280715,0.3039033787241261,8.610683079219507,False,insufficient_egarch_obs
larger+VIX GM paper,Gross before costs,656,garch11_residual_fallback_insufficient_egarch_obs,60,ok,60,0.2184331279373828,0.4734800790993515,0.6528624930482064,1.0953905090515144,-0.49251230810045954,0.2263773908824372,0.27095901675533157,2.685396957491228,False,insufficient_egarch_obs
larger+VIX GM paper,Gross before costs,657,garch11_residual_fallback_insufficient_egarch_obs,60,ok,60,-0.06753745953236412,0.43561543260608315,0.06154367454931822,0.08678820555207707,-0.6065009854057184,0.20782315849103603,0.28159668688121803,0.7049478174176386,False,insufficient_egarch_obs
larger+VIX GM paper,Gross before costs,658,garch11_residual_fallback_insufficient_egarch_obs,60,ok,60,-0.29603243941474633,0.727180736113825,-0.0849015695522815,-0.11226630587741153,-0.945482347940753,0.35895315023161933,0.407019845751392,0.17288735685472664,False,insufficient_egarch_obs
larger+VIX GM paper,Gross before costs,659,garch11_residual_fallback_insufficient_egarch_obs,60,ok,60,0.8616581771894385,0.41291565100333766,1.7433680152862903,3.7197561858801813,-0.2956808408756476,0.0934549198589599,0.20197575453581232,22.36143712744713,False,insufficient_egarch_obs
larger+VIX GM paper,Gross before costs,660,garch11_residual_fallback_insufficient_egarch_obs,60,ok,60,-0.4861228214000206,0.708284228758543,-0.5312110469831915,-0.6685981234313741,-0.9711152161297538,0.34814207125584984,0.4518898851576056,0.03583411268022327,False,insufficient_egarch_obs
larger+VIX GM paper,Gross before costs,661,garch11_residual_fallback_insufficient_egarch_obs,60,ok,60,0.6544264171308147,0.5317712005761877,1.2222203699623087,2.3650908432847397,-0.5020418491080998,0.22434808707982637,0.2549667168027079,12.394735983645232,False,insufficient_egarch_obs
larger+VIX GM paper,Gross before costs,662,garch11_residual_fallback_insufficient_egarch_obs,60,ok,60,0.34377098073387224,0.671663588343095,0.7775084839042604,1.3289093948857342,-0.5095885578619626,0.2713644965552495,0.3558581866018767,4.381535052985514,False,insufficient_egarch_obs
larger+VIX GM paper,Gross before costs,663,garch11_residual_fallback_insufficient_egarch_obs,60,ok,60,0.5017707150770969,0.38160688999105663,1.2670769658054888,2.483630835334215,-0.31763119683823715,0.1552447985826292,0.19596266886487404,7.63867717120788,False,insufficient_egarch_obs
larger+VIX GM paper,Gross before costs,664,garch11_residual_fallback_insufficient_egarch_obs,60,ok,60,0.28160474888164466,0.4745075511090771,0.7671632348692158,1.242946112270761,-0.48234776063432916,0.2497863441740379,0.2765255913640573,3.45756648569733,False,insufficient_egarch_obs
larger+VIX GM paper,Gross before costs,665,garch11_residual_fallback_insufficient_egarch_obs,60,ok,60,0.03037237547889493,0.526470809660248,0.3213030841457558,0.48505665216794175,-0.7952033243940745,0.2688331867745239,0.2952116663415648,1.161371149471989,False,insufficient_egarch_obs
larger+VIX GM paper,Gross before costs,666,garch11_residual_fallback_insufficient_egarch_obs,60,ok,60,0.02389377938160475,0.40412830670168276,0.2624472118975456,0.38578391206805396,-0.8031031535148241,0.21470940914434544,0.2608186346736991,1.1253160739532373,False,insufficient_egarch_obs
larger+VIX GM paper,Gross before costs,667,garch11_residual_fallback_insufficient_egarch_obs,60,ok,60,1.3133429264719392,0.4623816167791085,2.1006838664606335,4.63198827843476,-0.3194579699159924,0.1030773289466852,0.22087631354982415,66.25216633046284,False,insufficient_egarch_obs
larger+VIX GM paper,Gross before costs,668,garch11_residual_fallback_insufficient_egarch_obs,60,ok,60,0.010503011978235444,0.5845830057684933,0.321120455005998,0.46552950626006745,-0.832142965018014,0.2929562193856724,0.344973108592455,1.053629839685192,False,insufficient_egarch_obs
larger+VIX GM paper,Gross before costs,669,garch11_residual_fallback_insufficient_egarch_obs,60,ok,60,0.8425469962621723,0.4170408639176951,1.7067885999446295,3.335844985953798,-0.283215115444055,0.17251292337858584,0.226978098965932,21.236985437252173,False,insufficient_egarch_obs
larger+VIX GM paper,Gross before costs,670,garch11_residual_fallback_insufficient_egarch_obs,60,ok,60,1.1606249026490962,0.4526527796105724,1.9693811744797838,4.7157974508181555,-0.3376857579875957,0.1267636097732207,0.18576652677477656,47.08655167513808,False,insufficient_egarch_obs
larger+VIX GM paper,Gross before costs,671,garch11_residual_fallback_insufficient_egarch_obs,60,ok,60,0.14485387747255207,0.5650681378456316,0.5380830655686613,0.8086569083676719,-0.7310608326734087,0.30785597260169806,0.36593662565150087,1.9667551537669294,False,insufficient_egarch_obs
larger+VIX GM paper,Gross before costs,672,garch11_residual_fallback_insufficient_egarch_obs,60,ok,60,0.4356610085586363,0.6192536618812595,0.9081599249774217,1.489769562366325,-0.6806839734730342,0.2851761964885264,0.3447578563362758,6.099012552723131,False,insufficient_egarch_obs
larger+VIX GM paper,Gross before costs,673,garch11_residual_fallback_insufficient_egarch_obs,60,ok,60,0.12259831766639295,0.8500656724811032,0.5460052879170973,0.9489114701615673,-0.8304215958265101,0.35912847905877826,0.3878814441661718,1.7828792695260762,False,insufficient_egarch_obs
larger+VIX GM paper,Gross before costs,674,garch11_residual_fallback_insufficient_egarch_obs,60,ok,60,0.7513036135918045,0.5201091755504909,1.3590044654742293,2.549562735325766,-0.5213143818018191,0.20806990160902916,0.2816270539379771,16.474309431358602,False,insufficient_egarch_obs
larger+VIX GM paper,Gross before costs,675,garch11_residual_fallback_insufficient_egarch_obs,60,ok,60,0.11410079460030476,0.6719161188239741,0.5170859378627692,0.7753029962909462,-0.8823691375035578,0.3697632258415715,0.4038387867967111,1.716415468931961,False,insufficient_egarch_obs
larger+VIX GM paper,Gross before costs,676,garch11_residual_fallback_insufficient_egarch_obs,60,ok,60,0.02892312028426902,0.4692387594832003,0.28844278493150494,0.4778304550309289,-0.773755983102517,0.22433401745770037,0.26776678175779617,1.1532265450476629,False,insufficient_egarch_obs
larger+VIX GM paper,Gross before costs,677,garch11_residual_fallback_insufficient_egarch_obs,60,ok,60,0.4298717608324767,0.5581633750371103,0.9234642654769518,1.6154053979876848,-0.5648366895278724,0.23556985138937508,0.28296367569462727,5.977030140370902,False,insufficient_egarch_obs
larger+VIX GM paper,Gross before costs,678,garch11_residual_fallback_insufficient_egarch_obs,60,ok,60,0.27922686097254723,0.49483110182898127,0.7673631048767849,1.1348703372330367,-0.587379793130312,0.22803749082224106,0.32885107718532797,3.425609468460638,False,insufficient_egarch_obs
larger+VIX GM paper,Gross before costs,679,garch11_residual_fallback_insufficient_egarch_obs,60,ok,60,0.13444701865939002,0.44986898976572876,0.500114780858682,0.8367033842648394,-0.36184922879948356,0.1954129224437817,0.23975307082775066,1.8789753842559238,False,insufficient_egarch_obs
larger+VIX GM paper,Gross before costs,680,garch11_residual_fallback_insufficient_egarch_obs,60,ok,60,0.18356469999285174,0.7044279873241172,0.6052355927378548,0.9286088073723352,-0.842513391446836,0.3405094018201345,0.36914975832918645,2.322522975293928,False,insufficient_egarch_obs
larger+VIX GM paper,Gross before costs,681,garch11_residual_fallback_insufficient_egarch_obs,60,ok,60,0.28243673389383206,0.4541020650871096,0.77737012393559,1.3203152679838421,-0.5523301268467316,0.1928769706026557,0.2488491643683044,3.468803884783696,False,insufficient_egarch_obs
larger+VIX GM paper,Gross before costs,682,garch11_residual_fallback_insufficient_egarch_obs,60,ok,60,0.17795570899150137,0.433244297977793,0.596907518278825,0.9332890575177019,-0.4695354213663855,0.2132507440541024,0.23405638725357222,2.268009172607211,False,insufficient_egarch_obs
larger+VIX GM paper,Gross before costs,683,garch11_residual_fallback_insufficient_egarch_obs,60,ok,60,0.0282178511268103,0.6066038763543288,0.3592103864409283,0.5313300590162086,-0.7684998202028241,0.30983476891131456,0.35908402801397904,1.1492795986215307,False,insufficient_egarch_obs
larger+VIX GM paper,Gross before costs,684,garch11_residual_fallback_insufficient_egarch_obs,60,ok,60,-0.045341457042652134,0.5632075932489121,0.19168245612197682,0.30304544376962594,-0.7887758969726507,0.25673432084824443,0.28493228668154,0.7929399816536208,False,insufficient_egarch_obs
larger+VIX GM paper,Gross before costs,685,garch11_residual_fallback_insufficient_egarch_obs,60,ok,60,0.7465539579616383,0.5779145320885477,1.2664528578785994,2.4119790970025887,-0.4588708855826258,0.20218305291665573,0.29230233373718223,16.252120596233496,False,insufficient_egarch_obs
larger+VIX GM paper,Gross before costs,686,garch11_residual_fallback_insufficient_egarch_obs,60,ok,60,0.19963177399812415,0.4238401822408706,0.6343836087379974,1.1503922546169443,-0.5781142328300406,0.1801285291321503,0.2049885180014069,2.4845045750956123,False,insufficient_egarch_obs
larger+VIX GM paper,Gross before costs,687,garch11_residual_fallback_insufficient_egarch_obs,60,ok,60,-0.1952588170519025,0.510422699552063,-0.1577428022556559,-0.21380232684234182,-0.8854369267221612,0.2938708258829569,0.325996205130956,0.33750571832545295,False,insufficient_egarch_obs
larger+VIX GM paper,Gross before costs,688,garch11_residual_fallback_insufficient_egarch_obs,60,ok,60,0.163621439050333,0.4657347355312137,0.5581041260128367,0.8977788157921914,-0.5584073236544103,0.21852137466763416,0.2728449066151602,2.133332606819602,False,insufficient_egarch_obs
larger+VIX GM paper,Gross before costs,689,garch11_residual_fallback_insufficient_egarch_obs,60,ok,60,0.04161893689926233,0.7890631491891456,0.4573260537939966,0.7157324708584866,-0.9618712820160931,0.3813648481698306,0.4344764870147866,1.2261520664764898,False,insufficient_egarch_obs
larger+VIX GM paper,Gross before costs,690,garch11_residual_fallback_insufficient_egarch_obs,60,ok,60,0.34803000677130536,0.7062443278380977,0.7940248962924841,1.2726589162968065,-0.6723169938826752,0.3561462502751926,0.39522099884346457,4.4514120581952845,False,insufficient_egarch_obs
larger+VIX GM paper,Gross before costs,691,garch11_residual_fallback_insufficient_egarch_obs,60,ok,60,0.14864319024083916,0.5714663369496591,0.5305488445831893,0.8573057735233478,-0.6112068213178738,0.2743504414372605,0.336309704444443,1.9995198090275141,False,insufficient_egarch_obs
larger+VIX GM paper,Gross before costs,692,garch11_residual_fallback_insufficient_egarch_obs,60,ok,60,0.3523906330195621,0.3933893405850556,0.9684932409600492,1.717393503793489,-0.49997239999698584,0.1628419135455889,0.22218988444320095,4.523876812841269,False,insufficient_egarch_obs
larger+VIX GM paper,Gross before costs,693,garch11_residual_fallback_insufficient_egarch_obs,60,ok,60,0.507886450991649,0.366546704468927,1.309511728200296,2.979646262491089,-0.2609071857036305,0.08952986806377121,0.16549215076395438,7.795485974854034,False,insufficient_egarch_obs
larger+VIX GM paper,Gross before costs,694,garch11_residual_fallback_insufficient_egarch_obs,60,ok,60,-0.014367820897910555,0.6165270445786067,0.31469725656154557,0.43178974476037596,-0.8232923046577365,0.34253032623054064,0.4202163879373757,0.9301957906400176,False,insufficient_egarch_obs
larger+VIX GM paper,Gross before costs,695,garch11_residual_fallback_insufficient_egarch_obs,60,ok,60,0.42631177729033665,0.4144152642143398,1.0715497257365203,1.9308964462177545,-0.40945011729412994,0.1934275720636613,0.2336065702742435,5.902993993513821,False,insufficient_egarch_obs
larger+VIX GM paper,Gross before costs,696,garch11_residual_fallback_insufficient_egarch_obs,60,ok,60,0.07195526622332049,0.4295423131863026,0.3744232675705698,0.5795049623799214,-0.6070555059596074,0.21951057554886252,0.24162389997519473,1.415413426383328,False,insufficient_egarch_obs
larger+VIX GM paper,Gross before costs,697,garch11_residual_fallback_insufficient_egarch_obs,60,ok,60,0.26134407473659693,0.44503513455220445,0.7534814177656067,1.195140616889958,-0.7118179468120962,0.21025460075933072,0.2753974950273732,3.192771639225295,False,insufficient_egarch_obs
larger+VIX GM paper,Gross before costs,698,garch11_residual_fallback_insufficient_egarch_obs,60,ok,60,-0.10155780081794141,0.7457649835704806,0.2412407504360783,0.3577593797931274,-0.8748189289741798,0.3631150922411424,0.40199563635671604,0.5853972947814353,False,insufficient_egarch_obs
larger+VIX GM paper,Gross before costs,699,garch11_residual_fallback_insufficient_egarch_obs,60,ok,60,0.5127566954926637,0.4937317326711418,1.0888580836385195,2.15977528082777,-0.5116418897058328,0.13093166934569705,0.26319493284830225,7.9221930104333556,False,insufficient_egarch_obs
larger+VIX GM paper,Gross before costs,700,garch11_residual_fallback_insufficient_egarch_obs,60,ok,60,0.07723953746160439,0.5310637204358173,0.41905294849209646,0.6071814553224357,-0.7721132997572779,0.29753521367432134,0.3282646381270265,1.450645929706653,False,insufficient_egarch_obs
larger+VIX GM paper,Gross before costs,701,garch11_residual_fallback_insufficient_egarch_obs,60,ok,60,0.9229879616725207,0.519800313687162,1.5527397698969387,2.8853296421835917,-0.5199682355973545,0.16290709059753122,0.31191343736896,26.2955844126181,False,insufficient_egarch_obs
larger+VIX GM paper,Gross before costs,702,garch11_residual_fallback_insufficient_egarch_obs,60,ok,60,-0.18474327957799852,0.656242616002405,0.034925618311495626,0.048635115153086,-0.9294369409378197,0.31286023108264804,0.38444608260807395,0.36014047878734307,False,insufficient_egarch_obs
larger+VIX GM paper,Gross before costs,703,garch11_residual_fallback_insufficient_egarch_obs,60,ok,60,0.07263990173401913,0.5162072845109884,0.4120460250157949,0.572610943265037,-0.66147994190316,0.2906631796907689,0.3194503480770938,1.419939179134815,False,insufficient_egarch_obs
larger+VIX GM paper,Gross before costs,704,garch11_residual_fallback_insufficient_egarch_obs,60,ok,60,-0.16017755301922498,0.7497057903045821,0.1580650928480037,0.23261254902547238,-0.8900765033904326,0.35555636748185054,0.41816030788527153,0.41777013639511934,False,insufficient_egarch_obs
larger+VIX GM paper,Gross before costs,705,garch11_residual_fallback_insufficient_egarch_obs,60,ok,60,0.9031744244333493,0.475060182906722,1.6148965739937022,3.603061474155324,-0.4145257962967056,0.11104018599492857,0.2027167544713341,24.96852941844747,False,insufficient_egarch_obs
larger+VIX GM paper,Gross before costs,706,garch11_residual_fallback_insufficient_egarch_obs,60,ok,60,0.21272424275620394,0.44599029299733584,0.6650718722361174,0.9942476272343018,-0.38534772495931924,0.22670998969344242,0.27191384405180236,2.623072514258914,False,insufficient_egarch_obs
larger+VIX GM paper,Gross before costs,707,garch11_residual_fallback_insufficient_egarch_obs,60,ok,60,0.7403154174746851,0.3808131830574971,1.6709066562803232,3.627704926555816,-0.39210215095628476,0.08861638022320383,0.18415448102197995,15.963930857803476,False,insufficient_egarch_obs
larger+VIX GM paper,Gross before costs,708,garch11_residual_fallback_insufficient_egarch_obs,60,ok,60,-0.09258412335066868,0.6793305840865742,0.21319172613806703,0.31282750568948875,-0.6709543115747185,0.3384577607400698,0.4156738006709239,0.6152220156680316,False,insufficient_egarch_obs
larger+VIX GM paper,Gross before costs,709,garch11_residual_fallback_insufficient_egarch_obs,60,ok,60,0.349010584397792,0.45361145337233555,0.894660141137852,1.4701460780307598,-0.6184529925345266,0.22392969302409524,0.24782191663504202,4.46762575499575,False,insufficient_egarch_obs
larger+VIX GM paper,Gross before costs,710,garch11_residual_fallback_insufficient_egarch_obs,60,ok,60,0.325566187879867,0.4447718322805159,0.861643144182683,1.454124548631322,-0.6194272635706253,0.22954030091810274,0.275091648412758,4.092673397197355,False,insufficient_egarch_obs
larger+VIX GM paper,Gross before costs,711,garch11_residual_fallback_insufficient_egarch_obs,60,ok,60,0.6081244140914153,0.45907676862480173,1.277775482015375,2.4460165828698046,-0.40455112659617576,0.14823069173093828,0.24349524532583763,10.754698174150302,False,insufficient_egarch_obs
larger+VIX GM paper,Gross before costs,712,garch11_residual_fallback_insufficient_egarch_obs,60,ok,60,-0.009950975186072464,0.6192228424969368,0.31198103409996575,0.4483048275334457,-0.813893788941779,0.3264833972548682,0.3878554756437487,0.951225538424884,False,insufficient_egarch_obs
larger+VIX GM paper,Gross before costs,713,garch11_residual_fallback_insufficient_egarch_obs,60,ok,60,0.7250052891755254,0.5740413316127378,1.2468758705456968,2.466404714218483,-0.3486777784242884,0.22761023443734466,0.29191826625781414,15.273977804915704,False,insufficient_egarch_obs
larger+VIX GM paper,Gross before costs,714,garch11_residual_fallback_insufficient_egarch_obs,60,ok,60,-0.2613081557344422,0.4541609156598708,-0.42879356928495915,-0.5619144037739936,-0.8790166402301525,0.22652745608785008,0.2820203418932245,0.21994622906719288,False,insufficient_egarch_obs
larger+VIX GM paper,Gross before costs,715,garch11_residual_fallback_insufficient_egarch_obs,60,ok,60,0.9675041654592158,0.5649813880255502,1.5067081648200975,2.9242374587311732,-0.6357115968529048,0.24697725973630794,0.29822581606259085,29.483450095327886,False,insufficient_egarch_obs
larger+VIX GM paper,Gross before costs,716,garch11_residual_fallback_insufficient_egarch_obs,60,ok,60,0.7738252762262159,0.4083105589907152,1.6246772674311536,4.196094583513032,-0.45363453418763944,0.10062940799725927,0.13963018235087524,17.56120026512036,False,insufficient_egarch_obs
larger+VIX GM paper,Gross before costs,717,garch11_residual_fallback_insufficient_egarch_obs,60,ok,60,0.3813690750912597,0.5930411548181878,0.8427208241284764,1.4777569825500378,-0.4607008069213505,0.24171605155582201,0.3102196860426036,5.029776017999254,False,insufficient_egarch_obs
larger+VIX GM paper,Gross before costs,718,garch11_residual_fallback_insufficient_egarch_obs,60,ok,60,0.5231834385519294,0.39838897791144184,1.2639346469633463,2.5621044995751836,-0.45909658255650476,0.09612385723334677,0.21390513039715153,8.199002995654022,False,insufficient_egarch_obs
larger+VIX GM paper,Gross before costs,719,garch11_residual_fallback_insufficient_egarch_obs,60,ok,60,0.8564460501482369,0.5745351256397843,1.3972947760397243,2.442087528446556,-0.38390631288739385,0.29665371224320897,0.33107929174291223,22.05015587803976,False,insufficient_egarch_obs
larger+VIX GM paper,Gross before costs,720,garch11_residual_fallback_insufficient_egarch_obs,60,ok,60,0.47420315858746,0.41365112998368425,1.1545664598128413,2.090795216780733,-0.3431054338164886,0.19117503295376873,0.22484843148038236,6.962844349305073,False,insufficient_egarch_obs
larger+VIX GM paper,Gross before costs,721,garch11_residual_fallback_insufficient_egarch_obs,60,ok,60,0.2719647840628867,0.6209294075088768,0.7063056010372654,1.1472344760217337,-0.668979126889639,0.3053578057998588,0.35789935373525594,3.3294725406583026,False,insufficient_egarch_obs
larger+VIX GM paper,Gross before costs,722,garch11_residual_fallback_insufficient_egarch_obs,60,ok,60,1.0013693829545955,0.5933539634773638,1.48646081036207,3.104033692471512,-0.5729941934044341,0.16303413624998034,0.2889178094290497,32.109700755892106,False,insufficient_egarch_obs
larger+VIX GM paper,Gross before costs,723,garch11_residual_fallback_insufficient_egarch_obs,60,ok,60,0.7552932305907394,0.5339568325238138,1.3349239308260685,2.5896144498871188,-0.5473878558937723,0.2181804862945688,0.2774944747718985,16.662815658868492,False,insufficient_egarch_obs
larger+VIX GM paper,Gross before costs,724,garch11_residual_fallback_insufficient_egarch_obs,60,ok,60,-0.12984721175483305,0.5957986287189567,0.07017948282997821,0.10068895078655556,-0.6020178327652184,0.30502954904304497,0.31760654168297114,0.49885873455203256,False,insufficient_egarch_obs
larger+VIX GM paper,Gross before costs,725,garch11_residual_fallback_insufficient_egarch_obs,60,ok,60,0.4753990291844197,0.45945403593977807,1.085421324699585,1.9983277018747947,-0.3978062665292208,0.14554961414922815,0.268983367123028,6.991131430646508,False,insufficient_egarch_obs
larger+VIX GM paper,Gross before costs,726,garch11_residual_fallback_insufficient_egarch_obs,60,ok,60,0.4723745345665109,0.48052282807643354,1.0560016415982891,1.8458518202729253,-0.5210936985770671,0.22390250082420757,0.2736938799676399,6.919767258715113,False,insufficient_egarch_obs
larger+VIX GM paper,Gross before costs,727,garch11_residual_fallback_insufficient_egarch_obs,60,ok,60,0.6863208370606002,0.5376241221690933,1.2689912218826127,2.156258222874566,-0.3928161388013387,0.25425785302417436,0.33691283584492426,13.636440820637542,False,insufficient_egarch_obs
larger+VIX GM paper,Gross before costs,728,garch11_residual_fallback_insufficient_egarch_obs,60,ok,60,0.8078306926422119,0.33317045230683745,1.9793303200192116,4.69848614618708,-0.2574548652132924,0.07947742408383257,0.15255414132841708,19.310289154640305,False,insufficient_egarch_obs
larger+VIX GM paper,Gross before costs,729,garch11_residual_fallback_insufficient_egarch_obs,60,ok,60,0.09075585563544153,0.5587400942830814,0.4386852609753585,0.6746810278170429,-0.8194971325702022,0.27920922688036987,0.3123601663290351,1.543966118336853,False,insufficient_egarch_obs
larger+VIX GM paper,Gross before costs,730,garch11_residual_fallback_insufficient_egarch_obs,60,ok,60,0.24509419934683385,0.42999795974026594,0.727253054751403,1.2108309626336082,-0.47072432499267347,0.20018843408164577,0.25723828518506875,2.992340765686921,False,insufficient_egarch_obs
larger+VIX GM paper,Gross before costs,731,garch11_residual_fallback_insufficient_egarch_obs,60,ok,60,0.6744756594002823,0.4220975516196923,1.4569371325633347,2.6973935468987364,-0.5564128764135772,0.11151426220442635,0.258394489332475,13.16419159616182,False,insufficient_egarch_obs
larger+VIX GM paper,Gross before costs,732,garch11_residual_fallback_insufficient_egarch_obs,60,ok,60,0.15031813798379745,0.4597442607047111,0.5358563233260724,0.8411104234959655,-0.7644251732799827,0.20227956990996424,0.262438991634624,2.0141408538406256,False,insufficient_egarch_obs
larger+VIX GM paper,Gross before costs,733,garch11_residual_fallback_insufficient_egarch_obs,60,ok,60,0.8488757878321866,0.5347727686885403,1.4380050112398954,2.825148734662931,-0.5070931998955164,0.14691540012997445,0.29061896915409835,21.604224205048922,False,insufficient_egarch_obs
larger+VIX GM paper,Gross before costs,734,garch11_residual_fallback_insufficient_egarch_obs,60,ok,60,0.629639496394472,0.3433152424114889,1.6141588634719761,3.585727420296686,-0.19220889105648264,0.11443266727400936,0.14987185711389986,11.49364314466628,False,insufficient_egarch_obs
larger+VIX GM paper,Gross before costs,735,garch11_residual_fallback_insufficient_egarch_obs,60,ok,60,0.44576403625310257,0.46464036376319406,1.0361423369015779,1.7816297354046207,-0.5583958319738735,0.22276698165080092,0.26756104700487787,6.316653972323374,False,insufficient_egarch_obs
larger+VIX GM paper,Gross before costs,736,garch11_residual_fallback_insufficient_egarch_obs,60,ok,60,0.7310884249847036,0.48088934016976054,1.4003559098497032,2.7466238003790906,-0.6440937756955616,0.1927602459153282,0.25509687666565267,15.54519815083621,False,insufficient_egarch_obs
larger+VIX GM paper,Gross before costs,737,garch11_residual_fallback_insufficient_egarch_obs,60,ok,60,0.1337139769458342,0.33105479712202,0.5429507105443685,0.8845718236388299,-0.32251056948289736,0.14288772189902338,0.2043337783568491,1.872912569310833,False,insufficient_egarch_obs
larger+VIX GM paper,Gross before costs,738,garch11_residual_fallback_insufficient_egarch_obs,60,ok,60,0.19149045540389342,0.49568392952482776,0.6157447188433114,0.9176327334534312,-0.7023946531020713,0.27005063707163907,0.3224035147932301,2.4013354852149265,False,insufficient_egarch_obs
larger+VIX GM paper,Gross before costs,739,garch11_residual_fallback_insufficient_egarch_obs,60,ok,60,1.1409033476907213,0.5722202345641196,1.6465164703886843,3.469412243154279,-0.44197778597544757,0.2140440768336379,0.2728548377539261,44.97646375449567,False,insufficient_egarch_obs
larger+VIX GM paper,Gross before costs,740,garch11_residual_fallback_insufficient_egarch_obs,60,ok,60,0.10542154411107574,0.52166099140911,0.46130434290869216,0.6865409349367142,-0.6978816833165865,0.25804286916498703,0.315168196268974,1.650591569332391,False,insufficient_egarch_obs
larger+VIX GM paper,Gross before costs,741,garch11_residual_fallback_insufficient_egarch_obs,60,ok,60,0.6768321539450697,0.42700806099357713,1.445118509182877,2.7173736328234535,-0.3986089737810531,0.19314565219259805,0.21592277467309265,13.257082709070296,False,insufficient_egarch_obs
larger+VIX GM paper,Gross before costs,742,garch11_residual_fallback_insufficient_egarch_obs,60,ok,60,0.5013219985651283,0.5313501624298803,1.0411205449833112,1.8046073481835418,-0.4074719746376497,0.23524224488808956,0.28292361864620913,7.627272124894369,False,insufficient_egarch_obs
larger+VIX GM paper,Gross before costs,743,garch11_residual_fallback_insufficient_egarch_obs,60,ok,60,0.2800658755977634,0.4622026213323572,0.7713157980588718,1.2253654321338026,-0.4988302967726792,0.22017082878892916,0.26197290286419045,3.4368580951188177,False,insufficient_egarch_obs
larger+VIX GM paper,Gross before costs,744,garch11_residual_fallback_insufficient_egarch_obs,60,ok,60,0.2692758209113244,0.5975758789677033,0.7010507489180609,1.1548418014835902,-0.5960106659841153,0.2667289261817651,0.3343807570701081,3.2944281115686382,False,insufficient_egarch_obs
larger+VIX GM paper,Gross before costs,745,garch11_residual_fallback_insufficient_egarch_obs,60,ok,60,0.15329712131532802,0.6329125328552233,0.5410049801764703,0.8722313435255681,-0.6998228458135465,0.2889698651598093,0.31279841658112567,2.0403564255992883,False,insufficient_egarch_obs
larger+VIX GM paper,Gross before costs,746,garch11_residual_fallback_insufficient_egarch_obs,60,ok,60,0.29357178962810515,0.5620916726194584,0.7396483420195387,1.2629579217502414,-0.5490236408900008,0.25324973450431637,0.30485558601175367,3.6220353056882404,False,insufficient_egarch_obs
larger+VIX GM paper,Gross before costs,747,garch11_residual_fallback_insufficient_egarch_obs,60,ok,60,0.08846448870210932,0.5361334962594797,0.43298869574820786,0.6440472425172645,-0.5231878754806856,0.2972205608637393,0.3131137810835039,1.5278169484941313,False,insufficient_egarch_obs
larger+VIX GM paper,Gross before costs,748,garch11_residual_fallback_insufficient_egarch_obs,60,ok,60,0.09923804575443396,0.5238849636123172,0.4540689338420879,0.6680168589052312,-0.6594907311148893,0.29238081982708297,0.32572910854836945,1.604939836038063,False,insufficient_egarch_obs
larger+VIX GM paper,Gross before costs,749,garch11_residual_fallback_insufficient_egarch_obs,60,ok,60,-0.04076317929817752,0.6775407006670575,0.29337120614928214,0.4215277024311342,-0.7654649927409929,0.3309760816895238,0.37073003427686463,0.8121368280269153,False,insufficient_egarch_obs
larger+VIX GM paper,Gross before costs,750,garch11_residual_fallback_insufficient_egarch_obs,60,ok,60,-0.20227185311560836,0.5491114166025158,-0.12544001942578875,-0.17594541483245588,-0.7390708734694531,0.23739833051758158,0.33010624531805005,0.3230535958217941,False,insufficient_egarch_obs
larger+VIX GM paper,Gross before costs,751,garch11_residual_fallback_insufficient_egarch_obs,60,ok,60,0.589496594004149,0.35326685332708,1.5074451449380635,2.9794965831767053,-0.3940332300474729,0.1381493594898674,0.1688139611387928,10.146073595694805,False,insufficient_egarch_obs
larger+VIX GM paper,Gross before costs,752,garch11_residual_fallback_insufficient_egarch_obs,60,ok,60,0.8117968662689756,0.5275686376766991,1.4158485136192918,2.643586539210955,-0.46950929559638166,0.19628741571841035,0.29787420953131233,19.52304344735068,False,insufficient_egarch_obs
larger+VIX GM paper,Gross before costs,753,garch11_residual_fallback_insufficient_egarch_obs,60,ok,60,0.7158774546230249,0.4271281265061487,1.5001795128460476,2.9310560112333173,-0.43775659883506135,0.2017993910709036,0.21215816327271683,14.874122017102023,False,insufficient_egarch_obs
larger+VIX GM paper,Gross before costs,754,garch11_residual_fallback_insufficient_egarch_obs,60,ok,60,0.21730734068256252,0.40109284001912165,0.6863437253247021,1.210200778046976,-0.5476665994290759,0.1741585719779893,0.1896692090779636,2.673013823221864,False,insufficient_egarch_obs
larger+VIX GM paper,Gross before costs,755,garch11_residual_fallback_insufficient_egarch_obs,60,ok,60,0.0737253951852408,0.7310007361511838,0.48264224941284034,0.7198015161778575,-0.7657191951344507,0.3727432138880811,0.4131224182201451,1.427138507844605,False,insufficient_egarch_obs
larger+VIX GM paper,Gross before costs,756,garch11_residual_fallback_insufficient_egarch_obs,60,ok,60,-0.10425807327324421,0.5210327033803532,0.05813736754206915,0.08235947887235805,-0.8478762758270362,0.24827809403350662,0.32426898062766596,0.5766529431137658,False,insufficient_egarch_obs
larger+VIX GM paper,Gross before costs,757,garch11_residual_fallback_insufficient_egarch_obs,60,ok,60,1.1232569250921984,0.5131826080479767,1.7585218491732404,3.74293369682429,-0.4995929812190426,0.20378408156830996,0.2564690224832491,43.15317417026265,False,insufficient_egarch_obs
larger+VIX GM paper,Gross before costs,758,garch11_residual_fallback_insufficient_egarch_obs,60,ok,60,0.25346075455316996,0.5790026501778438,0.6774378498387678,1.1511797488636164,-0.6930919217477378,0.29139317463015907,0.3010821128529268,3.0942379223204957,False,insufficient_egarch_obs
larger+VIX GM paper,Gross before costs,759,garch11_residual_fallback_insufficient_egarch_obs,60,ok,60,-0.2434645059943783,0.5369726941723828,-0.23825155406332482,-0.31920001814222443,-0.822480394826865,0.25654910882558474,0.3152167671700213,0.24782581444133947,False,insufficient_egarch_obs
larger+VIX GM paper,Gross before costs,760,garch11_residual_fallback_insufficient_egarch_obs,60,ok,60,-0.21805524132712928,0.7342021333140237,0.04318493020053794,0.06164882330440189,-0.7650358173398176,0.3245409402813096,0.35435167197679956,0.2923346971304233,False,insufficient_egarch_obs
larger+VIX GM paper,Gross before costs,761,garch11_residual_fallback_insufficient_egarch_obs,60,ok,60,-0.0631995068379424,0.5430557527999517,0.15016025158877103,0.22213394374574752,-0.7644890116959115,0.26100180902150005,0.2715126095057084,0.7214987008952252,False,insufficient_egarch_obs
larger+VIX GM paper,Gross before costs,762,garch11_residual_fallback_insufficient_egarch_obs,60,ok,60,0.6188061162309306,0.5319623490652715,1.1841701957361448,2.139215765683442,-0.5148990867373957,0.2535459242986474,0.2675334376653113,11.116656412859642,False,insufficient_egarch_obs
larger+VIX GM paper,Gross before costs,763,garch11_residual_fallback_insufficient_egarch_obs,60,ok,60,-0.07585095005604692,0.5593641953981233,0.1518460728484899,0.2131195809684984,-0.8962733920829722,0.2720286615895847,0.33543497320937526,0.6740779280970153,False,insufficient_egarch_obs
larger+VIX GM paper,Gross before costs,764,garch11_residual_fallback_insufficient_egarch_obs,60,ok,60,0.3650391122745771,0.5218390595490778,0.85328219217887,1.567014089436024,-0.4693895689532256,0.2297370404324234,0.2485080855418393,4.739423053070297,False,insufficient_egarch_obs
larger+VIX GM paper,Gross before costs,765,garch11_residual_fallback_insufficient_egarch_obs,60,ok,60,-0.05897120013239587,0.46079769559444944,0.10017099187582704,0.14499446329583981,-0.7375876440078031,0.2398172980149591,0.2653064014327606,0.7379289953036088,False,insufficient_egarch_obs
larger+VIX GM paper,Gross before costs,766,garch11_residual_fallback_insufficient_egarch_obs,60,ok,60,0.11885438729462217,0.6571820191007441,0.5015082973287657,0.7928897966728495,-0.5554921206997581,0.27183121815170663,0.32204240815779034,1.7533468841694997,False,insufficient_egarch_obs
larger+VIX GM paper,Gross before costs,767,garch11_residual_fallback_insufficient_egarch_obs,60,ok,60,0.5415581312375224,0.654484011969538,0.9860876606631246,1.8501249803764346,-0.6009423106748705,0.25917437366408314,0.2980714075370639,8.705616501856392,False,insufficient_egarch_obs
larger+VIX GM paper,Gross before costs,768,garch11_residual_fallback_insufficient_egarch_obs,60,ok,60,0.8206391480234161,0.5512724314999055,1.3810159341886594,2.701830537374186,-0.38923544770910834,0.1786589729302814,0.29337312203589466,20.00411691978827,False,insufficient_egarch_obs
larger+VIX GM paper,Gross before costs,769,garch11_residual_fallback_insufficient_egarch_obs,60,ok,60,0.11104331631487563,0.519824857661354,0.4567559744770241,0.7409809459078402,-0.5085002824709342,0.22694881291256513,0.26413029722301623,1.6929921940140524,False,insufficient_egarch_obs
larger+VIX GM paper,Gross before costs,770,garch11_residual_fallback_insufficient_egarch_obs,60,ok,60,-0.051437517244275366,0.6940180458785751,0.28062026989776717,0.4197620801062857,-0.8706241877521793,0.33972969277925336,0.38375230984637637,0.767944294086847,False,insufficient_egarch_obs
larger+VIX GM paper,Gross before costs,771,garch11_residual_fallback_insufficient_egarch_obs,60,ok,60,0.32987198236863446,0.35977948923669983,0.9731730304713964,1.8572121355713733,-0.5228173025060997,0.10868203365205062,0.18196174180699207,4.159577134367383,False,insufficient_egarch_obs
larger+VIX GM paper,Gross before costs,772,garch11_residual_fallback_insufficient_egarch_obs,60,ok,60,0.40120220385432837,0.6054496028669614,0.8708875147977135,1.4615806174767259,-0.6001062414196578,0.29067929605682924,0.3625594325005424,5.401371624574619,False,insufficient_egarch_obs
larger+VIX GM paper,Gross before costs,773,garch11_residual_fallback_insufficient_egarch_obs,60,ok,60,1.1305708100923924,0.4306894273653754,2.013310734923074,5.100277275207861,-0.23860224155880738,0.10469892655837014,0.1717181232575602,43.901550962189695,False,insufficient_egarch_obs
larger+VIX GM paper,Gross before costs,774,garch11_residual_fallback_insufficient_egarch_obs,60,ok,60,-0.24386067760620456,0.7632688248033735,0.04850228630566426,0.06694965000443985,-0.8935236624894974,0.3726585311851771,0.4358920057237379,0.2471776044210062,False,insufficient_egarch_obs
larger+VIX GM paper,Gross before costs,775,garch11_residual_fallback_insufficient_egarch_obs,60,ok,60,-0.3223570726319146,0.720597587510519,-0.11918426812524845,-0.1541630411506384,-0.9319364826025928,0.4286904815263622,0.4746176933300177,0.14289089272760339,False,insufficient_egarch_obs
larger+VIX GM paper,Gross before costs,776,garch11_residual_fallback_insufficient_egarch_obs,60,ok,60,0.5428651459019505,0.7361185978039664,0.9832937682760262,1.579138252786437,-0.7301913365129407,0.35945608601394136,0.4138492238951861,8.742584550394024,False,insufficient_egarch_obs
larger+VIX GM paper,Gross before costs,777,garch11_residual_fallback_insufficient_egarch_obs,60,ok,60,0.35640821524284294,0.588444024053702,0.8138812238321771,1.4361751579999151,-0.664064866745527,0.18828667345236177,0.34329359961375366,4.5914732382624015,False,insufficient_egarch_obs
larger+VIX GM paper,Gross before costs,778,garch11_residual_fallback_insufficient_egarch_obs,60,ok,60,0.5084558778836759,0.5659917151712067,1.0224401883347167,1.7472205301382875,-0.547796431941564,0.2583061217527912,0.3110443734240001,7.81021623920608,False,insufficient_egarch_obs
larger+VIX GM paper,Gross before costs,779,garch11_residual_fallback_insufficient_egarch_obs,60,ok,60,0.01328148008493435,0.7973898924518105,0.4190148820263817,0.6648256791861796,-0.9247968251805836,0.34029170207968873,0.41048072479683845,1.0681949617783262,False,insufficient_egarch_obs
larger+VIX GM paper,Gross before costs,780,garch11_residual_fallback_insufficient_egarch_obs,60,ok,60,0.21924632874445416,0.34360877634969095,0.7500237029908664,1.276323581073048,-0.5387430483451654,0.1163570834242982,0.1989961031288143,2.6943703013200446,False,insufficient_egarch_obs
larger+VIX GM paper,Gross before costs,781,garch11_residual_fallback_insufficient_egarch_obs,60,ok,60,0.202294572907322,0.6578905321175034,0.6069783624454208,1.0135122499678453,-0.5913876104308584,0.31469696197454716,0.3398776665183114,2.512201286357196,False,insufficient_egarch_obs
larger+VIX GM paper,Gross before costs,782,garch11_residual_fallback_insufficient_egarch_obs,60,ok,60,0.4376179163433167,0.4509884156912214,1.0433224299484245,1.7495452744796745,-0.35366515417171196,0.21110693287594173,0.26449246099987095,6.140692958176875,False,insufficient_egarch_obs
larger+VIX GM paper,Gross before costs,783,garch11_residual_fallback_insufficient_egarch_obs,60,ok,60,0.11129142155185145,0.46801120219196296,0.4557781507158188,0.7459667576254351,-0.6886749458405628,0.18333077717764062,0.27041544236981924,1.6948833348102361,False,insufficient_egarch_obs
larger+VIX GM paper,Gross before costs,784,garch11_residual_fallback_insufficient_egarch_obs,60,ok,60,0.4074209941654261,0.2772477645182264,1.3834623528031718,2.8758627458854975,-0.27712072667649656,0.07560773861067534,0.1127455421616808,5.522301639839883,False,insufficient_egarch_obs
larger+VIX GM paper,Gross before costs,785,garch11_residual_fallback_insufficient_egarch_obs,60,ok,60,0.6209746103712623,0.5022352020689496,1.2256399500075679,2.2947911679649216,-0.475839390938012,0.21394936508067694,0.26498449909713356,11.191313515883419,False,insufficient_egarch_obs
larger+VIX GM paper,Gross before costs,786,garch11_residual_fallback_insufficient_egarch_obs,60,ok,60,0.3542304295562333,0.44242788828922336,0.9090877137142784,1.6114179090562122,-0.49332236383084194,0.20337696589808016,0.22789928843203353,4.554732132388669,False,insufficient_egarch_obs
larger+VIX GM paper,Gross before costs,787,garch11_residual_fallback_insufficient_egarch_obs,60,ok,60,0.45610827460883496,0.403595490298505,1.1353099658806718,2.3188052383730553,-0.4318681683382274,0.14563980135733254,0.1934598727264459,6.545884667792981,False,insufficient_egarch_obs
larger+VIX GM paper,Gross before costs,788,garch11_residual_fallback_insufficient_egarch_obs,60,ok,60,0.5442338442762655,0.6387062286670449,1.0043819943935275,1.7973425175492233,-0.6756607613387987,0.26742396392319234,0.3123049210942341,8.781431790206353,False,insufficient_egarch_obs
larger+VIX GM paper,Gross before costs,789,garch11_residual_fallback_insufficient_egarch_obs,60,ok,60,0.6640579737269869,0.6027620664279139,1.1573902232802384,2.148510146301417,-0.4867815633334397,0.2550839268668411,0.30582902358128955,12.759752853248544,False,insufficient_egarch_obs
larger+VIX GM paper,Gross before costs,790,garch11_residual_fallback_insufficient_egarch_obs,60,ok,60,0.3610213842431107,0.5263407428806727,0.8515382841194369,1.4632720058566606,-0.4461557518518299,0.2134519050792689,0.2876586643675035,4.670084559634741,False,insufficient_egarch_obs
larger+VIX GM paper,Gross before costs,791,garch11_residual_fallback_insufficient_egarch_obs,60,ok,60,0.19895454669241874,0.6330216578030657,0.6174415252136582,0.9475519582683278,-0.7546803000789848,0.29241477679243305,0.3750893904311841,2.477499610226822,False,insufficient_egarch_obs
larger+VIX GM paper,Gross before costs,792,garch11_residual_fallback_insufficient_egarch_obs,60,ok,60,0.48523018602444457,0.4421674847459551,1.1243839391797588,2.0914483564788338,-0.5148326417954194,0.161150682849914,0.2409002446259482,7.2271794199442505,False,insufficient_egarch_obs
larger+VIX GM paper,Gross before costs,793,garch11_residual_fallback_insufficient_egarch_obs,60,ok,60,0.11150443726385895,0.39496379873775217,0.4662020551360892,0.7224007432098631,-0.3735353891580815,0.20633581722430644,0.23897626505860123,1.6965083595747328,False,insufficient_egarch_obs
larger+VIX GM paper,Gross before costs,794,garch11_residual_fallback_insufficient_egarch_obs,60,ok,60,0.5063052278900111,0.6468353720972654,0.9776194121115789,1.602406764536122,-0.7284957935533156,0.2943924001395538,0.37434241781289446,7.754698494487532,False,insufficient_egarch_obs
larger+VIX GM paper,Gross before costs,795,garch11_residual_fallback_insufficient_egarch_obs,60,ok,60,1.4043744996041134,0.49518221049708444,2.0783986458964243,4.306109057612271,-0.3512913910285409,0.22475343627210678,0.24548100778363136,80.35456721126151,False,insufficient_egarch_obs
larger+VIX GM paper,Gross before costs,796,garch11_residual_fallback_insufficient_egarch_obs,60,ok,60,0.3990034051118181,0.4669184589139054,0.9627842321663433,1.6509700337899529,-0.41465158568312765,0.16075273036328536,0.29901573583978885,5.359124639439868,False,insufficient_egarch_obs
larger+VIX GM paper,Gross before costs,797,garch11_residual_fallback_insufficient_egarch_obs,60,ok,60,0.4320518928136403,0.5626078400922111,0.9264389380992094,1.6057980017542663,-0.4378184530831012,0.2571713449704235,0.3083361194300687,6.022735327125598,False,insufficient_egarch_obs
larger+VIX GM paper,Gross before costs,798,garch11_residual_fallback_insufficient_egarch_obs,60,ok,60,-0.15183533356251666,0.5317800988650038,-0.04145606136365987,-0.059580384476751694,-0.8568456403174056,0.2763308796034769,0.28417306499100764,0.4389356764184376,False,insufficient_egarch_obs
larger+VIX GM paper,Gross before costs,799,garch11_residual_fallback_insufficient_egarch_obs,60,ok,60,0.3130828370571679,0.511817300030748,0.7954375264352463,1.334738758602316,-0.519274885263026,0.20050065366361422,0.32078032253363525,3.9035578879484443,False,insufficient_egarch_obs
larger+VIX GM paper,Gross before costs,800,garch11_residual_fallback_insufficient_egarch_obs,60,ok,60,0.28830750804867744,0.5604397001507492,0.7475972238774109,1.1461725545703074,-0.5889497483582742,0.27788285838189264,0.3344496590450267,3.548932089441726,False,insufficient_egarch_obs
larger+VIX GM paper,Gross before costs,801,garch11_residual_fallback_insufficient_egarch_obs,60,ok,60,0.07161240752927367,0.6664586778805984,0.43615571086651883,0.702160898920205,-0.6919408822860359,0.27968566079225643,0.36441767916273005,1.4131513148889958,False,insufficient_egarch_obs
larger+VIX GM paper,Gross before costs,802,garch11_residual_fallback_insufficient_egarch_obs,60,ok,60,0.23367109535654929,0.4695477961006518,0.6842906625740823,1.1225815300565085,-0.6185774221843265,0.21823874239559227,0.26004749993207465,2.8575704561244275,False,insufficient_egarch_obs
larger+VIX GM paper,Gross before costs,803,garch11_residual_fallback_insufficient_egarch_obs,60,ok,60,-0.13977050344862219,0.6332019945938501,0.09764642288852855,0.13658226451874367,-0.9042597953111093,0.3330823665446364,0.37519417721258747,0.47105503512310426,False,insufficient_egarch_obs
larger+VIX GM paper,Gross before costs,804,garch11_residual_fallback_insufficient_egarch_obs,60,ok,60,0.14820937527924505,0.493479900842157,0.5289886413830093,0.837986090901476,-0.6814947103560212,0.22922825387478976,0.29688972027453486,1.9957468068659523,False,insufficient_egarch_obs
larger+VIX GM paper,Gross before costs,805,garch11_residual_fallback_insufficient_egarch_obs,60,ok,60,0.40577109002977396,0.6246006505705685,0.8601214275508271,1.5022279182479759,-0.6335620587700279,0.2951236486963299,0.30218776974609723,5.490008774732815,False,insufficient_egarch_obs
larger+VIX GM paper,Gross before costs,806,garch11_residual_fallback_insufficient_egarch_obs,60,ok,60,0.06534278438807983,0.5190753217286693,0.3794683017946835,0.5954808641522307,-0.6200385402252064,0.2241961958166587,0.28850311590194394,1.372292986130999,False,insufficient_egarch_obs
larger+VIX GM paper,Gross before costs,807,garch11_residual_fallback_insufficient_egarch_obs,60,ok,60,0.3236254336292421,0.6258484917193978,0.777743427748625,1.2134930667126536,-0.6893028744846484,0.2946739506556208,0.35550777731691174,4.062800693908188,False,insufficient_egarch_obs
larger+VIX GM paper,Gross before costs,808,garch11_residual_fallback_insufficient_egarch_obs,60,ok,60,0.07823775193019311,0.4812179656830507,0.3971572844262831,0.6062849379162328,-0.549828698065565,0.2178433955511969,0.2588993632057876,1.4573795383859736,False,insufficient_egarch_obs
larger+VIX GM paper,Gross before costs,809,garch11_residual_fallback_insufficient_egarch_obs,60,ok,60,-0.16570730164004532,0.6888707588878866,0.08824608645887437,0.13221392541053906,-0.9323156957231997,0.34610421039987466,0.39048404871275166,0.40419618815767144,False,insufficient_egarch_obs
larger+VIX GM paper,Gross before costs,810,garch11_residual_fallback_insufficient_egarch_obs,60,ok,60,1.2311454527230676,0.5133488264102548,1.8573609993829399,4.255026568471606,-0.39797484741595035,0.12892612470837062,0.2370818052392705,55.289087019148525,False,insufficient_egarch_obs
larger+VIX GM paper,Gross before costs,811,garch11_residual_fallback_insufficient_egarch_obs,60,ok,60,0.36922050192766087,0.45563944633160314,0.9184774148177791,1.6644619849190856,-0.4478613474353046,0.20419461105366718,0.2318468653205917,4.812458162555496,False,insufficient_egarch_obs
larger+VIX GM paper,Gross before costs,812,garch11_residual_fallback_insufficient_egarch_obs,60,ok,60,0.4442277958024232,0.4416755827780902,1.0618379221080692,1.8897713860957863,-0.47183875561916233,0.21793554840979792,0.23991696204536125,6.283165454632328,False,insufficient_egarch_obs
larger+VIX GM paper,Gross before costs,813,garch11_residual_fallback_insufficient_egarch_obs,60,ok,60,0.5473869260625019,0.738136542172328,0.966405082624019,1.730082007589537,-0.6069713381496942,0.2858268645119336,0.37825177957115635,8.871450135673003,False,insufficient_egarch_obs
larger+VIX GM paper,Gross before costs,814,garch11_residual_fallback_insufficient_egarch_obs,60,ok,60,0.6578852238428006,0.370312621551821,1.569830510692869,3.4808316301575557,-0.2731095413243846,0.09351728678669678,0.17431599362893138,12.524843391818349,False,insufficient_egarch_obs
larger+VIX GM paper,Gross before costs,815,garch11_residual_fallback_insufficient_egarch_obs,60,ok,60,0.2723592586790693,0.49014984937545875,0.7424294626741045,1.2218368601010914,-0.5254759825915767,0.2611511888957356,0.29602408022498966,3.334638592882611,False,insufficient_egarch_obs
larger+VIX GM paper,Gross before costs,816,garch11_residual_fallback_insufficient_egarch_obs,60,ok,60,-0.3493877716716156,0.8906271364317483,0.040751023346109166,0.05420796554007079,-0.9659806397530617,0.49737972976894435,0.5231669227321275,0.11657652574432635,False,insufficient_egarch_obs
larger+VIX GM paper,Gross before costs,817,garch11_residual_fallback_insufficient_egarch_obs,60,ok,60,0.7213395288271809,0.42205856431574884,1.5165342337569305,3.2027013016212993,-0.44780402941920827,0.14509748773843553,0.21460514116583176,15.11237459418622,False,insufficient_egarch_obs
larger+VIX GM paper,Gross before costs,818,garch11_residual_fallback_insufficient_egarch_obs,60,ok,60,0.27885639075185975,0.5473441065531056,0.730743467159294,1.1819331870190621,-0.5593762379092986,0.25491633477050135,0.303336528366059,3.4206519762425476,False,insufficient_egarch_obs
larger+VIX GM paper,Gross before costs,819,garch11_residual_fallback_insufficient_egarch_obs,60,ok,60,0.05618149660149685,0.489081095749285,0.35432432721614304,0.5535406249904276,-0.7228273915415462,0.2155761496420059,0.2763342743867681,1.3142947519866741,False,insufficient_egarch_obs
larger+VIX GM paper,Gross before costs,820,garch11_residual_fallback_insufficient_egarch_obs,60,ok,60,0.1686700304263966,0.4588418977290857,0.5773376903373864,0.8502373196292284,-0.6087464050979373,0.23214639588743557,0.25712390837113036,2.1800152682830576,False,insufficient_egarch_obs
larger+VIX GM paper,Gross before costs,821,garch11_residual_fallback_insufficient_egarch_obs,60,ok,60,-0.38552630290740897,0.6178000006412939,-0.4413547630281298,-0.5657087570208407,-0.9387408336980838,0.3286772138796308,0.4104190213294645,0.08760249731925591,False,insufficient_egarch_obs
larger+VIX GM paper,Gross before costs,822,garch11_residual_fallback_insufficient_egarch_obs,60,ok,60,0.2989495040484442,0.6589404205548663,0.7319704446973234,1.1952816792066374,-0.7014637417055127,0.30510872558359786,0.35268542660308877,3.6979526177922444,False,insufficient_egarch_obs
larger+VIX GM paper,Gross before costs,823,garch11_residual_fallback_insufficient_egarch_obs,60,ok,60,-0.0005869524838859608,0.4829124680674783,0.24836634495118862,0.36032675769953076,-0.6854913069134727,0.2953222076429905,0.32322991706108645,0.9970686806912182,False,insufficient_egarch_obs
larger+VIX GM paper,Gross before costs,824,garch11_residual_fallback_insufficient_egarch_obs,60,ok,60,0.5851991917696289,0.3919695942782001,1.3907473738308758,2.6309704002707193,-0.30588233580991686,0.12203723411485376,0.22258298200339474,10.009657353974925,False,insufficient_egarch_obs
larger+VIX GM paper,Gross before costs,825,garch11_residual_fallback_insufficient_egarch_obs,60,ok,60,0.042531295681975445,0.6456154754875987,0.3910058683826502,0.5960576419562159,-0.78635746482172,0.2908836831547776,0.33657848814136976,1.2315314428338289,False,insufficient_egarch_obs
larger+VIX GM paper,Gross before costs,826,garch11_residual_fallback_insufficient_egarch_obs,60,ok,60,0.45928166634476475,0.4571389711024701,1.0650674859435634,1.8753054996931369,-0.5689592220839205,0.1927325966248152,0.24492193969945028,6.617525618615676,False,insufficient_egarch_obs
larger+VIX GM paper,Gross before costs,827,garch11_residual_fallback_insufficient_egarch_obs,60,ok,60,0.28144203093045417,0.5454415013247936,0.7311510799385041,1.2073714124530226,-0.5581995152964674,0.24369019161635339,0.3046832503442231,3.455372106770923,False,insufficient_egarch_obs
larger+VIX GM paper,Gross before costs,828,garch11_residual_fallback_insufficient_egarch_obs,60,ok,60,-0.08290843742335685,0.4821341464191655,0.06198410332909034,0.09047398762274694,-0.7630282590614939,0.246948888216818,0.25383642857193356,0.6487292641020771,False,insufficient_egarch_obs
larger+VIX GM paper,Gross before costs,829,garch11_residual_fallback_insufficient_egarch_obs,60,ok,60,0.03680290525773877,0.7321996556875665,0.4035314666909141,0.6837865510179278,-0.785778449240839,0.30598922349423635,0.3776888333578203,1.198066783247155,False,insufficient_egarch_obs
larger+VIX GM paper,Gross before costs,830,garch11_residual_fallback_insufficient_egarch_obs,60,ok,60,0.20737823657300702,0.5887528542694398,0.6238052480635594,0.9805775717839694,-0.7305975551460271,0.27844347230165306,0.3380512743554669,2.565764053603374,False,insufficient_egarch_obs
larger+VIX GM paper,Gross before costs,831,garch11_residual_fallback_insufficient_egarch_obs,60,ok,60,-0.3413000524034344,0.8867981424861973,0.0069602677446823575,0.009716296914287166,-0.9192961839028088,0.38816203874171273,0.43944414154262396,0.12400469955518502,False,insufficient_egarch_obs
larger+VIX GM paper,Gross before costs,832,garch11_residual_fallback_insufficient_egarch_obs,60,ok,60,0.73498345796625,0.47968931464585524,1.4049468997791232,2.8473698419037325,-0.3650818614044722,0.17839603384207742,0.23180099987813904,15.720874185190677,False,insufficient_egarch_obs
larger+VIX GM paper,Gross before costs,833,garch11_residual_fallback_insufficient_egarch_obs,60,ok,60,0.4049134542482149,0.4373127549790524,0.9974539598242678,1.9307876733955105,-0.4035646811514557,0.12121141782646822,0.23360453771056963,5.4732824156254845,False,insufficient_egarch_obs
larger+VIX GM paper,Gross before costs,834,garch11_residual_fallback_insufficient_egarch_obs,60,ok,60,-0.256911137077954,0.5822599127364405,-0.20658858098597319,-0.27979714766242086,-0.8412070394885965,0.28350864834161194,0.3116794668173557,0.22657070798127438,False,insufficient_egarch_obs
larger+VIX GM paper,Gross before costs,835,garch11_residual_fallback_insufficient_egarch_obs,60,ok,60,-0.4008543773664274,0.6768811508412872,-0.3872442308812951,-0.49879940016731966,-0.9584540749889553,0.3337268262798379,0.34491646644088275,0.0772079379380484,False,insufficient_egarch_obs
larger+VIX GM paper,Gross before costs,836,garch11_residual_fallback_insufficient_egarch_obs,60,ok,60,0.1899358751982414,0.4565961991223976,0.6173048530818392,0.9323330972237251,-0.5402532020075187,0.22657389226964458,0.2772435633511488,2.385710769293338,False,insufficient_egarch_obs
larger+VIX GM paper,Gross before costs,837,garch11_residual_fallback_insufficient_egarch_obs,60,ok,60,-0.0872519156034246,0.6271524930726015,0.18587722876327306,0.26139172438239644,-0.8849238116539855,0.2902686960048628,0.3945412904685668,0.6335117156745772,False,insufficient_egarch_obs
larger+VIX GM paper,Gross before costs,838,garch11_residual_fallback_insufficient_egarch_obs,60,ok,60,-0.10245408263142308,0.5319726246378971,0.06886953779457297,0.09773547783020411,-0.7835186018890942,0.259012840641144,0.3049394967485611,0.5824831665568309,False,insufficient_egarch_obs
larger+VIX GM paper,Gross before costs,839,garch11_residual_fallback_insufficient_egarch_obs,60,ok,60,0.31517021195902495,0.3243028482372876,1.0153373881988255,1.7119651267335554,-0.3681505421898821,0.116900185443313,0.20258013171261194,3.9346836314680886,False,insufficient_egarch_obs
larger+VIX GM paper,Gross before costs,840,garch11_residual_fallback_insufficient_egarch_obs,60,ok,60,0.35057524512029903,0.5975275475079587,0.8072142521859389,1.3612868279826384,-0.6590226919875911,0.297032426792733,0.3110551531846314,4.493594983833522,False,insufficient_egarch_obs
larger+VIX GM paper,Gross before costs,841,garch11_residual_fallback_insufficient_egarch_obs,60,ok,60,0.7340171648914204,0.40073553344251506,1.6031539214363562,3.0374505285098348,-0.3831039356201069,0.12291284581400527,0.2459008977004473,15.677144488264364,False,insufficient_egarch_obs
larger+VIX GM paper,Gross before costs,842,garch11_residual_fallback_insufficient_egarch_obs,60,ok,60,-0.04322418239842951,0.5245986517296555,0.18123056342489627,0.2608853828071474,-0.7178293494244956,0.2676921821087676,0.2764623632949375,0.8017721195082882,False,insufficient_egarch_obs
larger+VIX GM paper,Gross before costs,843,garch11_residual_fallback_insufficient_egarch_obs,60,ok,60,0.12736038075384348,0.6003521504677513,0.4985712054497275,0.8118522461776813,-0.6722829638314869,0.25013219977995627,0.339209594157266,1.8210163322666293,False,insufficient_egarch_obs
larger+VIX GM paper,Gross before costs,844,garch11_residual_fallback_insufficient_egarch_obs,60,ok,60,0.5049577599998212,0.3623526536901655,1.3202000730130938,2.673144293519647,-0.36033664313019687,0.13461026201537193,0.1585608235573094,7.720075600567326,False,insufficient_egarch_obs
larger+VIX GM paper,Gross before costs,845,garch11_residual_fallback_insufficient_egarch_obs,60,ok,60,0.3003876115320183,0.4774047655379521,0.7992892433039832,1.28119706915311,-0.5563204382935292,0.19403787667261688,0.2988250719859398,3.718468588299433,False,insufficient_egarch_obs
larger+VIX GM paper,Gross before costs,846,garch11_residual_fallback_insufficient_egarch_obs,60,ok,60,0.3689480693204623,0.4230914528501435,0.9582481289755721,1.6986975261833328,-0.3683646558041501,0.15854803416627516,0.2368665873133177,4.807672414383095,False,insufficient_egarch_obs
larger+VIX GM paper,Gross before costs,847,garch11_residual_fallback_insufficient_egarch_obs,60,ok,60,0.32080608769306784,0.4453592646270071,0.852224800084691,1.4443995971823695,-0.6989549306043943,0.1936684078894226,0.25262190707525195,4.019715437935691,False,insufficient_egarch_obs
larger+VIX GM paper,Gross before costs,848,garch11_residual_fallback_insufficient_egarch_obs,60,ok,60,0.2775707858283032,0.3969461948270637,0.8192464750717282,1.395714110100236,-0.5141370173702675,0.1771143857588007,0.21845120704943355,3.403492996111768,False,insufficient_egarch_obs
larger+VIX GM paper,Gross before costs,849,garch11_residual_fallback_insufficient_egarch_obs,60,ok,60,0.5160462867891646,0.44257932687378854,1.176879745334125,2.0491919622670665,-0.4056354102818751,0.20818077197421486,0.26220469914890115,8.008705156839374,False,insufficient_egarch_obs
larger+VIX GM paper,Gross before costs,850,garch11_residual_fallback_insufficient_egarch_obs,60,ok,60,0.67272284823006,0.5742390096355335,1.196132526760104,2.2272760009163655,-0.5514933317790214,0.2277691956382996,0.3045803812951831,13.095435490716588,False,insufficient_egarch_obs
larger+VIX GM paper,Gross before costs,851,garch11_residual_fallback_insufficient_egarch_obs,60,ok,60,0.0688708537180256,0.4995320881385787,0.38417921636131813,0.576817399510349,-0.656722723800854,0.23828439297546258,0.2586588322327848,1.3951669309677712,False,insufficient_egarch_obs
larger+VIX GM paper,Gross before costs,852,garch11_residual_fallback_insufficient_egarch_obs,60,ok,60,0.754310623130352,0.5174351653298699,1.367975453627411,2.5621064502791135,-0.39898969937705897,0.16218857823583457,0.28977791055713653,16.616228895361388,False,insufficient_egarch_obs
larger+VIX GM paper,Gross before costs,853,garch11_residual_fallback_insufficient_egarch_obs,60,ok,60,0.22847469780761154,0.557345398057326,0.649207598646074,1.06974542815586,-0.4418386167574565,0.24854162282064904,0.3115233930497144,2.7978928598201422,False,insufficient_egarch_obs
larger+VIX GM paper,Gross before costs,854,garch11_residual_fallback_insufficient_egarch_obs,60,ok,60,0.566165012564575,0.639138636804777,1.0380402032095628,1.7522170034399729,-0.5244398402933721,0.2854364303756941,0.3640217482194746,9.422965237697314,False,insufficient_egarch_obs
larger+VIX GM paper,Gross before costs,855,garch11_residual_fallback_insufficient_egarch_obs,60,ok,60,-0.02913121366244087,0.5996253478868483,0.2542015050936928,0.38418018784222296,-0.7649072785442284,0.2662256031699401,0.3453624192266855,0.8625865721248629,False,insufficient_egarch_obs
larger+VIX GM paper,Gross before costs,856,garch11_residual_fallback_insufficient_egarch_obs,60,ok,60,0.6146107239600034,0.4101444719309414,1.3905526512020683,2.667026171914682,-0.37121928604783405,0.139264706943845,0.22373941537014322,10.97334827883291,False,insufficient_egarch_obs
larger+VIX GM paper,Gross before costs,857,garch11_residual_fallback_insufficient_egarch_obs,60,ok,60,0.47400399808844096,0.545940010663741,1.0033265157170468,1.6312232650258307,-0.5625464617231047,0.2608462601586323,0.31487722874470886,6.958142321252784,False,insufficient_egarch_obs
larger+VIX GM paper,Gross before costs,858,garch11_residual_fallback_insufficient_egarch_obs,60,ok,60,0.28333863673256277,0.5412708219459079,0.7415306872509841,1.1910064875447721,-0.8169769570106616,0.28525392985715825,0.32928523430362916,3.4810186299452455,False,insufficient_egarch_obs
larger+VIX GM paper,Gross before costs,859,garch11_residual_fallback_insufficient_egarch_obs,60,ok,60,0.5389567268369873,0.5587236506086012,1.0605633747543302,1.8431457274774814,-0.4605610091090413,0.24345406135341707,0.2834083593488901,8.632409647991688,False,insufficient_egarch_obs
larger+VIX GM paper,Gross before costs,860,garch11_residual_fallback_insufficient_egarch_obs,60,ok,60,-0.012262052515529254,0.5051320957047931,0.23157660749251635,0.34048934067176534,-0.8349893064010572,0.26900989152094007,0.2800420622807118,0.9401749925330435,False,insufficient_egarch_obs
larger+VIX GM paper,Gross before costs,861,garch11_residual_fallback_insufficient_egarch_obs,60,ok,60,0.49692495979270723,0.4210861043343909,1.180008692599215,2.137058546940215,-0.3716679632116755,0.18915496993734882,0.20841882001903655,7.516231526875842,False,insufficient_egarch_obs
larger+VIX GM paper,Gross before costs,862,garch11_residual_fallback_insufficient_egarch_obs,60,ok,60,0.4604527453529361,0.4513985385301062,1.0706609494892665,2.0101492832527734,-0.4773968702582396,0.14614321357279206,0.25724991879349796,6.644121216099107,False,insufficient_egarch_obs
larger+VIX GM paper,Gross before costs,863,garch11_residual_fallback_insufficient_egarch_obs,60,ok,60,0.013775192539681402,0.5247304277617448,0.30280130750625767,0.4229329042955815,-0.7678914943773447,0.27980456935656217,0.31656826396152,1.0707998417706766,False,insufficient_egarch_obs
larger+VIX GM paper,Gross before costs,864,garch11_residual_fallback_insufficient_egarch_obs,60,ok,60,0.5553677176775509,0.5745472480049286,1.0655368899304196,1.9026799287685479,-0.6042122745384313,0.27801743715787636,0.30357304099519583,9.102598846985146,False,insufficient_egarch_obs
larger+VIX GM paper,Gross before costs,865,garch11_residual_fallback_insufficient_egarch_obs,60,ok,60,-0.10861780742157345,0.491747319090567,0.02270610123383492,0.031242899305069446,-0.5777974368545225,0.25539019769300586,0.306609632787674,0.5627555269506305,False,insufficient_egarch_obs
larger+VIX GM paper,Gross before costs,866,garch11_residual_fallback_insufficient_egarch_obs,60,ok,60,0.33125540512159213,0.44101801358441767,0.8742656878013134,1.4599230083634396,-0.29853955950101563,0.21012344940844777,0.24984664462810488,4.181257561247812,False,insufficient_egarch_obs
larger+VIX GM paper,Gross before costs,867,garch11_residual_fallback_insufficient_egarch_obs,60,ok,60,0.9539519494949664,0.6067057536652043,1.4205771514800896,2.9606599819009376,-0.4123021593784397,0.24725201683464657,0.2771926850340181,28.481928897183053,False,insufficient_egarch_obs
larger+VIX GM paper,Gross before costs,868,garch11_residual_fallback_insufficient_egarch_obs,60,ok,60,0.4472214061235449,0.5884271104754599,0.928948612886438,1.6277087586924828,-0.5381540993336842,0.293247546971969,0.31863781450683165,6.348555025562404,False,insufficient_egarch_obs
larger+VIX GM paper,Gross before costs,869,garch11_residual_fallback_insufficient_egarch_obs,60,ok,60,0.43274719216779034,0.3801929996697053,1.1449288991061946,2.1054471729045483,-0.42997159553217046,0.1715366606168373,0.18488633869996565,6.037370524235646,False,insufficient_egarch_obs
larger+VIX GM paper,Gross before costs,870,garch11_residual_fallback_insufficient_egarch_obs,60,ok,60,0.09999582576859734,0.6149334476584061,0.4770371381298007,0.7211834524023725,-0.7668386791369598,0.2866097400233194,0.4126520207355803,1.610479442770932,False,insufficient_egarch_obs
larger+VIX GM paper,Gross before costs,871,garch11_residual_fallback_insufficient_egarch_obs,60,ok,60,0.3793919283075533,0.41672726104130453,0.9836077973255309,1.816506873481983,-0.41932961774275,0.13314613123526425,0.23137826185031696,4.993883442143005,False,insufficient_egarch_obs
larger+VIX GM paper,Gross before costs,872,garch11_residual_fallback_insufficient_egarch_obs,60,ok,60,-0.18331750477495556,0.801274276707971,0.2055359603226917,0.28680853674945717,-0.9070936405637547,0.3728411374412413,0.5269727076435181,0.36330070037025697,False,insufficient_egarch_obs
larger+VIX GM paper,Gross before costs,873,garch11_residual_fallback_insufficient_egarch_obs,60,ok,60,0.38670489203851255,0.5160909220617216,0.9007973706316806,1.4924543363896248,-0.43790920511767484,0.23443165003354222,0.2839494619153268,5.127672015285821,False,insufficient_egarch_obs
larger+VIX GM paper,Gross before costs,874,garch11_residual_fallback_insufficient_egarch_obs,60,ok,60,0.007265331455124535,0.5619513144566617,0.2946622163098825,0.4411475219562837,-0.8499586589993869,0.257410613554573,0.29427035210779207,1.036858356646895,False,insufficient_egarch_obs
larger+VIX GM paper,Gross before costs,875,garch11_residual_fallback_insufficient_egarch_obs,60,ok,60,0.3859005283757553,0.47274357032251735,0.9334490839303387,1.6070674744907,-0.6586363348044051,0.21162579079249205,0.2622935612664639,5.112817625711914,False,insufficient_egarch_obs
larger+VIX GM paper,Gross before costs,876,garch11_residual_fallback_insufficient_egarch_obs,60,ok,60,-0.10870056235084913,0.8005429408354126,0.2458433392699339,0.39868597339709383,-0.9061196814322466,0.35048914510126705,0.3969913153756843,0.5624943474708209,False,insufficient_egarch_obs
larger+VIX GM paper,Gross before costs,877,garch11_residual_fallback_insufficient_egarch_obs,60,ok,60,0.7472980149590402,0.5830541856841281,1.250147602859397,2.6668344707083462,-0.42013781267545025,0.17048301822537054,0.2908647886171046,16.286768285035482,False,insufficient_egarch_obs
larger+VIX GM paper,Gross before costs,878,garch11_residual_fallback_insufficient_egarch_obs,60,ok,60,0.08207868688914721,0.4299162940016573,0.3972677150437973,0.617591933271846,-0.5759519029957634,0.20861412434091575,0.2499869148466428,1.4835227658748134,False,insufficient_egarch_obs
larger+VIX GM paper,Gross before costs,879,garch11_residual_fallback_insufficient_egarch_obs,60,ok,60,0.714529474528244,0.4501281209646074,1.43772303235231,2.9967899716584405,-0.46344480972717783,0.179150142591407,0.21068907497187442,14.815788763733904,False,insufficient_egarch_obs
larger+VIX GM paper,Gross before costs,880,garch11_residual_fallback_insufficient_egarch_obs,60,ok,60,0.11386159024890485,0.4750656242863346,0.4692288510840017,0.7315892466434609,-0.6019766218591744,0.21563316614748407,0.2969064594546091,1.7145736347674614,False,insufficient_egarch_obs
larger+VIX GM paper,Gross before costs,881,garch11_residual_fallback_insufficient_egarch_obs,60,ok,60,0.4557812893036042,0.6393390583581868,0.9148231413776419,1.5590542381215775,-0.7454831689528083,0.27485468243656136,0.32082373713304163,6.538538212023248,False,insufficient_egarch_obs
larger+VIX GM paper,Gross before costs,882,garch11_residual_fallback_insufficient_egarch_obs,60,ok,60,0.4167170713307071,0.505286386443174,0.9512779180942857,1.6418156451178392,-0.36405365287452796,0.2016427357198903,0.3064477936893939,5.707102016025295,False,insufficient_egarch_obs
larger+VIX GM paper,Gross before costs,883,garch11_residual_fallback_insufficient_egarch_obs,60,ok,60,-0.18129286199703398,0.6461361795854014,0.024582705365974095,0.03500763403287872,-0.7999889266137359,0.2758303847158385,0.3683055453053769,0.36782638954594954,False,insufficient_egarch_obs
larger+VIX GM paper,Gross before costs,884,garch11_residual_fallback_insufficient_egarch_obs,60,ok,60,-0.019891517114557722,0.4736065253405873,0.18981685956848887,0.29404850763988416,-0.4671008887419128,0.21595088840015497,0.25206098322295567,0.90442121337397,False,insufficient_egarch_obs
larger+VIX GM paper,Gross before costs,885,garch11_residual_fallback_insufficient_egarch_obs,60,ok,60,0.11998882351820628,0.6587740669622304,0.510874795493952,0.7956973170396727,-0.5870261357474069,0.3180917413150624,0.38040885288306603,1.7622537529025344,False,insufficient_egarch_obs
larger+VIX GM paper,Gross before costs,886,garch11_residual_fallback_insufficient_egarch_obs,60,ok,60,0.4469646093910611,0.35822954603094637,1.2251098767036304,2.1220112497354195,-0.36362256002539795,0.1719706081987993,0.21308667150996563,6.342924547317461,False,insufficient_egarch_obs
larger+VIX GM paper,Gross before costs,887,garch11_residual_fallback_insufficient_egarch_obs,60,ok,60,0.29074282703130727,0.48590307438396163,0.7676264491904177,1.354934023383943,-0.44033043071509426,0.1665510348114833,0.2628068549548374,3.5826023070607254,False,insufficient_egarch_obs
larger+VIX GM paper,Gross before costs,888,garch11_residual_fallback_insufficient_egarch_obs,60,ok,60,-0.06912882446355917,0.4799996412252223,0.08996641906017175,0.13066167411362983,-0.7585823309831574,0.2204891332999049,0.24746141054037443,0.6989529027185115,False,insufficient_egarch_obs
larger+VIX GM paper,Gross before costs,889,garch11_residual_fallback_insufficient_egarch_obs,60,ok,60,-0.22357565726810635,0.8723140432545454,0.1665159345451122,0.24331216841938816,-0.8583190907894434,0.4052770211952842,0.4458906640694706,0.2821601746153753,False,insufficient_egarch_obs
larger+VIX GM paper,Gross before costs,890,garch11_residual_fallback_insufficient_egarch_obs,60,ok,60,0.3580964085280347,0.4715811586452892,0.8875278797441367,1.5248315109527801,-0.4207490372161049,0.2032443198671683,0.23358847563737986,4.62011731767971,False,insufficient_egarch_obs
larger+VIX GM paper,Gross before costs,891,garch11_residual_fallback_insufficient_egarch_obs,60,ok,60,0.22420288526506948,0.6620534699783029,0.6513091947742219,1.0094439470528158,-0.886567946940433,0.3452430634173184,0.38730701525258776,2.7495840108331486,False,insufficient_egarch_obs
larger+VIX GM paper,Gross before costs,892,garch11_residual_fallback_insufficient_egarch_obs,60,ok,60,-0.03175098231115514,0.5453051636089918,0.2219857942205267,0.32285354891262463,-0.8234070869478997,0.2969512527666874,0.3426248212045164,0.8510112969796781,False,insufficient_egarch_obs
larger+VIX GM paper,Gross before costs,893,garch11_residual_fallback_insufficient_egarch_obs,60,ok,60,0.8699734594635682,0.3785029303533102,1.8678668559827165,5.4830459828733265,-0.1880268565713087,0.0824935657985309,0.12597076545842623,22.86531628727797,False,insufficient_egarch_obs
larger+VIX GM paper,Gross before costs,894,garch11_residual_fallback_insufficient_egarch_obs,60,ok,60,-0.05561940006815791,0.5995805809176664,0.22114023986808556,0.30930056062949485,-0.8434541450968863,0.32022569494877995,0.34837222589485917,0.751164897321226,False,insufficient_egarch_obs
larger+VIX GM paper,Gross before costs,895,garch11_residual_fallback_insufficient_egarch_obs,60,ok,60,-0.2106841702843385,0.6110486681451521,-0.057045119329007445,-0.07533786081111617,-0.905172430182954,0.31791829311248365,0.3449013281007958,0.3063755213637462,False,insufficient_egarch_obs
larger+VIX GM paper,Gross before costs,896,garch11_residual_fallback_insufficient_egarch_obs,60,ok,60,-0.11640175083876503,0.5139432362588258,0.021780265799327663,0.030787179444110455,-0.7033701252031228,0.28352686110052283,0.2989503568138223,0.5386097778314093,False,insufficient_egarch_obs
larger+VIX GM paper,Gross before costs,897,garch11_residual_fallback_insufficient_egarch_obs,60,ok,60,0.40651728161645795,0.4119711966934844,1.0458870410319492,1.76483556054273,-0.4990641255577506,0.1642478608799367,0.24135070715779605,5.5045948965198,False,insufficient_egarch_obs
larger+VIX GM paper,Gross before costs,898,garch11_residual_fallback_insufficient_egarch_obs,60,ok,60,0.16325120137773053,0.6344961129550557,0.558476268915847,0.8839699493765609,-0.803742466494708,0.2852864079322555,0.3145999132206057,2.129940878141322,False,insufficient_egarch_obs
larger+VIX GM paper,Gross before costs,899,garch11_residual_fallback_insufficient_egarch_obs,60,ok,60,0.09969484001700968,0.44558825511625183,0.43930054675545543,0.666625761737585,-0.5015915284823669,0.19652831136356091,0.26433767080737325,1.6082773154627268,False,insufficient_egarch_obs
larger+VIX GM paper,Gross before costs,900,garch11_residual_fallback_insufficient_egarch_obs,60,ok,60,-0.03377033064673862,0.41801829701758114,0.12445943181843104,0.18630932133462694,-0.5104136923332517,0.20464165307077622,0.22870367863262575,0.8421740293787048,False,insufficient_egarch_obs
larger+VIX GM paper,Gross before costs,901,garch11_residual_fallback_insufficient_egarch_obs,60,ok,60,0.17120359456841894,0.5007598354968545,0.568276858473189,0.9040983349561107,-0.8248752675379736,0.2399482809900546,0.2726358189281049,2.203748263523731,False,insufficient_egarch_obs
larger+VIX GM paper,Gross before costs,902,garch11_residual_fallback_insufficient_egarch_obs,60,ok,60,0.7170712972158806,0.47793182562098746,1.38707292324077,2.760914272857877,-0.35391060046420975,0.14227646796586307,0.25382669221209825,14.925938326431629,False,insufficient_egarch_obs
larger+VIX GM paper,Gross before costs,903,garch11_residual_fallback_insufficient_egarch_obs,60,ok,60,0.17114835872289946,0.6669351839018756,0.5665038693117186,0.9480259928582436,-0.7389029765572526,0.302852071953156,0.34292917261215927,2.2032286509722687,False,insufficient_egarch_obs
larger+VIX GM paper,Gross before costs,904,garch11_residual_fallback_insufficient_egarch_obs,60,ok,60,0.0027799055696882125,0.6667249531238311,0.344207948604886,0.51763892676409,-0.8140261984579796,0.31047939064116403,0.35830711169938273,1.0139770217245976,False,insufficient_egarch_obs
larger+VIX GM paper,Gross before costs,905,garch11_residual_fallback_insufficient_egarch_obs,60,ok,60,0.10318638263875157,0.637813966177875,0.47238942157223823,0.7486725990849262,-0.8500358442558151,0.2932689014956161,0.3181831765006771,1.6339714430136507,False,insufficient_egarch_obs
larger+VIX GM paper,Gross before costs,906,garch11_residual_fallback_insufficient_egarch_obs,60,ok,60,-0.0970438096553009,0.8059824832111083,0.307024451853045,0.4422430786752341,-0.9306274069174875,0.42280373529121157,0.4424154778258318,0.600251699785016,False,insufficient_egarch_obs
larger+VIX GM paper,Gross before costs,907,garch11_residual_fallback_insufficient_egarch_obs,60,ok,60,0.24150939006407368,0.5586453335380399,0.669702233383162,1.0812603728051449,-0.722732851296404,0.23958586664048226,0.29510956626448687,2.9495111569211083,False,insufficient_egarch_obs
larger+VIX GM paper,Gross before costs,908,garch11_residual_fallback_insufficient_egarch_obs,60,ok,60,0.0961575864236115,0.5154261856631118,0.42718031305221915,0.7136215316833613,-0.5348007952515306,0.22290913834030937,0.24647097886544425,1.5825774369110708,False,insufficient_egarch_obs
larger+VIX GM paper,Gross before costs,909,garch11_residual_fallback_insufficient_egarch_obs,60,ok,60,0.7657898873958837,0.5414499816941244,1.3349841789845316,2.6744805804977787,-0.48438232629129685,0.180165170335557,0.27660783713014797,17.167028435975837,False,insufficient_egarch_obs
larger+VIX GM paper,Gross before costs,910,garch11_residual_fallback_insufficient_egarch_obs,60,ok,60,0.7879008634517395,0.6933260875167986,1.211332198036668,2.146231870434801,-0.7614827501729311,0.347768305350517,0.4166906834358565,18.26910073979015,False,insufficient_egarch_obs
larger+VIX GM paper,Gross before costs,911,garch11_residual_fallback_insufficient_egarch_obs,60,ok,60,0.4041819137428828,0.4791179397279623,0.9493960942189604,1.7165239483609251,-0.40069277877151255,0.19797677655317533,0.22684089355957215,5.459047516527356,False,insufficient_egarch_obs
larger+VIX GM paper,Gross before costs,912,garch11_residual_fallback_insufficient_egarch_obs,60,ok,60,0.2291767981770214,0.4456277765969504,0.6858886464392264,1.1510474968595794,-0.5426459692987671,0.15633844834600794,0.27283398729895947,2.8058972912311604,False,insufficient_egarch_obs
larger+VIX GM paper,Gross before costs,913,garch11_residual_fallback_insufficient_egarch_obs,60,ok,60,0.26827388900887117,0.5657112298905155,0.7019633403067352,1.1894094184475053,-0.49963687667117307,0.27801940637796374,0.2908334524202451,3.281445962336015,False,insufficient_egarch_obs
larger+VIX GM paper,Gross before costs,914,garch11_residual_fallback_insufficient_egarch_obs,60,ok,60,0.49856866526624555,0.3681195438606022,1.2975734198691076,2.401616982919398,-0.4009012052278873,0.1280364646397399,0.21655646525325908,7.55758841787455,False,insufficient_egarch_obs
larger+VIX GM paper,Gross before costs,915,garch11_residual_fallback_insufficient_egarch_obs,60,ok,60,-0.16259527819647523,0.5814805871438559,-0.008445444684900856,-0.012143994536547001,-0.7433217281479181,0.3049871454960607,0.32573338133770285,0.4117911672160121,False,insufficient_egarch_obs
larger+VIX GM paper,Gross before costs,916,garch11_residual_fallback_insufficient_egarch_obs,60,ok,60,0.7825397234431972,0.5417167667811192,1.3642350553056792,2.459904354272859,-0.2781528390782142,0.22004731857675974,0.30962056460284043,17.996832883496673,False,insufficient_egarch_obs
larger+VIX GM paper,Gross before costs,917,garch11_residual_fallback_insufficient_egarch_obs,60,ok,60,-0.3360401535228865,0.5884885765520046,-0.3793780756450309,-0.49831727505347867,-0.9325526027959355,0.31262291756527316,0.36124796783366797,0.12903546143706013,False,insufficient_egarch_obs
larger+VIX GM paper,Gross before costs,918,garch11_residual_fallback_insufficient_egarch_obs,60,ok,60,0.08009276671001309,0.5882831334279053,0.4366447924480294,0.648297955324267,-0.5792943390471451,0.2931051837118024,0.35406473388457016,1.4699592256400165,False,insufficient_egarch_obs
larger+VIX GM paper,Gross before costs,919,garch11_residual_fallback_insufficient_egarch_obs,60,ok,60,-0.18892162996187134,0.5903941543008515,-0.0549617564346257,-0.07832890549562774,-0.7879470320472719,0.2926681278547044,0.3133651144370356,0.35100564307279436,False,insufficient_egarch_obs
larger+VIX GM paper,Gross before costs,920,garch11_residual_fallback_insufficient_egarch_obs,60,ok,60,0.5237692953732129,0.43690520202297134,1.2005266735067919,2.0532987821556548,-0.41236730944060485,0.18814010863940656,0.2719616925213508,8.214782901722007,False,insufficient_egarch_obs
larger+VIX GM paper,Gross before costs,921,garch11_residual_fallback_insufficient_egarch_obs,60,ok,60,0.3104071780487585,0.6848742248676025,0.7388211309524679,1.247390494533768,-0.7472258918071446,0.3186148748465032,0.34162945281246887,3.8639483886174637,False,insufficient_egarch_obs
larger+VIX GM paper,Gross before costs,922,garch11_residual_fallback_insufficient_egarch_obs,60,ok,60,0.013975836751918269,0.6557386904890437,0.3485200496399082,0.5438411389213866,-0.5775496112354066,0.31075433177280876,0.32419339381396484,1.0718599133444855,False,insufficient_egarch_obs
larger+VIX GM paper,Gross before costs,923,garch11_residual_fallback_insufficient_egarch_obs,60,ok,60,-0.06737536911433428,0.6149901886556282,0.1982081557549751,0.2936424178991408,-0.804159294935521,0.28434673370328445,0.3234859638938099,0.7055607375830112,False,insufficient_egarch_obs
larger+VIX GM paper,Gross before costs,924,garch11_residual_fallback_insufficient_egarch_obs,60,ok,60,0.7124904612927563,0.6410909101718725,1.183499024893444,2.0463916876030015,-0.5619859127210409,0.2819997686934267,0.36337114915935836,14.727899283251412,False,insufficient_egarch_obs
larger+VIX GM paper,Gross before costs,925,garch11_residual_fallback_insufficient_egarch_obs,60,ok,60,-0.19627496160705327,0.6451430817436857,0.0015198971310096498,0.002106067236953441,-0.8435268717211422,0.31218695257571827,0.37930373532502676,0.33538025486923234,False,insufficient_egarch_obs
larger+VIX GM paper,Gross before costs,926,garch11_residual_fallback_insufficient_egarch_obs,60,ok,60,-0.06747276862714546,0.6116869722283362,0.20152003946929226,0.29166115217238336,-0.788549477939849,0.330755957279859,0.35770154689525707,0.7051923851002218,False,insufficient_egarch_obs
larger+VIX GM paper,Gross before costs,927,garch11_residual_fallback_insufficient_egarch_obs,60,ok,60,0.5417738804681589,0.5685744136689957,1.0533874928334563,1.9140613387753826,-0.7504026577602625,0.22391231781090815,0.29847566866818165,8.711710193149992,False,insufficient_egarch_obs
larger+VIX GM paper,Gross before costs,928,garch11_residual_fallback_insufficient_egarch_obs,60,ok,60,0.2514856650703996,0.5944673993418047,0.6749161980841798,1.1002480920209499,-0.6265503024003798,0.2707607873618287,0.2773685280756584,3.069936533097447,False,insufficient_egarch_obs
larger+VIX GM paper,Gross before costs,929,garch11_residual_fallback_insufficient_egarch_obs,60,ok,60,0.0635237700242599,0.5839968517377647,0.40869475583257703,0.6080740214531428,-0.68781261079201,0.2888241741189297,0.3572993955421336,1.360617350305988,False,insufficient_egarch_obs
larger+VIX GM paper,Gross before costs,930,garch11_residual_fallback_insufficient_egarch_obs,60,ok,60,0.46743933263092585,0.888457181306366,0.9006459060796783,1.5014201337950828,-0.7138221489006628,0.3696054077167399,0.45836633089294426,6.804571435228346,False,insufficient_egarch_obs
larger+VIX GM paper,Gross before costs,931,garch11_residual_fallback_insufficient_egarch_obs,60,ok,60,0.12478705776583143,0.46133118100343073,0.48729693862408924,0.7658274161657932,-0.531204105104718,0.1942840292245216,0.2828658373152557,1.8003276547833778,False,insufficient_egarch_obs
larger+VIX GM paper,Gross before costs,932,garch11_residual_fallback_insufficient_egarch_obs,60,ok,60,0.2850270527109753,0.4542695567879208,0.7915751092703207,1.1832967470216955,-0.4782700028704011,0.22486687103082265,0.24957213788998903,3.5039778583660546,False,insufficient_egarch_obs
larger+VIX GM paper,Gross before costs,933,garch11_residual_fallback_insufficient_egarch_obs,60,ok,60,0.4935659587268413,0.5654410083668031,1.0028385047231276,1.7194413899139038,-0.5657856029367214,0.2530116176956625,0.3017141642012082,7.432279495195889,False,insufficient_egarch_obs
larger+VIX GM paper,Gross before costs,934,garch11_residual_fallback_insufficient_egarch_obs,60,ok,60,0.026032282848871713,0.6444826173564308,0.3712290436976875,0.5642351482651538,-0.806585314180625,0.3030765123153203,0.37903529601132674,1.137116935461551,False,insufficient_egarch_obs
larger+VIX GM paper,Gross before costs,935,garch11_residual_fallback_insufficient_egarch_obs,60,ok,60,0.48564024199009825,0.47910244927858064,1.0722612960918583,1.9510050525845306,-0.5374456405685633,0.21116268168103278,0.24371260321078428,7.237161660147743,False,insufficient_egarch_obs
larger+VIX GM paper,Gross before costs,936,garch11_residual_fallback_insufficient_egarch_obs,60,ok,60,0.5711753622064961,0.4177870546316199,1.311309569225241,2.2508470798574205,-0.35884794552074195,0.16787279678889747,0.24869830503151144,9.574658686300461,False,insufficient_egarch_obs
larger+VIX GM paper,Gross before costs,937,garch11_residual_fallback_insufficient_egarch_obs,60,ok,60,-0.06988067559729572,0.46637628881907384,0.078833252913325,0.11367363455737192,-0.6293535326925768,0.2249939559520829,0.262883847233556,0.6961347881379883,False,insufficient_egarch_obs
larger+VIX GM paper,Gross before costs,938,garch11_residual_fallback_insufficient_egarch_obs,60,ok,60,0.05747125297490552,0.5161850980850887,0.3654282350743678,0.5557418969208723,-0.5223744019257966,0.23966241439250746,0.2797390235877988,1.3223391320944735,False,insufficient_egarch_obs
larger+VIX GM paper,Gross before costs,939,garch11_residual_fallback_insufficient_egarch_obs,60,ok,60,0.34866536642274126,0.6899793797928487,0.7859541376997334,1.2941342145453427,-0.7136266005004478,0.32361133079558074,0.3358646625876334,4.4619122507038815,False,insufficient_egarch_obs
larger+VIX GM paper,Gross before costs,940,garch11_residual_fallback_insufficient_egarch_obs,60,ok,60,0.37417785730512354,0.5730010623531065,0.8487031835187498,1.4098809904117027,-0.44127453690289997,0.256261826014436,0.3104939651112404,4.900210442581683,False,insufficient_egarch_obs
larger+VIX GM paper,Gross before costs,941,garch11_residual_fallback_insufficient_egarch_obs,60,ok,60,0.5798663067047878,0.5259700413982868,1.1515762021944704,2.0008618152931965,-0.4797340767282686,0.2622462734772559,0.31803510125975787,9.842415290000483,False,insufficient_egarch_obs
larger+VIX GM paper,Gross before costs,942,garch11_residual_fallback_insufficient_egarch_obs,60,ok,60,0.7944467648925306,0.5345027005056121,1.3827498902991213,2.6254748270154455,-0.3483633710560369,0.26120538972399115,0.28926580150418923,18.605994752299484,False,insufficient_egarch_obs
larger+VIX GM paper,Gross before costs,943,garch11_residual_fallback_insufficient_egarch_obs,60,ok,60,0.07605566950128462,0.6272214555146707,0.43253702033617447,0.6670593493896554,-0.8322199412806756,0.2942354852619909,0.3098652741833248,1.4426922546121925,False,insufficient_egarch_obs
larger+VIX GM paper,Gross before costs,944,garch11_residual_fallback_insufficient_egarch_obs,60,ok,60,-0.13930575980566362,0.5842745358520303,0.03951445318750519,0.05696324537072692,-0.9046066214328891,0.26847165698245823,0.3081581811284371,0.4723288609278182,False,insufficient_egarch_obs
larger+VIX GM paper,Gross before costs,945,garch11_residual_fallback_insufficient_egarch_obs,60,ok,60,0.22293653053363505,0.5380095086608518,0.6534656259868005,1.0011517428028807,-0.6382645701213638,0.23223790680598935,0.3123943465293189,2.7353921128544885,False,insufficient_egarch_obs
larger+VIX GM paper,Gross before costs,946,garch11_residual_fallback_insufficient_egarch_obs,60,ok,60,-0.014392689371092504,0.5113007170112044,0.22350831990737555,0.34099186456349156,-0.5561068312337925,0.23774304051704617,0.27944582122290346,0.9300784477697294,False,insufficient_egarch_obs
larger+VIX GM paper,Gross before costs,947,garch11_residual_fallback_insufficient_egarch_obs,60,ok,60,0.4264603714942994,0.4531236421448703,1.0189649750499028,1.7581051374803072,-0.3766674772567765,0.1924075680968365,0.24832092134227,5.9060695254237245,False,insufficient_egarch_obs
larger+VIX GM paper,Gross before costs,948,garch11_residual_fallback_insufficient_egarch_obs,60,ok,60,0.26697334545909257,0.5415406087027124,0.7053318132151243,1.205020089429792,-0.7133800179857528,0.23130979946207028,0.27766890962280394,3.264655741035359,False,insufficient_egarch_obs
larger+VIX GM paper,Gross before costs,949,garch11_residual_fallback_insufficient_egarch_obs,60,ok,60,0.8145694670762493,0.867527212345761,1.1456998660939446,2.0633651841466865,-0.8001913223995629,0.3353447800902254,0.449298768215205,19.67288234570146,False,insufficient_egarch_obs
larger+VIX GM paper,Gross before costs,950,garch11_residual_fallback_insufficient_egarch_obs,60,ok,60,0.9250347927093596,0.4244790526889721,1.7817433648038883,4.341454622379548,-0.22574050749152208,0.10564392211625166,0.17484980513684437,26.435827927248567,False,insufficient_egarch_obs
larger+VIX GM paper,Gross before costs,951,garch11_residual_fallback_insufficient_egarch_obs,60,ok,60,-0.2001676037172383,0.4749853056422515,-0.22622131680572127,-0.3084366035515515,-0.7878200013143577,0.25754550964054684,0.265565759459887,0.3273368913829178,False,insufficient_egarch_obs
larger+VIX GM paper,Gross before costs,952,garch11_residual_fallback_insufficient_egarch_obs,60,ok,60,0.7003706495385587,0.6283518388952571,1.1655825917389242,2.214227714792001,-0.5772820756556386,0.2852267463356169,0.3096670925003175,14.214055261059212,False,insufficient_egarch_obs
larger+VIX GM paper,Gross before costs,953,garch11_residual_fallback_insufficient_egarch_obs,60,ok,60,-0.014758523879459307,0.5770825714762309,0.2773440569966943,0.4003218617310272,-0.8354829182653236,0.29889143208488794,0.3683156162740247,0.928353611253071,False,insufficient_egarch_obs
larger+VIX GM paper,Gross before costs,954,garch11_residual_fallback_insufficient_egarch_obs,60,ok,60,-0.03822191911941941,0.5875142444113166,0.22971343992260135,0.3502707202301417,-0.8290418137070508,0.26229937871744524,0.34521371099361114,0.8229517554149012,False,insufficient_egarch_obs
larger+VIX GM paper,Gross before costs,955,garch11_residual_fallback_insufficient_egarch_obs,60,ok,60,0.38426952427488925,0.3851668853623925,1.0419551548982628,1.9128206060057207,-0.4013312785629658,0.13460113690707484,0.21642736921757175,5.082803126915734,False,insufficient_egarch_obs
larger+VIX GM paper,Gross before costs,956,garch11_residual_fallback_insufficient_egarch_obs,60,ok,60,0.3970129469167052,0.581415702513364,0.8758512584798909,1.420245569372639,-0.5288550257686844,0.282290965137471,0.2993613580423054,5.321108995574294,False,insufficient_egarch_obs
larger+VIX GM paper,Gross before costs,957,garch11_residual_fallback_insufficient_egarch_obs,60,ok,60,0.3505616573044221,0.4950322135762137,0.862897328198949,1.4415364651427218,-0.5333206548863272,0.23740156863807585,0.29016165906337466,4.493368943437345,False,insufficient_egarch_obs
larger+VIX GM paper,Gross before costs,958,garch11_residual_fallback_insufficient_egarch_obs,60,ok,60,-0.01450972843735543,0.6985624768657852,0.323595831468724,0.5180464745809159,-0.7974175347949114,0.32614974580596084,0.3490516746451516,0.9295263533291338,False,insufficient_egarch_obs
larger+VIX GM paper,Gross before costs,959,garch11_residual_fallback_insufficient_egarch_obs,60,ok,60,0.021759285932624772,0.5250908559115973,0.3051846301657037,0.45776622963765257,-0.6035348373799541,0.26361684136057917,0.2993300619791311,1.113635243571457,False,insufficient_egarch_obs
larger+VIX GM paper,Gross before costs,960,garch11_residual_fallback_insufficient_egarch_obs,60,ok,60,0.21834515956034406,0.598174597959908,0.6251187539737757,1.057840929243068,-0.659813979512712,0.24505928416073294,0.29739757460355953,2.6844276966493514,False,insufficient_egarch_obs
larger+VIX GM paper,Gross before costs,961,garch11_residual_fallback_insufficient_egarch_obs,60,ok,60,0.29081190401288004,0.48918297358564283,0.7793379984704288,1.2354706839711993,-0.6716484739091464,0.19581527994344533,0.32300710777023783,3.583561064445127,False,insufficient_egarch_obs
larger+VIX GM paper,Gross before costs,962,garch11_residual_fallback_insufficient_egarch_obs,60,ok,60,0.8315758770105077,0.40875776401012726,1.7135462627062443,3.683724435748263,-0.32180442268563714,0.11732003411292323,0.20648470380232117,20.612210776766787,False,insufficient_egarch_obs
larger+VIX GM paper,Gross before costs,963,garch11_residual_fallback_insufficient_egarch_obs,60,ok,60,0.30947376483423783,0.5585810574926117,0.7610119673593461,1.31786498440227,-0.6523944796886176,0.2548794688716624,0.3009056978351739,3.8502063773536137,False,insufficient_egarch_obs
larger+VIX GM paper,Gross before costs,964,garch11_residual_fallback_insufficient_egarch_obs,60,ok,60,0.14625863138629636,0.4588755414230532,0.5302406184312557,0.8273410812720937,-0.6224511123311811,0.20015950692676637,0.26978958550588567,1.9788510002092994,False,insufficient_egarch_obs
larger+VIX GM paper,Gross before costs,965,garch11_residual_fallback_insufficient_egarch_obs,60,ok,60,0.3041264725676087,0.3678638740524503,0.9103612726984255,1.59308186514433,-0.2763706365597566,0.12728854028983108,0.21169956281665717,3.7722333810956123,False,insufficient_egarch_obs
larger+VIX GM paper,Gross before costs,966,garch11_residual_fallback_insufficient_egarch_obs,60,ok,60,0.24528000227681734,0.4845650971935747,0.7036134941421996,1.1075043954585324,-0.4860408199770009,0.2596410240898464,0.28988059870047894,2.994574137443466,False,insufficient_egarch_obs
larger+VIX GM paper,Gross before costs,967,garch11_residual_fallback_insufficient_egarch_obs,60,ok,60,-0.09920703110535711,0.5827003536205998,0.1234864760037498,0.17270975473195505,-0.7957947282120251,0.27221606492738293,0.33466352671368066,0.5930959224490449,False,insufficient_egarch_obs
larger+VIX GM paper,Gross before costs,968,garch11_residual_fallback_insufficient_egarch_obs,60,ok,60,0.1956483581054922,0.4412702208171291,0.6291092884752846,0.9950836050382064,-0.4332346144139111,0.2077864817536726,0.2408685147399179,2.4435282200221526,False,insufficient_egarch_obs
larger+VIX GM paper,Gross before costs,969,garch11_residual_fallback_insufficient_egarch_obs,60,ok,60,0.27293294613961216,0.6721537056797319,0.6870655362541809,1.206906644180651,-0.7594777763749723,0.2855130367126641,0.2995703111366766,3.3421630645787306,False,insufficient_egarch_obs
larger+VIX GM paper,Gross before costs,970,garch11_residual_fallback_insufficient_egarch_obs,60,ok,60,0.454626171792079,0.5184622121575299,0.9886716883828527,1.6994230645055293,-0.4835225453695944,0.24160955926741798,0.2723747115123792,6.51263870447029,False,insufficient_egarch_obs
larger+VIX GM paper,Gross before costs,971,garch11_residual_fallback_insufficient_egarch_obs,60,ok,60,0.7166523811756531,0.5025716326488325,1.3395521399450898,2.633644591443642,-0.4112543538544029,0.19297924000333644,0.2464437402277111,14.907739708909657,False,insufficient_egarch_obs
larger+VIX GM paper,Gross before costs,972,garch11_residual_fallback_insufficient_egarch_obs,60,ok,60,0.08685220455143883,0.48215400890107823,0.41626016280786327,0.6409172402815569,-0.4756660985713024,0.22434103596926772,0.2842596487524058,1.5165350534798119,False,insufficient_egarch_obs
larger+VIX GM paper,Gross before costs,973,garch11_residual_fallback_insufficient_egarch_obs,60,ok,60,1.2308261693082971,0.5993283631098293,1.6799273556336838,3.2214597053649303,-0.4398641528050168,0.26173389958476645,0.31758670265430416,55.24953819268162,False,insufficient_egarch_obs
larger+VIX GM paper,Gross before costs,974,garch11_residual_fallback_insufficient_egarch_obs,60,ok,60,-0.3301324382129306,0.566152272309264,-0.415117093477929,-0.5670453081137526,-0.9286471820394333,0.2788613507319201,0.29193511338407246,0.13487912452035392,False,insufficient_egarch_obs
larger+VIX GM paper,Gross before costs,975,garch11_residual_fallback_insufficient_egarch_obs,60,ok,60,0.2047857973606353,0.4533660898577916,0.6449147518495694,1.00365234240511,-0.4475814102108914,0.2399472923309199,0.2760482637897284,2.538336507253594,False,insufficient_egarch_obs
larger+VIX GM paper,Gross before costs,976,garch11_residual_fallback_insufficient_egarch_obs,60,ok,60,1.2953415737204623,0.48678925623578406,1.995270286747969,4.783123992158113,-0.28578383111804406,0.11817960256128032,0.232599705242115,63.71425567620001,False,insufficient_egarch_obs
larger+VIX GM paper,Gross before costs,977,garch11_residual_fallback_insufficient_egarch_obs,60,ok,60,0.12485521379149112,0.5020287296397857,0.4964322084681781,0.7259718873625937,-0.58303034091383,0.26190530730391814,0.3068299623446053,1.8008731715911592,False,insufficient_egarch_obs
larger+VIX GM paper,Gross before costs,978,garch11_residual_fallback_insufficient_egarch_obs,60,ok,60,0.04044991244102003,0.5505387659719447,0.358567973656556,0.5179770879352853,-0.6362551144245977,0.2557683986452065,0.3215313589199426,1.219286849950393,False,insufficient_egarch_obs
larger+VIX GM paper,Gross before costs,979,garch11_residual_fallback_insufficient_egarch_obs,60,ok,60,0.7758219048143127,0.4781373644432468,1.4611003592184646,2.8369378666655534,-0.4877534065320397,0.2254969092237615,0.24108292686717883,17.660257986739513,False,insufficient_egarch_obs
larger+VIX GM paper,Gross before costs,980,garch11_residual_fallback_insufficient_egarch_obs,60,ok,60,0.2707639390876906,0.5410901809631352,0.7051160921833967,1.268232515770688,-0.5799894357811703,0.20958906149009698,0.2588834694650532,3.313785635301924,False,insufficient_egarch_obs
larger+VIX GM paper,Gross before costs,981,garch11_residual_fallback_insufficient_egarch_obs,60,ok,60,0.18586433847066552,0.7456464337912151,0.6073874297444493,0.9757736203043464,-0.7499263279223161,0.2995884961713675,0.3994971547169186,2.3451738633166177,False,insufficient_egarch_obs
larger+VIX GM paper,Gross before costs,982,garch11_residual_fallback_insufficient_egarch_obs,60,ok,60,0.9264262560677006,0.49321681031640474,1.6121979133180437,2.965425668093806,-0.5363053472271857,0.17043076102733754,0.30224889720367587,26.531508540385737,False,insufficient_egarch_obs
larger+VIX GM paper,Gross before costs,983,garch11_residual_fallback_insufficient_egarch_obs,60,ok,60,1.0544675562999282,0.6551371919825029,1.4524910937037017,2.7909929090938363,-0.5052041840136976,0.2686331138670296,0.3155526661201664,36.6012937604627,False,insufficient_egarch_obs
larger+VIX GM paper,Gross before costs,984,garch11_residual_fallback_insufficient_egarch_obs,60,ok,60,0.04809703950265476,0.6214570922755654,0.3880497057919434,0.6070041240817862,-0.8149524673170725,0.2652999463536681,0.3431754226851372,1.2647581052996761,False,insufficient_egarch_obs
larger+VIX GM paper,Gross before costs,985,garch11_residual_fallback_insufficient_egarch_obs,60,ok,60,-0.08173328856802409,0.43631766390597515,0.02803014449823409,0.03827513748326789,-0.6502275826902917,0.2312091285171543,0.2611954266950996,0.6528962945679622,False,insufficient_egarch_obs
larger+VIX GM paper,Gross before costs,986,garch11_residual_fallback_insufficient_egarch_obs,60,ok,60,0.40292233195795757,0.4995256606436466,0.9447706261781161,1.566072961998994,-0.5231537602871327,0.20018532035707612,0.31569180292850435,5.434606980172728,False,insufficient_egarch_obs
larger+VIX GM paper,Gross before costs,987,garch11_residual_fallback_insufficient_egarch_obs,60,ok,60,0.41660173921493304,0.44097369853206503,1.0247707689947714,1.6633327142392749,-0.4273606194434194,0.24830076789510755,0.27113039808484674,5.7047793751642235,False,insufficient_egarch_obs
larger+VIX GM paper,Gross before costs,988,garch11_residual_fallback_insufficient_egarch_obs,60,ok,60,0.15134338973546568,0.6165691459184416,0.5415145785193102,0.8390474954922529,-0.48466174281502217,0.271582267103111,0.3093229444962788,2.0231326519691386,False,insufficient_egarch_obs
larger+VIX GM paper,Gross before costs,989,garch11_residual_fallback_insufficient_egarch_obs,60,ok,60,-0.11495914996554779,0.6228652200077257,0.13049476205625482,0.18177404534830544,-0.6584814629484008,0.32078575574860146,0.3388083953260574,0.5430209466322469,False,insufficient_egarch_obs
larger+VIX GM paper,Gross before costs,990,garch11_residual_fallback_insufficient_egarch_obs,60,ok,60,-0.07575125466661792,0.6502129736077235,0.20252522226997893,0.3122119474598512,-0.857537579729079,0.31540380110642996,0.3468345431958301,0.6744415975854776,False,insufficient_egarch_obs
larger+VIX GM paper,Gross before costs,991,garch11_residual_fallback_insufficient_egarch_obs,60,ok,60,0.4496101326486106,0.31175763785527233,1.3653993065821224,2.414967271858225,-0.283326519121482,0.10342181350091623,0.1836988417818285,6.401121639741693,False,insufficient_egarch_obs
larger+VIX GM paper,Gross before costs,992,garch11_residual_fallback_insufficient_egarch_obs,60,ok,60,0.15527264900928728,0.5017664644216461,0.5402525691527892,0.8434191811095956,-0.5160120919908802,0.23986527383007392,0.25103498608321556,2.0578914267145305,False,insufficient_egarch_obs
larger+VIX GM paper,Gross before costs,993,garch11_residual_fallback_insufficient_egarch_obs,60,ok,60,-0.28720555332800335,0.47395247448414674,-0.4597547528226346,-0.5811949674030525,-0.8166841109143784,0.2661713520959808,0.2866306295007393,0.18400157371690806,False,insufficient_egarch_obs
larger+VIX GM paper,Gross before costs,994,garch11_residual_fallback_insufficient_egarch_obs,60,ok,60,0.44822886521962557,0.4692660019744059,1.0331709669141678,1.8071770732757595,-0.5874808419685376,0.2102322922823304,0.26675896623211864,6.370683016806111,False,insufficient_egarch_obs
larger+VIX GM paper,Gross before costs,995,garch11_residual_fallback_insufficient_egarch_obs,60,ok,60,0.18951581135494644,0.5097768427123138,0.5966862249038448,0.9726908274142395,-0.5352438525108278,0.2308851478555875,0.2992714561844691,2.381502796581971,False,insufficient_egarch_obs
larger+VIX GM paper,Gross before costs,996,garch11_residual_fallback_insufficient_egarch_obs,60,ok,60,0.4893590753767554,0.4954593054111623,1.0652568651053294,1.819413295858088,-0.46122957943526544,0.2243627129436191,0.2763063734985168,7.3281960701429805,False,insufficient_egarch_obs
larger+VIX GM paper,Gross before costs,997,garch11_residual_fallback_insufficient_egarch_obs,60,ok,60,0.782688967295039,0.4826620170813246,1.456232513394094,3.0468621821893613,-0.36680713468965787,0.18735689812294218,0.22356605522384265,18.00436810535375,False,insufficient_egarch_obs
larger+VIX GM paper,Gross before costs,998,garch11_residual_fallback_insufficient_egarch_obs,60,ok,60,0.2724595102639462,0.5757866331608147,0.7101693958510324,1.167266528184976,-0.6810469580858959,0.289586358662158,0.3125021871267642,3.3359525122276974,False,insufficient_egarch_obs
larger+VIX GM paper,Gross before costs,999,garch11_residual_fallback_insufficient_egarch_obs,60,ok,60,0.4517803972183465,0.4613923287837406,1.04316749035063,1.9519671337109232,-0.32033773697521883,0.1565587410690505,0.25740920103076576,6.4491821021338005,False,insufficient_egarch_obs
